idx,truth,norros_f,linearP_f,farima_f,persist
5808,247083964.36645508,248240955.10601273,248234089.45051417,248247531.98643884,247666152.92266577
5809,250071951.20751953,247943696.47519875,247976167.4589716,247976315.34144944,247083964.36633667
5810,251191357.74047852,249074746.60657316,249102797.68611515,249151221.42713425,250071951.20753568
5811,250152901.28686523,249754310.71087936,249708068.6000615,249776510.43810856,251191357.74039292
5812,247037024.85498047,249547247.93407178,249486725.5856835,249523641.37407395,250152901.28692597
5813,252023373.81762695,248320517.6354628,248304613.6884742,248286756.58057973,247037024.8548861
5814,251935600.0029297,250122860.2441027,250153273.30834007,250205057.72679043,252023373.81768847
5815,247640299.13305664,250401543.64919135,250314014.36038136,250382477.5846056,251935600.0029802
5816,248878920.62109375,248816518.15565622,248763805.34202027,248746621.42758602,247640299.1331679
5817,248824166.46435547,249063586.3964017,249104869.84545836,249097618.9864823,248878920.621175
5818,251804806.5637207,249035583.2730439,249043355.11103666,249057401.09393835,248824166.464412
5819,251387438.2446289,250249328.04740745,250246236.643928,250298786.07140303,251804806.56373128
5820,254005270.11254883,250324674.8193857,250255613.69336694,250303430.0968407,251387438.2446129
5821,249958081.2150879,251511845.59453213,251445478.16518143,251509605.1682728,254005270.11257508
5822,251383246.67163086,250193530.65992087,250092673.54532897,250096495.42599216,249958081.21507344
5823,249658426.48364258,250600583.78487214,250592348.89020368,250596172.73251253,251383246.67157397
5824,252056669.25732422,249957521.64710316,249921943.79846612,249920089.83423644,249658426.4837111
5825,250172636.79541016,250815848.44212463,250811049.2440671,250836544.02704033,252056669.2574421
5826,250166015.27954102,250203241.54369166,250151171.19356552,250160073.866404,250172636.79533607
5827,251039569.6586914,250136837.86676022,250133163.1078139,250128499.4905101,250166015.27951115
5828,249807065.44067383,250489713.0801742,250480873.5309751,250495446.63772324,251039569.65870383
5829,251891755.03881836,250047201.23396522,250024788.1995523,250024067.8542632,249807065.44063103
5830,248240444.51660156,250836635.61976856,250834345.0476517,250857726.01703835,251891755.03871047
5831,247792002.99804688,249465187.10117432,249432008.83208907,249412752.42551148,248240444.5165457
5832,249459267.19018555,249014012.04741096,249067929.26384625,249031752.5725366,247792002.99815965
5833,252838833.33740234,249569717.17903498,249620382.57198983,249625689.16488945,249459267.1900864
5834,251148727.37280273,251010264.67136675,251003713.11215422,251063346.21398684,252838833.33737323
5835,247950289.2199707,250628013.94140896,250555360.05141822,250585694.68321794,251148727.37283075
5836,244540559.06567383,249317513.9512355,249305023.86613235,249270340.2207859,247950289.22005257
5837,248374290.50317383,247665244.76968583,247742373.59144187,247664879.4274658,244540559.0656528
5838,244142352.1171875,248783211.14951038,248910659.14371407,248905711.78251126,248374290.5032732
5839,249575417.62817383,247149439.8226929,247203210.16807753,247167830.1154685,244142352.11714917
5840,253632414.37670898,249007272.17821246,249131236.34018102,249157653.45367214,249575417.6282144
5841,249688806.31762695,250966474.54651266,250936692.33608666,251043219.11921474,253632414.3766051
5842,251513500.0,249833449.85544673,249739606.0899012,249765609.02118343,249688806.3177239
5843,253480711.26245117,250515289.90351763,250511762.95635414,250530670.6616582,251513500.00007915
5844,254788147.32666016,251476536.66049266,251417747.59087658,251475593.6193363,253480711.2624094
5845,248310205.70239258,252297305.33382934,252194648.45471695,252258289.8560905,254788147.3266043
5846,249369250.22998047,249905126.07491365,249812316.38127735,249771782.97897202,248310205.702388
5847,250128366.04492188,249922832.14945754,249977488.29692668,249937497.3010516,249369250.2299136
5848,250002560.3569336,250133928.7516491,250150631.25032458,250154936.87870482,250128366.04483527
5849,251944934.01000977,250096300.7415763,250098637.41399288,250102856.20467708,250002560.35695475
5850,255538468.19970703,250876365.87245214,250871373.0792368,250899984.17252925,251944934.0100291
5851,258005018.02978516,252546593.67740357,252479943.544664,252556716.5951644,255538468.19977295
5852,254736351.32177734,254005594.73881355,253851958.48857734,253948318.06187126,258005018.0297612
5853,251740124.8479004,253123679.33556712,252940975.1954554,252965109.41911167,254736351.32168147
5854,246288743.86499023,251894466.03639463,251812656.02142778,251769652.79968256,251740124.84784907
5855,250910169.92382812,249423719.946048,249437308.861673,249329082.80666035,246288743.86488587
5856,252450759.7680664,250732949.88041097,250843045.8246518,250816166.75660962,250910169.9238636
5857,252651047.39331055,251474263.35279873,251460461.30925342,251493439.6063331,252450759.7681404
5858,249658719.68774414,251716444.8597329,251672139.3449848,251692787.04987487,252651047.39333493
5859,247654385.76489258,250576579.74882567,250544749.8571678,250514426.3412147,249658719.68772537
5860,247800242.6442871,249533274.76627785,249579380.9760227,249517481.7636319,247654385.76483485
5861,248677008.74389648,249322368.20688832,249408557.40399972,249365351.99522504,247800242.64431176
5862,247534678.22485352,249514014.23062864,249586114.6627287,249573366.88659793,248677008.7437908
5863,244299169.24267578,248995196.792326,249048327.79227936,249027254.93483582,247534678.2247516
5864,251492741.35473633,247532268.5288381,247626379.73673078,247560355.65404975,244299169.2426313
5865,251208669.8317871,250106307.65659332,250231620.71885854,250272625.06199032,251492741.35469025
5866,253130054.5810547,250422543.44638526,250377561.85572582,250437547.39392138,251208669.8318599
5867,248723971.52954102,251380561.1609824,251342697.4142165,251392567.9995124,253130054.58110183
5868,247534339.51953125,249848705.1502769,249791130.62991634,249773655.1968159,248723971.5296546
5869,250155792.0612793,249101075.70811024,249154042.9471412,249104635.1664383,247534339.51963872
5870,250805765.1184082,249964714.0350882,250025038.19216645,250032541.9410221,250155792.06131405
5871,251622450.51416016,250337066.49704468,250330769.25653538,250359350.0945858,250805765.11832988
5872,250113976.93286133,250787149.27919775,250766235.28018224,250794399.2750252,251622450.5141236
5873,252732470.14086914,250289502.31750664,250258605.20826262,250260093.02482197,250113976.93290564
5874,248189855.96899414,251309693.68200096,251302530.9343818,251331748.8105164,252732470.14078605
5875,250460930.55517578,249661094.6606652,249616617.71437323,249589717.78419235,248189855.9690608
5876,249209736.47558594,250297903.3489839,250350073.7663332,250339288.71482092,250460930.5551276
5877,252425650.66723633,249847527.02426493,249847380.07675874,249843336.50746536,249209736.47558185
5878,251071221.80395508,251063058.20855612,251077586.05774102,251109696.90490982,252425650.66732004
5879,252672312.79052734,250754596.58171815,250700498.1984509,250720301.4789233,251071221.80386975
5880,252649376.9567871,251432335.40994498,251407723.43892223,251430326.6343565,252672312.7904688
5881,249200494.63085938,251594309.43822458,251533531.7161465,251558521.96358898,252649376.9568624
5882,247882778.51660156,250254309.7581484,250216010.040923,250183879.01503384,249200494.63082612
5883,250178599.12597656,249450548.0625273,249498453.34888005,249445641.45953137,247882778.51659492
5884,251954680.74194336,250149223.99371725,250208678.71193388,250206641.28749087,250178599.1259285
5885,250925543.16137695,250972720.5488553,250969315.9039501,251003895.63172072,251954680.7419265
5886,249574820.8630371,250729154.09893775,250692337.62493268,250703608.5162496,250925543.1614829
5887,246369732.9387207,250213858.67878228,250212133.42757925,250191475.20076022,249574820.8630921
5888,250292147.7158203,248794593.63146985,248839893.14056405,248777998.35370907,246369732.93878964
5889,251365628.4399414,250036017.95914355,250129648.7415084,250130536.63465703,250292147.7157652
5890,251741563.84692383,250642434.37253058,250634034.74281424,250671786.62175947,251365628.4399731
5891,252873010.05273438,250959353.62928668,250929842.66991416,250956199.5250062,251741563.84700385
5892,253271745.42700195,251536963.920506,251495720.00415307,251528184.9887569,252873010.0526136
5893,248483638.54785156,251849849.5294671,251781667.03944898,251813457.12703443,253271745.4268877
5894,255186016.05859375,250039583.66703007,249991945.7566407,249947194.36412326,248483638.5479439
5895,254339638.40966797,252466216.85103148,252496880.0614795,252536167.26497716,255186016.05868936
5896,252769095.8449707,252564806.2762242,252440768.20119494,252493250.9706055,254339638.4097741
5897,249665227.61499023,252089050.51906958,252006297.05179456,252001156.00258094,252769095.8449066
5898,250332880.03222656,250789691.24583054,250759950.80426365,250708372.6352158,249665227.61494344
5899,253927652.35473633,250775041.13527328,250811848.75973713,250776235.42621657,250332880.0322952
5900,251783339.0517578,252134983.78777358,252131161.36565956,252166225.82283613,253927652.35463592
5901,249749313.37695312,251501288.44965085,251426433.66570696,251434870.50648522,251783339.05174625
5902,251476293.34838867,250597215.97582433,250586171.3929958,250547082.98549703,249749313.37689304
5903,255303354.46289062,251134014.9902814,251158685.15328932,251150149.78187913,251476293.34845987
5904,250321641.6303711,252759564.48267445,252722054.1552764,252779115.8900089,255303354.4627988
5905,256623969.72436523,251069460.9637353,250973219.42519498,250956202.6454436,250321641.63024932
5906,251778746.14672852,253394588.99004298,253386787.8576137,253431565.31797194,256623969.72430816
5907,252553664.82958984,251857958.03111452,251724846.1072415,251725627.15451828,251778746.1468452
5908,247984348.9729004,251996475.82232127,251983469.12988183,251959643.5342935,252553664.82949284
5909,250413007.05737305,250120887.5588517,250107388.10196042,250041688.5856122,247984348.9728719
5910,251001917.1994629,250704111.2249625,250784270.18024793,250750638.11569902,250413007.057442
5911,250477539.42822266,250943055.07000473,250954125.06766304,250957416.40380743,251001917.1995191
5912,248255670.09277344,250792755.90130985,250797331.79290253,250786546.74393785,250477539.4283333
5913,251587501.38232422,249829983.06452054,249856206.43622532,249813346.75965676,248255670.0926707
5914,248248154.61572266,250967585.66180354,251025619.9113805,251031937.40743348,251587501.3823661
5915,251018158.73120117,249741119.45240334,249733636.67394152,249710163.1514815,248248154.61578965
5916,253722801.19580078,250654998.250365,250713311.64805073,250712133.27480695,251018158.73126635
5917,253122488.82470703,251910527.56023595,251885983.80067223,251938445.73902762,253722801.19577223
5918,249844017.69799805,251968854.47803634,251890786.99174753,251921711.8837935,253122488.8246597
5919,248503192.9946289,250734904.0883699,250693583.71884802,250660050.9573565,249844017.6979912
5920,252182265.4650879,249958361.4964151,249998576.85250348,249944135.16828528,248503192.99461445
5921,255362791.96923828,251248788.00395796,251296594.2271596,251309969.22141975,252182265.46504596
5922,251552185.3701172,252741409.56802315,252684728.05591124,252754452.5278121,255362791.96912527
5923,252205512.53735352,251576047.34156412,251473987.64873374,251472752.19655,251552185.36999652
5924,248620713.42993164,251718038.45805833,251706370.4564508,251689717.18047866,252205512.53724352
5925,251632362.94702148,250272621.26402014,250261031.08228856,250209910.33613798,248620713.42996752
5926,251356430.8942871,251189113.60271162,251244757.08118045,251233397.0939256,251632362.946978
5927,253186225.27148438,251182740.39179987,251164184.3421149,251171570.80236605,251356430.89424863
5928,246293474.84838867,251943563.19844756,251926237.37349227,251947157.8085173,253186225.27144545
5929,248749954.02246094,249268352.661309,249242896.58453825,249170384.32363617,246293474.8483758
5930,245940562.40527344,249750453.43071815,249872017.34508446,249821711.94528142,248749954.02243257
5931,250195952.86083984,248549219.17431238,248615755.64666983,248566704.45594165,245940562.40518785
5932,250018706.12280273,249984756.1175066,250094400.2139798,250100520.5885528,250195952.8609113
5933,252591869.18017578,250095582.79796678,250099938.06320795,250124383.14781344,250018706.1227998
5934,253654176.51782227,251209112.98331794,251209692.26437637,251249867.83652654,252591869.18014893
5935,253885584.60766602,251908590.08709276,251844106.11417964,251895178.7353039,253654176.51789448
5936,248865784.8125,252274538.8272959,252192904.6088387,252227164.92962807,253885584.60761213
5937,248768861.96655273,250388206.37671682,250332320.5309497,250284407.57297897,248865784.812514
5938,251978325.8466797,250008661.9048387,250070595.64975783,250014105.20934665,248768861.96649596
5939,249144527.6899414,251152239.90325406,251191899.2758948,251206614.45233646,251978325.84656957
5940,251727555.32861328,250164833.75623095,250144940.12739247,250128936.3778592,249144527.68991575
5941,253042073.7138672,251040762.94671044,251074475.40655375,251078705.04281843,251727555.32863176
5942,259723277.10864258,251753336.04682916,251718059.7119011,251753289.4645392,253042073.7138165
5943,251127255.53808594,254677496.69351324,254582982.49849647,254696419.63432205,259723277.1087047
5944,251647389.2680664,251849467.34737295,251651567.67687133,251635605.38048932,251127255.53812653
5945,248969752.9399414,251685019.193523,251695745.02210188,251640384.56318754,251647389.2680242
5946,247864464.26098633,250488972.24675012,250490258.84349844,250435374.90168774,248969752.93984175
5947,246123194.81689453,249747220.90649796,249817400.21097216,249751456.08020368,247864464.26087055
5948,249069170.9206543,248746535.3584409,248842448.48310748,248774243.93808717,246123194.8169434
5949,247172975.95751953,249624987.79796615,249738633.66890657,249725701.77361026,249069170.9205676
5950,251676702.0961914,248916846.2544857,248965086.89066893,248944384.7887582,247172975.95751005
5951,252564460.32373047,250603382.63112798,250673854.55940637,250704612.03669256,251676702.09607604
5952,253488834.94555664,251243826.84479442,251199034.51512784,251253737.34753683,252564460.32361147
5953,250146262.71728516,251868426.17864367,251808230.0254732,251850267.5292275,253488834.94548592
5954,252373573.25732422,250679856.52782154,250617053.7133439,250602281.3966517,250146262.7171704
5955,249045139.11523438,251425194.36046985,251432096.27904797,251436213.10183406,252373573.2572941
5956,247209779.22558594,250169948.67495462,250137892.8778954,250112260.9846874,249045139.11524463
5957,254467479.75878906,249199510.52220762,249257785.6855708,249196318.0684657,247209779.2255763
5958,249896260.24023438,251899236.33796957,251955775.17088822,252011921.0263027,254467479.7587368
5959,250885533.19848633,250508708.6930908,250419206.03023723,250428924.1079987,249896260.2402344
5960,252048475.94311523,250747802.64175865,250768793.73501688,250753465.56689847,250885533.19843775
5961,250391792.26611328,251261399.99033618,251248274.2370686,251266302.9692053,252048475.94307104
5962,252181701.77514648,250685829.5304869,250656397.7778857,250648106.05958354,250391792.2661767
5963,251263532.4807129,251353690.62538373,251355956.2314936,251363867.23042363,252181701.7752328
5964,252457042.0600586,251105521.3611423,251070047.18143937,251072972.45413923,251263532.48071337
5965,252710669.00561523,251567508.32215935,251550447.34069937,251560575.99877268,252457042.059943
5966,251105881.06176758,251763848.97092494,251716972.48939836,251733674.42660895,252710669.005528
5967,253736408.25585938,251193261.60804984,251151910.14624938,251138575.04384786,251105881.06188065
5968,250115793.8173828,252205737.82034615,252190050.43280575,252207799.69330147,253736408.25583425
5969,252499233.39013672,250920150.34347105,250862278.9136362,250838453.8459766,250115793.81738648
5970,252920629.63916016,251657602.33299366,251673821.81973758,251669005.0203629,252499233.39011183
5971,250512021.9404297,251939339.03068152,251893888.1079681,251913079.1279002,252920629.6390857
5972,248654313.3232422,251030300.91240785,250991028.27461258,250967036.2393936,250512021.9403316
5973,249569913.17504883,250119192.5060333,250146148.31779176,250092074.80507353,248654313.3232044
5974,251579155.7775879,250240292.96073255,250299655.3958153,250272024.0428619,249569913.1751362
5975,249319549.10498047,251003368.2925236,251027501.7219772,251043105.2542646,251579155.77765837
5976,248911816.7619629,250178991.08135542,250166313.13621682,250152234.0426585,249319549.10503465
5977,246354818.71533203,249885979.43169102,249930393.59958366,249899680.29125747,248911816.7618599
5978,248111591.1044922,248718290.36688474,248779103.95094603,248725219.8314385,246354818.71534735
5979,246836434.8034668,249159487.6926586,249268098.70421523,249243597.47597075,248111591.1043889
5980,245621587.65356445,248612314.41216794,248679156.10046023,248656709.46769077,246836434.80354387
5981,246620205.82788086,247963669.6056068,248065205.9573512,248023086.97523165,245621587.6535507
5982,245616756.2849121,248153168.8153768,248270611.6430575,248252899.79614174,246620205.82791683
5983,248994175.55249023,247676492.53886646,247770078.24092203,247751560.25356248,245616756.28481865
5984,254121524.82348633,248893803.24624902,248989271.0604175,249017070.74021852,248994175.5525824
5985,249430329.6833496,251216364.0876495,251204333.0089838,251309134.96634826,254121524.82360035
5986,245317202.109375,249862601.79264548,249764778.23373884,249786188.34978247,249430329.6832704
5987,248918544.84594727,248045463.32509014,248085303.2930932,248014136.8744422,245317202.1093651
5988,248368545.72460938,249131929.3804881,249241461.2391858,249235604.66026458,248918544.84602392
5989,250375516.4831543,249014371.64414597,249036347.79644486,249050365.50767055,248368545.7247129
5990,251782886.62524414,249830859.33644128,249861104.77753428,249889736.97021255,250375516.4830909
5991,253101448.69189453,250526552.12194616,250498897.59756,250550286.7841658,251782886.62515387
5992,248751873.27856445,251285735.24280772,251224293.76675692,251280703.65439594,253101448.69190755
5993,252471202.38867188,249735385.2694112,249670468.9594278,249654626.10779354,248751873.2785129
5994,253354416.61694336,251026527.72842368,251047325.3869464,251068171.45033854,252471202.3885604
5995,254098105.4650879,251625709.43778557,251552230.63518664,251604930.2353552,253354416.6170241
5996,253052428.21069336,252161821.56655428,252075015.68877736,252117232.4027692,254098105.46515927
5997,249399057.72583008,251934760.4634372,251840664.16723213,251856838.61789605,253052428.21067983
5998,248250131.47460938,250494912.49242494,250449858.1827446,250405051.34527686,249399057.72586825
5999,251547215.9572754,249734207.31767046,249778686.34711143,249720428.69598025,248250131.4745723
6000,247905598.70043945,250836135.28825364,250883988.90473518,250893154.67673215,251547215.9572173
6001,247954974.09350586,249475083.03367418,249461417.19371098,249435348.19517472,247905598.7004076
6002,246098617.52197266,249237546.68837422,249310906.40421444,249271808.23563328,247954974.09342623
6003,249034328.36401367,248318444.766331,248390910.85261735,248347615.28940794,246098617.52208143
6004,249341208.5427246,249264879.11053956,249360810.15088892,249363495.41465864,249034328.3639868
6005,256024820.16186523,249522703.3856572,249545875.91732216,249567661.61073145,249341208.5428345
6006,249587656.26416016,252307121.91121912,252290602.64060938,252391803.0347442,256024820.1617605
6007,250889558.609375,250301512.27534148,250166813.36196646,250175211.94708443,249587656.2641624
6008,255281338.2770996,250604572.86271662,250624434.07700095,250606922.39977625,250889558.60946044
6009,250681400.29833984,252429314.28317976,252388335.2815765,252456250.71643424,255281338.27697912
6010,249350934.36987305,250962112.20261016,250850087.4927789,250849782.57670608,250681400.29837924
6011,248153032.0979004,250227387.94260132,250236043.24691388,250189954.9916286,249350934.3699516
6012,251047304.14282227,249543282.89287266,249582070.22674122,249539506.63065958,248153032.09786817
6013,256064665.15698242,250514638.76026458,250563220.62588438,250572415.03715175,251047304.14271945
6014,253426569.2758789,252705340.49004236,252657868.79349458,252747689.3912123,256064665.15704232
6015,255527392.66259766,252143261.096015,252001043.65757978,252040832.7208373,253426569.2759545
6016,252187301.5270996,253039287.7210236,252956557.71594903,252990679.55386582,255527392.66260868
6017,254333686.59448242,251926896.40262887,251813837.04038984,251806095.81553254,252187301.52716303
6018,249812219.65405273,252659385.09692338,252619247.16689402,252625514.0967625,254333686.59439477
6019,249295732.625,250928345.2791215,250858726.39297187,250818700.54029146,249812219.65413624
6020,251645690.86376953,250385774.08896044,250426305.61271232,250369091.84924468,249295732.6249125
6021,245600789.37939453,251147348.07937425,251179335.7285351,251179954.86203018,251645690.86383015
6022,246413105.3635254,248750865.53676677,248757879.5684798,248687042.1413985,245600789.37930667
6023,251058949.75927734,248550376.788648,248690810.09855077,248624010.03645986,246413105.3634537
6024,253267711.2697754,250240079.21957624,250324023.64379346,250358319.19754556,251058949.75938737
6025,249049305.39819336,251411342.58885032,251375132.5888996,251446070.63615102,253267711.2697093
6026,249957974.7458496,250010431.60697186,249952415.32813177,249941938.77593464,249049305.39822635
6027,246974864.61499023,250178143.8303615,250216071.6683225,250198822.2220628,249957974.74596384
6028,249769844.50976562,248942482.31878468,248968563.958189,248929303.95688203,246974864.6148719
6029,246786128.56884766,249821518.86958322,249903077.05726364,249899922.4706464,249769844.5097758
6030,248449841.06445312,248695477.06484306,248721391.42286164,248696482.63804263,246786128.5687304
6031,252956464.76000977,249161888.74029297,249250401.522596,249236972.95033082,248449841.06442827
6032,248094656.52197266,251039948.1657934,251061638.6002298,251127035.6641127,252956464.76003823
6033,252239604.56225586,249409960.5712789,249354502.51316908,249348986.30614662,248094656.5219874
6034,247512764.1274414,250876002.79760784,250917075.50866184,250939973.22565255,252239604.5621817
6035,247468894.1376953,249225184.42791137,249190321.10811853,249168863.69587073,247512764.12754032
6036,249426692.0900879,248921715.40496847,249002322.88340554,248958701.40512756,247468894.13764983
6037,241623000.11865234,249586966.50935006,249650059.88481736,249657033.44244647,249426692.09016916
6038,244309604.54174805,246461355.20086095,246517636.79159126,246425059.72820556,241623000.11856404
6039,253578341.0361328,246878834.32299432,247099151.66058934,247036926.8345666,244309604.54164687
6040,251266936.53881836,250531201.1514881,250623210.4246108,250735961.10209215,253578341.0360191
6041,251043502.29541016,250316724.90594336,250211204.03044462,250289293.11713338,251266936.53877464
6042,255174283.7878418,250378084.26910302,250341541.94440892,250362660.24384585,251043502.2954453
6043,255347864.39111328,252161463.70342398,252108017.3560831,252183917.34898743,255174283.78796196
6044,256651242.86108398,252664293.15121046,252520027.23092133,252593907.11817795,255347864.3911467
6045,259268799.53393555,253463562.26353353,253320483.6015945,253382474.7907632,256651242.86097488
6046,255418196.4638672,254856049.73797053,254676998.0928511,254761082.1624054,259268799.53393015
6047,252662936.3474121,253739632.472178,253532459.98500055,253546131.73883462,255418196.4638865
6048,253694748.90429688,252537048.04993334,252443037.73689574,252394391.03181967,252662936.3473421
6049,253673532.4243164,252741323.76979914,252704815.64200854,252682639.75853273,253694748.9043223
6050,249617620.71728516,252733456.1213146,252671810.40142137,252665955.99421856,253673532.4243464
6051,249442731.8791504,251090406.6272862,251054014.80475172,250990417.01327765,249617620.71723568
6052,251761626.67260742,250665175.01213753,250721155.01350993,250656419.56675854,249442731.87925592
6053,252648188.7927246,251426838.97323364,251468367.043851,251461233.4638678,251761626.67264
6054,253794097.29418945,251834592.65056208,251813649.7165495,251829138.6622879,252648188.7928294
6055,252984554.80541992,252419320.0148095,252374380.810586,252396141.44622022,253794097.29409507
6056,251179844.5024414,252254052.3458405,252189971.57612917,252193718.6814243,252984554.80541545
6057,251923586.55615234,251503196.07107002,251468518.74481097,251438984.4856277,251179844.50251243
6058,251492418.74365234,251664722.2973326,251667124.33431995,251649075.2711977,251923586.5560577
6059,252950981.23828125,251488734.40427738,251473504.25476772,251459579.0333093,251492418.74363905
6060,248768222.6796875,252063338.6677362,252051881.7160968,252055539.79784194,252950981.2381775
6061,244710842.0275879,250461901.7252612,250438478.48387176,250388098.67928353,248768222.67959687
6062,245610941.5053711,248443566.84269884,248535790.46968707,248424203.46806008,244710842.02756083
6063,251940653.078125,248260678.19374505,248430516.29627863,248357521.59499297,245610941.50528517
6064,247709535.28637695,250596133.5186432,250698910.46015537,250747151.95198485,251940653.07817164
6065,248322339.65307617,249251320.48613945,249227844.61464843,249226443.23866144,247709535.2864644
6066,249561161.01220703,249275150.3920275,249350653.13300115,249326227.2395689,248322339.65307117
6067,248977712.06640625,249730816.2526494,249776562.74280557,249787856.10252967,249561161.01218867
6068,247562645.04174805,249564608.5436438,249586020.4938484,249589458.00365973,248977712.06647572
6069,249731298.1887207,248934158.13886288,248975235.4622124,248953783.1396811,247562645.0416703
6070,247090068.01220703,249696648.1935885,249757204.1418304,249766853.0568087,249731298.1887071
6071,247115907.26586914,248743656.53700083,248765694.5464148,248748119.7362,247090068.01214585
6072,247786698.0053711,248558965.40322134,248643689.40956613,248617154.70894492,247115907.265882
6073,243542105.59326172,248703522.56958786,248776128.80103242,248774605.2993947,247786698.0054769
6074,246305740.828125,246946053.04580888,247023226.69038892,246968412.5304219,243542105.59324384
6075,249246810.28100586,247662598.73273295,247819179.00422487,247802023.51845768,246305740.8280438
6076,246345872.67529297,248898482.23534185,248967450.96043104,249017494.08375865,249246810.28090343
6077,246016021.65478516,247939139.07405865,247956870.66764253,247959219.52917543,246345872.67530423
6078,257157688.89160156,247670339.77865586,247759143.69715172,247738998.65360114,246016021.6548829
6079,251326575.99853516,252156537.99693978,252192029.61341944,252335994.7423963,257157688.89162973
6080,250525603.9519043,250680806.36958992,250490862.57094684,250559077.7773766,251326575.9986425
6081,251309715.22558594,250346960.52759886,250318173.26735643,250307145.1162934,250525603.95185447
6082,249016251.0012207,250616883.86075947,250596084.9685589,250611264.09450722,251309715.225676
6083,252730985.05395508,249757691.92335242,249733594.79991823,249720202.20970163,249016251.001176
6084,242991682.13891602,251140613.01413947,251154664.74551526,251186873.97428858,252730985.0538504
6085,248199226.96899414,247384593.5181151,247359471.8269814,247270983.42592242,242991682.1390352
6086,249074226.19604492,248824332.6972726,249001595.08156785,248963249.979071,248199226.96907175
6087,251981264.51342773,249306464.02944693,249344663.27880293,249372486.11850968,249074226.1959313
6088,248666032.12963867,250572508.6323718,250581428.95341122,250632526.90535602,251981264.51333705
6089,250799759.64013672,249510436.48545673,249469631.58067566,249469034.96908242,248666032.12972492
6090,247531305.05419922,250262628.10278893,250293171.8112605,250300978.60186902,250799759.64011464
6091,252072455.05517578,249040860.29312998,249034050.71604782,249011428.66116953,247531305.05429453
6092,247369025.97021484,250673639.7550139,250721435.2038076,250750517.95402712,252072455.05510765
6093,250967946.2434082,249021587.09730732,248984045.913616,248967467.93108663,247369025.97009704
6094,248825861.8642578,250187938.55130255,250245127.88528118,250255829.8153715,250967946.24345148
6095,252232948.99267578,249473856.17585108,249450394.17881033,249455864.6411912,248825861.8643431
6096,249824440.01831055,250770022.7682283,250784180.727775,250819454.8238851,252232948.99265143
6097,246420761.38085938,250029301.31146324,249974740.28821456,249987065.31943813,249824440.0183121
6098,247057280.9296875,248531998.95102695,248555320.3099747,248502485.16454178,246420761.3807457
6099,250588077.6599121,248459525.0449668,248552871.6574176,248518547.55549526,247057280.92962816
6100,249210028.28442383,249793665.35570854,249847752.7149994,249884143.7566478,250588077.65980145
6101,252178399.85205078,249456327.22180465,249435648.15292147,249457015.62639657,249210028.28432935
6102,253783020.96166992,250657893.19998553,250658290.11317846,250701878.85222298,252178399.85193583
6103,252756807.22802734,251571844.89254415,251494460.4692164,251563609.21636716,253783020.96163225
6104,246763785.40600586,251433366.6501861,251331602.37252733,251367514.75833166,252756807.22807828
6105,247033800.1435547,249055926.96592957,249014276.07397047,248952164.99182805,246763785.4059494
6106,248083318.63208008,248688449.99132496,248781866.80123818,248723975.16792023,247033800.14366207
6107,246043720.36767578,248896495.2671329,248967844.09603927,248960632.3763709,248083318.6321652
6108,252985795.27514648,247988435.28856465,248042784.36133304,248018067.6969899,246043720.3676047
6109,254256520.36865234,250604676.70909464,250667810.48317492,250737393.55467662,252985795.27516
6110,249830034.11889648,251640248.0371686,251534053.11175448,251633470.76378694,254256520.3687209
6111,248780232.8317871,250216331.17938408,250119187.75012645,250118396.91181788,249830034.11901155
6112,250491511.28466797,249586767.92716992,249599687.26251426,249566619.4309891,248780232.8318876
6113,250075870.9855957,250134011.5121281,250157424.7213223,250165994.449918,250491511.2846884
6114,250142308.05688477,250038063.62607065,250023829.72380626,250036265.63296238,250075870.98554176
6115,249576339.49780273,250056455.65215695,250053962.29602578,250060650.19952548,250142308.0568211
6116,248695261.4868164,249826581.06039178,249824265.08320624,249824783.49868837,249576339.4978576
6117,252037435.61108398,249426063.02007696,249442270.04250324,249430409.89490473,248695261.4868396
6118,250168516.0192871,250685748.2377368,250703175.06892216,250740742.0710735,252037435.6110433
6119,250286472.41577148,250167945.42213258,250117457.86297065,250135589.0759538,250168516.01924828
6120,249648203.66845703,250182041.5065178,250180769.9729553,250181641.31335497,250286472.41580984
6121,250876264.69482422,249915024.61707622,249911275.7147674,249909571.41067398,249648203.66839376
6122,248103622.0427246,250393351.95353034,250400052.3136345,250413588.97325757,250876264.69491988
6123,248439471.74267578,249354201.0729448,249347506.28378895,249326619.6927079,248103622.04284596
6124,247362460.83935547,249279082.47333965,249335424.33675492,249312696.44508606,248439471.74257573
6125,247198951.8022461,248770416.58967713,248818035.14891627,248795888.2302032,247362460.83942023
6126,248841677.75805664,248586930.2693835,248661689.21676916,248639582.76803297,247198951.80216008
6127,249112278.92358398,249109190.31211597,249172356.5457476,249183840.89061052,248841677.7581233
6128,250285188.08911133,249283967.98085904,249305094.77774844,249325599.6603439,249112278.92349145
6129,247257332.98168945,249812725.0359511,249823264.9013093,249852499.59095672,250285188.08909303
6130,248205313.58935547,248685093.94241303,248683150.17573857,248668655.82687035,247257332.98163867
6131,246387942.1809082,248876616.4209244,248942666.21839762,248932895.56661406,248205313.5892884
6132,247633495.50878906,248073403.3767301,248118420.1029753,248100891.12089792,246387942.1808424
6133,253198767.22998047,248433021.0018664,248515232.03305867,248512101.20455214,247633495.50889507
6134,248312287.3100586,250731061.58510846,250751545.605754,250836230.88446647,253198767.23005745
6135,249622967.2055664,249221521.49928263,249142718.00263232,249156358.0318153,248312287.3100474
6136,249471014.99951172,249564361.4240685,249599346.06590787,249596846.58928618,249622967.2056188
6137,248570403.3881836,249553805.4373857,249553902.19425476,249568463.2155506,249471014.9994253
6138,242263279.5888672,249182939.57541212,249193053.53021857,249190330.2785867,248570403.38807747
6139,246220503.90185547,246532152.48613298,246596035.38097465,246507616.5057304,242263279.58880028
6140,248858216.99926758,247525023.15288156,247707239.00552985,247680095.8961108,246220503.90175992
6141,248779007.93603516,248639408.70177758,248704753.88183066,248754792.42869312,248858216.9991514
6142,251429690.20214844,248804559.47983506,248812177.84575093,248850593.08631283,248779007.9361166
6143,252563210.67407227,249992918.61817995,249992531.88170066,250051225.57994533,251429690.20205143
6144,252754081.2734375,250734668.06912577,250668713.13351,250738531.75868937,252563210.6740577
6145,251890431.30273438,251075409.17603108,250989764.0948256,251041934.8875841,252754081.2734287
6146,251845511.35668945,250923484.20081848,250844570.66892567,250869138.40801454,251890431.3027424
6147,253247864.21484375,250976791.85980463,250924150.76791444,250938550.8635727,251845511.35663605
6148,255525901.51416016,251601222.23622042,251544332.384078,251577560.63908786,253247864.214909
6149,253325482.5546875,252724454.76531103,252627957.56502262,252689541.08140948,255525901.51405275
6150,248809545.64160156,252135862.52952662,252004874.28937086,252025750.37820125,253325482.554681
6151,252217068.8972168,250259205.7749624,250209193.72281006,250150743.6257817,248809545.6416804
6152,251290995.84326172,251256316.16767824,251289500.11386055,251284747.7026281,252217068.89717463
6153,249722300.2939453,251006160.10836232,250960339.1132405,250969862.18059877,251290995.84327832
6154,249224125.02124023,250344883.40705112,250334840.1112324,250309400.83952937,249722300.2939481
6155,247263983.5908203,249990977.02768144,250016318.5747827,249987887.35921952,249224125.02120915
6156,249460217.68676758,249086880.94061935,249131617.20571458,249086642.1143803,247263983.59080303
6157,248294596.79882812,249721679.95812762,249796772.4166052,249790025.4762022,249460217.6867875
6158,249920742.7055664,249259964.0911086,249283234.3723374,249277620.20674336,248294596.79891896
6159,252413603.34692383,249823441.52940005,249865749.66189933,249875168.6163421,249920742.7055935
6160,254683392.8701172,250939122.28359324,250928517.43679085,250978556.18271008,252413603.34688944
6161,251892808.98754883,252131526.41998667,252055222.14357293,252127709.1213154,254683392.8700708
6162,251287423.08862305,251335516.16936883,251228087.0962069,251244318.39938614,251892808.98766991
6163,253246692.74438477,251041489.68126607,251008124.31102955,250995340.62217137,251287423.0885527
6164,253740464.29736328,251798000.4067591,251766477.35224587,251788961.16603526,253246692.7443511
6165,254186909.65307617,252176980.30946752,252100711.1123438,252132946.6839778,253740464.29742792
6166,251944704.2915039,252490626.0937853,252405634.462011,252432545.10459465,254186909.65309724
6167,250855687.8996582,251702846.08750743,251622835.58718163,251611977.60178667,251944704.29146892
6168,250005796.59960938,251140775.8001307,251120486.282822,251088647.26303717,250855687.8997724
6169,250743607.03588867,250651116.2919566,250658001.8899018,250625712.8373882,250005796.59960112
6170,253387424.55615234,250790811.203162,250810367.89249575,250798041.02859414,250743607.0358472
6171,253273752.52319336,251861963.93476978,251849022.14552414,251881433.76850718,253387424.55612648
6172,253415907.44848633,252036304.07846707,251964470.53892872,251993883.84414446,253273752.52321416
6173,252942970.25561523,252210604.3860826,252146248.7307415,252160992.42047364,253415907.44837776
6174,253246074.8803711,252114204.39017928,252051628.42897743,252054868.3980471,252942970.25573632
6175,250978097.46118164,252260175.12899473,252209467.98028645,252212717.45044455,253246074.88044512
6176,249171379.5756836,251381411.12321526,251337055.94158074,251310001.74390697,250978097.46111032
6177,249330349.28735352,250458679.34759492,250475893.09529933,250422393.24525666,249171379.57568777
6178,251861530.015625,250283577.76042616,250337510.31726465,250299537.67773664,249330349.28729013
6179,252014675.1081543,251196177.08752212,251228421.98968878,251240137.42589945,251861530.0155761
6180,251955465.390625,251417806.37966633,251389807.19144297,251407963.63662738,252014675.1080465
6181,253619439.3359375,251490337.50887263,251464285.81625435,251468779.32875258,251955465.39051428
6182,254679396.49780273,252189486.61856937,252155263.39835238,252179248.5517188,253619439.33587095
6183,248036617.9831543,252811626.6638904,252735987.15350017,252772007.5367331,254679396.49788696
6184,250097888.68701172,250279204.70568252,250218121.87663117,250152027.01508456,248036617.98305985
6185,253484173.69628906,250642726.26543558,250726283.60352346,250678358.51359725,250097888.68695977
6186,250992661.8305664,251966217.1636529,251972787.98860243,252007704.48132908,253484173.69632265
6187,257138217.4970703,251236740.18549976,251183255.77212766,251179572.41933227,250992661.83057624
6188,250441737.32714844,253690842.35281524,253669524.57160842,253729350.43595868,257138217.4971832
6189,247668577.5012207,251462903.57963786,251333227.58665004,251310329.51765487,250441737.32721996
6190,247336716.35717773,250013628.31001747,250063972.2496186,249966210.55644357,247668577.50116745
6191,249343378.62231445,249476779.92559913,249580660.59583285,249510008.29186314,247336716.35721204
6192,245808641.35131836,250037212.06534147,250130920.54165593,250112508.00567955,249343378.62240228
6193,251525872.55078125,248587030.1729088,248647160.41092512,248593384.96469083,245808641.3512492
6194,252503972.1442871,250590742.7213052,250700721.60366336,250720041.9647703,251525872.5506592
6195,247234047.3972168,251308413.69091395,251273571.56735018,251328715.02779588,252503972.1443509
6196,241796578.90576172,249369904.79860452,249348143.0027421,249303839.29904172,247234047.39710712
6197,245453974.99780273,246759812.40069795,246885896.64331266,246757183.8102631,241796578.9058326
6198,248987515.38891602,247564282.63861033,247782361.05274513,247733239.69724244,245453974.99783304
6199,244995533.07885742,248966931.7367217,249069790.57386997,249110945.8145016,248987515.38898888
6200,246199012.77319336,247548715.38759834,247591237.44994393,247571900.57148388,244995533.07878068
6201,251566744.8942871,247769089.17997888,247897647.64799047,247876735.50910115,246199012.7730969
6202,251383324.27807617,249932303.35583803,249996908.5910549,250069392.96272096,251566744.89418584
6203,248760576.37475586,250298375.82779017,250242085.6628099,250308967.22756416,251383324.27805385
6204,249064554.56420898,249449089.26242542,249421358.97392434,249418795.7523817,248760576.37475333
6205,250289369.4411621,249472295.7222264,249504677.1123522,249496891.44377246,249064554.56425828
6206,248412819.56323242,249978579.23277387,249995887.58899608,250014437.49682483,250289369.44109863
6207,249512019.1220703,249324117.76526567,249324772.68190843,249316942.27683562,248412819.56333387
6208,250087141.83691406,249664085.15253964,249704638.93352297,249704720.44165546,249512019.1221504
6209,251497083.3256836,249925339.11387956,249933823.51667774,249951579.68286666,250087141.8368233
6210,250417659.5419922,250575147.69399303,250565092.6576322,250597073.7788554,251497083.3256057
6211,251963523.3557129,250306410.9986995,250271794.03848803,250283993.95882165,250417659.541924
6212,252327757.2211914,250937498.29721782,250923203.44585508,250945879.29598856,251963523.3557674
6213,252073418.2224121,251233176.5608739,251181782.26045978,251212093.86700732,252327757.2212073
6214,254183157.0432129,251238270.7618157,251184043.61335692,251200765.08788034,252073418.22229227
6215,251571851.2541504,252162194.5339209,252106095.6969817,252145159.70974702,254183157.0433278
6216,252345179.37841797,251331495.3048915,251243234.50569412,251244009.52027532,251571851.2540434
6217,255567392.2080078,251568278.23271903,251542258.93967226,251537851.49617386,252345179.37836424
6218,248820935.9338379,252947549.48365363,252886225.77098972,252935619.53897983,255567392.20797044
6219,245248322.80786133,250492844.99958953,250395829.76539263,250349556.20306823,248820935.9338016
6220,242894425.421875,248592270.48093706,248673691.29991657,248558880.95792848,245248322.80797276
6221,248346425.06323242,247077671.48993373,247238971.55102846,247129314.50551146,242894425.42178857
6222,243765509.25512695,248784736.69069692,248960465.10815686,248958812.13629887,248346425.0632369
6223,246126736.58032227,247049989.04770908,247112724.1696968,247077978.6971213,243765509.2552004
6224,244195878.7121582,247637183.56111422,247794428.5301113,247772262.82413116,246126736.58024237
6225,244602247.39501953,246836134.55910343,246936001.29786828,246914473.19528413,244195878.71223667
6226,248067930.03808594,246793096.69108957,246934643.66845104,246912980.23515552,244602247.3950216
6227,246806179.04052734,248105426.10877082,248211594.86776805,248251300.77631292,248067930.0379852
6228,250795858.9790039,247807607.50736836,247837891.16927797,247863153.22870404,246806179.04053637
6229,249639762.34057617,249432803.4022243,249475192.93456346,249536329.1316609,250795858.97903416
6230,249900939.6826172,249300062.35031867,249255762.07804337,249304137.10891816,249639762.3406947
6231,246759075.40478516,249463229.2556752,249450473.53295854,249477377.26949334,249900939.68257865
6232,249025615.1586914,248274836.13664472,248272842.47490457,248255171.6406326,246759075.4047724
6233,248604385.29003906,248990386.2118355,249051544.45279446,249060240.43858454,249025615.1587728
6234,250081621.81103516,248892926.33496454,248897705.2310598,248918672.22998828,248604385.2901057
6235,247534705.12719727,249512853.96368656,249525023.1022281,249556962.10409802,250081621.8110167
6236,244333723.609375,248559801.44010982,248548441.86530218,248548221.61906543,247534705.1272256
6237,250462298.19750977,247078202.02013648,247143449.22941887,247090797.0471041,244333723.60942572
6238,253306207.28564453,249234748.22903055,249336508.8382157,249380662.36599612,250462298.19739076
6239,245966212.48046875,250763234.92585054,250705442.53592196,250810476.20359668,253306207.28563732
6240,250579815.1652832,248165689.97301388,248089860.0263498,248064186.31758985,245966212.48048267
6241,247207960.74291992,249667113.97307396,249742837.5447647,249754923.26995078,250579815.16518795
6242,247701135.66601562,248486337.61027834,248463433.31611323,248465998.54135504,247207960.7430333
6243,248638133.62475586,248461007.29845616,248519587.24048555,248509773.75054222,247701135.6660641
6244,248405278.39526367,248782594.70926845,248817590.54673874,248837530.18890277,248638133.6247396
6245,247605315.64038086,248767387.55775875,248784029.66016334,248800388.19806904,248405278.3953257
6246,252842295.4309082,248455129.70811495,248483682.1037605,248484344.06001252,247605315.6404878
6247,253073487.26879883,250525279.74128208,250544071.63786817,250616415.26540762,252842295.4309499
6248,253948374.12768555,251076328.2691151,250974686.83574364,251053003.45256218,253073487.26885265
6249,249396082.64941406,251720261.57397974,251622262.40870428,251679368.9430051,253948374.12759265
6250,248241033.2409668,250089295.85164842,249999411.69245774,249982784.90526673,249396082.64947584
6251,251465453.52270508,249354022.96462438,249378867.07463408,249334606.7254467,248241033.2408972
6252,253395880.72143555,250472094.05579853,250501187.76586944,250523152.98287153,251465453.52261
6253,251769233.99145508,251449042.0027746,251393926.36257583,251453725.8553069,253395880.72135484
6254,248052120.01782227,251041223.73878786,250956162.7109885,250978063.55207884,251769233.99136463
6255,249146289.765625,249530353.22915822,249507062.65173456,249462031.6239393,248052120.0177464
6256,247514107.62451172,249671942.54645458,249726724.23855653,249700804.67678523,249146289.76559287
6257,250717937.3857422,248941643.7402107,248973621.76490548,248948342.69215187,247514107.62448177
6258,246623827.34228516,250056867.49162054,250109071.79951036,250128259.59842774,250717937.3856743
6259,247375988.16796875,248551052.82509792,248546344.9959221,248522170.02700755,246623827.3423314
6260,250525304.5341797,248562277.5245763,248650367.01820675,248622035.45008832,247375988.1679407
6261,244401495.72314453,249757403.5946148,249802431.7770421,249840159.60478455,250525304.53407237
6262,245992331.41918945,247452686.75768963,247456690.4822628,247413144.9725485,244401495.72316116
6263,249925641.06860352,247631363.1307711,247768304.03897506,247731433.9991423,245992331.419282
6264,245846057.2956543,249140036.43295553,249206703.44523326,249258508.92394212,249925641.06862935
6265,245422819.50195312,247727533.22357753,247725927.00782233,247723052.3761229,245846057.295691
6266,252177496.49682617,247268354.14005747,247363997.7565654,247336548.88498735,245422819.50189045
6267,248937243.69580078,249866352.2648114,249928325.5439313,250013274.7421939,252177496.49683535
6268,247749954.3076172,249047446.56704175,248970103.42238566,249017236.44899616,248937243.69573283
6269,250360131.88623047,248558123.75058952,248575034.81539798,248566682.04288402,247749954.30763465
6270,249089043.42041016,249515824.3772977,249541286.77026397,249577936.33140123,250360131.88611013
6271,243789666.38989258,249200576.1730729,249174038.95369866,249199176.07146567,249089043.42039204
6272,247026664.2236328,247009214.8401124,247043777.416199,246982277.1082586,243789666.38994732
6273,250832426.07348633,247875906.98962066,248012558.63389474,247999181.1731638,247026664.22363743
6274,241924260.3774414,249493972.46150002,249528254.1534296,249599132.9749543,250832426.07349625
6275,246716664.36694336,246166233.27394253,246162044.83823502,246101811.3802772,241924260.37741187
6276,250273585.44433594,247515091.98533013,247695005.74933064,247677370.00091213,246716664.36696613
6277,247746880.84545898,249061907.59662625,249096568.02766728,249176487.8274179,250273585.4444427
6278,247739285.67529297,248360639.30950832,248333850.97263706,248362684.50790957,247746880.84537867
6279,248616607.93188477,248294735.70023328,248329992.63426557,248335768.62423125,247739285.67540956
6280,244962154.4494629,248652032.03439966,248680510.7098141,248705746.77899596,248616607.93183815
6281,246602277.35620117,247219404.26111138,247246769.89397654,247222805.715438,244962154.44957945
6282,244184732.27148438,247602298.52647352,247705985.44399127,247699954.261135,246602277.35618445
6283,249940795.9296875,246584706.69978964,246655317.82026744,246638322.561489,244184732.27150115
6284,247438944.95214844,248706669.5797126,248802626.93530285,248860290.4916343,249940795.9296032
6285,252553391.2709961,248088735.83587635,248061763.87030855,248100005.54578626,247438944.9521541
6286,252527717.79638672,250152993.08897752,250167719.21415088,250245044.12389416,252553391.2709534
6287,251599574.83422852,250568364.53011325,250461736.36214012,250546075.62653935,252527717.79644263
6288,246561569.73461914,250463138.51047248,250376570.32014486,250414344.9938863,251599574.83421567
6289,245874749.49072266,248465511.09471992,248429493.5921511,248388100.0093008,246561569.73457652
6290,246889678.62182617,247811214.74290127,247895708.2631783,247844021.3240149,245874749.49082756
6291,248044247.6784668,247983356.88064468,248070331.56524006,248061753.84072205,246889678.6218611
6292,248240538.3034668,248400889.99108744,248455701.8928284,248475502.37078446,248044247.67836463
6293,246645074.13085938,248538861.41234842,248564927.32143763,248587201.0764097,248240538.30340016
6294,246499989.92407227,247937551.59837842,247968913.14129922,247963719.9394547,246645074.13081083
6295,247942848.33911133,247736327.7957343,247803338.08523718,247795127.1699807,246499989.9240438
6296,249602329.80664062,248229964.77319136,248288941.2674325,248310742.7429234,247942848.339002
6297,247679110.91796875,248958296.54659128,248972968.91522092,249021985.9490497,249602329.80658567
6298,250568235.30273438,248347545.48209557,248335613.7342888,248351135.09515622,247679110.91786757
6299,247799687.77246094,249472720.24413243,249493722.96057376,249536309.85894763,250568235.30279145
6300,247162084.09765625,248560953.05551532,248528112.4232392,248540916.77326456,247799687.7725318
6301,246893645.25976562,248153033.53542855,248191840.0382475,248180231.3242209,247162084.0977448
6302,247835031.98754883,247909706.2686815,247958619.59142742,247956642.88978606,246893645.25970903
6303,247317297.10131836,248212486.4333287,248261612.81928453,248278912.48077175,247835031.98760265
6304,250355597.69677734,248023660.90212643,248051399.13962346,248066473.84315708,247317297.10135368
6305,252386246.43579102,249243408.79355374,249269313.33969727,249322032.20171267,250355597.6967364
6306,251844971.29785156,250313602.55655852,250258067.90188286,250341052.272166,252386246.4357244
6307,251414334.5402832,250422543.34426406,250330811.2049474,250386907.0206408,251844971.29785904
6308,250465528.1430664,250399424.40107965,250330833.2287838,250361681.27942985,251414334.5402881
6309,245004157.3059082,250056372.75963938,250004335.79791778,250017590.12196004,250465528.14297867
6310,248126433.29956055,247804824.0460855,247805387.64738438,247742072.19986805,245004157.30596977
6311,251358333.15966797,248611124.47751588,248721028.66724637,248704716.23130882,248126433.29961792
6312,256358527.5732422,249943989.08653417,249954894.82012877,250017609.768207,251358333.15975836
6313,254191644.17749023,252293286.31351244,252209044.48239112,252330030.0472959,256358527.5731593
6314,256979529.38500977,252034760.073604,251857074.8459916,251926572.00128573,254191644.17743376
6315,254920379.75878906,253315672.4561566,253186180.80840182,253255333.20399857,256979529.3850166
6316,255085057.87329102,252852920.84283635,252673529.52485538,252712422.7544806,254920379.7588516
6317,253489767.23168945,252991815.6747413,252871371.13566092,252889025.69495627,255085057.8732316
6318,250994836.97460938,252419893.9540835,252306536.05068132,252305770.03958163,253489767.23159832
6319,249498361.5012207,251318734.76861724,251258127.63466802,251219835.07198083,250994836.97454616
6320,251251044.05517578,250493286.19294193,250497632.32710415,250446235.65589625,249498361.50112423
6321,254610569.5197754,250971598.25003478,250998825.37362933,250988594.27075607,251251044.0552387
6322,249034639.31054688,252340353.99139282,252304205.71134707,252355166.16090396,254610569.51977295
6323,250224627.33374023,250385133.4832202,250304670.8880481,250273281.45103946,249034639.31044465
6324,254782483.24975586,250544669.94923887,250592025.9816977,250556433.59605157,250224627.33367229
6325,254160950.82836914,252341750.96828973,252328378.7764189,252383814.25764528,254782483.2496972
6326,256902014.68041992,252457091.89268005,252345239.3914377,252391195.8307823,254160950.82827905
6327,251422025.7470703,253729843.19792357,253628191.84703714,253684176.9585478,256902014.68037868
6328,251409990.71655273,251817809.68937612,251683507.22011256,251659787.1796219,251422025.7471816
6329,251237968.69311523,251545269.92213792,251545890.52395985,251500083.61757874,251409990.71645275
6330,250506507.8798828,251353009.34905696,251346809.75806355,251324506.44411325,251237968.6931345
6331,251147589.7590332,250998356.81484553,251002067.6473074,250974622.1600612,250506507.87993345
6332,250680189.12231445,251136888.32596263,251151043.96595132,251137297.62280244,251147589.7590208
6333,250281591.57714844,250950223.05968165,250950558.9182997,250937236.52059025,250680189.1222922
6334,250187199.3317871,250713570.83520356,250725528.80986172,250707038.5811618,250281591.5771489
6335,246767455.1989746,250582815.24908984,250601797.5527485,250587007.28627458,250187199.3318873
6336,255324041.93603516,249096801.84990445,249131807.3784589,249075704.6105318,246767455.1989321
6337,252852269.73754883,252271040.3572313,252338411.49683443,252401581.84124607,255324041.93602723
6338,253028235.7236328,251845414.92721385,251723962.267881,251774932.98715097,252852269.7375547
6339,255414722.92456055,251998524.59104955,251948358.39462754,251955249.63279665,253028235.7237084
6340,254216895.91015625,253062607.56560794,252994971.87098718,253036900.83068895,255414722.92447087
6341,249376319.20996094,252846322.08133805,252734497.66010576,252755088.04966107,254216895.9100709
6342,252925261.79882812,250923647.29665512,250871515.33751792,250808136.0084791,249376319.20988497
6343,249198624.44580078,252013830.24326962,252054760.03534082,252040611.38670173,252925261.79885224
6344,253095715.51660156,250617234.70719647,250589428.7573674,250552658.82984605,249198624.44582945
6345,250828412.45385742,251933262.7025673,251974881.40245378,251978019.4245209,253095715.51668432
6346,250160601.0817871,251215054.8403752,251172990.01610887,251166201.66320875,250828412.4537477
6347,251887537.2932129,250819780.80961832,250838226.92760605,250804713.393809,250160601.08181044
6348,248026477.43676758,251418661.08307078,251439163.0497335,251439464.95211518,251887537.29321617
6349,251124069.39648438,249927901.21822444,249927243.88024306,249880894.57533038,248026477.4368188
6350,249342548.9506836,250902776.85661003,250976648.310818,250964447.01435038,251124069.3964519
6351,246946760.40527344,250287636.73616135,250291775.87343663,250277353.06597188,249342548.9505662
6352,249733814.1447754,249199202.3118446,249260378.29989743,249200615.03515765,246946760.4053825
6353,245812364.62841797,250059790.21802408,250156139.13851178,250144563.76227558,249733814.14482448
6354,247647332.4243164,248518783.83657947,248564260.747049,248517858.2088264,245812364.6283102
6355,249063214.06176758,248927821.3398178,249054189.03654557,249023653.60276482,247647332.42421788
6356,249186357.48583984,249472029.32236734,249539354.02185398,249552320.89095646,249063214.0618818
6357,251828182.2446289,249595567.3809574,249629048.91607973,249639602.54397318,249186357.48577344
6358,248252961.00830078,250753680.31362176,250772844.33330172,250810109.98817134,251828182.24473432
6359,252294491.2253418,249562169.35384834,249540026.95864883,249524607.95872426,248252961.0082411
6360,247420419.78857422,251050937.9480916,251095943.31191868,251117565.49695244,252294491.22524875
6361,249302152.45703125,249302434.3238361,249273203.0264162,249245332.5140398,247420419.7885947
6362,248546604.74169922,249775397.92875963,249855021.7722692,249831832.0892106,249302152.4569831
6363,250033712.94506836,249458421.74884152,249488515.028823,249480975.72387016,248546604.74166304
6364,247163026.4345703,249984533.99870387,250025900.7504886,250033920.89333722,250033712.94496357
6365,245667279.63623047,248874632.97171947,248893270.62967485,248868046.6217198,247163026.43448216
6366,247874448.50341797,248023617.31228212,248115863.64698747,248063701.96481913,245667279.63626453
6367,250647624.80615234,248669230.4554108,248776786.33532742,248771505.50149655,247874448.50334212
6368,255451945.58374023,249861997.84882712,249899970.53246596,249946497.7342478,250647624.80621448
6369,255099791.92163086,252095744.67842185,252049239.5720225,252152925.0960893,255451945.58374625
6370,246940313.19384766,252495157.8877815,252345598.5061433,252425547.01362026,255099791.9215688
6371,247772328.26879883,249446786.16364706,249359804.28894952,249290879.13337547,246940313.19381428
6372,251503308.26538086,249262250.84370187,249361774.01141825,249293085.21176478,247772328.2686893
6373,249018570.70947266,250593527.50503063,250641365.84126613,250667874.08536837,251503308.2652808
6374,250253071.03320312,249785256.05621657,249761452.88644394,249760792.92954412,249018570.70943695
6375,249064962.11401367,250137756.71590263,250167041.23866907,250166591.13699144,250253071.0332685
6376,248040229.2229004,249698601.47778258,249701099.7532526,249695759.85645643,249064962.11392552
6377,248944278.11499023,249189311.84448493,249225853.53739235,249201542.4016229,248040229.22297645
6378,250493896.73876953,249417400.41736358,249469296.49635872,249464368.77402717,248944278.1150974
6379,252646938.97387695,250055593.20588776,250076188.06545934,250100726.79837495,250493896.73877972
6380,251889528.1279297,251067556.92874303,251042439.77156517,251093738.42357504,252646938.97382316
6381,247824522.10864258,251018162.6944664,250951058.26232857,250981945.57809332,251889528.12782827
6382,248766157.51464844,249429795.2126623,249406916.02798063,249365312.35935375,247824522.10857627
6383,250589524.04370117,249507680.52616727,249571546.9389734,249541404.62736037,248766157.5146367
6384,245763884.12304688,250221628.98486298,250250413.59945908,250267308.79249868,250589524.04372668
6385,251111946.87353516,248330267.5827709,248341166.23363668,248293976.02245593,245763884.12306917
6386,246751377.09301758,250138202.44365388,250232432.81200442,250249934.53035355,251111946.87357056
6387,248207742.94677734,248616581.21983093,248601328.87751275,248587871.1901756,246751377.09309548
6388,249258914.65307617,248924800.92708832,249008363.00427192,248991325.25993127,248207742.9468318
6389,249058959.2932129,249320812.59661368,249354557.756995,249374984.3420407,249258914.65316635
6390,249972024.63061523,249322702.2299928,249336022.28474936,249349875.7574216,249058959.2933329
6391,248448829.38842773,249694242.8540913,249706609.03775066,249727663.1202641,249972024.63072157
6392,246237567.69506836,249169373.11030534,249169394.51103976,249169059.1437984,248448829.3883651
6393,247558270.63842773,248152743.70813957,248199377.8690484,248163691.84176388,246237567.6951633
6394,247779569.82055664,248442764.43838996,248529005.612846,248519773.86933365,247558270.63832748
6395,248349938.17358398,248512303.5718755,248562345.5323118,248572338.5499842,247779569.8204509
6396,251489062.6760254,248719135.26305503,248759757.1629535,248775820.49330243,248349938.1736583
6397,250662767.71020508,250057038.1165218,250068518.48767918,250126752.27856907,251489062.6760725
6398,252486577.65283203,250004528.57734388,249949472.9142872,249992962.3485002,250662767.710317
6399,256192718.86987305,250838405.62107477,250799208.53331357,250846566.57784218,252486577.65271676
6400,254546110.01000977,252610254.86526257,252513890.3256359,252608452.7446744,256192718.86998376
6401,251580915.68481445,252406060.12410125,252240792.47075543,252297087.80465564,254546110.0100083
6402,250262922.60595703,251347279.844631,251247765.8689745,251232850.93509993,251580915.6848245
6403,252304879.7067871,250668125.05605513,250646210.9087972,250611381.33251554,250262922.60601255
6404,247323704.0378418,251340850.29681674,251336615.75687894,251343773.16893142,252304879.7067713
6405,247606312.9645996,249400597.72189257,249374836.6926778,249325138.6651819,247323704.0379281
6406,246494824.0415039,249100803.41940182,249188183.92547575,249135162.58923438,247606312.96471184
6407,253245862.8647461,248466111.66075823,248543340.6081413,248505350.14481968,246494824.04153517
6408,247526699.77612305,250993485.03023678,251057130.7065121,251119628.3224384,253245862.86466277
6409,251166864.18481445,249121414.24351093,249056353.08750415,249052335.6133497,247526699.77610457
6410,249537883.14941406,250332240.5799021,250389027.85129473,250398382.14009866,251166864.18481916
6411,251186712.125,249857398.3926061,249830469.85734335,249843304.42366877,249537883.1493499
6412,253132158.0666504,250471772.51256743,250479897.57398096,250497922.23199704,251186712.12507436
6413,252896640.59375,251405487.15214264,251363854.9485798,251413706.91282701,253132158.06657445
6414,252636148.97680664,251579061.3679347,251499894.0530719,251534994.3980143,252896640.5938136
6415,254276496.40966797,251613811.69489762,251547627.02910933,251562800.5936009,252636148.97675237
6416,251268601.34887695,252363744.99061716,252298702.82629302,252331406.43257308,254276496.40963864
6417,252872367.6040039,251308337.37760925,251223969.19737577,251214520.95050186,251268601.3488556
6418,249041504.6796875,251785026.39028433,251764234.83126998,251765424.2349512,252872367.6039808
6419,254469978.86669922,250311377.15308812,250270700.1121138,250232979.65404803,249041504.67979616
6420,256514778.7668457,252263663.6683251,252287551.69329527,252316357.89303225,254469978.8667085
6421,252018385.1369629,253434142.06617168,253317068.66614023,253395623.6509329,256514778.76692843
6422,251361365.5661621,251956254.3249776,251827343.17716965,251815962.61092487,252018385.13685107
6423,253707265.36743164,251493576.27880073,251476768.69975486,251436602.9736397,251361365.5661784
6424,253111103.92260742,252327767.58388698,252308937.90621322,252319835.47300786,253707265.36733583
6425,253283424.67456055,252239648.56885213,252170933.8620169,252180363.9335614,253111103.92256704
6426,252460150.46044922,252344769.44022155,252293681.5171432,252293523.1294551,253283424.67444876
6427,252264988.60742188,252049802.64374545,251999467.63210446,251988895.05878645,252460150.46034244
6428,251513720.07373047,251912184.92338473,251882950.9284827,251868518.27991536,252264988.60743505
6429,253260443.9975586,251552137.355515,251529251.32079235,251509384.55240074,251513720.07375267
6430,253271033.4580078,252195713.2508839,252181140.6052781,252187110.48059446,253260443.9975612
6431,254631597.08520508,252320134.7581319,252265577.46441257,252276894.52419734,253271033.45812976
6432,252581750.88208008,252927906.47111794,252868155.93782482,252889052.7415333,254631597.085312
6433,250891333.3486328,252276205.81540915,252199540.5948031,252188869.79549673,252581750.8821956
6434,248205102.1784668,251479541.6015065,251461078.83216935,251417640.607217,250891333.3485516
6435,251506789.0510254,250202256.46037695,250233815.47513407,250162761.38157097,248205102.1785255
6436,253972126.65356445,251221775.68846902,251294068.70867875,251280819.92507935,251506789.05112815
6437,251766219.68432617,252336680.11012375,252314072.65961915,252355756.65824765,253972126.65362892
6438,252562854.4008789,251689168.9819758,251626115.7570434,251624941.26519403,251766219.684263
6439,250554882.88500977,251947737.79207617,251935119.17918223,251928008.1563085,252562854.40089777
6440,250517636.97680664,251171818.77114674,251148344.5964639,251121524.01743612,250554882.8849851
6441,251456454.04101562,251019623.16054782,251044848.64935583,251012910.07484797,250517636.9768651
6442,254275765.01586914,251331652.91939545,251349418.02007693,251341412.270567,251456454.04110652
6443,248955264.7319336,252535005.43766007,252516398.54990387,252549602.38640374,254275765.01580733
6444,249525908.2163086,250629455.88725987,250576085.92508763,250532130.58172634,248955264.7319042
6445,250357924.59936523,250521636.92362264,250590954.66974515,250537105.72520864,249525908.21628928
6446,250017064.8881836,250748100.93479186,250790170.3398348,250775332.66678467,250357924.5993333
6447,252006040.12670898,250602983.43439543,250627353.28593823,250612086.05452287,250017064.88810304
6448,250210699.18066406,251346302.00924692,251366404.52434954,251377961.54041922,252006040.1266255
6449,249944766.14086914,250731278.50122857,250712346.97217086,250702876.60663906,250210699.18054944
6450,252293709.22851562,250523627.22883964,250549082.7864374,250525340.0083521,249944766.1409813
6451,255713377.8388672,251421858.53998977,251438835.06054905,251455470.3828304,252293709.22839823
6452,251335992.80004883,252979439.67787048,252923819.85451043,252990446.54554015,255713377.83892977
6453,249003910.04467773,251591659.69504058,251486588.33988607,251478816.3904434,251335992.80006093
6454,248834547.82299805,250473861.6265897,250488116.07899973,250422828.6915877,249003910.04461288
6455,249493416.2602539,250154811.9501585,250219589.52251077,250169706.61547846,248834547.8230267
6456,250396321.09350586,250235928.7111995,250294398.95968387,250272156.41563606,249493416.26022303
6457,253990746.34423828,250579287.59906363,250616632.37323013,250613885.40483782,250396321.09354988
6458,245689646.38793945,252092584.9163729,252089485.44639757,252135785.3226539,253990746.34430325
6459,249314239.70361328,249026783.88973153,248985212.03809395,248913473.68007824,245689646.38785928
6460,248159014.46826172,249948302.05331427,250083365.79857585,250038654.62808144,249314239.70358992
6461,252054688.63867188,249493591.94454843,249535828.49895692,249520534.87057942,248159014.4683405
6462,245984560.53100586,250970796.03253004,251022585.96408132,251050486.26572335,252054688.6385855
6463,249896063.43164062,248748970.71856126,248738853.81117836,248691983.4669114,245984560.53091285
6464,249727958.66967773,249924686.41726828,250036883.83472595,250023001.9691154,249896063.4316636
6465,253432944.6220703,249992009.61667958,250004783.77542374,250020601.68949276,249727958.669705
6466,251740660.2524414,251538562.91863117,251540357.60153544,251590711.614878,253432944.6221591
6467,251727256.4399414,251219095.44077602,251145929.3479627,251170636.89477858,251740660.25248796
6468,251471473.41015625,251247862.25717515,251221933.50399464,251222252.5366286,251727256.4399345
6469,250411319.9729004,251156063.1532327,251129677.7066351,251129582.70244882,251471473.41006804
6470,249336463.52294922,250729698.03541476,250716179.273841,250699716.3957212,250411319.97301817
6471,251716671.03149414,250212830.6651533,250229926.49785748,250199213.171565,249336463.52299
6472,249644410.296875,251045172.28077745,251072272.28212258,251080825.19587016,251716671.0315887
6473,249455286.65405273,250326351.253451,250307246.65022597,250296261.50570408,249644410.2968708
6474,250103494.38012695,250119674.9121316,250151708.8867416,250127086.35548642,249455286.6541144
6475,251779888.71923828,250302357.86553645,250331007.89423707,250325785.82553032,250103494.3802397
6476,250057845.19213867,250996889.0992492,251000658.8767097,251021998.89824018,251779888.71931484
6477,249279324.91918945,250443167.2514686,250418306.8792754,250413823.86879772,250057845.19223103
6478,250252153.52514648,250039640.15234163,250060241.816262,250035139.43046597,249279324.9192855
6479,253995228.24243164,250327770.9236822,250358122.78441235,250354442.11412847,250252153.5251326
6480,249858364.9873047,251876052.9939142,251862638.44585443,251916949.56247497,253995228.24236465
6481,248358214.76953125,250513861.48333976,250437876.63979837,250431879.58163905,249858364.9874236
6482,248624564.62768555,249707968.8923294,249740470.6280928,249690177.97813675,248358214.76958695
6483,244602928.6887207,249617347.6795651,249676784.3221943,249648035.76853317,248624564.62776756
6484,245391091.13476562,247866078.92205632,247936516.7782716,247866620.1658114,244602928.6887615
6485,246151208.6081543,247735664.0530383,247889304.18551004,247835889.75524017,245391091.1346693
6486,244881547.4387207,247858997.5293083,247979030.59519133,247965414.8264737,246151208.6081048
6487,245004653.78466797,247254004.58513102,247358291.83697695,247333962.49650916,244881547.43865016
6488,250039862.1850586,247117904.3830553,247246315.1445712,247225067.99105608,245004653.7846856
6489,250546447.33081055,249075076.05712372,249168176.028398,249226316.43772143,250039862.1850236
6490,255896118.09960938,249652222.35664442,249626256.43771288,249694754.66644704,250546447.3309048
6491,249273020.6213379,252053779.8823946,251995881.93544978,252108506.94587559,255896118.0997076
6492,247976174.57983398,249960946.5599184,249819450.28247377,249828630.2358872,249273020.6214419
6493,246627805.0,249192139.62036523,249222531.84561127,249173988.9159168,247976174.5798105
6494,248878229.27612305,248430230.40837815,248488526.87075657,248448729.5595398,246627804.9999164
6495,244695107.10375977,249129249.98347315,249205414.75557518,249208751.82976025,248878229.27618253
6496,246468915.56933594,247466580.92513326,247507661.99532792,247468050.41244134,244695107.10383657
6497,250450629.4814453,247835354.63550502,247963451.28077555,247940315.65598685,246468915.5693504
6498,253392647.00512695,249436245.8818743,249493411.5499304,249550112.72708642,250450629.48135185
6499,249383638.82861328,250957541.346571,250910695.19212514,251004339.85101312,253392647.0052029
6500,241764229.6628418,249703243.26964048,249615442.89323592,249631535.00949165,249383638.8285836
6501,247889725.82958984,246440125.036601,246489250.96925178,246376708.17310655,241764229.6628219
6502,247548912.38916016,248229988.39705774,248415471.17168096,248402446.32127023,247889725.829521
6503,247282516.73876953,248251706.52781048,248284328.69002005,248316121.06279466,247548912.38910568
6504,244647670.1508789,248159481.66120955,248207840.81054583,248214556.98696715,247282516.73887557
6505,245235546.0102539,247051307.0903507,247117338.70084438,247088991.57830364,244647670.15083724
6506,253046940.35180664,246994955.87734398,247113107.69189906,247095808.9655156,245235546.0101462
6507,249771430.56884766,250130006.13569042,250189672.69516885,250295235.93057856,253046940.3519128
6508,250709904.0673828,249417903.81717518,249315559.08648407,249377626.3310276,249771430.56891963
6509,249496098.70898438,249854887.89339447,249838788.48452708,249866373.83216193,250709904.0673711
6510,252124171.88842773,249470695.06455702,249435215.42286837,249452445.79827663,249496098.70887703
6511,252778572.28466797,250556043.1614132,250541457.29151714,250584773.22116372,252124171.88851124
6512,251443838.6274414,251072668.69219172,250995125.78984764,251050498.17174658,252778572.2846811
6513,253014550.73632812,250738901.307373,250661942.39062423,250681558.83994332,251443838.6274733
6514,250992651.25024414,251382999.93599153,251332295.1359926,251363608.1639085,253014550.73627225
6515,253494042.68676758,250721440.70033023,250646422.37971315,250652976.4254084,250992651.25033343
6516,247268514.1652832,251672376.513246,251636253.08937058,251666154.96521115,253494042.6866806
6517,248577739.25512695,249313990.41088074,249251337.5899158,249204878.44209296,247268514.1652173
6518,245953762.65795898,249406227.4619449,249483736.11955526,249441459.7826641,248577739.25512263
6519,244980618.4934082,248226045.7911704,248276302.68690228,248233374.3425044,245953762.65806136
6520,244466849.42041016,247497156.153064,247610767.07977095,247557569.85988113,244980618.49329865
6521,248183127.2758789,247006997.4067226,247135974.05192724,247096956.863116,244466849.42045432
6522,249653968.671875,248308858.79878688,248423543.3230696,248449871.19536975,248183127.2757863
6523,252315707.16992188,249095110.7610161,249112315.66938332,249169311.90150815,249653968.6719516
6524,247940355.609375,250380576.88927293,250354084.03716862,250429956.21221387,252315707.1698397
6525,251061468.46777344,248927486.5909089,248865423.03734747,248868261.59852225,247940355.6094012
6526,244785381.8046875,250017437.1221761,250045613.67524642,250069304.09097272,251061468.46789125
6527,246409669.53027344,247637382.1349044,247621626.10405877,247579073.20053974,244785381.80458143
6528,246786461.41235352,247811373.91705537,247934295.27900228,247900076.32269642,246409669.53020412
6529,249291325.1123047,247858462.94165826,247929189.5890419,247936517.84754908,246786461.41224185
6530,251301158.2631836,248843311.47382206,248893336.54913384,248935185.84081012,249291325.11223
6531,250219252.05664062,249846154.77294716,249826585.05900052,249896517.9103448,251301158.26308337
6532,253019561.05517578,249692685.9959259,249638259.0107062,249677615.4351111,250219252.0566596
6533,255703672.16088867,250917368.7630755,250879899.46353388,250939419.45837703,253019561.05520916
6534,249382015.17407227,252336666.75465494,252224030.0263697,252318255.4102924,255703672.16098383
6535,256944757.67407227,250184568.30530283,250052952.43719503,250038986.7101464,249382015.1740392
6536,252481998.26245117,253014155.98185244,252999376.128441,253062718.1286845,256944757.6740231
6537,253640729.87182617,251739139.44778898,251568246.2281837,251598709.25209177,252481998.2625368
6538,254719754.85791016,252130717.97912133,252074417.9097642,252078922.95644307,253640729.87186772
6539,254661232.99047852,252630088.1987917,252535967.21788085,252571978.41077423,254719754.8580234
6540,250935967.1875,252771764.17816442,252659531.37657452,252687590.8037749,254661232.99044284
6541,257425398.33911133,251349535.27425307,251262607.86989337,251230455.02032083,250935967.1873899
6542,252698119.86914062,253776559.41052037,253745889.5537646,253797886.91549662,257425398.3390572
6543,252722941.33984375,252297072.7142834,252138335.06320843,252145333.9170094,252698119.86912647
6544,250248845.85253906,252161350.93651387,252124723.94642165,252095594.35539427,252722941.3398518
6545,250409247.54736328,251105695.3120717,251075833.51257533,251032185.21204263,250248845.85259223
6546,254487272.35791016,250921121.83153528,250948111.750883,250910646.53766295,250409247.54730892
6547,247381678.34594727,252448720.99001205,252445195.85971525,252481928.2934429,254487272.35800287
6548,247334232.96777344,249801481.17959198,249738292.59047365,249683164.2071194,247381678.34588784
6549,246855176.63183594,249326260.44450167,249433202.16342694,249354948.1084716,247334232.967808
6550,247395017.01904297,248863979.62566563,248959821.0203376,248914607.96583337,246855176.6318642
6551,252024671.2458496,248871310.79703417,248971439.97219712,248945512.08363813,247395017.0191556
6552,253748157.92285156,250675828.53634652,250734033.26425236,250781373.48403603,252024671.2458229
6553,253373780.71411133,251744274.92336127,251686191.6012385,251757646.27876523,253748157.9228497
6554,251714759.32470703,251948520.12565485,251863515.94078895,251901732.9665075,253373780.71420336
6555,248423020.61865234,251402227.27973664,251338503.4133897,251335898.2748161,251714759.32474825
6556,249404673.68945312,250008396.62592447,250002302.2575984,249948881.95193526,248423020.618563
6557,252059022.39135742,250103247.12771982,250165221.06631702,250131836.3350132,249404673.68943244
6558,242676485.4453125,251130984.1972469,251151300.74098596,251175291.89845586,252059022.3913714
6559,253676007.05297852,247452805.26928246,247460247.47117606,247357785.22485468,242676485.4452158
6560,250140161.49658203,251200755.10710934,251366906.45317453,251401931.9674563,253676007.0529608
6561,246381791.03466797,250327975.49632332,250243303.28572682,250284881.21010333,250140161.4965207
6562,247284867.51635742,248722317.22260985,248753177.575982,248692515.2007369,246381791.03458607
6563,249354565.28735352,248738157.72568497,248843365.1783139,248807102.02139163,247284867.51633227
6564,246343118.86743164,249444788.62838233,249508921.37073225,249526087.43349895,249354565.28723443
6565,246491671.10253906,248317008.39911672,248348826.2777962,248327435.52317774,246343118.86736485
6566,244324260.51342773,248135841.86132118,248235975.8723105,248207805.90040225,246491671.1025262
6567,248398519.79907227,247129426.97334722,247229848.94976377,247189244.57944006,244324260.5135301
6568,247119604.0180664,248533689.0033057,248659837.59094876,248678924.82975972,248398519.79901868
6569,249001475.03710938,248227308.31775725,248261186.26540178,248278715.19355312,247119604.01818487
6570,251142340.08251953,248970378.87340373,249028339.843859,249052656.52809894,249001475.03709468
6571,253324701.64575195,249999424.292056,250001311.95788825,250058831.98555145,251142340.0825252
6572,251331289.9272461,251144437.19479048,251088938.46164066,251164771.93342212,253324701.64574623
6573,244859547.24829102,250687401.7435136,250600326.94305798,250630882.7488582,251331289.92716685
6574,247870795.99658203,248036803.1313572,248034174.90473413,247956422.37196875,244859547.2484103
6575,247129448.64624023,248753507.15024263,248883104.27760348,248849919.733962,247870795.9967023
6576,250843764.9699707,248451221.883749,248504846.05236724,248500025.3043848,247129448.64634028
6577,249181380.2314453,249898875.3735823,249954029.08950475,249992326.93793502,250843764.969969
6578,249607713.30541992,249496447.98554274,249473036.56096622,249493854.07211915,249181380.23138452
6579,248453154.61694336,249655704.10662004,249673775.3135225,249679139.83975795,249607713.30550689
6580,250292527.70483398,249232311.90308216,249244588.38592774,249238397.64593145,248453154.61684003
6581,247332405.8996582,249906640.86218828,249938123.2630527,249954168.55589685,250292527.7049053
6582,252386394.60668945,248786539.753227,248786491.19530594,248769154.24454352,247332405.8996877
6583,249054338.32617188,250685586.26132804,250732516.5633325,250773712.19120222,252386394.60672492
6584,246658287.5966797,249638523.7642276,249580493.45300883,249592579.28155172,249054338.32627204
6585,252195554.4248047,248534946.82831767,248574147.57653353,248526405.5974708,246658287.59659237
6586,253124739.65698242,250539477.66326666,250599140.47390673,250640977.30126268,252195554.424844
6587,248591325.96923828,251265198.6184204,251189943.43231675,251261140.49041513,253124739.6570952
6588,248941345.90771484,249649377.49165994,249584293.72461104,249565143.07657075,248591325.96921244
6589,250543691.26635742,249558531.83638743,249599939.16675323,249572404.9916564,248941345.90766495
6590,246852281.37768555,250098378.30273798,250115111.19810587,250132720.2830157,250543691.2664354
6591,249305854.72070312,248667377.26973772,248666712.61928517,248637352.69155508,246852281.3777436
6592,247069467.0498047,249373121.6345758,249444792.60039818,249442178.32108757,249305854.72063196
6593,245206544.8527832,248520555.94498724,248539505.1198835,248528096.05749476,247069467.0498688
6594,247600924.58911133,247575726.17840067,247658742.4232296,247613941.67750177,245206544.85289288
6595,250175381.73999023,248249051.9266617,248353532.3755281,248356613.2901032,247600924.58907452
6596,246247412.68066406,249365550.97155705,249396874.3360309,249450562.023274,250175381.740004
6597,246901957.14941406,247995679.8457688,247990650.47322387,247981627.4861409,246247412.68074372
6598,250896020.10888672,248042353.1947073,248126895.07748488,248109807.4405571,246901957.14939728
6599,249854562.859375,249641359.61015627,249684197.43898574,249740269.84537008,250896020.10888392
6600,249191045.27514648,249524500.74180263,249482100.87696785,249524575.85873032,249854562.85930467
6601,248295459.6496582,249304987.18658963,249296128.64094418,249307013.29630956,249191045.2752636
6602,251634959.2163086,248909021.68407008,248918828.6701237,248917851.35894033,248295459.6495465
6603,250025481.99658203,250189679.6325169,250202022.24730894,250248814.73392445,251634959.2162642
6604,251228676.88598633,249799921.86476916,249743783.76272538,249773628.93459374,250025481.99661213
6605,250079407.49023438,250297612.81133905,250280788.62069902,250307309.37808535,251228676.886034
6606,252926560.48461914,249921713.84905148,249879167.89213175,249894402.5742593,250079407.4901496
6607,249836691.16552734,251115163.45319122,251092028.89161652,251136299.6013242,252926560.48465145
6608,249335059.4111328,250076437.05621472,250003215.2759393,250010159.39769173,249836691.1655348
6609,253890732.92260742,249725500.44694337,249731245.74108183,249714065.53391173,249335059.4112189
6610,248129020.88012695,251512881.68852955,251503434.93930143,251561382.54087952,253890732.9226704
6611,252919171.87475586,249517161.6622417,249434751.6735082,249418941.30579686,248129020.88014653
6612,248783441.08740234,251153256.14958596,251185911.28871575,251209692.11953783,252919171.8747952
6613,251709730.76708984,249740790.31109083,249677606.9130099,249672273.53995565,248783441.08750752
6614,252753156.79418945,250720178.53257245,250745159.08743244,250755846.14247108,251709730.76706836
6615,256124125.9350586,251331733.24724323,251279997.66856036,251323694.7235948,252753156.79429516
6616,253564255.36987305,252896209.77546632,252809973.37056196,252884694.51588392,256124125.93505087
6617,252025710.33618164,252273366.00289285,252128648.53708372,252156946.20503545,253564255.36999
6618,251393478.78564453,251663677.00164804,251595525.65729102,251576644.69402948,252025710.33624828
6619,251672356.96484375,251305657.73173574,251275520.87796065,251254738.37610233,251393478.7855378
6620,250255635.19189453,251308161.14089507,251290360.7976551,251282757.03736675,251672356.9648184
6621,249761975.375,250685746.60796288,250666466.99398914,250646174.76893067,250255635.19181743
6622,252479690.0834961,250368114.21205527,250385294.15047568,250358132.73406765,249761975.3748886
6623,252012414.25708008,251370740.65739346,251381759.77995765,251401145.3085276,252479690.08346623
6624,253953895.3256836,251370394.85541022,251321536.61378378,251340163.89086688,252012414.25698665
6625,253513178.13842773,252206123.59367317,252162127.89796925,252193249.8476717,253953895.325586
6626,249715686.94458008,252237424.7711533,252152398.31197247,252176096.17335993,253513178.1383534
6627,246718638.14404297,250757373.40069163,250706935.1013934,250665098.94254455,249715686.94469807
6628,246436821.2434082,249250160.85703698,249303091.944981,249218655.6600434,246718638.14398056
6629,254030864.6953125,248709152.84677812,248823072.73564816,248757757.23913115,246436821.24348745
6630,252540437.12939453,251583765.52417058,251658353.5873877,251721949.82654253,254030864.6953081
6631,251933147.38085938,251466974.79738417,251371457.55560502,251426420.48451456,252540437.1294317
6632,251527496.19726562,251336553.90799084,251289446.076264,251294803.9562461,251933147.38082156
6633,252670967.93896484,251222676.89563394,251191978.91117808,251189403.25449228,251527496.1973
6634,249094320.42358398,251676877.94941658,251651028.71367964,251664522.8936407,252670967.93893144
6635,246791557.99194336,250290701.21956825,250256173.8614498,250223115.9067975,249094320.42355543
6636,252041513.1135254,249086060.1887581,249147015.93940976,249076073.62840518,246791557.9919654
6637,247957064.18115234,250902748.75052163,250982819.42104936,251004228.94606555,252041513.11359876
6638,244802710.3527832,249484349.96309856,249458296.45589495,249444641.01877367,247957064.1812279
6639,252253511.34643555,247953711.5131409,248044278.0837169,247963654.29644746,244802710.3528748
6640,249207912.90771484,250589912.05680245,250704479.71538544,250746780.6177593,252253511.34635183
6641,245998177.58862305,249770954.06705612,249723306.18203613,249748209.8869218,249207912.90776923
6642,249943729.9987793,248398757.10316125,248448407.91399,248392394.76130274,245998177.5886208
6643,247413740.61547852,249707392.6583932,249804743.06785652,249813284.4069065,249943729.99875945
6644,247912680.74536133,248830320.70996886,248843109.488888,248838325.5376973,247413740.61542684
6645,250476713.0,248893853.80945036,248966739.23551172,248951102.7689084,247912680.74547133
6646,249980334.3190918,249924357.3072113,249968047.6860427,249999542.42114308,250476713.0001101
6647,247531654.96069336,249910463.47048458,249897939.2300952,249922689.63145414,249980334.3189924
6648,250548046.8232422,248956000.23795456,248971418.48362392,248947782.19193596,247531654.96074507
6649,249359490.38500977,250010968.27650538,250065822.77004802,250082006.80196357,250548046.82331
6650,248939613.7458496,249711542.5118215,249700825.56626114,249713767.29427186,249359490.3849553
6651,254472607.26635742,249509065.61844507,249531970.04915744,249524517.51477474,248939613.7458889
6652,249627968.47192383,251744174.8647262,251747116.17145455,251818454.00269443,254472607.26636887
6653,253195077.24389648,250227743.6211322,250129273.72455946,250136480.84732944,249627968.47180837
6654,253087714.05859375,251525895.1931923,251532099.24742743,251553772.05369967,253195077.2440041
6655,251269709.50439453,251722464.3966409,251641611.98968178,251680943.08450902,253087714.05859533
6656,246220079.96362305,251114491.67167693,251054087.65266952,251048307.6716629,251269709.50440228
6657,248767980.74243164,248981438.9063024,248991990.9468889,248912203.87542266,246220079.96350747
6658,247332968.5769043,249523980.1836446,249632055.92455104,249596372.98056933,248767980.7424747
6659,247503481.19262695,248923594.19854465,248972274.99546278,248949883.2301388,247332968.5769913
6660,244185507.75830078,248803819.33198145,248883874.94588876,248859838.1094182,247503481.19261253
6661,248072323.44555664,247359444.16236067,247447078.08099806,247388752.944359,244185507.7583041
6662,247967596.40722656,248583679.93413672,248723085.40858176,248721998.939511,248072323.44559363
6663,250329317.01342773,248669165.21467805,248711166.2215536,248732823.61244008,247967596.40733212
6664,251358555.75878906,249642129.03104877,249676681.7007541,249716113.77156895,250329317.013322
6665,246352266.11523438,250271514.35947812,250244885.50898978,250297074.22856304,251358555.75872663
6666,247777423.75463867,248416109.25872728,248396032.2040821,248364252.58531296,246352266.11535472
6667,246414061.09277344,248667886.38008648,248757332.88122872,248734110.87161687,247777423.75466004
6668,247082295.91674805,248059861.8399178,248114654.74604008,248099514.18182778,246414061.0927343
6669,247141979.7368164,248174340.1655249,248257077.13047972,248249421.19559222,247082295.91679263
6670,247041116.80078125,248169491.95346782,248232384.82296005,248235734.19185096,247141979.7367935
6671,246207738.7109375,248087583.31785193,248147757.90862128,248150018.66083616,247041116.80067125
6672,242228260.3408203,247703111.21279782,247767768.61468112,247760386.25362715,246207738.71095023
6673,240202574.79614258,245940726.0728899,246041836.23201334,245983480.63716578,242228260.34076387
6674,245837054.90283203,244649564.0505563,244845755.95990607,244768485.2611447,240202574.79603696
6675,244545828.50512695,246518606.25290325,246719688.68697265,246748052.42798647,245837054.90287596
6676,247180000.8474121,246231761.66239518,246301168.82843983,246334266.4308826,244545828.50518543
6677,245292867.14868164,247307929.39335236,247400211.1013398,247444238.2115029,247180000.8474984
6678,247449611.7697754,246718876.10048008,246755143.825338,246778133.87640432,245292867.14877707
6679,246119638.71899414,247522591.614743,247594210.99045572,247631092.89871323,247449611.7698345
6680,249587525.75073242,247125137.06777355,247150331.0266154,247176614.5080276,246119638.7191085
6681,252112820.1586914,248505640.9664012,248547723.19053677,248609171.85868526,249587525.75074688
6682,254691856.57080078,249822542.47591254,249770729.24105063,249871057.04336488,252112820.15877897
6683,255814661.19921875,251276627.50672927,251162358.93932757,251274914.7584898,254691856.5706974
6684,246736237.0263672,252233846.4850394,252066989.54721716,252169711.3265652,255814661.19911057
6685,251018846.3894043,248881162.49849066,248746410.77749097,248698477.87670797,246736237.02626905
6686,246475396.4716797,250085342.50225416,250143144.12668526,250134591.38246274,251018846.38931188
6687,251071731.13623047,248380618.64986038,248354552.7969637,248329775.08398658,246475396.47178745
6688,247272753.91552734,249903856.35574508,249965017.05467683,249988596.20594978,251071731.13616863
6689,246236179.97021484,248570267.43617085,248536386.9839826,248534736.21956596,247272753.91548663
6690,249846171.67529297,247933849.49087057,248000616.8007474,247963571.75298095,246236179.9701839
6691,244395973.1262207,249196580.13377583,249260078.02225888,249292210.5352001,249846171.6753345
6692,250750937.984375,247164176.95433643,247170090.5862722,247138979.99989578,244395973.1262121
6693,247057156.87329102,249385702.79022712,249488244.75579187,249526858.2623392,250750937.9843841
6694,250044472.3095703,248219528.94841886,248185349.4224024,248203778.6619485,247057156.87317297
6695,243839863.6040039,249279950.706336,249324070.52161106,249352286.54560652,250044472.30956063
6696,245928298.70288086,246934960.08196947,246936987.0091822,246896128.7617853,243839863.6039783
6697,242964943.9243164,247321787.14887965,247458812.27279294,247431629.30571967,245928298.70286188
6698,247342798.71655273,246042887.99850294,246133568.2043645,246101640.02646682,242964943.92419755
6699,246927662.42749023,247525790.1023208,247663097.57595608,247688614.93647012,247342798.7165433
6700,249202392.93676758,247523339.39520836,247551622.8617713,247593627.11493495,246927662.4274808
6701,245569073.00878906,248506545.68894663,248538330.45719063,248591633.7598461,249202392.9366824
6702,247248468.6303711,247220784.3770526,247217118.77358523,247220674.52987117,245569073.0089109
6703,250008596.11791992,247680348.5199497,247754628.89432392,247766860.68139437,247248468.63029236
6704,250953312.14892578,248841536.87781754,248855752.2764908,248923731.85452166,250008596.1180212
6705,247683931.71020508,249513072.2119227,249464132.8664333,249537472.10120487,250953312.14895305
6706,243941665.7314453,248398438.33004457,248350652.2039339,248360936.11957386,247683931.7101176
6707,244577841.77416992,246710407.65727448,246760806.64217877,246707979.0144327,243941665.73132497
6708,250590927.8840332,246563430.30237263,246690074.84164077,246661290.06551218,244577841.7741285
6709,249315761.93676758,248894573.81204888,248969354.52963156,249048341.53005296,250590927.88401085
6710,248112549.27685547,248804174.57244563,248747102.23034388,248813339.38398147,249315761.9368421
6711,243731916.3083496,248419635.68622234,248408039.26228985,248424448.60431293,248112549.2769552
6712,244285156.13061523,246573894.89935756,246611497.92661196,246567670.4638526,243731916.3083357
6713,249098732.20825195,246368675.3391551,246499892.88519233,246469820.6659783,244285156.1306934
6714,249110074.62670898,248182308.73545963,248267535.2210067,248331468.61381388,249098732.2082201
6715,253768131.23486328,248502050.88850394,248475755.62583077,248545338.31176367,249110074.62669116
6716,250922008.61791992,250580784.7368783,250538591.3113648,250645322.8605833,253768131.2349541
6717,249791692.03271484,249933311.2017073,249802459.1477616,249862218.983721,250922008.61787292
6718,247696059.62548828,249512528.09044975,249465233.86304912,249475596.59907997,249791692.03265157
6719,247614973.6826172,248608467.38624775,248597637.39614102,248585059.8127362,247696059.6254876
6720,247714749.4814453,248378433.67007008,248416502.2823338,248407728.82233036,247614973.682611
6721,248174852.03857422,248332938.6876085,248369149.9818276,248374725.6267544,247714749.4815181
6722,251217220.52539062,248510524.37062877,248543724.98628843,248559006.82854038,248174852.0385818
6723,250005057.66992188,249773721.4010461,249780046.19007623,249838420.46843377,251217220.52535823
6724,245427551.17773438,249570199.88771695,249515755.48014402,249554775.9832679,250005057.67002237
6725,243573194.33154297,247729545.78393757,247732128.7578348,247689311.1267828,245427551.17770684
6726,247673510.83325195,246605289.91273284,246721383.1717686,246654754.7839578,243573194.3315859
6727,249210158.91552734,247924628.27769226,248052365.4356682,248069333.24087057,247673510.83331236
6728,251731600.22827148,248726205.19359976,248747107.3545538,248804260.78842005,249210158.9154117
6729,249108825.05322266,249961187.6864261,249938890.71570542,250013262.18252054,251731600.22835052
6730,251672208.75341797,249208615.67823362,249144844.18451613,249171342.4953672,249108825.05323932
6731,250592539.1159668,250194042.20890337,250183938.22124332,250225829.90350038,251672208.7534372
6732,250820812.64086914,249934431.82634136,249866591.32065293,249903204.5192661,250592539.11593255
6733,250218765.03344727,250083006.35948804,250047710.04583123,250070647.1003646,250820812.6407608
6734,242428098.50439453,249879717.31077692,249841276.1231667,249857737.60629427,250218765.03346905
6735,241140273.8383789,246685601.48687962,246704476.60106307,246611862.76014474,242428098.5043724
6736,244400486.8762207,245433048.63517565,245633057.8128799,245527596.25217584,241140273.8384086
6737,246442615.16333008,246271532.9973348,246465882.77807304,246455638.77192128,244400486.87613037
6738,247174605.63671875,247101073.02667832,247203159.93104872,247245326.63108736,246442615.1632388
6739,249368153.36645508,247506416.75928652,247555387.9371295,247600847.27498734,247174605.63679925
6740,246389030.86499023,248542227.46794367,248565870.81789812,248629434.6112592,249368153.3663839
6741,247895968.97753906,247547699.3594708,247535825.05512515,247552171.70796824,246389030.8649088
6742,245348722.1994629,248040387.83529285,248094596.56777468,248115177.72930205,247895968.97754383
6743,247973001.85961914,247044203.1362443,247070879.4903129,247070241.13247278,245348722.1993755
6744,252047026.24316406,247946603.5225428,248022002.61812568,248049574.79583028,247973001.8595401
6745,250500783.71801758,249756702.44019285,249746213.18689653,249842951.60362086,252047026.2431709
6746,251042734.07104492,249584349.9158653,249496272.86307034,249557410.263871,250500783.71805283
6747,251605697.93164062,249914040.78320935,249868008.46396354,249907384.6193768,251042734.07103664
6748,246131317.28149414,250290644.2322807,250232065.99840564,250277583.90288457,251605697.93175456
6749,243633956.03198242,248175415.9904113,248135927.12071928,248099673.84813094,246131317.2813816
6750,243600377.15307617,246765611.61229488,246867053.3541367,246789901.24717093,243633956.03200296
6751,243050629.41918945,246332254.22551757,246480827.81505135,246435109.43438876,243600377.1531541
6752,247562564.57666016,245842790.02645385,245986427.29448742,245959516.3090424,243050629.4190964
6753,249990577.52734375,247452270.62815002,247578703.9729631,247625882.17290214,247562564.5766004
6754,249951977.0859375,248697305.90390947,248702449.00223967,248792737.20498058,249990577.52732092
6755,249866580.45922852,249032056.74586567,248988491.83688283,249054056.91079378,249951977.0858642
6756,251066632.4482422,249203930.3247828,249169198.1946075,249211737.1494107,249866580.459342
6757,249184628.88842773,249794792.4902358,249758645.60460994,249809749.02350837,251066632.44832817
6758,248320252.35302734,249201441.10331175,249151170.27264348,249171875.95342958,249184628.88837257
6759,248884949.01733398,248786643.446252,248788167.58980545,248786106.83823788,248320252.3529353
6760,249349750.41967773,248953736.40497723,248971499.47850278,248983073.0650422,248884949.0173852
6761,247375232.38842773,249185419.82038927,249189253.84646127,249211881.37244737,249349750.41968665
6762,250267566.50390625,248423824.02626672,248427771.18407124,248421811.73334858,247375232.3885492
6763,248096892.0480957,249472468.60089597,249508583.29104346,249539238.87458205,250267566.50383145
6764,249875583.59985352,248739197.2798115,248715892.34923926,248729182.87469152,248096892.04812092
6765,249873806.20996094,249357749.85401452,249379661.0376943,249402932.0516248,249875583.59983268
6766,250789233.8083496,249462917.44683638,249440571.37705493,249473609.70322406,249873806.21000195
6767,251469681.85717773,249905471.95504582,249882825.25299498,249918540.71109876,250789233.80833748
6768,247907266.89282227,250316079.91296923,250270812.9996539,250312551.3299818,251469681.85720927
6769,246752170.34204102,248997258.6844515,248958230.20811728,248943403.65749216,247907266.8929121
6770,250261896.77368164,248296147.961053,248347516.69098356,248310163.60811886,246752170.3421344
6771,249989153.64038086,249504828.26246008,249558419.55278173,249589050.21873918,250261896.7735716
6772,252318970.7939453,249567589.11313,249539038.1305095,249578283.60042062,249989153.64031476
6773,249017670.25878906,250602297.1162254,250573653.08206177,250626901.97978735,252318970.79399824
6774,251040113.03271484,249530631.8404246,249468110.22796986,249472397.85756987,249017670.25890425
6775,254394529.89941406,250220381.33492354,250229029.44601715,250243990.80669853,251040113.0327691
6776,251871889.02685547,251725198.1833291,251667683.59175935,251742504.45565525,254394529.89946404
6777,247257087.0336914,251047232.71922842,250930807.8702197,250960914.61567044,251871889.0267737
6778,250274359.29614258,249143176.25766504,249116795.13520777,249060357.6886792,247257087.03376496
6779,250723720.0986328,249972686.89705625,250033115.87774044,250026272.40597475,250274359.29617512
6780,250395341.22070312,250217529.82764557,250198965.39744294,250227548.86797342,250723720.09871745
6781,250169316.5258789,250132246.07828155,250109787.41218507,250124788.9722355,250395341.22071835
6782,245098409.0769043,250017339.23933646,250002546.12917572,250011610.53909013,250169316.52596304
6783,252090040.22827148,247936910.51847515,247953481.58628407,247893179.07446143,245098409.07694703
6784,254683570.58496094,250379643.28781337,250476748.3791969,250512240.66178742,252090040.2283905
6785,250182650.3894043,251845476.97729793,251761415.7489011,251862831.29599714,254683570.5848844
6786,250576790.17211914,250425013.67320156,250317474.31982467,250322916.0351903,250182650.38931987
6787,244882028.2421875,250431773.9491278,250432432.79392287,250419070.72840643,250576790.17223835
6788,248116034.0949707,248054771.02326632,248069417.45265302,247997036.35707843,244882028.24223295
6789,245497408.6225586,248866853.31306687,248996195.73584366,248968833.2365914,248116034.09506097
6790,249344888.93286133,247790211.1195383,247846008.38022646,247819928.29089883,245497408.62264663
6791,248673683.4267578,249123887.60916936,249221997.9399684,249240099.59410724,249344888.93281013
6792,244976754.69506836,249046672.30927974,249053492.1086029,249079920.74950558,248673683.426804
6793,246677200.08398438,247527168.7359751,247571617.15408307,247530831.99028718,244976754.69509885
6794,249443870.9189453,247889084.4630768,248005531.1557445,247990153.08133578,246677200.08387187
6795,246336687.58007812,248983277.319964,249038564.6260049,249084692.37885174,249443870.91895896
6796,244928807.41625977,247888542.4829103,247895993.58967128,247897491.325304,246336687.58004025
6797,250398392.22314453,247128912.18811864,247217365.66539928,247184052.57958418,244928807.41629237
6798,245298841.55297852,249169196.45284876,249256252.73684996,249311794.83261377,250398392.2230718
6799,247449080.77124023,247451358.76188388,247436450.51247734,247433498.91869497,245298841.5530072
6800,248757024.9428711,248082995.0556495,248182957.7092286,248179532.39711115,247449080.77118272
6801,250230852.42773438,248679479.61557695,248714849.89107475,248753261.91464,248757024.94276536
6802,249014986.3046875,249412973.38641533,249414198.2844248,249464661.17526892,250230852.4277505
6803,248991631.5588379,249112210.00034243,249088196.52055368,249112960.9051786,249014986.3046454
6804,247005941.06884766,249108073.87931782,249116232.00200048,249128278.08322087,248991631.5587552
6805,248203300.1484375,248294073.8448918,248311785.43662822,248299858.64661357,247005941.0689537
6806,252611895.02563477,248617527.27497286,248674821.41473344,248678959.5781865,248203300.14844784
6807,247620718.97607422,250455825.26217988,250460090.72665006,250535960.81839004,252611895.02564865
6808,247044000.89135742,248810812.98359442,248742992.90585563,248746133.04330873,247620718.97610804
6809,245214583.95483398,248338112.72393507,248394861.4804842,248362573.0246076,247044000.8914657
6810,242369213.74121094,247441079.964616,247513456.54757974,247478445.95273912,245214583.9549012
6811,243577531.05249023,246003668.38238192,246128967.9262804,246064350.8925471,242369213.7413073
6812,248329231.3178711,246093453.40655273,246270564.70390278,246239029.5391921,243577531.05241865
6813,247973263.03393555,247901745.3959251,248016697.19919172,248074928.89717507,248329231.31799
6814,249622349.1298828,248070247.1059152,248076211.4655524,248132047.32004786,247973263.0338858
6815,251544899.46728516,248856753.9545324,248868816.96330538,248921610.2752958,249622349.1298488
6816,249193130.89648438,249847131.61755055,249811403.03317168,249885538.22190833,251544899.46735972
6817,252079164.19628906,249185331.04282188,249123280.61392087,249150366.78959703,249193130.89648768
6818,254838470.91308594,250359611.37333524,250344447.43278524,250392124.39279532,252079164.1961887
6819,251214623.93359375,251764509.0743089,251669072.58217672,251760542.682616,254838470.91316512
6820,252888702.42358398,250693340.33267307,250563860.3771485,250586233.91315782,251214623.93353432
6821,246462388.26098633,251291984.29034707,251245080.1749134,251266314.81927782,252888702.42360008
6822,247567458.96972656,248809360.4828041,248755595.66975138,248701244.9803376,246462388.26109403
6823,248427048.69604492,248780967.23190486,248873573.87671617,248825613.50769424,247567458.9698383
6824,250222740.8762207,248960863.46717268,249011323.2071472,249013700.15705693,248427048.69597948
6825,247694930.2746582,249658885.04203567,249678798.1063966,249710070.947733,250222740.8761828
6826,250378605.3244629,248771281.24437827,248763388.02376217,248758752.95371938,247694930.2745388
6827,250194050.86254883,249710255.67683765,249748425.72455615,249770518.24674818,250378605.3244885
6828,252272635.11572266,249786940.83049697,249760052.7725315,249792766.80896115,250194050.86263123
6829,255518450.0209961,250699844.54481518,250672111.5788836,250719460.48314,252272635.115768
6830,253493592.97607422,252254815.94786596,252162816.46306065,252251307.5096663,255518450.02095437
6831,252492680.7006836,251889132.01470962,251742420.98417938,251786152.96833214,253493592.97609952
6832,251508885.5637207,251548811.3722868,251464147.13670176,251468241.8102549,252492680.70070595
6833,253075935.95922852,251102346.72222075,251044953.51594165,251039002.2995542,251508885.56376597
6834,255163825.57714844,251671326.71593058,251630712.90078184,251649789.4191004,253075935.9592039
6835,249389380.97485352,252630841.3312621,252542842.22881392,252596404.50009114,255163825.5771468
6836,255136110.21264648,250541892.92387408,250442456.82508433,250407611.8537917,249389380.97491336
6837,249053878.75439453,252538157.96398184,252546119.0874252,252574012.20548877,255136110.21264023
6838,246272807.21313477,250404614.7269211,250305973.84011668,250280074.34765732,249053878.75449288
6839,250037803.8215332,248886348.84678513,248951061.10281196,248859991.3073045,246272807.2130876
6840,250163812.47631836,249987641.51367885,250083785.92410648,250076372.69638944,250037803.82150945
6841,249661494.55786133,250144611.94985238,250147495.96159613,250166696.34987038,250163812.4763285
6842,250997899.6850586,249979437.7626034,249986390.6794906,249985854.8804452,249661494.55792677
6843,251565783.29956055,250479695.4341922,250489306.66993096,250505680.67873096,250997899.6850741
6844,249925581.81567383,250816793.58542264,250791438.98209295,250817511.72566393,251565783.29945752
6845,247959445.15429688,250268570.63316643,250243436.43604144,250238682.3388365,249925581.8156289
6846,252505012.0991211,249352555.66633043,249374812.68100774,249338202.3020726,247959445.1541816
6847,249690539.1081543,251018706.04713988,251060677.7249927,251093356.22417533,252505012.0991027
6848,250222416.84301758,250159253.95206138,250108499.33184615,250116322.22814134,249690539.1081609
6849,250755136.43041992,250271718.0747422,250290264.41191483,250282104.7548808,250222416.84311572
6850,251486970.93579102,250481407.4194181,250479946.8311998,250491089.83471325,250755136.43042177
6851,251782411.17529297,250827104.29019496,250811324.04203248,250830938.76740536,251486970.9357281
6852,250916358.04174805,251036140.3062685,251003053.27972803,251023210.6854509,251782411.1753489
6853,249743434.11035156,250772084.64155123,250739003.2615144,250741143.39374587,250916358.0417444
6854,246608133.11035156,250274073.6748411,250269785.66519958,250251951.7795467,249743434.11047176
6855,249169443.2331543,248844400.34620744,248880225.67087805,248824601.49724585,246608133.1104033
6856,245808591.0300293,249552289.96848577,249643710.0085183,249631712.87017658,249169443.23325425
6857,246238797.74047852,248205245.2839874,248247935.04524535,248212836.53708532,245808591.03002056
6858,249274019.98754883,248077335.4982415,248195533.61505064,248158577.28729182,246238797.7405024
6859,250733095.3334961,249209938.2862117,249294302.7248509,249319049.71192998,249274019.98756889
6860,250855130.39208984,250012766.18996793,250020214.19207132,250067809.16054407,250733095.3335004
6861,248805124.82055664,250272524.59168333,250249800.135418,250283120.91064876,250855130.392064
6862,250892344.68310547,249563252.49347183,249551710.71018893,249543651.25258592,248805124.82062384
6863,252589359.77172852,250317289.6925239,250344175.29567873,250358536.5033607,250892344.6831559
6864,245528304.46655273,251145582.08509347,251113111.64380398,251159773.72845042,252589359.7718323
6865,250236427.99414062,248483286.4358158,248453227.6636218,248392043.3323626,245528304.4666721
6866,249618238.97143555,249909571.2800615,250020328.2827171,250010771.08971033,250236427.9941921
6867,251285777.25170898,249792803.00163734,249785193.6102149,249807195.27313152,249618238.9715259
6868,248582442.69995117,250487228.36516017,250493154.91497222,250519559.47199726,251285777.2516736
6869,249902852.52856445,249508040.8419775,249486541.84832883,249477760.442767,248582442.6998961
6870,248555339.40527344,249908495.87432587,249946195.9961048,249943760.4717027,249902852.52859667
6871,249521786.55249023,249407629.80046773,249418081.5580747,249410132.79409203,248555339.40526128
6872,250095539.31420898,249709802.08666363,249748954.55779836,249748835.75249022,249521786.55258468
6873,247991065.6118164,249970860.9506494,249981397.97290578,249996759.1010848,250095539.3142758
6874,248088076.39453125,249184405.0368327,249194919.60032767,249177018.83132985,247991065.61189815
6875,251492069.26879883,249066878.9097084,249125094.02193812,249104502.151972,248088076.39447424
6876,254011400.3942871,250397727.55620754,250432068.2465731,250469472.23213238,251492069.2688238
6877,253074380.21484375,251694225.35971373,251638386.36695406,251712500.40922225,254011400.3943636
6878,250327835.19995117,251651682.2790886,251549171.19254187,251591043.6302329,253074380.2148172
6879,247914171.5805664,250639456.7239418,250579359.93970254,250562067.37261054,250327835.19984692
6880,249807329.52929688,249488390.05940607,249504372.45823443,249451538.6070829,247914171.58058813
6881,246683313.14648438,249985952.5108054,250043754.68428916,250030876.14948583,249807329.5293243
6882,249091716.54589844,248713020.14082733,248739046.83907506,248702592.92223722,246683313.14637
6883,250766740.6352539,249383703.318506,249466857.155896,249459909.75361693,249091716.5459132
6884,251312726.19067383,250139803.3612554,250153494.68237543,250189438.04119086,250766740.6353139
6885,251896906.06298828,250492027.84742296,250465814.61050895,250501548.56958714,251312726.19056743
6886,250698430.10351562,250863748.72089335,250824361.4397693,250856311.7113406,251896906.0629725
6887,253171845.7614746,250527479.30823973,250484889.950311,250492054.93955183,250698430.1035864
6888,255552752.53222656,251521394.483196,251496791.76167023,251530184.30907625,253171845.76144063
6889,249771765.62060547,252726659.2624932,252633796.44595805,252702792.99524924,255552752.5321786
6890,245024720.65576172,250704474.36458573,250594493.78281215,250568286.9451307,249771765.620505
6891,246417163.61010742,248435797.31826213,248488686.69604743,248378482.29986918,245024720.6557933
6892,248779085.1611328,248421894.8270645,248565937.87598127,248504281.42866156,246417163.6100127
6893,250410547.50048828,249192598.97408402,249280618.39910203,249288232.65129286,248779085.1611544
6894,247538585.36157227,249950921.61278063,249975792.8529292,250010430.10220474,250410547.50059447
6895,250975796.5205078,248913115.48693907,248915074.5630008,248902157.98522112,247538585.36160892
6896,253311576.89379883,250144877.22519186,250196250.06102723,250219196.83211622,250975796.5205954
6897,251361141.24829102,251319639.49896935,251275651.06673062,251344363.88826063,253311576.89391604
6898,254110185.42456055,250836729.56553492,250756295.62927678,250780033.43473053,251361141.24818236
6899,250698341.52661133,251969804.7077138,251925962.61960584,251967854.63037136,254110185.4245144
6900,247629020.92138672,250834710.45791245,250745324.6435359,250745070.0708966,250698341.5265886
6901,248223612.09814453,249419165.5831283,249430696.49540234,249370873.96521133,247629020.92141667
6902,252260373.6520996,249319419.86524415,249392054.55632573,249356285.4617281,248223612.0981916
6903,250266284.02001953,250865751.92276195,250899427.66995117,250940427.24540964,252260373.6520332
6904,246790223.3178711,250318583.56344786,250269252.06924555,250286769.48291275,250266284.01999915
6905,249137564.58520508,248863813.18698516,248884227.3855224,248832007.4315956,246790223.31784472
6906,246953287.0673828,249519362.48292524,249604122.45763597,249590406.18882415,249137564.58520764
6907,249753227.640625,248657100.76287496,248692450.9219406,248671534.7124923,246953287.0674984
6908,251132850.39086914,249602274.18159357,249674681.18702593,249685470.3464719,249753227.6405773
6909,250980030.87304688,250296077.7569928,250290981.3041374,250334408.67154568,251132850.39095625
6910,252442932.38110352,250424992.18314165,250393643.61984527,250421545.06059387,250980030.87316737
6911,252980216.5480957,251111562.31091902,251080284.3890241,251116660.76623243,252442932.38121644
6912,248158232.43652344,251499021.3088971,251431438.26960152,251471529.33396593,252980216.54810143
6913,247412386.69091797,249708514.92694756,249660256.35143992,249621544.3829096,248158232.43648997
6914,252388553.26416016,249068436.81321725,249136224.4970357,249080035.5969807,247412386.69083303
6915,245651167.0349121,250885386.94475508,250937278.635291,250975370.08190158,252388553.26421985
6916,248749215.3010254,248416090.3019149,248385475.74153456,248343761.4993415,245651167.03485364
6917,240598814.32666016,249238681.29561245,249353001.80817494,249328884.1349101,248749215.30094615
6918,243010245.59838867,245919970.92580307,245990995.4203268,245892519.93850985,240598814.32665497
6919,247887903.5222168,246168986.00617626,246414668.8949291,246341341.07339412,243010245.59841695
6920,246363695.78881836,247967385.6296363,248112907.3610831,248158668.26462495,247887903.5220989
6921,247941550.2685547,247608290.6256597,247647872.2271583,247674887.23928887,246363695.78870925
6922,250152998.00024414,248237489.30686793,248307623.62942502,248331574.28116477,247941550.26863796
6923,248978345.3647461,249283564.81218293,249303065.76535287,249360416.92168605,250152998.00035337
6924,249293677.38842773,249059140.61785537,249037495.80573294,249068812.67946646,248978345.3647524
6925,246353943.10595703,249206719.1717237,249214568.20921767,249234179.70139334,249293677.38833752
6926,247866528.83666992,248040363.7983067,248054917.9231049,248036230.47517452,246353943.10588437
6927,251742224.2849121,248428057.9584908,248502556.43394783,248501560.56625062,247866528.836631
6928,246680102.69018555,250050855.1015353,250067041.78152603,250135116.18407026,251742224.28499436
6929,248081307.89257812,248315549.82052633,248271119.74661317,248264905.43158835,246680102.69011483
6930,247141835.07861328,248641030.31382877,248712727.4747054,248700728.0534236,248081307.8926776
6931,245574834.4140625,248259342.99918333,248296016.42079806,248294814.20419192,247141835.07860437
6932,248934351.43579102,247517613.07888374,247585240.40767148,247559673.1392387,245574834.4139747
6933,246623915.42578125,248695090.18471885,248777790.99591902,248805091.42284638,248934351.4357988
6934,254516202.47973633,247921735.22851843,247934440.85138625,247942522.03433034,246623915.4258901
6935,249556834.78076172,251046361.5934319,251076048.83678544,251175454.95149693,254516202.47973004
6936,245640779.53149414,249650396.20808676,249522731.55167213,249565008.13043055,249556834.7806611
6937,252479981.1364746,247905567.8028035,247925333.43815535,247868451.76127464,245640779.53160268
6938,247624201.42773438,250331839.8042864,250398735.0849552,250451996.30755633,252479981.13638097
6939,248530307.19384766,248781809.17658454,248713251.69589227,248723944.9495088,247624201.4277377
6940,250226602.88452148,248950636.39694163,249000801.31165138,248988874.99849018,248530307.1937724
6941,251354332.4255371,249634292.9677783,249647981.70244873,249680446.95336917,250226602.8845452
6942,249411576.49975586,250229776.9318609,250200372.00059283,250246163.51798594,251354332.4255088
6943,248290549.7602539,249627140.40151268,249586364.25668257,249594760.23757526,249411576.49971136
6944,247614255.12426758,249097869.39122126,249110941.8820782,249093954.24631175,248290549.7602369
6945,246630621.91381836,248677050.59460312,248715373.09457344,248698090.9426352,247614255.12424284
6946,245769927.09204102,248142601.1007705,248199417.55508274,248177912.26296005,246630621.9138724
6947,243790950.15673828,247595165.53492358,247674545.7352581,247650307.61698672,245769927.09193385
6948,248327171.44335938,246586788.181889,246690414.43348637,246649752.6697141,243790950.15677196
6949,250157267.64672852,248162609.8347607,248282892.83107814,248314162.2352112,248327171.44346407
6950,250444086.69995117,249155063.04260048,249156850.19902977,249229834.49726254,250157267.6466276
6951,252965911.0559082,249519927.58084616,249484280.86405563,249540018.99765438,250444086.69990757
6952,247550933.3005371,250717394.28578496,250665641.00574338,250739279.51889983,252965911.055815
6953,248408990.375,248843910.8141915,248767359.15279666,248757488.6697811,247550933.3005002
6954,251061909.83374023,248904798.79769444,248954163.38802418,248935591.6204174,248408990.3750373
6955,246659101.11157227,249958857.40255934,249968502.62641862,250011201.29330707,251061909.83380112
6956,247535300.58276367,248359564.6522634,248333483.8845895,248316159.58109534,246659101.1114724
6957,250098126.89770508,248425370.51008928,248498775.90161526,248479286.5005322,247535300.58274373
6958,252836127.9580078,249407645.46696672,249439657.08693695,249478896.24911615,250098126.89763293
6959,251632093.32299805,250704591.9960557,250665131.4979786,250742696.55229697,252836127.95793036
6960,254711789.1508789,250526345.32768077,250434228.99483255,250481390.72118625,251632093.32300904
6961,253336756.2783203,251884084.30092868,251810754.31856823,251877933.03304166,254711789.15080327
6962,250797204.44213867,251689190.45040464,251557082.00364992,251603569.4569791,253336756.27832872
6963,248174177.6184082,250707111.65534493,250627204.2250983,250617391.11965615,250797204.4420621
6964,253470680.33081055,249496314.08786023,249491279.79805696,249445678.9028349,248174177.61848083
6965,254190521.17114258,251358734.85235924,251382626.85694832,251422596.6205454,253470680.3307536
6966,249703566.8605957,252016321.37253925,251913548.58234343,251980366.22748753,254190521.1711064
6967,250886800.8149414,250438718.0351522,250354890.29936522,250332407.17160162,249703566.8605004
6968,247684651.84228516,250665418.2412302,250680816.72152993,250663221.14813554,250886800.81499025
6969,249105787.0283203,249349093.43777722,249348152.65228006,249308871.85906017,247684651.84222168
6970,248003427.5275879,249639510.02619138,249706341.01640108,249684937.61376375,249105787.0282175
6971,251637369.13061523,249139435.46060356,249171308.29192775,249156771.75534278,248003427.5276539
6972,250746083.59033203,250493089.65260088,250532005.31624022,250565541.7180533,251637369.13055435
6973,248340664.6599121,250361884.81940567,250318248.59861267,250347941.47093728,250746083.5903921
6974,248354666.38085938,249426601.2055362,249421709.28947818,249398717.11936948,248340664.65988237
6975,246926878.19482422,249254015.96846053,249303786.78018308,249281789.47487107,248354666.3809193
6976,254458378.65039062,248544706.9911292,248595114.16953433,248568673.4122113,246926878.19481853
6977,253657711.32763672,251457711.46254542,251501358.88981438,251581574.8575527,254458378.65042084
6978,252886900.79858398,251697227.40298897,251570456.35178453,251650039.97767898,253657711.32773352
6979,250373582.21484375,251611672.06598145,251521628.50048408,251546672.86154753,252886900.7985213
6980,247955035.84228516,250682758.28370243,250627224.68377718,250609057.40536255,250373582.21494925
6981,246919083.68408203,249530128.45177197,249545231.81107348,249492644.87706742,247955035.8421957
6982,244821986.80419922,248841787.1049704,248916073.59423313,248862948.67629445,246919083.68414265
6983,252197077.49145508,247692011.8807058,247793010.71480143,247731936.05121115,244821986.80411148
6984,248900650.84936523,250366835.46117502,250470696.8731705,250524570.89086932,252197077.4914025
6985,248153117.37524414,249493874.87881282,249441665.4002676,249469174.975267,248900650.84936124
6986,248746229.4008789,249082608.175559,249118524.6806971,249099001.30456343,248153117.3753437
6987,247610592.6821289,249232564.26644105,249276567.50596422,249276337.1438438,248746229.40092197
6988,250957782.49853516,248766327.3736269,248801176.39472902,248791268.00181893,247610592.68207827
6989,248885900.01489258,250025182.39613628,250068697.64556155,250103686.05997628,250957782.4986045
6990,248810179.8876953,249394816.0913148,249369188.44279027,249383767.79455775,248885900.0147877
6991,248271898.57763672,249289996.61466628,249317356.96889225,249312861.7250161,248810179.8877369
6992,251004416.18774414,249031681.03999346,249060157.35498422,249056445.53189826,248271898.57752272
6993,253008634.47216797,250086277.95630473,250113101.98735863,250148106.8637337,251004416.1876667
6994,254771423.31713867,251123844.38684618,251077939.54033828,251143409.9155311,253008634.47227493
6995,253013631.84155273,252151692.4468133,252057349.8859607,252129353.9868309,254771423.3171182
6996,251828935.58129883,251796534.93894035,251679804.91689563,251708090.9008126,253013631.8416617
6997,252269601.15429688,251369383.44906092,251307245.52068737,251300041.08565,251828935.58127853
6998,250671986.44995117,251503949.20697442,251467531.19397825,251468816.6581831,252269601.1543621
6999,250208364.07470703,250884225.35079953,250847705.3364416,250832594.4294925,250671986.44992915
7000,246882209.7836914,250553726.1990102,250556497.8744975,250533891.2420364,250208364.0747669
7001,251377872.0991211,249099595.56639576,249127497.7821474,249068899.39746192,246882209.78367645
7002,253305243.03149414,250600648.9065048,250680593.89381987,250689236.74835736,251377872.09922132
7003,250079661.98706055,251585706.34808174,251544886.94198912,251603056.24176025,253305243.03145832
7004,250305398.38549805,250542968.5435813,250482282.48789173,250475168.14306018,250079661.98699975
7005,253182938.14379883,250510725.0358136,250526946.54497105,250506312.71038952,250305398.38559708
7006,252667007.1591797,251660577.24985498,251653369.70839447,251685434.64860526,253182938.14383468
7007,248223597.95361328,251677342.0185425,251607498.39124846,251633523.54528356,252667007.1590925
7008,247499210.65527344,249937023.88230807,249907963.93636465,249856589.38202885,248223597.9536245
7009,250262911.88256836,249275092.05707124,249350007.77646127,249288445.30064708,247499210.6552645
7010,249674640.79711914,250148533.43986517,250216722.45286095,250219581.39846015,250262911.8825744
7011,251408266.43920898,250000966.84000704,250004431.07956174,250011530.66547912,249674640.79706317
7012,251700199.45922852,250715334.5828161,250727003.18059847,250746359.84633973,251408266.43916443
7013,251177786.22460938,250966902.37009212,250935831.2972317,250961719.32777146,251700199.45924923
7014,248961681.25073242,250828499.4093979,250795301.40456405,250804203.19325054,251177786.22459355
7015,253052877.22583008,249935164.62294692,249927355.6571839,249900980.32601038,248961681.25072017
7016,247574548.00756836,251422527.4184605,251443471.78466305,251473885.86129588,253052877.22578943
7017,248373432.7788086,249456819.64376503,249409937.0721259,249378156.2080558,247574548.0075784
7018,250448212.60620117,249432476.61338484,249512620.752343,249470606.52144477,248373432.7787697
7019,251342468.4650879,250189832.6402027,250231717.0435409,250246625.4022924,250448212.60615027
7020,252322835.2463379,250659735.65368348,250649518.96833652,250679422.11891565,251342468.46506268
7021,249746956.63793945,251184190.1177909,251150643.7267106,251183984.4433714,252322835.24623385
7022,245465897.87719727,250293035.57442427,250253232.67708644,250242664.6287427,249746956.6380596
7023,248570860.45092773,248400328.4458591,248443057.8066516,248364687.0914716,245465897.877094
7024,256862690.19970703,249251998.6225033,249373415.0400208,249349866.9775647,248570860.45097455
7025,254561344.31591797,252671146.03875273,252669205.03559858,252789229.0789157,256862690.19960943
7026,253979534.0361328,252451272.10800806,252276040.3552693,252355142.3200798,254561344.31596452
7027,254658252.29418945,252386713.4335492,252283052.91003335,252302260.17939252,253979534.0360452
7028,250533268.7121582,252752314.8020588,252659648.50302133,252685161.95016783,254658252.2942508
7029,247768925.1850586,251205889.84366825,251123823.2058531,251089621.9634179,250533268.7122709
7030,252936596.30029297,249805288.0429841,249834862.6377521,249755718.9725609,247768925.1850825
7031,255071898.53930664,251585118.90043584,251647363.41785276,251660565.27651668,252936596.3001983
7032,254333543.2475586,252703614.4500717,252630654.1397331,252696203.85716134,255071898.5392432
7033,258861658.61376953,252718503.45764813,252609442.47481868,252640605.8214578,254333543.24744412
7034,250135242.23608398,254706306.2837098,254597900.58649975,254670985.5049697,258861658.61374503
7035,251283955.80419922,251623891.0426376,251460051.60407236,251409722.3979293,250135242.23607877
7036,251013333.67016602,251617924.72608203,251660345.7177801,251593746.2968284,251283955.80415872
7037,252874617.0913086,251371693.12597764,251375767.58214384,251349086.68359998,251013333.6700628
7038,249389056.00878906,252039767.43240586,252042435.32198468,252043790.32625392,252874617.09124276
7039,251637665.72680664,250717659.95494297,250693461.36696014,250652423.42960194,249389056.0087393
7040,248497207.74902344,251391163.62308565,251437598.71193102,251418077.89833653,251637665.72670648
7041,253516840.3095703,250163137.27535677,250166968.60258242,250124793.30976042,248497207.7489729
7042,253382328.42016602,251954067.7753791,252005927.05533612,252024963.0287138,253516840.30967227
7043,251293929.28759766,252184214.39648226,252114565.82303935,252151208.55695686,253382328.4200744
7044,249783215.1291504,251452704.34270543,251404675.59679213,251387580.64143136,251293929.28766537
7045,252486705.58374023,250723662.01096982,250731474.2907524,250688863.04764158,249783215.12904584
7046,253725692.6652832,251641653.78626448,251666611.7562929,251671039.31145698,252486705.58367303
7047,250077197.37304688,252293101.20873997,252247681.74599174,252280162.52801853,253725692.6652681
7048,246777229.76171875,250970682.99564895,250919345.46390292,250888909.9121662,250077197.3729561
7049,246806383.6994629,249411621.29217455,249463832.4831272,249377570.79113293,246777229.7618003
7050,247716588.81445312,249009208.73767057,249129605.4830909,249063690.42371565,246806383.69939244
7051,248848305.62060547,249128366.0245362,249233065.4112873,249206673.93709707,247716588.81446183
7052,249153075.26782227,249517043.4042631,249589950.0651566,249589312.18682984,248848305.620485
7053,252284991.27197266,249677503.8288333,249720647.0704736,249725326.69517305,249153075.2677927
7054,254430941.19433594,250973915.36238167,250993218.76670954,251036752.60975724,252284991.27198848
7055,252367087.1640625,252123621.64699242,252059538.84411398,252129809.76665094,254430941.1942968
7056,251558472.20166016,251631143.52926162,251535854.7312989,251556270.82585195,252367087.16404337
7057,251066750.23901367,251335745.20518464,251299735.8956499,251287830.79827246,251558472.20173383
7058,247767905.1875,251098126.52007636,251082589.4587795,251067987.5349847,251066750.2389215
7059,251891213.05737305,249698193.77569875,249711456.4362578,249655573.56005532,247767905.18754843
7060,252721578.43408203,251067813.3325074,251134050.2531646,251138861.19577685,251891213.0574663
7061,250518246.57128906,251600122.81581467,251561539.53230846,251599478.19576254,252721578.4341997
7062,247083836.0908203,250854002.24306777,250813331.4672998,250802673.2822133,250518246.57128963
7063,250215129.40234375,249350426.3183652,249380721.49769267,249314367.89926034,247083836.0907237
7064,253031501.56030273,250255707.29289067,250342889.82352737,250330231.08399692,250215129.40226057
7065,250784529.5275879,251511284.52866697,251505985.52319524,251554511.85103995,253031501.56025183
7066,251825794.9868164,250882040.90941072,250828897.4740711,250834411.2322935,250784529.52759653
7067,251934305.88476562,251259907.29662842,251257746.4951669,251258506.27454725,251825794.98691848
7068,249712391.13623047,251382602.02094123,251354018.3721603,251363877.921527,251934305.88488445
7069,248296579.6435547,250512633.0390511,250495811.37243566,250469559.5507209,249712391.13614592
7070,251128381.4013672,249761979.30096176,249802961.41680932,249754713.080956,248296579.6436274
7071,245516092.81445312,250744378.31201062,250799562.3062126,250801329.25378343,251128381.40133408
7072,248700356.50830078,248597944.47557965,248615297.2744721,248552561.4698403,245516092.8144169
7073,246805463.56396484,249426632.03441927,249556411.93844217,249526643.13524222,248700356.50828323
7074,252383226.34594727,248669627.88841698,248722819.53763047,248701334.81145278,246805463.56396827
7075,249393994.17163086,250770105.8540675,250840232.06444934,250886001.19745082,252383226.34598988
7076,244499667.13549805,249910999.49976194,249862729.74387524,249879985.74426496,249393994.17168352
7077,250516205.67993164,247822273.486839,247875149.89614174,247794753.0360606,244499667.1355148
7078,251148219.74682617,249847917.40396798,249976926.12076607,249988718.9337163,250516205.6800464
7079,252807841.45654297,250390503.66574004,250369599.14146918,250421353.50844374,251148219.7467267
7080,256562418.93066406,251243309.8161741,251207196.09846574,251254853.33866075,252807841.4566244
7081,251845426.7602539,253040910.52814198,252951352.17031446,253040402.61105475,256562418.93072549
7082,248435996.47509766,251549060.49300995,251401973.32906452,251411810.83307257,251845426.7602256
7083,247735769.3317871,250020325.72042927,250009719.37531024,249942708.2405511,248435996.47518203
7084,246831634.3215332,249387212.0465891,249452466.64624622,249394338.75202584,247735769.3318936
7085,243924577.8083496,248775040.34476975,248855422.17193115,248809049.16856968,246831634.32164747
7086,245725230.65551758,247332417.0003771,247442156.00880256,247370157.70307094,243924577.80838323
7087,252658065.40893555,247667327.2760852,247828379.4094538,247793976.33123472,245725230.6554219
7088,249297965.57617188,250417634.89473876,250490548.8895489,250575473.917718,252658065.4090385
7089,250625202.89794922,249597662.04443952,249530288.59920633,249566993.10539326,249297965.57621104
7090,249038738.6965332,250100673.48526695,250113674.8734692,250128485.17043588,250625202.8979561
7091,249052300.61791992,249553828.47666827,249539585.19934314,249542192.3628989,249038738.69660765
7092,250711263.19433594,249479974.43958613,249504911.54796323,249499031.12491232,249052300.61794373
7093,247773925.38964844,250139524.0943476,250153776.64012942,250177549.39503846,250711263.1942846
7094,254700618.39746094,249057033.91294125,249048816.92076716,249034357.44543055,247773925.3895934
7095,252335674.57348633,251685969.16254628,251711406.9613565,251782660.30047333,254700618.39743447
7096,252442772.65161133,251235260.99159685,251110604.48387313,251164029.58192188,252335674.57357275
7097,252545236.7734375,251363482.9391583,251307324.3096776,251321353.07783252,252442772.6515087
7098,250214309.71484375,251500915.94524354,251442056.42207384,251459243.02316603,252545236.77348697
7099,248973047.34716797,250628684.28364527,250583954.14287478,250564720.33182874,250214309.7148373
7100,251148194.97607422,249971034.2147684,249987959.31498125,249948641.23487654,248973047.3472473
7101,250294634.62060547,250693777.45669717,250724960.230738,250727926.6192463,251148194.97614557
7102,251122398.67163086,250435236.29113686,250418726.7302236,250421508.24849498,250294634.6205381
7103,252772707.58691406,250720570.3567978,250721191.83403924,250727041.40465236,251122398.6715686
7104,248109227.94921875,251447862.87763682,251419191.0818665,251451515.64369988,252772707.5868488
7105,250443593.55151367,249705431.14785787,249665146.38846222,249629348.60255882,248109227.9491313
7106,248456139.86767578,250336019.75007913,250392218.2308396,250377205.962936,250443593.55158305
7107,246907892.10546875,249585558.92244273,249591509.01807722,249574146.12395877,248456139.86777243
7108,249076073.45825195,248775308.45753047,248837031.0755994,248791887.61289576,246907892.10557887
7109,251638421.52490234,249413194.04215583,249492823.22239143,249490627.25794247,249076073.4583737
7110,247438118.13061523,250511516.6089524,250522717.55324763,250569023.58405402,251638421.5249645
7111,251368916.19335938,249045713.5238348,249022677.723454,249003014.0511772,247438118.13065255
7112,245718267.97216797,250412079.54927012,250469108.89391026,250486601.8081342,251368916.1933362
7113,244287764.39819336,248297478.85909665,248285292.40019143,248247232.68391478,245718267.9721436
7114,251551420.15771484,247304750.96696553,247434118.60984495,247358498.13357505,244287764.39825103
7115,251596974.85864258,249935338.75191265,250047599.0067728,250103333.94136098,251551420.15782347
7116,250471233.13061523,250385344.14469182,250326120.96101967,250400089.70801023,251596974.85855305
7117,250673405.32958984,250138353.01914996,250094544.07843536,250115876.4605624,250471233.13052088
7118,252527759.8876953,250261050.11147198,250244924.21515894,250258901.33844918,250673405.3294849
7119,252554188.80541992,251057331.61985993,251026366.61537537,251066753.4136455,252527759.887671
7120,252777300.39160156,251298441.08361363,251229561.10599905,251265977.1172984,252554188.80546403
7121,256304657.95532227,251518579.14269218,251453156.3629154,251478631.4935312,252777300.39154997
7122,254932624.72485352,253102718.82184124,253019575.78514704,253086639.29555383,256304657.95537204
7123,251971046.40478516,252923480.23286685,252771402.7362923,252814023.45075154,254932624.72481543
7124,252475168.37695312,251816367.78443733,251720350.1685124,251696426.60231245,251971046.4047039
7125,250800926.34033203,251892250.01900074,251865415.92860836,251845936.48428786,252475168.3769245
7126,250315934.05322266,251186249.4449234,251154166.18582642,251126622.4633895,250800926.3403192
7127,254846965.00756836,250831747.2493435,250841379.50158134,250808023.56934875,250315934.0532602
7128,246156617.59838867,252566399.71509993,252561143.36851975,252601758.8191358,254846965.0076422
7129,251487019.4404297,249293200.3769414,249225910.84038004,249156313.69427076,246156617.5984326
7130,249822563.1887207,250855661.79984352,250965156.44713974,250944793.7754271,251487019.440362
7131,246707989.46362305,250335236.419698,250315670.3953744,250320132.9428036,249822563.1886735
7132,251014394.83691406,248966678.68170455,249008628.82152554,248950698.43770817,246707989.46372905
7133,246035550.59033203,250404266.39575595,250489634.819593,250498592.64742798,251014394.8370096
7134,248913087.85864258,248580765.89332354,248586425.34113362,248547925.02820316,246035550.5902653
7135,245496835.78051758,249423955.52615714,249535197.63190937,249516762.59608862,248913087.8585911
7136,250593331.1057129,248055070.4291552,248105276.56209514,248069114.0685421,245496835.7803964
7137,250111548.79785156,249847862.44998857,249952298.7549816,249976257.8429039,250593331.1056151
7138,245615049.0908203,249926125.6797217,249907845.15598956,249946161.30105504,250111548.7977804
7139,248743072.11279297,248167443.95061675,248190443.8988926,248142245.89968792,245615049.09074935
7140,252027335.14990234,249101700.57032192,249210261.92682618,249202271.73705456,248743072.11272845
7141,250565057.08203125,250534935.40409353,250545464.2307631,250607811.14111057,252027335.1499918
7142,249569113.9543457,250285973.5918948,250235648.16423973,250264969.6266665,250565057.08214355
7143,252736037.6142578,249897964.35319737,249890953.714951,249885343.36314723,249569113.9544324
7144,248008040.34448242,251142195.070549,251140659.1983417,251180024.69939712,252736037.6142151
7145,244407237.85791016,249458525.7508035,249408869.36907777,249388350.50526235,248008040.3443744
7146,242799012.25976562,247682618.0404106,247764506.65143415,247677101.520117,244407237.85791212
7147,249302495.74023438,246550273.2259593,246712394.67026758,246628216.54767227,242799012.2597676
7148,253671758.12768555,248816001.9357867,248971910.46996188,249005782.99898276,249302495.74011487
7149,247572617.90063477,250934059.1772253,250911209.66340664,251025747.06349045,253671758.1276844
7150,244139761.51416016,248964589.08557236,248881973.7058548,248882353.16634,247572617.90072063
7151,248493873.96264648,247290772.9644223,247373261.70435384,247293867.46918216,244139761.51412043
7152,247138550.5847168,248629936.49131852,248756866.05334908,248764025.9031614,248493873.96259773
7153,244166920.71826172,248235340.8910387,248263375.2353212,248278199.72243145,247138550.58462745
7154,247038381.70751953,246936443.43791226,247014730.2944963,246972559.1817671,244166920.71823585
7155,246356680.6904297,247803393.71851662,247929449.30905285,247932966.10233417,247038381.707408
7156,244127956.0961914,247614912.4712316,247671887.77076617,247685895.20281214,246356680.69046643
7157,245426466.94360352,246658207.91327226,246745110.63391915,246718370.42934194,244127956.09623665
7158,247192893.08398438,246935103.74635047,247060517.9654518,247056125.72239196,245426466.94355065
7159,251469613.4177246,247649525.5451402,247731551.9446132,247766256.2472277,247192893.08387032
7160,248996090.046875,249511793.1878913,249530793.7772772,249621057.63197374,251469613.41777387
7161,255420507.13598633,248953043.8280241,248889894.5594386,248934356.78368762,248996090.0469714
7162,248368468.4663086,251654695.05393082,251627330.29563314,251727422.18036172,255420507.1360593
7163,248487416.42578125,249372654.34644076,249234991.29408154,249242709.9738575,248368468.46632212
7164,251076805.9958496,249131084.04301852,249168855.22385857,249136202.52919665,248487416.4257408
7165,247707618.7878418,250096045.33297598,250108913.93079677,250141132.78512916,251076805.9958
7166,248744268.1875,248899880.92205384,248873194.0579295,248863119.62536007,247707618.78792563
7167,246248841.56054688,249114849.06409273,249163889.42177546,249154744.27117294,248744268.18748453
7168,252811662.38745117,248076096.94213155,248107574.0324252,248082074.66611052,246248841.5605376
7169,255426606.4350586,250537267.50481018,250593370.47578526,250655779.59193325,252811662.3875385
7170,253170701.8869629,252051652.4593869,251939261.20086628,252053661.15250742,255426606.43497857
7171,250088572.11083984,251582939.88474596,251434666.80142465,251482009.75439414,253170701.8868956
7172,249504846.64086914,250395772.29308978,250323763.52622744,250302280.8026878,250088572.1109025
7173,251967034.29296875,249951072.44276026,249952722.36037204,249925925.47365996,249504846.64089343
7174,251153269.62231445,250827180.93909514,250825982.72375315,250849347.88765252,251967034.29301032
7175,250166988.62329102,250653500.53729585,250601742.10595572,250621467.5126371,251153269.6224285
7176,249861494.74951172,250218988.54541904,250192415.14958975,250187669.36692828,250166988.6232903
7177,241111461.08764648,250043274.8433513,250041808.11835814,250034381.7151974,249861494.7495089
7178,244484014.23706055,246368901.66352823,246416938.3195799,246297229.39326555,241111461.0875893
7179,249079608.14526367,246912664.7993695,247138314.38245866,247070626.3108977,244484014.23715585
7180,247121463.20874023,248658507.088606,248765156.33145055,248817413.24956238,249079608.14535
7181,246272741.1965332,248109860.62621564,248120017.37148976,248144273.16903338,247121463.20878765
7182,252834534.87036133,247715628.36007568,247779893.70009518,247769076.76497257,246272741.1965989
7183,250850928.54370117,250292840.32946518,250336960.84774733,250422335.21503398,252834534.8703515
7184,251006864.3251953,250027415.51953074,249932367.87159142,249995276.00003508,250850928.54377127
7185,252062655.96875,250182573.20150313,250145020.74313548,250171175.87063676,251006864.32525617
7186,251431956.6147461,250698800.76262277,250650947.9865751,250691660.45399883,252062655.96873072
7187,248217101.67797852,250627994.7906932,250564214.16651255,250590320.6623382,251431956.61467144
7188,252651751.65795898,249365615.34326527,249338101.77367595,249310796.75985715,248217101.6779339
7189,247825092.82617188,250929451.0903333,250952923.22441885,250986592.08394405,252651751.6578506
7190,250525758.61743164,249218428.86830822,249160268.9941359,249146879.1253244,247825092.82610863
7191,248125897.06469727,250041616.45927945,250088508.8830545,250090266.09808224,250525758.61745936
7192,249197462.34838867,249127455.9640104,249115509.94923225,249110220.10207334,248125897.0646532
7193,252854610.63110352,249388861.88983202,249430199.623325,249428794.36811876,249197462.3482993
7194,250538044.89282227,250912181.1062994,250905436.57321614,250966119.9116126,252854610.6310441
7195,252117485.35791016,250325676.10634896,250251157.7983829,250275457.57404882,250538044.8927717
7196,249904110.89208984,250949352.37069088,250928244.03225023,250951465.98183283,252117485.35784957
7197,255773322.64672852,250150203.541104,250100978.04843977,250102018.3476253,249904110.8919873
7198,250393700.49047852,252447583.05019146,252422943.14015424,252493635.51059014,255773322.64662617
7199,249350909.63598633,250747968.74775872,250617293.57275787,250623484.51497656,250393700.4904319
