idx,truth,norros_f,linearP_f,farima_f,persist
5808,254102034.96972656,252679094.4764526,252572828.48804477,252543622.19290283,254619464.49833795
5809,251660863.9411621,252597124.46704668,252510123.4517992,252449683.82832733,254102034.9697092
5810,255710453.68310547,251723278.46898052,251661678.49353445,251559868.2658626,251660863.94125703
5811,253645226.8930664,253112185.847763,253078173.60838607,253051051.33268362,255710453.6831084
5812,256500466.26489258,252601738.55052182,252499775.74925157,252427594.32849246,253645226.89300972
5813,251497846.1574707,253650602.17979506,253577906.21020752,253536363.6289292,256500466.2648844
5814,252985487.73779297,252022355.0583998,251923317.8795306,251789837.33075446,251497846.15755472
5815,255527736.1286621,252275794.17662394,252268697.26424572,252175663.5376005,252985487.73767743
5816,251394911.18530273,253258355.8744071,253205380.18404716,253167163.0707714,255527736.1285571
5817,252048177.3088379,251901989.71415818,251824523.43784922,251703752.32683948,251394911.1853308
5818,248308015.3059082,251918164.87662742,251921138.3180046,251821958.80176994,252048177.30887225
5819,253831373.85473633,250428380.3691188,250434066.96038467,250302677.54689857,248308015.3060164
5820,246558643.93164062,252172297.44962674,252220271.52815172,252203505.70994923,253831373.85472852
5821,253421609.55541992,249681647.8596832,249657360.21263868,249526384.15761164,246558643.9316176
5822,248356799.2824707,251749535.24415234,251830770.89207947,251831827.80677366,253421609.55540568
5823,249881175.72021484,250157564.96328536,250124665.5240768,250047913.36850557,248356799.2825401
5824,247598823.85986328,250441191.68998763,250503267.2742268,250452615.29629117,249881175.7201456
5825,249757563.06298828,249567665.9610952,249607185.7127652,249541445.01604956,247598823.85992387
5826,246901989.13989258,250126491.63876387,250196167.5440871,250182725.9031964,249757563.0628789
5827,249962362.30664062,249114212.70419788,249153956.9026422,249101167.62197503,246901989.1399521
5828,253947092.39160156,250024774.78435764,250102829.66080382,250111235.13207194,249962362.30660543
5829,253114603.79125977,251643814.5428142,251634610.9744228,251701744.87096733,253947092.39172244
5830,251222268.0751953,251722102.8947135,251643079.085491,251648739.5659115,253114603.7912349
5831,250620104.3544922,251153284.00773552,251105541.74625275,251049249.67728582,251222268.07510105
5832,250420085.6628418,250887778.82442582,250882814.71277103,250819329.36177802,250620104.3543815
5833,250351825.85546875,250719938.1509808,250726371.22810352,250675366.28827828,250420085.6627831
5834,251097511.13720703,250626456.73114872,250636395.85366964,250594541.99752057,250351825.8555423
5835,253903013.27929688,250859552.21345866,250865151.41489768,250840705.8292703,251097511.13717172
5836,250555675.27441406,251969938.0052072,251945233.2273199,251958307.3746183,253903013.279416
5837,251267138.67895508,250955807.42189622,250896278.3301322,250833742.34419653,250555675.27431232
5838,250878102.55737305,251056816.42835632,251061190.311992,251013039.74992913,251267138.67883608
5839,253759513.07202148,250897233.2892936,250886610.878814,250845336.68256432,250878102.5574399
5840,258063295.77685547,251962604.4412939,251945257.50617927,251947205.93759322,253759513.0721329
5841,250689670.84423828,253839411.18030626,253742521.42531386,253785373.97499138,258063295.77677387
5842,251828575.31054688,251576161.47884756,251443105.43480784,251314969.25283545,250689670.84420183
5843,253691777.6994629,251665875.11062992,251676751.63500193,251576683.68048528,251828575.3105929
5844,251064437.59716797,252322988.1922091,252295980.55302835,252254099.25468528,253691777.6995269
5845,252501381.125,251449003.5064891,251402236.0452352,251310368.15049738,251064437.59719604
5846,253691671.91845703,251831518.6761035,251829626.95838538,251767815.78076157,252501381.125061
5847,249852716.80151367,252320745.57494414,252281442.08781525,252243633.23400912,253691671.9185401
5848,253018528.44091797,250987604.44564566,250948133.18150678,250838452.60761216,249852716.80150983
5849,252357755.43066406,251928234.8084833,251947253.83685714,251903137.07515118,253018528.44099903
5850,249300823.51586914,251815036.3417923,251771964.96746647,251720128.81717098,252357755.430633
5851,248532507.6225586,250670496.8041588,250660998.3809419,250552531.89881137,249300823.51598597
5852,249116357.13623047,250115134.24819067,250167436.0106691,250073936.4189303,248532507.6225872
5853,246201903.94995117,250131093.15088567,250190447.80090278,250137691.84000868,249116357.13628584
5854,251360727.10620117,248944034.36049482,249005132.29489535,248923750.33104828,246201903.94990733
5855,252196063.3618164,250560132.12116548,250645661.96560335,250671773.1053953,251360727.1061792
5856,251667430.99169922,251120651.42682186,251095277.14763927,251122974.60744172,252196063.3618292
5857,252170185.85302734,251095925.05940536,251060451.4262046,251044045.01109236,251667430.99170616
5858,250358740.3190918,251353739.80568874,251327371.1784544,251304250.87069032,252170185.85311237
5859,246636667.89135742,250735437.37467784,250708824.53023762,250652222.9784458,250358740.31913227
5860,250188978.46826172,249215430.6545482,249246361.2828188,249142989.0018041,246636667.89136916
5861,251903502.21240234,250154134.03718394,250233361.1172788,250227813.91282505,250188978.46837807
5862,252263772.38256836,250903748.41548604,250898938.9621064,250926122.63523963,251903502.21229985
5863,247499261.14111328,251219034.4926625,251181868.14704537,251186505.59187004,252263772.3824464
5864,249304176.9345703,249514801.3713658,249497392.6097152,249414084.6962027,247499261.1411235
5865,246878490.58374023,249854582.76953825,249920407.31760114,249892399.0070731,249304176.93449908
5866,246953763.1328125,248898875.53676045,248936164.03944677,248895040.7242321,246878490.58382925
5867,247450128.59985352,248698696.66298974,248784317.3082997,248762325.43642345,246953763.1327039
5868,244838752.04223633,248719092.2974777,248792913.5117429,248804606.3905002,247450128.5997403
5869,250131362.53881836,247695439.21879005,247773173.68468812,247751711.94427183,244838752.04233757
5870,250644630.0600586,249395630.2935953,249490526.72946534,249574472.90438396,250131362.53876743
5871,256656564.75952148,249889968.24486962,249874847.63385096,249948328.7174655,250644630.0600201
5872,253789674.19677734,252349335.2883787,252295357.5663253,252418719.8414065,256656564.7595007
5873,252908713.30786133,251913528.89374167,251762379.8247691,251774738.71822006,253789674.1968634
5874,253008337.4729004,251694878.97301766,251614523.78605375,251573902.1921328,252908713.30788013
5875,250546851.81176758,251786635.7401787,251724955.5374094,251685181.6113547,253008337.4728356
5876,248473839.81713867,250920405.0715588,250874135.97761673,250795181.53456208,250546851.81180868
5877,251418016.3786621,249953153.70949808,249967804.37135196,249876533.49824324,248473839.81720123
5878,251864770.60302734,250794737.68334967,250830375.91307124,250819465.43305168,251418016.3785632
5879,251629963.37426758,251073085.7661284,251046288.75285888,251043064.88719386,251864770.60311157
5880,249293550.7841797,251072760.2528833,251041298.94185618,251016814.4877203,251629963.37430832
5881,253908554.17822266,250218884.61578074,250205580.02869186,250140497.4907623,249293550.78409207
5882,255478066.25952148,251790672.797283,251797050.98221102,251816212.10400215,253908554.1781933
5883,250994525.71069336,252701569.87988222,252608509.86495265,252630330.60451457,255478066.25952303
5884,248608499.24853516,251291255.52979252,251198357.63369903,251109487.24417943,250994525.7105792
5885,246409491.44140625,250183103.980792,250194250.02339375,250079598.2939558,248608499.24858847
5886,252363857.8083496,249048396.87913436,249113900.30376554,249011626.1188703,246409491.44134083
5887,252804670.9404297,250951881.08481485,251022941.11657563,251054689.9716546,252363857.8084674
5888,243640131.05200195,251422432.18925324,251371676.2000168,251394618.7753563,252804670.94046345
5889,246239189.13549805,248088274.64563057,248082869.02018595,247937140.9733017,243640131.0520141
5890,247126810.4296875,248372819.40935537,248529592.9778738,248482790.20587432,246239189.13555643
5891,249949225.48461914,248552012.81135604,248641360.34736615,248659487.19183886,247126810.42973876
5892,249302038.30810547,249557191.84801337,249611705.4777527,249673895.06867245,249949225.4845236
5893,252021403.66333008,249505523.6623487,249506368.80569524,249537776.2225585,249302038.30809292
5894,247467781.9645996,250562989.0384165,250563078.46942177,250619016.6352041,252021403.6633752
5895,245807290.8959961,249075052.27187383,249045859.9392341,249012005.6190371,247467781.9647177
5896,248020924.29418945,248193880.58368635,248265959.54592463,248219255.41828004,245807290.89592025
5897,252376982.1796875,248741182.03065923,248827142.36479124,248857337.57604063,248020924.2941728
5898,252222014.70239258,250405819.6703969,250420611.69875297,250523283.49151334,252376982.1796204
5899,246561163.90893555,250726292.4366785,250658708.64016858,250716203.79509234,252222014.7023927
5900,243486686.02563477,248774716.84487757,248747540.90096083,248683838.89268705,246561163.9089475
5901,249366893.38745117,247230166.0537219,247329988.48206064,247252882.72928527,243486686.0257016
5902,248763898.4116211,249018136.3997185,249139164.35205787,249211824.5732938,249366893.3874824
5903,248946734.30395508,249027956.2483614,249032633.7846712,249091347.4906599,248763898.411572
5904,248082336.7216797,249135118.80365092,249154001.27043486,249191682.56736085,248946734.30399236
5905,248937063.35473633,248840187.58378413,248858527.60754856,248879702.8781363,248082336.72160983
5906,253024249.44213867,249095412.03542536,249125658.19689995,249163962.5702751,248937063.3548251
5907,247782727.18432617,250681970.42455205,250671119.82286593,250768199.392127,253024249.44202995
5908,252250399.18701172,249095666.08947793,249037163.38603234,249015682.1647437,247782727.1843753
5909,251718482.72021484,250544667.52661318,250568491.15768147,250617583.02492854,252250399.18692163
5910,252546290.93237305,250613732.6367837,250549923.2899277,250583862.14528403,251718482.7202964
5911,253280624.58422852,251015571.69841287,250963085.8530199,250984846.63247782,252546290.9322905
5912,254595084.1213379,251455258.32404765,251385003.05367997,251401644.117401,253280624.58414388
5913,252209432.8425293,252116471.4502874,252028424.99182776,252044400.85494992,254595084.1214353
5914,252725346.1940918,251451612.87142158,251355942.97442684,251309897.7792021,252209432.8425865
5915,254993731.87036133,251599281.29155588,251552580.7166939,251511718.91585463,252725346.1940745
5916,251507916.81079102,252506504.14355978,252437188.471994,252433034.83359027,254993731.87028503
5917,252609098.14916992,251452757.45860192,251363557.6137278,251281785.8917164,251507916.8109096
5918,248037383.75048828,251713100.77886993,251689394.63981986,251629265.77472597,252609098.14920703
5919,250784353.47705078,250020122.90363324,249999150.73011398,249881737.32613415,248037383.7505067
5920,250584756.04467773,250649999.96453846,250702426.80902267,250663042.7222533,250784353.4770982
5921,251027293.0300293,250592972.40487933,250586487.08017358,250562858.91348425,250584756.04464
5922,250473948.3684082,250732603.3559091,250728967.35723692,250707924.67668033,251027293.03001437
5923,248356742.07543945,250530660.79865274,250519655.77081108,250490560.10957387,250473948.3684252
5924,249136841.95117188,249683394.62343013,249694329.45569554,249636555.43191445,248356742.0755444
5925,249780348.92919922,249781292.22582853,249828043.5534236,249802465.321968,249136841.9511664
5926,248948126.921875,249969186.31771308,249993438.56439522,249992195.31813952,249780348.92930737
5927,244678695.9387207,249659112.94000876,249674713.7245567,249659706.43789673,248948126.92185315
5928,247968988.04882812,247953292.68086013,248006885.22190702,247935082.47079432,244678695.93867725
5929,250753622.08740234,248785690.0326036,248901113.90933132,248920037.43050128,247968988.0488504
5930,248506451.8774414,249869484.02421054,249898163.59497154,249974469.50339317,250753622.08744535
5931,246638875.31689453,249222882.6703536,249210063.5838245,249224662.25521508,248506451.87733063
5932,249561777.92236328,248423741.98702207,248466224.714149,248449007.53437662,246638875.31691125
5933,250891557.61572266,249326983.70968625,249385594.44345567,249436436.75183234,249561777.9223185
5934,250564348.14038086,249991348.72534403,249984179.15094447,250047721.9294275,250891557.6156951
5935,250976094.47851562,250033501.65438077,250005453.46138528,250038418.4510299,250564348.14034852
5936,248959812.5012207,250231009.91009378,250207130.5048428,250234485.42892757,250976094.47857848
5937,247743696.37646484,249578921.255167,249560519.1973923,249546199.0126738,248959812.5012217
5938,251189098.55615234,249010487.80195546,249039807.71762148,249015042.02174833,247743696.3763439
5939,249272385.9658203,250164915.55997658,250197392.0283144,250245162.95206806,251189098.55623224
5940,248646800.29370117,249643584.39087188,249617949.2650832,249624966.9586498,249272385.9659318
5941,245071964.71020508,249347243.06482244,249366413.60205203,249357423.53716916,248646800.29368263
5942,251237122.90039062,247888026.54643628,247936025.86445957,247890625.80361027,245071964.71010596
5943,249055154.8857422,249865863.19621992,249947192.51470122,250029159.19427204,251237122.9003629
5944,246830449.82861328,249390756.8150761,249359920.98008725,249392157.52198076,249055154.88563836
5945,247907282.91186523,248529400.42592052,248559623.09112024,248538596.3296926,246830449.82860973
5946,244355531.47143555,248717532.3757431,248781679.5894403,248803090.33563343,247907282.9119168
5947,246156015.47509766,247324948.25663656,247383936.16964793,247367476.00868487,244355531.47148585
5948,242988042.23266602,247671508.83098453,247787932.4466325,247826854.6078253,246156015.47498223
5949,250774965.16235352,246459463.45468244,246553546.6774917,246561751.75235116,242988042.2326032
5950,251213221.21899414,249079733.635561,249190411.10954762,249339355.07353485,250774965.1624508
5951,252950558.70483398,249732967.3742079,249684564.11280945,249806174.20312637,251213221.21897355
5952,250863947.1213379,250674040.41512138,250615796.34456068,250704487.58476242,252950558.7048552
5953,251074594.60083008,250217097.61418122,250139486.30480003,250156825.21853969,250863947.121401
5954,254159940.43823242,250328292.69953132,250296785.50369447,250302785.5294028,251074594.60091195
5955,248263679.85986328,251539918.16679832,251486863.7295442,251539155.34343788,254159940.43819135
5956,249541147.19995117,249645992.35451388,249570356.69961798,249502972.63218626,248263679.85991147
5957,249523310.47192383,249798883.25733438,249835577.5884698,249805209.99688306,249541147.20004785
5958,247815199.04638672,249748839.63379833,249755524.93178743,249751226.29016384,249523310.47194093
5959,243449407.05932617,249066231.09528828,249083858.53818667,249056923.95032328,247815199.04640755
5960,247100800.21557617,247231611.03309563,247305303.11162376,247232944.92638862,243449407.05935824
5961,244517572.83642578,248111446.10290718,248244344.08579192,248281389.09693366,247100800.2155104
5962,246596644.24023438,247162832.50932637,247230769.54079032,247247749.46657166,244517572.83637744
5963,248789541.58764648,247700596.75205222,247807223.81229493,247868194.41018283,246596644.2403296
5964,252569130.24951172,248535999.63518986,248582441.27463946,248685164.5159936,248789541.58772105
5965,252718699.55078125,250148820.86840153,250132372.02627409,250266059.7736476,252569130.2494661
5966,249959275.50976562,250612764.84252656,250523438.48983264,250609583.11862904,252718699.5507764
5967,251228033.40356445,249834410.7139559,249764684.04400063,249765573.83155933,249959275.50988385
5968,250966386.2854004,250238578.36493793,250218496.55075037,250239556.26597312,251228033.40364045
5969,253219170.84716797,250235910.07921138,250192656.75860643,250210174.60248366,250966386.2853613
5970,254928500.1130371,251126925.80006975,251079722.44964603,251123100.51406196,253219170.84713823
5971,253266860.63378906,252005802.00820634,251906922.8291507,251954161.60229838,254928500.11311293
5972,249623146.79956055,251678768.71739605,251561841.63974714,251546536.8484715,253266860.6338557
5973,246925512.8815918,250342274.7913918,250283431.03070375,250201746.54408482,249623146.799644
5974,244764910.2854004,249048459.8961875,249076452.24916217,248986392.10266715,246925512.88166943
5975,252368430.83154297,247853730.63953975,247941778.5949955,247872354.5116176,244764910.28531927
5976,251832405.27563477,250358691.84867275,250442037.02668667,250535345.32423204,252368430.8315742
5977,251763763.70996094,250588780.9275811,250523385.97211525,250581651.3599105,251832405.2755488
5978,251096475.02734375,250710327.83378747,250662466.94267926,250677552.8275462,251763763.7099124
5979,251715474.60180664,250550514.8796203,250507615.62770382,250500774.61109766,251096475.02742156
5980,249050221.2775879,250808622.0964144,250777799.02993715,250775851.13875252,251715474.6017777
5981,246313667.55297852,249871113.3658444,249844065.55780515,249798449.6277456,249050221.2775791
5982,247566644.39038086,248638386.60794875,248679215.24652317,248610270.6597164,246313667.55301407
5983,250288363.09594727,248769181.84461075,248852404.01145768,248846108.08441162,247566644.39050293
5984,249146488.5654297,249703104.51586896,249741533.2025605,249798799.35888344,250288363.09591863
5985,256683002.66870117,249436745.22701213,249427488.61486736,249450660.3896031,249146488.5655496
5986,256256167.4958496,252284002.92277756,252257545.18342453,252380879.45396554,256683002.6687976
5987,253775018.5703125,252766907.44233194,252596284.39620584,252654622.73413444,256256167.495796
5988,255226139.18066406,252155225.0810722,252018901.90460432,251977382.4977799,253775018.57043356
5989,253171545.3173828,252711135.720114,252618452.51600435,252592114.58794746,255226139.18073693
5990,250002223.4987793,252133483.12494102,252028148.7765496,251960542.67688826,253171545.31734285
5991,249163818.04638672,250859408.49480727,250816350.33147117,250705133.4052597,250002223.49867544
5992,249614591.78466797,250249163.17489046,250271392.34315628,250184629.61475328,249163818.0464033
5993,247739849.3256836,250204866.22115728,250238201.84068197,250194523.01859015,249614591.7846625
5994,248040163.04296875,249395607.51476192,249427657.50698522,249374011.85134268,247739849.3256651
5995,249853883.77954102,249294367.68410254,249360371.59178865,249332405.2957646,248040163.04300967
5996,250000373.3413086,249870940.57689992,249915716.47962385,249933237.26083598,249853883.7794549
5997,248943544.2001953,250038641.5776805,250047316.02989042,250056688.0334514,250000373.341396
5998,248419437.7294922,249670726.4519136,249682313.59234858,249666037.54546723,248943544.20023865
5999,246709273.31420898,249389807.02674347,249423984.62369123,249405878.73460084,248419437.72956985
6000,245945365.71826172,248630936.12995794,248681787.2588675,248652916.3762788,246709273.3141717
6001,250166512.70361328,248124475.81308562,248209843.38993928,248193405.21797287,245945365.71829668
6002,252576406.53515625,249525005.16578412,249597889.53110927,249670632.68440446,250166512.7037104
6003,251418628.8630371,250651157.86261642,250624163.8149575,250717251.33906654,252576406.5350404
6004,250250716.54711914,250543681.4158674,250480655.56983903,250508630.82597703,251418628.8629789
6005,247022487.67382812,250181749.24792928,250151509.1892651,250141140.6769979,250250716.5471743
6006,254215201.33740234,248913454.17493743,248924647.73961258,248872406.2629825,247022487.67383757
6007,250842383.2668457,251345139.3202723,251378033.95953557,251463149.26648337,254215201.33748344
6008,253491113.83984375,250569456.4931002,250480476.21033508,250482519.80912587,250842383.2668832
6009,257823180.85205078,251534053.7502977,251504508.19169623,251521247.1214938,253491113.8398038
6010,261042858.7915039,253435307.6749691,253329767.32327038,253393455.51609093,257823180.85201585
6011,255587979.49682617,255200655.75663164,255000731.48285466,255048273.93435597,261042858.79161125
6012,249313044.9326172,253748877.5657176,253528048.44504744,253416330.2648956,255587979.49685687
6013,251550193.7626953,251264701.17948663,251194667.20226008,250982730.07147887,249313044.9325463
6014,248799949.52514648,251553272.32433996,251590468.7635459,251483014.5269553,251550193.76260588
6015,246359128.7722168,250432645.951124,250436621.40049326,250326560.18082833,248799949.52518427
6016,250669955.08666992,249199786.66901127,249270904.95384985,249152957.0739059,246359128.77228567
6017,251074945.12060547,250441925.20892075,250529896.73425794,250526117.98697823,250669955.086747
6018,256160189.20947266,250724252.27085018,250720150.9326957,250724564.68458557,251074945.12072027
6019,252068542.88720703,252709976.2370423,252671164.6629542,252730777.67910084,256160189.20940495
6020,247670304.65771484,251624330.03358984,251509255.5894694,251461068.42256972,252068542.8871393
6021,252918651.07177734,249863314.4564787,249859206.32482564,249732224.55762652,247670304.6577977
6022,252134713.95458984,251453618.07743552,251501886.68722108,251501094.34376004,252918651.0718664
6023,252578582.48242188,251432998.5779904,251381301.11670068,251362522.00819272,252134713.95458877
6024,252576124.49389648,251640165.84640998,251606157.40270415,251572868.80257395,252578582.4824361
6025,245244863.39575195,251706253.89785862,251662939.8915436,251624005.45088893,252576124.4938667
6026,250262581.24316406,248964905.7765688,248963472.45214635,248811530.7513192,245244863.39580837
6027,247929534.0012207,250249593.78351513,250362007.63072616,250342187.8861043,250262581.2430797
6028,247162782.22753906,249455996.9002666,249474076.96811542,249442859.00403264,247929534.00133684
6029,249660613.43823242,248980886.8981739,249050951.88310385,249011327.89073306,247162782.22747952
6030,253563179.36010742,249764819.92016315,249830786.72731403,249850991.29537147,249660613.43822092
6031,249866748.26123047,251362542.54293665,251356405.29766694,251426215.13857073,253563179.3601551
6032,248842485.94555664,250343378.32851827,250283119.5221899,250252207.1986228,249866748.26117
6033,247284791.0456543,249858252.3719918,249880976.77664706,249825306.28098622,248842485.9454499
6034,246933193.68188477,249106019.64762005,249152854.32321945,249101090.2960482,247284791.04572943
6035,247164672.5012207,248730829.9358085,248806578.83128774,248778663.70856202,246933193.68195444
6036,247434572.5661621,248645429.3127912,248722449.75986066,248723092.52749765,247164672.50124425
6037,249910154.60498047,248633557.94642428,248700529.60410005,248720148.2557775,247434572.5660878
6038,247667115.2939453,249506091.65541226,249550737.70794305,249613266.51733044,249910154.6049842
6039,246243437.66064453,248826953.0233573,248834329.71230084,248846723.72879973,247667115.29402345
6040,246565536.60229492,248174731.8130863,248235312.77892804,248226638.3642038,246243437.6605761
6041,245466733.6994629,248104016.43331045,248186507.92757574,248207636.04456463,246565536.60229385
6042,250114800.88745117,247607383.11302775,247686607.60070023,247705792.9865938,245466733.69944164
6043,247202475.78344727,249214973.4647236,249287971.72304335,249389842.57262757,250114800.8874461
6044,243269296.2294922,248411491.51214343,248407575.7068112,248443029.2068866,247202475.7833733
6045,248875767.45996094,246807360.3786032,246885484.6779809,246855201.9726595,243269296.22950047
6046,248089989.4633789,248531477.28256497,248650300.0376039,248748319.74856198,248875767.4598792
6047,249868375.39941406,248496529.9134926,248505481.64244893,248583839.8263744,248089989.4633485
6048,245058281.36572266,249230981.38110435,249250108.75349537,249327765.84837416,249868375.39935824
6049,246514920.66601562,247615614.4720334,247626854.02625176,247613124.10817498,245058281.36579293
6050,245199370.02734375,247851466.0825367,247950305.07039958,247978886.3931576,246514920.6660835
6051,246543621.54492188,247298257.89914772,247369705.11629695,247402328.59820578,245199370.02736425
6052,244046889.45166016,247643406.09507835,247732791.8378601,247797447.37518567,246543621.5448317
6053,247482795.5793457,246710494.46543026,246783008.86807814,246814699.61964625,244046889.4517544
6054,242939146.16333008,247812128.0356709,247914949.092217,248010550.7516939,247482795.5793753
6055,247245495.68676758,246236077.3508159,246291598.0769299,246315759.46367544,242939146.16331312
6056,245798075.8083496,247545964.10427588,247667151.1524453,247771137.9832219,247245495.6866941
6057,251187548.40356445,247188550.6435103,247227088.18166056,247308080.93284342,245798075.8083504
6058,253885642.1591797,249166636.4818016,249206194.27344337,249357169.03732365,251187548.40362817
6059,249031549.72338867,250588755.44525817,250505470.33177632,250661642.02136287,253885642.15922725
6060,249716300.1604004,249202465.33974385,249100518.97867388,249119166.6572111,249031549.72328776
6061,247359238.54052734,249337571.1198218,249333141.8354362,249356714.01486194,249716300.16034037
6062,244680920.6887207,248459842.65590534,248453277.336773,248456376.8343058,247359238.54044995
6063,252014287.01220703,247264193.2392425,247320283.94995344,247300375.28799626,244680920.68879285
6064,248888161.16625977,249739932.23677203,249805360.64267126,249931795.9942282,252014287.0122718
6065,247445505.12304688,249013676.69723392,248950403.5529268,249001110.62446037,248888161.1661891
6066,250194256.18237305,248432933.08707145,248446909.33962783,248452484.12145317,247445505.1229352
6067,245377188.0756836,249313379.4563511,249336045.9039889,249405682.78907913,250194256.1822953
6068,247785008.68774414,247646197.49643984,247640290.90852097,247630842.3653689,245377188.07571217
6069,251078681.82177734,248245389.1426363,248323138.8471111,248368709.95477647,247785008.6877306
6070,248293907.60913086,249516617.19806916,249522733.51961875,249633326.95859888,251078681.8216611
6071,249257053.50170898,248746379.51214063,248706044.31649077,248742618.67984226,248293907.6090879
6072,246626286.0119629,249013027.8056023,249025201.1538193,249071190.09139836,249257053.5016657
6073,244550253.4597168,248042004.20938694,248046117.5158791,248059702.74496278,246626286.0118868
6074,246132072.23608398,247075908.1234145,247145297.77506828,247142588.62503362,244550253.45977905
6075,249254936.56958008,247373332.04110456,247469649.74570942,247529926.06734177,246132072.23601875
6076,252690828.44482422,248525197.29334688,248569063.42031124,248688999.24337393,249254936.56959224
6077,253713031.7626953,250074482.7212216,250038903.29895076,250181654.753429,252690828.4448709
6078,252870083.46289062,250889031.58786914,250785558.7178846,250889276.77281687,253713031.7627243
6079,251434475.11254883,250880809.8628127,250767789.87301204,250812089.10115322,252870083.46280345
6080,252392237.4296875,250474134.99046925,250390919.06124958,250392280.2556475,251434475.11258185
6081,248584735.0654297,250823949.2735733,250766652.49876368,250784054.0070286,252392237.4297617
6082,248384977.93408203,249491870.92961597,249439314.4042073,249396333.73099765,248584735.0655331
6083,252282029.7211914,249163100.56024778,249188752.58602124,249164483.45176572,248384977.93397343
6084,244361247.07910156,250501484.3775172,250505739.95734727,250568198.63930705,252282029.7212129
6085,246610088.34326172,247762558.69560716,247735658.13483498,247662331.3450404,244361247.07910225
6086,253239869.07104492,248039953.39666435,248156727.6494274,248157237.12704524,246610088.34324
6087,249752647.70239258,250447120.96062842,250472963.17510813,250612061.77883032,253239869.07099152
6088,249966757.7055664,249630107.30867353,249548546.38757402,249585363.84283277,249752647.7024021
6089,246056200.5192871,249669618.67161465,249660997.5418383,249677500.84574172,249966757.70558068
6090,244987213.54907227,248217887.3385719,248225312.06035683,248190917.66780275,246056200.51940516
6091,250139571.0234375,247465449.4731037,247554920.6965439,247538101.39151785,244987213.5491414
6092,246474255.5065918,249138104.56799695,249212962.78453138,249315081.75986904,250139571.0233246
6093,250101677.92333984,248056521.89465076,248050216.11970282,248077671.48459628,246474255.50654957
6094,249143111.89453125,249235844.66109282,249283682.97912544,249363926.61469197,250101677.9234196
6095,248292288.52246094,249090429.5101063,249069222.29875097,249126975.78536972,249143111.8944429
6096,248927097.74291992,248776455.92049047,248781708.55306232,248812637.2496817,248292288.5225762
6097,245559024.20532227,248975866.68990952,248994044.65703455,249039637.10673523,248927097.74291325
6098,246435627.05322266,247730104.76356432,247754078.23562694,247750764.34301257,245559024.2053031
6099,248467966.15942383,247790661.0312819,247875978.77492705,247909360.20584428,246435627.05327892
6100,246607047.07836914,248480313.71042174,248531891.76140746,248616712.33020645,248467966.1593409
6101,248357167.76464844,247910227.9424228,247933685.27676347,247977496.88739294,246607047.078257
6102,247316529.27807617,248455126.9469576,248504928.26416686,248577098.03690687,248357167.7647269
6103,242722567.40625,248178512.0588837,248199029.19062316,248250184.94832087,247316529.27805495
6104,240519915.9321289,246388669.6406255,246455769.8348469,246437073.69426018,242722567.40618467
6105,250308873.4033203,245138426.6441124,245304715.60661516,245296223.52291262,240519915.93203184
6106,250708880.58740234,248399405.22992986,248545939.02280164,248743689.30297363,250308873.4034345
6107,244688438.3544922,249105063.61257824,249052401.3948489,249217220.71125552,250708880.58747455
6108,247457302.76098633,247139840.73615578,247122347.86036366,247131037.09851313,244688438.35449025
6109,246088084.04956055,247840305.87227324,247924803.3452126,247997554.66018838,247457302.7608958
6110,245172907.16455078,247396521.9055634,247428610.9521413,247495123.77155483,246088084.0494856
6111,249193229.64233398,246985617.8684899,247053724.77434278,247104759.93655252,245172907.1645832
6112,249156955.50927734,248357342.6664918,248417327.34651318,248546687.92718676,249193229.64222828
6113,246345793.21362305,248612520.18518835,248592768.6364631,248700419.66493937,249156955.5091819
6114,246818358.1538086,247692154.90611342,247694268.0838892,247730827.14834464,246345793.213738
6115,251288816.3996582,247695317.35612425,247748919.94258848,247805622.32842836,246818358.15384328
6116,245384209.0288086,249371284.954398,249388980.6107553,249522773.5060208,251288816.39971405
6117,249162114.59204102,247510712.11745802,247476451.06183672,247487767.66364017,245384209.02876988
6118,250290142.3022461,248611436.77798507,248675055.963816,248754690.35552257,249162114.59194985
6119,248330122.9206543,249217435.02084655,249196267.07440442,249296583.84328955,250290142.30222312
6120,247080311.6940918,248655323.7990817,248628177.21007705,248670101.74592862,248330122.9206827
6121,247891238.60009766,248126358.11264804,248146346.9712203,248168087.7771086,247080311.6941952
6122,250619156.24682617,248325910.96157852,248365180.9973414,248414637.0022342,247891238.60001472
6123,248405705.60131836,249383117.33821213,249391014.46364447,249483856.378434,250619156.2467493
6124,249514063.45361328,248790143.52247083,248758871.2975602,248793879.08264616,248405705.60138255
6125,253687801.12841797,249138153.8473351,249146823.90286165,249193432.45757887,249514063.4535028
6126,248458159.72436523,250781262.14737937,250743324.1243797,250852273.2295206,253687801.12847435
6127,248198085.30932617,249198597.60204104,249111134.00149062,249102001.09800097,248458159.72431135
6128,246530805.85375977,248872519.23712596,248894428.09717613,248885276.67820993,248198085.30936465
6129,251605820.10986328,248103542.21736288,248134559.8506298,248132577.0287688,246530805.85371932
6130,249011659.04956055,249818631.0985977,249853215.52667722,249949879.03235888,251605820.10981125
6131,251110186.97875977,249167970.15596676,249117504.0236666,249153985.9939719,249011659.0496091
6132,248323812.5834961,249877529.47649696,249869679.0733702,249925857.5199226,251110186.97877356
6133,247456855.26293945,249010196.0144235,248975667.65186766,248980110.1770544,248323812.5835114
6134,247464504.07080078,248552554.29443502,248581650.89082778,248577802.71016818,247456855.2630117
6135,245079302.2097168,248383572.11836195,248425210.7475551,248448966.48711967,247464504.0706928
6136,251178554.49804688,247387510.45166758,247440671.37594602,247444613.285445,245079302.20975232
6137,249089955.61254883,249418213.5008187,249481293.9190694,249603302.9645866,251178554.49807572
6138,248079966.28930664,249012003.5665536,248964326.47564206,249029859.05724686,249089955.61264783
6139,245821267.3190918,248657937.63081047,248664136.14253548,248688660.71046308,248079966.28929323
6140,248365385.48242188,247715631.4839676,247750846.47484377,247754890.4002312,245821267.31918836
6141,246326420.71777344,248458112.5383486,248522649.00406215,248589257.05223018,248365385.4825143
6142,249728484.97021484,247765155.18664044,247787905.5916963,247827999.69840428,246326420.7177608
6143,251047075.22387695,248904192.8425599,248948649.0569136,249044857.70953032,249728484.97014093
6144,247764258.18969727,249620356.64449915,249588955.36816096,249691529.67061934,251047075.2237597
6145,246874938.15405273,248593205.7686527,248558137.74631906,248578777.01667342,247764258.18979988
6146,246271528.10302734,248112382.62690392,248148553.53359637,248161526.11904073,246874938.15393737
6147,243888349.35717773,247743336.88059798,247797790.2410151,247826958.49825856,246271528.1031051
6148,245323955.11865234,246693868.30194646,246771038.39367467,246785369.12340087,243888349.357112
6149,249722160.24804688,246945073.12665436,247057943.1258386,247126023.38875616,245323955.11868435
6150,252956025.76538086,248550893.20623735,248606263.10967058,248756551.42233282,249722160.24805948
6151,248391011.92041016,250101178.78205797,250052876.8517227,250215975.9940053,252956025.7654375
6152,248341303.92163086,248843161.69606426,248762517.1580553,248793889.26679027,248391011.92050385
6153,251082437.3515625,248735297.60253304,248751414.33193097,248771916.39190748,248341303.92174572
6154,251982469.18408203,249717272.4501675,249716764.34657028,249797501.62210542,251082437.3514852
6155,250601110.03588867,250259754.17117015,250201560.59129694,250278609.1578618,251982469.18402493
6156,250802862.3310547,249960597.4925186,249898454.63115644,249923175.05603758,250601110.0358537
6157,253864204.98754883,250048473.04378295,250015491.85606685,250036029.45019093,250802862.3309665
6158,252464646.38720703,251263979.87839958,251211132.60691208,251275048.85175082,253864204.98758703
6159,246108987.79858398,251064184.6762727,250963754.79503182,250975430.26254925,252464646.38730505
6160,251075101.57763672,248713907.84793764,248682161.352034,248582778.0764812,246108987.7986642
6161,252796546.72045898,250091141.8058549,250154811.7972081,250179667.10260975,251075101.5777287
6162,251503465.14453125,250931936.43661597,250883588.1419237,250943106.62303388,252796546.72034484
6163,251762570.0625,250689962.85544515,250622542.51804584,250624916.73580718,251503465.1444648
6164,251413362.61035156,250791536.245829,250749128.13546297,250746060.87346697,251762570.0624485
6165,253497595.8852539,250733568.8643951,250689576.61923185,250677392.1717861,251413362.6102612
6166,250510116.58911133,251536434.03376767,251489985.06364703,251506609.610703,253497595.8851592
6167,251286474.1369629,250596480.90965346,250527271.71223745,250483716.05499706,250510116.58911467
6168,251462410.2939453,250749517.8838082,250737674.4222682,250710557.2202162,251286474.13695216
6169,252299765.67651367,250833603.8824911,250803863.75036305,250788797.3617869,251462410.29388785
6170,250996660.7770996,251183276.46090162,251147902.92058107,251141105.13665846,252299765.67660287
6171,247197848.13476562,250771087.87566903,250727006.47275767,250693185.7903363,250996660.7771212
6172,248445274.36572266,249277158.47868595,249280891.90123388,249193363.56153074,247197848.1347524
6173,248226566.6225586,249395351.6668968,249464970.03771418,249435079.1573464,248445274.3657612
6174,254566716.4194336,249193420.02927366,249233103.70478833,249229309.80088872,248226566.6224621
6175,252532465.4958496,251508219.10159132,251516335.42262936,251612692.8605075,254566716.4194401
6176,245527221.95288086,251233090.27497634,251127854.01644787,251148732.06096104,252532465.49590585
6177,247974018.43774414,248680898.90151295,248662964.18672857,248544987.25252512,245527221.95278785
6178,244752626.25512695,249046910.42799076,249148626.68967456,249123204.42755884,247974018.43782973
6179,248133990.9777832,247750088.8529485,247814408.81383047,247778736.45551747,244752626.2550828
6180,250856208.58422852,248662521.65172854,248769466.8199573,248814948.07115763,248133990.97772163
6181,249994396.02001953,249776089.55403882,249795247.417923,249887334.07125235,250856208.5843141
6182,252799419.68823242,249708775.78874746,249682078.30388975,249725449.2856734,249994396.0199198
6183,251925078.53198242,250830950.75063428,250807219.9282138,250872155.4619887,252799419.68815184
6184,251850836.43359375,250813018.9425497,250741780.7522371,250763962.88732508,251925078.5319673
6185,249123605.80786133,250863424.47344205,250814337.1891224,250815339.36962152,251850836.43353847
6186,251483760.7150879,249891171.4578464,249860210.42819107,249816241.90288812,249123605.80796668
6187,249269905.26513672,250597101.0299532,250607281.86860055,250615535.8729023,251483760.71505573
6188,248157411.578125,249889116.80570644,249864865.0848104,249839702.40724972,249269905.2650305
6189,253919402.41333008,249331736.8418309,249358901.15993583,249322855.4100952,248157411.5780113
6190,255257060.1838379,251366620.58537647,251381151.95582375,251452145.79833236,253919402.4132903
6191,250445185.11914062,252284556.98381534,252179306.9813458,252237520.19261634,255257060.18393248
6192,253562027.74829102,250784266.13283482,250686975.22925308,250621600.7545077,250445185.11925617
6193,253622952.65942383,251755525.91664326,251738320.50804678,251728430.79761475,253562027.74833763
6194,250839747.05541992,251972190.77835494,251892466.3762194,251882233.13049015,253622952.6593079
6195,250453634.97314453,251038385.32242632,250978816.58922687,250905884.91394633,250839747.0554273
6196,253198144.38549805,250751899.16535953,250750772.48533595,250683368.7000733,250453634.9731561
6197,253639857.30541992,251708656.1289294,251698664.17149565,251690428.95391285,253198144.385502
6198,251268167.01220703,252063450.96334347,251998671.71244487,251983515.65426186,253639857.3053557
6199,248948229.22509766,251281403.00335374,251223948.30292794,251153036.74146733,251268167.01216105
6200,249739838.92944336,250286618.7878602,250289593.35664305,250191836.82960442,248948229.2250805
6201,250771809.4453125,250339811.5361831,250381669.06676376,250327925.8406292,249739838.92934665
6202,250396502.28125,250653946.29372257,250671384.09898275,250652004.7938306,250771809.4453967
6203,248915180.88330078,250537043.93711254,250535461.72186384,250507980.58116582,250396502.28123996
6204,249106817.36791992,249950262.9205163,249963674.43420243,249913173.86181805,248915180.88318297
6205,251386417.57128906,249877527.37369308,249917412.45973116,249884783.04537758,249106817.3678741
6206,253790327.8005371,250653558.42643383,250674054.64030045,250689872.69237435,251386417.57137063
6207,250658144.27294922,251696422.99065396,251657095.18115392,251695804.58698374,253790327.80055517
6208,250925381.34301758,250821613.53809398,250756840.21893227,250710115.46131974,250658144.27298665
6209,252056935.92504883,250812795.61162126,250811098.6016398,250766393.23168907,250925381.34313872
6210,255145034.1989746,251211216.529655,251195269.31465453,251180145.47833282,252056935.925064
6211,248834857.54516602,252471028.07007954,252417135.7003722,252438963.16950414,255145034.19885933
6212,250841542.82299805,250398848.98492754,250322108.84784007,250216848.30147463,248834857.5452492
6213,246154997.59545898,250792516.7046151,250831798.69981387,250777052.6531176,250841542.82304645
6214,247696586.2512207,248991946.73174164,249011009.43829784,248913934.92743725,246154997.59554404
6215,248172725.89746094,249148196.8439827,249250410.93900728,249212850.4424529,247696586.2511952
6216,249189780.9116211,249214792.38834456,249276122.24524105,249276963.7339723,248172725.89755884
6217,249426267.36987305,249546882.02202588,249591789.99222556,249610937.66681743,249189780.91151625
6218,250674597.07885742,249664609.94599488,249686008.5072758,249704838.85316777,249426267.36976308
6219,247888018.57080078,250155004.63249284,250163698.70243505,250194365.04106805,250674597.07877424
6220,249977835.72216797,249229748.54056627,249230026.8979474,249204714.56925035,247888018.57078037
6221,252567567.36376953,249845922.29948997,249889203.24329025,249904565.3535873,249977835.7222467
6222,252090767.77539062,250931726.01859903,250917894.6854419,250971583.2749209,252567567.36377063
6223,249820438.75219727,250994630.7546043,250935435.2178161,250952356.79384637,252090767.77528843
6224,251735723.50952148,250218048.06960186,250183124.81402552,250146649.18067437,249820438.7520791
6225,253208097.1142578,250840208.78595418,250841092.591877,250841134.47496754,251735723.50946325
6226,249682076.05493164,251514755.45939374,251469062.19051644,251487726.26384583,253208097.11433867
6227,251317853.11694336,250399458.58845598,250349312.04096878,250288262.19707918,249682076.05493623
6228,249837930.3605957,250839952.1080465,250852541.99528185,250824946.32464483,251317853.1170061
6229,253123950.42211914,250328804.3269442,250314563.1766323,250273592.4605319,249837930.36051065
6230,255361083.75561523,251478315.09607887,251477024.3646598,251488832.08827928,253123950.42213485
6231,252601998.83691406,252552694.50135165,252473511.27324167,252502649.28703955,255361083.755608
6232,249993864.97705078,251827884.43329182,251725916.04326284,251671406.41228902,252601998.83693257
6233,251499282.22436523,250783692.2101863,250753715.96183196,250654305.76647228,249993864.97694287
6234,248290901.0341797,251135642.5922643,251147595.4775741,251099616.82993066,251499282.2244458
6235,250933843.13256836,249927505.18754107,249925763.10388944,249842415.42052177,248290901.03414
6236,254322556.14257812,250653964.39439747,250700131.01696625,250678034.4985633,250933843.13260597
6237,254351764.68408203,252036504.7923591,252008857.6782154,252040615.41911963,254322556.1425152
6238,250668670.9025879,252364544.14449412,252273801.20273688,252267816.08865756,254351764.6840446
6239,250284155.29785156,251127376.81888187,251059758.85644683,250969258.98810124,250668670.90256983
6240,253481288.88745117,250786173.508068,250794348.08379775,250713021.48956975,250284155.29773155
6241,248219032.45654297,251860600.1049258,251855361.42481196,251848304.51113892,253481288.88738397
6242,246297881.6298828,250058068.356577,250019191.82772976,249921521.8920898,248219032.45663816
6243,244951044.84814453,248973998.6503776,249050207.86089247,248946453.3526857,246297881.6297955
6244,250380704.37695312,248108455.10533065,248221991.78179696,248152857.45465386,244951044.84813875
6245,251584293.0078125,249817377.86680815,249920960.7656855,249977272.28675097,250380704.3769557
6246,250588352.32641602,250513808.50538495,250499354.76670867,250560180.9067314,251584293.00772423
6247,248687802.95507812,250342578.9079871,250313435.03643802,250319578.60041603,250588352.32636648
6248,256022692.01367188,249657053.0192157,249658928.14636937,249624510.6031255,248687802.95517263
6249,255036077.71850586,252299926.55774283,252297667.8254597,252384572.41030335,256022692.01365924
6250,251903077.23266602,252496308.60408524,252356774.45189273,252382314.98161802,255036077.71853969
6251,249333111.03027344,251535074.29014057,251442530.6607108,251370549.7579597,251903077.2325632
6252,252482346.48120117,250452627.86836323,250437355.7029609,250335581.56768504,249333111.0303561
6253,250221315.12939453,251395830.58809134,251412158.84230614,251391583.32687855,252482346.4811625
6254,253615304.38842773,250679564.22105673,250645724.32631335,250592147.73916787,250221315.1295064
6255,251252972.16723633,251819144.98522845,251812541.63007602,251812977.6689092,253615304.38831416
6256,252842636.70092773,251156980.0253831,251095370.15515205,251047323.71536115,251252972.16734815
6257,252141167.39892578,251679540.29627243,251659004.76257023,251629115.18996182,252842636.700997
6258,253338227.04907227,251519866.64907357,251471339.0284681,251429345.90490606,252141167.39900964
6259,250481722.7006836,251944670.12648872,251904145.29777375,251877402.57726604,253338227.04900923
6260,248280056.47265625,250983886.78962344,250937179.01020163,250859534.55927974,250481722.70066425
6261,249532304.1923828,249954489.26104558,249976632.45577452,249880770.45434847,248280056.47271767
6262,244952401.90795898,250159737.36502174,250214845.46477258,250174214.15581596,249532304.1922702
6263,249669972.0690918,248375465.12559563,248428060.73056078,248336790.42580178,244952401.9079172
6264,251328686.92773438,249716577.3758801,249830346.37902206,249848569.5173877,249669972.06910127
6265,249530668.72436523,250496102.97438335,250500991.06603974,250548868.18284732,251328686.9278445
6266,253830938.44067383,250011957.8140977,249998117.46478945,249984979.1751961,249530668.7243292
6267,249221208.72998047,251577586.07103008,251574932.6178066,251620765.7337925,253830938.44067845
6268,249703437.82080078,250195306.80765194,250134181.8187711,250081938.23183784,249221208.73003405
6269,250371348.39404297,250172805.50063583,250204363.52378303,250160497.25686222,249703437.8207636
6270,250572965.5354004,250359945.3445092,250373692.75215045,250361573.31055722,250371348.39394093
6271,248828223.4711914,250449292.95073694,250448850.7975713,250438655.17145297,250572965.53528976
6272,251314211.23388672,249819618.58197376,249825354.86468172,249784317.79435453,248828223.47118053
6273,250153328.04174805,250619166.98646784,250644993.45980054,250652718.80955732,251314211.2339537
6274,257755376.47583008,250303698.14372686,250284619.88327208,250270451.66836116,250153328.0417461
6275,248716724.19677734,253162674.77594852,253127110.6378581,253216754.39911002,257755376.4758432
6276,254051065.0690918,250390724.05275896,250257731.5589676,250155558.3560417,248716724.19671723
6277,247575372.54785156,251998055.78753045,252021357.16916525,252004263.4232143,254051065.06908575
6278,249291396.06518555,249809732.1175911,249757963.14777252,249652609.21471953,247575372.54777437
6279,248867681.69189453,250011660.0311272,250081653.2182761,250027206.02119258,249291396.065164
6280,252746468.84716797,249766195.7698823,249796344.05499187,249769260.22548872,248867681.69190964
6281,247825779.6784668,251145411.43082935,251163195.99931893,251199212.045004,252746468.84715912
6282,255626386.07958984,249547164.25720587,249514473.57302278,249455374.6536173,247825779.67839825
6283,250878216.68896484,252229985.89753765,252253301.276686,252318071.33714688,255626386.079608
6284,252263842.1677246,250972032.2758268,250866021.54395336,250827317.09276515,250878216.6888677
6285,246695360.72070312,251352657.12194318,251340443.62418565,251305952.2358725,252263842.16766745
6286,250098072.13232422,249294971.76026794,249281943.00640976,249175530.86944082,246695360.72068512
6287,249954471.0065918,250138298.11760193,250215853.9368432,250197787.76637954,250098072.1322394
6288,251124053.38745117,250145438.52896762,250151424.95207393,250149350.87939417,249954471.0066248
6289,249455867.88354492,250561777.63158542,250565313.1087635,250573950.27699068,251124053.3875698
6290,250312774.35766602,250026246.14459917,250015425.46810994,249989942.4754275,249455867.8835474
6291,251046116.2956543,250265834.74953362,250283643.5863825,250272754.82453442,250312774.35767332
6292,249173645.52954102,250598484.76213467,250595031.19685742,250594936.95724723,251046116.2956608
6293,251303913.38916016,249964025.96181062,249957852.259799,249920346.11884642,249173645.5295668
6294,253345710.7631836,250641038.90369707,250659850.92643666,250662104.1831562,251303913.3891707
6295,253013429.06152344,251536162.48547733,251499529.71116692,251526547.7182324,253345710.7632976
6296,255298427.19311523,251675832.8173058,251605788.19805568,251594654.4265897,253013429.06155515
6297,254344320.63476562,252634373.79466084,252561193.1913622,252564924.85904315,255298427.19312456
6298,251093326.11816406,252534796.96451893,252424340.65881965,252388096.96333882,254344320.63485748
6299,247985879.68603516,251386182.93856215,251317339.84975684,251214877.36432102,251093326.118209
6300,255043149.61010742,250010674.99950874,250024449.1262742,249896975.77705142,247985879.6859653
6301,249076229.9440918,252306692.05109313,252337875.80096433,252363660.5421803,255043149.6101201
6302,253884837.62036133,250466571.8422984,250391222.71191943,250306190.22389856,249076229.94400936
6303,256859360.40014648,251961502.39081776,251981190.08923578,251972409.92205712,253884837.620285
6304,255375419.5258789,253357063.0537296,253260894.5386864,253291123.3717743,256859360.4002117
6305,254677468.21606445,253188190.06820926,253049143.20494497,253003479.9715021,255375419.525928
6306,259440316.50512695,253028882.81952608,252928602.22079557,252847757.13065562,254677468.2159676
6307,254537216.90698242,254852055.50420204,254740518.95029795,254730412.373075,259440316.50502893
6308,251555157.51049805,253453216.67951557,253279737.790547,253157159.4193856,254537216.9070224
6309,253267990.75268555,252177826.6854292,252125880.01973578,251954245.7880466,251555157.51042092
6310,259761198.76953125,252514198.00424513,252506965.61334422,252407217.89279002,253267990.7527663
6311,254937989.0744629,254999230.58049324,254921967.15924,254930679.241843,259761198.76942903
6312,251844954.42016602,253739453.59852734,253566526.4979328,253447966.49458364,254937989.07442036
6313,248617382.70263672,252452094.89337066,252398059.90923786,252218402.18353778,251844954.42022035
6314,253953031.12231445,250940634.24104038,250962131.8648465,250778123.57311022,248617382.70266145
6315,249916031.32763672,252502138.29352215,252551881.6846026,252505810.7631537,253953031.12221244
6316,254117384.81054688,251190350.42451334,251153766.04092485,251046085.21353158,249916031.3275152
6317,255825719.35791016,252522186.93231478,252544081.15699127,252505266.45975354,254117384.8105
6318,254452759.4716797,253393298.75595134,253318724.74071556,253298231.32817572,255825719.3580057
6319,258222536.66552734,253130271.8308694,253034705.92783004,252954085.09037364,254452759.4715973
6320,255387359.73706055,254604539.77532807,254518621.83379525,254478479.50631285,258222536.6655293
6321,251896681.22851562,253898599.96512097,253755805.584343,253641895.18964255,255387359.7370748
6322,253657784.66357422,252561087.28686702,252501635.53511748,252322443.08107585,251896681.228538
6323,250551792.71923828,252892594.76384202,252887217.41464734,252775167.49092683,253657784.66362825
6324,247545791.12329102,251734910.9499404,251711174.9222523,251568472.13382402,250551792.7192977
6325,246306100.17456055,250288582.2315201,250341050.21052754,250180705.13134736,247545791.1231715
6326,250407079.890625,249405611.11253503,249517798.45741054,249392298.21235672,246306100.1745236
6327,250277532.2836914,250596875.46343425,250702504.9604847,250687608.35931954,250407079.89056137
6328,251435652.06640625,250679928.4104391,250701796.71074036,250681982.14869067,250277532.2836997
6329,250173924.54614258,251118134.69888085,251134975.01880458,251117512.89416736,251435652.0664496
6330,252167130.01464844,250759258.68356666,250760167.930727,250710637.73423707,250173924.54606575
6331,254377474.2841797,251419531.37248945,251432599.72175092,251415303.4425844,252167130.01475
6332,252078502.63671875,252394443.5011892,252355546.38589737,252361097.6648002,254377474.2841797
6333,249028479.2163086,251771901.2948998,251704539.18595466,251644155.51532537,252078502.6366475
6334,256438194.10424805,250586565.060787,250585339.93200523,250471325.94049475,249028479.21628743
6335,251582399.75024414,253119390.04649842,253134450.91978702,253161628.95569816,256438194.1042748
6336,249974050.61132812,251785617.3793634,251682058.03170127,251603491.42033955,251582399.7502539
6337,251119954.79101562,251011554.35983127,251019534.88724467,250904532.12183398,249974050.6112921
6338,250793151.87280273,251245947.38577682,251274200.89933792,251209932.5171365,251119954.79111192
6339,251677498.66918945,251111700.4341346,251118197.39802194,251058781.32039467,250793151.8726882
6340,252231845.75024414,251396881.99041387,251404557.63030422,251360091.31761983,251677498.66909435
6341,246536706.4765625,251665787.4849458,251652437.55913725,251611341.91801775,252231845.7503152
6342,245812025.48583984,249578967.47618344,249587365.99280977,249452228.3423957,246536706.4766724
6343,246246576.27734375,248830636.0469686,248952268.4181947,248848383.88879636,245812025.4858386
6344,248014463.10205078,248668348.14922842,248792697.76354474,248749825.59589896,246246576.2772981
6345,248461330.7373047,249146802.46885768,249247321.25431204,249256883.847407,248014463.1020949
6346,255482660.04541016,249320322.55079266,249379422.12049696,249395911.04631975,248461330.7372329
6347,253785640.48120117,252002160.17738244,252011341.91063264,252120879.0657269,255482660.0453507
6348,252769517.16845703,252002227.18137404,251886711.3699805,251905705.6488042,253785640.48132196
6349,249178073.6845703,251784258.5941156,251715300.6034289,251671149.19655916,252769517.16844177
6350,253964320.26098633,250491805.08565465,250464689.37269875,250360163.41320467,249178073.684473
6351,254704816.4182129,252041916.90017974,252059576.86108068,252052225.72923836,253964320.2610123
6352,254543944.48876953,252593896.3360771,252511436.9217933,252504240.52797508,254704816.4182961
6353,251074581.47680664,252744465.40425056,252654337.39026338,252607372.29585308,254543944.48871425
6354,253476209.90576172,251556224.419234,251492196.93122315,251376491.19736105,251074581.47672516
6355,253523362.9477539,252218807.40771705,252209487.3587234,252151468.73827657,253476209.90586075
6356,252213620.06103516,252337016.90869167,252277949.21525323,252224927.67393777,253523362.94764155
6357,252249280.44384766,251915417.4822049,251866099.0737093,251779360.4542001,252213620.06098023
6358,252854072.7385254,251867891.06674293,251845522.714575,251764646.36708662,252249280.44393343
6359,249645679.5415039,252033042.18862873,252004315.77546415,251944467.9426047,252854072.7385016
6360,247086594.16845703,250839065.25442922,250816293.41932,250708740.59181947,249645679.5415661
6361,250767323.60424805,249602892.8033683,249655852.30227062,249534154.63852423,247086594.16839963
6362,255162542.9946289,250650872.15589347,250729337.9019237,250707883.38829333,250767323.6041901
6363,254790906.09228516,252407650.96655384,252384045.39102373,252431855.7581609,255162542.99455068
6364,252191145.92041016,252702222.12825146,252598809.30305657,252587329.00476515,254790906.0922648
6365,253465081.21875,251908237.39142415,251832052.98424932,251743534.21054637,252191145.9204639
6366,248670596.70996094,252277859.18493345,252245638.45028758,252183023.824668,253465081.2187565
6367,249568887.4050293,250535215.06221226,250504356.34060097,250374082.36961487,248670596.70988056
6368,250821151.8930664,250470095.34768257,250527750.37299305,250446299.8407839,249568887.4049274
6369,248506631.5883789,250799717.95132694,250825309.50076026,250796687.03639367,250821151.892992
6370,243704849.65478516,249943234.51012257,249956833.255389,249893557.95460275,248506631.58842415
6371,250654055.78588867,247895291.3039158,247978722.86114466,247863433.47265878,243704849.65471587
6372,248404741.51416016,249974750.52641872,250106731.96706945,250155200.892054,250654055.78583887
6373,246098986.16210938,249417502.1508093,249418629.39260903,249427925.65757436,248404741.5142313
6374,247608987.42529297,248484571.64651304,248547642.7884665,248504022.96998557,246098986.1620337
6375,249061416.80639648,248801871.89498565,248895936.14724687,248903704.39293873,247608987.4252348
6376,247148619.5571289,249333348.30211905,249385679.67802566,249425885.63054094,249061416.8063612
6377,242363683.83154297,248694405.58489084,248728076.48961446,248727216.91243854,247148619.5571933
6378,245159305.53930664,246751535.93224168,246848418.04125282,246782557.16327208,242363683.83144876
6379,249618140.02954102,247304745.86162302,247474162.83338857,247503674.79420084,245159305.53935775
6380,241746530.1201172,248924733.49916607,249005723.6593394,249128145.37345287,249618140.0294772
6381,243296344.4050293,246252171.2919028,246288664.60502604,246258543.48457494,241746530.12004185
6382,245083439.08618164,246316990.57807532,246500394.80149105,246522825.30204225,243296344.4049883
6383,245027101.86938477,246795955.95060077,246926055.8967682,247022305.16444096,245083439.0862156
6384,252363247.87475586,246792762.68155944,246885973.6723283,246977664.966934,245027101.869322
6385,251983286.41088867,249556585.9084825,249608672.41085935,249801780.38900226,252363247.87464765
6386,251272610.67919922,250027964.75029132,249938800.7017803,250065586.25061306,251983286.41092485
6387,252924004.6772461,250059584.2746207,249991518.6420045,250046526.2975849,251272610.6792561
6388,251113673.92138672,250816017.09486482,250756241.66271204,250816917.46592578,252924004.67734388
6389,252017442.26000977,250363524.12370193,250284820.70107466,250296254.76812518,251113673.9212743
6390,250783353.79052734,250725076.26938516,250682803.88604668,250697187.65037543,252017442.2599184
6391,252829802.71728516,250388383.28956053,250337604.21720847,250326559.2663442,250783353.79061535
6392,251619895.19482422,251156822.65218022,251123317.3027368,251139153.84553498,252829802.71725047
6393,255429333.4428711,250895339.2874648,250829749.34980237,250813331.4427481,251619895.19489816
6394,251989987.48583984,252370544.60567072,252313119.08933052,252341615.10329694,255429333.4429676
6395,248453649.67626953,251407120.23644632,251295502.3198648,251245428.45226428,251989987.48594204
6396,251137403.4333496,249964584.23571593,249946072.41030437,249838547.46613592,248453649.67620757
6397,246924049.62109375,250638985.89831302,250670952.73527768,250646758.27937773,251137403.43323115
6398,249802406.0703125,249119546.0446904,249120289.4595534,249044051.86620542,246924049.6211187
6399,249322809.02319336,249852066.31953394,249919592.54350868,249913059.37337136,249802406.0702937
6400,254539164.62182617,249712708.24643928,249720342.69301695,249720744.01531494,249322809.02330968
6401,252515704.88598633,251640906.13426426,251629291.86165363,251702309.78419802,254539164.6219432
6402,245090615.87548828,251316068.08358106,251214075.094716,251216464.94204184,252515704.88595188
6403,249469933.27368164,248552679.75018018,248537861.39641297,248404688.63314965,245090615.8754669
6404,252409606.35351562,249603406.21558154,249706022.63474354,249698959.28284138,249469933.27357176
6405,251218368.41210938,250778175.9127799,250770698.8643555,250832553.81031707,252409606.35358533
6406,252452627.99951172,250588672.76127604,250534537.2462724,250542743.04699817,251218368.41202185
6407,252200121.36572266,251079388.44146588,251043909.0271896,251054643.71511385,252452627.99950525
6408,255111071.59179688,251126374.55766973,251068081.61670676,251062779.98990908,252200121.3656404
6409,255000593.1081543,252319320.1845471,252253652.48709646,252276258.71884707,255111071.5919094
6410,255618713.01904297,252595844.51155704,252477018.23178926,252467600.2171996,255000593.10815048
6411,253357907.17456055,252990447.44109768,252876173.6454368,252848348.19535068,255618713.01899645
6412,250473006.37890625,252294844.30601484,252183655.6568448,252105730.3224867,253357907.17456257
6413,253446653.82470703,251124233.95110393,251077379.45603526,250961736.77452964,250473006.37901756
6414,252741607.05078125,251962684.14947274,251953617.1795853,251918549.9546901,253446653.82471067
6415,250679443.91625977,251825885.23445144,251761016.02280155,251718097.25479573,252741607.0507261
6416,251379505.42529297,251046278.55677298,251010300.93576372,250929109.0230309,250679443.9162877
6417,257431289.8869629,251126334.576231,251125614.59483793,251075207.32856467,251379505.4254124
6418,251521672.19677734,253386066.07886347,253334870.91774458,253385637.64170745,257431289.8870276
6419,254878283.73706055,251689773.0014442,251557469.18981495,251469610.79526532,251521672.19682905
6420,249269622.72631836,252715720.90780073,252686918.76916623,252646976.42895043,254878283.73716277
6421,250405589.00341797,250781514.01005605,250714040.75880152,250593952.7238409,249269622.7262368
6422,248530557.68969727,250840820.10354403,250880901.74740383,250802170.23132846,250405589.0034024
6423,250213994.1159668,250034069.30398858,250056143.9541618,249982453.41312847,248530557.68967533
6424,250924091.50927734,250426926.69367787,250475565.6533717,250450514.34942532,250213994.11585844
6425,245335401.39282227,250694612.01343277,250701593.6686703,250696443.54183486,250924091.509296
6426,250921341.32861328,248646338.44692412,248671346.1818368,248572889.74615914,245335401.39291653
6427,251562023.07421875,250302963.95055908,250405489.71203524,250429513.45308292,250921341.32856065
6428,248767553.0,250746150.86826593,250727513.08985615,250764690.5266982,251562023.0741106
6429,248378910.14208984,249862713.9036257,249853003.60643846,249812813.95796135,248767553.00002787
6430,246132453.64624023,249573183.61429924,249620787.3768437,249581694.39092362,248378910.14197972
6431,250749594.70385742,248615242.547565,248679257.41856956,248626145.65506023,246132453.6462871
6432,249340436.42773438,250120020.23084638,250201329.6270864,250241789.7840796,250749594.703796
6433,250863476.35546875,249814169.56874824,249808869.81313258,249817346.5011847,249340436.4276903
6434,251787773.21875,250368472.1012697,250385029.79995275,250400403.5283762,250863476.35558924
6435,247800237.92358398,250845236.84261027,250825414.41915256,250844587.0769426,251787773.21886992
6436,250238537.70532227,249470429.13838303,249456477.28422445,249397148.1198403,247800237.9235886
6437,249609387.18017578,250131457.18922672,250182723.1858789,250178236.17643183,250238537.7053433
6438,247199244.67529297,249963571.97968858,249966198.9968042,249960774.76187748,249609387.1802359
6439,244462618.32250977,249028847.27714804,249059548.53249034,249013157.2034405,247199244.67517465
6440,247677352.04614258,247752695.36701557,247842435.76606405,247780406.83803567,244462618.3225
6441,244129617.70385742,248599274.1109373,248719841.18060562,248750889.9812788,247677352.046172
6442,248043968.28271484,247282119.81218305,247352966.21855614,247343800.9532175,244129617.70383844
6443,247048638.50439453,248437051.29442474,248553626.52329746,248622820.49357203,248043968.28265637
6444,246332700.6682129,248222463.97917095,248262601.19955295,248315002.22536507,247048638.5044433
6445,245728273.05737305,247907178.67522165,247971630.55250108,248002942.59634042,246332700.66812384
6446,248206772.91357422,247605561.79467085,247685174.66999224,247715241.02142775,245728273.05739248
6447,245360926.0908203,248433579.39757168,248508271.25666523,248587011.49142054,248206772.9135415
6448,247983693.80786133,247508356.96521384,247549408.07206935,247574553.6437243,245360926.09084156
6449,248399857.1364746,248293134.92258933,248375672.42895806,248449085.68896213,247983693.80796972
6450,240447493.66748047,248553473.46951044,248577098.1678699,248655898.77454853,248399857.13653824
6451,244536803.88549805,245656958.8781055,245720012.10687515,245660444.29349437,240447493.66756788
6452,247492577.09375,246562899.59155262,246756610.66927955,246813901.566854,244536803.88545763
6453,245691683.92797852,247669895.54114938,247755968.66927063,247889647.0652154,247492577.0937653
6454,248283289.8869629,247203727.10916087,247244035.8692055,247319264.90893018,245691683.92795476
6455,249347797.61328125,248121505.0158138,248182634.42525223,248287546.22131702,248283289.887032
6456,246249837.74243164,248721210.4624661,248723949.44578606,248829144.6783373,249347797.6132117
6457,244225340.5637207,247727083.77915162,247729035.80357218,247760219.84891012,246249837.74250636
6458,245336870.4423828,246786814.18885204,246861383.42120525,246872183.55319718,244225340.5636429
6459,246354812.91796875,246929794.1097465,247033140.89670932,247097514.32500815,245336870.4423256
6460,247966180.25878906,247249833.98036438,247321354.9284792,247416972.2410061,246354812.91806355
6461,248787373.66381836,247909273.8718647,247951818.16441667,248063970.724809,247966180.25891075
6462,245879184.69799805,248361553.9759063,248367928.08585343,248474107.87877545,248787373.6637512
6463,251490416.45751953,247400226.42881367,247408130.0522703,247449786.37153548,245879184.6979311
6464,248976082.67358398,249365327.04060733,249399401.42266142,249532356.7698849,251490416.45741
6465,246457483.98657227,248832806.39241278,248771279.3864931,248837889.70493516,248976082.6734846
6466,249163843.14379883,247845586.4185625,247852211.7734311,247863278.92327306,246457483.98645905
6467,254911283.1455078,248674998.30295065,248714585.4708203,248790511.2878327,249163843.14377683
6468,256253363.0427246,250966036.0244669,250918161.58325124,251078747.65627003,254911283.14561597
6469,253675511.59228516,252062000.9758401,251900617.20038566,252015879.1426779,256253363.04262328
6470,253900595.39038086,251535418.72540346,251372397.2508397,251381022.18314505,253675511.59240064
6471,252819408.9020996,251700504.97425228,251593999.67533946,251586631.48948368,253900595.3904316
6472,251529362.1953125,251400401.05036727,251299375.38119385,251273193.1063251,252819408.9019853
6473,253335713.2602539,250897662.8850317,250828312.29913834,250784708.86747295,251529362.195236
6474,252876669.21875,251524564.70829105,251473355.24798468,251467091.60411224,253335713.26035145
6475,251081730.09570312,251477138.7973363,251394463.61982805,251377242.46787903,252876669.21882555
6476,250503077.3388672,250825104.9868022,250764495.46302682,250713579.1357222,251081730.09570327
6477,249462550.7890625,250488326.96543205,250467019.50239033,250420813.3725743,250503077.3389753
6478,251568082.4675293,249989961.9003463,249984019.6046397,249940869.9357926,249462550.7889796
6479,251383948.62719727,250661086.0910378,250663960.85264337,250668661.02532446,251568082.46751007
6480,249559571.49438477,250684243.35911772,250645063.66545725,250644855.3060095,251383948.62718636
6481,250723607.1135254,250026966.13293839,250003500.40766048,249966810.40846658,249559571.4942756
6482,252562668.74365234,250323021.093382,250328256.57920846,250322933.99447563,250723607.11341932
6483,250459442.0419922,251031448.26602367,251000722.38537744,251029370.95591405,252562668.74371523
6484,248551579.52294922,250414950.51810136,250362164.85876995,250340166.46052095,250459442.04204443
6485,256011700.72753906,249594740.6611292,249595481.25590608,249547602.93328753,248551579.5230049
6486,250087081.35742188,252207584.11866868,252201612.8483093,252291158.3943,256011700.72757304
6487,253048218.0041504,250504025.1516284,250384659.92901897,250345580.2233005,250087081.35742652
6488,248625901.85668945,251418831.0031822,251408350.23796505,251403269.9473987,253048218.0041863
6489,249271668.86450195,249900893.79265916,249851996.9402155,249786773.37192628,248625901.85679165
6490,245586233.03295898,249869376.80872843,249908030.4099763,249869213.7656734,249271668.86445865
6491,246482842.8864746,248370157.73861808,248411194.0711867,248346435.6326679,245586233.0329819
6492,250601334.2788086,248317761.3816214,248424063.94713622,248411117.77390644,246482842.8865776
6493,251667707.5270996,249730901.57491726,249789523.96608654,249868113.44219077,250601334.2788001
6494,251783660.37475586,250395152.94941,250367119.76146883,250436906.60888216,251667707.5271009
6495,249792430.33032227,250642690.2536083,250595954.12394792,250631499.48607147,251783660.37467912
6496,250832464.8071289,250031846.71668205,249996490.7275275,249981258.87675104,249792430.3303189
6497,247238418.45703125,250333982.23667395,250333893.27264008,250339873.56221017,250832464.80712023
6498,248507276.90014648,249008086.10577315,249005462.46636102,248962462.45102996,247238418.457051
6499,245945434.0793457,249238727.31600916,249301332.59001964,249297194.24161762,248507276.90022087
6500,252279341.59350586,248240047.4361031,248288430.37537095,248264376.67513075,245945434.0793445
6501,248942990.04003906,250374258.31793237,250436262.52076864,250528013.1717117,252279341.59346116
6502,251199057.66577148,249522348.37773442,249476376.71118933,249491163.69974077,248942990.03998092
6503,251911198.2980957,250286629.34545812,250299549.10672083,250331674.86543557,251199057.66582087
6504,246371994.50341797,250706975.91449392,250668774.00762066,250706396.10831717,251911198.298134
6505,249724299.59765625,248762583.0687829,248745291.40385994,248677965.10527736,246371994.50329623
6506,253818792.35107422,249657831.24292406,249731349.59866947,249743651.00672945,249724299.5977476
6507,251696173.42993164,251314255.20127586,251294673.41174853,251378609.49503553,253818792.35114503
6508,248632427.51782227,250917345.9556841,250834736.618396,250838725.15913135,251696173.43002027
6509,246604539.69213867,249794415.47520605,249776156.26286376,249712832.28129196,248632427.51786584
6510,248917136.83447266,248794048.952511,248844906.2925447,248778185.97359312,246604539.6920872
6511,251762746.3125,249399172.3400594,249474710.08631796,249480597.52010995,248917136.83436683
6512,247921417.0769043,250497684.44020465,250508621.44242904,250565799.3345274,251762746.31256
6513,255188769.13085938,249289167.37907872,249267236.11216387,249237285.74312863,247921417.077022
6514,253169913.71606445,251860079.2326075,251875283.98857388,251955202.77899355,255188769.1309603
6515,252081209.53198242,251649326.48100832,251532610.41865855,251542840.57378486,253169913.71605676
6516,253737040.1821289,251340350.24270833,251278687.4724754,251234276.7267722,252081209.5318997
6517,248196298.20239258,251943640.1445876,251893197.74265957,251878193.3678084,253737040.1820717
6518,252840204.9963379,249999991.79739234,249949725.91860095,249842731.51127386,248196298.2024097
6519,250738254.70117188,251364825.0103911,251398853.00369716,251391462.2815802,252840204.99625516
6520,252087038.81298828,250771599.4587246,250721248.05992588,250686384.0909315,250738254.70105383
6521,253586884.36621094,251205326.27721494,251193569.09912652,251171077.48825127,252087038.81296697
6522,255303967.06689453,251847787.75292176,251799139.8993619,251798841.19934803,253586884.3660901
6523,253404378.3388672,252668458.21247485,252583387.04539624,252587570.94839856,255303967.06699595
6524,250358380.61938477,252206575.6573712,252102398.91538823,252047200.6110896,253404378.33886063
6525,245683834.79833984,251045819.1884495,250999622.72496432,250891457.59646457,250358380.61947653
6526,245681386.6237793,249033898.7028823,249072890.7045312,248925272.8825964,245683834.79839668
6527,247736040.63354492,248488181.024551,248613758.62135616,248532380.16332695,245681386.62379265
6528,253485908.20043945,248948364.25675267,249053552.8909478,249056276.92359197,247736040.6336238
6529,249550950.61914062,251105106.74038905,251134015.29511982,251229196.36088407,253485908.20045137
6530,256748532.1027832,250069998.724353,250008722.29800162,249996976.44543406,249550950.6191038
6531,253491569.09204102,252676250.59499708,252656301.11471194,252735955.26422837,256748532.10288164
6532,249969242.54418945,252029230.35913464,251884413.67731732,251870871.63897467,253491569.0920743
6533,256251612.2294922,250757172.9362888,250707686.89989093,250606871.44300723,249969242.54409167
6534,253251994.12524414,252858075.48246324,252839098.4941721,252864928.36858732,256251612.22953647
6535,252778817.60327148,252160887.31930873,252036517.00301868,251992158.3143653,253251994.1251821
6536,255928059.6213379,251939109.78792906,251883379.41727722,251813477.44647384,252778817.60316724
6537,255448035.23535156,253113107.35857987,253048639.22750896,253035578.07616907,255928059.62134933
6538,258193379.1147461,253205855.006827,253084896.95102802,253041590.86729634,255448035.23538303
6539,251106667.48535156,254391206.80654457,254270992.93990284,254241369.4456383,258193379.114754
6540,250949002.06567383,252063822.87669507,251933870.21965528,251766020.1025377,251106667.48529825
6541,253665780.94482422,251591116.49118367,251605460.6856976,251462944.61852208,250949002.06575584
6542,247844472.76733398,252403632.50381708,252399370.74077,252345662.90432468,253665780.944767
6543,253658582.0595703,250300041.25414145,250274367.67595428,250132832.2261522,247844472.76724225
6544,248621400.50512695,252044267.95120424,252100708.98376957,252080112.6144902,253658582.0596356
6545,255210555.69628906,250379578.49458677,250342705.92222854,250249247.85036206,248621400.5050988
6546,250013254.80273438,252563047.922696,252592776.25723943,252605906.96610603,255210555.69632608
6547,250036631.5583496,250996001.94537893,250919772.9095366,250836665.91231418,250013254.80285504
6548,249556641.48876953,250779471.5758101,250812502.9184366,250726293.12067425,250036631.5584433
6549,249329099.0341797,250458907.01555005,250486790.04424152,250424410.44487652,249556641.48877257
6550,245389777.87109375,250258874.57264978,250296568.0482931,250244459.80267832,249329099.0341975
6551,252665571.67651367,248658811.60571876,248720407.72038838,248624536.06669566,245389777.87100247
6552,249428637.03027344,250981631.4583807,251074795.02041095,251128557.6231318,252665571.67642716
6553,249060633.83276367,250167417.44147187,250131340.2574146,250115342.0607892,249428637.0302625
6554,251950294.44921875,249936724.5044578,249972200.72418135,249932421.53435114,249060633.83268884
6555,250269743.11547852,250930906.35655314,250952211.7326024,250973219.5631528,251950294.44916785
6556,247369411.97875977,250483465.4709979,250457173.8125917,250437471.1488776,250269743.11540928
6557,247403822.58447266,249341528.51589864,249366645.80273265,249296238.9883849,247369411.97866327
6558,251537980.17895508,249098290.08406863,249177625.27127117,249136131.7578849,247403822.5844788
6559,251275620.20166016,250523962.47695667,250576110.08730283,250620792.53103685,251537980.17899865
6560,250983431.4897461,250676022.4858917,250646611.72143137,250665571.0641357,251275620.20162255
6561,251616000.9099121,250694768.852666,250677314.7899184,250662730.72434768,250983431.48985168
6562,251043257.13671875,250953946.91984242,250938013.0094784,250928344.76685607,251616000.90995124
6563,252804716.55151367,250811830.90051937,250787000.7549361,250761481.70863262,251043257.13666004
6564,250213010.39941406,251480631.0847374,251459392.42422935,251456377.80008104,252804716.5515045
6565,250454848.37402344,250643179.3709709,250601227.16545227,250547867.00697255,250213010.39930767
6566,248871243.3413086,250622252.84933546,250633304.844343,250586515.2973252,250454848.37399635
6567,251210209.32373047,249971407.36311492,249983536.83296743,249927708.53025502,248871243.34128383
6568,254955508.30664062,250698685.77976343,250728523.9800036,250722543.29365358,251210209.3236508
6569,253529101.296875,252231117.1674563,252192223.64988434,252237631.2150743,254955508.3066334
6570,250899431.7470703,252067271.3325691,251966602.71896818,251947342.01209816,253529101.29696828
6571,248115754.1953125,251140956.8077004,251087615.6519072,251006388.822389,250899431.74717063
6572,251858450.09277344,249911350.94459245,249924643.96488646,249821671.15399608,248115754.1952989
6573,247378110.52319336,251005939.71583652,251049917.7990263,251043224.4133095,251858450.0926536
6574,248299099.90625,249478512.36767963,249471952.20030493,249397051.37940586,247378110.5231492
6575,248611914.25512695,249524286.43513268,249602438.1183346,249557056.09009662,248299099.90621945
6576,243730742.97045898,249563726.87152824,249616912.78595418,249600500.98137298,248611914.25512424
6577,246136210.10717773,247646897.18283665,247718255.38873643,247635843.09104577,243730742.97037056
6578,246903508.25390625,248100176.74126166,248250931.8094059,248246621.8978886,246136210.10710448
6579,247907050.8408203,248292867.9498287,248382515.91129428,248419467.34472638,246903508.2539094
6580,246621943.73046875,248648507.16234544,248714939.30800325,248762544.46176445,247907050.84070304
6581,249852465.05200195,248233926.1534104,248286791.3799236,248304508.1906208,246621943.73038256
6582,249222476.5439453,249336530.3205238,249394256.16327745,249464965.706446,249852465.05200303
6583,250011380.36132812,249312263.32658362,249307703.56126636,249351849.2805459,249222476.54392776
6584,248615831.21411133,249668590.93484786,249675289.36816284,249711428.92563418,250011380.36125663
6585,244907772.96142578,249228012.1613338,249225766.97104692,249232549.9231806,248615831.21416423
6586,252350526.7265625,247748382.46455967,247795467.67182449,247751031.75822946,244907772.96141368
6587,247809019.06420898,250175100.35331517,250248747.00573158,250355646.17411944,252350526.72661823
6588,246280196.1850586,248907672.58510354,248857425.03538546,248870931.48399374,247809019.06414783
6589,252624558.7319336,248162744.03873968,248217461.65235898,248196326.05310097,246280196.18497452
6590,248497308.00146484,250334448.87811208,250376387.37304318,250484075.32047895,252624558.73183444
6591,248488625.30639648,249226084.77491784,249168237.98447922,249179988.9128034,248497308.00136968
6592,247514895.12060547,249068631.74734938,249096069.9854787,249097473.75876713,248488625.3064442
6593,249405180.40673828,248659771.61448348,248690186.38322416,248693773.92053032,247514895.1206884
6594,250899222.9248047,249229048.08182964,249266424.4533522,249313578.03023428,249405180.40685675
6595,248088879.55493164,249892349.319189,249883154.67437214,249947888.9732694,250899222.92470965
6596,252689521.8942871,249002520.7564309,248981944.75686473,248982062.41593513,248088879.55497268
6597,255054956.67700195,250600980.27237776,250611800.9078999,250685298.1346613,252689521.8941809
6598,258360214.12524414,251831034.02940533,251736812.7164611,251822616.35833746,255054956.67698416
6599,253696125.36572266,253512350.9762093,253363556.37601793,253438662.5795845,258360214.12516767
6600,254940290.23364258,252265940.30724028,252085549.7713875,252029067.5312018,253696125.3658228
6601,251822277.0732422,252668249.22644433,252580730.76324573,252530969.2472395,254940290.23368055
6602,249649229.4802246,251617928.03698257,251524656.541831,251432241.94666883,251822277.07331187
6603,249011464.13061523,250601616.81753272,250585628.9589202,250477572.70282054,249649229.48021376
6604,249399371.77001953,250083792.51922533,250110936.76629654,250033733.4980624,249011464.1306745
6605,251921433.73388672,250038482.72602388,250072972.13201278,250032314.88098425,249399371.76997223
6606,248855806.86376953,250922369.80737457,250933691.3126225,250943451.84123668,251921433.7339572
6607,245743520.39794922,249910665.98866656,249888624.68065602,249840297.60200515,248855806.8637285
6608,249930576.07250977,248530177.17104134,248585945.75296256,248501485.9833715,245743520.39798123
6609,251140399.8671875,249734065.14135852,249821722.04420638,249846297.41508567,249930576.07251105
6610,251046996.75683594,250330286.254212,250324028.1615266,250368634.16924915,251140399.86709484
6611,253601528.32861328,250452971.94712022,250426809.6018368,250441200.37370577,251046996.75673965
6612,251296813.65673828,251482777.14401102,251444386.6820082,251482959.77241513,253601528.3284951
6613,252993981.9338379,250883100.78934357,250809457.50701013,250786155.5139018,251296813.6567388
6614,247908630.72558594,251481665.1928792,251447516.12915182,251441106.01594642,252993981.9339188
6615,242686411.63110352,249710313.55029762,249671096.57782546,249582174.90716305,247908630.72569937
6616,248893211.27954102,247372203.954514,247463513.92626202,247326500.7058845,242686411.6309844
6617,252108517.49365234,249052021.613472,249201791.14684913,249241210.12539956,248893211.2794346
6618,253633703.40600586,250417297.32273477,250419182.7768701,250518914.30046234,252108517.4935988
6619,254265463.13452148,251317068.631426,251251141.8211854,251323258.21978194,253633703.406068
6620,253511351.86572266,251877170.99711666,251782617.81673294,251817117.92489257,254265463.1344394
6621,250783224.74560547,251816453.87671918,251717320.26646024,251708534.2324078,253511351.8656699
6622,248125462.77026367,250884570.0734728,250819965.7904766,250755556.604717,250783224.7454962
6623,251929868.51733398,249717620.28140342,249723405.5354899,249636851.66219643,248125462.77026287
6624,245714598.1538086,250847682.95830855,250881284.04890275,250891786.35039416,251929868.5172462
6625,247115956.96166992,248680751.70518312,248673063.83125383,248588560.99749923,245714598.15372056
6626,250843343.93969727,248752361.7097927,248860239.68298608,248827727.8057532,247115956.9615929
6627,253953106.01367188,250037223.55146235,250088579.9976844,250147526.45846134,250843343.9396777
6628,249767618.67163086,251443770.20679832,251404786.04327285,251486380.66240963,253953106.01356688
6629,245634305.34375,250252068.38819537,250180210.51076874,250147863.98227558,249767618.671558
6630,251766839.54174805,248526901.60564515,248563090.40613088,248468928.25500524,245634305.34378496
6631,249399452.7607422,250424165.40246195,250502424.34587517,250552273.77326334,251766839.54183137
6632,254167663.41308594,249820651.20679277,249788343.6507613,249795176.76102856,249399452.76083925
6633,249773539.91723633,251561119.41663194,251552973.9072592,251614286.14162844,254167663.41318363
6634,253103686.91333008,250316526.6971548,250240276.29132012,250203496.9665509,249773539.9173316
6635,248313523.13208008,251391188.10842744,251387550.30114323,251397425.60135552,253103686.91324764
6636,250139063.15551758,249802279.90352237,249757099.0142447,249689414.62808764,248313523.13207757
6637,249154180.60351562,250221329.7476217,250265230.94177774,250238238.622098,250139063.15543592
6638,253513541.8256836,249838333.31518742,249846084.6540305,249824235.91198382,249154180.60353023
6639,252215110.8059082,251404419.98166642,251408906.28140602,251454683.07982254,253513541.8256268
6640,248801484.3322754,251247235.7606859,251173200.0467452,251171842.4762581,252215110.8058388
6641,251704451.01538086,250031460.76001897,250007795.63658866,249930892.01878202,248801484.3321971
6642,248037645.5654297,250891158.735115,250917752.1444187,250907723.97341973,251704451.01531005
6643,247132964.56958008,249624847.9738068,249611794.75615412,249549843.90824392,248037645.5653095
6644,249338356.1923828,249041493.58898017,249107911.61840996,249045748.2099988,247132964.56956777
6645,249384044.4104004,249654745.61386892,249720407.89790425,249726008.06217688,249338356.1925002
6646,250442880.80078125,249717332.4297568,249737117.45858163,249746148.85945532,249384044.41032344
6647,251865498.21728516,250096056.1449303,250107509.45541582,250127422.8451458,250442880.8008852
6648,248546440.6838379,250719500.54060492,250701508.0833197,250733190.55730015,251865498.21728203
6649,246343186.4506836,249611287.83973572,249584597.0168671,249548615.39050385,248546440.6838273
6650,248915312.86254883,248571830.4302244,248623098.30588302,248567049.05202383,246343186.4506929
6651,248473602.92163086,249254692.87162971,249330186.93387595,249351669.21783543,248915312.8626267
6652,249911085.68408203,249146692.14757964,249170864.2456574,249191773.8639726,248473602.92157465
6653,256156251.48120117,249667802.48394027,249694085.26508746,249730586.81624883,249911085.6839843
6654,253658920.6442871,252125783.3995717,252087696.39239755,252207646.72687826,256156251.48126853
6655,253101226.00439453,251782659.097871,251639747.52339524,251658660.58514526,253658920.6443368
6656,253782365.5654297,251719573.16392836,251639170.97479805,251606968.1687357,253101226.00439623
6657,250731523.16577148,252041654.59063146,251969885.5575582,251945253.52179033,253782365.56543744
6658,251472126.94677734,251003115.11963266,250938002.17826903,250859190.8443648,250731523.16579127
6659,253294213.1369629,251103491.19065332,251096875.09929335,251043893.74852416,251472126.9467518
6660,252345281.67358398,251760328.54366383,251726215.16556442,251716366.66665655,253294213.13689908
6661,248136335.2319336,251550011.2242431,251487994.75455916,251450498.78265792,252345281.67358983
6662,248315670.44604492,249935448.21267113,249917415.77525702,249813633.67276827,248136335.2318776
6663,251159414.16845703,249644821.85189852,249705834.36359158,249641169.62908125,248315670.4460225
6664,249460779.4008789,250585835.57980418,250623716.751411,250631442.52044237,251159414.1685328
6665,252029606.2553711,250087713.84862903,250078798.5128041,250051158.2615401,249460779.40089527
6666,252054724.43798828,250966131.0873553,250977063.94330454,250985922.3053567,252029606.25537437
6667,250455604.46044922,251138783.29604706,251096927.25708976,251096316.09813744,252054724.43791404
6668,252367459.5505371,250608419.24276367,250577582.8452058,250536638.1555819,250455604.4603869
6669,253286175.8671875,251233373.4667125,251222928.99618942,251217620.76764822,252367459.55043265
6670,252348535.35766602,251706684.3614279,251652520.7572768,251654688.87251964,253286175.86709696
6671,246708883.94140625,251519619.46212313,251457485.81037623,251423058.27336952,252348535.35766703
6672,247438010.52246094,249375637.2762923,249364240.36244133,249242725.34815264,246708883.94129723
6673,252176021.88842773,249195009.7745273,249288801.84213114,249223651.03243223,247438010.52238995
6674,251117797.14575195,250815191.4545895,250861599.6387065,250906835.97338837,252176021.8883419
6675,249017872.21191406,250700227.14111823,250660016.06114253,250665418.37638146,251117797.1457137
6676,253308509.03393555,249923937.84858474,249918980.29574466,249873710.9194678,249017872.2117953
6677,253942608.60205078,251390784.09444746,251400356.80467734,251433439.51184785,253308509.0339928
6678,251151640.0222168,251956584.47923568,251879618.08470437,251898689.51007664,253942608.60205668
6679,253282926.07055664,251105406.13166353,251036609.05712357,250978361.8587759,251151640.02225628
6680,246667150.45263672,251816169.26141685,251793198.33408096,251769374.59458664,253282926.0704693
6681,245425879.91796875,249432003.41041976,249401893.96372637,249279551.1055051,246667150.45272484
6682,251066637.0895996,248469059.64541733,248577500.21714061,248476933.67273214,245425879.9179288
6683,245347485.3840332,250209490.6913019,250300217.14831865,250347454.16599435,251066637.08956784
6684,252570599.29370117,248310425.63950104,248320006.5148398,248268925.27707723,245347485.38406348
6685,249372066.1298828,250655267.7977974,250737768.14064547,250809432.7259063,252570599.2937192
6686,250270732.51611328,249868777.011766,249821679.24147913,249826680.99871776,249372066.12981844
6687,249330787.74609375,250116767.7858758,250133480.20286545,250133446.97386974,250270732.5160745
6688,253903064.6303711,249792826.15935543,249792617.53476724,249784232.07491893,249330787.74613205
6689,254186841.14648438,251477556.99544537,251472438.18147504,251532235.04939637,253903064.6303463
6690,252900943.60913086,251945110.78507012,251848931.6831199,251881949.4761513,254186841.1463784
6691,249385012.15795898,251696811.96529755,251609397.84753934,251581433.5690116,252900943.6092174
6692,251494024.80249023,250418689.75364676,250379670.71265393,250289439.77893195,249385012.15784708
6693,248559194.30737305,250959108.0216859,250977553.7682075,250946077.19052124,251494024.8024104
6694,251627921.3173828,249905220.09136674,249896303.51176456,249831804.03924987,248559194.307325
6695,245955176.14697266,250833990.30310178,250867155.2884156,250864898.16045365,251627921.31746757
6696,250744046.99536133,248808817.30645722,248809491.51005283,248724830.82106465,245955176.14687288
6697,248937927.0678711,250191041.65884987,250276811.54989347,250292788.685982,250744046.9954763
6698,250376031.92138672,249705803.2786281,249701956.63082355,249694637.65139267,248937927.0678628
6699,251383033.61547852,250172584.06765056,250199640.6099578,250204321.67498064,250376031.921317
6700,246878947.02563477,250645502.82962197,250635970.00642782,250651247.3944166,251383033.6154997
6701,255231354.95629883,249077655.35454205,249076195.36430013,249006395.39246735,246878947.0256133
6702,252093950.87451172,251894078.08575854,251933105.30784056,252013453.64796343,255231354.95632505
6703,248025866.41796875,251254362.76590928,251143904.8675142,251143648.1916682,252093950.8746324
6704,251202601.9309082,249725200.01254162,249708390.4210783,249615386.9137709,248025866.41802463
6705,250966494.03564453,250592290.36247483,250633362.9280544,250626055.7332956,251202601.93101785
6706,251773581.5283203,250617830.4062911,250594944.18519327,250590523.24043882,250966494.0356297
6707,251916010.50024414,250954657.53151727,250935269.2662699,250930430.4412658,251773581.52828583
6708,244589669.0505371,251086687.11812836,251050569.50222257,251040611.79797995,251916010.50019476
6709,250442142.92504883,248359249.077918,248361950.3414939,248236338.02976024,244589669.05061156
6710,252910472.11816406,249984869.0637968,250096918.9543098,250111715.24315304,250442142.92494237
6711,249913978.42260742,251119726.8743069,251096230.82232463,251158738.6271371,252910472.1182512
6712,252712454.89697266,250268116.71897736,250218181.26799232,250191335.07584855,249913978.42253536
6713,256369163.65625,251233613.45043254,251229102.04408008,251239099.19664767,252712454.89704412
6714,253031073.36132812,252819219.5259761,252738222.58068824,252791785.41271263,256369163.65634623
6715,249910966.31811523,251984912.84796163,251856494.96375763,251809259.25497207,253031073.3612996
6716,249725700.5402832,250772677.73637044,250733350.3577002,250625637.7086661,249910966.31803796
6717,252914507.37426758,250436696.2797825,250457575.11350188,250382832.6928553,249725700.5401898
6718,255104270.7836914,251485045.02447012,251489187.53074795,251491626.91925195,252914507.37431383
6719,251147381.89624023,252491366.04439887,252420139.25103453,252442417.29326412,255104270.78370413
6720,250894478.7915039,251300834.5570807,251213483.6337264,251136359.1950773,251147381.8962222
6721,248723537.84301758,251050107.96841353,251045749.27823427,250968202.4290862,250894478.7914379
6722,253740444.9038086,250120173.4537552,250129439.11038023,250044420.95425647,248723537.84306687
6723,249693108.8166504,251772032.1391436,251794294.19997835,251809997.51770946,253740444.90376127
6724,253016971.67456055,250552509.2147416,250497529.59515786,250434941.93144494,249693108.81674573
6725,252676950.27807617,251599520.66934067,251609244.119432,251597398.2976307,253016971.67454225
6726,250386505.57763672,251642781.81411952,251584452.51083586,251565589.48083562,252676950.278189
6727,249320069.28564453,250842692.54562613,250808720.2522685,250738560.04374537,250386505.5776232
6728,248861373.49145508,250258771.88381153,250274005.38162094,250205128.74136087,249320069.28554985
6729,251623055.07714844,249922911.01718533,249958680.838642,249907513.44367126,248861373.4915561
6730,249704626.99267578,250854506.2699487,250883443.79081684,250890072.37865362,251623055.0772625
6731,253348570.4013672,250265623.85072637,250248236.3039072,250217333.58587068,249704626.99266228
6732,249038112.91210938,251580491.66262227,251583941.41274813,251601931.90384746,253348570.4013674
6733,248297649.2529297,250200090.69770783,250153857.70526767,250090728.99265885,249038112.91207603
6734,245969943.78930664,249688599.54884458,249734535.6983402,249667537.88274765,248297649.252866
6735,245312995.19848633,248619953.88176665,248687283.40794972,248618988.0695048,245969943.7893105
6736,250295054.11669922,248063159.9190518,248177013.48467585,248134192.0591069,245312995.1985302
6737,258597949.6611328,249684193.7296805,249776318.08589736,249844140.08170053,250295054.1166592
6738,250105879.25708008,253083889.60914072,253028952.8861298,253200190.71312892,258597949.66123173
6739,245919971.54125977,250701526.1046077,250536969.21746835,250484757.4362159,250105879.2570893
6740,246166119.25561523,248850256.92182186,248885391.2460256,248757521.3052078,245919971.5412087
6741,247271329.17504883,248460237.11536345,248566865.4675051,248515095.3733021,246166119.25569305
6742,247968269.84545898,248649474.14286864,248741027.19245037,248748821.66258886,247271329.17509425
6743,247632174.0961914,248834505.76617083,248896295.9422698,248926423.39847103,247968269.84556264
6744,247277089.92407227,248729700.9887099,248779154.90134162,248799420.4568624,247632174.0962303
6745,253433449.88745117,248540216.13657954,248596050.9551841,248612929.82723323,247277089.9241377
6746,245794159.58862305,250812132.4886953,250838813.87650713,250951834.98679137,253433449.8874969
6747,254383465.9970703,248408859.1927246,248358377.93458053,248313630.22971886,245794159.588615
6748,253305743.95922852,251247180.21184245,251302320.47271082,251396202.10446236,254383465.9970471
6749,246490955.52807617,251419901.39314595,251309253.41450965,251358346.0292121,253305743.9591439
6750,245534287.62036133,249011163.09581026,248970063.4687732,248870736.99692625,246490955.5281501
6751,248186275.80395508,248171778.78517303,248267258.98164862,248197699.91383684,245534287.62038583
6752,246531676.68920898,248870745.1995212,248963495.01784018,248988882.0426187,248186275.80391875
6753,245936963.26293945,248276054.15577814,248323149.14353755,248331055.82644546,246531676.6891929
6754,249987766.74829102,247895889.3418696,247978046.95816278,247984408.88844708,245936963.2629396
6755,249172668.5283203,249274419.07257512,249341562.1618566,249428243.92627376,249987766.7482788
6756,246431409.90234375,249202670.00175828,249191845.39866325,249246873.67756382,249172668.52826837
6757,245502603.17919922,248249170.59580404,248274292.26530743,248263840.61472732,246431409.9022404
6758,246184988.91186523,247692943.8487625,247775540.3790583,247770475.50596803,245502603.1793159
6759,246629604.65966797,247740996.83488998,247832812.16193545,247867990.37283292,246184988.9117493
6760,249995717.62060547,247854080.29589942,247927111.50504637,247979653.9920307,246629604.65976903
6761,247631578.2421875,249112263.6134214,249156643.10732886,249258973.8071663,249995717.62068352
6762,247723589.68823242,248459333.3085551,248449665.92445746,248492432.9148368,247631578.24217707
6763,246995480.11889648,248412392.55939022,248450659.65463904,248487229.7764634,247723589.68829572
6764,249622866.01000977,248118930.96910578,248156813.2251863,248190214.83699986,246995480.11885872
6765,249596117.9855957,249047797.24714014,249085464.69682816,249163383.2620542,249622866.00994596
6766,250417323.359375,249218023.4608423,249204066.7730272,249267676.66289458,249596117.9856058
6767,245073136.68847656,249600028.6612489,249584049.81040353,249642414.58255082,250417323.35942653
6768,243618275.78344727,247702997.75672984,247701898.67739904,247667423.74321067,245073136.6884184
6769,245540291.63354492,246756540.2879831,246867662.4151262,246844691.09981447,243618275.78333575
6770,249385710.59350586,247163109.0329627,247285762.89686668,247343056.04340294,245540291.63360336
6771,248167004.80810547,248562545.02018476,248620801.34477177,248750541.87012604,249385710.5935304
6772,243990954.46118164,248396255.96163017,248386668.55470946,248465514.78644875,248167004.8080732
6773,244788094.921875,246835823.6562122,246875752.43480188,246874698.2383243,243990954.46118823
6774,249546757.93652344,246779567.35601342,246893365.377647,246939428.56332308,244788094.92198616
6775,248656911.39086914,248459378.64742556,248525277.71526378,248669631.76906326,249546757.93647856
6776,246837782.12426758,248454741.11875236,248432494.06009817,248531957.62899506,248656911.39077356
6777,247994385.66381836,247862507.2742804,247872871.1991968,247916638.29389298,246837782.12418383
6778,249831419.2097168,248190120.82074267,248227893.796312,248298521.49927035,247994385.663882
6779,248778044.47558594,248945701.77293345,248950369.67466605,249048921.22770956,249831419.2096004
6780,254824983.5439453,248712469.44380432,248688174.16452584,248752026.0561535,248778044.4755499
6781,249817549.60229492,251021209.27645358,250987026.17329317,251129278.66686812,254824983.5438573
6782,248960346.13110352,249678943.24702397,249556860.20138434,249574903.95536166,249817549.6022832
6783,251774524.2006836,249246699.77927628,249236374.60593763,249225518.84151563,248960346.13120264
6784,250091530.0192871,250237680.5355497,250226126.78849328,250279021.72340727,251774524.2006731
6785,254423719.40527344,249813651.61209667,249759732.65490648,249774362.37832335,250091530.019271
6786,247859013.7746582,251373593.56805575,251330509.30183333,251407489.18175665,254423719.40534303
6787,250046063.23754883,249253777.0551649,249162889.89944717,249114547.61016202,247859013.77462325
6788,251233324.83398438,249738168.52401167,249769592.30584827,249768562.98370904,250046063.2375061
6789,247911243.02001953,250223534.0410723,250200608.1061796,250238183.9015174,251233324.83396095
6790,249277483.0498047,249083100.91709992,249059138.7921771,249032364.2090548,247911243.0201294
6791,246865976.81835938,249375595.1733113,249409756.55300808,249419707.85975206,249277483.04991743
6792,253261751.15698242,248467387.86474186,248484197.71423727,248471544.33425227,246865976.81842613
6793,250915417.95263672,250688766.7342138,250719097.01241136,250816532.36820215,253261751.15690783
6794,250907135.52124023,250208273.8423897,250122164.90089646,250156750.0416763,250915417.9525285
6795,257692107.08789062,250258124.72779235,250226756.36202505,250231474.34849256,250907135.5212209
6796,251679963.79370117,252842170.23244914,252771898.66826817,252880738.89659896,257692107.0877688
6797,251476664.7302246,251163206.7637766,250996701.5601799,250960926.8748838,251679963.7936292
6798,247699567.15185547,250927057.92851296,250889126.21057683,250836842.0119248,251476664.73011395
6799,250739109.2109375,249445060.74327645,249429658.76614735,249346621.60048905,247699567.15193892
6800,250077647.4482422,250238929.74591655,250280991.29056215,250280779.92155477,250739109.21097285
6801,253890164.359375,250069138.88815886,250051149.3242507,250051729.8680911,250077647.44835457
6802,250948748.6184082,251499513.76307252,251476569.66024384,251526302.9185277,253890164.3592635
6803,248883780.78955078,250693865.3759017,250612572.88018927,250592602.0654835,250948748.61841163
6804,251732716.46313477,249819294.03743154,249811348.05398387,249754426.62262732,248883780.78953883
6805,247393933.69433594,250695778.22142524,250709789.46869898,250723289.5924724,251732716.46318245
6806,248578062.55493164,249201111.7016713,249182694.11929116,249128587.27858883,247393933.69442496
6807,247334647.86376953,249345424.23053008,249406899.2775241,249389773.52037102,248578062.5548505
6808,250835856.18432617,248818697.37103248,248858863.36545533,248846240.16939726,247334647.86369225
6809,247607538.3635254,249970980.79041195,250014640.54015487,250068663.81931776,250835856.1844061
6810,243954856.19970703,248953723.2083123,248944496.12833056,248937521.2059118,247607538.3635316
6811,244235784.67211914,247382096.50456408,247457932.66180766,247401720.63381806,243954856.1997235
6812,246110378.91015625,247071964.78961864,247211865.05763903,247210623.42461735,244235784.67207065
6813,249976669.11889648,247548851.699236,247665165.07977667,247731377.20116705,246110378.9101708
6814,251524513.55541992,249012370.61311913,249067292.66247764,249193826.333044,249976669.1188061
6815,253543011.7841797,249891113.8914935,249860858.91091225,249975804.33782837,251524513.5553396
6816,252385934.68847656,250960514.8867889,250893341.77980307,250990356.8722022,253543011.78408512
6817,247867217.19921875,250896746.84211028,250801692.46908975,250834290.57090858,252385934.6884774
6818,252721704.4230957,249317221.51247358,249276669.84991676,249218076.6376133,247867217.1991193
6819,249430232.60302734,250848935.4646389,250870889.5760834,250914243.457261,252721704.42302197
6820,247779306.45361328,249875916.07210237,249818874.2923719,249806467.30040237,249430232.6029765
6821,247551007.07763672,249131792.13583362,249154501.6020885,249112165.23478308,247779306.45358992
6822,248775363.70385742,248862084.4668737,248915847.5608834,248898933.35235706,247551007.0775281
6823,246063245.16577148,249185235.8634706,249234128.64901403,249257617.97831094,248775363.7039232
6824,245797340.12329102,248173949.5727923,248212064.94420514,248197634.00962687,246063245.1657075
6825,245550375.5493164,247841161.31034118,247932965.6974594,247932547.53259537,245797340.1232957
6826,250568644.51245117,247588621.5096557,247682134.0524101,247703862.00216025,245550375.54941827
6827,250437154.59448242,249354119.26979163,249420670.4751993,249531835.224145,250568644.5125375
6828,247241655.07006836,249663943.3367826,249632849.162382,249709976.69707552,250437154.5944232
6829,245923643.71606445,248585847.0147113,248578720.88716808,248575543.45721,247241655.07001272
6830,247946223.11621094,247902468.59066653,247964497.1863633,247955068.1775457,245923643.7159661
6831,248737055.59936523,248470275.48940054,248543785.89513233,248594069.76315737,247946223.11625156
6832,251037297.5546875,248815535.54022262,248841989.05030563,248907071.2277661,248737055.59934205
6833,248175103.20483398,249778309.3637168,249778768.52226406,249862402.9113112,251037297.55456787
6834,251956174.74536133,248909174.07251987,248880111.0912014,248896790.3199928,248175103.20484415
6835,251070317.33666992,250241736.88034666,250251001.65526694,250321094.1411471,251956174.7454773
6836,250426590.68847656,250192522.38684177,250132265.3639417,250171378.32512957,251070317.3367292
6837,254076559.07958984,250020302.3733528,249986106.41105157,249994050.20756724,250426590.68839657
6838,250467749.50317383,251423880.77293634,251383735.94369674,251443575.74642584,254076559.0795736
6839,252563569.18774414,250398693.79928312,250309136.7153383,250285192.59215423,250467749.50324103
6840,251063913.2319336,251102744.03851995,251079457.1690624,251079377.48394063,252563569.18769416
6841,252025075.27246094,250667799.99037734,250610002.27214888,250587380.1039495,251063913.23197567
6842,245531040.61523438,250991693.81533527,250961205.8184322,250949491.64251631,252025075.272566
6843,245513120.78833008,248615976.65984324,248603814.38637573,248494994.495439,245531040.61526847
6844,252965946.1352539,248044936.83073184,248157772.68134078,248100362.55996197,245513120.7884024
6845,252481612.5847168,250576439.36463577,250639237.28613988,250746754.86148474,252965946.1352021
6846,254139855.12939453,250851282.44805336,250769290.5296457,250832289.68690583,252481612.5847792
6847,255372566.26049805,251688741.4122138,251615219.86328468,251653416.8659218,254139855.12945056
6848,252556974.31958008,252425410.23931003,252313894.79756886,252340580.24282482,255372566.26059756
6849,258318010.71264648,251645213.20698494,251531874.5160277,251480961.71572343,252556974.31962743
6850,256537198.98242188,253746838.4087671,253660576.50526676,253694522.74021775,258318010.71275917
6851,255404500.89282227,253571638.8800787,253384356.47357935,253354795.3059572,256537198.9825435
6852,254195798.8840332,253294614.74678352,253160133.71371794,253077290.46567935,255404500.8928433
6853,251892269.01220703,252845758.98163107,252741793.02485356,252644230.5356876,254195798.88392127
6854,250762027.40356445,251923544.3224601,251859285.42196047,251737903.5492774,251892269.01218623
6855,248759859.8395996,251282479.39264685,251269495.2565263,251159059.26709107,250762027.40354347
6856,250953123.6550293,250327379.8004074,250346025.38879114,250237888.3682584,248759859.83957708
6857,251224073.18310547,250847311.02281332,250889439.7004188,250852316.45897615,250953123.65491283
6858,250460410.04003906,250962727.48249444,250956177.09152997,250933542.4025401,251224073.18312612
6859,251156646.6682129,250703517.0142199,250697080.5453575,250654089.79417253,250460410.0399929
6860,250278002.33911133,250920759.72203985,250924835.41944376,250894375.9483803,251156646.6682634
6861,248956739.74609375,250626224.770689,250620914.550494,250576411.84265235,250278002.3390096
6862,249843408.75219727,250052856.23911652,250071728.1731593,250012439.35783547,248956739.7461642
6863,251046217.3232422,250223825.4842976,250261179.8682237,250234390.19474605,249843408.75219005
6864,247522382.93823242,250642435.00865018,250652697.66481748,250653823.6336859,251046217.3232745
6865,253083821.57788086,249368324.2256039,249372979.10559255,249314647.0860905,247522382.93817845
6866,251168256.7314453,251216964.90165645,251260047.72096145,251302771.41531822,253083821.57798588
6867,253729083.6923828,250807522.1006708,250748150.3947002,250746872.73967218,251168256.7315493
6868,249083623.82006836,251777056.2680696,251746513.06927863,251761885.98622108,253729083.69226205
6869,248232923.77929688,250259494.9426118,250204119.025831,250132528.98874024,249083623.82017183
6870,250812626.78271484,249672767.35671005,249716790.62375972,249647096.25711033,248232923.7792155
6871,247949843.5390625,250435740.67219067,250476518.63959023,250482607.62410587,250812626.7825983
6872,250299541.5510254,249461238.68934104,249466646.5782609,249427012.90884444,247949843.5391797
6873,253865385.5180664,250152943.0225876,250201995.41370136,250206661.13724002,250299541.55102316
6874,249698042.92944336,251615347.19282186,251595910.83197027,251652831.72848883,253865385.51816735
6875,249573783.36132812,250378397.8057254,250315572.15295598,250271061.6811317,249698042.92942807
6876,247360506.2446289,250146727.09504315,250169338.43346322,250124045.22438574,249573783.3613912
6877,248230095.40161133,249223443.74030626,249256888.4849359,249200593.88089928,247360506.2447405
6878,250285286.42041016,249322100.6869804,249393687.7087757,249374299.88219818,248230095.40165916
6879,251182322.08374023,250040630.2191935,250079812.3340159,250106518.34151927,250285286.42048696
6880,249078566.72265625,250513095.47303513,250507452.50525364,250533187.13917613,251182322.0836277
6881,253271219.50268555,249842332.66730872,249831537.7889674,249805507.46315008,249078566.72259367
6882,251020063.03100586,251337460.86595252,251346010.64045882,251384077.6500095,253271219.5025888
6883,250699903.30566406,250792163.2487427,250730256.80495998,250712880.18242165,251020063.03100643
6884,248495661.28393555,250643128.4329244,250631838.69779643,250595312.49912402,250699903.30557084
6885,246160077.625,249788797.78662217,249795361.78897032,249734435.87471876,248495661.28399143
6886,247384317.31591797,248680092.20956612,248741152.99261916,248669293.1609925,246160077.62506253
6887,250166270.0666504,248828196.2017428,248924257.1710089,248910493.30564147,247384317.31596303
6888,251716968.3317871,249788392.3055696,249839523.03668472,249888008.03600812,250166270.06656837
6889,247445253.70263672,250547376.8555945,250535509.21946734,250588553.43337247,251716968.33170336
6890,249393428.37524414,249125476.0495746,249108385.846315,249067982.15156037,247445253.70257175
6891,248655673.99560547,249629738.93879727,249686452.7093617,249686370.5779266,249393428.3752169
6892,250187811.96142578,249424619.42664152,249444830.54513547,249441386.9590269,248655673.99563587
6893,248237152.60424805,249944902.40539333,249971932.10803983,249990545.75742856,250187811.961433
6894,250991351.8684082,249306162.133021,249312647.09283417,249295203.1339741,248237152.60431615
6895,252361126.19628906,250221879.58997104,250252094.97085005,250280521.84041512,250991351.8683388
6896,247882268.80810547,250901606.04215735,250867116.7909896,250906752.9841801,252361126.1964006
6897,249844942.19482422,249424415.2301628,249392537.2556635,249334842.32907385,247882268.8080072
6898,251812244.19067383,249871481.9702296,249916295.2169743,249907965.6038908,249844942.19489807
6899,252119745.1171875,250633773.59275898,250624250.8727491,250660271.350922,251812244.1907235
6900,250860670.81811523,250917943.9489597,250870337.80537486,250890100.3861212,252119745.11722565
6901,248542263.19580078,250554633.68754,250510169.6927857,250492202.08843088,250860670.81821784
6902,248811111.24536133,249641985.57707512,249636415.37550968,249584468.51182997,248542263.1958836
6903,250183142.48779297,249533556.28100175,249570440.49713737,249546577.23883066,248811111.2452898
6904,249681619.67529297,249977715.58277997,249999478.58618143,250013496.3417263,250183142.4878865
6905,249277706.54907227,249849190.8234984,249846564.57413182,249848932.1156206,249681619.6751788
6906,250051434.98388672,249673611.39386776,249683304.4958153,249677094.89131457,249277706.54903632
6907,247764096.09155273,249921099.92499197,249933420.6853555,249944256.50203598,250051434.98382583
6908,248014573.63012695,249088177.76579097,249097321.20739704,249073335.50890923,247764096.09157416
6909,249526726.84838867,248996280.25100562,249048260.6281699,249042795.7381138,248014573.6301556
6910,248875452.91601562,249494400.8486194,249529686.0213416,249562610.82494295,249526726.84846947
6911,251686032.28857422,249325859.36736172,249335089.71270588,249351729.3379109,248875452.9160524
6912,252803522.22998047,250357295.32827064,250363134.0153205,250417935.7463197,251686032.28864685
6913,249288451.87475586,251034546.36064246,250980352.50962427,251028545.1234608,252803522.22997043
6914,248727756.35083008,249914634.43563998,249861629.6073645,249826224.45993695,249288451.8747296
6915,250636671.55541992,249531227.9795445,249552693.0090237,249518217.4450677,248727756.35071772
6916,253776382.4033203,250106152.24328074,250123980.85752934,250144528.0889818,250636671.5553904
6917,254948729.1213379,251396615.50995216,251359471.21513143,251421012.37890393,253776382.40342823
6918,247314060.50610352,252179173.55473387,252078317.76465467,252118188.3435141,254948729.12128177
6919,247350516.77856445,249567980.28174406,249491801.08921427,249378371.54431608,247314060.50601527
6920,248151052.66796875,249106578.36915004,249181796.1236186,249105660.01890382,247350516.77851695
6921,253766535.37597656,249171806.64908916,249234601.8859085,249223347.3017867,248151052.66803312
6922,253304158.49609375,251197662.48070988,251211003.99069992,251298269.78531158,253766535.37598485
6923,251839098.50952148,251453409.39005938,251360117.5964317,251399206.38098842,253304158.4960665
6924,251115307.13989258,251083583.9563989,251013952.11403018,250990300.9139994,251839098.50951117
6925,249514055.06591797,250817814.8091933,250782616.87746865,250744087.36753786,251115307.13987485
6926,249641255.10205078,250176368.73526278,250165162.3317384,250110781.71017075,249514055.0658625
6927,251953534.86767578,250068921.23227254,250088378.42495546,250054566.7335942,249641255.10215035
6928,251752089.35668945,250865933.6371838,250867256.73535597,250882848.01333106,251953534.86756176
6929,245486827.73608398,250957895.21418434,250916112.48802578,250914504.26050082,251752089.3565961
6930,246086461.0349121,248628386.25920197,248626958.74387076,248520939.31220824,245486827.73599285
6931,248186868.20996094,248337357.9293428,248453083.70180848,248404878.97983274,246086461.0349936
6932,252404247.02416992,248895275.6382237,248978621.30269608,249010393.12888402,248186868.20985657
6933,249046403.25805664,250522310.0091982,250538921.3269504,250632724.72808862,252404247.02420115
6934,249357596.96020508,249625622.3778439,249579701.21893308,249581185.5237692,249046403.25800937
6935,242926536.3557129,249651229.88497066,249673293.87425083,249668721.57964885,249357596.96025527
6936,243647881.23461914,247192649.0469465,247241398.17039523,247154567.4313773,242926536.3556242
6937,244119820.71191406,246867369.0622578,247034717.28570518,247015242.30959377,243647881.23463768
6938,241585852.9909668,246788397.38468012,246929074.94918102,246968574.1965441,244119820.71203148
6939,246520321.88208008,245676021.67627504,245817101.81768435,245836880.59450287,241585852.99098104
6940,246854692.72973633,247206031.53723928,247363998.38891193,247488100.01082793,246520321.8820216
6941,249822722.21411133,247536347.9671832,247588809.4182405,247708854.53183544,246854692.72961476
6942,250262069.5913086,248778783.4076295,248810965.22008443,248943848.9962175,249822722.21403676
6943,248927877.00317383,249253442.9299436,249225526.8005265,249329747.6361579,250262069.59138107
6944,245523281.5991211,248940420.3508041,248914886.20152637,248965504.62999833,248927877.00326425
6945,246488838.32299805,247675407.05653697,247697492.27613345,247689184.23731256,245523281.59902573
6946,247545496.5427246,247769902.1713775,247852593.7291081,247887242.87957972,246488838.32295632
6947,251437887.92163086,248101361.3083235,248155315.77847517,248226695.3538288,247545496.54277435
6948,251917200.52416992,249611050.3790902,249622602.06060892,249746823.70120797,251437887.9217138
6949,250117665.17163086,250144185.2798124,250078191.66528463,250171673.75244823,251917200.52418533
6950,251435749.96264648,249709834.4666082,249650623.6679202,249676253.25544196,250117665.1715523
6951,250236081.5727539,250214336.76331872,250186353.44541794,250224361.80582413,251435749.9627404
6952,242983175.3461914,249897294.81365705,249851418.30251923,249863984.56058115,250236081.57264063
6953,243991336.95336914,247131111.35636273,247152258.53485352,247055490.73471034,242983175.34607032
6954,248307521.5378418,246881470.7051236,247036648.6396772,247019349.18810123,243991336.9533879
6955,245233027.49487305,248251652.3814441,248352802.2581951,248455826.14067987,248307521.5379604
6956,249622068.49365234,247292995.57802612,247325440.0260663,247366613.32788244,245233027.49489996
6957,251337696.18603516,248775358.42611638,248844971.73591113,248951272.0263336,249622068.49358428
6958,243442143.83618164,249702505.59542018,249672546.90018448,249787015.3777359,251337696.1859367
6959,248680221.17749023,247007351.56446078,246993454.83842185,246946358.67072922,243442143.8362688
6960,249489044.16845703,248461041.83364534,248573203.4143517,248642567.851194,248680221.17750207
6961,250776192.61743164,248935466.62427074,248932227.99553996,249027610.56198016,249489044.16843012
6962,248824506.9958496,249577836.23948565,249557134.39826134,249639666.54497227,250776192.61747897
6963,245316686.8017578,249047396.72099087,249014012.92241675,249041823.1722956,248824506.9958766
6964,248779188.10717773,247669306.0284283,247696180.83920518,247669909.89104426,245316686.8017888
6965,252209320.99951172,248644757.97779655,248718962.43277884,248782301.65113327,248779188.10711616
6966,251119656.61914062,250040106.70960578,250022363.48806852,250142890.84719303,252209320.9994673
6967,245050345.0817871,249995639.0594251,249921784.70812958,249979681.24207765,251119656.61907107
6968,246648895.10083008,247812844.25559148,247798843.14529887,247739907.92672777,245050345.08172596
6969,252443727.6665039,247981723.0102176,248077485.24815613,248084109.32582337,246648895.1008596
6970,252943298.65429688,250066041.52368492,250091294.12309664,250218920.09531486,252443727.6666249
6971,249801518.71899414,250678070.70734644,250588752.76440844,250682431.11967564,252943298.6543325
6972,249540643.51416016,249754746.35342708,249680014.38282502,249678765.02669805,249801518.7189921
6973,251279097.80371094,249546847.6925234,249536933.03857082,249535118.0597699,249540643.51420403
6974,255620348.87768555,250154341.41626883,250138564.92000458,250177816.80971164,251279097.8038165
6975,247660633.65673828,251936877.67172065,251864790.50885305,251957965.76191145,255620348.8777528
6976,247967743.9724121,249367655.23329392,249259637.27984294,249188290.65286684,247660633.6568093
6977,252053595.2241211,249029885.22272924,249079980.57983512,249037302.53108546,247967743.97231185
6978,248482377.5522461,250413624.52217898,250427985.92040762,250490253.81359595,252053595.22420716
6979,246483232.1845703,249326265.35482112,249282045.90737113,249271199.00235745,248482377.55234003
6980,256043853.04663086,248390958.42861795,248431569.28417778,248394173.49399343,246483232.1845106
6981,249876211.21850586,251725179.7461948,251745685.29125717,251889255.80751675,256043853.04674724
6982,249763971.8947754,250068770.77586526,249936860.92087725,249936853.20738488,249876211.2185832
6983,247104691.21972656,249832207.99532562,249830751.14244473,249810303.8890331,249763971.8947594
6984,249449747.04907227,248768108.2732525,248779181.9078346,248743956.8406512,247104691.21967164
6985,248894600.2409668,249401463.42377698,249452627.63845852,249478924.9424928,249449747.04913056
6986,247674211.4116211,249255535.84013546,249260376.58423227,249284885.95892885,248894600.2409566
6987,249562665.93823242,248792476.78094044,248817931.22670552,248817397.13151005,247674211.4117005
6988,248524833.66967773,249386210.4559954,249423102.03101125,249463271.1451055,249562665.93821052
6989,250248364.15307617,249093162.9084032,249097640.8319146,249118430.21578053,248524833.66957587
6990,250039165.22021484,249689899.85895678,249706152.2602117,249751059.98732802,250248364.1529998
6991,251016169.33862305,249723389.59748444,249705908.05997005,249740464.25958174,250039165.22017065
6992,249235465.94677734,250133188.63171402,250116108.6340565,250154072.761313,251016169.33853164
6993,250414019.71020508,249590491.2454549,249565578.25588545,249563836.77756768,249235465.94675463
6994,247159069.04711914,249964515.46409687,249969791.96222988,249987111.320933,250414019.710146
6995,247542279.09301758,248809416.18765566,248809311.67518362,248777946.63243422,247159069.04710755
6996,248181348.35229492,248695287.92985776,248757112.68753576,248752593.441989,247542279.09295696
6997,246747994.65014648,248819587.04905015,248864955.0048552,248894820.0771835,248181348.35240835
6998,252632986.3161621,248256579.92008954,248296333.14145032,248308971.24571666,246747994.65010345
6999,250986871.31567383,250324935.8887695,250358676.67034295,250471833.99843803,252632986.3162482
7000,250271865.32763672,250109160.89562887,250034702.03742456,250090748.63980263,250986871.3156429
7001,247691255.7373047,249943998.70895538,249913293.58973512,249924338.37903637,250271865.32769883
7002,249671622.45874023,248993075.81968242,248991971.19013396,248964308.12029266,247691255.73735893
7003,250550883.6928711,249527907.37071645,249565681.1682749,249589526.06208822,249671622.45867985
7004,247623315.07543945,249945638.604276,249938416.65762043,249978462.59862337,250550883.69279015
7005,249173793.58740234,248937880.98250002,248932781.07468775,248914819.7553093,247623315.07548788
7006,253396008.88549805,249302779.87578574,249344740.58082134,249366166.81220654,249173793.5874644
7007,244768635.2241211,250966431.63537875,250953093.22820723,251041125.56551728,253396008.8855993
7008,251305040.41601562,248079309.22500753,248034135.72391447,247955079.59723586,244768635.224048
7009,253243856.85766602,250008894.53235337,250099406.39480597,250150010.45917282,251305040.4161113
7010,249755530.24389648,251024459.67061356,250968187.88455865,251053113.21373296,253243856.85766265
7011,251870408.08569336,250009353.00540307,249942150.19009838,249924732.34915176,249755530.24392772
7012,253376283.11083984,250710136.92420846,250702727.52276897,250713884.7101687,251870408.0855896
7013,250678415.37695312,251430727.99625137,251372861.9782948,251403365.50026816,253376283.1107906
7014,253588136.3371582,250610632.44136563,250542985.69330862,250507937.2105625,250678415.3768376
7015,248762147.56201172,251593988.285639,251564977.81627408,251576200.67637408,253588136.3371564
7016,251055016.38427734,250005828.2856172,249946946.1976856,249873600.7593999,248762147.56198624
7017,251463516.7932129,250601850.6387621,250629395.33173397,250604942.45720467,251055016.38425997
7018,249269355.45410156,250801888.96724555,250777844.3458756,250774296.14066392,251463516.7932984
7019,249954012.5065918,250011109.37573278,249993207.19107297,249947944.7409336,249269355.45412472
7020,245891211.5949707,250111862.05180764,250132673.676385,250110448.94108358,249954012.5064796
7021,246839791.1833496,248551646.50853884,248578774.4576097,248508072.0842381,245891211.5948915
7022,246207953.75732422,248531262.15728006,248631978.92197973,248611077.89228177,246839791.1833281
7023,254150712.22607422,248117796.1321985,248194551.7341899,248199055.6917929,246207953.75736812
7024,251151356.92382812,250979741.21912423,251022426.57142413,251157038.33721626,254150712.2260209
7025,252213316.80932617,250446758.0635641,250350661.39520952,250387426.55534697,251151356.92392412
7026,253017322.59277344,250880519.89986536,250845133.36518994,250861191.429445,252213316.80922595
7027,250745598.04663086,251333909.58721283,251271373.26059678,251290048.72411722,253017322.59279105
7028,254708018.18188477,250667946.44692555,250608722.96497366,250570555.70155233,250745598.0467012
7029,251763992.10668945,252044785.57790634,252008902.60049775,252036607.01018354,254708018.18189648
7030,251087423.31835938,251245393.7174803,251149257.08882037,251112356.77115086,251763992.10667297
7031,251246239.40942383,250908707.97766587,250879410.05422044,250825103.71521825,251087423.3184468
7032,252570078.04296875,250905360.18832865,250887517.7938122,250851414.81998956,251246239.40941277
7033,250436849.77294922,251386569.13949087,251358807.68319353,251348711.66130254,252570078.0429779
7034,252949853.91577148,250686184.35776913,250645132.79784077,250594494.29253757,250436849.77296472
7035,251969924.4440918,251524503.81047735,251513381.82941976,251505448.04390356,252949853.9157639
7036,248571342.45751953,251312718.8646363,251256436.50289288,251227259.9268638,251969924.4440981
7037,249338169.28515625,250033275.07510626,250018764.40520632,249930130.34176123,248571342.4575852
7038,253903978.0432129,250032355.04212838,250078201.23933062,250031562.55706993,249338169.2852181
7039,254048109.54760742,251674624.05320704,251676133.58027792,251719858.06110108,253903978.04318035
7040,247564928.66796875,252060503.85954943,251972422.78852177,251987213.7636058,254048109.5475443
7041,248708281.33911133,249797134.44209236,249748243.172622,249631431.75246722,247564928.6680764
7042,249832514.34521484,249771988.97667128,249842804.44204745,249782076.22138754,248708281.3391462
7043,253209032.0974121,250074696.0832213,250110247.37030703,250103501.5328473,249832514.3453185
7044,253054134.97753906,251370723.0174622,251366096.10352302,251407561.12007397,253209032.0975221
7045,253352143.8540039,251603851.54927185,251534314.22389284,251541981.98525208,253054134.97749305
7046,251290234.49731445,251881202.15124977,251818708.67788804,251800021.45460147,253352143.8540884
7047,251703853.59301758,251206078.08692136,251150393.05397627,251088896.88250056,251290234.49727628
7048,249211165.08398438,251257693.66034186,251242000.04988948,251194086.28655976,251703853.59302783
7049,251119053.51831055,250302427.03815404,250291019.2148046,250215621.64958042,249211165.08386692
7050,246587307.27734375,250818115.0850785,250845495.74411374,250817705.9933967,251119053.5182668
7051,247458880.02197266,249148029.82821062,249160596.70220318,249073277.80608955,246587307.2773902
7052,248165550.85620117,249084374.18616936,249179779.48374623,249137197.7366652,247458880.0220863
7053,245256739.1862793,249220862.48604,249287984.9805529,249286971.3180315,248165550.8560807
7054,247738062.84838867,248081555.41142985,248150463.75592324,248110820.89425048,245256739.1862349
7055,252049234.82543945,248689463.92918238,248795983.29373255,248821994.95315424,247738062.8483525
7056,253654613.7368164,250388854.67578307,250418498.64552352,250512766.31611276,252049234.82543015
7057,251726706.6105957,251367440.37071317,251305925.98473054,251380040.14413705,253654613.7368532
7058,250274747.25439453,250956542.61909702,250878687.2412973,250873921.0417394,251726706.61058965
7059,252031882.4716797,250446074.62670925,250417948.52853993,250375937.03365085,250274747.25450796
7060,250150783.20507812,251025752.44579962,251016636.7559363,251012831.05094436,252031882.47173512
7061,252911124.88745117,250418821.26420704,250385174.72196618,250350089.08712897,250150783.20502472
7062,252267179.79589844,251374469.35699713,251365506.04361787,251373567.8122798,252911124.887346
7063,249015906.50048828,251310593.83358112,251249339.04149008,251237943.69096875,252267179.7957828
7064,246858282.4338379,250143758.1527517,250117789.03275353,250042177.1430956,249015906.5004
7065,245312358.17529297,249079594.3851755,249128697.72657827,249046163.03925502,246858282.43395463
7066,242186709.93847656,248165398.1523384,248260122.44270796,248200313.4988755,245312358.17530432
7067,246807993.43359375,246655450.5171253,246792834.38007867,246730942.26793876,242186709.93852085
7068,251787974.83129883,247914325.19986653,248079417.47161093,248142197.82045603,246807993.4336647
7069,251928115.4350586,249922249.1426251,249962409.62336585,250102213.89765722,251787974.83138987
7070,247930051.87890625,250439204.56007427,250383555.76420936,250464644.76024732,251928115.43505377
7071,251502801.64257812,249200326.0776976,249171051.88996258,249142637.4866518,247930051.87883955
7072,254511268.19555664,250337191.8824958,250366093.03210586,250403452.33680668,251502801.6425049
7073,251573872.6677246,251702001.78693318,251642374.0145403,251715871.34950563,254511268.1955079
7074,251893587.85253906,250972350.96523055,250876809.98109654,250857536.51115096,251573872.66769275
7075,252540042.59301758,251054376.56198788,251018803.1402266,250992467.30377972,251893587.8524535
7076,249395765.64453125,251350371.90952548,251305500.61411324,251292262.6906856,252540042.59303927
7077,249967605.47021484,250233186.93463397,250195060.6756876,250128570.63302314,249395765.64456093
7078,248085949.49560547,250232479.16892716,250253746.76475054,250213917.7629874,249967605.47021225
7079,251167614.03759766,249461846.67710724,249479168.68709907,249430362.1826793,248085949.49565485
7080,252419933.9765625,250427386.0271069,250464144.71665996,250480312.0174453,251167614.03771216
7081,250168327.0744629,251045438.14392456,251011584.98006523,251041380.2588807,252419933.9764855
7082,252243478.08447266,250379945.78431442,250337856.1526514,250305965.84022573,250168327.0743688
7083,249716411.86645508,251063002.20539215,251054648.83319625,251055991.1214024,252243478.0845715
7084,249519302.88891602,250237008.6475387,250200457.90939054,250159656.37383783,249716411.8664596
7085,251580072.85302734,250030375.46074268,250046835.91039363,250007773.02169377,249519302.8890353
7086,249326526.8786621,250737884.6401889,250744605.83370525,250752335.70521873,251580072.8530057
7087,253791467.80371094,249998553.28294408,249977540.89688304,249944572.6532424,249326526.878589
7088,249465623.81225586,251533920.20833483,251532254.53293225,251571974.9184461,253791467.8037632
7089,251279190.03881836,250232412.78071293,250166798.635972,250118729.09584087,249465623.8122343
7090,254744818.24291992,250726115.65607736,250739953.47518528,250718929.83663246,251279190.0387374
7091,251443636.6376953,252114217.04567283,252070127.97073787,252107576.69748056,254744818.24279973
7092,249100833.27148438,251191575.7666733,251101433.28823715,251054250.99790233,251443636.63765308
7093,247656171.2216797,250196320.70912102,250188025.03808817,250101933.1900205,249100833.271531
7094,247639845.83398438,249393895.94633725,249435598.062997,249363747.85906374,247656171.22176355
7095,250059182.00805664,249125833.07085073,249192549.94019204,249157541.40662608,247639845.83401635
7096,253062339.67871094,249874319.1330856,249923195.8369709,249949416.15953225,250059182.00816
7097,245555414.02392578,251122630.2476382,251106233.82443854,251169187.52527156,253062339.67860043
7098,245249263.88891602,248565869.69370812,248533642.03124636,248450377.65433303,245555414.0240001
7099,253087457.59301758,247965335.18163487,248083316.47842827,248027097.77840456,245249263.88894343
7100,253006526.41455078,250654745.84687948,250726119.24602932,250839622.6238312,253087457.5929438
7101,250090642.19580078,251129483.50830638,251047222.88044596,251117507.44807473,253006526.41444597
7102,247011311.1640625,250294927.7736251,250239224.45185852,250209495.4931385,250090642.19580975
7103,246407520.86450195,249042280.13679412,249062132.06893125,248989062.8231162,247011311.16415125
7104,245448370.5974121,248499006.10316187,248579723.244559,248537438.68831742,246407520.86451176
7105,249278751.2697754,247891977.3828495,247984432.7147468,247966215.83571282,245448370.5973644
7106,249841562.36865234,249105652.7374279,249191096.866287,249257871.15043584,249278751.269826
7107,245390777.00976562,249507099.32552087,249511439.8673735,249574727.5914716,249841562.3686251
7108,248587831.2697754,247935635.33513758,247955263.8745917,247927785.5375564,245390777.009804
7109,248195468.97460938,248826032.23995835,248913764.25741988,248958474.1916469,248587831.26965773
7110,242692751.28344727,248764530.51084596,248786268.92633003,248834368.1957722,248195468.974518
7111,248152945.28735352,246660482.80658868,246721854.92149383,246681199.97793707,242692751.2835364
7112,247683269.3544922,248235241.58054507,248370220.63478744,248456795.66369706,248152945.287291
7113,249107745.2565918,248262465.92203367,248286663.56483176,248369404.28500682,247683269.35438472
7114,250878296.3857422,248849853.59443736,248879175.61431536,248958790.77416638,249107745.25648597
7115,251540413.29907227,249700792.58223528,249692616.72213745,249778706.5023289,250878296.3857948
7116,248173055.7060547,250206798.93562627,250164171.5724122,250227722.2876678,251540413.2989588
7117,250077028.46972656,249118736.85330406,249085858.82103688,249072374.57058415,248173055.70599815
7118,249575138.11035156,249656490.53576058,249679963.70191833,249705775.34064245,250077028.46961
7119,249946348.4255371,249573964.21567306,249561713.69925627,249581863.6054447,249575138.11026
7120,248219095.78857422,249722233.83608687,249720995.831496,249740068.85283574,249946348.42561665
7121,250756225.7434082,249088862.47888446,249088926.5127167,249082251.4441497,248219095.78846863
7122,249340168.7536621,249922157.12927952,249942171.0089576,249983455.8390956,250756225.7434829
7123,249679015.65942383,249538332.0499897,249515556.10222542,249528880.34678975,249340168.7535452
7124,252458027.31469727,249611506.88782075,249616573.89686495,249630947.98952603,249679015.659397
7125,251609161.56323242,250684733.23764545,250667108.3540085,250724464.0506925,252458027.31470484
7126,250463148.7956543,250617667.86099276,250551968.35947314,250571410.5512723,251609161.56330127
7127,250666313.90234375,250270076.83568072,250232373.53184125,250214670.90859988,250463148.79574677
7128,251414327.3798828,250303784.65561303,250288258.7345722,250278734.14683774,250666313.90242857
7129,253708403.00463867,250583996.45559293,250559851.93498892,250566266.03791907,251414327.3798145
7130,251216613.74267578,251534886.73800972,251485331.25653514,251517898.00980592,253708403.00455165
7131,252776364.5349121,250829496.53030097,250751064.29636416,250721677.72521147,251216613.7425611
7132,257937008.9794922,251354263.6749124,251319727.86515656,251309183.47335768,252776364.5347959
7133,252387526.99536133,253440057.0477081,253346745.81640187,253407642.3360882,257937008.97942385
7134,255964942.0517578,251861508.53104687,251702934.95959553,251627421.89038303,252387526.99528775
7135,252591138.27392578,253055620.55394658,252994865.43814638,252964646.99974295,255964942.0518781
7136,254008713.4880371,252017138.8716148,251902386.82294157,251818773.46261987,252591138.27401507
7137,252782976.68774414,252424446.0911668,252374264.73924336,252311896.51990435,254008713.4881369
7138,253463189.9885254,252036235.92603698,251964231.43739635,251890224.79016578,252782976.6877503
7139,250594567.7331543,252211497.1221759,252161671.07988498,252103057.0255117,253463189.98856896
7140,256007908.37304688,251152151.8536325,251104312.86911052,251007155.70213002,250594567.7332465
7141,253783656.70947266,252979383.21060318,252958332.82974288,252960638.87679794,256007908.3730352
7142,249706096.46728516,252504278.219303,252388397.6552632,252335661.96785203,253783656.70935452
7143,251353911.76342773,250969213.8505493,250926390.33634692,250793275.62482506,249706096.4673556
7144,250608216.21240234,251255909.50903684,251282136.02553713,251212094.3836997,251353911.7633327
7145,251818511.87109375,250910350.8024325,250902954.94477412,250846385.99032432,250608216.21236935
7146,249879241.80737305,251285981.53435165,251286768.6400222,251252882.079166,251818511.87099165
7147,252883812.22705078,250625516.22343767,250612986.86254868,250547555.10280016,249879241.80725804
7148,250332674.39160156,251594814.85454565,251603001.26743266,251594364.76562154,252883812.22700447
7149,250099597.27856445,250782796.38252646,250743404.44192505,250691119.8637894,250332674.39156497
7150,250200681.57641602,250547020.05403435,250560687.8229018,250508238.28355792,250099597.27855855
7151,253966285.8161621,250498947.12785983,250513528.42015883,250479677.107733,250200681.57652625
7152,253858859.74780273,251886859.98052263,251877575.8904333,251904861.09431586,253966285.816251
7153,253514919.65307617,252164388.54978758,252083453.87473747,252079383.98421967,253858859.74788743
7154,248601437.72631836,252184972.7511943,252113517.52683556,252074547.19062695,253514919.6530756
7155,250644342.5522461,250380526.01457903,250343859.18405846,250224602.80793938,248601437.72630635
7156,253337835.8400879,250795783.55015135,250844889.2578734,250789935.5795391,250644342.5523157
7157,247457419.2890625,251797502.5970535,251787195.3837462,251794512.05293933,253337835.8399977
7158,256496195.18408203,249772365.7843763,249743186.41157323,249640762.6013813,247457419.28908136
7159,254136619.09179688,252827728.36255565,252866069.17429775,252919516.1353354,256496195.18406412
7160,252143289.90527344,252517440.16396734,252387701.25258988,252373251.5407925,254136619.0917879
7161,252690509.0769043,251870343.3617625,251809015.0977161,251720615.12052462,252143289.90535888
7162,245606696.65112305,251990527.57507935,251964314.5953568,251895820.03108162,252690509.07697785
7163,246767744.20141602,249314296.52704248,249316801.89133552,249151801.8699077,245606696.6511089
7164,249924951.77368164,249127071.67735398,249259485.93360725,249170843.80518407,246767744.20132187
7165,251201748.71679688,250093876.05256015,250176220.5249297,250186302.29603782,249924951.7736944
7166,246853432.75952148,250684520.41281185,250696065.21732497,250716643.99559033,251201748.71689412
7167,246896282.8564453,249178711.75989005,249190378.35902816,249122230.5514815,246853432.75945887
7168,248123676.29516602,248876591.47408056,248971360.69481218,248926193.91865876,246896282.85649636
7169,250518303.32617188,249179676.5567045,249260797.36922175,249264913.25672653,248123676.2952685
7170,250176268.43798828,250072125.98844364,250113395.35436445,250156359.69777247,250518303.3262829
7171,248623954.6833496,250130254.69032198,250126132.34883893,250141558.6542878,250176268.43794733
7172,255387964.23583984,249608420.99122894,249621815.11488354,249596688.3255816,248623954.6834695
7173,251631168.40429688,252063571.85595086,252068772.48755932,252151234.6906151,255387964.2359061
7174,252515905.94335938,251177403.32295293,251071595.16066527,251052813.50478238,251631168.4043585
7175,248218963.23046875,251484367.370017,251455825.56384158,251424027.4742484,252515905.94330627
7176,247806088.77905273,249949670.38693357,249926093.87372968,249831871.79604787,248218963.2305444
7177,250863668.42578125,249479844.95543882,249544807.84083712,249471035.32828966,247806088.77916077
7178,249527682.92016602,250424349.36398163,250474292.00397053,250483227.72983015,250863668.4257244
7179,252948743.69580078,250066473.30000046,250062518.00138947,250042944.4689102,249527682.92028213
7180,248477783.7302246,251313760.09424752,251319532.60230812,251343780.19736984,252948743.69574064
7181,248174344.0119629,249856267.98775995,249816868.98040488,249756811.39394552,248477783.73031723
7182,250067952.02490234,249496970.53780192,249550391.8266765,249494781.99998683,248174344.0120008
7183,248695236.38134766,250039954.64633968,250082098.15554672,250086854.91161343,250067952.02494413
7184,249569557.73413086,249589232.02352253,249601105.02234522,249583130.49145195,248695236.38141072
7185,248143098.73217773,249813783.35822156,249847326.61338288,249845824.68831092,249569557.73404297
7186,249708665.9921875,249288658.33442187,249310728.34581062,249291415.87799332,248143098.73229197
7187,251286685.34375,249746608.3238979,249786351.75368118,249799548.70508295,249708665.9923016
7188,246981417.36621094,250422136.2076385,250421111.99894187,250455569.50515056,251286685.3436808
7189,248123515.625,248930810.1230671,248923681.9258236,248876406.29341185,246981417.3660916
7190,249265040.79760742,249055529.8668349,249125599.9416771,249116567.3329601,248123515.62503955
7191,250959698.75805664,249440686.36725757,249477250.843526,249505528.33780926,249265040.7976207
7192,250137014.72387695,250135009.46605322,250139847.94803196,250186017.9039486,250959698.75796983
7193,248451472.54370117,249995540.27194133,249972952.47734895,249985869.2810612,250137014.72397497
7194,247744692.78710938,249369267.6523315,249373381.00039825,249351886.15995172,248451472.54372388
7195,248449153.52929688,248979368.12512338,249020222.64834395,249001244.59760433,247744692.7870424
7196,246878508.52026367,249101459.39849052,249149284.05774137,249161309.87422296,248449153.52925456
7197,249098601.67407227,248487911.6245352,248528948.40879676,248523866.2535332,246878508.52016076
7198,244873073.88842773,249172232.42683926,249230255.49869755,249270465.6029763,249098601.6741308
7199,251726110.61499023,247676194.23658216,247711883.40654683,247686553.2052483,244873073.88851056
