idx,truth,norros_f,linearP_f,farima_f,persist
5808,260231441.0053711,257897040.38388246,257880289.5005747,257826431.73172125,258069993.5458088
5809,257542633.18701172,259105336.95235544,259084939.12663984,259095401.4148341,260231441.0054196
5810,256906529.29663086,257663385.25226557,257509780.5138569,257507472.1087046,257542633.18704945
5811,255505404.9411621,257142472.3100652,257145725.75970054,257079131.35494646,256906529.2965215
5812,249205738.36499023,256183609.48704627,256182276.74515262,256122020.6805776,255505404.94126016
5813,252712108.7253418,252270695.78342712,252285580.88651595,252132465.4201991,249205738.3648971
5814,255458503.4506836,253699888.7546694,254047991.47314778,253902182.444362,252712108.72533265
5815,250000247.48828125,255311870.64313936,255437425.36327145,255456301.33887333,255458503.45069996
5816,250060852.46655273,252202974.10628185,252154645.01835915,252094479.19451037,250000247.48817036
5817,246172922.1940918,251799493.96337494,252045828.11459264,251900552.5168419,250060852.4664567
5818,251013519.08496094,249230044.90475652,249378890.53848824,249252230.12087655,246172922.1940568
5819,251234901.67358398,251600995.05228826,251975978.33693036,251885136.0154396,251013519.084896
5820,247879712.9050293,251877354.4552905,251954311.18203446,251978704.2962823,251234901.6736616
5821,246108572.64501953,249873900.36888054,249936879.7478209,249865532.43799916,247879712.9049226
5822,246812710.70629883,248477495.13209048,248688071.95080674,248557526.8405741,246108572.64490455
5823,247003118.6533203,248518876.1959899,248781850.29258794,248686896.89192683,246812710.7063092
5824,248075826.97094727,248502624.4010374,248700916.49726626,248646571.16861096,247003118.65338695
5825,249986415.33911133,249077838.30801448,249275073.21314728,249237284.5808648,248075826.9709204
5826,249690109.5612793,250193381.04554766,250334339.41449407,250337702.7091672,249986415.33916724
5827,253922702.44360352,250191330.47582638,250236778.2088303,250244423.29691485,249690109.5613221
5828,258029497.49682617,252750262.7991399,252860857.08023962,252899716.77004635,253922702.44361225
5829,257813435.62182617,255592989.49115482,255518432.35606846,255659154.80885443,258029497.4969411
5830,252437835.51635742,256033147.0556402,255789680.73457155,255911451.37981716,257813435.6217452
5831,249920861.15454102,253112379.30891755,252888473.9423087,252869254.53723064,252437835.51643264
5832,248869746.2836914,251255559.50445417,251289484.9481007,251168709.16278994,249920861.1545
5833,249538567.33325195,250316401.2505225,250436388.36740565,250336367.40945202,248869746.2837217
5834,247711906.68676758,250438113.09139517,250589834.56965777,250525057.01037028,249538567.3331693
5835,247471848.66577148,249280756.64697605,249365864.41812465,249305730.3690191,247711906.68682083
5836,250729927.9711914,248904598.57382333,249080838.30907273,248997101.70154756,247471848.66566023
5837,247193782.78808594,250656143.82638246,250837390.44501376,250826646.56501782,250729927.9712324
5838,245918622.99023438,248767500.98244348,248749120.6881173,248732101.55765757,247193782.78817567
5839,248953104.26831055,247694037.21096063,247859777.10085118,247752161.01254642,245918622.9903562
5840,254371352.79418945,249241973.5205749,249460646.52734694,249429264.0564475,248953104.2684148
5841,250617170.19091797,252565609.62917748,252651608.62529087,252748689.52236715,254371352.7942873
5842,252311365.43676758,250849731.82808226,250647940.33390918,250714292.82861823,250617170.19100437
5843,252720006.06762695,251776559.27005592,251832528.8568443,251809348.6937353,252311365.43681255
5844,248648058.95092773,252176904.48704475,252123978.01126838,252161833.82143122,252720006.06773052
5845,250948066.02539062,249883135.74410993,249798806.72161663,249757270.40855566,248648058.95080644
5846,255576438.18945312,250984595.71349907,251137925.3872235,251078562.56937447,250948066.0253348
5847,256346444.20629883,253829614.51233757,253871903.9401834,253951487.4085005,255576438.189396
5848,256592596.6977539,254720115.83989978,254549113.74793637,254660043.0092512,256346444.2063232
5849,256448073.953125,255192332.48527634,255033602.9933557,255092627.7305159,256592596.6978248
5850,254872929.51391602,255322697.56551844,255168208.14596832,255207627.3529796,256448073.9531828
5851,253807823.76489258,254523391.85036165,254382755.78280324,254386412.6502394,254872929.51397648
5852,250788504.59765625,253800038.43189254,253735901.7054289,253705448.3475844,253807823.76498792
5853,251252398.93530273,251867079.80885106,251821098.02159315,251755884.1796188,250788504.5976218
5854,249490359.71728516,251792109.07333723,251891689.60506022,251816998.55980858,251252398.93523303
5855,247868420.71875,250610021.79551968,250636462.66151157,250586362.50577354,249490359.717297
5856,250843545.66455078,249393873.18603262,249494424.7183069,249405767.9174342,247868420.718828
5857,253704737.6105957,250841626.5224686,251018965.40630588,250985595.2982546,250843545.66456655
5858,253911642.2824707,252632562.4747281,252654764.11487898,252721186.57425517,253704737.610562
5859,253621994.46191406,253019996.91023234,252917568.031472,252983999.77263418,253911642.28251547
5860,254543390.26171875,252966835.48476964,252869843.05005226,252895873.3895499,253621994.4619179
5861,250416542.3125,253612379.4789014,253548254.5626097,253575198.6039695,254543390.26175877
5862,251216120.7512207,251289243.45083353,251150843.53068933,251128970.93003222,250416542.31261417
5863,252155211.12548828,251421377.84336638,251507001.47327468,251440040.52889106,251216120.7512927
5864,249593581.26245117,251916269.19302955,251933482.73091274,251939950.42608446,252155211.12558508
5865,245034615.24365234,250414612.5360683,250362461.56925723,250336672.89278516,249593581.26248023
5866,247627404.53442383,247505911.64680025,247555609.71410003,247431399.50411242,245034615.2437678
5867,249053676.67797852,248507460.57646164,248784009.82710108,248684541.2220001,247627404.5344135
5868,247615459.5769043,249282040.20415595,249383083.31462127,249396471.82926673,249053676.67794237
5869,249576470.81298828,248484214.3987975,248510726.58254018,248495779.5859366,247615459.5768912
5870,248668629.18066406,249546030.2500872,249668545.88497558,249651504.81355843,249576470.81308097
5871,249038484.7331543,249123929.75931472,249122511.43342263,249130966.09938678,248668629.18072456
5872,246798892.44067383,249317956.31809667,249383304.75516036,249362585.6946868,249038484.73313797
5873,250446249.6123047,248007645.94386736,248027598.7981328,247989982.85327944,246798892.4407473
5874,247015637.60961914,249979626.63824493,250145750.61216116,250130243.78132474,250446249.6123906
5875,250544041.11669922,248184821.92411056,248113765.82543606,248118628.3918067,247015637.6095765
5876,249450265.53637695,250079943.83575997,250246943.72200713,250221802.84852433,250544041.1166737
5877,251359493.5131836,249613818.67627177,249555300.1022338,249596781.4222339,249450265.5362685
5878,252594013.45581055,250695534.58890498,250735539.27002826,250748339.31321678,251359493.51314867
5879,252172831.35083008,251593007.8114109,251533627.5153729,251595703.3462092,252594013.4556913
5880,253289424.84472656,251547013.470076,251442390.2446569,251483545.60247084,252172831.3507665
5881,248260376.45922852,252301429.33793727,252246692.31033802,252278432.1064956,253289424.84461823
5882,254649250.47143555,249456746.2845641,249305280.95193037,249277953.1099546,248260376.45926952
5883,253866480.67407227,252913002.51943356,253088531.9470502,253079816.44842213,254649250.47135147
5884,248434345.22314453,252893098.15365937,252696659.98393863,252806220.3120398,253866480.6740535
5885,250986537.70263672,249765568.67589834,249623752.9715183,249568121.34723446,248434345.2230405
5886,248444803.55541992,250885804.72044683,251039463.4156252,250967364.7617152,250986537.7025926
5887,248920748.55517578,249448406.91905308,249405661.34850606,249391569.2049436,248444803.55552787
5888,248918027.56298828,249536590.6935678,249654990.04602063,249593721.67927906,248920748.5552106
5889,247852449.46728516,249430170.43884096,249489229.5980521,249470027.03104165,248918027.56289327
5890,249627860.52319336,248748878.36521325,248800018.02485937,248764085.33323,247852449.467232
5891,250293955.20825195,249665325.58813897,249781582.99123102,249762879.87602568,249627860.52326465
5892,251552142.29907227,250123707.53231356,250136321.5483961,250160595.27676195,250293955.2081334
5893,253599784.3725586,250990715.80432168,250995114.0120421,251022068.9630986,251552142.2990496
5894,253043774.36816406,252401476.85528833,252368868.49779665,252427378.26521793,253599784.37260723
5895,254747006.7614746,252337933.57041168,252210688.89323446,252263382.9377098,253043774.3681214
5896,251883073.66137695,253442764.5195285,253382379.12451327,253422164.27602503,254747006.7615086
5897,245930174.8474121,251947776.39411318,251777901.9783318,251796959.47283623,251883073.6613245
5898,247600243.03735352,248239055.02724615,248186145.9074817,248067083.51932144,245930174.84733355
5899,249531950.5275879,248620274.3261114,248861146.77139598,248738701.99039716,247600243.0372364
5900,247429157.8642578,249601005.7589685,249709135.36215648,249712825.71243018,249531950.52766296
5901,244038384.7001953,248416587.31851766,248413672.1423456,248398250.11432496,247429157.8643415
5902,240076555.5559082,246197363.65804452,246280246.80272394,246177429.66863948,244038384.7000894
5903,244454364.2866211,243411075.07904473,243605750.86426765,243441415.19461516,240076555.5558428
5904,247089731.46191406,245447486.7037873,245841535.05498278,245746962.7102022,244454364.28667837
5905,247508626.21679688,247091732.92648447,247231792.87798646,247282890.3241798,247089731.4617996
5906,245964327.40161133,247547063.5933855,247578921.13746348,247619359.486652,247508626.2168861
5907,247484806.02514648,246732185.72947034,246742813.45677117,246735452.716133,245964327.40151432
5908,243329030.93554688,247542107.1058211,247649131.09712812,247637819.03708506,247484806.0250288
5909,242178951.6767578,245119772.96378994,245094330.50428057,245058896.35722074,243329030.93563163
5910,243575692.98266602,244086730.9163552,244275952.2876536,244163149.09483185,242178951.67677945
5911,247402175.7307129,244627629.93607095,244843329.77180055,244794830.74499485,243575692.982703
5912,246998760.46020508,246841257.63098952,246996584.2031242,247037667.0414519,247402175.73063543
5913,247564526.16748047,246877739.67864972,246832144.53340787,246896034.5751279,246998760.46021017
5914,248386498.07470703,247339386.61811885,247354541.6147112,247372849.37388167,247564526.1674681
5915,248204268.52783203,247949201.045182,247943754.37433013,247978828.44503543,248386498.07468027
5916,251078335.51708984,247972066.63856816,247931594.4912146,247960589.76343748,248204268.52792665
5917,244350558.8005371,249764615.96530056,249772581.96241522,249825180.1086414,251078335.51702696
5918,245279345.95629883,246052737.91993147,245859478.55772075,245846942.10211238,244350558.80043456
5919,243331949.93115234,246153988.43433014,246346241.515563,246235885.76893646,245279345.956229
5920,240952961.32177734,244857445.34768912,244920828.46662924,244877939.5479112,243331949.93121743
5921,246031115.68920898,243198572.37181404,243350999.75464132,243248483.6580258,240952961.32173097
5922,249831791.3803711,245839295.8883401,246122209.91072536,246098715.4661329,246031115.689133
5923,251024818.18920898,248389328.3751374,248416959.8907559,248535989.64682877,249831791.380454
5924,253009078.05151367,249543703.72337148,249425786.70900464,249540479.49485767,251024818.1891629
5925,243756416.03198242,251080131.12993395,250957580.9282777,251058042.34137166,253009078.0514729
5926,248856008.48120117,245940535.0839407,245662951.05780092,245628128.97188005,243756416.031968
5927,249935756.90551758,248342998.00925502,248610778.09229204,248516032.13502473,248856008.4811088
5928,245573448.77514648,249170445.92884693,249108776.42987603,249196169.96308857,249935756.90552825
5929,239274273.66333008,246711032.24396795,246597060.70231727,246575107.07088816,245573448.77510425
5930,238969739.5522461,242676181.79459298,242745142.92459285,242578445.64605778,239274273.66343817
5931,243465110.65625,241735620.93795246,242081401.4022718,241901387.84719783,238969739.5522017
5932,245941533.0263672,243955930.61588973,244276761.33067012,244247954.23228425,243465110.65631512
5933,245293456.7998047,245594491.41928634,245686885.98582497,245759769.00859183,245941533.02640188
5934,247185142.11645508,245441127.08370066,245424076.05235788,245466715.98160064,245293456.79968992
5935,250113367.63061523,246625021.64283836,246675889.85075906,246705209.99220505,247185142.1164729
5936,252157939.45947266,248577094.12463152,248553414.52285835,248645339.77521598,250113367.6305126
5937,247436682.31225586,250173512.5812139,250039261.07868063,250160453.96243253,252157939.45947915
5938,246052213.41430664,247767044.9277129,247526479.51630062,247558022.4258509,247436682.31230548
5939,247678912.9255371,246739276.8830483,246760084.40572774,246686725.94597083,246052213.4143512
5940,254643712.3137207,247519049.8390319,247589776.74096364,247578234.22140017,247678912.925423
5941,253609668.29516602,251737016.47136012,251774182.14505306,251895676.0986523,254643712.31363657
5942,252926252.8725586,251773416.34988552,251457566.31449625,251619861.33658123,253609668.295152
5943,250525874.72558594,251610176.5620231,251414212.8561322,251463237.88861543,252926252.87253487
5944,250222711.0859375,250249724.3033771,250071128.18910354,250080828.96593824,250525874.72561932
5945,253503972.8503418,249901245.38376185,249844853.86563337,249824832.72150648,250222711.08593577
5946,254194789.72314453,251812444.94104373,251785757.0532454,251836387.24512506,253503972.8503152
5947,250577028.3137207,252515670.88255793,252330194.44426164,252429697.7994398,254194789.72320572
5948,249821915.4909668,250551263.8926707,250333171.93511325,250347569.65477854,250577028.31363717
5949,249367874.05297852,249880572.50635484,249854048.18640348,249805698.47287342,249821915.4910039
5950,251233710.33569336,249458742.29319614,249436536.80372387,249415644.07807145,249367874.0530668
5951,252209610.79833984,250508539.3343549,250524544.0470172,250536189.78329757,251233710.33571675
5952,250855195.04003906,251226538.5276962,251151124.81046706,251205662.13846883,252209610.7983498
5953,253896428.3425293,250562400.96446955,250443338.53108573,250466803.9361769,250855195.04008695
5954,255660352.2854004,252323651.43476877,252308568.14051726,252346340.98454395,253896428.3424284
5955,253835892.42456055,253658086.38992786,253497720.61811167,253605680.4088718,255660352.28543204
5956,256719339.87451172,252857431.73704338,252623347.01511204,252681898.82812363,253835892.42447123
5957,252759099.61816406,254602968.8041158,254512788.9079712,254562084.8184927,256719339.8745112
5958,253265844.15649414,252575678.76740694,252301345.10635385,252340234.6137749,252759099.6181316
5959,254979761.46875,252723502.39304337,252697917.1065887,252660481.08895847,253265844.1564254
5960,254810037.11572266,253730594.8468093,253662952.33635223,253701557.35189402,254979761.4686713
5961,254032250.1689453,253795228.0665418,253648378.1476266,253696010.58134916,254810037.1157907
5962,250281482.1171875,253410500.1812313,253285290.7469711,253298373.54737914,254032250.1690525
5963,248127598.65893555,251151833.42049396,251035974.43534517,250989072.41669595,250281482.11709777
5964,246255820.08154297,249530796.83808,249589224.99124518,249482418.3933743,248127598.65899897
5965,248955165.50195312,247998235.54309544,248105878.0332133,248002785.20176992,246255820.08146197
5966,248430351.63916016,249243305.41772208,249442526.71252194,249394058.26172385,248955165.50202683
5967,246327130.98706055,248953279.6523333,248979437.6214212,248985879.37638003,248430351.63908643
5968,247508554.66357422,247632277.4308094,247678975.52317244,247623443.66768977,246327130.98699692
5969,244743765.54638672,248139009.97426882,248295283.39532,248243569.3019611,247508554.6636774
5970,249386281.32080078,246478646.75434494,246528147.21672314,246480142.86057776,244743765.54642183
5971,254777054.15039062,248947217.42155373,249177994.86907157,249157805.36123404,249386281.3208234
5972,255513708.79370117,252416735.27838758,252425352.02532044,252568267.11039078,254777054.1502696
5973,254204517.67333984,253400035.63520357,253168020.7945344,253319877.16257945,255513708.7936728
5974,254150882.09228516,253037342.39700094,252817749.9081773,252883070.61619416,254204517.67336363
5975,252408413.3083496,253112113.80310458,252982930.6751943,253011144.3803072,254150882.09227175
5976,251993311.36279297,252128904.39120215,251989208.40640098,251998448.4669662,252408413.30840704
5977,252070726.75219727,251770574.93448332,251722844.80695772,251702558.54163373,251993311.362854
5978,251991137.18139648,251788145.28137007,251753823.4393597,251748921.22639742,252070726.75211748
5979,249542556.59570312,251782285.7627597,251748700.6163062,251748153.92367435,251991137.18130228
5980,247851487.5053711,250339683.61970034,250295111.90900573,250259208.85367325,249542556.595814
5981,256005134.59814453,249108966.68307704,249174409.49763042,249090811.298369,247851487.5052588
5982,253865635.67773438,253729167.18992883,253926794.03163224,253971828.47781166,256005134.59804732
5983,254582201.11865234,253080311.41208047,252825415.00340587,252951747.33740586,253865635.6778283
5984,257082573.52514648,253606033.35260448,253545614.1220812,253556548.92337576,254582201.1185592
5985,258671577.7458496,255210630.3110731,255117884.99648482,255189804.8012352,257082573.52522105
5986,258178666.43017578,256491473.26534587,256303341.80930075,256404598.0430692,258671577.74573025
5987,252521928.76342773,256564348.99353495,256325529.7325527,256397379.80529955,258178666.43010077
5988,250809864.66748047,253394942.78328043,253169636.36682212,253127853.80569753,252521928.7634254
5989,251571771.98876953,251952668.23482803,252008038.56192988,251882724.1905217,250809864.6675744
5990,247937865.2529297,252060019.16549835,252160924.7926987,252100039.5662692,251571771.9888608
5991,243914230.7685547,249765296.0951887,249773627.5112512,249699758.8973591,247937865.25299948
5992,242828803.57128906,246952092.89740247,247107343.03033626,246939859.32526532,243914230.76852244
5993,251836082.7446289,245719304.64997235,246026633.50277779,245858076.7052849,242828803.57138765
5994,252371078.77246094,250641867.22691187,251026280.86464962,251036743.59258905,251836082.7446777
5995,250034934.7319336,251482301.542871,251376213.03188962,251517017.15069634,252371078.77236485
5996,252106103.9272461,250362432.84756732,250281306.85129878,250286203.93291256,250034934.7320098
5997,251060739.3095703,251532112.26151338,251593313.03634468,251588329.61989743,252106103.9272272
5998,255300412.55615234,251094707.55001643,251028572.54894367,251052186.84118643,251060739.30949515
5999,254335602.0048828,253622654.4815548,253670438.46215343,253712933.9172692,255300412.5561165
6000,253267230.55932617,253441013.00972107,253255490.00481638,253338612.28206095,254335602.00479588
6001,250667843.50878906,252944610.74001616,252848253.36605152,252847527.06568304,253267230.559306
6002,245913196.69970703,251385084.77265638,251322130.9003402,251279553.4854724,250667843.5086969
6003,243975560.10717773,248300021.62152082,248322428.14611375,248197159.5891618,245913196.69979477
6004,247261105.24145508,246599053.12973768,246825622.56994453,246660148.03729153,243975560.1072575
6005,253040174.34350586,248051658.64915767,248345295.48754698,248275601.24975586,247261105.24154228
6006,249762912.52441406,251524825.89882225,251664039.18411604,251747611.4777121,253040174.34355864
6007,246939613.90161133,250070484.23868534,249903307.40952903,249970191.1328841,249762912.5243111
6008,249431454.54638672,248298233.86099362,248322358.08432016,248242885.93536472,246939613.90153527
6009,241935651.22875977,249480736.09669545,249640863.33146748,249603253.55508217,249431454.54636216
6010,242577276.61669922,245055352.93874246,244994368.79207453,244915336.69807482,241935651.2287241
6011,246121927.96240234,244751293.68653494,245093898.57873017,244919760.49697286,242577276.61677107
6012,245071943.9934082,246570657.9673792,246826964.4596383,246811114.13299525,246121927.9624238
6013,246369076.47753906,246097373.65070698,246158765.68771225,246168607.0026462,245071943.9934073
6014,249852334.75317383,246795564.47946832,246940689.01333573,246920937.7155265,246369076.47747377
6015,245795486.60791016,248935131.25452796,249025351.28017822,249081321.54303846,249852334.7531209
6016,247446853.80273438,246870880.3794908,246763168.71507818,246780220.08493024,245795486.6079981
6017,243719778.03100586,247648094.3195086,247792600.17187268,247741801.7219071,247446853.80263308
6018,242790266.40405273,245530225.04901323,245527549.5369082,245488702.23403746,243719778.03104076
6019,237961123.76586914,244682421.79987147,244881850.13814917,244771247.05331448,242790266.40411213
6020,239840540.28808594,241530557.49456003,241694363.27589932,241559463.1387187,237961123.76583368
6021,244877326.73242188,242021659.5632454,242425428.03727293,242287289.50117126,239840540.2880044
6022,247101203.49829102,244844526.7089858,245131251.48750356,245156806.13477305,244877326.73235223
6023,246665988.64379883,246474424.77821934,246520187.34613916,246617379.85769272,247101203.49841052
6024,249913075.28564453,246537882.02036375,246501837.74227083,246555963.52015233,246665988.64385468
6025,249747789.04418945,248597370.06074652,248632980.89565587,248693034.2185356,249913075.28573635
6026,250141471.81469727,248872034.18087828,248744731.3477175,248832831.5042671,249747789.04424965
6027,246986537.9086914,249283917.30040017,249207663.8710164,249249066.93838072,250141471.81464887
6028,248616686.3017578,247567418.71235657,247449953.69068712,247444507.02336615,246986537.90869135
6029,255461477.21777344,248409701.39974007,248490504.8281948,248462345.04878396,248616686.30165783
6030,254774741.41235352,252553035.16105005,252581121.58900523,252702560.83832154,255461477.2177429
6031,252472736.1040039,252822148.7756055,252513522.35190207,252674902.39855373,254774741.41224685
6032,251574631.41186523,251747845.86090833,251528217.04866272,251557448.86796576,252472736.10390857
6033,250986542.44506836,251186453.60638258,251085315.37012818,251075127.5366055,251574631.4119533
6034,255284359.0168457,250755652.87948212,250687544.63617513,250681500.52425832,250986542.44511545
6035,254051256.3557129,253211377.99781284,253201388.578417,253259940.34494352,255284359.0168832
6036,250762033.0576172,252843502.67958724,252599031.01848364,252693606.83756527,254051256.3557095
6037,249049928.11499023,250969122.00231573,250807370.2762472,250786946.50960425,250762033.0575146
6038,250586780.9753418,249693059.46897367,249679119.62744853,249610984.71628445,249049928.1150624
6039,247358140.0480957,250345528.22768986,250405670.75326577,250379478.60838118,250586780.9754318
6040,248239628.50073242,248453414.63963538,248388173.80284473,248358449.45988786,247358140.0480534
6041,247192261.43823242,248745044.1201668,248871137.91191474,248805764.79266468,248239628.50069985
6042,246598274.05810547,248036906.6852248,248073524.23740965,248048393.13117573,247192261.43831652
6043,254412621.33422852,247506067.46303198,247589029.84588087,247539512.54183006,246598274.05816305
6044,256621753.05395508,252031259.3562572,252195256.58526844,252266184.79862002,254412621.33424607
6045,254344001.87573242,253972602.12190247,253742470.24415475,253936018.8594038,256621753.05388883
6046,249544314.29956055,253142852.82823783,252859336.22942945,252942290.84700042,254344001.87576285
6047,252379011.48535156,250335144.14412746,250157495.10482332,250110553.5532796,249544314.29953912
6048,252217579.15820312,251644437.73221263,251728135.57506773,251688885.97391,252379011.4854701
6049,254155781.52319336,251623981.20691535,251521288.17955554,251569217.5640713,252217579.15829948
6050,252923212.2319336,252785938.4009181,252731194.9022318,252771614.85288188,254155781.52321813
6051,253102006.5209961,252260458.57554203,252094512.76033092,252138784.6380555,252923212.23199812
6052,253870366.44091797,252404415.93622077,252328704.3248862,252334318.8903563,253102006.5208959
6053,252904670.03710938,252930276.36615673,252851741.53860766,252882663.64287177,253870366.44097224
6054,249966372.0427246,252420731.52946404,252297893.86085033,252319618.49378684,252904670.0370045
6055,251286185.4387207,250619315.09237662,250526997.84157476,250488000.4200085,249966372.04267973
6056,250677476.17700195,251143623.73392463,251211335.23933536,251171502.68521374,251286185.43869835
6057,245635165.66601562,250725740.0475222,250686036.10943797,250690578.77458265,250677476.1769375
6058,244765295.5065918,247665574.6862526,247624471.13989857,247539697.308229,245635165.66604084
6059,247467097.8635254,246668108.44952974,246871409.5627498,246733181.78788984,244765295.5065323
6060,246310046.31518555,247929126.74078426,248143517.51275396,248103802.92037085,247467097.86344764
6061,246822325.2385254,247286947.40631166,247331892.4208142,247326932.8180106,246310046.3152505
6062,247873658.9572754,247478737.1747365,247602956.5016745,247568061.06763723,246822325.2384096
6063,250355390.54077148,248035845.17747775,248117371.03186446,248121577.70850843,247873658.95717177
6064,252760299.85107422,249581032.0829591,249632073.823286,249677532.4295088,250355390.5408098
6065,251551478.44677734,251237693.6030658,251185179.03011426,251277821.91699454,252760299.85097829
6066,251067597.5126953,250862187.695395,250704389.3829213,250769479.01495162,251551478.4467832
6067,259914500.5661621,250642127.1163157,250569623.61646688,250575908.98120537,251067597.5126997
6068,257293099.35864258,255991914.8698742,256021622.6819634,256151058.93881354,259914500.5662349
6069,254021928.2072754,255335005.75191817,254903128.5945881,255086852.8458649,257293099.35874423
6070,250856001.72558594,253616422.24178934,253391309.9014354,253379756.75084874,254021928.2072512
6071,254290651.78320312,251599893.80609897,251508331.3083019,251436989.5272687,250856001.72566596
6072,254846884.96166992,253358566.16177106,253446525.37968045,253423224.6969363,254290651.78323525
6073,252899707.71777344,253863141.9409331,253753208.0604311,253816643.17120987,254846884.96164384
6074,257306293.4951172,252838171.04937434,252717240.0280137,252719007.26501545,252899707.7177246
6075,254099761.63916016,255359201.34366047,255380313.8607478,255413322.8252016,257306293.49520496
6076,253270962.7565918,253847588.78358322,253604500.27537456,253659380.3451519,254099761.6391669
6077,251194091.52270508,253295956.16264874,253263268.99637213,253214807.65318757,253270962.75650185
6078,252294128.62451172,251936423.558712,251902064.4310579,251853976.55855015,251194091.52279967
6079,251502197.28320312,252333382.15746295,252406641.89762756,252363392.14188015,252294128.62451863
6080,247747278.56762695,251833539.11050093,251820399.6842432,251808148.1720732,251502197.28318644
6081,251865520.9597168,249494115.28610995,249493044.42618102,249411271.1808564,247747278.56765184
6082,249114142.14331055,251568106.78289378,251784348.37793362,251735301.0016088,251865520.9596154
6083,252895653.96801758,250065512.27204856,250004483.5244432,250013750.2916275,249114142.1433949
6084,250856096.1796875,252092696.46166936,252231875.9892261,252219014.37148914,252895653.9678984
6085,250935229.55444336,251108893.82365826,251004102.38795513,251039495.10708484,250856096.1796129
6086,249328255.94458008,251085596.6129276,251123458.12799433,251090310.4961028,250935229.55453223
6087,252386066.6665039,250081897.02564198,250079180.8178257,250049294.32558486,249328255.94449425
6088,253880928.86621094,251755471.8844089,251864144.20080236,251858348.19438758,252386066.66657412
6089,252788699.46728516,252847838.77558443,252796451.5775218,252864149.28476065,253880928.86614323
6090,247520521.17773438,252440179.8129352,252329967.69400018,252358329.29959524,252788699.4673163
6091,250379225.60668945,249373451.5012939,249298749.14364532,249219633.56988558,247520521.17772108
6092,250852818.76489258,250616087.8971195,250829746.37104788,250746645.20035425,250379225.60672268
6093,255168346.40795898,250901738.23274025,250920661.3129376,250943435.9129629,250852818.7649763
6094,254653219.95361328,253484272.91844586,253530342.48715976,253588166.89209986,255168346.40788785
6095,256428537.99243164,253610410.5203419,253435827.13351935,253526390.64627326,254653219.9536432
6096,255804072.27954102,254831338.2406735,254742054.33058137,254792261.90377358,256428537.9924377
6097,264745593.32055664,254739504.02653635,254560392.99562368,254618657.04672763,255804072.2794649
6098,262517212.48632812,260170117.67770812,260125237.5319362,260270511.46861616,264745593.3205793
6099,256659766.2553711,259753918.21445304,259239738.45332643,259446873.2544983,262517212.48629385
6100,254339018.77368164,256545633.7225569,256198542.62869138,256175669.2616397,256659766.25531855
6101,253812847.9416504,254823984.3776971,254756873.85921922,254653170.45318684,254339018.77359584
6102,256918369.80126953,254165296.61257303,254170440.4138007,254102346.01274988,253812847.94174552
6103,258023591.18237305,255825253.11501965,255864159.8794331,255869755.67850766,256918369.80129755
6104,256551803.04736328,256654103.32409045,256534235.45894086,256602796.0525703,258023591.1823629
6105,255062008.49731445,255933898.43136087,255768255.08547267,255791181.8052057,256551803.04728943
6106,257492496.2524414,255027004.17796913,254937727.9009545,254907094.29956096,255062008.4972597
6107,256999062.4724121,256375445.76699007,256379684.71579894,256381480.1720182,257492496.25247648
6108,254398864.04638672,256253568.39965263,256118764.85823315,256156991.23026994,256999062.47234684
6109,251140528.46533203,254761484.66331363,254656528.67830923,254622051.5140034,254398864.0463276
6110,256013006.77734375,252631515.91713056,252631642.4586452,252528586.9904662,251140528.4652883
6111,251219610.19750977,255168644.02800357,255355395.7595942,255319376.67848876,256013006.7773416
6112,252966527.97583008,252564988.6181408,252429763.6985628,252424881.0389353,251219610.1975205
6113,254843196.36132812,253254424.0422995,253417434.79534987,253330135.4311368,252966527.9758883
6114,253272734.8996582,254368167.03355613,254403889.90865707,254424160.1753079,254843196.3612784
6115,248787068.49316406,253624014.99914867,253571799.14679927,253571316.3969255,253272734.89970776
6116,248763725.44799805,250822657.8698765,250821462.39355084,250722174.91215637,248787068.4931804
6117,247756203.29858398,250316334.81367758,250524284.72226897,250398087.77549458,248763725.4480824
6118,248217334.34594727,249450954.9099009,249598659.09631714,249520232.22769696,247756203.29868525
6119,247074772.36401367,249495556.88723212,249688697.3886879,249616923.97216752,248217334.3458753
6120,249111548.3161621,248687581.70874542,248823817.04698348,248763390.67511484,247074772.36389783
6121,250597498.6044922,249683240.63343605,249882072.15625805,249840176.22714105,249111548.31619292
6122,246318903.2265625,250642311.67312813,250731999.24733108,250752565.86727574,250597498.6045967
6123,245683908.2512207,248187186.71723008,248170931.90899256,248126227.9259125,246318903.22651637
6124,243793477.90698242,247449379.26792943,247654064.36625785,247538110.8609843,245683908.2512188
6125,247078407.9111328,246062461.5185752,246235381.86003995,246142715.09971932,243793477.9070229
6126,240856398.72070312,247699091.8993498,247981255.43412572,247930341.66289616,247078407.91104808
6127,242367155.3864746,244076741.55825293,244107190.15790153,244036910.3923228,240856398.72063348
6128,247227672.95361328,244394091.23951754,244768214.20648724,244619837.23012125,242367155.38639784
6129,250014644.87280273,247155816.99006298,247428267.47938097,247447766.04554752,247227672.953587
6130,255588754.66259766,249119405.4579002,249164142.08427504,249262398.26627472,250014644.87283555
6131,250253483.28295898,252854649.672231,252845139.0914411,252990941.11176834,255588754.6626036
6132,247419576.3330078,250365415.85710534,250054108.6167254,250140148.538627,250253483.2829124
6133,251011349.53588867,248563852.1107408,248568567.65872312,248474454.95207632,247419576.33297625
6134,250972187.71557617,250433589.2298407,250575215.3615573,250556979.11600593,251011349.5358992
6135,250197111.07617188,250643995.20617452,250584932.84708574,250637380.78758442,250972187.71560985
6136,244465593.7163086,250282090.86039504,250252731.15725014,250251777.8583753,250197111.0761524
6137,251232393.2565918,246833055.05758557,246797055.38263842,246706688.36883524,244465593.71618968
6138,251545275.81347656,250319183.91042003,250623376.5703192,250574936.2043959,251232393.2566187
6139,249147987.25634766,250900650.47650322,250810331.36654988,250911166.9600392,251545275.81346065
6140,255200542.58203125,249670241.439336,249603585.00480637,249591954.11459827,249147987.2562668
6141,257749062.23046875,253197518.40366447,253313177.9448963,253352908.60739323,255200542.5821244
6142,255168443.72216797,255231797.6694541,255042853.77997983,255205421.57060587,257749062.230444
6143,258089935.36083984,254205234.77664387,253931523.8227727,254001430.92386395,255168443.7221256
6144,254622968.07910156,256001587.0371457,255917372.01023394,255957298.44716632,258089935.3608957
6145,251822618.36108398,254319302.22870645,254057429.98833734,254100756.241947,254622968.0789984
6146,258629105.60107422,252484052.23496017,252412846.3809316,252338797.32800317,251822618.36119688
6147,254588164.875,256210992.80135298,256309320.0453372,256341717.08214656,258629105.60108048
6148,257051354.8630371,254284897.8339332,253977899.44099432,254060517.82081822,254588164.874981
6149,256066429.48168945,255636855.61747983,255622390.7121639,255611087.22475788,257051354.8629824
6150,255764789.97583008,255268516.36178684,255090551.45824653,255137559.70296457,256066429.4815897
6151,256698388.00463867,255107682.57515585,255009236.5813834,255007235.51559806,255764789.9757867
6152,255108556.70336914,255650098.1820626,255568387.7950954,255586850.86287603,256698388.00458
6153,252011259.5126953,254791257.73809022,254647938.88626793,254656007.5681283,255108556.703407
6154,251525373.47851562,252865788.80250916,252791061.91389093,252727535.4754323,252011259.51272297
6155,255063927.23510742,252240299.302831,252305002.3215779,252223787.29615274,251525373.4785829
6156,251568364.56835938,254120131.31599274,254205939.63401443,254212025.47058633,255063927.2351364
6157,252122378.29223633,252221349.39596397,252080188.9679017,252088199.65937677,251568364.5683212
6158,251262937.05517578,252341445.2680624,252417393.83604914,252355846.62912315,252122378.2921834
6159,251339461.70458984,251725942.52910212,251724367.29004645,251702192.24929774,251262937.05505577
6160,247853579.04785156,251654971.89636654,251700491.72022688,251666722.92279276,251339461.70457056
6161,249594375.90771484,249505092.3265395,249503655.88181764,249438655.48181894,247853579.0478154
6162,248602017.94604492,250144291.9359834,250328804.62350363,250255602.8045244,249594375.90761444
6163,250560732.84545898,249474238.76831222,249515269.09181795,249496921.57051158,248602017.9459392
6164,250669470.99072266,250500364.86823025,250616296.93806124,250599522.93329585,250560732.84544164
6165,253660716.04956055,250650902.37833276,250648812.885043,250671215.5782481,250669470.990676
6166,253143410.26245117,252479296.714739,252512503.9678931,252553905.9644157,253660716.04959324
6167,254421099.56518555,252459703.82805845,252334211.80859905,252396774.2217916,253143410.2625408
6168,254896190.58740234,253338808.2451418,253283559.1673673,253316840.52443662,254421099.5651993
6169,254954504.2199707,253811695.53557044,253698990.9926942,253753228.26464796,254896190.58751124
6170,257586156.99682617,253971601.5882034,253850926.8256817,253889465.02401748,254954504.2200898
6171,261586316.1147461,255651134.99415648,255563492.86957985,255627212.3159912,257586156.99694476
6172,257396600.92236328,258362182.27883953,258181800.5666169,258322111.68022084,261586316.11464715
6173,256570965.91235352,256448771.564353,256072111.4458042,256154432.596783,257396600.92231315
6174,256630359.44628906,255867015.82472473,255746152.71410832,255710658.71933588,256570965.912234
6175,251813025.43286133,255888722.37854624,255790739.10184816,255788421.0485971,256630359.4462597
6176,255983579.3815918,253069948.54030594,252937256.25932083,252874442.01350805,251813025.4329117
6177,257222064.52294922,255157088.776415,255309518.67955002,255256007.91372475,255983579.38159552
6178,260140768.16503906,256099864.14916953,256009845.57889444,256082126.28151557,257222064.5230309
6179,258192367.9013672,257987769.08808124,257891139.38579246,257968358.65128908,260140768.1650171
6180,253356854.84838867,257191457.48764607,256939460.29228857,257001962.60024732,258192367.9012707
6181,256609760.44628906,254364825.4013612,254213091.27442172,254143096.44339812,253356854.8484891
6182,252371086.91796875,255906215.5906518,256019769.1940869,255963749.8757776,256609760.44618383
6183,252547195.62548828,253486802.46068686,253359178.27579919,253338706.30805808,252371086.9180604
6184,253786610.57177734,253227800.226696,253339483.7175431,253240823.7828539,252547195.62558055
6185,254818850.5415039,253870984.02498218,253947420.2401771,253925243.1677102,253786610.5716612
6186,253439039.8474121,254509231.44921878,254529527.7109135,254536807.6438122,254818850.54157373
6187,247801371.640625,253770278.93476164,253727860.7118933,253714849.3098519,253439039.8475125
6188,250585276.23999023,250359085.0902754,250352195.6219558,250233586.8323751,247801371.6405076
6189,252057930.77319336,251455352.39408216,251746920.46470493,251626851.41660213,250585276.23990995
6190,247821941.6057129,252265023.6294921,252361065.15707093,252369044.8731811,252057930.77317047
6191,248767623.77783203,249815756.39038524,249817767.47929823,249757235.70762554,247821941.6056463
6192,252128362.04003906,249966689.5473542,250193215.548252,250088181.45703748,248767623.7778578
6193,251901882.35253906,251841276.90328157,251995502.7482198,252004055.59940913,252128362.0399863
6194,255769420.61450195,251962978.85359594,251951795.90026808,251985712.51671383,251901882.35244024
6195,256859161.62402344,254303327.23545682,254354846.58021864,254400761.70854607,255769420.6145725
6196,258518409.3388672,255355120.908678,255219027.17526516,255319498.92991754,256859161.62406373
6197,255561608.66577148,256634044.9239446,256497313.643175,256576700.32987094,258518409.3389471
6198,247915959.69921875,255194201.46084455,254966923.14791644,254999541.28900027,255561608.6658465
6199,250208604.8647461,250551488.8136314,250439816.83317515,250305089.82426935,247915959.6992849
6200,253267966.1689453,251184735.4824232,251461860.3914078,251312793.32985616,250208604.8647343
6201,249854999.2861328,252847055.2678093,252956144.2544721,252975535.48770776,253267966.1689508
6202,257570866.12573242,250986812.06548277,250919491.61387947,250906445.22698548,249854999.28621992
6203,252856707.01660156,255361980.9790761,255557722.87163082,255583699.87043208,257570866.1257713
6204,250081846.83544922,253107649.35732025,252831071.40845087,252914905.85910618,252856707.01654088
6205,255420801.2421875,251301811.5446046,251318086.92618898,251214148.32194692,250081846.8355692
6206,251688096.13671875,254174955.51504773,254335919.9024066,254332851.84766293,255420801.2420768
6207,250745003.3293457,252285952.3175571,252120878.4019067,252156282.6975992,251688096.13677517
6208,252676194.2644043,251519609.53539047,251581278.3554695,251500111.55910408,250745003.3293526
6209,255590813.33398438,252524030.71903774,252618299.8777092,252599690.70706677,252676194.2643416
6210,255930490.5991211,254355770.16108736,254366391.1691898,254421108.44878313,255590813.33406085
6211,256250954.35913086,254885957.15293926,254769448.25867277,254836089.43517584,255930490.59906024
6212,255174283.85180664,255276754.43701816,255175846.29849795,255209562.5371735,256250954.35920504
6213,260784446.4182129,254804345.28750136,254693188.85857078,254703100.06393316,255174283.8517639
6214,257580814.671875,258149974.29067153,258152870.01680568,258218658.42378247,260784446.41822988
6215,255204334.77978516,256789359.54619133,256478228.26413983,256566329.18837264,257580814.67176363
6216,259089875.1682129,255368446.83153865,255264088.69155023,255208150.69922754,255204334.77971077
6217,256989175.40429688,257510077.39854184,257540007.67434168,257545631.97835353,259089875.1681061
6218,252731908.53857422,256561878.83457533,256362090.46148998,256406439.37299728,256989175.40421644
6219,254482993.3400879,253985977.02854162,253900801.0490569,253815956.38427544,252731908.53865525
6220,256978682.13110352,254592044.86590979,254716601.39789948,254637667.24202907,254482993.34001055
6221,259974664.90795898,256037744.8828172,256052220.29285333,256083122.53477028,256978682.13109
6222,257656405.57861328,258017847.04135934,257943383.43155783,258025422.04823586,259974664.90799344
6223,250814154.71313477,256981673.0660549,256750525.00579923,256800314.10847294,257656405.5785693
6224,248041870.27563477,252917134.50808096,252785386.45610094,252671226.29605436,250814154.7130808
6225,248273421.9404297,250650940.09791592,250829214.26194143,250630059.69446117,248041870.27560148
6226,251466554.64868164,250229250.12628338,250485668.90512508,250353458.665098,248273421.94040647
6227,254023980.0185547,251801262.10295314,252029114.83839965,251994726.08944818,251466554.6487813
6228,256008506.1796875,253382262.38269007,253443249.8293804,253491182.64266977,254023980.01863912
6229,260558685.77124023,254822633.161275,254790545.61388457,254859523.59844208,256008506.1797381
6230,253275805.6003418,257799044.89390978,257720124.08660874,257838848.4796953,260558685.7712142
6231,251426834.92285156,254032483.29032677,253684503.48849115,253716027.58921912,253275805.6002313
6232,254912839.84570312,252574628.71585646,252637511.64397871,252499826.96912533,251426834.92274773
6233,251841566.17651367,254340050.71150005,254467541.14016703,254445732.5321952,254912839.84559503
6234,251937323.7475586,252647198.8454918,252553902.7708236,252552879.83293095,251841566.17662483
6235,257293337.82592773,252452785.76930022,252537538.3601011,252467945.96041638,251937323.74757928
6236,254561145.52294922,255577357.0811699,255673284.61298198,255719717.05055442,257293337.8260368
6237,254577773.70581055,254389012.76739383,254190729.7240535,254255361.41711363,254561145.5228409
6238,252580461.3630371,254337888.9802552,254326018.2978921,254293210.94347197,254577773.70585427
6239,254792228.72509766,253170280.9058976,253121311.09809163,253089299.53016767,252580461.36315352
6240,251308880.39672852,254344627.4578698,254425833.22389913,254400149.7398313,254792228.72505036
6241,252068807.14819336,252388315.4071355,252306307.0134732,252281926.07280535,251308880.39669845
6242,248454840.62060547,252595287.3987979,252720001.90718216,252643713.993771,252068807.1481982
6243,248105396.43017578,250367620.17886704,250385503.47122627,250314379.9736783,248454840.62061223
6244,250040307.4868164,249762732.25863314,249963900.1526826,249847237.22741252,248105396.4300645
6245,249889447.79760742,250632171.39207885,250821444.6384096,250781937.6486695,250040307.48687547
6246,252004577.12060547,250516107.69272888,250582578.95705223,250573782.08256423,249889447.7976173
6247,248803928.85229492,251772471.3142023,251874152.97044164,251874702.7298703,252004577.12056595
6248,252229323.75634766,250045095.42680407,250009755.8827801,249990117.9496317,248803928.85228047
6249,249739179.74169922,251847565.3306445,252015955.72319943,251983686.66288054,252229323.75646725
6250,249747428.19970703,250606505.46477592,250555825.03686953,250565015.15003407,249739179.7416567
6251,249485160.87109375,250425307.95146266,250527983.3458722,250468745.832161,249747428.1997484
6252,248000313.32617188,250186137.42781234,250255704.30126178,250225012.9942417,249485160.8711824
6253,247488860.0180664,249261438.050441,249336626.87314087,249283701.3997364,248000313.32610247
6254,248960987.0119629,248742607.90428007,248878043.79399532,248809204.83440503,247488860.0180457
6255,245642141.98510742,249468345.0494075,249622075.4070473,249589949.65900013,248960987.01187384
6256,248824334.57788086,247544661.88394207,247584854.82979432,247532537.27632383,245642141.98516765
6257,252952232.52416992,249151577.34188288,249397337.06766552,249339883.5459992,248824334.5779747
6258,256585255.36401367,251736423.35527325,251816068.41439033,251894530.1197315,252952232.52418235
6259,258684726.88330078,254321580.24019682,254247030.60771266,254380245.04523262,256585255.36407977
6260,255398476.17749023,256114453.2192906,255908982.1072255,256052598.68470296,258684726.8833444
6261,257826114.83007812,254674340.42602065,254386861.37890884,254447775.52488357,255398476.1773863
6262,259130823.6599121,256080274.45099685,256016208.15784615,256034733.15367767,257826114.829998
6263,258617542.38598633,257115129.50809383,256920751.30971578,257012713.92388615,259130823.65991887
6264,265286695.70629883,257115764.04295504,256890911.19955376,256952210.73809284,258617542.3859768
6265,265126514.42456055,261208646.56494623,261089751.6880632,261214815.44808957,265286695.70624515
6266,261097332.6130371,261819158.85432398,261365027.00456265,261553737.65334207,265126514.42445257
6267,257079655.62841797,259830053.97418728,259433984.7359669,259467772.66110235,261097332.6129606
6268,257636677.69262695,257345779.79787394,257143499.00477442,257066587.52403745,257079655.62838125
6269,255955130.30322266,257319649.3218724,257310402.809173,257242300.60980523,257636677.69270343
6270,251855769.01538086,256174533.63882765,256089028.11357954,256057866.7618911,255955130.30331403
6271,255024099.53759766,253467519.19476172,253429575.83806285,253324798.95838082,251855769.01538932
6272,250549962.91430664,254866415.3959618,255041937.69200826,254965880.60915023,255024099.53749335
6273,246629688.1496582,252251219.52662092,252181966.74449852,252135555.21006006,250549962.9142096
6274,250042834.54711914,249515719.8945563,249664380.71975246,249485421.22840965,246629688.14970464
6275,253662440.68164062,250975332.53092006,251300546.28468943,251192790.40147954,250042834.54712367
6276,255609362.8251953,253118895.61907867,253247263.18370104,253287791.0609679,253662440.68155083
6277,257135754.72875977,254556143.10490248,254535759.89361063,254610736.51313362,255609362.8252729
6278,253263392.7746582,255693061.62983686,255603636.32206875,255676664.40268952,257135754.7287644
6279,252544154.13476562,253662013.83938769,253480403.68827692,253484230.91918427,253263392.77453643
6280,250090523.16137695,253056637.61811066,253093547.07902992,253019451.23814595,252544154.1346536
6281,249918529.70458984,251424764.19194993,251443700.62841195,251372619.83314347,250090523.16139692
6282,250115359.43579102,251023775.83108586,251156993.24283823,251070042.47442004,249918529.7044705
6283,249528763.80615234,250985022.8206145,251103480.8178905,251055600.99935767,250115359.4357911
6284,248977738.46362305,250503074.28146783,250590719.98886928,250547442.45361763,249528763.8062109
6285,252144685.70239258,250033206.69589055,250137781.08810708,250084886.88706633,248977738.4635272
6286,249510775.5505371,251766009.20106846,251907724.21542326,251905839.61923656,252144685.7025012
6287,246541805.12841797,250399795.2702021,250347831.1951873,250353329.8919206,249510775.5506388
6288,249194318.06567383,248434454.46651477,248511618.10611507,248411138.06422716,246541805.128355
6289,253465343.2211914,249656917.38075718,249881326.7426285,249820932.1696004,249194318.0657017
6290,247691784.19335938,252231199.53522372,252319491.85149765,252387594.94512835,253465343.2211626
6291,248791841.14135742,249181766.91598913,249020217.2116097,249023884.6202221,247691784.19335917
6292,246584314.546875,249508136.7142186,249690988.79427096,249594313.01521334,248791841.1413566
6293,254273488.3881836,248128804.1859395,248182118.37718445,248136948.76065257,246584314.5469817
6294,255585609.01245117,252475311.30717346,252716900.22700688,252744655.36480847,254273488.38825947
6295,257141527.421875,253810037.5333263,253637788.0392351,253796644.13498694,255585609.01250625
6296,251539298.68530273,255154126.37215582,255005666.12063468,255099978.7264156,257141527.4218407
6297,252260670.62475586,252162918.4859341,251906987.89980477,251912363.5253701,251539298.68522665
6298,251321031.2788086,252301826.28123906,252369382.38138202,252293919.33233836,252260670.62479436
6299,251389792.29614258,251697142.46592072,251677965.95124483,251662332.49277315,251321031.2787169
6300,251110811.60302734,251628082.83808547,251666590.90455768,251634512.88324404,251389792.29617053
6301,248230320.13867188,251423509.45129213,251444812.2888933,251424928.65226108,251110811.6031064
6302,250444133.29467773,249669379.6063953,249683953.93294016,249621347.68732333,248230320.13857028
6303,255905175.55419922,250689194.37178782,250861853.80708814,250804745.37777293,250444133.2946808
6304,250823745.0690918,254040901.53984162,254119842.58046177,254199849.90679413,255905175.5542196
6305,247298379.46679688,251557875.62078717,251336042.43943694,251376265.84942165,250823745.06914493
6306,248797771.0402832,249259829.7726098,249322051.94333017,249188808.102722,247298379.4667298
6307,251914073.54223633,249743230.2299673,249956623.37247023,249867053.69218162,248797771.04038385
6308,247250415.53222656,251499401.6504195,251622517.55434522,251640079.63698262,251914073.54233435
6309,243916044.68115234,248950164.48762548,248880972.7354603,248855210.90958878,247250415.5321285
6310,251353868.5966797,246620577.41799724,246784951.8106432,246627372.17359537,243916044.68122205
6311,250713836.73486328,250568188.9565048,250912671.46665695,250884812.03107888,251353868.5967824
6312,255175657.59228516,250625880.67890677,250548662.9084866,250639851.5424245,250713836.73479703
6313,250752530.5703125,253363437.7597933,253413787.734399,253474050.78570873,255175657.5923082
6314,248488262.01611328,251139165.70115736,250911933.48345655,250962380.20647615,250752530.5703075
6315,252775662.04638672,249581515.55591223,249604837.20365375,249513981.13338703,248488262.0160033
6316,247608122.66088867,251866155.58566967,252005013.2071742,252001883.92996433,252775662.0464252
6317,248283552.7067871,249019369.04247317,248874601.9030279,248874164.91949993,247608122.6608685
6318,249060462.06152344,249033888.58049417,249189357.01403117,249094761.30491337,248283552.7067482
6319,246328933.23291016,249398883.18326563,249478852.29504454,249469589.67511502,249060462.0614777
6320,247779626.76000977,247728693.94667247,247744710.2323825,247701340.64328814,246328933.2329032
6321,244352956.78515625,248310730.23143905,248474697.57081458,248417363.29782388,247779626.76004156
6322,241836057.56347656,246287683.6414943,246320760.75227264,246267796.2071203,244352956.78517103
6323,244680624.4025879,244459890.31710705,244655680.07724595,244518591.55756575,241836057.5634624
6324,244842601.0979004,245730527.24194014,246035598.32415992,245962854.17518568,244680624.4024847
6325,242454455.21118164,245825619.63702607,245950482.8238665,245951872.40607038,244842601.09780732
6326,251321155.8605957,244330548.20620534,244433027.02513972,244377457.12320822,242454455.211202
6327,257975701.6484375,249347651.37602443,249637248.89384502,249682385.46935764,251321155.8605208
6328,256587407.06640625,253971746.11837748,253834220.30790082,254095622.21062857,257975701.6484382
6329,258485548.5834961,254079933.84983924,253676114.49379525,253870816.00262326,256587407.06636676
6330,251454742.10913086,255597207.89826208,255359902.9338894,255464545.77738023,258485548.58350876
6331,258013983.24902344,251840718.09389457,251462494.3827594,251482907.353403,251454742.10905105
6332,255503037.91601562,255392594.79927504,255470605.7938629,255469059.57849628,258013983.24914408
6333,253547108.09228516,254393381.47788122,254068981.88405412,254182721.35960653,255503037.91612896
6334,255694494.41186523,253232514.43716094,253091181.17354107,253065562.70371038,253547108.0923953
6335,252711818.63745117,254381279.3697433,254340634.29522783,254350807.28727278,255694494.4117686
6336,252868248.41992188,252792501.25012547,252610186.37850785,252622443.05485606,252711818.63738185
6337,256088174.7758789,252726161.11414278,252727856.6669353,252684453.9469118,252868248.4199753
6338,253499698.50512695,254552521.86723265,254541592.07456174,254582765.33836177,256088174.77595583
6339,255592667.2775879,253295699.45390785,253105585.08411717,253142008.8613829,253499698.5052403
6340,253021103.96655273,254450469.21600437,254438728.80197942,254435498.13471884,255592667.27750129
6341,255759827.40234375,253136298.79914126,252984059.02193812,252995769.01893166,253021103.96656823
6342,257349347.38598633,254620829.76812884,254646085.5195043,254642005.1297687,255759827.40239123
6343,253505256.11694336,255753921.27771205,255632470.15981895,255711619.79945382,257349347.38593528
6344,251541536.4296875,253660026.63866267,253447131.40521714,253454215.03008708,253505256.11691228
6345,252293088.62548828,252275502.97706935,252262764.30147043,252179157.25648442,251541536.42969236
6346,253008224.0661621,252446887.68637505,252508111.13664237,252460920.44510233,252293088.6253962
6347,250171179.89013672,252804077.34861746,252812827.24845245,252812693.8881369,253008224.0662823
6348,249156582.66259766,251122799.312212,251072791.88939866,251037253.10210133,250171179.8900424
6349,248160621.73706055,250239349.09332758,250324576.82053792,250239158.7299491,249156582.66268656
6350,253858251.3154297,249432203.85664052,249529594.0292785,249459388.2879779,248160621.73717365
6351,253722167.59033203,252624531.41111553,252809333.12408027,252828107.5895983,253858251.3154506
6352,255781162.4152832,252881936.5324397,252750496.7746309,252846785.08266714,253722167.5902256
6353,256716744.08325195,254252561.99221843,254191552.8449802,254243705.8510778,255781162.4151709
6354,256640045.7265625,255114191.39947793,254959389.17148715,255041707.33942044,256716744.08324635
6355,256130089.82250977,255332839.12869683,255163548.04553917,255220316.85980856,256640045.7265845
6356,254172100.51342773,255144385.04083443,254991476.2592101,255019792.96389046,256130089.8224299
6357,257114280.8959961,254032177.54868537,253895306.63978136,253883922.032793,254172100.5135496
6358,252626450.55615234,255722749.40316948,255724199.71076497,255733979.88132215,257114280.89602032
6359,254726840.39794922,253267335.6988374,253064491.0670037,253066593.01423556,252626450.55608663
6360,254762572.8244629,254244254.8779654,254323921.04431754,254271757.2161889,254726840.39794055
6361,254679368.7902832,254288006.90613744,254215283.70592427,254242740.6377671,254762572.82451025
6362,251173876.6887207,254255543.26529834,254196269.7305798,254198937.98508823,254679368.7901718
6363,252355176.81958008,252195561.01997244,252116118.42600325,252069950.38004085,251173876.68861648
6364,254607839.18579102,252548769.02914992,252652725.09888846,252587601.66614485,252355176.8196576
6365,247887105.5805664,253854300.09786442,253882559.16105187,253908303.3390705,254607839.18573543
6366,253185113.5324707,250014151.91247576,249879159.9710866,249824689.3273538,247887105.58054665
6367,257180631.50878906,252615407.70599088,252882002.9114944,252805883.25873017,253185113.532546
6368,252388786.19311523,255229865.66053328,255196245.68562132,255318200.42483693,257180631.508847
6369,255507230.06225586,252806341.15836695,252573223.606509,252606288.11403114,252388786.19313985
6370,250691726.03979492,254462452.75713307,254537624.56269035,254509610.55182233,255507230.0622387
6371,251820368.6286621,251837091.70999372,251680315.861921,251670406.97866473,250691726.03976855
6372,254921473.81689453,252191746.85448846,252328278.06642863,252240885.0120721,251820368.6285833
6373,252086579.67773438,254005284.67109257,254062180.75621644,254089913.87264135,254921473.81682932
6374,249052147.2631836,252640709.56491834,252532755.94428068,252540831.80225852,252086579.6778417
6375,253162568.40014648,250719888.9985925,250763977.87782556,250662471.9986099,249052147.26329905
6376,255283009.65527344,252802323.04437584,253004808.79558086,252965185.10808516,253162568.4000737
6377,253828917.04003906,254258957.26036662,254241168.6462828,254315324.3555403,255283009.65519792
6378,255640145.99682617,253616173.8645453,253501067.77848935,253529687.60009277,253828917.03999665
6379,254971945.52270508,254741782.88982683,254743856.05452394,254752854.68253908,255640145.99683377
6380,257441656.01635742,254501415.00076488,254394845.35132363,254426266.82120594,254971945.52280235
6381,256295886.74316406,256003006.07859343,255970901.38236135,256003368.0475376,257441656.0162972
6382,256068007.16137695,255596012.93079352,255430232.5221404,255477118.1600119,256295886.74314076
6383,248106228.21801758,255482531.89335194,255400860.84939384,255396429.36254138,256068007.1612924
6384,251519307.41870117,250760149.5516026,250618081.67587242,250510656.87868842,248106228.2180028
6385,253733348.4946289,252103329.7183281,252402767.8772744,252261286.73001966,251519307.41864637
6386,254497884.11206055,253365365.0279963,253425658.86250263,253457836.61144957,253733348.49467573
6387,255261149.72973633,253979015.3272272,253957773.8783587,253990342.06963617,254497884.11214468
6388,254485964.77905273,254545445.66155404,254500591.88965023,254527940.56092906,255261149.72984037
6389,254232459.22045898,254234566.32199332,254154297.9653015,254166169.36909416,254485964.77909267
6390,255543886.20043945,254084190.24216288,254053899.67516205,254041338.69051763,254232459.22041956
6391,254903787.57104492,254821946.09012386,254807965.01690564,254818485.0465157,255543886.2004412
6392,254002363.00610352,254551240.96571502,254463151.49388856,254480329.30712402,254903787.5709482
6393,254231394.08007812,254028347.38178605,253980476.17940953,253960973.26307988,254002363.00615412
6394,248303259.15356445,254098379.06871074,254096817.88533732,254077619.2206308,254231394.0799932
6395,250595584.57739258,250534532.47693828,250462178.01529628,250374160.6214191,248303259.1536557
6396,252670905.98339844,251351529.51369047,251602911.22228947,251483252.19313455,250595584.57742783
6397,252205566.88085938,252529346.4922454,252617896.5348089,252630966.72148445,252670905.98329195
6398,253825888.33251953,252418556.47239843,252416182.61606246,252422918.7223842,252205566.8807734
6399,258776210.4309082,253383942.6117259,253429542.71547368,253431621.01624218,253825888.3324597
6400,253315072.43676758,256496167.51946014,256496936.9423906,256588826.64377725,258776210.4308895
6401,255977794.17700195,253764849.78023025,253484386.6292885,253528565.16732103,253315072.43667328
6402,255806042.11132812,255116751.22712478,255189446.48990664,255145353.787081,255977794.1770426
6403,250584807.99438477,255166965.83804378,255058803.49367815,255102129.2222701,255806042.11136416
6404,249357316.93041992,252105354.22876573,251988819.6205987,251922700.20281407,250584807.99450445
6405,248688814.28149414,250947537.9744593,251090832.58773476,250955284.21445116,249357316.9303536
6406,249028425.5769043,250187203.60886866,250331162.25292578,250242531.39219594,248688814.28150412
6407,249786660.42700195,250149613.29039985,250311442.03557426,250245766.51851496,249028425.5768484
6408,250176403.5925293,250466649.8691055,250596201.4697219,250564556.02301434,249786660.42711303
6409,255583249.8269043,250662010.71465474,250747876.77046216,250732927.2592056,250176403.5926508
6410,249073585.45532227,253863333.07094216,253969629.6800459,254028257.39210793,255583249.8269556
6411,250878553.84814453,250472297.2679541,250247299.68429568,250267798.85901326,249073585.45541865
6412,254349829.75146484,251192050.80323082,251371377.02859926,251276946.7383088,250878553.8482025
6413,258625366.66259766,253229961.51091695,253279706.14737093,253330496.20009387,254349829.7513579
6414,256140622.82739258,256138001.85029292,256068810.6544368,256192948.70971867,258625366.66256168
6415,254940208.83374023,255222249.85716453,254952053.45841274,255040681.95997664,256140622.82748276
6416,255676436.73608398,254538429.05392465,254428448.3086726,254411386.7255345,254940208.83377925
6417,256084007.5769043,254958977.772231,254911700.11254072,254912789.30231035,255676436.73619843
6418,248288512.85595703,255247709.2173716,255160162.56004634,255184574.6067256,256084007.57681197
6419,251740473.6616211,250698974.62023482,250536826.0840479,250446905.09554154,248288512.85586825
6420,250704908.6730957,252112743.0034838,252388076.24039245,252259732.32155466,251740473.66161904
6421,251628645.85058594,251464367.77202916,251476995.77142695,251472836.98225158,250704908.67300397
6422,252569023.68701172,251874043.10156527,251967782.31799543,251930724.80696908,251628645.8505856
6423,252297135.14794922,252474380.1722101,252513639.3072601,252518132.81312525,252569023.68711415
6424,258142888.6611328,252395292.21034577,252391512.4743131,252391796.75907984,252297135.1480237
6425,260844328.71606445,255877294.5059436,255940577.9218803,256007927.48495576,258142888.6611211
6426,255587556.18774414,258044044.2829924,257832578.9322135,257998977.96137136,260844328.7160708
6427,258425997.18530273,255429645.24157506,255095821.02867204,255136868.77527446,255587556.18778375
6428,259534177.64526367,256951779.546711,256951842.96362826,256931217.67989153,258425997.1851925
6429,258050579.6496582,257814768.1763453,257642493.16009524,257724077.3644596,259534177.6451724
6430,255602571.74316406,257146740.2232913,256944321.5326875,256977082.50355664,258050579.64954263
6431,255277617.1279297,255648446.72139546,255510967.7919766,255475765.92350942,255602571.7432367
6432,258694672.9831543,255300372.10029644,255285033.4413569,255232585.08817482,255277617.12795743
6433,255657431.07006836,257250336.9761264,257264268.1850209,257286513.40298364,258694672.98317704
6434,258947118.59350586,255704115.8209729,255514912.61774293,255537797.1157957,255657431.06996432
6435,252595454.6496582,257520290.0955666,257547062.51520452,257541731.60447258,258947118.5935936
6436,255960755.82080078,253965724.75226602,253744090.71039754,253721125.00409102,252595454.6496996
6437,251342229.4362793,255509324.9592615,255673457.2143508,255588766.1869741,255960755.8207981
6438,253028683.80126953,252846987.46687865,252740120.75219446,252708882.8787152,251342229.43624532
6439,251145048.8125,253440585.4930198,253610585.24125302,253517585.10186076,253028683.80133897
6440,252664493.2919922,252251527.78349656,252265624.61986056,252229707.67084944,251145048.81257564
6441,252278573.23510742,252923444.62938732,253057059.69267067,253007501.23187366,252664493.2919953
6442,252264210.17944336,252667659.65552762,252687156.00826272,252677710.06293437,252278573.23516947
6443,253619360.53808594,252632261.05557263,252682228.71748,252652364.4030643,252264210.179359
6444,257162385.8269043,253418098.35139385,253474145.1696968,253469608.92519045,253619360.53819957
6445,253480496.6352539,255627874.40503266,255641262.874477,255700367.88412333,257162385.8268831
6446,257545198.0769043,253811720.215961,253624218.19304436,253651785.15280944,253480496.6352358
6447,255660367.83007812,256105273.9074611,256182562.57344866,256179394.55919266,257545198.076964
6448,254333067.2060547,255255484.24689397,255072417.6637678,255127471.00237978,255660367.8301181
6449,251520786.90283203,254464089.9441842,254411582.76142314,254374644.2342011,254333067.2061557
6450,252771727.14941406,252660913.19679123,252638773.1711041,252570646.8040639,251520786.9028673
6451,248817499.1977539,253061217.91987926,253178322.71966997,253115035.53949964,252771727.14933655
6452,251105956.7314453,250655628.1151362,250645068.80700302,250579920.00360683,248817499.19781575
6453,251583138.98828125,251619694.6493343,251835597.7215061,251751202.2544606,251105956.73143053
6454,256531553.98242188,251909502.76622045,251967651.89356723,251969788.98789138,251583138.9884006
6455,256167863.79248047,254888180.71889326,254979174.23281065,255031067.60732436,256531553.98236504
6456,257303548.51782227,255133358.16958475,254966371.15089878,255060902.38974637,256167863.7923751
6457,249705644.3857422,256032223.81767216,255951077.7241334,255989682.57984313,257303548.51790616
6458,247854569.23999023,251681980.20204404,251476902.22360227,251417317.66283354,249705644.38566545
6459,246457944.92407227,250034085.1993838,250223731.1499487,250036914.96359244,247854569.23996845
6460,249473216.25146484,248786378.5643325,248989580.50938538,248861992.29671085,246457944.92417827
6461,251981505.44140625,250220112.45854506,250495891.84935904,250431237.811487,249473216.25147924
6462,253277178.4880371,251730156.03397185,251838086.45800847,251872342.20736903,251981505.44130203
6463,247570119.00219727,252699795.75354704,252703133.7910884,252751657.07983306,253277178.4880533
6464,252829418.7927246,249496701.8994554,249402656.1364441,249354963.8703783,247570119.00227007
6465,256547562.37426758,252200035.63887826,252457567.04182503,252403088.44475007,252829418.7926458
6466,255361572.97509766,254651794.47653544,254609944.9082195,254733081.56836617,256547562.3743023
6467,252855171.7175293,254443701.44456676,254256270.0205261,254335061.09380838,255361572.9751045
6468,247342459.70922852,253085796.3776914,252976513.57937688,252954799.35015407,252855171.71741685
6469,244270880.91357422,249678547.77283728,249652551.6725787,249532529.5288721,247342459.70913708
6470,250833679.2224121,247299904.0529917,247514163.04838863,247321883.53693792,244270880.91356564
6471,250841250.56420898,250656067.1751229,251023674.171001,250966917.64577058,250833679.22237995
6472,252231079.43286133,250980804.02280876,250973897.30425748,251038411.40445462,250841250.56424728
6473,250193195.7290039,251903828.9654177,251958607.09019485,251969394.14877585,252231079.4328896
6474,251261403.53564453,250810653.4172302,250764731.20948172,250761076.391751,250193195.72911808
6475,250133455.97680664,251354796.73691702,251439202.3410664,251407270.7826542,251261403.53576648
6476,249713962.23388672,250723471.38520974,250725304.37355873,250713603.11598855,250133455.9768511
6477,250036359.42089844,250362159.31211603,250425432.39441058,250383549.4790185,249713962.23390183
6478,254173339.9128418,250446456.39013934,250518005.0491431,250491682.62905854,250036359.420792
6479,251434850.82666016,252892111.9970004,252973585.4074108,253015436.12217826,254173339.91290343
6480,248390310.2788086,251633142.5990833,251484506.68017167,251528518.07388937,251434850.8266212
6481,253129664.07250977,249711402.474645,249710539.78267604,249630610.6120575,248390310.27876356
6482,251743869.57128906,252243270.8052934,252419703.1140629,252404996.25777817,253129664.07257864
6483,246942490.23046875,251653252.9592541,251538906.81890112,251594607.6615799,251743869.5712981
6484,252321175.93701172,248803514.32855478,248766235.58203405,248683243.28494346,246942490.23040628
6485,247126698.47705078,251546130.89709368,251780135.2357543,251738882.00031948,252321175.9371052
6486,245899985.9086914,248735193.10270467,248607387.16930938,248611633.59251603,247126698.4770109
6487,249550936.64086914,247627658.7772338,247797784.0919611,247667669.51123995,245899985.90874887
6488,251181045.65600586,249521751.4426091,249732331.74895778,249708844.83645794,249550936.6407669
6489,250422768.06567383,250656426.44806153,250676082.38222814,250734041.56901726,251181045.65596333
6490,254351833.58569336,250412283.46487936,250368225.5540232,250391047.88449702,250422768.0656068
6491,251264749.7216797,252798819.94986215,252840736.72458243,252887504.69619155,254351833.5856661
6492,253976313.23339844,251357130.02536634,251173928.22646493,251222744.4328001,251264749.72179493
6493,256978244.6616211,252862669.00167462,252896628.1078893,252896705.98304546,253976313.23336732
6494,259944268.2253418,254906576.22997928,254808885.92465034,254912646.15316355,256978244.66160277
6495,257444751.2446289,257058413.3950372,256862966.91666502,257000933.4209176,259944268.2253066
6496,251776255.97973633,256054474.35740593,255723873.63162875,255812484.34760013,257444751.24461317
6497,246918419.9074707,252717082.07020935,252507271.9516249,252441462.10339913,251776255.9797884
6498,249814605.84326172,249383075.77672294,249416997.31307834,249246017.61733508,246918419.9074753
6499,249505900.08935547,250446055.85977307,250700468.5017834,250591479.9150026,249814605.843334
6500,248603499.32739258,250214006.7573519,250267006.3943362,250256267.80698287,249505900.08939344
6501,249242300.76904297,249578497.6386524,249650932.89571685,249601164.8444799,248603499.32749432
6502,252006204.84887695,249824261.55312753,249937724.70110968,249898662.57227412,249242300.7689913
6503,253431210.00683594,251412101.53937736,251497010.3295313,251520054.50659755,252006204.8489408
6504,249184910.49121094,252459614.90847936,252416530.34356442,252484694.26086432,253431210.00676543
6505,247218068.21313477,250091361.2386946,249955125.6623888,249944672.92367995,249184910.49132264
6506,249131544.3400879,248638768.24981436,248718492.54711738,248613692.9841179,247218068.2130265
6507,253576933.97631836,249478247.38155028,249635642.71875978,249588144.66718623,249131544.3401245
6508,253710310.0732422,252172673.98543406,252250589.70192814,252313862.18987474,253576933.97620097
6509,257128828.6850586,252664173.94776168,252528970.72924155,252621999.6083328,253710310.073142
6510,252029049.19482422,254911118.8636775,254843038.81846488,254926008.12275028,257128828.68502128
6511,249190364.3918457,252277629.9322134,251994421.53334397,252031225.60283267,252029049.1947953
6512,250327445.69018555,250399140.22627202,250400891.81950963,250292202.56867936,249190364.39183128
6513,250189778.4375,250746973.2024005,250865719.35032973,250803718.4732189,250327445.69029364
6514,247110685.61547852,250570034.03655377,250600267.25676736,250589178.2370953,250189778.43750876
6515,248094747.9482422,248634134.56755677,248646516.46094966,248585622.54326916,247110685.615392
6516,245239347.80126953,248854049.694195,249020170.31962144,248946883.88411427,248094747.94830385
6517,248564516.10913086,247059837.09408438,247112324.02876046,247052615.80258653,245239347.8012664
6518,251535707.9404297,248761388.22892025,248995813.81878296,248946175.55862376,248564516.10921976
6519,254789273.30493164,250650075.71697366,250701583.30210963,250770918.61747327,251535707.9405303
6520,252650858.4519043,252900538.82191747,252853955.85726756,252961071.5977423,254789273.30495936
6521,252423220.3527832,252057456.2764758,251851195.54340807,251922219.50400984,252650858.4519897
6522,244734077.24780273,251972247.75760052,251914200.35870156,251908994.90242147,252423220.3527954
6523,245735976.30200195,247406994.17360955,247285287.81710735,247188898.30364728,244734077.24775097
6524,243731585.63256836,247324952.4341412,247608249.70931557,247445425.5036556,245735976.30191308
6525,244596954.69482422,245887303.03385994,246024230.87311494,245947656.4229756,243731585.632474
6526,245283097.36328125,246071963.482205,246318976.2997806,246234190.00426337,244596954.69487724
6527,242657349.19702148,246318414.2231047,246488204.2265098,246459795.4370317,245283097.36322263
6528,241215669.3059082,244686932.59244075,244788864.89323568,244728818.7733773,242657349.1969757
6529,242704150.99975586,243552724.30942884,243775282.70931503,243665844.16481146,241215669.30587688
6530,242730138.0119629,244107075.85906053,244379728.45420182,244314680.93585175,242704150.9997125
6531,244899281.72875977,244035054.22690958,244198058.7303763,244175922.50445414,242730138.0120425
6532,250424303.04101562,245292767.48710585,245480443.63164526,245477466.0990439,244899281.7287026
6533,246405648.015625,248693918.04767582,248803695.82570487,248902888.25948787,250424303.0409352
6534,243216574.4580078,246862731.95798323,246672652.37617338,246744031.85705277,246405648.01567325
6535,243726659.73876953,244902340.74585828,244950063.92672083,244858310.00960934,243216574.45803607
6536,246011547.4260254,244902290.0385706,245088340.55459592,245013026.55107236,243726659.7386888
6537,246101165.7956543,246151550.53889537,246299735.62917635,246302366.6607109,246011547.4260229
6538,248286049.55859375,246360578.90598333,246395889.20846826,246422726.6221237,246101165.79558143
6539,247095473.81811523,247702537.25770518,247763776.3109278,247795179.95744509,248286049.55861735
6540,248731957.00708008,247240735.5463821,247182703.14930367,247216452.8060556,247095473.8182254
6541,247626682.7470703,248234702.3160446,248275240.08477607,248288492.2672562,248731957.00704035
6542,250429704.65771484,247735853.9532791,247676751.3839407,247704450.71819466,247626682.7471909
6543,248411528.69555664,249350194.7463256,249386974.3318148,249420149.57082686,250429704.6576312
6544,248468003.9152832,248357853.65744945,248222496.28623015,248268486.0534435,248411528.6955912
6545,247762580.96362305,248320470.73376733,248314793.91706392,248301503.31744245,248468003.91530636
6546,249178077.41748047,247927856.23185906,247903065.6528802,247902207.00897735,247762580.96368203
6547,251785145.13476562,248716253.08256832,248744144.5294364,248753261.16791508,249178077.41742676
6548,253974701.25732422,250380261.52667138,250351766.8426643,250420633.81141147,251785145.13479057
6549,253743688.07617188,251998214.2761692,251871156.2431061,251977961.74339095,253974701.2572234
6550,256055155.75341797,252245571.56815782,252037280.4641613,252126068.905953,253743688.07611245
6551,250463928.19921875,253817200.95285454,253674473.58248886,253756547.41286588,256055155.75348544
6552,252510781.7158203,250798214.18230388,250498851.4173298,250520028.5769364,250463928.1992077
6553,255053509.09716797,251712199.5007407,251750043.09910253,251702957.5651056,252510781.71589237
6554,255022201.30566406,253330370.49194145,253243464.47463334,253318912.83486855,255053509.09722528
6555,254985749.31591797,253621304.1562364,253433362.8398256,253508640.08987796,255022201.3057446
6556,254314261.05786133,253746974.65849143,253585786.0790571,253627227.35521916,254985749.31580788
6557,253745799.8322754,253452139.9198274,253299473.17969206,253326190.95076618,254314261.05785885
6558,257105617.26538086,253079157.63967782,252959294.93211836,252967269.38706622,253745799.83222976
6559,254526556.08642578,255044203.12122738,254978996.48628455,255033674.98953852,257105617.2652834
6560,252863128.36010742,253830323.6391701,253572986.87058845,253632686.44155484,254526556.08633995
6561,256413451.32250977,252768194.34224817,252666927.91799724,252631547.68760496,252863128.36012712
6562,254260173.88110352,254712805.98861447,254705448.4221313,254731333.07761383,256413451.3225299
6563,253848782.81079102,253701936.0516574,253487426.13096315,253539946.42021397,254260173.8810481
6564,260903090.1923828,253387377.93802136,253312304.78694215,253291434.59650576,253848782.8108564
6565,253725340.02270508,257584814.8028094,257577831.7315006,257674579.08044672,260903090.192488
6566,252022086.0793457,253959862.8959198,253534784.74501526,253608608.62093475,253725340.02262545
6567,251859298.9794922,252617706.54020098,252619613.7986423,252502741.59205288,252022086.07929695
6568,256114490.68652344,252202780.9659777,252225004.17555004,252175888.26167792,251859298.9795316
6569,256018800.31274414,254562509.35849893,254615314.89392573,254649246.51564285,256114490.6866175
6570,249208967.18847656,254753177.519826,254570922.66816425,254658307.70102447,256018800.31273144
6571,251412718.47753906,250834856.269504,250640968.63873717,250579769.55881125,249208967.1885824
6572,247302070.93237305,251597056.8815925,251769998.89140096,251666371.79195714,251412718.4776089
6573,253699683.9411621,249095103.571605,249058485.97451568,249008072.0706675,247302070.93239552
6574,249486767.04223633,252483728.78159854,252726313.02684525,252702825.43566263,253699683.94105852
6575,253244490.6940918,250312932.90815428,250142542.24457982,250187046.33568788,249486767.04223907
6576,251687511.28857422,252321434.65535605,252452034.91703537,252427137.67205212,253244490.6941
6577,253655191.0131836,251649228.34457684,251535640.32600585,251580315.00672084,251687511.28865552
6578,253376694.78198242,252801988.5936218,252822722.65643305,252828332.21096703,253655191.0131111
6579,255768557.88452148,252835782.4399232,252740742.843936,252781008.1961025,253376694.78194857
6580,253600178.62036133,254359960.35494894,254328635.86478356,254371523.21606648,255768557.88440752
6581,253875374.26513672,253300088.79964125,253126542.16996628,253164753.6629269,253600178.6204224
6582,257773451.2836914,253400537.07897946,253367286.0584152,253351138.9414183,253875374.2650833
6583,254512419.67016602,255770714.02796915,255743978.930681,255807297.39247394,257773451.28361505
6584,253352104.0480957,254235648.79700255,253994721.03841448,254046341.00485176,254512419.67027453
6585,253299528.95288086,253458341.27432245,253416827.64724353,253365330.46892548,253352104.04802728
6586,254974534.6748047,253320796.21781164,253318090.2647385,253289684.07415256,253299528.9528981
6587,256782644.50878906,254260134.17015928,254266121.7372302,254274745.9672477,254974534.6748496
6588,255214597.18725586,255481936.47641897,255419355.51164085,255473249.10734937,256782644.50881943
6589,253990969.12548828,254778378.3078124,254625389.35365024,254654958.99323776,255214597.18714505
6590,256557005.96264648,254053007.0921992,253995400.2261909,253964859.6710935,253990969.12551975
6591,258906438.57495117,255473871.03172612,255489993.72447395,255498120.89237773,256557005.9625352
6592,258848206.8395996,257082759.67040163,256981749.3636449,257062883.234738,258906438.57497525
6593,259187643.22265625,257378742.54799736,257185178.5564732,257255347.49460158,258848206.8396879
6594,259119709.39501953,257782818.27134728,257627013.1144538,257664677.97619393,259187643.22270364
6595,253246539.39208984,257921962.81166488,257762136.88499945,257794207.84127226,259119709.39492768
6596,251710337.28686523,254531071.78143668,254342018.13333267,254280527.08315033,253246539.39213383
6597,255705174.85058594,253142245.6363178,253245179.64177713,253099495.6968073,251710337.2869233
6598,260068882.27563477,255170943.38931328,255335633.57432947,255306265.6412915,255705174.8504837
6599,254536032.61791992,257910183.62682685,257880382.80055436,257981427.71588504,260068882.2755192
6600,255711384.16015625,255096156.27265975,254829060.4067091,254853659.0581699,254536032.6178097
6601,258228391.96166992,255540805.38942125,255611425.7995333,255535801.80923718,255711384.16024405
6602,256945739.26586914,257035796.54485738,257021017.8566368,257057366.90706524,258228391.96161023
6603,257881597.11572266,256494992.49206063,256354300.14466056,256384549.6094645,256945739.2658969
6604,258550431.23706055,257047220.26961136,257003647.94635785,257001408.14800194,257881597.1157592
6605,258006014.4243164,257548202.33906007,257453165.28478634,257482631.05322716,258550431.23695123
6606,255289068.77148438,257364105.28796738,257248063.51589468,257262395.56227124,258006014.4242434
6607,255847330.3527832,255744980.3195827,255642145.316647,255601940.19659072,255289068.77149343
6608,248354150.4189453,255847882.15932593,255884922.31806207,255828856.22227177,255847330.35273257
6609,252463204.54248047,251342101.31683967,251266772.80962193,251147860.64098883,248354150.41890883
6610,254726767.2294922,253045843.5857687,253386564.86325926,253244569.68949983,252463204.5423869
6611,249130702.40478516,254396290.01717326,254461404.20854744,254498583.72432262,254726767.22951293
6612,249603470.05029297,251245253.7489675,251181148.283151,251123703.0795355,249130702.40471095
6613,251369681.83496094,251003187.40887296,251230540.5463409,251099200.27644375,249603470.05040056
6614,248475712.6772461,251848546.25069687,252006459.2520484,251977445.1126787,251369681.83489445
6615,246601745.9963379,250152512.68187284,250188572.69860122,250139381.3174393,248475712.677312
6616,248446040.0361328,248769419.94184837,248945051.32579726,248825363.32106254,246601745.99639323
6617,243335769.34033203,249512481.11708882,249763471.89850268,249691726.93093145,248446040.03617492
6618,241562412.1616211,246379336.8822863,246455172.4371959,246363869.57291526,243335769.3404269
6619,245860550.34423828,244804716.1928984,245134300.477469,244949786.01392958,241562412.1615401
6620,242074166.34936523,246888452.32256642,247275133.9278738,247205888.52226952,245860550.34433135
6621,245783765.16064453,244779022.64471132,244888035.2483133,244844802.05945,242074166.3494464
6622,246498057.87329102,246611958.22364515,246961197.74068487,246886772.61594608,245783765.16059235
6623,246370975.19848633,247196827.6380306,247318272.4690227,247344667.18253902,246498057.87335932
6624,246150237.96850586,247201444.18339854,247308770.62610176,247297058.0446308,246370975.19850248
6625,251637532.87280273,247097530.02704358,247211984.55351287,247186524.37609905,246150237.9684862
6626,252919691.62426758,250347381.62956044,250515403.7132222,250563217.38621083,251637532.87275904
6627,254540294.8786621,251611228.69989902,251509889.30612043,251633653.99282283,252919691.6243318
6628,251975487.7668457,252922444.10573503,252822325.88020673,252906944.1829315,254540294.87863132
6629,248471944.04418945,251755269.3438464,251572310.22575775,251610874.868874,251975487.76691565
6630,248513393.03857422,249658709.4535113,249611962.469565,249542629.59936008,248471944.04426223
6631,247895873.05078125,249352684.18218648,249468246.35732564,249388932.79866695,248513393.0384845
6632,249280264.96289062,248842048.50812668,248919742.37052992,248876971.46589264,247895873.0507884
6633,247369875.95117188,249536358.6613318,249653177.66494545,249628185.82840788,249280264.9627765
6634,248472969.99414062,248455061.69747886,248473877.2840195,248449743.76831686,247369875.951279
6635,243134075.6611328,248951223.43316212,249087011.60085675,249043878.72506195,248472969.9941454
6636,244040745.9477539,245757288.21887362,245767804.83996782,245688158.8574882,243134075.6610698
6637,246376711.49804688,245785261.0680791,246079303.33768418,245945699.96255416,244040745.9477556
6638,248492793.77978516,247009613.4254336,247218964.24483627,247201083.20821565,246376711.49803463
6639,251074037.2463379,248359545.2532563,248465155.91050658,248498764.73874968,248492793.77985567
6640,248693282.56884766,250091142.19972885,250119663.81486675,250187693.36992592,251074037.2462469
6641,251316198.16870117,248986301.25152293,248878783.2358852,248912796.9504686,248693282.5688173
6642,254266582.42797852,250482192.09758356,250547004.1380105,250554561.7012589,251316198.1687372
6643,250397404.29345703,252434959.96229225,252369097.91628438,252468616.74772325,254266582.4280648
6644,253159953.9777832,250525886.9919077,250306512.02252305,250343915.76130614,250397404.293376
6645,256267833.18359375,252071889.35551143,252111690.57227135,252103331.0564767,253159953.97782627
6646,252693699.99926758,254162731.7697064,254066501.17767957,254172029.0952819,256267833.18369144
6647,251889078.51904297,252395485.82145065,252137603.62238288,252187098.37510088,252693699.9993186
6648,251496032.1533203,251823752.49099854,251779174.26444325,251735109.68102956,251889078.51907423
6649,250941411.7841797,251508305.7084098,251480117.2975713,251460868.40104285,251496032.1533208
6650,249903160.86401367,251089429.89010864,251071012.66633168,251050087.82043093,250941411.7842098
6651,252684339.0090332,250381199.72766244,250376862.45907167,250344274.49235103,249903160.8639925
6652,250553093.19213867,251889658.03890124,251953256.72104353,251959339.229712,252684339.0089453
6653,258947400.06298828,250775907.74491587,250665207.16769347,250687475.19387275,250553093.19202664
6654,259298938.4038086,255641526.8190036,255729909.34612763,255814319.9398592,258947400.06310257
6655,255882528.8737793,256569508.66333142,256216411.56226632,256417912.93828115,259298938.40382648
6656,255016017.76171875,254889739.20207214,254568991.91870585,254613109.8728325,255882528.8738608
6657,255116948.5498047,254344382.91439915,254213023.51095217,254191945.29805437,255016017.76167992
6658,254130234.40942383,254345565.39292115,254247723.39828992,254251897.89973757,255116948.5498749
6659,254081709.53857422,253716467.48560464,253598608.3931665,253600037.3512756,254130234.40949652
6660,256680977.55786133,253616258.5944831,253551879.93062165,253542725.19806993,254081709.53869376
6661,256382133.1220703,255141669.30058536,255096403.1312951,255136804.82146358,256680977.5578577
6662,251076730.27392578,255169548.5423106,254987491.65781197,255052471.64160952,256382133.12199423
6663,252951085.10864258,252088386.299371,251901534.0886828,251856201.63749745,251076730.27389863
6664,251664953.7548828,252793816.21172675,252899478.45340562,252825917.92930558,252951085.1086416
6665,251129224.9802246,251971061.52592024,251918580.5641199,251914250.8370836,251664953.7547846
6666,258821029.09448242,251512112.16026655,251532831.86492923,251489665.9362122,251129224.98023272
6667,258690192.12890625,256014868.20712438,256117806.95732045,256195874.1081428,258821029.09458536
6668,257393058.59277344,256566841.7639908,256265414.11785245,256429604.08124316,258690192.12883085
6669,247939726.06225586,256140654.08221227,255916446.23195595,255959195.1251295,257393058.5926992
6670,251715974.17333984,250584724.98168632,250359534.69060785,250247259.73207518,247939726.0621745
6671,258417986.8486328,252045027.74796525,252336590.34685838,252185550.17374617,251715974.17331487
6672,254898736.9477539,256021746.24120188,256087540.10199884,256191894.60551023,258417986.84861892
6673,251963456.08642578,254530342.94184422,254257604.76891676,254344485.6737418,254898736.94765264
6674,248567587.65234375,252729639.25606248,252670293.20021847,252597016.17922005,251963456.0864561
6675,249192274.77441406,250426208.17887223,250461492.7000055,250349268.09912327,248567587.6522664
6676,250369146.88964844,250320101.61051205,250505414.61706075,250405024.010414,249192274.7743238
6677,247876299.73364258,250811910.53981835,250930343.9980155,250905453.85159844,250369146.88964495
6678,252823657.24267578,249307357.81998882,249338641.01009032,249293595.56170905,247876299.7337617
6679,254498902.41479492,251991904.06416982,252191322.71537733,252181152.2408831,252823657.24275404
6680,252784670.99682617,253306746.49659902,253239392.97181088,253338826.69503704,254498902.414869
6681,252599308.3400879,252559411.28062338,252432852.19840488,252464647.02817145,252784670.996778
6682,252218918.73095703,252450097.48352876,252431483.43598154,252416347.15814945,252599308.34011263
6683,248864780.62939453,252197920.02330095,252172466.38951457,252164664.7980479,252218918.73095596
6684,253971979.328125,250195297.86706114,250165833.53613314,250106558.820356,248864780.62930563
6685,248114691.33325195,252956298.90227246,253141701.53895712,253122859.7380605,253971979.328212
6686,248149192.41210938,249794069.93014646,249637633.2538959,249635222.56469458,248114691.33331048
6687,249155750.7277832,249429149.23280156,249620929.73218632,249495778.29041806,248149192.41222832
6688,252787660.06445312,249823756.265493,249960203.86011764,249925132.66698298,249155750.7277257
6689,248220846.1513672,251985568.78563643,252097745.80925086,252128565.5839686,252787660.0643485
6690,246119544.7512207,249570726.16218963,249463695.63933966,249461591.24173927,248220846.15126005
6691,250546897.64038086,248004308.05787233,248138975.38067526,248013845.25089306,246119544.7511491
6692,249824990.63061523,250333159.24899957,250569280.45066163,250541225.39918393,250546897.64034536
6693,250684283.3305664,250132541.44683823,250114606.55661896,250154383.79459137,249824990.6305182
6694,249355146.8696289,250629115.73968348,250684726.476338,250678610.49795935,250684283.33048177
6695,249609951.88085938,249914531.0845272,249905106.77071086,249897546.67123735,249355146.86954772
6696,251837556.59692383,249982459.6726833,250052577.34697616,250021364.48731422,249609951.8808096
6697,251974467.80932617,251295496.5227094,251359312.7213114,251377406.17395303,251837556.5968781
6698,255720178.13183594,251573000.8373979,251525051.3782245,251564831.6690038,251974467.80926293
6699,253733980.5834961,253942806.47727966,253946479.08973467,254008582.01509932,255720178.13173625
6700,258327439.1989746,253168931.43930233,252966262.48454508,253032699.2995418,253733980.5834854
6701,255031901.01782227,256004419.56671542,255993812.4261682,256048913.65400147,258327439.1988625
6702,253244435.69433594,254498140.35624108,254216466.63781095,254291356.40545624,255031901.01790643
6703,248037059.8466797,253354229.58550683,253276675.36458492,253226967.48112765,253244435.69433695
6704,247440879.49438477,250087277.7546359,250034293.3743369,249929272.37286434,248037059.8465725
6705,250407921.04882812,249185501.57000834,249381537.73907146,249236471.65351415,247440879.4943929
6706,248276751.7668457,250614776.46140555,250809689.03039137,250773777.62007594,250407921.04886717
6707,249140768.12231445,249414764.60960314,249420731.17859134,249405645.391551,248276751.76675344
6708,250803975.90161133,249744699.6770533,249883378.75972006,249830186.71668693,249140768.1222836
6709,250070485.85131836,250686528.0872236,250767620.25864637,250777295.98764053,250803975.90168467
6710,248122936.03466797,250327316.92431676,250313691.86195397,250322544.94488415,250070485.85135272
6711,245674757.91357422,249156877.88361523,249178558.0890695,249132544.09213763,248122936.03478155
6712,247363215.78149414,247494747.15236765,247586553.3277804,247493833.6393134,245674757.91356355
6713,247018783.4411621,248176393.939127,248382879.0464724,248314634.26110476,247363215.7813845
6714,251063490.00561523,247982066.71359134,248074939.6165117,248057037.57852945,247018783.44106808
6715,251258892.17944336,250292560.74351183,250439857.04145467,250462252.12156603,251063490.0055793
6716,248883886.55297852,250690555.51289794,250622462.26989746,250697723.95800874,251258892.17932764
6717,246624939.6291504,249374748.6283604,249302936.48335388,249293889.19015515,248883886.55296603
6718,245689393.61279297,247935052.0141384,247972350.53758413,247899469.08576256,246624939.6291196
6719,249861370.5270996,247141930.87214744,247273805.5602734,247192413.60443676,245689393.61284447
6720,250533996.2631836,249360048.90853378,249545046.17916605,249545827.57808843,249861370.52708727
6721,250786409.59204102,249982181.94887358,249940660.17771006,250012905.9623248,250533996.2632579
6722,248978568.05932617,250280835.84299937,250238092.20697886,250270376.8438333,250786409.59197852
6723,249611003.24658203,249326235.53228542,249263983.25029305,249261241.35929257,248978568.059385
6724,248124722.01831055,249615206.05961478,249661410.99661478,249639391.5635686,249611003.2466595
6725,256645536.87670898,248739457.61251986,248723298.7176126,248707648.1513681,248124722.01833132
6726,253700902.07421875,253733977.2312131,253876852.94402027,253956378.04001066,256645536.876802
6727,257046335.05737305,252703972.08602357,252374412.14944097,252520795.87721443,253700902.0742016
6728,255672321.9494629,254775735.03357235,254708445.72710693,254757936.16424894,257046335.05740184
6729,246039978.81860352,254351143.82253432,254085388.60542744,254176997.6279792,255672321.9495761
6730,248782269.10424805,248697961.1629502,248469396.37540883,248359593.86176586,246039978.818515
6731,248606181.63208008,249516251.89731625,249794061.34836236,249634727.41892356,248782269.1042911
6732,253579220.8527832,249308864.96510264,249363210.3122577,249354898.92636275,248606181.6319916
6733,254642584.18823242,252121000.578639,252236123.67789277,252272932.99226308,253579220.85271916
6734,252370650.2434082,253147830.9931373,253006485.9868002,253119064.20140395,254642584.18816823
6735,246606680.71118164,252086302.3981975,251918186.6925764,251945701.88022038,252370650.24346972
6736,246782666.2824707,248612968.34551084,248533043.49349838,248436725.98318017,246606680.7112111
6737,252074151.80615234,248147674.82174727,248345492.64872253,248215074.97558168,246782666.28250092
6738,253161370.55664062,251053997.83285224,251228716.2744206,251250459.100054,252074151.80612224
6739,246195433.07617188,252073636.09600106,251985350.83358932,252084034.19447732,253161370.55653417
6740,246883327.54345703,248157021.98062724,247996145.71779743,247946509.5340342,246195433.07616183
6741,244949192.1928711,248059612.20098448,248273432.49812484,248142803.7080878,246883327.54345447
6742,250316990.43310547,246713333.17540362,246809861.26755357,246746639.7514763,244949192.19293025
6743,250868102.06445312,249625468.67808327,249864702.49791813,249855051.42353943,250316990.4330107
6744,245470203.11401367,250291678.13847104,250234006.15358135,250320185.15692353,250868102.0645172
6745,251943221.77734375,247254504.33502698,247166069.9911188,247117607.4230803,245470203.1141005
6746,251370039.5390625,250730710.2361119,250981126.14365438,250956037.9015934,251943221.7773938
6747,253144813.28686523,250768093.78336042,250628420.63562143,250729939.8483139,251370039.53913608
6748,250343173.24609375,251970485.93337113,251939156.77903172,251979096.01760668,253144813.28698003
6749,248537839.38452148,250499799.58432057,250345943.13916752,250369984.8581808,250343173.2460758
6750,247678559.62817383,249273235.73639232,249270867.17598718,249212158.46268493,248537839.38443303
6751,246960812.0341797,248515012.9441104,248570665.8416622,248513973.181921,247678559.628067
6752,247641629.44677734,247907312.17505428,247982691.6153791,247932052.07671338,246960812.03422543
6753,255219927.30151367,248162961.2945426,248270845.52888283,248238792.6651207,247641629.4466644
6754,252353804.32592773,252634098.16660932,252755051.6828945,252850001.212593,255219927.30160943
6755,251787063.54467773,251597897.03801686,251310013.8265203,251437972.41114786,252353804.32592505
6756,255071359.1809082,251333476.00624648,251262908.43885836,251253085.96202666,251787063.54467705
6757,249913020.3071289,253300658.36734694,253269159.55082694,253325755.53415447,255071359.18099448
6758,245495722.390625,250541447.9856418,250303418.72823745,250322791.46722764,249913020.3071045
6759,248958818.59643555,247602717.27690214,247625614.5362785,247485096.45830756,245495722.39060763
6760,252245258.16503906,249158013.1678942,249394043.0644888,249318638.02261284,248958818.59647125
6761,249493418.8293457,251171754.2689807,251212376.9600519,251280675.72050026,252245258.1651323
6762,254962791.28125,249852490.99521226,249729063.49826252,249758514.5152712,249493418.8292582
6763,254066415.06933594,252996772.97879714,253087540.06622145,253123950.9681551,254962791.28124297
6764,255250584.77905273,252903975.071175,252683981.50161818,252795262.3209123,254066415.06938648
6765,250138105.2241211,253756626.8967462,253649968.6288188,253693232.78866082,255250584.7790235
6766,250785367.8696289,250933150.1475075,250722732.96454483,250710044.3649232,250138105.2240385
6767,252084547.65625,251018627.85686958,251102070.7770962,251022392.96926653,250785367.86962467
6768,254648164.59179688,251712614.37816066,251730821.25703663,251739785.90808928,252084547.65636453
6769,256570323.34643555,253314189.37974447,253294177.35461694,253347689.0587929,254648164.59169745
6770,254537367.79882812,254723972.50081858,254597712.1691305,254690440.87600687,256570323.34642732
6771,251685862.8347168,253844131.02328077,253633818.6260991,253680506.28469035,254537367.79883277
6772,259189463.34448242,252144201.79266304,252036993.32731757,251990910.57274282,251685862.8346654
6773,258108172.03637695,256442791.86020306,256544759.41197172,256592051.59895378,259189463.34443444
6774,258612757.31079102,256361021.78390908,256043701.85397497,256189487.21640366,258108172.0362745
6775,256942640.5192871,256872341.609405,256692302.87534946,256737945.02125773,258612757.31077784
6776,257617750.5961914,256033902.8544661,255815497.6691882,255848227.05468562,256942640.51917616
6777,255341432.59521484,256353804.97669193,256235527.32858303,256244904.60712317,257617750.59608132
6778,260458457.55322266,255111891.4148867,254938918.13432902,254939182.34598815,255341432.59524444
6779,259345441.24023438,258030668.16961288,258029724.8286685,258066348.9015719,260458457.5531644
6780,255780810.53051758,257820156.72135243,257536297.9805338,257638743.5343438,259345441.2403535
6781,255178569.10351562,255804506.53340048,255601969.97774273,255577086.16753733,255780810.53055397
6782,256962116.21533203,255179537.36934102,255150223.0296063,255089079.71820614,255178569.10344744
6783,256442277.57714844,256059270.27154788,256044209.1166857,256043793.9198832,256962116.215288
6784,255795316.2553711,255857426.9018997,255741008.0870952,255762617.9201235,256442277.5770272
6785,258140274.81274414,255504564.60877383,255429024.27329585,255417208.2586573,255795316.2552776
6786,257017603.86767578,256843605.74219677,256819434.0788108,256840360.60038543,258140274.8127057
6787,258132183.1682129,256323699.32280806,256158825.70934683,256196725.2078775,257017603.86778092
6788,256296449.3449707,257004712.1938772,256934543.7828508,256944329.83056268,258132183.16812527
6789,256517875.21362305,256033850.40304342,255882849.48054484,255889373.38811132,256296449.34498447
6790,255461849.01049805,256112572.55033576,256078613.3441424,256052488.9175895,256517875.21365985
6791,252422643.39770508,255467706.53471857,255402027.32458586,255385317.14666197,255461849.01049215
6792,252401876.04663086,253527250.94778928,253486101.16047204,253414139.70098516,252422643.3978265
6793,248731628.71484375,253232364.45123312,253342078.86770096,253253530.55008033,252401876.04661152
6794,245518636.35424805,250856742.11987117,250900690.65020445,250805277.2095987,248731628.71493605
6795,248278167.29077148,248486202.41468725,248682082.23871702,248513330.8049385,245518636.35417885
6796,250757205.01708984,249552027.0143147,249883347.1023247,249777350.30696154,248278167.2906931
6797,250760267.64013672,250950329.85232168,251112299.8556584,251123601.9456506,250757205.01701653
6798,253389590.10229492,251090923.55718437,251134269.4721172,251148062.34980005,250760267.64013115
6799,255193785.07104492,252705337.4662503,252783996.94785282,252805315.4493506,253389590.10219425
6800,257201859.34057617,254055077.8063761,254011556.69506237,254082404.14771178,255193785.0710456
6801,258329319.2487793,255591472.69483978,255508522.32493824,255588076.036504,257201859.34048003
6802,253122806.06445312,256582552.47930318,256426817.44977003,256512885.9362828,258329319.2487763
6803,254276339.50878906,253773070.34438765,253543829.2354954,253534619.75253013,253122806.06443256
6804,250719040.79296875,254176619.10202134,254250229.80220303,254180013.5289776,254276339.5087841
6805,249864200.61889648,252001072.54844108,251941301.36767617,251895370.23740378,250719040.79292288
6806,251357785.1315918,251140822.88680828,251263465.3178399,251155956.84437558,249864200.61899665
6807,251842817.6237793,251822556.89897513,251966492.81393036,251921022.23745155,251357785.1315322
6808,252043503.33691406,252128684.4881596,252190341.1894254,252184020.80774376,251842817.62375668
6809,253197107.75732422,252254679.28528637,252294212.98348215,252282967.6246711,252043503.3369649
6810,253537946.2861328,252994423.97997048,253039408.44013602,253041461.3516298,253197107.7572216
6811,251430561.90014648,253292849.31499127,253279687.47347838,253296406.4862441,253537946.28606465
6812,255451896.08862305,252115516.1768912,252080643.39336008,252055873.48045233,251430561.9001825
6813,255383962.82104492,254334467.79785994,254440858.82442263,254443484.05518878,255451896.08863804
6814,253216440.03979492,254612672.07829568,254496817.53953126,254564621.11800858,255383962.82111627
6815,258617502.27392578,253481075.3626621,253392172.69498432,253375810.68401057,253216440.03973237
6816,259666640.10302734,256615818.52543095,256689460.47464076,256721678.56129855,258617502.27403173
6817,257399604.06982422,257711806.30301595,257507046.07087836,257633153.483741,259666640.10290605
6818,259579943.6748047,256680549.87144905,256460482.90780327,256492300.60550243,257399604.069793
6819,256174967.7006836,257972581.5983945,257903263.52444574,257918820.3328013,259579943.67471293
6820,259618570.74780273,256229274.90407783,256020668.0923753,256030687.55792755,256174967.70072284
6821,253853335.1052246,258096604.27554107,258118497.46073368,258109640.72175196,259618570.74768612
6822,256276939.08911133,254908436.81648105,254680162.71617502,254667896.63762075,253853335.10515463
6823,251075182.79077148,255942819.36964947,256063722.5070787,255981184.77957696,256276939.0891208
6824,252030003.06469727,252879886.46327338,252780690.54845425,252724845.73813593,251075182.79083705
6825,251444556.86669922,252962635.5574766,253152950.01387012,253030347.00670782,252030003.0648077
6826,250661111.95263672,252481837.77343348,252565273.47954682,252518179.96308467,251444556.86668152
6827,249673674.49414062,251823374.21127635,251927439.46582162,251860703.49636087,250661111.9525669
6828,251596476.2006836,251018968.74157533,251132712.76110804,251059967.76086918,249673674.49408448
6829,253153421.73364258,251952511.42468345,252114297.0640423,252073829.31137723,251596476.20064697
6830,252534759.78442383,252934865.64598396,252993856.67204013,253013629.25017405,253153421.73358387
6831,246917927.08569336,252695707.06931102,252679336.14376906,252686248.87540987,252534759.78450844
6832,251271758.26220703,249335346.8159637,249311757.27827954,249214714.22607774,246917927.08571663
6833,252389925.94677734,251418113.69938296,251712704.77732724,251624681.41581833,251271758.2622854
6834,252261158.0498047,252197915.9066895,252218402.67657843,252266851.41845536,252389925.94681987
6835,254997877.6220703,252249387.1256272,252244739.51706266,252254796.25401065,252261158.04990968
6836,254409910.34887695,253905077.91129497,253932178.15692592,253966292.37370616,254997877.62215877
6837,255830514.01367188,253821950.51361156,253704499.67807817,253757480.06349823,254409910.34888247
6838,252686593.16625977,254740217.66780722,254693439.973945,254721823.2742849,255830514.0136963
6839,250448433.00732422,253032555.69557503,252883370.45238215,252885559.04151398,252686593.16633055
6840,246435896.74145508,251514204.7690846,251527951.35672116,251444060.21675202,250448433.00725096
6841,247137090.62451172,248815963.44780153,248881706.99774548,248757099.11506054,246435896.7414155
6842,250285130.47753906,248712391.87576446,248962580.06678784,248838120.07937652,247137090.62450016
6843,249802474.04418945,250410016.95526725,250605728.3349153,250592620.1826196,250285130.47759956
6844,250273121.1760254,250287209.29498082,250314214.71293396,250328554.2006618,249802474.04422608
6845,247628584.2763672,250569102.59705332,250643240.9819573,250624381.75571933,250273121.17606744
6846,248906175.25585938,249040580.15665472,249062007.9295458,249016557.57549995,247628584.2763773
6847,252889916.9946289,249570964.32251537,249741194.83843076,249679608.74046946,248906175.25583455
6848,252179155.86743164,251939399.54922274,252048684.62279636,252092380.0330211,252889916.99471623
6849,251878587.05419922,251845078.03993362,251753470.8516471,251816060.86219305,252179155.8674513
6850,250367646.66748047,251718452.7528454,251689551.80838975,251689979.40781176,251878587.0542033
6851,252777217.31030273,250853040.66615084,250826625.63515413,250806289.91547123,250367646.6675133
6852,252998913.20141602,252155754.68443263,252226102.2474919,252223230.86000288,252777217.3103804
6853,254229347.7758789,252464695.7557045,252401112.7027933,252444383.72629923,252998913.20135885
6854,250856406.36279297,253324150.47802466,253286283.2933967,253317194.2473371,254229347.77589944
6855,250577796.20288086,251498037.5635935,251375540.75859964,251365928.45952913,250856406.36273184
6856,255266019.50805664,251128290.27214095,251193176.31611222,251124547.0241876,250577796.2029979
6857,256774338.03222656,253820808.21577117,253911899.98500237,253946859.47409156,255266019.5081762
6858,254173022.66381836,255095682.12958294,254959206.47206387,255068579.69182485,256774338.03218263
6859,251500100.75146484,253861233.38594306,253668232.294603,253696452.58099934,254173022.66380376
6860,254610635.32495117,252241401.262455,252185171.4172345,252122280.19276723,251500100.75149655
6861,253594720.6953125,253848685.97407025,253940960.59809464,253919293.18930462,254610635.32506704
6862,246824885.64013672,253407752.81789282,253306735.64534187,253337172.64158154,253594720.69524235
6863,245524001.8713379,249386829.5610172,249313284.09078312,249202343.29092366,246824885.6402124
6864,244045094.09570312,247973093.13596588,248223375.90417197,248038172.97083205,245524001.87130207
6865,247115264.6237793,246618779.91134503,246847953.05513787,246721512.6155257,244045094.095638
6866,246616469.24926758,248043838.77975693,248347616.16166502,248279881.15352836,247115264.6237333
6867,244741506.55664062,247738541.5279617,247839145.60944152,247831812.3150101,246616469.2492748
6868,246344495.73828125,246538587.6410971,246664902.08905467,246597351.1621918,244741506.55658376
6869,246489259.50195312,247198200.348834,247408409.99442235,247355861.76634607,246344495.73836356
6870,252151564.55688477,247285050.13993254,247391412.8259658,247385274.99742737,246489259.50201464
6871,252232497.9807129,250605437.47762996,250751788.08750525,250810646.04704446,252151564.55697343
6872,253876121.07983398,251156923.5435094,251011937.6754561,251129938.30390096,252232497.98064807
6873,257445654.51342773,252383145.7041401,252303091.4261777,252368250.06670249,253876121.079742
6874,256616307.82714844,254814437.6988769,254690691.55287483,254810913.33439,257445654.5133453
6875,252896636.23876953,254832635.03778106,254548732.5720878,254661750.36823514,256616307.8271029
6876,251797418.80200195,252848464.95177552,252626684.22287634,252622355.27796608,252896636.23872912
6877,256461347.89916992,252015147.4560767,251984094.45062143,251925376.10645324,251797418.80188972
6878,253043202.39331055,254631389.3930495,254673977.6330008,254710205.15908083,256461347.89928785
6879,254595550.71142578,252927811.5580765,252690491.8281112,252742834.08512264,253043202.39319897
6880,256292173.82641602,253765979.6990502,253767882.04763597,253746663.61159784,254595550.711344
6881,254149998.99731445,254892754.1311285,254804240.4684667,254862029.36768782,256292173.82646856
6882,255629942.42138672,253833388.05011657,253659391.4185556,253683092.84058043,254149998.9973863
6883,257083763.38867188,254657235.4201835,254627991.29132864,254626106.46030456,255629942.42149127
6884,260820867.54370117,255634954.9926986,255525964.78540844,255583982.3467767,257083763.38867128
6885,253466628.29833984,258069187.88035774,257938047.27148727,258043041.7444963,260820867.5437145
6886,250660651.5649414,254115580.47403392,253747930.15141723,253768264.580454,253466628.29837987
6887,250995911.6135254,252003637.7190494,252032673.49779338,251883023.2940917,250660651.56483
6888,261817521.83007812,251753613.57409915,251863851.19662023,251778656.7026017,250995911.61345324
6889,258317320.01586914,258042263.33419684,258199556.68060416,258309785.52902907,261817521.83009303
6890,252106857.31713867,256865119.3513703,256439162.34677678,256617630.0697725,258317320.01579347
6891,256834653.05297852,253268816.3128223,253071853.213333,252988177.9198367,252106857.3171397
6892,253973171.71679688,255624625.43867654,255765158.11434612,255714969.92191127,256834653.05307615
6893,250095290.88134766,254133680.644714,253957892.24439624,253990695.19699535,253973171.71685332
6894,252258229.06689453,251678944.9570325,251660964.64146358,251554338.51444694,250095290.88127512
6895,250005888.5270996,252566431.34252006,252739503.85354325,252661070.2785685,252258229.0668561
6896,251291018.6809082,251187366.9913747,251189320.94422868,251156287.8220163,250005888.5271328
6897,249426399.08325195,251700150.0348009,251838901.43571243,251781294.86942434,251291018.6807949
6898,252555440.74243164,250555895.94113296,250580396.21445715,250544728.7064056,249426399.08334783
6899,257129611.3503418,252231033.25146124,252384564.9506734,252361012.1051776,252555440.7424761
6900,256232397.64331055,255128438.78791124,255135147.92500097,255235718.48271155,257129611.35041133
6901,254747788.71533203,255083595.36973548,254877620.62265536,254974507.2400228,256232397.6432299
6902,256462960.81274414,254342493.09823114,254213483.3076822,254216389.66496745,254747788.7152645
6903,256839374.10595703,255351209.9142818,255313455.31496847,255325569.0573245,256462960.8126352
6904,253040413.8239746,255777555.13364092,255654932.10014355,255702829.92779952,256839374.10595173
6905,249716792.5739746,253638815.35703608,253487499.7536829,253463099.92478222,253040413.82398465
6906,254213247.6772461,251357002.2641522,251377129.43739605,251259847.45320112,249716792.5739177
6907,253263755.03051758,253592470.6298648,253782051.52418756,253741504.42704514,254213247.6772922
6908,256799566.6994629,253228086.34374428,253145942.1214481,253188774.81855837,253263755.03055352
6909,250674787.83911133,255297770.0616454,255328823.57286182,255361507.64215624,256799566.6995439
6910,248173464.2080078,251913906.99814576,251694883.12450227,251691754.46821502,250674787.83911884
6911,242222738.2998047,250017921.2094036,250127967.6482823,249977634.88431245,248173464.208121
6912,250576123.61450195,246050522.79113778,246179060.2088084,245997428.00550082,242222738.29979625
6913,245993477.50610352,250283266.38083673,250758984.57181874,250671783.40922636,250576123.6145454
6914,244683256.1940918,247887979.8684904,247824746.8979473,247851400.1457588,245993477.50598827
6915,246404366.26660156,246789329.8371038,247009193.24291316,246875688.56421733,244683256.1940355
6916,252705543.93554688,247544430.9001554,247793925.78897828,247731721.76284692,246404366.2666918
6917,254605809.3256836,251299692.48863485,251493351.2074132,251557092.70457974,252705543.93554997
6918,250604885.75878906,253014376.94272527,252914353.37113523,253053283.48105094,254605809.32571337
6919,252823812.74682617,251056048.70425087,250882843.24381837,250902276.5168539,250604885.75888667
6920,249465889.09838867,252258924.75453028,252335572.43020535,252308867.79513457,252823812.7469149
6921,246515356.4807129,250435010.9231991,250345691.06346658,250337548.3976002,249465889.09841195
6922,246739940.53173828,248429676.00698933,248511352.6356714,248398011.47275338,246515356.48063785
6923,247454833.8330078,248156135.10472217,248354045.52776712,248256981.8130463,246739940.5316173
6924,249135887.05908203,248398455.5396785,248554983.70597497,248513477.19349164,247454833.83310512
6925,246532409.6665039,249372310.69917795,249503376.41757977,249498548.05484557,249135887.0591184
6926,253609474.88183594,247892325.89573202,247907990.57343122,247881302.68427375,246532409.66651535
6927,256144191.20996094,251919232.54353318,252138728.3314896,252163712.96328288,253609474.8818268
6928,251324775.97729492,253981751.60957587,253836420.88716835,254002747.74231803,256144191.21000448
6929,251463660.43798828,251585531.96974677,251336271.31303722,251368635.91666618,251324775.97735032
6930,250999358.31420898,251509737.40557858,251542133.76380253,251483161.55848515,251463660.4380312
6931,249865009.81640625,251202062.09117013,251189246.38781604,251177653.4370324,250999358.31419408
6932,254109348.36767578,250474635.8014257,250486169.13676435,250452658.76187712,249865009.81651533
6933,260756865.1940918,252817663.56281924,252909659.16455826,252932372.67645866,254109348.3676541
6934,256242487.6052246,257104881.2293141,257024196.10304826,257197194.44616976,260756865.19407192
6935,254178761.37768555,255211583.96755442,254794240.28080586,254916863.65792954,256242487.60524368
6936,253837617.08007812,254043494.46481124,253924784.8488728,253877082.66092563,254178761.377676
6937,246618759.87036133,253659208.70747152,253614260.5230084,253584693.26667356,253837617.0800329
6938,250214990.85253906,249233331.5265933,249127322.58361888,249016748.99056035,246618759.8703018
6939,248754155.90942383,250706568.73008716,251000836.39239702,250874255.21315193,250214990.85243523
6940,253537297.59814453,249780623.0324112,249801130.30440515,249791923.6950164,248754155.9093361
6941,252261529.1525879,252425714.40331736,252578517.68250316,252586671.30616903,253537297.59813723
6942,253302027.4970703,252010634.8004098,251887587.0382567,251952350.1782769,252261529.1525608
6943,257723923.7529297,252651957.64452776,252643401.16131714,252648448.52189758,253302027.49700585
6944,258061264.99023438,255429011.1468432,255397827.29773274,255486481.0442866,257723923.75283745
6945,253832329.90478516,256109858.9441621,255870460.9188425,255990309.967113,258061264.99018505
6946,255782409.54614258,253906980.2270859,253667322.874286,253668320.51649034,253832329.90479884
6947,258151029.5427246,254889080.3063221,254902214.30361864,254871892.603169,255782409.54619285
6948,254538287.40698242,256396493.98790535,256299732.58025435,256370301.05230215,258151029.5426142
6949,258413345.88183594,254508379.9279776,254280938.19634908,254300916.11178124,254538287.40690917
6950,258971995.76904297,256650598.66434556,256667769.12361202,256672314.7291287,258413345.8817223
6951,256854168.69799805,257269216.443466,257066328.55944762,257161482.2950432,258971995.76905409
6952,257452045.11621094,256181778.2261484,255972485.11645886,255992250.24311808,256854168.69797337
6953,255829924.12158203,256461464.54655445,256373349.12079725,256367413.79705653,257452045.1160979
6954,250054684.9777832,255576119.48431483,255438201.90076008,255437204.8876167,255829924.12150908
6955,249663719.7788086,252005428.90367198,251908072.24135113,251802983.2568183,250054684.977662
6956,250076747.1159668,251196152.0417333,251379030.8066393,251232213.125673,249663719.7788732
6957,250815064.34448242,251053249.68018466,251191643.61560702,251128811.65243497,250076747.1159752
6958,249101376.19433594,251308952.74744138,251415700.1663935,251384538.9341525,250815064.34438145
6959,242818223.34594727,250213695.3536583,250249338.85769466,250207798.5823907,249101376.1942495
6960,244707469.96899414,246310985.5138309,246388581.01977694,246237962.9992491,242818223.34594107
6961,242339530.85766602,246697243.3202454,247081441.7301312,246919141.85421076,244707469.9689156
6962,243953681.34985352,245071612.4581268,245265142.14137417,245178683.92583394,242339530.85763183
6963,242900906.296875,245670983.4398038,245997185.9960963,245898747.06289288,243953681.3497598
6964,242741245.6394043,244984645.2615919,245180953.51186803,245127505.52907217,242900906.29693803
6965,243773413.49291992,244680773.50118414,244929183.70652208,244851688.01757866,242741245.63938403
6966,245228394.39379883,245099495.54998973,245332555.6381577,245289407.22622016,243773413.4929251
6967,245754345.01342773,245944974.2811998,246125665.72770506,246121795.6270457,245228394.3937764
6968,246353881.29638672,246312904.29591936,246419463.88399613,246429684.84760588,245754345.01353085
6969,247579419.9091797,246722970.79429123,246812526.75958994,246818640.54867604,246353881.2963516
6970,244852934.35180664,247544295.8164878,247617640.7045871,247637707.05588347,247579419.90914696
6971,246194720.1550293,246078189.6805402,246072763.72409284,246057115.9737375,244852934.35178664
6972,247329183.6525879,246715832.13501218,246877587.7296174,246832742.2424459,246194720.15496284
6973,247485325.42285156,247426002.25687343,247499491.56591472,247516813.04520744,247329183.6525132
6974,248375530.34887695,247682124.83498222,247716532.31766632,247731700.33428356,247485325.42277008
6975,247736387.67382812,248280625.09118193,248326748.5711196,248341654.51047915,248375530.3488133
6976,254210199.42407227,247976800.0999408,247969456.37332606,247980483.38122314,247736387.6739228
6977,249553564.41577148,251848303.74904233,251940189.2864831,252020070.21210492,254210199.4239747
6978,246180195.14648438,249680087.33859298,249401035.94437197,249487131.04050225,249553564.41567165
6979,247835814.11206055,247555385.2387527,247552942.03085056,247454105.3108684,246180195.14656952
6980,242969359.5961914,248244961.4886324,248395164.23723966,248336052.29658028,247835814.1120116
6981,248057890.359375,245355433.80233595,245357617.55702034,245292041.4146662,242969359.59619805
6982,254328966.39648438,247867943.22839525,248164155.97010225,248106150.10662347,248057890.3593169
6983,253442136.69995117,251808100.50000152,251839606.4102345,251990963.24052072,254328966.3965797
6984,251237486.14819336,251929420.18631604,251678269.94297,251821360.46998435,253442136.69991583
6985,249650516.75170898,250832175.90721554,250662601.70879504,250679991.3215852,251237486.1481576
6986,248618084.08984375,249889739.20539862,249832174.4142175,249800414.167037,249650516.7516534
6987,248167410.65673828,249147406.74858114,249152205.88999414,249108924.55671102,248618084.08993328
6988,250244549.7722168,248768593.97871083,248817606.87785086,248776718.96106836,248167410.6566488
6989,250954084.01293945,249886458.8043734,249963574.63345468,249962822.45773667,250244549.77220196
6990,252320487.33374023,250448828.52062875,250417965.25558266,250457755.06699207,250954084.01295936
6991,254851524.62890625,251409150.66167852,251374539.94536427,251416158.0477188,252320487.33368263
6992,254765226.65673828,253099325.20209423,253025301.4292375,253105124.82422686,254851524.62900716
6993,251019300.05664062,253358518.3626438,253167939.50073233,253250410.18989965,254765226.6568248
6994,258185490.67407227,251320156.9320885,251135841.43835163,251126390.9829396,251019300.0565669
6995,257759004.22973633,255381818.60851228,255462223.22192276,255506484.41705433,258185490.67397
6996,254137762.8935547,255678387.05698088,255356966.92743838,255512995.92661697,257759004.22966424
6997,248411420.4584961,253796456.12859833,253544493.38674483,253551394.28389636,254137762.89356884
6998,251720374.06518555,250201720.23253563,250092652.46867207,249979801.98724717,248411420.4584212
6999,256295113.57006836,251568284.49279872,251751381.51799795,251666670.411387,251720374.0652913
7000,260837670.30029297,254305592.2874419,254301510.33114114,254394790.46903166,256295113.5699659
7001,257304069.11499023,257395899.62111092,257219174.7915031,257390765.87190962,260837670.30038688
7002,256895467.67993164,255868120.80748457,255466139.70873913,255577271.89883953,257304069.1150036
7003,252985986.69506836,255644041.01456285,255474772.83101735,255473771.42666057,256895467.67985395
7004,248748560.7043457,253337780.00618848,253139764.41272777,253113036.27007446,252985986.6951474
7005,254481799.00756836,250484811.7571706,250457910.2877524,250333747.00655872,248748560.70440185
7006,253777978.24780273,253347922.55676648,253549600.27439103,253514577.5231278,254481799.0075062
7007,249963915.92358398,253142662.83518925,252993016.64082557,253070619.75663763,253777978.2477437
7008,249111242.73291016,250921251.8932253,250825592.4081701,250777449.03318968,249963915.9235121
7009,248621568.36010742,250074771.1857973,250155094.05774784,250064850.85003835,249111242.7329772
7010,251900898.9321289,249557083.6234161,249643140.55370152,249586303.36436093,248621568.36018857
7011,254787907.5871582,251327959.3031635,251451294.60928813,251452715.46690974,251900898.93208092
7012,254942107.77124023,253248846.51205635,253216125.09568283,253304484.51372507,254787907.58713517
7013,252792933.63305664,253702919.79689214,253552530.3488819,253632790.74810925,254942107.77119952
7014,250995263.20898438,252630421.63271964,252486623.5952353,252496635.79843202,252792933.63297075
7015,252053205.71118164,251487270.195614,251449246.1421481,251401606.94318217,250995263.2089553
7016,254894460.3557129,251941619.0735803,251991356.1303463,251962868.39100057,252053205.71127048
7017,254521096.8527832,253656041.67203668,253662722.8296742,253708548.40849724,254894460.35569745
7018,255745701.96484375,253684808.9244705,253549451.2414294,253608396.74311727,254521096.85280997
7019,258661989.25170898,254536273.52256173,254461076.910986,254494935.42782816,255745701.96495917
7020,258063229.7380371,256475958.18152958,256367954.1804613,256453751.71555823,258661989.2517092
7021,260108089.69555664,256508706.07441866,256267850.80481234,256353753.15839773,258063229.73800611
7022,260108581.75048828,257905540.42638564,257753272.5142269,257815854.8878328,260108089.69554
7023,255473235.62524414,258223728.49942592,257972578.60203677,258054810.25585604,260108581.7503863
7024,257482378.8942871,255685405.23049784,255436478.61375538,255420183.70409873,255473235.62531984
7025,259604062.80639648,256553120.44580358,256566280.67182374,256523107.58696502,257482378.8943768
7026,260151877.44458008,257877698.16243702,257767979.24848157,257831263.5882458,259604062.8064775
7027,256218535.60717773,258465064.9811473,258279841.56183484,258347466.47281575,260151877.4446886
7028,255754378.13305664,256295122.86629587,256068991.93586987,256057510.9551697,256218535.60718137
7029,253112949.5595703,255832621.4519159,255822419.49477994,255749966.3484272,255754378.13294592
7030,249061856.60180664,254155613.85566956,254122014.0997305,254056003.61920393,253112949.5595287
7031,250133678.0012207,251402290.9440404,251462332.6148004,251323651.74879652,249061856.6018702
7032,250072923.43603516,251475916.9959675,251716670.34736708,251592890.96348962,250133678.0011325
7033,253777255.53100586,251227430.92909718,251361110.6715277,251310242.66336325,250072923.43613157
7034,247799938.6904297,253285820.5480234,253448023.0467969,253446494.5611052,253777255.5309348
7035,247683722.2536621,249957161.37163505,249865550.05535036,249827717.86296573,247799938.6903912
7036,249860139.42773438,249445847.2276445,249688627.4703436,249542167.2202922,247683722.25361785
7037,252743684.88232422,250502145.83950126,250706754.93677357,250667265.1235636,249860139.4278339
7038,248114960.00561523,252273668.74514413,252381194.938725,252413083.43260816,252743684.88227537
7039,245536020.93579102,249774954.15417573,249706899.01088044,249683895.74426228,248114960.0055796
7040,247050250.48706055,247906852.48941836,248076739.08039382,247932608.024825,245536020.9358896
7041,250587442.5583496,248387363.70165533,248648052.7902446,248557049.37150943,247050250.48703465
7042,250394681.62475586,250449280.31768543,250635791.45135742,250649663.22163978,250587442.55833063
7043,247517873.14868164,250552595.36443174,250556333.25119227,250595481.5591794,250394681.6246653
7044,249478367.22265625,248875631.0243524,248888298.4165723,248842893.78309962,247517873.1486576
7045,252510390.54296875,249787384.0669594,249954928.2341082,249905466.79572362,249478367.2227404
7046,251237208.27124023,251698012.69442883,251766966.5271807,251814082.7318212,252510390.5429014
7047,256443706.94506836,251266127.9702761,251187673.0299924,251225621.00280374,251237208.2712209
7048,250615898.91455078,254413295.62455043,254476121.19841346,254533408.23256138,256443706.94506237
7049,255720906.37670898,251400348.78236017,251135375.12288952,251177441.35500365,250615898.9145988
7050,252139956.31347656,254156624.00253555,254288570.05973634,254269522.48505104,255720906.37669227
7051,253692572.39770508,252352197.53983727,252143043.81544182,252195090.54662463,252139956.31341368
7052,254018821.32983398,253118477.6723385,253154623.19717047,253123135.133814,253692572.3977538
7053,254175213.40454102,253450201.00745684,253385933.46808082,253418171.44056016,254018821.32978427
7054,260039667.3581543,253614936.4500681,253554974.2652193,253571525.09675553,254175213.40447277
7055,257152145.17504883,257161673.909136,257146024.89079484,257240171.1790073,260039667.3582272
7056,256365819.78588867,256037309.35774407,255706864.1191775,255814644.7412979,257152145.17503047
7057,255059052.24047852,255633252.12024206,255509480.99502042,255493453.07561347,256365819.78585672
7058,254863282.6862793,254887164.56318212,254782210.6948369,254765774.1629899,255059052.2404691
7059,251661496.01635742,254695801.73827675,254662328.34255233,254634519.87558055,254863282.6862222
7060,250083120.98413086,252729235.93044022,252670035.62184757,252613369.36475182,251661496.0162424
7061,255670695.74658203,251453015.3092489,251540671.23494,251433662.4820539,250083120.98408625
7062,256589503.41503906,254476971.96207687,254657189.5453018,254656149.9897498,255670695.74648395
7063,257834823.33618164,255388097.1306989,255270201.83438167,255366357.05619416,256589503.4149689
7064,254137499.02954102,256392801.08504254,256290120.26328805,256344823.89251152,257834823.3360848
7065,259156785.37646484,254433807.4822359,254248233.14653948,254246823.92155156,254137499.02951983
7066,255445329.59204102,257245267.41561392,257312415.0971346,257318336.24670658,259156785.37643635
7067,252225937.89086914,255433725.82740146,255188092.44352925,255237012.81420326,255445329.59213483
7068,250071820.90527344,253356946.5296365,253323644.6548557,253223910.01070696,252225937.8907593
7069,250331107.6303711,251725105.51029038,251806272.85084367,251689129.93059647,250071820.9053848
7070,254853107.16064453,251485527.84226245,251647421.48033813,251556145.43588358,250331107.63033077
7071,251609361.14135742,253959194.2813154,254108815.12002796,254120935.96394196,254853107.1607613
7072,253683022.09375,252324033.97369835,252206439.81455523,252226554.8775088,251609361.1414653
7073,253828574.80371094,253383959.67516518,253484599.20205122,253446995.9230032,253683022.0938364
7074,257158480.14746094,253555131.04794934,253517901.0963807,253544919.60986647,253828574.8037042
7075,255973968.75878906,255554761.43571186,255551560.8216284,255601053.64221683,257158480.1474328
7076,245960244.06689453,255169651.32299942,254986713.2111273,255052430.94118026,255973968.75882533
7077,245993474.83276367,249230437.09727213,249057580.87907413,248925472.5902275,245960244.0667877
7078,249720162.43652344,248351754.60773793,248679395.372543,248454939.2736216,245993474.83272868
7079,251367201.5817871,250156167.96839544,250417362.49314728,250376736.58850226,249720162.43664077
7080,251436729.1274414,251218961.60819846,251285944.4041634,251323350.13870716,251367201.58178195
7081,251473351.7578125,251420331.60543773,251426609.71199012,251446910.96361932,251436729.1273529
7082,245963527.07763672,251461272.22658783,251467377.0125122,251468700.21556935,251473351.75792977
7083,244585650.1677246,248211064.215745,248169733.5006816,248090306.4240554,245963527.077658
7084,252027492.9885254,246909706.7870533,247139030.6231287,246982192.2630692,244585650.1677936
7085,252889386.0102539,250976739.8745404,251285251.0731449,251292384.71933645,252027492.9885873
7086,256952853.19921875,251915622.73667014,251823230.55970183,251946928.822741,252889386.01024985
7087,259259477.93188477,254613659.8484686,254571721.20233414,254669998.90019727,256952853.19925097
7088,256506236.2854004,256546085.5757643,256330612.1896814,256483470.05244792,259259477.9317933
7089,255617507.07910156,255438374.06244203,255139588.65524665,255212859.8311976,256506236.2854451
7090,255932807.75,254954400.98110074,254829996.9281587,254818121.08561036,255617507.0791969
7091,250135096.6821289,255128944.96671525,255042696.8038976,255047962.08725828,255932807.749964
7092,249994079.5822754,251752318.72837988,251606504.5555679,251540453.15606993,250135096.68219468
7093,249185056.22387695,251202283.97696698,251363294.35007048,251230112.85456234,249994079.58222127
7094,258514883.5366211,250465186.65884683,250566978.00636923,250499155.61825693,249185056.22379145
7095,250709080.30737305,255838806.24977785,256058791.70857978,256122671.41008437,258514883.53669083
7096,247333592.90405273,251868659.00220823,251520278.18237975,251591501.84964293,250709080.307438
7097,248764165.09179688,249510388.44386435,249624758.3929818,249448602.03164673,247333592.90404317
7098,254248881.8413086,249864159.86363554,250086932.73976484,249990262.51393843,248764165.0917094
7099,257020969.2368164,253029132.89951426,253192251.78409302,253233843.13590607,254248881.84142765
7100,254680439.63549805,255100262.5998173,255009019.08433285,255137356.50078845,257020969.23684984
7101,256357368.74365234,254154312.2828695,253947256.96822926,254002903.96284845,254680439.63541183
7102,254333161.62426758,255208332.50158152,255174175.1583573,255184639.27588066,256357368.7437447
7103,251989412.71289062,254165195.13647532,254013549.1966993,254033898.64224112,254333161.62428945
7104,253254139.95214844,252681877.56248945,252637029.20098627,252577898.26010138,251989412.71299735
7105,252625015.10351562,253189940.0356619,253258646.53154364,253217092.23213428,253254139.9522497
7106,254162098.17138672,252812630.3433238,252790809.35245898,252785214.45304152,252625015.1034901
7107,257847557.5480957,253646810.54544365,253677107.2560409,253673553.62902087,254162098.17144045
7108,256053212.13476562,255959809.0054776,255932359.5797658,256004962.73336056,257847557.5480188
7109,258078491.95214844,255325958.38583022,255116905.90045395,255181617.25810516,256053212.1346832
7110,256183155.94799805,256578055.63630825,256516986.14825267,256540278.92266974,258078491.95216292
7111,255415978.58203125,255680906.09033376,255494438.27923724,255527598.41054517,256183155.94800243
7112,254333781.08984375,255157805.98985034,255083230.13251358,255055684.9622229,255415978.58201748
7113,253946008.0197754,254467289.33057225,254416033.89259362,254387003.6286389,254333781.089952
7114,251367864.97998047,254072747.0721412,254065458.8673235,254030269.6542179,253946008.0198014
7115,248948156.9255371,252413288.4649738,252390154.44971117,252331764.26705498,251367864.9800377
7116,252778032.6027832,250669000.94802493,250749009.92335397,250638196.1927538,248948156.92550856
7117,253736718.40942383,252587218.91369063,252791802.41843894,252747375.35752276,252778032.60269684
7118,252762679.9489746,253327079.9419081,253317766.43770075,253364897.28454265,253736718.4093628
7119,253689802.5246582,252850476.60432643,252806433.22670153,252808005.243519,252762679.9489817
7120,252535659.3112793,253384922.0515635,253406224.81722263,253397755.6164034,253689802.52457455
7121,251784661.50805664,252764273.91710484,252718725.558043,252714067.2489518,252535659.31131744
7122,251567611.75439453,252249556.05272257,252267141.43457028,252229419.74646592,251784661.50806615
7123,251196291.84106445,251981918.31738085,252024650.49961296,251992114.9220817,251567611.75435257
7124,256940717.79223633,251615737.67788997,251647628.69785628,251618928.37721115,251196291.84109637
7125,251272320.9621582,254983314.01858184,255078189.08658886,255129892.83812168,256940717.7922276
7126,252566679.0817871,252119284.5435403,251871523.66032085,251909748.86631417,251272320.9620908
7127,252264056.04638672,252617894.65721682,252727704.40401867,252650026.9536276,252566679.0818659
7128,252662627.31884766,252432899.81737906,252423419.92954624,252423705.8720791,252264056.0464979
7129,252807820.97802734,252630124.56393063,252654932.78344718,252642119.2124905,252662627.3188458
7130,255873810.78515625,252706072.74520886,252702707.41053224,252701193.77745625,252807820.9779278
7131,254026056.7421875,254575518.97270143,254593181.0180173,254629215.54056102,255873810.78523323
7132,258626250.52685547,253833768.0606862,253690948.73122665,253728749.93799418,254026056.7422247
7133,257709654.87329102,256573862.0823653,256596645.34471062,256636465.89963368,258626250.52690145
7134,260628712.9658203,256487902.81196278,256259396.97873315,256352685.94839042,257709654.87318245
7135,259288894.51098633,258378255.07830822,258275097.84065303,258335545.25423864,260628712.9659268
7136,260367099.58007812,257926228.9551088,257660910.53648597,257737087.45987704,259288894.5109671
7137,261557282.2409668,258654337.87613907,258505879.8944714,258537943.69302806,260367099.5801649
7138,260911399.1923828,259547525.45177525,259356138.17605734,259425252.98641628,261557282.24106225
7139,257280348.75585938,259364701.75028342,259124640.93874943,259176887.34858263,260911399.19229957
7140,255086934.78027344,257304306.02907124,257091801.99373922,257064060.70685342,257280348.75587764
7141,253944136.27416992,255755086.1155805,255711013.6412489,255617987.2524927,255086934.7801745
7142,256750313.87158203,254821074.43747696,254862384.05445808,254776634.55783167,253944136.27408904
7143,254457201.359375,256175556.0768261,256268279.46773192,256244191.3688448,256750313.87152103
7144,253913910.8828125,254913133.36529917,254822976.5235238,254817831.10086015,254457201.35935065
7145,253676190.26904297,254446996.02062783,254491204.93419918,254423025.61590108,253913910.8826921
7146,257673490.49829102,254209445.53940696,254258833.35124016,254212603.68150228,253676190.269076
7147,255661435.89038086,256500222.94291005,256589347.62862775,256606425.25397578,257673490.4982541
7148,256098139.62670898,255579243.3012215,255435449.69316545,255473760.06542584,255661435.89042717
7149,260923892.8425293,255798819.3753694,255799010.83630902,255772318.91913947,256098139.62660247
7150,266715178.18896484,258689597.49298117,258689830.96955854,258757087.32856017,260923892.8424829
7151,258411489.18164062,262602952.39541486,262411995.21690294,262601157.42745912,266715178.18901885
7152,257996312.41235352,258444504.94082657,257943255.26389372,258009391.93485,258411489.18154976
7153,257093117.93725586,257866500.79860243,257856435.97346157,257742551.48463362,257996312.4122769
7154,256244534.6767578,257200572.21998242,257143546.02738872,257106122.52007142,257093117.93729377
7155,255881512.39257812,256569012.67416742,256557791.07734737,256505015.2519198,256244534.67668355
7156,254043335.0925293,256182735.0984126,256195635.03151307,256147450.8678699,255881512.3926652
7157,254571568.6796875,254972248.99353138,254977694.61908293,254916129.59234276,254043335.09262687
7158,257050802.66601562,255023417.30665207,255115085.04098594,255052211.85892847,254571568.6797084
7159,252809220.0979004,256405045.4250398,256465401.52741206,256471599.9472953,257050802.6660791
7160,250039973.44067383,254026175.78539687,253920571.54127625,253892616.00311825,252809220.0978717
7161,251240629.07470703,252041132.71902674,252146971.73080292,252008046.24473375,250039973.44057095
7162,244975406.7902832,252318045.95820987,252529661.67322043,252434282.55227897,251240629.074734
7163,248311650.97998047,248445078.1513723,248504236.2579408,248376909.00668117,244975406.7903268
7164,246372520.0263672,249782919.1391992,250190146.57852897,250039985.7666388,248311650.9800002
7165,250255511.84936523,248555217.18383208,248700044.89658323,248648691.20707527,246372520.02636525
7166,254493093.1730957,250585427.98954085,250873233.81769893,250826222.0257364,250255511.84942836
7167,249747035.82495117,253297058.2677535,253388189.7572255,253473719.8254112,254493093.17319784
7168,248778449.77148438,250897797.1194991,250759649.18704557,250776379.60218343,249747035.82488656
7169,250584644.96118164,250090008.51220828,250223750.08542374,250120128.46112797,248778449.77157384
7170,251752141.0546875,250979697.44669262,251137146.54513904,251102488.0730115,250584644.961089
7171,254709050.4128418,251740469.72892877,251802437.54408842,251817111.46932855,251752141.0546351
7172,253136294.8618164,253656606.00969383,253703012.8915109,253751451.04645634,254709050.41278183
7173,251188358.32080078,253006434.42958754,252892074.40637448,252933508.69440594,253136294.86191347
7174,254354246.86743164,251882382.5237494,251866348.79575944,251821110.6934184,251188358.32074365
7175,250861790.41625977,253627136.3958201,253728770.56051552,253721103.53087446,254354246.8675214
7176,253001244.4050293,251778402.01294172,251675877.66555429,251674456.28922638,250861790.41625652
7177,256644476.31152344,252853312.56503218,252977492.21494076,252929315.0594008,253001244.40494984
7178,257103054.35375977,255153219.10188118,255171314.53510842,255238477.56987193,256644476.31163147
7179,252601615.78149414,255804070.74388194,255658635.80556464,255742186.96299312,257103054.3537454
7180,259078203.4790039,253390362.2993881,253226902.24576893,253201911.49775776,252601615.78155747
7181,260833755.67285156,256979936.15119877,257112064.74864733,257116432.1093114,259078203.47908
7182,257923902.62963867,258530624.89448014,258315591.68767747,258463589.3581689,260833755.67292115
7183,253351341.36206055,257190324.98406482,256926194.8959866,256966952.82301718,257923902.6296882
7184,253393936.14379883,254434264.18370605,254306775.73055655,254222992.36611044,253351341.3620758
7185,252748360.97998047,254056668.90764818,254148215.75562832,254046747.38625404,253393936.14388973
7186,251621307.85913086,253467805.6760239,253510392.51031914,253461068.69463328,252748360.97987828
7187,250708246.41259766,252593978.45751765,252650215.04979396,252586913.85198945,251621307.85924911
7188,251659036.82128906,251828360.32510406,251917809.9369831,251845674.93136588,250708246.4125424
7189,252383028.9182129,252186921.67937693,252310301.5863413,252262334.5021769,251659036.82133463
7190,249750685.93017578,252597379.4405623,252664461.0057646,252654262.73616388,252383028.91814965
7191,246820851.36206055,251032059.9856874,251038378.86216274,250992253.36116663,249750685.9300784
7192,249619439.93920898,249034450.65373015,249151463.77847743,249030038.4464575,246820851.3620084
7193,249551634.24804688,250301703.2893391,250559769.53448814,250483193.05982953,249619439.9392616
7194,252775956.8334961,250312086.73576555,250393840.2626963,250389560.0986619,249551634.2480605
7195,248767666.83203125,252189731.09406546,252314463.3716972,252326134.62742522,252775956.833525
7196,257090898.30029297,250066407.83414686,249983415.93129277,249975451.60187653,248767666.832
7197,258583942.9050293,254808972.04740986,255030564.54906183,255055184.74661198,257090898.3003892
7198,261185978.40039062,256354220.16976666,256131483.9894774,256312858.01515722,258583942.90491745
7199,254872507.24267578,258285368.95498595,258080871.33380872,258204895.91796452,261185978.40043092
