idx,truth,norros_f,linearP_f,farima_f,persist
5808,242231772.95922852,241004121.6056596,241095914.19298124,240985633.2953285,240527127.3967446
5809,244206631.6862793,241904706.98361945,241955921.22629482,241993982.16007674,242231772.9591259
5810,250006763.32128906,243154803.74217498,243132044.83605212,243235631.24516302,244206631.6863065
5811,248924841.4580078,246892202.96000773,246834932.91388226,247083894.40917316,250006763.321232
5812,251418863.02416992,246895729.30997834,246543170.28735286,246697994.37373546,248924841.4580379
5813,248528205.08618164,248674700.1885424,248476718.06539795,248593002.60942847,251418863.02423337
5814,250934770.2770996,247336220.25452745,246987673.29924414,246999822.4564541,248528205.0861033
5815,249601855.11499023,248752086.3833312,248625039.96932954,248660297.58610618,250934770.27716476
5816,248582753.67138672,248193190.99628878,247908845.3575629,247929412.95263186,249601855.1148736
5817,253246724.8774414,247639345.8594411,247456510.67739478,247399928.23141727,248582753.67146963
5818,254993460.0834961,250481723.2112042,250401777.97947556,250500177.6818166,253246724.8774528
5819,253708767.92016602,252016487.13774535,251711712.5731776,251856872.16991636,254993460.08348492
5820,256826740.96850586,251642957.8772182,251287025.8683901,251300030.25390998,253708767.92019227
5821,250696528.20141602,253724282.4908875,253511610.5981679,253569008.79994798,256826740.9685177
5822,254661753.2697754,250403567.7555198,249967646.7991469,249831364.76511103,250696528.20148075
5823,249126593.61083984,252529838.70424104,252517024.51538146,252453085.61126974,254661753.26973188
5824,249615118.4050293,249418024.58172712,249086450.92366996,248934547.4739758,249126593.6109139
5825,249474148.20703125,249399602.84657905,249421427.6737295,249234574.796259,249615118.40493223
5826,252610367.42358398,249263204.71391723,249212674.02530667,249109322.67778486,249474148.2071504
5827,254426361.1533203,251116864.53699237,251109415.0044332,251102048.46104285,252610367.4235919
5828,252684526.17456055,252522816.253502,252370229.29252145,252413188.27262497,254426361.15336695
5829,248335662.11157227,251744573.44687507,251507333.67092383,251437393.00879163,252684526.1745948
5830,244945592.17041016,249127733.61389476,248968558.6123302,248730138.8211469,248335662.1116027
5831,244836240.94848633,246684623.45036736,246713458.80356437,246408048.07453927,244945592.17038292
5832,244223988.83789062,246120208.5234545,246281761.39652362,246065100.08102596,244836240.94845343
5833,245311319.62573242,245489399.8607987,245611044.4431919,245455629.78894696,244223988.83791173
5834,245099427.33276367,245877381.95668125,246018382.07365066,245929485.5107295,245311319.6257964
5835,246896552.45532227,245681429.18301475,245742449.56330132,245674818.6654678,245099427.33288065
5836,249128860.4230957,246635871.75804707,246716606.73053476,246702011.25049162,246896552.4552605
5837,252462649.39746094,248097522.43731526,248096202.47010761,248151730.0106923,249128860.4230904
5838,251859293.81225586,250359763.78571957,250287004.67484605,250403830.71742082,252462649.39736196
5839,250051947.99951172,250449855.10135412,250216621.9760883,250253973.8999699,251859293.81216648
5840,244412166.49926758,249602385.991064,249438448.18336245,249345743.8604511,250051947.99963105
5841,243473942.9555664,246112835.68959796,245992889.0605671,245729615.71361735,244412166.4992881
5842,247207969.5053711,245015602.03440374,245176177.9640708,244928927.06319115,243473942.95562023
5843,252505356.81860352,246944512.93951595,247134533.03183267,247108707.78921056,247207969.5052989
5844,251750714.96875,250305671.82644886,250328556.8722627,250487982.8004421,252505356.81871495
5845,249292484.68920898,250393226.3242302,250156769.71035275,250222134.2595267,251750714.9687508
5846,254644823.9621582,249101773.46374956,248936706.04029182,248828396.9732407,249292484.6893257
5847,251712673.67871094,252286852.18465233,252313529.11801657,252363889.40636802,254644823.96203855
5848,254834801.82177734,250997055.81343228,250697918.5048039,250670121.42371428,251712673.67871225
5849,245918700.6821289,252887788.1149217,252840417.19258466,252818755.677477,254834801.82180572
5850,244572127.703125,247794151.72309738,247473566.62406886,247206270.83797476,245918700.6821976
5851,245394801.91210938,246325169.71335876,246507168.10107082,246170333.86022258,244572127.7030543
5852,249016253.25048828,246421586.27475727,246595223.229534,246440720.11238858,245394801.91208625
5853,250328592.2939453,248472547.55918658,248621577.8411715,248621799.34350348,249016253.25046644
5854,248196063.07885742,249455360.11644146,249411936.28161666,249448183.94943964,250328592.2940422
5855,245220747.33374023,248388338.7222482,248285446.74212816,248193062.93674022,248196063.0789308
5856,248568406.59643555,246521982.42238656,246521361.2423895,246311454.90756735,245220747.33376572
5857,248676355.796875,248280991.4490096,248456283.14675227,248383843.53587747,248568406.5963378
5858,243366707.13330078,248538195.479009,248511379.53569353,248483383.92645246,248676355.7968425
5859,241847161.23168945,245365286.5468377,245305547.7328886,245069065.00794986,243366707.1334048
5860,243278174.30151367,243993627.42048052,244203545.0590387,243935386.376642,241847161.23161525
5861,250049822.77929688,244467337.59874204,244710129.53378642,244586775.22059596,243278174.3015621
5862,252114073.5390625,248509437.4776363,248719742.6650493,248840991.49048188,250049822.77921227
5863,246860385.90966797,250293975.3326279,250163560.0540663,250314788.3749212,252114073.5389872
5864,244185476.6862793,247540186.33137608,247309794.49134415,247174791.83186114,246860385.90965015
5865,241385256.3894043,245703700.75292036,245760079.18386343,245501901.6795286,244185476.68633252
5866,240041343.15356445,243660227.93928525,243788279.5525528,243530046.3776165,241385256.3894543
5867,243498175.4645996,242386011.90142107,242615547.23060694,242385047.38489187,240041343.15357897
5868,245976456.08520508,244117158.8789678,244415054.10386154,244363205.21876672,243498175.46459872
5869,247739366.52612305,245659363.00951165,245756528.85141936,245817138.02506766,245976456.0851445
5870,245081032.30297852,246974051.68421137,246983040.95033035,247043254.93244272,247739366.52603695
5871,246358839.99365234,245572592.00514063,245473424.25153753,245404029.12731972,245081032.3030655
5872,244128717.83862305,246242913.0381685,246320778.2032233,246255763.3576862,246358839.9936316
5873,245394738.41064453,244960891.72054583,244923845.27120355,244822418.22087795,244128717.8386092
5874,245596025.05078125,245574965.1214693,245685696.1885749,245608120.5139925,245394738.41066864
5875,248380503.01245117,245721428.53112945,245741856.93933406,245707137.37989852,245596025.05069324
5876,246045916.04248047,247403811.22782257,247449466.04675847,247484737.97117975,248380503.0124895
5877,248924361.4494629,246206755.91048577,246075942.3789025,246030759.62860653,246045916.04248616
5878,245273706.9506836,247856122.38590795,247906580.57823735,247904885.79051057,248924361.44946805
5879,248007143.46264648,245883070.9239617,245724870.43949965,245633573.6931195,245273706.95061383
5880,245706464.20336914,247340706.4872022,247439171.73796222,247389603.4557545,248007143.46262977
5881,247302090.15625,246119526.85039172,246016713.6961189,245944152.87178227,245706464.20328104
5882,245741582.9675293,246965002.81022087,247031392.9623987,246968818.57465002,247302090.15628043
5883,249335862.2685547,246124685.17638078,246068686.22348124,245988523.21695334,245741582.96757197
5884,241284557.70922852,248225831.66427073,248307736.27472755,248314105.77085572,249335862.2685173
5885,244843732.96801758,243624339.56833413,243419153.18930247,243196319.62246814,241284557.70934945
5886,247880203.67504883,245164917.91297624,245460463.5812834,245314537.78913152,244843732.96798548
5887,246571860.28833008,247018219.81741798,247068556.9685402,247143106.6339647,247880203.6750112
5888,244581332.67822266,246453063.55503026,246353755.41509423,246334953.7165697,246571860.28838533
5889,245104163.25805664,245258480.02932566,245234566.02375847,245105720.86133885,244581332.67833
5890,243409799.79418945,245444461.12339,245525099.23914433,245428417.07751504,245104163.2581109
5891,242010338.13330078,244408260.44340554,244429775.62731063,244312867.52295133,243409799.794068
5892,243096260.48364258,243353218.76516736,243451594.91704798,243297194.61414614,242010338.13328013
5893,242990963.2680664,243760196.8299206,243914950.73612478,243834498.73324797,243096260.4836313
5894,242814745.7067871,243681335.46774566,243760876.2856561,243706635.1518369,242990963.26809105
5895,244238147.0900879,243482761.4833782,243560608.74765572,243497218.61301818,242814745.7068235
5896,239097422.08569336,244282778.87395796,244380523.64779964,244369353.10607207,244238147.0901173
5897,235514609.7253418,241168688.46436563,241121422.550412,240961323.95192927,239097422.08563784
5898,236789850.53710938,238542400.3058102,238742698.98001227,238469863.6683376,235514609.72536823
5899,241329786.20288086,238768101.09587058,239113039.6606179,238983130.88779765,236789850.53716224
5900,244394814.7368164,241346456.94627497,241620785.87939218,241706175.7737666,241329786.202783
5901,240388577.15478516,243465394.5589208,243521900.5279647,243688305.25972676,244394814.73673096
5902,245545037.0715332,241374984.48889792,241258999.7013934,241224974.83187535,240388577.1547675
5903,246417020.2775879,244302572.79097602,244478301.29168436,244549934.4042788,245545037.0715198
5904,243368089.47265625,245244250.9250084,245120245.2609076,245255200.3810097,246417020.2775831
5905,245606783.40966797,243650236.43722174,243507093.7452625,243456831.77626544,243368089.4727395
5906,243613824.37426758,244851937.37353954,244904303.986227,244903866.5892006,245606783.4096493
5907,249398246.56811523,243811541.77563462,243702400.6970181,243672421.77210703,243613824.37425256
5908,246574607.84594727,247263718.08196035,247347531.29460502,247455950.0738566,249398246.56803197
5909,246670402.01049805,246091566.7680926,245826804.98858312,245857161.68236476,246574607.8458624
5910,244083718.41357422,246139784.4914251,246094189.81887195,246034679.7175136,246670402.01054356
5911,244497356.6821289,244555352.44253844,244451514.3648523,244351191.4069775,244083718.41366625
5912,245984304.40429688,244584292.382056,244630011.4152932,244547056.6522806,244497356.68201447
5913,245422258.52270508,245425431.37031356,245437871.2889975,245444497.87574703,245984304.4042409
5914,245111635.9165039,245199898.0194445,245130051.64419237,245111942.38315365,245422258.52274716
5915,243207059.2824707,245049669.3640895,245025266.1431762,244972635.73277757,245111635.91646615
5916,242910907.49926758,243889749.46678627,243860489.6361057,243756908.12699217,243207059.28247845
5917,240452244.54418945,243531539.6828597,243601290.01302272,243500766.91506055,242910907.49927932
5918,238153677.72192383,241893780.45464867,241928917.06874812,241793595.807786,240452244.5440698
5919,241365926.62670898,240201171.92319024,240338284.83533868,240156180.48681504,238153677.72204444
5920,241438607.81225586,241760758.43020916,242016048.00460815,241992760.96517467,241365926.62665132
5921,241875942.12963867,241891033.43175963,241942152.50488725,241964413.06936574,241438607.81225705
5922,244609697.73999023,242166814.41201538,242237984.29322147,242232022.41439956,241875942.12955537
5923,244500097.5205078,243870016.4097548,243942733.08313176,244016178.06688017,244609697.7399984
5924,245513569.7006836,244038758.65393376,243962648.7276489,244015116.77489117,244500097.52050027
5925,241750265.2824707,244781049.45056593,244753963.70831645,244784823.71238482,245513569.7006108
5926,244568969.54174805,242626549.8250009,242505008.45039916,242411624.62438688,241750265.2823769
5927,246009822.24536133,244101188.15158647,244228823.68342304,244207353.30191672,244568969.54164585
5928,240766470.07714844,245102684.68530864,245054760.46947262,245129505.9032869,246009822.2453962
5929,239347508.50146484,242118247.67539924,241971974.14978442,241839022.3636019,240766470.0772384
5930,238957230.26489258,240863929.82150573,240993999.8444892,240809341.56907904,239347508.5013588
5931,242709327.78759766,240326152.55264232,240481404.39338335,240378595.86170003,238957230.26491576
5932,241842745.7314453,242340526.28861806,242522616.85972738,242577192.59130132,242709327.787702
5933,239528090.67016602,242053897.58428827,242013949.06674954,242049992.7935175,241842745.7314083
5934,237715898.1538086,240658286.41512394,240674364.80356959,240586172.26765087,239528090.67013916
5935,243630660.44311523,239317684.42133126,239425230.82458776,239303196.33536857,237715898.15389416
5936,241384339.34423828,242611432.55632833,242845943.73178372,242952080.32594547,243630660.4432275
5937,240857246.44995117,241624878.7829721,241495860.29791835,241556043.27292714,241384339.3441457
5938,243759320.6665039,241249387.4298011,241287967.661521,241245697.16865003,240857246.4499075
5939,237929974.54589844,242946649.04688206,243017921.44585234,243094204.5003404,243759320.66645327
5940,236127601.49951172,239645239.09086555,239501245.14985043,239398368.41808596,237929974.5460021
5941,240484543.72216797,238123494.71903452,238301138.20982417,238114962.789652,236127601.499481
5942,239832914.2915039,240396496.80763388,240650948.25374475,240703260.48300377,240484543.7222648
5943,247322606.17626953,240187599.10187143,240179172.7401498,240246047.35093954,239832914.2914681
5944,239634422.75561523,244708049.82315025,244839634.2715063,245075604.80501145,247322606.17616335
5945,243270517.81396484,240711978.77928957,240355208.15453205,240338139.09312433,239634422.7556747
5946,247460980.1796875,242595487.2918437,242771336.87922195,242746679.15988848,243270517.81397492
5947,248423821.83862305,245379283.89069223,245338008.2368138,245536815.78869632,247460980.1797624
5948,244196502.74853516,246465322.51250902,246259785.31518814,246409969.46689525,248423821.83855352
5949,245811607.02368164,244222084.51857322,243965374.99100903,243901705.65363872,244196502.74849936
5950,240439201.2775879,245068095.1237552,245083761.339699,245041694.6754416,245811607.02368107
5951,246014498.32373047,241897677.13398755,241744418.89345622,241594078.37725028,240439201.2775379
5952,251303097.05737305,244832989.78422257,245039990.2803013,245052331.2658229,246014498.3236314
5953,242941919.53100586,248371568.05098164,248282612.03728557,248528952.83481944,251303097.05730724
5954,244557986.3095703,243905293.09179217,243502211.72934344,243390021.24954024,242941919.5309392
5955,244811101.74853516,244484448.6801942,244610258.1931345,244469749.6784699,244557986.309459
5956,240031486.90820312,244578914.05598348,244541774.26541036,244532376.42439756,244811101.7485453
5957,243254404.11206055,241668009.3939436,241588566.4714974,241417421.4796361,240031486.9082104
5958,243036876.98046875,243167713.75188926,243370411.2947269,243316342.6588035,243254404.11209
5959,247536469.3244629,243111407.13179946,243086956.00523025,243103302.9591282,243036876.9804873
5960,247647085.5493164,245844680.49364778,245904637.05228162,246016053.32969394,247536469.3244201
5961,240744958.34057617,246304827.5550367,246117438.01611355,246222502.4201889,247647085.54934716
5962,241172311.98706055,242310133.45355502,242096434.7929567,241910709.03739294,240744958.3406624
5963,243966890.66381836,242047411.2549815,242211946.3203858,242048438.09575608,241172311.9870994
5964,242055128.29663086,243545726.08049247,243649739.33873114,243685857.61675966,243966890.66388625
5965,244461180.40014648,242506335.90403485,242439511.16582164,242419284.57647133,242055128.2965862
5966,242900652.59570312,243842925.16496196,243920621.62106463,243940286.2570714,244461180.4001952
5967,236403313.34057617,243083914.92670658,243000651.4946935,242993564.11742365,242900652.59561837
5968,233506271.48657227,239066030.2098944,239025605.13030323,238786834.34372002,236403313.3405437
5969,238347889.71289062,236679961.4989144,236939016.97761667,236660274.60433048,233506271.48657623
5970,236832330.03686523,239044366.01357242,239435893.74559242,239435502.31240082,238347889.7128116
5971,236884908.09350586,238211762.7295541,238279627.1710732,238298048.12077832,236832330.0369584
5972,241707274.48950195,238089084.2696042,238268547.1745881,238236284.27259374,236884908.09362248
5973,242654893.45922852,240894308.1079238,241085200.0286757,241230136.65722445,241707274.48948127
5974,243499588.31323242,241852620.79658002,241790802.1429736,241950943.87992513,242654893.45913285
5975,242897433.1274414,242612457.0444039,242556136.2214078,242656083.7398411,243499588.31321785
5976,247934288.3959961,242418615.27854654,242319477.073878,242369300.8085903,242897433.12742665
5977,247372302.2944336,245549690.5917627,245551732.96497166,245724890.47522306,247934288.39593253
5978,243060129.36572266,245738979.17908272,245469051.32195717,245604422.73590478,247372302.29442772
5979,243465151.6237793,243375859.9403099,243160035.90350413,243066612.58709434,243060129.3658265
5980,240523331.6147461,243375152.6684577,243401340.24213144,243325005.88065073,243465151.62384003
5981,243482344.25610352,241524444.16088644,241465974.9125218,241364631.45905194,240523331.61482877
5982,240574342.53857422,243035084.70267466,243166410.02179614,243163917.2215465,243482344.256111
5983,243387828.4140625,241435730.5706875,241353921.9689771,241309279.4864329,240574342.5385108
5984,246198293.78320312,242910698.98596513,243036736.0834061,243046254.30616766,243387828.41407105
5985,247876727.28857422,244769543.2629182,244738797.45330516,244875010.5596463,246198293.78331903
5986,250982395.9387207,246128950.20032015,245998906.167366,246130940.65739772,247876727.2885607
5987,245236742.90625,248308518.98336637,248147957.74391934,248312434.6749169,250982395.93880957
5988,241866367.5649414,245301758.64489177,244945500.4221774,244876718.15499523,245236742.9061569
5989,245980152.390625,243046405.23664713,243018072.76901785,242789643.16072425,241866367.56502047
5990,242502904.03100586,245166190.11862117,245310079.71738574,245300647.42290288,245980152.39061987
5991,246157467.28198242,243286036.54463044,243155120.47060645,243091088.80021718,242502904.0311265
5992,244685377.12353516,245220828.744621,245339924.4172857,245342661.31302813,246157467.28203884
5993,242488817.9814453,244583833.24364775,244458510.22955298,244460456.91697976,244685377.1235883
5994,251081723.14208984,243239655.25061658,243211786.28450078,243092436.1983425,242488817.98149705
5995,250398546.64404297,248247278.35014594,248409584.16488412,248579589.59709594,251081723.14211515
5996,245976948.01391602,248485172.9506703,248154958.34973603,248315345.58514038,250398546.6440117
5997,243628062.90454102,246083216.4507008,245840797.75791278,245718995.26356933,245976948.01391023
5998,236633075.5205078,244402871.30643937,244370635.0859576,244180707.95001718,243628062.9044786
5999,239377558.26660156,239897268.7483227,239890809.37915978,239560555.58414328,236633075.5203972
6000,243212701.45874023,240788807.7591911,241164825.37082577,240994715.398023,239377558.2666267
6001,243142074.93530273,242885876.03154358,243057522.40624788,243142313.3452822,243212701.4587277
6002,247466782.88671875,243065755.218802,243042421.4440312,243096023.40590736,243142074.93531197
6003,245336923.7080078,245757482.97437865,245808897.3837803,245937588.88348368,247466782.88682237
6004,240589709.97998047,244862337.78613624,244653520.34226847,244697477.89776665,245336923.70790324
6005,241112508.68164062,242024954.45376313,241936115.1644545,241757228.36843354,240589709.97990945
6006,244034527.16796875,241941581.0589615,242094109.17225498,241969420.3967038,241112508.68174103
6007,242076649.58276367,243593386.30054012,243704335.79034135,243749048.81767023,244034527.1679598
6008,241708585.3671875,242556562.90262532,242491124.48564643,242475727.46118358,242076649.5828175
6009,244454595.41845703,242171103.80027846,242221492.098581,242161227.11684787,241708585.3670724
6010,241268321.5895996,243761945.19356918,243837785.18997666,243891695.70264354,244454595.4184514
6011,242530114.15307617,242040996.1405895,241936817.55535775,241893545.63880178,241268321.58966136
6012,249510230.24804688,242591250.83678955,242691949.38115954,242653867.55822986,242530114.153059
6013,248577491.4729004,246865083.9762988,246937812.8111858,247158512.45915717,249510230.24806908
6014,240772832.1586914,246919183.34631115,246622801.49232528,246775604.5394102,248577491.47284448
6015,240537193.81689453,242374402.18652877,242120026.94047394,241914485.5435971,240772832.15859556
6016,239748206.39379883,241679193.64710662,241839722.87789118,241644930.60580355,240537193.81684455
6017,235184162.69848633,240976459.45740643,241078541.11287054,240985811.89827478,239748206.39373955
6018,237553688.49438477,237974402.12316477,238064198.751517,237860234.47508013,235184162.69844964
6019,242027110.3190918,238873939.13712108,239209653.34296173,239122573.93869537,237553688.4944968
6020,244866168.12426758,241542515.47230676,241742025.6424904,241874588.82013527,242027110.318998
6021,241123522.2849121,243592461.401931,243591254.20585164,243773561.8315491,244866168.1243011
6022,238241941.25341797,241713762.08714718,241561449.56266072,241545603.48957253,241123522.2848318
6023,236593432.36987305,239816045.0228802,239863866.17180476,239709749.04581514,238241941.2534391
6024,230346039.06298828,238518779.91456288,238675675.87096864,238532597.7313704,236593432.36984655
6025,230433068.72192383,234375997.65522876,234525362.75409156,234258797.80114645,230346039.0629052
6026,230444683.43017578,233625435.66093743,234073313.23690552,233881393.5319077,230433068.7218562
6027,232937101.04711914,233211536.7790756,233572426.65470797,233513605.83156678,230444683.43016437
6028,237505627.70996094,234427745.3409398,234783596.76485017,234834332.6693741,232937101.04723412
6029,234272185.4387207,237248267.61110827,237496294.62792417,237698653.46338877,237505627.70995384
6030,239129279.95458984,235644254.4084844,235620541.17984113,235677658.11922202,234272185.43863183
6031,245514232.96142578,238486347.03643066,238726011.66753283,238855610.0675839,239129279.95466816
6032,244548254.90698242,242763896.63313064,242777990.3080649,243123972.073038,245514232.96134907
6033,244762017.51171875,242946364.08569527,242662404.50979805,242866949.51571292,244548254.9069357
6034,236599220.79077148,243392715.34217057,243241518.36623096,243324069.12168738,244762017.5117754
6035,241018176.59521484,238606417.98862642,238366133.34214824,238187231.48357385,236599220.7907275
6036,242860725.6809082,240683866.0732041,240939306.87756413,240899424.0985971,241018176.59510016
6037,239646044.65795898,241972213.32294762,241940288.37693688,242075700.88628685,242860725.68093643
6038,240931515.3022461,240220762.92110255,240096640.7799421,240068337.0031685,239646044.65793672
6039,239171465.86547852,240849104.7963598,240931195.88148057,240917613.91562754,240931515.3021344
6040,239704614.5349121,239808324.58611554,239774953.66071084,239752287.92881477,239171465.86546004
6041,240691671.3762207,239982249.72727373,240056364.53356996,240036852.20346043,239704614.5349823
6042,239490117.0439453,240608028.48591918,240651238.00006413,240690386.7229939,240691671.3761202
6043,239530891.55444336,239915271.89050853,239894534.9098668,239893755.08733502,239490117.04397708
6044,240616650.84399414,239809237.17221528,239854000.65807965,239848593.74077514,239530891.5545256
6045,242115200.50805664,240405824.23140526,240446012.830023,240495501.02647355,240616650.8440356
6046,242089484.77294922,241357556.7649739,241347168.35570922,241440518.01207343,242115200.508104
6047,241225717.51757812,241553640.06382996,241477125.5940834,241542254.15748277,242089484.7729569
6048,238186155.9050293,241150408.45740172,241089669.2386685,241094925.53438002,241225717.5175746
6049,240533847.0517578,239280691.90553942,239237632.5660477,239146722.91514412,238186155.90508303
6050,241959355.09594727,240445914.47311345,240587371.55843353,240589416.85387537,240533847.05170083
6051,242610747.68286133,241358234.01531354,241354662.54115796,241450565.89096138,241959355.0959098
6052,241149155.09985352,241876840.02462226,241819095.44050258,241899057.74798506,242610747.6828811
6053,237952600.2553711,241137327.03608054,241043945.81663996,241049414.14997685,241149155.0999417
6054,241841992.77124023,239156092.8002181,239123272.91456583,239017741.86875895,237952600.25544304
6055,240230554.38110352,241195004.27323368,241358413.33783254,241402696.2373405,241841992.7711993
6056,239263626.49804688,240417392.57610273,240321822.2738879,240363329.93076992,240230554.3812172
6057,238508359.2355957,239781374.1870588,239802241.42882097,239760886.15588242,239263626.49816015
6058,237788579.06469727,239183433.1348754,239226261.79560518,239190691.40624934,238508359.2357096
6059,237458674.7836914,238626763.85796827,238690654.1299371,238653422.46700072,237788579.0648179
6060,235726794.4091797,238312925.6365549,238404443.8614448,238380029.25336662,237458674.78358832
6061,240979558.34521484,237101578.14061508,237177665.65027252,237127724.6871223,235726794.4092664
6062,238058664.38110352,239989976.4842131,240190248.36259732,240324206.0384232,240979558.3451132
6063,234090815.2175293,238553964.17130342,238418640.24364892,238485245.5587164,238058664.38121483
6064,231724611.38842773,236014162.3335361,236044584.6129845,235917033.44404408,234090815.2176489
6065,232723643.87646484,234134037.91572693,234316164.35490388,234174955.33349636,231724611.38831112
6066,235921801.1591797,234330368.44859847,234606304.79103327,234576433.26057193,232723643.8765458
6067,228842881.65893555,236138510.80799735,236357559.84915105,236481937.7196532,235921801.15928748
6068,228706634.1279297,231996299.72669515,231968257.03618777,231873705.9927596,228842881.658994
6069,230996508.10888672,231261256.4281795,231623744.8579025,231508676.20718122,228706634.12785417
6070,235911995.54589844,232285868.77784374,232590866.5460038,232676579.07227996,230996508.1089604
6071,228784565.6982422,235245632.0467681,235461120.6366574,235715272.53991142,235911995.54586276
6072,234262750.06567383,231277070.9362883,231158773.89902583,231159044.45852786,228784565.69819623
6073,236619415.81518555,234148926.38266104,234512553.7597236,234613878.811773,234262750.0655608
6074,238148992.30517578,235870340.5977704,235892721.383781,236156947.71781033,236619415.8151193
6075,232623216.0498047,237161024.89458612,237129800.2442689,237340959.49531367,238148992.305174
6076,233258840.10302734,234144352.75128368,234007704.3123567,233992217.7710182,232623216.04978117
6077,229828419.21826172,234184068.14915812,234369864.49920973,234347075.8589659,233258840.10307527
6078,232433226.45410156,232050892.52862352,232120739.1065054,232074630.19116706,229828419.21836552
6079,228788336.77929688,233290910.74489006,233579720.37436482,233621926.17068213,232433226.4542072
6080,233582977.81103516,231080058.9147636,231143611.5024546,231140669.3751954,228788336.77922103
6081,234368687.81518555,233622044.86808008,233946615.02316457,234072107.7568024,233582977.81104103
6082,235893749.53100586,234287572.88492656,234305597.1766748,234509927.3199849,234368687.81511384
6083,235280135.16845703,235412791.86603224,235451239.05782142,235621382.8939502,235893749.53110927
6084,237485954.80078125,235262764.25164703,235222351.187685,235347225.29896653,235280135.16853115
6085,242085458.43066406,236638082.53091055,236669008.92650297,236826587.91427317,237485954.80067343
6086,241383015.20922852,239689471.9305523,239650914.9611786,239938781.92948544,242085458.43074808
6087,242245677.69677734,239811444.4642998,239548774.74862823,239752232.94703373,241383015.20928872
6088,233826912.69702148,240586363.1536485,240429591.08029765,240563775.43332213,242245677.69676924
6089,240607686.25805664,235722123.62447095,235446318.1513504,235309991.13143227,233826912.6969135
6090,243734857.33862305,239228575.43212634,239494256.5946384,239561529.54877982,240607686.25793844
6091,245774452.22631836,241484668.39710575,241341043.8565778,241619698.33352152,243734857.33872625
6092,242387847.95996094,243187743.11941612,242969585.03618187,243192988.95024404,245774452.2263838
6093,237462211.74316406,241575303.99165797,241253365.97533348,241299787.1714057,242387847.9599962
6094,238432946.04516602,238525579.24602285,238372923.00809884,238224431.97347626,237462211.7431427
6095,238034074.6369629,238673838.83443075,238774420.16003215,238715028.78133917,238432946.04522088
6096,244763744.58422852,238306878.93364447,238302630.88724568,238317297.93763432,238034074.6370121
6097,247596908.2902832,242317751.33318534,242410246.2342648,242627643.23984957,244763744.58421105
6098,243640472.85668945,244608939.79860765,244362467.93869632,244656132.40106618,247596908.29035297
6099,240702570.1730957,242741153.1627455,242376157.6749371,242421562.40822586,243640472.85658035
6100,238553066.64208984,240883178.45168895,240741421.61347046,240639791.7882365,240702570.17305997
6101,236703616.3190918,239309426.23249292,239274503.84451962,239166019.15525806,238553066.6421373
6102,244180864.86328125,237906180.8497011,237948890.89921224,237843712.38951686,236703616.3190005
6103,242491324.53857422,242109676.9522614,242297887.12977546,242477792.77009127,244180864.8632259
6104,240948166.61523438,241579517.69010013,241323200.90727243,241475210.51827064,242491324.5386806
6105,241459544.0986328,240714040.0755059,240603789.23629025,240594288.32031864,240948166.61520144
6106,242806467.0498047,240939837.0979947,240903129.7804328,240929826.21288726,241459544.09857497
6107,243449475.12304688,241778527.330478,241720479.92130297,241806546.02118653,242806467.0498816
6108,244236805.71777344,242303609.4953501,242183348.8510177,242277478.23308742,243449475.12306225
6109,241022976.11987305,242948467.96079457,242824186.90832153,242914372.3404641,244236805.71775004
6110,243956390.13500977,241117436.133927,240927614.17675605,240904212.77084592,241022976.11988345
6111,241085271.71704102,242674527.37819034,242697448.6868674,242755407.9418691,243956390.1349384
6112,244653587.90698242,241112622.60228625,240920901.61392498,240933451.75036266,241085271.71692368
6113,243769656.00073242,243135486.90116173,243166423.63942158,243248861.18653524,244653587.90709436
6114,243797238.4724121,242878267.01569614,242689049.85868588,242779170.4567092,243769656.00074527
6115,246320762.87426758,242909026.69748554,242801648.90950027,242836625.80121616,243797238.47238252
6116,239996706.7680664,244517264.27435595,244432124.32158008,244547271.34780768,246320762.8742748
6117,240468397.7902832,240982540.84484008,240709029.2503358,240616452.32182193,239996706.76814455
6118,235373617.17382812,240877460.83925524,240987434.51097918,240880970.96489057,240468397.7902714
6119,244263894.31176758,237595033.9252587,237558603.5616127,237403734.2366922,235373617.17383283
6120,239116771.70898438,242496650.31168476,242829774.1216835,242964111.1530097,244263894.31180543
6121,242079320.54882812,239904711.47033283,239649658.79480574,239701314.29876155,239116771.70890924
6122,241292962.296875,241460189.85648036,241596175.59420428,241617129.09170505,242079320.54874617
6123,242551241.0036621,241105119.39928773,241013610.95177498,241083269.722478,241292962.29696772
6124,241203180.20263672,241881636.36589143,241881477.67277387,241941532.39088637,242551241.00354895
6125,237866825.17626953,241176288.27168828,241083971.23951757,241109630.76432034,241203180.2025813
6126,231660646.4814453,239121543.00597945,239090751.16242895,238992852.4832652,237866825.17617372
6127,238758766.58764648,235016483.1189783,235085387.40407303,234831687.4982487,231660646.48148948
6128,237337147.02197266,238645596.47924128,239087442.55355933,239129631.26367953,238758766.5875699
6129,235168170.1994629,238053330.8403425,238027524.47462657,238128407.20752555,237337147.02194905
6130,236172465.02294922,236697049.63783816,236785285.2846521,236725997.4070308,235168170.19936752
6131,234837633.9025879,237073053.92307508,237262917.69201547,237263407.52793676,236172465.0229107
6132,238357113.96777344,236241285.248862,236339303.98320565,236333710.69846687,234837633.90255532
6133,234517903.60961914,238237693.95332998,238449268.046092,238545091.9650708,238357113.96772057
6134,234910251.29907227,236106260.37181255,236066559.55412465,236064922.9660218,234517903.609727
6135,237332029.67797852,236071666.54381368,236275470.47376737,236242719.2440539,234910251.2989793
6136,236538388.96777344,237396076.4713326,237549029.48646817,237652926.66202068,237332029.67785743
6137,241357237.22436523,237121950.95029894,237144563.90439543,237211883.91606104,236538388.9677441
6138,232669071.1767578,240053164.02570385,240187123.40155035,240363579.00128904,241357237.2243116
6139,239909638.80004883,235197949.37841275,234979392.9962843,234887514.27226725,232669071.17681968
6140,243019491.9362793,238976958.73779017,239343725.5932256,239415158.38480243,239909638.79993612
6141,236846920.64086914,241227337.2231423,241146167.45098045,241429339.6055086,243019491.9363612
6142,237817388.54760742,237950418.62087244,237718511.50016746,237685953.47763368,236846920.64078444
6143,237368385.41552734,238230670.43482804,238370835.05834636,238319095.83687475,237817388.547699
6144,238537933.23632812,237960266.92730173,237995947.57962334,238015855.03749594,237368385.4155988
6145,235642877.06640625,238600255.47215745,238684567.26644775,238733881.77386642,238537933.2363691
6146,239037715.8371582,236860570.15227562,236838669.37797546,236813823.51921386,235642877.06639788
6147,239854226.83129883,238658800.08333173,238832609.41581047,238904530.48611903,239037715.837042
6148,233608296.265625,239335232.72651255,239303838.49114943,239438917.43400097,239854226.8311821
6149,239448880.03637695,235697613.26007777,235589004.69158974,235477208.04802963,233608296.2656783
6150,240842546.4230957,238810134.07536402,239111047.10692814,239174609.58746102,239448880.0364261
6151,241007088.75390625,239934627.26086423,239872217.98270255,240065167.5482558,240842546.4230022
6152,238153790.61328125,240278102.7978298,240197817.35279858,240300715.8544273,241007088.75401413
6153,235032142.58813477,238700397.6994866,238597906.58174387,238579684.20776284,238153790.6131989
6154,233532725.09960938,236641294.405384,236670729.3566628,236551630.54229087,235032142.58821845
6155,235636923.53735352,235370105.22404578,235525069.59756413,235417387.44210064,233532725.09963244
6156,238685029.25952148,236319689.56090388,236541336.0162631,236566686.74540073,235636923.5373813
6157,238016290.48583984,238152376.07003066,238260563.80427104,238415878.18404981,238685029.2595145
6158,239887737.1123047,238011662.8669566,237965131.92169604,238065680.24128267,238016290.48589712
6159,240545606.43286133,239179354.4151003,239209060.2463532,239315882.59273762,239887737.1122526
6160,238950647.4206543,239802126.01569462,239737871.245566,239858621.51545456,240545606.43297735
6161,239571543.93017578,238984811.52619034,238891442.00134793,238923298.90715787,238950647.42062092
6162,245116495.0192871,239306446.3651196,239313904.97016278,239350695.15579653,239571543.93023667
6163,244109506.47851562,242726604.9848411,242749884.6325991,242973400.81851172,245116495.01917145
6164,243564898.0505371,242604959.87313828,242324177.76521432,242489444.91689667,244109506.47848317
6165,241475510.81274414,242469790.89516628,242304980.25022185,242351538.68562177,243564898.0504557
6166,244942944.04492188,241267440.5062443,241105546.8254349,241087049.54503903,241475510.81284928
6167,246748972.90795898,243322369.87045732,243327630.54019505,243414198.66918772,244942944.04495397
6168,244980610.4013672,244669882.86841002,244487099.72557765,244650449.73837647,246748972.90789068
6169,243975895.2236328,243936464.61443096,243684971.1304893,243726161.61161432,244980610.40133503
6170,241962725.29638672,243344328.3410804,243202914.22900406,243177203.35151583,243975895.2236707
6171,241320167.07055664,242077480.8407497,241964209.10374042,241899852.12916398,241962725.29636008
6172,236930085.77685547,241480608.40563962,241463642.8477838,241405479.66220906,241320167.07048383
6173,234603089.32177734,238640207.82829496,238592973.63112384,238446172.98887345,236930085.77692676
6174,236132528.7138672,236719513.0688229,236864951.42335874,236685551.60714042,234603089.3217776
6175,236762961.45922852,237238364.99687245,237478753.37686896,237440977.68276322,236132528.7138152
6176,237022117.49365234,237478140.54513308,237603657.44948915,237645724.09379676,236762961.45913056
6177,240838990.48486328,237572172.18947098,237662434.36595967,237707106.17670935,237022117.49365145
6178,244398990.3317871,239871860.72365013,239983533.6423013,240139997.72954312,240838990.48474905
6179,240950484.5197754,242350858.53176436,242288915.37452766,242537535.58460665,244398990.33181244
6180,239108312.44067383,240754151.13783947,240511953.68543684,240573314.12054846,240950484.5197189
6181,240407998.2392578,239549239.03951526,239512703.57055426,239453223.50750124,239108312.44074416
6182,236131438.42871094,240185561.68149817,240236859.2430928,240263012.58015648,240407998.23937145
6183,234601219.93896484,237652027.62247604,237581294.24646074,237503496.43309623,236131438.4287307
6184,234707761.4189453,236345948.9835524,236496083.78675368,236371870.36755154,234601219.93905345
6185,230014905.59985352,236102991.74052578,236295995.0445257,236258724.8043437,234707761.41893655
6186,236750403.53979492,233013211.52168584,233115899.821628,232982471.5253672,230014905.5998945
6187,233307780.24047852,236605263.7803829,237019322.67003524,237119024.71046492,236750403.53991336
6188,231923815.04833984,234819963.57257172,234780623.7566083,234851164.13204378,233307780.24054325
6189,238417522.8955078,233713971.45292753,233891323.91955066,233836662.98938572,231923815.0482224
6190,238076550.6821289,237422579.67570892,237696232.6825342,237899160.78605643,238417522.89547
6191,234802309.07543945,237661205.34421903,237564103.6147018,237764646.15928152,238076550.6821017
6192,234730147.26220703,235844221.18233,235795783.64852113,235789994.34905565,234802309.0755496
6193,233997854.1208496,235579510.63854972,235700063.09585708,235694518.97145194,234730147.2621421
6194,233292426.09521484,235057464.65805435,235148559.12195998,235169706.50903186,233997854.12086657
6195,237112595.1171875,234495721.61757308,234618278.74009356,234629206.72359875,233292426.09525132
6196,235825906.59643555,236640941.44174927,236817365.87342492,236966392.69983727,237112595.117288
6197,239701231.3959961,236167414.39107698,236120549.90943855,236232426.42029697,235825906.59638932
6198,233770829.22436523,238524221.6761892,238621007.31941947,238791073.00059754,239701231.39598128
6199,228953815.90161133,235267447.2785231,235085391.78405097,235078774.8569522,233770829.224296
6200,234035423.46679688,231947415.2444838,232074725.3916868,231873112.29054683,228953815.90169016
6201,235714621.80200195,234410004.94308308,234784003.81104285,234849573.31169692,234035423.4667411
6202,238007540.74047852,235577158.12059724,235640429.0883423,235836715.00706443,235714621.8019625
6203,234972420.16845703,237184162.6133691,237222150.5828856,237412240.90266857,238007540.74045837
6204,236573208.45410156,235656341.63122573,235557455.71883538,235613765.82413128,234972420.16838208
6205,233224332.34033203,236500609.49049807,236606739.92624947,236670131.1536739,236573208.45409504
6206,230973952.3540039,234576041.8765772,234538600.79317805,234536459.42457807,233224332.3402754
6207,236177568.89233398,232947570.94309098,233085562.27912924,233000166.16399446,230973952.3538856
6208,235818502.05541992,235765507.58898643,236037477.86840293,236175705.95287004,236177568.89240536
6209,238221646.4724121,235849490.759639,235809827.70553163,235967399.68400836,235818502.05551472
6210,239137203.6381836,237428933.22556165,237484312.84284732,237633300.1154148,238221646.4724488
6211,235734885.33911133,238233847.87969446,238163579.0281552,238330771.51092654,239137203.6382727
6212,236462216.26660156,236376108.02944228,236252890.4300425,236263553.0408161,235734885.3390695
6213,242651682.29370117,236620565.70977494,236698518.15457916,236714867.27017024,236462216.2665164
6214,247148366.51782227,240397698.276421,240472767.56167236,240722870.766715,242651682.29380924
6215,247321876.76342773,243695330.39100876,243495841.14346817,243851015.21651018,247148366.5179394
6216,243588557.47192383,244478906.8370242,244106438.9542552,244339441.5014105,247321876.7634462
6217,236379393.23632812,242603906.33061618,242246786.71982613,242261524.88436323,243588557.4718295
6218,236315578.04345703,238127697.6280832,237921051.72707412,237697149.32381883,236379393.23635057
6219,239631077.36889648,237433602.76913857,237592309.25954393,237440912.46441075,236315578.04337808
6220,240139583.0703125,239113451.73865935,239235687.94952255,239319298.573507,239631077.3690029
6221,241948386.60766602,239548651.71052453,239487809.79900244,239602141.2292293,240139583.070385
6222,243138113.4309082,240763064.01289842,240720564.67341286,240842616.1205347,241948386.60763437
6223,239710563.7788086,241714464.49155593,241593953.93712753,241731542.89066744,243138113.430864
6224,242154284.85961914,239868422.53795284,239673594.283366,239662994.3478832,239710563.77886453
6225,244926530.8383789,241200454.1111808,241235029.83726966,241277528.17709953,242154284.85966367
6226,245811630.62158203,243051035.7968543,242958171.65310588,243128408.69422075,244926530.83844012
6227,243307626.51245117,243888665.6774873,243681225.77403805,243831087.2398715,245811630.621537
6228,240205241.47998047,242616527.36946046,242367386.41124266,242384567.17946196,243307626.51234272
6229,243825908.5925293,240666099.03616816,240542504.11609462,240445256.92604807,240205241.47988272
6230,243811007.3005371,242550398.44872755,242609505.91363165,242668145.98398653,243825908.5925029
6231,244333445.56640625,242740875.7053508,242577478.9138096,242681044.6921451,243811007.3005328
6232,241626743.08984375,243163836.16801363,243047243.5027568,243110845.63842145,244333445.56642717
6233,238599615.1586914,241618906.19524917,241444092.97994298,241418932.290778,241626743.08992064
6234,237785126.70922852,239657910.7191885,239619199.5737764,239494250.66956818,238599615.15870872
6235,234802974.73095703,238792922.3974368,238880826.2899506,238788043.79343247,237785126.70928195
6236,233319880.625,236731553.47213006,236796139.3428536,236677744.18740004,234802974.73098016
6237,236584617.84375,235450553.1148848,235647869.9930115,235525589.49677613,233319880.62505844
6238,240708295.63476562,237043360.79363567,237307626.41237628,237361323.6133495,236584617.8437796
6239,242620549.66186523,239593802.3940355,239690056.55984458,239906267.4100492,240708295.63470212
6240,238086678.31958008,241131389.86354196,241047008.95127824,241265154.5945625,242620549.6617877
6241,233734263.9675293,238723238.70057592,238530201.71539322,238528499.13231942,238086678.3196852
6242,237966676.8786621,235853328.31314746,235883121.4960158,235714929.83349174,233734263.9674289
6243,239073839.96533203,237960785.92190695,238230846.5604319,238270793.44190073,237966676.87872103
6244,244005496.94335938,238757331.9014282,238761228.74153346,238907057.73524773,239073839.96532556
6245,237301592.38989258,241910211.8245762,241944193.4214322,242179248.73074886,244005496.94330767
6246,234228859.9230957,238306235.91345632,238013254.67620668,238009556.0295997,237301592.38996747
6247,238498978.24121094,236075888.99129593,236161720.25594252,235990942.67789903,234228859.92301235
6248,242136859.51489258,238296063.20173818,238533754.55776995,238600582.99870613,238498978.2411585
6249,242046379.64819336,240693839.3088256,240708527.01454172,240934220.93470296,242136859.51489243
6250,245483241.52319336,241045117.92449182,240903862.6084556,241054309.2860304,242046379.6480753
6251,241156969.171875,243307726.95931134,243239929.5123508,243425101.6843432,245483241.52327585
6252,238424579.98046875,241127608.8552033,240845989.01205316,240871449.0666422,241156969.17176867
6253,240665710.2902832,239299090.4154913,239267952.612562,239151415.05885962,238424579.98050395
6254,239650305.69970703,240379515.97635683,240481124.3603629,240500396.65783197,240665710.29021087
6255,237122444.77026367,239882974.8577206,239838804.87689233,239867191.59054568,239650305.699789
6256,240561953.24169922,238286002.54101574,238289858.6222807,238216053.40761647,237122444.7701497
6257,235926362.078125,240134883.55841514,240298224.80252978,240354740.8520163,240561953.2417013
6258,236500915.66455078,237499611.18685436,237407037.90363562,237359947.0962395,235926362.07806295
6259,242642155.79223633,237480840.64234164,237669585.41799575,237604119.7083654,236500915.6645383
6260,244287885.7685547,241113741.98496985,241282209.24788332,241477242.30033275,242642155.79217944
6261,247785339.53735352,242643923.58923063,242507669.7022494,242727524.97194484,244287885.76852912
6262,248500470.72875977,245167343.28921136,245041550.78661427,245255123.39141953,247785339.53739223
6263,246216707.03125,246116120.59062967,245835744.35453677,246012405.92635366,248500470.728638
6264,241482115.01391602,245055910.1335,244765588.5267729,244789548.0265392,246216707.03124985
6265,242869084.66918945,242163064.53000754,241967581.58231574,241819886.0443474,241482115.01380137
6266,237594084.4621582,242655236.02930063,242721638.8468923,242652012.72190857,242869084.6690852
6267,241465883.64770508,239450358.71475783,239353571.5390625,239199445.73657423,237594084.46216092
6268,239831649.85229492,241308754.11102325,241545033.11840972,241514877.25466552,241465883.64767104
6269,232274494.36816406,240426689.54828462,240379870.42040232,240388546.60026217,239831649.8522454
6270,237606512.15600586,235702298.1180855,235700343.61514145,235437069.62684083,232274494.3681264
6271,235949061.57080078,238151797.76586938,238576858.5673521,238534952.2083627,237606512.1561269
6272,239666570.69311523,237246039.49915498,237284103.19407305,237316162.2674895,235949061.57073545
6273,237594231.23339844,239351475.83162245,239554867.9755803,239639591.54440844,239666570.69315532
6274,239666634.5900879,238314164.43303585,238267571.11716205,238313507.6378811,237594231.2334864
6275,235749114.65454102,239446268.7070589,239562092.19833782,239617784.7987753,239666634.59016585
6276,237886183.5288086,237181205.60432327,237117896.42923325,237079829.59411982,235749114.654619
6277,235397979.69384766,238200236.6279758,238391694.19073984,238394839.63436753,237886183.52887443
6278,237971892.62670898,236717877.34925753,236724520.580359,236714840.64744568,235397979.69394204
6279,239951427.93676758,238041254.19822827,238223057.37636748,238274136.409571,237971892.626656
6280,240508947.2109375,239322871.14758572,239351550.95682365,239503729.3508752,239951427.93686408
6281,244126243.66503906,239855237.29740736,239802748.03419325,239928003.4807409,240508947.2108466
6282,250381258.20874023,242209599.26160827,242184288.3517042,242378121.1709716,244126243.6650295
6283,250070784.96948242,246429371.87545896,246285403.15728384,246633157.4125723,250381258.2086375
6284,251638098.94506836,247063982.88960811,246631878.6976686,246867539.4722648,250070784.9695591
6285,250961110.4963379,248484112.23517337,248172899.94113407,248316152.87685448,251638098.94509903
6286,249902301.64746094,248539844.2531403,248167224.96333387,248249412.62455577,250961110.49633145
6287,248516263.70458984,248125471.2532249,247825919.16515428,247824394.5015486,249902301.6474612
6288,252608474.0041504,247332297.17974705,247088958.83343062,247041399.0759114,248516263.7045305
6289,252310072.5114746,249779327.64658797,249655135.89611018,249740660.49774644,252608474.00412148
6290,249343552.08007812,250047510.65046614,249707879.860872,249784286.81476954,252310072.51146457
6291,246334083.9428711,248467216.26713404,248167266.49847233,248078462.25431007,249343552.08003676
6292,244223913.52514648,246541474.44142792,246388065.10737702,246208819.47162497,246334083.94275647
6293,246195423.75,244912884.53366598,244875378.68230435,244689543.08425546,244223913.5250393
6294,245314477.46606445,245783891.47029346,245848687.33859217,245787637.44418055,246195423.7500049
6295,243273869.63598633,245307590.39239246,245236986.407366,245191006.7553281,245314477.46603408
6296,244140169.10986328,244003240.91680145,243976775.3856484,243850702.3963886,243273869.63606387
6297,244962542.52319336,244288601.3692753,244363372.31526533,244291647.04918653,244140169.10977352
6298,245230755.20166016,244750176.12564585,244765820.15977785,244759110.56408623,244962542.5231143
6299,245768030.10546875,244907372.49340293,244879961.69948593,244876863.80970106,245230755.2017328
6300,239390401.29516602,245251989.52914715,245216241.4039516,245218780.10089508,245768030.10557523
6301,242569129.58422852,241454394.21480107,241330698.4503206,241133107.20684707,239390401.29506063
6302,235534579.49731445,242825075.7907463,243079444.13714543,242990651.75597328,242569129.58410797
6303,241965249.13330078,238549816.31816885,238490534.65593326,238294723.09283555,235534579.49722636
6304,246460497.46313477,241811167.7680594,242220983.09714264,242207261.85819483,241965249.13321808
6305,241178821.8918457,244755598.55001846,244777834.46649733,245011407.1801321,246460497.4631211
6306,242356777.82666016,242052632.1356341,241837411.89054498,241799571.3084923,241178821.8918482
6307,242734455.7602539,242569908.41448537,242697730.23903316,242624131.15845674,242356777.8265888
6308,240937308.97338867,242809229.28903243,242829322.38357204,242837763.72218248,242734455.7602901
6309,241698398.63012695,241752592.10498327,241748759.18410414,241685826.093274,240937308.97349632
6310,243897840.50561523,242038368.40938893,242136649.6854642,242102128.3465999,241698398.63003743
6311,241553267.90283203,243323490.42338806,243379743.2989512,243445024.91026914,243897840.5057105
6312,240238588.7138672,242039411.28544176,241951795.32547367,241934445.96416453,241553267.90287015
6313,246502585.2770996,241111366.17636916,241159523.75149044,241073202.13553646,240238588.71378437
6314,245356224.8947754,244706612.30260968,244857156.84690177,245002849.69772658,246502585.2770459
6315,243325841.9321289,244515482.83098313,244310279.37978873,244425949.02120003,245356224.8948574
6316,242774934.96948242,243389831.930097,243290856.32695106,243243353.38605258,243325841.9322028
6317,243891414.90820312,242921518.479495,242911435.1669561,242859281.3244304,242774934.9694086
6318,243040423.5588379,243571700.842148,243598650.13575757,243605488.63696244,243891414.9082366
6319,244715756.42797852,243121936.3867873,243074390.46520033,243063600.49692717,243040423.55886668
6320,246565653.83764648,244127554.6931343,244159549.36765397,244183360.0137456,244715756.4279223
6321,247165584.19702148,245381680.75989512,245332424.10526124,245420081.69046575,246565653.83753425
6322,250239715.72680664,246006939.8959941,245889783.58736786,245957315.00089195,247165584.19702232
6323,245616005.14916992,248052827.0227703,247955320.75474963,248073765.0341592,250239715.72677964
6324,248655662.29858398,245673996.42481586,245387704.36581862,245329656.48769873,245616005.14925975
6325,249329622.3239746,247332515.99046206,247366475.70656145,247347281.73446858,248655662.29861724
6326,249385390.46899414,248004595.5796104,247852271.20274645,247904595.84338522,249329622.3238949
6327,247041805.1628418,248257244.2537335,248113751.99270862,248108154.8982077,249385390.4690495
6328,239748933.72851562,246980100.97392118,246825895.70421025,246724995.1162275,247041805.16275936
6329,247455409.6357422,242458674.2122368,242369388.57481092,242041873.5131866,239748933.72843325
6330,248318744.97436523,246469832.22033322,246835065.115906,246800636.3652539,247455409.63562053
6331,251583103.29858398,247330903.1268515,247212407.85718277,247315945.40438026,248318744.97439367
6332,253124980.31152344,249533024.7504071,249472027.4227352,249558890.88262284,251583103.29865617
6333,252509148.35302734,250871172.81382874,250657328.01445022,250756903.45667225,253124980.31161976
6334,248604114.86328125,250852872.71592513,250594532.32139608,250597451.12360093,252509148.3531396
6335,249011296.19067383,248635211.24074692,248397097.81648293,248237034.50734264,248604114.8631912
6336,247542898.96435547,248667603.51885688,248654367.63974065,248512867.10259646,249011296.1907398
6337,242762780.9128418,247703132.7976065,247620909.82541087,247498932.52109933,247542898.96426412
6338,245932383.75073242,244603174.66921812,244552498.74103555,244296411.78255808,242762780.912758
6339,242609135.85742188,245985350.59700927,246200021.56064707,246091463.2568033,245932383.75083548
6340,242121573.03979492,243972837.33347037,243925810.57717082,243802549.07897028,242609135.85746765
6341,236801414.58789062,243359173.53596145,243507906.35394993,243346912.859841,242121573.03972253
6342,241724368.0817871,239883650.77244553,239958364.3426749,239706987.7566824,236801414.58778235
6343,239256260.68896484,242226395.97256997,242615588.14360517,242556504.710085,241724368.0817628
6344,243343680.6315918,240828582.10304758,240859158.57200593,240819533.91478267,239256260.6890424
6345,238361190.19677734,243080986.47687605,243317939.32556534,243348459.41555846,243343680.6315576
6346,244490242.77734375,240276042.85425392,240204334.5162849,240120171.17478567,238361190.19668967
6347,244882748.9248047,243620691.53121835,243914278.0286587,243968193.3084861,244490242.77741137
6348,244794752.29296875,244186032.39525682,244090685.6121608,244222747.00373515,244882748.92483783
6349,247709892.82885742,244352505.13324094,244303302.71999785,244328410.1804004,244794752.2930053
6350,249842974.15307617,246195042.139447,246177259.73949873,246271150.64700457,247709892.8288815
6351,250865310.3935547,247887054.99754435,247749669.4439439,247881933.52923316,249842974.15297988
6352,248988386.5769043,248913252.48748443,248717625.83249334,248811058.49473545,250865310.3934412
6353,248177304.93286133,248051946.05748662,247811114.5544567,247791175.46349546,248988386.5768843
6354,250544063.3503418,247600538.15273494,247480398.5708659,247403435.81860292,248177304.9328758
6355,242381751.48217773,249025721.57874575,248969730.61394638,248984236.6799613,250544063.35043225
6356,244006816.97143555,244289728.0837743,244024992.4437161,243794760.21719435,242381751.48215032
6357,241102810.8022461,244674362.8764152,244891963.63358095,244696157.95770234,244006816.97133768
6358,251573154.62060547,242782469.67205164,242804801.72534406,242657167.73648396,241102810.8022474
6359,245417167.4724121,248774100.1979525,249065661.53255796,249237231.56698036,251573154.6205543
6360,239801155.6669922,245798627.62809804,245425532.35516304,245437178.06445152,245417167.47234023
6361,239288661.0888672,242220762.92401427,242231700.86562356,241916426.4734203,239801155.66687343
6362,237139085.703125,241301419.90694344,241545733.02340448,241324704.23746827,239288661.08893272
6363,242647810.14135742,239627429.90909013,239817186.47328478,239640166.29412293,237139085.7030756
6364,236301951.97143555,242562871.28979433,242900467.2413886,242933538.5003764,242647810.14132404
6365,243922350.56054688,238968856.48617497,238909627.62516174,238790277.13109112,236301951.9713689
6366,244710234.11987305,243100509.80091032,243498012.49789354,243549457.48340958,243922350.56047413
6367,243544791.53955078,244030855.07511744,243956552.02819788,244113363.58700952,244710234.1198497
6368,239559654.79663086,243588972.2050174,243535976.8191226,243529639.23594245,243544791.5395962
6369,245492839.14697266,241193242.07289234,241168542.40795174,241018842.01542598,239559654.79663336
6370,243475909.42285156,244469101.27231574,244716149.01771888,244766408.26627573,245492839.14686567
6371,243648892.22265625,243583702.6944001,243446513.56021944,243486048.14086303,243475909.4227529
6372,245385951.16186523,243694072.57278335,243727756.44048816,243681777.45018864,243648892.2226299
6373,247665308.6262207,244767484.52630055,244789367.48551536,244821020.58101937,245385951.16186115
6374,244444595.52490234,246316348.99955684,246273949.1034162,246363544.4699076,247665308.62623584
6375,244930086.15698242,244634842.67719316,244459183.85788512,244411277.17625216,244444595.52500847
6376,245339695.11621094,244768078.91862574,244789618.94954625,244718009.71338636,244930086.1568645
6377,240484398.38623047,245086629.9806251,245070618.94766122,245049174.29296818,245339695.11620125
6378,240925997.27978516,242183572.57200715,242104498.16045,241927093.39570266,240484398.38616288
6379,238179078.53881836,242042965.5486604,242232476.85847297,242079251.46793172,240925997.27982816
6380,242609737.15429688,240189935.62912875,240274108.7538169,240127261.40917125,238179078.5389376
6381,246718240.96118164,242487706.88350844,242756197.74263892,242765732.7783246,242609737.15428463
6382,250335126.00048828,245140188.95441884,245165937.52453527,245349274.04596135,246718240.96128783
6383,251936439.53979492,247774329.06986013,247653453.9853638,247867317.52992958,250335126.0003983
6384,249676658.08618164,249280967.88309106,249025543.676629,249195599.78223985,251936439.53976515
6385,245680675.81640625,248331145.70758972,248012053.8755478,248022618.32594886,249676658.08616403
6386,243975461.00756836,245991745.77223146,245794623.23515877,245635319.95362368,245680675.8165194
6387,243398956.58935547,244649520.60100487,244639852.94906262,244464039.86270902,243975461.0076861
6388,249553275.75024414,244028359.7281918,244074673.5728048,243954451.34719387,243398956.58928344
6389,245026051.3100586,247564363.59842104,247678252.95456806,247788282.0423677,249553275.75030515
6390,241100501.84350586,245319788.92628592,245056509.06979328,245027692.15350196,245026051.30993924
6391,240943027.18920898,242734235.27887198,242730851.9528323,242496494.4395965,241100501.843418
6392,244386940.63452148,242234181.71869722,242403073.8002696,242243013.62248453,240943027.1891797
6393,244971535.93237305,244069636.25838882,244233621.2864492,244254349.80554163,244386940.6344384
6394,245947855.33935547,244646226.8721397,244627537.27210748,244672052.69964108,244971535.9324537
6395,245069241.48510742,245357686.85666284,245344955.0371108,245365773.01533684,245947855.339351
6396,243379533.20385742,244971940.70896676,244902258.82357702,244876294.84281304,245069241.48501456
6397,242797772.55004883,243960430.45695806,243936337.85977972,243836595.80747217,243379533.2039672
6398,247470618.00634766,243462468.19511303,243516935.19786304,243415501.4498649,242797772.55013505
6399,244072585.9399414,246167131.8650366,246282361.77980334,246355713.8285365,247470618.00637493
6400,236364212.08154297,244429864.0208133,244248989.05812192,244221881.56427595,244072585.9398353
6401,237483980.60888672,239582098.8486227,239546848.9453124,239222771.51005986,236364212.08158845
6402,237842701.8256836,239487882.2461618,239844709.5044919,239635246.3171763,237483980.6087793
6403,239720902.3034668,239347223.1023117,239551563.9956485,239499646.66954133,237842701.8256125
6404,244926533.0361328,240332749.6684271,240533647.57380512,240547899.50940335,239720902.30337745
6405,245927671.32006836,243531139.3765686,243661175.30213395,243838928.2370387,244926533.0360686
6406,247619507.99658203,244663407.22674763,244546707.6461886,244709365.70925605,245927671.3200825
6407,240187363.6159668,245941640.55756554,245833737.5439852,245952972.9900169,247619507.99651185
6408,242487564.8269043,241716930.7987826,241456811.5571753,241310419.19266415,240187363.61597165
6409,236455031.84204102,242632708.70649236,242824804.10763666,242724860.84149328,242487564.8269244
6410,237391653.29492188,238959727.26200053,238895475.02624413,238725660.39305586,236455031.84216067
6411,240523260.7307129,238997707.22830394,239295780.32997477,239147012.3095171,237391653.29485148
6412,241717576.78149414,240659790.49870118,240857864.4220221,240917266.21268424,240523260.73063704
6413,240467362.96606445,241586598.36439285,241635693.88024276,241721523.3346551,241717576.7815961
6414,245387305.29345703,240973559.87255898,240966567.11275205,240967698.69471312,240467362.9661038
6415,245724042.26464844,243902930.95630053,244022249.73290613,244150956.85308635,245387305.29337227
6416,244617319.64648438,244520345.00173393,244363629.68439472,244500033.60214534,245724042.2645973
6417,244041701.68237305,244137869.30489057,244014732.1518016,244022375.8363184,244617319.64650157
6418,239946368.07910156,243821076.85740116,243761150.40817302,243732101.74115077,244041701.68243945
6419,239023430.00634766,241331959.36417547,241261011.6339071,241115392.81631112,239946368.0790477
6420,243146171.59570312,240417971.24808142,240556041.214666,240403408.25176314,239023430.00629663
6421,244256268.42163086,242666047.24297708,242854271.49403572,242905380.3796186,243146171.595713
6422,248033425.93823242,243538863.17747605,243497000.91215,243600489.7213195,244256268.42157817
6423,244280830.9074707,246031098.4654311,246003048.54018354,246154820.48249412,248033425.9381607
6424,242055096.58862305,244195111.08261913,243942660.33189625,243940904.47529685,244280830.9074953
6425,247830044.37597656,242709345.17087463,242677529.362708,242544063.73665592,242055096.58865413
6426,251431457.0830078,246012088.34892443,246132225.12286696,246228082.33236837,247830044.3758981
6427,252741354.41186523,248635195.457457,248464075.515385,248684949.69013217,251431457.08303747
6428,250332527.73828125,250031233.04588458,249749030.25226063,249892543.45382768,252741354.4118599
6429,242447022.39941406,249031299.38654813,248707884.22731978,248687242.7259552,250332527.7382401
6430,246379876.33544922,244299152.63678548,244061160.55265406,243759716.64559788,242447022.3994349
6431,243019990.02612305,246030202.92861474,246245457.6764457,246115862.07421467,246379876.3354571
6432,249964149.69750977,244009877.9015863,243902676.50372326,243801702.52324194,243019990.02615595
6433,249744201.0727539,247896744.94683173,248068481.88462916,248145595.80358145,249964149.69746548
6434,242307662.06713867,248238789.60048106,247995271.2210051,248106275.59455422,249744201.07287005
6435,240326874.796875,243931597.32659677,243693647.06662184,243463941.45161206,242307662.06720272
6436,245987914.17041016,242204497.24506125,242353397.58498266,242079002.84978408,240326874.7968741
6437,247853580.8552246,245160195.56637126,245395242.9305675,245427994.31307858,245987914.17029408
6438,246302638.66625977,246545665.41080165,246465114.78258088,246591877.4686134,247853580.855156
6439,244893012.5654297,245892208.13787872,245743360.5782889,245733171.69983333,246302638.66623136
6440,245360659.66625977,245064503.11033165,245007482.3961027,244916859.64681968,244893012.56547692
6441,248457813.58984375,245237795.5449196,245251202.81061354,245195041.4215812,245360659.6663049
6442,250787298.96606445,247114524.2497272,247123180.21524438,247182995.1322311,248457813.58986643
6443,250768261.1118164,248798232.99184173,248668493.71387717,248784343.806301,250787298.9660327
6444,246635330.1430664,249132534.1926476,248911149.45294344,248961880.7345451,250768261.1118425
6445,244613862.2487793,246820175.84375817,246588417.2745867,246460004.96172708,246635330.14300263
6446,247225783.00976562,245366595.3050178,245352171.52972853,245162057.26389703,244613862.24885064
6447,247448380.078125,246633672.50743076,246717199.66079095,246682558.68930212,247225783.00970143
6448,243841792.44799805,246823596.2501099,246740953.14229107,246751443.19805712,247448380.0781727
6449,241591410.60668945,244716695.76431724,244611931.09581003,244475500.10914117,243841792.44801816
6450,241432558.51049805,243070209.7436928,243138579.47090423,242939317.68034297,241591410.6067776
6451,242687606.85302734,242648069.52611035,242798561.90896916,242663697.976302,241432558.51049525
6452,243071326.99072266,243236143.76173037,243382265.7567183,243337330.40579724,242687606.8531492
6453,248342372.54882812,243443314.5693187,243510281.01866722,243495068.00371906,243071326.9907137
6454,247460215.71557617,246635831.3132721,246740654.12857002,246874371.24549258,248342372.54888284
6455,246781840.68164062,246510568.58273324,246313556.75446683,246401972.64085647,247460215.71552047
6456,244572777.1057129,246261321.254618,246165825.09340647,246139338.20692834,246781840.68157133
6457,246100652.31274414,244924217.84067133,244836293.07971245,244743819.78482538,244572777.1057527
6458,241903958.49487305,245716146.08809146,245766181.89181033,245726373.1697517,246100652.3127244
6459,241383960.85668945,243267830.75119126,243178941.4487552,243041969.8660064,241903958.4949005
6460,234330233.3076172,242611099.02286315,242758993.3515247,242597907.26360482,241383960.85674047
6461,238415623.2409668,238095634.56878302,238150508.85718074,237854673.2775802,234330233.3076636
6462,238235225.3701172,239825542.46138972,240288674.5456178,240164244.38334367,238415623.24086407
6463,237761510.91259766,239654535.60803685,239807567.2866085,239808356.35067946,238235225.3700692
6464,244258990.16503906,239241396.59092033,239418352.771289,239367033.6006647,237761510.91269
6465,241602005.9230957,243045080.55121616,243293964.63484657,243455553.6562085,244258990.16496533
6466,241478297.9880371,241904981.78103986,241763757.402225,241835738.04397538,241602005.923196
6467,246833972.21899414,241824499.04260498,241885969.65846026,241847720.43004966,241478297.98799285
6468,244673501.62231445,245115780.22547492,245219652.6546351,245369031.620446,246833972.21891847
6469,244155276.33984375,244307058.3955245,244107231.16328812,244167925.6560768,244673501.6223365
6470,242467533.60668945,244063251.5719028,244037521.489888,243990227.362745,244155276.33981493
6471,240861684.02294922,243015690.63798192,242984360.70752367,242908250.28000888,242467533.6066457
6472,244750559.22216797,241901167.2623563,241943174.71663997,241825129.80645892,240861684.02288425
6473,243453186.52514648,244102726.21969602,244258780.46003255,244290055.343819,244750559.22215775
6474,244173614.46166992,243573690.36216503,243491735.75399196,243504272.000288,243453186.52508196
6475,243486882.80249023,243989140.74388704,244019482.5448913,243999386.8930948,244173614.4616661
6476,244709249.24243164,243600490.34297255,243571243.95882055,243547603.46888936,243486882.8024819
6477,240454596.7824707,244264719.87953413,244284207.01199397,244287767.35064384,244709249.24235716
6478,247420079.11328125,241812183.95863745,241724533.87057248,241602503.49324054,240454596.78240603
6479,248138991.33935547,245695814.1447825,245913232.59500164,245994265.62301886,247420079.1133544
6480,248730384.6394043,246653115.14918172,246468818.91318345,246619006.87224382,248138991.3392513
6481,245047999.48901367,247285608.31753132,247141978.4836981,247193570.0505612,248730384.63928515
6482,244498726.65112305,245221571.8057492,245016747.17141405,244927854.7418602,245047999.4889647
6483,242180598.69335938,244699845.62545508,244703626.86904052,244581582.24620357,244498726.65111616
6484,245012439.35864258,243218435.97123864,243205060.7936537,243067681.45089486,242180598.6933632
6485,243544744.65625,244677053.53111228,244813424.541144,244785674.13944146,245012439.358753
6486,238453369.9423828,243887824.97164974,243828106.16299856,243796594.84829646,243544744.65629023
6487,243374435.0727539,240692008.41946623,240682120.67262298,240462207.53043717,238453369.9424537
6488,243936280.1118164,243176214.5678603,243468436.28263733,243439566.30645788,243374435.0727957
6489,243121770.39501953,243718827.40937087,243698347.53223908,243764277.17012596,243936280.1117249
6490,238802148.6130371,243334109.27576897,243316981.39375195,243288392.1982135,243121770.3950897
6491,235694217.57836914,240658578.2504445,240641142.75461045,240475887.39312524,238802148.61303467
6492,232084879.0637207,238313804.10086587,238482391.00944006,238252050.73062816,235694217.5783861
6493,241002902.17285156,235599170.04896578,235843432.75847846,235597907.78919813,232084879.0638101
6494,244984534.2380371,240412210.77840656,240894008.00791273,241006425.36033544,241002902.17292055
6495,247245048.55004883,243276138.04765067,243263589.10704207,243557343.912425,244984534.23815227
6496,245894647.33325195,245155301.5765521,245024329.7579739,245238858.35271168,247245048.55012852
6497,241943244.3269043,244801039.08201972,244575108.63857162,244653967.8470949,245894647.3331616
6498,244232210.16674805,242552886.33617765,242398692.9705193,242293257.6192013,241943244.32700345
6499,239820689.99853516,243711744.99682963,243796142.56898302,243771722.27071938,244232210.1667069
6500,245118490.19628906,241149352.4079868,241034391.02919304,240929118.78166026,239820689.9985025
6501,244371146.0078125,244049544.5062808,244253179.7726004,244288315.5141219,245118490.19626424
6502,244724515.2072754,243890739.28987306,243753865.64205828,243828818.52465257,244371146.0078093
6503,239177701.2680664,244163412.01676822,244121998.7610664,244127132.7363357,244724515.2072292
6504,240690419.43408203,240849845.67596883,240722845.40657252,240566641.14577112,239177701.2679813
6505,244437017.0600586,241308301.22550318,241503311.89633274,241402317.59787863,240690419.4339704
6506,244278544.57592773,243464265.51272333,243552311.57854,243661896.4293392,244437017.0600614
6507,249656461.78637695,243639596.15071207,243538208.8506562,243620040.00209212,244278544.57587272
6508,248352441.78833008,246993078.50857288,246980814.48662138,247164478.2423113,249656461.78645512
6509,240920408.56030273,246814077.04436192,246512335.5906214,246624811.4747431,248352441.78833
6510,237973212.70410156,242490538.40181726,242252276.74156854,242035546.03414205,240920408.56021777
6511,241647414.39746094,240164903.17854255,240292183.6836565,240011625.23890248,237973212.7040852
6512,241652020.93969727,241926363.29899862,242187845.9384779,242150880.0481226,241647414.3974874
6513,245849096.51879883,241966197.7801885,241990496.1744257,242015961.73409432,241652020.93976405
6514,247473280.53222656,244517614.9808204,244605678.26579577,244714956.32406193,245849096.51888755
6515,245234679.65771484,245906402.8812225,245786435.601134,245930332.6606196,247473280.53227735
6516,243357034.02197266,244852042.88777643,244664740.47508857,244659277.20203725,245234679.6577649
6517,242205580.57739258,243682816.11963215,243620176.72069126,243522345.7469313,243357034.02189028
6518,238616966.03833008,242816171.43140566,242828673.79106584,242727714.87653306,242205580.57739076
6519,239041255.1965332,240458178.8437845,240478041.04761675,240305179.05381408,238616966.0383512
6520,240759339.2211914,240321899.91598937,240527433.6179199,240406863.04683825,239041255.19643912
6521,242906464.74438477,241167276.0267982,241320002.84280652,241325917.90978736,240759339.22131297
6522,240364235.6496582,242506579.5929088,242582775.13938278,242658152.277743,242906464.74429923
6523,242362236.10131836,241141081.11988258,241082668.91132355,241054372.6262627,240364235.64966932
6524,241812342.2319336,242208881.38997245,242328267.5211266,242329544.6770135,242362236.10125488
6525,241819530.82421875,241963082.39788222,241937223.7812758,241953800.04734752,241812342.23190492
6526,247376168.3762207,242009808.60703605,242040548.46966615,242023382.04482153,241819530.8241065
6527,246993924.2746582,245378835.35154912,245456972.33518746,245615890.22779962,247376168.37629592
6528,247302428.5625,245642018.93487176,245421325.42040193,245549027.8762212,246993924.2746168
6529,243536627.4309082,246018128.63268057,245877228.8715179,245915446.73022068,247302428.56238052
6530,245378069.99316406,243893746.33271703,243705803.52846694,243615936.20928106,243536627.4308817
6531,243374973.16552734,244770832.42578802,244815001.76152787,244775241.384247,245378069.9932204
6532,243029441.0908203,243647778.30708784,243544755.16445407,243498349.40467858,243374973.1654898
6533,237676519.4326172,243276891.4750651,243298240.63342056,243223535.89556453,243029441.0908937
6534,236648245.85986328,239897851.66156864,239855136.3105892,239657634.55456442,237676519.4326099
6535,237060903.09301758,238762521.44938698,238994582.87758708,238795714.02679268,236648245.85974383
6536,242767017.03735352,238625360.0063889,238851846.9010559,238776597.44458613,237060903.09296268
6537,239047897.66455078,241882042.10280335,242117635.70574185,242258751.41109908,242767017.03731123
6538,236353905.59472656,239971593.49153343,239848479.9592272,239873267.87869975,239047897.66464815
6539,237216120.01586914,238143255.22032285,238241476.6593654,238103955.59064376,236353905.59471488
6540,235065150.8173828,238338260.98120588,238544707.50199437,238495100.83120796,237216120.0159144
6541,236255635.8269043,237004880.4186673,237122447.54751477,237051754.8335381,235065150.81745875
6542,230677479.76367188,237469836.91292873,237714171.1397678,237685494.1456198,236255635.8269894
6543,230182534.2541504,234015492.84984317,234106474.04847857,233954520.93684626,230677479.7636917
6544,232156111.69360352,233104801.01464757,233486546.3798542,233334166.8722919,230182534.25415424
6545,232191107.39794922,233900813.30726925,234249495.14424247,234270732.76059797,232156111.6936955
6546,234616416.85766602,233867467.3401646,234090850.35478958,234139294.3058328,232191107.3979054
6547,230814522.05981445,235230345.34544805,235468949.3482386,235575961.70295787,234616416.85766065
6548,230616425.7434082,233093730.67748356,233157349.40048736,233144462.75193402,230814522.0597644
6549,232773187.7644043,232647514.64801785,232925715.55692852,232882330.250925,230616425.7435057
6550,237245754.34277344,233756909.94534355,234022355.24285075,234111761.7469736,232773187.7643646
6551,237158581.8173828,236508276.9027313,236685878.54506326,236917973.17371383,237245754.3428718
6552,236645554.5751953,236890735.42082483,236842260.07146108,237022810.25686464,237158581.81743717
6553,239085140.24365234,236792641.35278377,236792706.85140106,236870582.12520936,236645554.57514507
6554,236040740.2775879,238333742.11502597,238387947.68088016,238524320.62797529,239085140.24356827
6555,243557048.62182617,236770461.1580207,236670171.72079587,236703522.1304028,236040740.2775809
6556,235481523.51293945,241169139.0003356,241336257.4632079,241561602.06264976,243557048.6219185
6557,231451826.62451172,236840255.43709937,236491954.46683612,236493937.1150734,235481523.51300904
6558,235865048.4621582,233966246.67127907,234089183.40471414,233861667.75930774,231451826.62439403
6559,236978978.1850586,236139805.60673591,236450502.01554394,236492104.45688987,235865048.462073
6560,238876595.06079102,236942718.29506746,236984467.57772937,237127152.4516056,236978978.18495312
6561,240795081.8046875,238249392.06323794,238286820.42533815,238425494.2399838,238876595.0606694
6562,241124428.5769043,239640782.05448854,239603354.24605837,239773734.9466273,240795081.80478388
6563,240452942.23999023,240105524.59299332,239988900.6843903,240123380.2620097,241124428.5768889
6564,240752514.97070312,239870129.27665883,239753624.34330192,239822590.89794773,240452942.23998556
6565,243986713.1459961,240101196.8954483,240037292.5939684,240098181.8796685,240752514.9706753
6566,241173847.19384766,242133460.93522918,242085967.29733756,242244782.02496827,243986713.14611056
6567,240818152.91455078,240797254.91382614,240561187.75165582,240610488.07374322,241173847.1937897
6568,242577120.8605957,240542661.56542265,240496393.91971144,240479047.5704179,240818152.91447312
6569,244355425.3947754,241596836.226984,241571506.91205546,241643706.44269526,242577120.8605356
6570,247025941.8630371,242826291.6147631,242724882.05378273,242849690.7834605,244355425.3946859
6571,242302244.48510742,244724384.43111205,244579983.24796486,244745873.19462693,247025941.8629976
6572,238518701.29833984,242246950.1936984,241938832.99550387,241911435.52944922,242302244.4851622
6573,239227167.42944336,239747665.72596064,239691046.2525008,239503817.14984253,238518701.2983115
6574,234098873.26342773,239795102.56966218,239914670.77500767,239830251.64467496,239227167.4294143
6575,237573992.33691406,236517281.58001435,236506026.9417568,236342279.18184337,234098873.26346412
6576,237856852.04003906,238048639.09983486,238343120.56458017,238311972.12969875,237573992.33689192
6577,242155033.55908203,238196750.9359792,238236107.72895795,238309731.63832378,237856852.0399176
6578,240400811.40893555,240800174.9472133,240891394.25785312,241055493.06831637,242155033.55902
6579,244831332.29907227,240075986.16958797,239909221.69707382,240008431.46927145,240400811.40885013
6580,239234267.80297852,242769402.2264791,242785526.53149596,242948197.22703528,244831332.29896063
6581,238261053.2685547,239758023.6437359,239462639.96941024,239460824.43636551,239234267.80307543
6582,235609050.92529297,238879998.59147877,238927270.60627297,238829286.64028445,238261053.26861212
6583,234592073.48217773,237073082.61177367,237092268.9252498,237003266.60946816,235609050.9253827
6584,235607743.57177734,236130605.12701315,236277212.03108183,236192968.98822004,234592073.4821666
6585,238577915.7763672,236420635.39054373,236589912.07415867,236604796.31223625,235607743.5716761
6586,241687362.15039062,238123598.53943726,238242084.81953844,238380709.80585364,238577915.77635363
6587,239787007.10083008,240218143.04098782,240209697.71092495,240428383.23886606,241687362.15048105
6588,239892046.88256836,239415386.02712417,239243422.34497544,239346704.777368,239787007.1007246
6589,238937018.37670898,239497748.54886264,239466766.9613606,239516146.65499127,239892046.88249537
6590,240140311.92114258,238924067.9736476,238861429.57187346,238901645.16289276,238937018.37662503
6591,235179136.89257812,239613604.81322312,239622106.96048027,239694123.2343371,240140311.9212573
6592,236845159.28979492,236714888.1068911,236605697.8461749,236537059.40298688,235179136.8925469
6593,241050935.65112305,237330750.9319105,237516546.86749777,237495252.4797254,236845159.28987092
6594,245356356.24365234,239860956.17922077,239952406.83977982,240139721.99522093,241050935.651092
6595,245948868.49072266,242807031.2762251,242727277.27283946,243013669.62958193,245356356.2436793
6596,243422524.05737305,243750179.32029206,243490026.78865227,243702525.39820194,245948868.49065644
6597,243591875.55444336,242610079.74798045,242350766.0283735,242386968.71436185,243422524.05732232
6598,240148253.77319336,242747613.23638847,242655233.67952722,242665163.5000209,243591875.5543889
6599,237881070.9855957,240712690.67832917,240567959.30961627,240499182.39429578,240148253.7731863
6600,237837991.6682129,239071565.81016856,239097319.0139026,238966077.78193334,237881070.9856498
6601,243779187.7277832,238735945.73155048,238853604.45586553,238789444.40093768,237837991.66823792
6602,235414619.6455078,242159004.93442115,242304732.94030684,242473567.8172583,243779187.72779047
6603,232044774.95581055,237549908.48096707,237295557.79495907,237206967.52722737,235414619.64546672
6604,236225594.38012695,234871929.14643154,235078465.50868127,234823974.74110404,232044774.955928
6605,234745492.71289062,236822391.54994255,237158664.16321334,237181489.07696313,236225594.38014197
6606,241248558.21606445,236027522.94945836,236087729.70657188,236128319.50590888,234745492.712952
6607,232882224.33984375,239843545.98408547,240074686.39728546,240266692.94203693,241248558.2160416
6608,234836433.49414062,235271209.53217858,235046974.3957091,234991805.48353058,232882224.3397817
6609,236355576.9399414,235930184.56246582,236237853.17716607,236157185.83440372,234836433.49424893
6610,232319687.56835938,236769054.56386173,236900009.74617806,236994956.06470096,236355576.9398781
6611,236416193.19677734,234374086.44060457,234396703.45451686,234345449.20732567,232319687.56840616
6612,241424136.5847168,236507171.58906883,236790154.77746725,236857662.76438457,236416193.196852
6613,241308709.65161133,239749139.04898533,239820535.68102512,240096286.37624985,241424136.584752
6614,241616808.77441406,240178462.97152737,240014475.58177415,240207485.4614283,241308709.6516074
6615,243280663.69848633,240618119.27128237,240515149.20998928,240619709.4088413,241616808.77444175
6616,242242662.1652832,241827143.36482853,241736732.2318912,241867102.00216714,243280663.69854787
6617,243436313.66308594,241476244.4606765,241302803.74688533,241374401.33929923,242242662.1652921
6618,244959368.7565918,242270316.905357,242195046.03795716,242267057.6385625,243436313.6631409
6619,241352454.7314453,243324544.77073637,243195972.35997137,243319271.985906,244959368.75652117
6620,240348861.10327148,241357359.32567525,241128696.35108602,241111907.6747984,241352454.7314546
6621,241858086.2145996,240575164.44158083,240557637.65337068,240487062.32649747,240348861.10324988
6622,245903163.8737793,241319459.7571875,241336443.86439887,241370034.14698336,241858086.2145227
6623,242942041.95361328,243887886.2040851,243863518.93618155,244032829.86404654,245903163.8738388
6624,240535375.71655273,242507656.72634232,242252050.0274682,242295299.36086595,242942041.9536027
6625,234577264.04516602,241015915.5956109,240945819.0540698,240848730.58969083,240535375.7164921
6626,239422250.3400879,237155912.57912436,237126773.18130338,236898657.34824222,234577264.0452078
6627,231992498.6767578,239466219.3303055,239787501.04851833,239771854.47844285,239422250.34013608
6628,235118145.45043945,235003563.3835633,234914233.45355508,234782223.06490982,231992498.6767628
6629,239609570.24267578,236221913.50812232,236596054.93905523,236526701.42485884,235118145.450444
6630,238810059.79370117,238869880.4311022,239029787.8900409,239225615.16053718,239609570.24275377
6631,238057737.71435547,238718200.20482096,238649563.07050535,238772108.19495115,238810059.7938137
6632,246001917.33032227,238347984.87106237,238352094.91051993,238378439.92741457,238057737.7143436
6633,246440440.44970703,243175932.63156053,243296431.96494776,243564576.66763043,246001917.3302162
6634,242672823.06860352,244179165.42463207,243880681.84693953,244139624.7589037,246440440.44977453
6635,243926855.90966797,242278726.85708553,242005038.63905534,242002683.69267267,242672823.0685767
6636,240741400.4819336,242947031.79229778,242908253.97686595,242919619.53303438,243926855.90972903
6637,237761718.32128906,241118530.87810773,240958252.80645797,240915494.12739787,240741400.4818684
6638,236583213.90698242,239096218.71415782,239100916.80656815,238956276.45259005,237761718.3214097
6639,237382056.6171875,237989329.63804802,238105864.52112284,237992027.86987162,236583213.9070835
6640,241824713.75317383,238206621.10007957,238362433.5504897,238336339.59664202,237382056.61717075
6641,246435731.1027832,240845241.18200517,240983995.1453005,241124805.85177833,241824713.7532189
6642,241587790.53515625,244001201.82189763,243949893.47792205,244213642.52494416,246435731.10290164
6643,244353562.8413086,241612941.955376,241307970.12549642,241335291.7386552,241587790.535038
6644,242371885.83422852,243120214.5018209,243151252.16662353,243185123.5498675,244353562.8412656
6645,242493193.54052734,242122902.9683595,241949080.03329995,241978576.61471543,242371885.8341681
6646,243160302.71533203,242105272.02700737,242071680.6031486,242063794.8624353,242493193.5405166
6647,245212044.28637695,242499906.36424035,242448671.8512117,242489577.52259207,243160302.71537784
6648,242398488.01586914,243826306.05851412,243763278.61510736,243861482.98556352,245212044.2863097
6649,241418938.1994629,242376301.53106746,242193339.0838753,242187735.36592978,242398488.0158096
6650,243434740.3400879,241588670.5331116,241563954.74328092,241502388.02835956,241418938.19955203
6651,244823439.0361328,242675754.70918727,242696659.07160327,242741006.1920137,243434740.34004703
6652,244216161.90942383,243685624.5428237,243612673.91510543,243708754.56161654,244823439.0360867
6653,245581459.67797852,243507793.11590222,243371261.33222482,243413154.71495312,244216161.90944952
6654,240826223.32543945,244428636.38693514,244366862.4578872,244420934.57446122,245581459.6778946
6655,245691624.7211914,241655145.3388549,241463929.01061106,241374725.37246728,240826223.32549453
6656,247588917.39990234,244307085.17556655,244442343.7641419,244485936.42493504,245691624.72115117
6657,249985617.51904297,245777699.74064484,245632477.78978246,245793902.84523687,247588917.39983848
6658,252699128.94482422,247549338.90886122,247376254.4991592,247522308.76611674,249985617.51914716
6659,248069638.2392578,249656396.06051257,249414213.6053431,249583379.62011182,252699128.9448397
6660,249276696.8798828,247372209.38156927,246985722.05827728,246940977.9418554,248069638.23913792
6661,247860999.84033203,247974562.68169656,247893916.13782883,247831743.07905716,249276696.8798405
6662,243579758.41259766,247217257.31581286,247027689.41276434,246979443.59830958,247860999.84042084
6663,244232166.76635742,244566485.3721533,244434365.03494012,244239821.76681018,243579758.41260487
6664,244978442.3251953,244553935.85676286,244644372.72046626,244509371.41982684,244232166.7663609
6665,243614688.66064453,244880120.8571633,244899370.30253664,244865911.9004544,244978442.32508305
6666,241250368.30786133,244035701.16861203,244003557.7168763,243932876.05618432,243614688.660532
6667,244446563.01342773,242421646.09365028,242434751.51692075,242296237.02039132,241250368.30778936
6668,239121346.49023438,244063744.78155816,244215646.32968298,244209674.46331045,244446563.01351097
6669,237229945.1862793,240967726.48318318,240864611.50694573,240736601.37759298,239121346.49017844
6670,238748333.5649414,239382156.16870767,239572806.38127398,239363468.82136676,237229945.1862564
6671,243959079.39868164,239857863.7127257,240096649.3579291,240042175.49999353,238748333.5648276
6672,248701417.0654297,242897239.35444203,243075253.93428847,243227752.68020296,243959079.39875087
6673,246641304.7841797,246136589.55929798,246076446.03551173,246348313.70645633,248701417.0653365
6674,242806565.234375,245530453.35333344,245254095.45619777,245355314.97614467,246641304.78411788
6675,239197744.1845703,243296179.90647408,243140697.23492154,243031160.58487839,242806565.2342748
6676,244882946.0727539,240902175.4167224,240913514.53873855,240714170.10494837,239197744.1846202
6677,242354262.90966797,243968640.92042914,244206057.02602777,244247946.57735083,244882946.07263377
6678,241948234.71240234,242733793.58984637,242603237.0225239,242621678.54906473,242354262.90966097
6679,242815473.2746582,242393301.7059766,242442874.14953384,242370330.22491303,241948234.71243125
6680,245476990.3178711,242889738.94431415,242949664.6382931,242940813.61256003,242815473.27464887
6681,242174012.0739746,244525925.23288003,244562669.87932155,244641898.9926667,245476990.3179067
6682,237647924.14575195,242735798.54148337,242597384.30173922,242558961.81585804,242174012.0738923
6683,243457998.8173828,239805687.70833823,239827482.44218722,239616453.09631115,237647924.1456937
6684,243184973.29907227,242817183.2262205,243104056.43931758,243138324.03486198,243457998.81732184
6685,248295711.31274414,242914908.45225954,242837283.77483448,242931242.5602904,243184973.29898947
6686,253062292.2763672,246117598.3657223,246158923.05214185,246319557.74830562,248295711.3126504
6687,246234069.69677734,249562813.84995946,249378131.75824082,249657348.5956525,253062292.2763905
6688,248763964.56225586,246166202.1649596,245725099.4957017,245675752.10625297,246234069.69670397
6689,250529287.87524414,247501457.53496504,247522799.3491025,247462499.0633735,248763964.56215024
6690,249100346.19628906,248719923.34493387,248567073.84730473,248644531.72274166,250529287.87519524
6691,250096216.17114258,248143895.30266726,247924943.19283542,247906417.48820677,249100346.19620815
6692,248378891.81640625,248772076.2764093,248663494.84112567,248642224.27628744,250096216.1710886
6693,246342356.21948242,247877829.42549112,247696561.99093053,247631824.09047768,248378891.81640548
6694,247929893.26611328,246586798.65130115,246496414.25157472,246353393.1102699,246342356.2195203
6695,243517921.5925293,247368786.6791773,247394689.91823342,247332523.0567657,247929893.2660986
6696,246754610.5834961,244725150.53592175,244601067.21289068,244440091.64506584,243517921.5926028
6697,243914868.0065918,246316869.43866187,246474855.06305647,246406141.6235148,246754610.5835663
6698,250475952.80517578,244720356.59099188,244630841.29118598,244544603.61979848,243914868.00658
6699,250244369.9387207,248496551.80248916,248655643.97647753,248731935.76445246,250475952.80510268
6700,245982186.79833984,248842788.95662612,248614700.94698864,248712325.89609966,250244369.9386968
6701,250760562.8840332,246474939.24876848,246289527.4281382,246144939.25672624,245982186.7982555
6702,250357183.31298828,249103565.77743194,249192493.6817677,249193815.26097706,250760562.8839983
6703,245983801.99365234,249237830.1143806,249039363.45121536,249071947.53642768,250357183.3129954
6704,245582948.0600586,246724769.56966704,246557911.9986272,246378020.90615994,245983801.99375695
6705,244817920.12353516,246176992.10541067,246240197.93310282,246060685.04083994,245582948.06001595
6706,247949990.16308594,245531078.60799298,245570321.95119634,245443477.03530252,244817920.1235962
6707,241138633.62695312,247218316.54064336,247314185.85532284,247307938.78637192,247949990.1629752
6708,242392420.81396484,243258700.5689727,243103184.92575583,242906933.38589492,241138633.6268552
6709,240710292.65014648,243446992.47144026,243692781.8424614,243513615.55287862,242392420.81399065
6710,240964579.50341797,242227156.07163784,242307673.5877853,242196893.98613676,240710292.6501884
6711,242559155.9621582,242113075.6796866,242288513.23204055,242189894.98730707,240964579.50349212
6712,241452291.13378906,242938714.00562638,243085164.544621,243078622.8659876,242559155.96220255
6713,243638050.0324707,242291267.71062768,242331772.19762498,242295772.58360502,241452291.1338263
6714,242703503.74291992,243498255.23416385,243622486.41319528,243637373.34823564,243638050.0324121
6715,240876479.59399414,243079102.5859053,243065764.59162307,243064986.94117966,242703503.74280405
6716,242718321.99316406,241898255.82927242,241931090.8712804,241844315.22010896,240876479.59392416
6717,236636584.89501953,242834588.8515521,242971847.925582,242958142.3792734,242718321.99321216
6718,237436978.3005371,239234704.43846717,239193657.9269463,239019560.14602035,236636584.89495084
6719,232873803.50390625,239222077.06240508,239531367.46651044,239374537.40121114,237436978.30042857
6720,239331654.9802246,236252822.3065826,236406248.59594172,236221605.3675749,232873803.5037859
6721,237599474.4375,239574838.62899864,240027680.50852984,240065814.753719,239331654.9803003
6722,232894661.21923828,238752481.39875382,238774190.91700557,238837586.87141106,237599474.4376185
6723,235462152.84643555,235794125.19380376,235906062.31272277,235740278.96801317,232894661.21915847
6724,235679613.29345703,236902252.7340917,237270507.27871335,237224573.227467,235462152.84636217
6725,237761583.44995117,236977518.10724792,237151775.84482032,237192522.49372834,235679613.29335505
6726,235480486.13427734,238199327.27222237,238394996.96752325,238470415.82723206,237761583.4499029
6727,236653213.12475586,236960502.37598592,237012449.40151536,237012836.55608684,235480486.13431543
6728,240069379.7927246,237523239.60889944,237728185.2370358,237735988.78190306,236653213.12479773
6729,240063450.7788086,239591420.96958962,239739675.47744963,239883993.08790743,240069379.79266512
6730,235775557.93286133,239879711.5999828,239849099.68518874,239962381.52191785,240063450.77880907
6731,234595277.95922852,237470313.97609925,237439432.188171,237354889.84026465,235775557.9327404
6732,235817996.08520508,236448055.56624174,236636817.21008152,236516740.76073346,234595277.9593017
6733,239840803.74023438,236967234.4764818,237191883.26640123,237181129.49940127,235817996.0852376
6734,239530090.57006836,239385734.12568563,239572908.68398982,239711972.81215316,239840803.7403133
6735,237737054.19628906,239462765.4604567,239425059.5036482,239533580.43922704,239530090.57008603
6736,231043439.08642578,238504381.64355177,238504174.59321243,238487777.00385243,237737054.19634095
6737,236487711.71044922,234334333.02269116,234362816.6804685,234144513.76010963,231043439.08652207
6738,236720239.1809082,236960627.76744765,237381003.51001954,237378863.98152205,236487711.71036696
6739,241333620.4099121,237250044.27227202,237306534.7926109,237419871.09630615,236720239.1808496
6740,241949626.90673828,240085390.97874588,240217086.2573083,240397320.71835852,241333620.40998235
6741,233096222.0979004,240879939.46655983,240762724.62492797,240941500.91840386,241949626.9066831
6742,231909333.32495117,235772673.8010489,235587732.55210075,235407530.23111585,233096222.09795
6743,237934325.6604004,234365266.8522689,234647911.19148344,234436335.50352404,231909333.32498208
6744,238972033.3786621,237628663.61432195,237953124.07568076,238073923.55892107,237934325.66035065
6745,237992386.2734375,238552741.73615968,238537977.93615434,238713537.59326604,238972033.37864995
6746,237644148.37231445,238207337.99640998,238181881.11583063,238233711.03218365,237992386.27341127
6747,240425404.13549805,237989708.19802132,238021686.78318256,238040294.22006747,237644148.372211
6748,244170072.72216797,239628108.01842657,239693474.68700933,239805656.61738643,240425404.1355789
6749,240070669.04711914,242175641.06114608,242132622.18881196,242350723.0141401,244170072.7221496
6750,237636866.49536133,240128916.50393513,239874797.59437317,239906925.60096133,240070669.0470952
6751,235952795.03588867,238483280.58144292,238463363.70204568,238360788.10236132,237636866.4953825
6752,237011010.07617188,237197171.27145308,237257537.589401,237168104.18905607,235952795.03592792
6753,235081561.82592773,237554004.9501584,237689250.68787554,237685345.2673693,237011010.07606936
6754,233485634.47387695,236330359.34636846,236370101.81261584,236348284.04946992,235081561.8259057
6755,233663768.57055664,235077633.21356177,235196904.80847725,235132550.06673768,233485634.4738373
6756,233269648.3071289,234914202.23326495,235093835.77043712,235081920.80269092,233663768.57063004
6757,228480271.6472168,234512332.58790022,234650290.02951148,234666544.00776395,233269648.30715224
6758,230388611.859375,231457565.5893447,231557251.14439338,231441443.83484295,228480271.6473177
6759,233651788.4428711,232080008.63320568,232439947.36143297,232415945.43654257,230388611.8592736
6760,233882950.43896484,233921545.404623,234146467.39356905,234311758.51939893,233651788.4428949
6761,233366781.51464844,234249148.9180269,234306633.10584053,234456203.9254759,233882950.43888137
6762,234105701.03588867,233991947.83298367,234050831.80834937,234136362.36993277,233366781.51453
6763,234930133.26586914,234398515.0268537,234486745.39012608,234588848.23134628,234105701.03582636
6764,231907447.6447754,234947325.58388942,235001596.5243504,235132188.84020132,234930133.2658388
6765,225704779.6044922,233154559.87495545,233132500.4131437,233159196.08821386,231907447.6448686
6766,231451823.64526367,229151293.91067165,229238949.18613955,229072092.72853625,225704779.6045408
6767,236836761.38720703,231933260.89797568,232369238.8695594,232451045.62569264,231451823.6452359
6768,234350615.8034668,235411077.33812904,235528656.40933797,235873486.58916625,236836761.38712052
6769,239092982.14770508,234403353.16262498,234252637.03895122,234428139.0914448,234350615.80356705
6770,239716755.09814453,237285327.8077023,237360290.5627372,237588665.04484943,239092982.14772388
6771,239349803.87475586,238162418.51790833,237978178.59958494,238227733.36645946,239716755.098234
6772,237835706.35620117,238255204.8949766,238093975.06634426,238234550.15452918,239349803.8747093
6773,240611304.89086914,237507205.0099543,237373102.42620084,237436340.420348,237835706.35614616
6774,238120140.6430664,239161177.07512742,239145146.91728675,239286089.32874382,240611304.89075455
6775,243330678.41259766,237935108.24848664,237741584.9061884,237813456.25444567,238120140.64299276
6776,244116939.64501953,241050833.50534132,241082358.0665888,241267114.41044196,243330678.41259164
6777,242269982.37036133,241989318.4924696,241733826.45369768,241959424.04822916,244116939.6450705
6778,240855836.31274414,241162919.71555367,240906705.77961156,240978568.17617747,242269982.37029603
6779,237572078.96679688,240342844.6990107,240192468.63444623,240193554.30024463,240855836.31269947
6780,233490925.8076172,238297422.03672263,238187117.18625215,238108414.78171647,237572078.9666921
6781,237740516.69799805,235530282.3888484,235552070.99221897,235383127.2877371,233490925.8075777
6782,237651098.5119629,237579365.04457292,237826567.6251418,237867039.82507488,237740516.69789425
6783,238303251.68530273,237618499.8527917,237588742.3670055,237702081.24135277,237651098.51196572
6784,235750424.69091797,237999925.0126214,238006017.6599002,238086112.6976925,238303251.68523723
6785,238393603.08984375,236559370.56619456,236506246.03343672,236505057.31600323,235750424.6909712
6786,238510352.31079102,237967137.6776559,238082650.28431076,238155978.53470358,238393603.08992308
6787,237758351.05151367,238202054.00344312,238153474.7622258,238265799.26252013,238510352.31079096
6788,239700911.1003418,237797261.90703526,237762313.59902608,237813675.02928334,237758351.05149963
6789,235543044.64453125,238886632.10555506,238903715.7095653,239013778.8358189,239700911.1003517
6790,235145498.01660156,236539745.41341674,236404888.09904596,236389636.98571968,235543044.64457345
6791,233265418.53149414,236052606.89048254,236164419.78276098,236113555.9419449,235145498.0165636
6792,240199297.52319336,234734667.193801,234806817.1681062,234771550.64374036,233265418.5315469
6793,238079202.57592773,238664236.61693496,238896709.20039514,239095673.64877203,240199297.52325788
6794,243155777.14135742,237854319.9711685,237666029.6955714,237819732.81572735,238079202.57593012
6795,240406027.48828125,240983107.9909454,241026914.63656136,241225091.9724922,243155777.14132905
6796,244014558.99121094,239814553.6333428,239545215.70103562,239665519.53445438,240406027.4881704
6797,240945763.84887695,241972379.20803782,241942943.2071756,242086476.15738475,244014558.99127904
6798,239405374.50561523,240455281.45113254,240182147.94194582,240252206.52519602,240945763.8488648
6799,239559953.89331055,239434031.67704833,239355938.35243177,239319551.4058062,239405374.50569627
6800,238934178.09179688,239388652.60342082,239373265.28018683,239389363.25844887,239559953.89340383
6801,234875158.04907227,238948341.2234319,238906522.78832948,238932676.7681542,238934178.0918594
6802,238459795.4099121,236393602.2785027,236343447.42979577,236254425.63559327,234875158.0490989
6803,235134142.5727539,238165072.58609328,238359522.5720259,238409373.92694837,238459795.40979987
6804,232050829.01611328,236257106.46490508,236182526.51738915,236198988.17556873,235134142.57272416
6805,235770531.45214844,234090511.52951342,234187499.00208068,234075220.64266124,232050829.01617151
6806,238222944.82299805,235956658.96170652,236217069.06357566,236286864.5572132,235770531.45215723
6807,239135759.0,237582525.89514485,237633688.80379725,237829269.264165,238222944.8228836
6808,237210615.0324707,238384690.52911493,238342113.8792757,238507320.05052325,239135759.00004253
6809,236776822.05737305,237411072.01085886,237321462.7676665,237379512.92176664,237210615.03251985
6810,239583326.4724121,237085622.33743542,237109106.1375828,237133305.37152627,236776822.0574135
6811,237461538.4597168,238734154.3708296,238796043.4227296,238932921.25502238,239583326.47232872
6812,234589760.40625,237654559.8764294,237543162.37942266,237615251.3666214,237461538.45975187
6813,238402781.20483398,235812943.30213425,235809995.56355405,235752373.60223857,234589760.4063475
6814,242731780.99536133,237908276.35228413,238085070.01912758,238177284.39243078,238402781.20482525
6815,241999502.1303711,240789839.5316452,240785943.4386709,241044705.80754277,242731780.99533108
6816,233795868.11499023,240824859.07883826,240615554.90004548,240776927.5878684,241999502.13046032
6817,238505066.9946289,236060318.92205137,235861591.61563385,235689412.6156345,233795868.1150394
6818,242031750.578125,238295716.4581257,238586284.76409072,238578213.79257014,238505066.99464768
6819,242776162.49829102,240572768.6166057,240569034.35621387,240789809.29549974,242031750.5781668
6820,241759801.07202148,241390140.3156149,241247407.92500478,241413821.9152431,242776162.49822855
6821,243876843.64770508,241049822.39257023,240897084.6723106,240962691.36930034,241759801.07199576
6822,244802577.04711914,242387518.93662143,242323986.37228242,242426123.60891962,243876843.64768755
6823,247724745.9807129,243238510.9743372,243077248.74896047,243202132.59170756,244802577.0471604
6824,248920477.37231445,245241845.5336198,245092064.63429728,245258524.99271393,247724745.9806313
6825,250138615.68164062,246361982.50744814,246085957.8423794,246251851.3825017,248920477.3722604
6826,243648300.1599121,247441392.15103382,247157936.8632238,247291790.10839808,250138615.68152696
6827,243390224.31811523,243812657.52948487,243428131.35037157,243321242.45432788,243648300.1598481
6828,247048090.82250977,243270411.6255758,243257102.8928897,243124599.73730353,243390224.318101
6829,238781265.82910156,245372862.00420573,245363156.3981897,245441668.8436675,247048090.8226018
6830,244779542.81518555,240610800.0149287,240323095.04993275,240155730.52192232,238781265.82902223
6831,248996913.94604492,243637562.14509523,243889664.93462086,243875966.61653984,244779542.81507847
6832,246209931.24438477,246446520.90196428,246332978.0591123,246568942.04402995,248996913.9460918
6833,242414013.64208984,245270489.58810893,244966821.96929643,245013704.5322672,246209931.24440703
6834,244719599.71655273,242968819.05602682,242821564.22673625,242681938.2460571,242414013.642001
6835,243312784.8762207,244057575.82148024,244117759.62597883,244091625.71491125,244719599.71658453
6836,247052952.67456055,243285089.58019158,243178926.65472627,243168026.1126553,243312784.8762033
6837,242388666.02783203,245436834.9321919,245461579.63368794,245540458.1631163,247052952.674504
6838,238192878.64111328,242910151.7432565,242675376.30136284,242624117.58141404,242388666.02794588
6839,240695522.5522461,240089935.17291427,240099774.58209148,239871532.04505786,238192878.64104173
6840,236174433.40893555,241158453.18104067,241380838.2650777,241314964.7787501,240695522.5522988
6841,237720240.74169922,238360684.44380268,238351523.06389302,238227450.35545087,236174433.40899807
6842,238363708.07421875,238859323.62947392,239125670.49232006,239041079.7201111,237720240.7417617
6843,239503187.90185547,239107187.24533933,239231558.55175793,239253981.50742128,238363708.07427192
6844,240476299.19873047,239769775.88063592,239877791.8611524,239924512.72145107,239503187.90174696
6845,242710823.22265625,240381489.47476617,240428563.59445602,240501724.54381618,240476299.19885093
6846,241609232.1328125,241822441.72497717,241843813.10283566,241964305.56524247,242710823.22259644
6847,236487057.80639648,241396199.90292504,241295292.43090147,241355920.43301323,241609232.13289788
6848,238961856.60229492,238294850.259841,238227223.32237932,238092665.706624,236487057.8064201
6849,237704708.60742188,239330236.86187482,239547735.04209912,239517716.1143922,238961856.60227916
6850,236554721.54467773,238596270.6689022,238621430.50567037,238635438.6844986,237704708.607479
6851,232786926.56933594,237737161.73477602,237834219.710986,237791551.64378718,236554721.54477048
6852,232040660.17895508,235252350.0224836,235348812.9041385,235223310.1068393,232786926.56925887
6853,232987885.78051758,234377414.0417505,234653460.5305254,234543240.55763435,232040660.17895183
6854,229935054.6196289,234645033.46431214,234921934.14180502,234921560.11614203,232987885.78057796
6855,235801667.30297852,232665877.69296533,232838252.901621,232777891.28957444,229935054.61956465
6856,234278707.0715332,235829206.24544513,236213732.97141388,236342925.86333755,235801667.3029806
6857,235725732.55664062,235211325.90056506,235220017.87851945,235346507.18695453,234278707.0714121
6858,235089375.89086914,236079085.36785063,236236548.4196766,236320106.83172813,235725732.55655608
6859,233733406.9025879,235785725.00668937,235838068.4361357,235917078.5285356,235089375.8907514
6860,239461457.45410156,234939546.49746943,235024326.50262597,235034510.61556947,233733406.9024828
6861,241189347.22973633,238325516.02263853,238536238.46549675,238727848.91062847,239461457.4540783
6862,238726014.0744629,239853944.03465354,239765595.9474142,240011642.55764395,241189347.22968423
6863,245194758.4790039,238715980.42311186,238572359.12030804,238637786.3204039,238726014.07434285
6864,245079657.65234375,242594093.32477945,242664349.09969124,242884241.4578046,245194758.47903413
6865,240673764.53027344,243198751.77438393,242917557.75604025,243129558.83876324,245079657.65235168
6866,239193822.38378906,240873241.71941137,240637757.62821874,240590375.96561193,240673764.5302192
6867,242034885.27124023,239785382.45518962,239786510.17524576,239685586.45142016,239193822.3838952
6868,242304918.16455078,241319157.38948563,241396378.25217524,241447449.69020203,242034885.27131772
6869,244231723.66967773,241677486.80791768,241597253.8522634,241675408.78931397,242304918.1645947
6870,245084120.11669922,242969686.82196528,242923113.72764575,243013379.16842484,244231723.6697072
6871,242996890.13305664,243750366.7934048,243618083.98183003,243715005.06442386,245084120.1165913
6872,245052089.47705078,242695466.69530183,242522896.59626585,242513124.59060568,242996890.1331513
6873,241202456.40527344,243875491.36175597,243854612.12274826,243889857.4469461,245052089.47696248
6874,244365771.04516602,241668205.24231648,241478655.25775626,241420799.25740966,241202456.40523264
6875,243114083.55908203,243346611.5595978,243419346.47599417,243433510.67814806,244365771.0452053
6876,243746084.1748047,242787341.4389146,242649718.75060558,242677989.8687417,243114083.55904317
6877,242427941.73583984,243100485.26026702,243060034.09372306,243062895.03934303,243746084.1749189
6878,241372652.3269043,242409062.15499547,242315894.12021366,242291214.93074554,242427941.73572293
6879,244868721.39672852,241697695.17229664,241678043.03867576,241614548.28619072,241372652.32697245
6880,249271921.87646484,243655423.10923332,243711394.62707138,243782946.0264744,244868721.39666685
6881,248419884.62036133,246559977.45287505,246457014.09548292,246672855.4003513,249271921.87635136
6882,249566618.61694336,246586592.23079124,246280038.5172727,246394224.4331622,248419884.6203881
6883,250267339.97875977,247481265.64482978,247281566.33790594,247343778.46045774,249566618.6169637
6884,247819967.4494629,248175174.09285825,247933166.98237932,248004838.47111562,250267339.97878727
6885,249161811.18432617,246874505.36978325,246594329.69217312,246558178.5337948,247819967.4493535
6886,245914073.56713867,247598620.08472437,247478347.3156572,247467911.40361595,249161811.1844273
6887,244233521.47729492,245770668.19116968,245538496.39206403,245457611.94597095,245914073.56713808
6888,241926669.21435547,244512845.98223808,244454113.1041506,244311273.26745895,244233521.47736567
6889,242675581.81420898,242892019.37806812,242872830.4955475,242720743.2245087,241926669.21426827
6890,241095863.22753906,243026669.4934776,243120717.974896,243037803.13219592,242675581.81419644
6891,242662516.06958008,241966573.32015055,241974456.53004307,241895660.8712806,241095863.2275433
6892,243340813.45947266,242700417.8837563,242806076.06794536,242783149.4601944,242662516.06958663
6893,240451753.56323242,243130943.98135176,243135538.30898586,243166601.62377366,243340813.4595402
6894,241392719.66186523,241398228.80997977,241345965.9371218,241272192.60898557,240451753.563113
6895,238015877.58544922,241681346.4421691,241787781.56418225,241745701.7400181,241392719.6618797
6896,237995941.63354492,239597152.1006403,239589408.26423034,239494266.46727386,238015877.5855334
6897,243871892.1616211,239217297.2207628,239391178.2877716,239303399.7612654,237995941.6336324
6898,248140635.70166016,242583702.03866807,242774267.7797595,242933116.0508296,243871892.1616446
6899,245577057.8330078,245574102.0289536,245481951.4564987,245764359.4848771,248140635.70159212
6900,244886796.91748047,244605747.63528544,244315899.49127203,244406638.9720854,245577057.83293292
6901,247521553.93041992,244281190.01305768,244177962.49471593,244160340.00211573,244886796.91750896
6902,240129187.74389648,245903065.12405518,245849682.91221294,245931797.34781444,247521553.9303981
6903,242975529.70581055,241739694.8198292,241485331.61586884,241334376.65576395,240129187.74399891
6904,246072395.37841797,242947458.04816702,243148852.30336612,243059733.37144136,242975529.70573816
6905,248262176.76904297,244873901.1845651,244885503.09459853,245002908.10548955,246072395.37837905
6906,247973846.44702148,246494770.41545516,246392630.09909052,246528207.5280711,248262176.76893795
6907,248401980.1340332,246676676.64731434,246484080.89119813,246546232.48823524,247973846.44706017
6908,249440561.26708984,247158951.36262536,247024947.97783363,247044016.19489518,248401980.1340164
6909,245899267.484375,247962334.33111313,247829720.65150002,247864819.4774528,249440561.2669707
6910,243568499.83764648,246006536.16244042,245794806.0046109,245699950.1839341,245899267.48426023
6911,246499066.1628418,244436950.67843297,244418064.28622186,244236350.77205852,243568499.83760548
6912,241335111.29833984,245918125.63536507,246023740.39277393,245996904.05388364,246499066.16280168
6913,240763468.43041992,242872315.21788076,242741419.07804805,242599462.65673387,241335111.298421
6914,241870549.78833008,242101829.357783,242264364.35023144,242082975.8688107,240763468.43049031
6915,244699556.9543457,242536011.6645757,242685923.41346046,242631539.29475832,241870549.78839388
6916,243129811.11938477,244203701.4140383,244308618.8959623,244361724.74867767,244699556.95431328
6917,245548009.00317383,243465038.99172997,243404641.55137196,243394255.29157996,243129811.11928275
6918,246609492.3215332,244877046.8683666,244950131.1988956,244971270.05490422,245548009.00312328
6919,243102307.71704102,245702411.48869047,245637515.68032354,245704595.62585616,246609492.3214432
6920,238486172.97509766,243773473.90159586,243647689.90831235,243560074.02008986,243102307.7169321
6921,237205881.45239258,240728149.54522115,240751901.45699853,240512146.5647374,238486172.9750719
6922,247072286.88183594,239451702.04518408,239680056.3439411,239472736.35054126,237205881.4524462
6923,247277633.42700195,245051478.44530496,245392487.72380218,245580715.23087472,247072286.88174745
6924,246165045.01733398,245855636.3499691,245646592.11842307,245851274.95100528,247277633.42702475
6925,244510611.34155273,245498513.24536222,245360081.2114147,245367377.21665132,246165045.01740015
6926,244975305.9296875,244582998.38601437,244495241.16010773,244426540.1865817,244510611.34151223
6927,246349794.01489258,244817921.72805324,244828276.3033905,244776978.4074474,244975305.9295972
6928,248550644.7001953,245697152.7716524,245690513.8000744,245701076.19514096,246349794.0149973
6929,245640930.87573242,247160944.88163915,247107482.93446043,247173609.53449592,248550644.7000962
6930,242267879.58789062,245668097.13243833,245483709.0392266,245428968.13784134,245640930.8756456
6931,240955101.85546875,243491615.66258284,243456658.3057451,243265693.72125116,242267879.5878719
6932,249319984.30249023,242317082.87969604,242419451.284981,242245812.92181143,240955101.8555312
6933,246052907.84277344,247104182.71532154,247326763.80611145,247476760.52072945,249319984.30239585
6934,245128920.30639648,245686007.63070267,245403597.52485812,245467385.58795178,246052907.84277716
6935,245596395.43432617,245090735.21182764,245053750.00195807,244963463.6193083,245128920.306317
6936,242389913.22827148,245294079.73422948,245280052.91741294,245247237.9840165,245596395.43428877
6937,242309297.08740234,243371176.11389664,243299321.28121862,243179736.53916174,242389913.2283359
6938,244296735.36499023,243032959.49041307,243134117.91621393,243018485.2580615,242309297.0873786
6939,247745191.09887695,244106495.93969747,244198393.13997233,244201866.94285908,244296735.36505288
6940,248281500.34960938,246297667.01161247,246314048.42707497,246427441.27435622,247745191.0988784
6941,246024487.37426758,246957726.53606924,246807661.58187893,246897688.80242178,248281500.34952888
6942,247582114.3762207,245824918.31898436,245664731.89236963,245617469.30878308,246024487.3742868
6943,242487587.9152832,246693406.56000113,246682320.85115814,246663865.34501433,247582114.3762605
6944,242957921.79077148,243752286.42618436,243593387.64592305,243440524.16389698,242487587.91537967
6945,245379644.62158203,243698963.57977504,243843047.6417991,243690601.1314496,242957921.7907858
6946,241815867.8701172,245049167.7275883,245144614.92262104,245152501.13189355,245379644.62162107
6947,236197660.43603516,242987758.41731235,242914449.08280775,242813943.27244425,241815867.8701184
6948,238210931.68139648,239286158.49728778,239361216.74219543,239071174.99737346,236197660.43595973
6949,242194121.7080078,239855631.63942596,240214464.04832193,240069036.12959298,238210931.68133304
6950,241249197.85913086,242058322.26727557,242272461.9182032,242356568.76901346,242194121.70794657
6951,239852490.37036133,241742558.07225397,241740660.1018524,241770913.02541366,241249197.8591588
6952,242807891.16259766,240907935.0379504,240972516.146778,240901973.32213262,239852490.37039283
6953,243855013.8947754,242570484.79910827,242727583.84342277,242761181.24116138,242807891.16267988
6954,236521041.47094727,243384903.97645998,243376761.54174402,243456256.61275074,243855013.89479575
6955,232136297.3017578,239092464.5177266,238979963.6242691,238787111.20679563,236521041.4709527
6956,238130187.12475586,235827986.61182967,236073047.6166308,235751885.50317,232136297.30177307
6957,236870253.01782227,238736084.8958628,239192658.34369326,239198965.77372655,238130187.1246851
6958,240244125.31640625,238108655.5800215,238167597.2467621,238219824.27757475,236870253.0178398
6959,240896779.07495117,240072917.29770994,240278180.08471477,240360395.6798331,240244125.31651887
6960,244926226.78588867,240669078.13146198,240670545.4129486,240786031.1758506,240896779.07496756
6961,246098107.8466797,243284023.68373987,243323954.87020314,243496808.28942648,244926226.78586304
6962,242446594.67651367,244467474.01047495,244313675.80725667,244483874.24159396,246098107.8468012
6963,240769812.30444336,242614490.93993443,242415636.00643688,242385299.1422022,242446594.6765577
6964,239323475.10791016,241455874.24171114,241456866.41367835,241347071.8923262,240769812.30441743
6965,242753746.4885254,240403469.15399563,240455084.27694944,240356220.6862405,239323475.1077944
6966,239035611.94750977,242264185.59179682,242414115.82913736,242458570.38728964,242753746.4885272
6967,241491646.0756836,240168065.62047613,240075445.03485817,240033511.7647786,239035611.94762096
6968,241918236.26708984,241383269.80724773,241542440.76230678,241534618.69445404,241491646.0757131
6969,237912057.1057129,241761362.6786011,241750934.5277903,241806218.1720951,241918236.26719636
6970,245315380.05322266,239475087.78309944,239436639.81348905,239327548.46093297,237912057.1056328
6971,241048011.30932617,243636232.61541826,243887586.84417516,244008178.7163784,245315380.05318907
6972,237864683.65600586,241539397.8103828,241309561.21001008,241345627.60308143,241048011.3092126
6973,239695434.46484375,239439450.40924168,239477947.90439436,239309809.42004132,237864683.65590823
6974,238227002.14257812,240206717.5495458,240391403.4500033,240350859.46508995,239695434.46494207
6975,239084858.71679688,239307344.92465386,239346881.63194343,239315622.0388259,238227002.1425393
6976,238065502.9333496,239665473.80260012,239804144.5620584,239787487.49694833,239084858.71675116
6977,239287727.04956055,238994348.10759073,239050923.7048177,239034634.32705256,238065502.9333757
6978,239818493.32226562,239592910.57459602,239717044.13754338,239732702.52594426,239287727.04947004
6979,240294837.8161621,239958145.18830255,240002313.1507531,240049482.2840592,239818493.3223274
6980,240290968.38354492,240351352.40049928,240390344.00037146,240429784.84700426,240294837.8162646
6981,240982598.79370117,240376139.20357153,240387808.31164116,240417952.69946843,240290968.3836269
6982,240452093.0666504,240813142.41212794,240834873.50650313,240875779.93517843,240982598.79374015
6983,241094532.28637695,240565242.20635986,240546779.86768126,240566753.42793298,240452093.066674
6984,238236754.17895508,240926093.7906573,240947610.2491234,240974908.6028574,241094532.2864236
6985,243725853.98535156,239254183.1266617,239208763.69874755,239151988.66349155,238236754.17900905
6986,240025251.47314453,242378599.56429756,242549806.3696582,242654437.75649884,243725853.9854065
6987,239620771.14160156,240535023.5776543,240348514.99060392,240371265.00133145,240025251.47306824
6988,243781035.8557129,240121801.43324322,240184508.68078798,240117215.3203032,239620771.14171097
6989,241020485.13061523,242524606.65854985,242609259.34312418,242726767.92985648,243781035.85570988
6990,240655126.27172852,241170369.07810372,241005008.05795944,241035522.1817104,241020485.1305889
6991,241180346.3203125,240813511.20512876,240827253.39051458,240788143.8676444,240655126.2718358
6992,239035290.42919922,241071587.987142,241084161.76747468,241101247.18552646,241180346.3204296
6993,232883376.14404297,239789704.63678887,239753708.03436038,239713260.8483563,239035290.4291367
6994,237144205.51879883,235820721.3180545,235837963.99396533,235617353.85063106,232883376.14410105
6995,235525888.4345703,237716034.67960143,238073294.13319707,238044809.9418975,237144205.51879176
6996,238286875.77026367,236798822.6715871,236841793.11906958,236868567.32453153,235525888.4345821
6997,236090028.40844727,238328210.0263409,238518702.27061114,238583711.3482475,238286875.77038452
6998,236614862.87036133,237122052.95524225,237113124.52454218,237137810.8430886,236090028.4084837
6999,237378075.03076172,237276595.02720267,237410104.05710238,237415052.8852585,236614862.8704168
7000,237352275.08154297,237716849.6516218,237804182.08127105,237867875.63230893,237378075.030646
7001,236824309.18920898,237723675.66540948,237773560.81204918,237832084.25101995,237352275.0814818
7002,238263358.9140625,237349709.37215856,237392965.87011534,237427935.01717958,236824309.1892709
7003,237366946.78735352,238162854.74969807,238241822.16170725,238320368.32726163,238263358.9139568
7004,240339731.2565918,237774792.8353755,237770790.86349958,237821273.56135044,237366946.78725412
7005,237835979.52661133,239547608.3497179,239633758.78549835,239750764.6959053,240339731.2565776
7006,236373311.04785156,238311830.5587866,238209862.3064668,238249806.44945854,237835979.52672243
7007,230914223.04833984,237327060.64816856,237375777.9137556,237324568.01047102,236373311.047897
7008,233665891.4765625,233851432.65849927,233901936.4417788,233727403.56254685,230914223.04832304
7009,231534004.83618164,234916126.0820933,235269325.5080345,235229311.16559747,233665891.47644392
7010,228788473.37329102,233512785.6907065,233625734.22991744,233624874.58059958,231534004.8361468
7011,229559419.59985352,231548313.22748595,231758386.56656513,231659230.24590874,228788473.37338084
7012,227695854.30859375,231583407.74144998,231906548.34457937,231890233.64234364,229559419.59990013
7013,226515162.14013672,230282685.8508088,230507636.0700646,230495242.32227108,227695854.3085366
7014,228877373.15234375,229219554.9866361,229515781.8135173,229482878.0491594,226515162.14024013
7015,237037089.58520508,230356453.7227899,230703913.05936527,230793125.85777342,228877373.15241247
7016,231880871.5654297,235322589.71190965,235598803.8501713,235962250.56102777,237037089.58521748
7017,233362949.1821289,232870817.83505723,232661430.21212748,232812517.30344367,231880871.56553137
7018,232386520.7775879,233669902.7090868,233838863.6574331,233903332.3330921,233362949.1821939
7019,235667981.49414062,233117574.4636153,233145495.27973557,233244841.7456791,232386520.77767983
7020,236652671.04711914,235041231.12477878,235170087.25219923,235344150.7169485,235667981.4940808
7021,233515258.11694336,235930811.65850103,235886575.7136515,236092488.2027633,236652671.0470298
7022,233718414.99169922,234242159.17232078,234148147.38065955,234195595.51574042,233515258.11702505
7023,240576872.23608398,234213736.51858917,234306375.82082713,234341036.21937028,233718414.99170843
7024,240180973.99658203,238337579.2576681,238461401.36454085,238747199.39124247,240576872.2361481
7025,242384655.69970703,238717906.72993168,238477618.9584675,238724606.90706313,240180973.99654743
7026,236510344.00146484,240337233.73326963,240215750.6950946,240404988.48204958,242384655.6996623
7027,235815502.77563477,237149044.40676877,236861067.3950747,236846601.47441354,236510344.00155005
7028,240749884.00195312,236414493.0733216,236472528.91651484,236400211.781277,235815502.77556744
7029,235877197.00952148,239236505.53296494,239332507.8425803,239501693.18952075,240749884.00193343
7030,238164531.55541992,236632953.6508417,236410647.03745973,236436899.14827207,235877197.00949675
7031,237102416.6760254,237757122.15228695,237869235.03346235,237900640.75469142,238164531.55545697
7032,242446469.9506836,237191646.04302743,237118321.0661871,237187099.95329392,237102416.6760044
7033,239604472.02148438,240419696.12976483,240489423.89358577,240686793.9231576,242446469.9507953
7034,233168911.4423828,239130835.93012822,238871163.64852992,238983145.06117073,239604472.0214386
7035,234260275.90405273,235195999.67714387,235080634.80361578,234911075.13547665,233168911.4423216
7036,231938472.63549805,235304272.3492254,235525353.72339842,235446588.23851764,234260275.90409103
7037,240390805.27075195,233679842.08736593,233750030.3841578,233716203.19651,231938472.6355456
7038,242558704.7253418,238474346.88817713,238752143.8551897,238987182.62255493,240390805.27069476
7039,241626223.50830078,240369439.78301167,240181146.90658444,240508840.31192657,242558704.72535756
7040,239510353.05078125,240244998.00363246,240014043.08889982,240166395.41202763,241626223.50834045
7041,237565867.93286133,239100339.18420652,238920512.86593038,238953163.25514066,239510353.050885
7042,237306583.54833984,237887837.70521623,237815230.77858654,237786533.02896413,237565867.9327689
7043,237224852.8244629,237540476.68485937,237555267.59242848,237553706.40274635,237306583.54841307
7044,237927564.50146484,237403861.74433875,237418534.42794213,237451507.92698178,237224852.8244072
7045,233844154.75878906,237752356.56085092,237770797.92538285,237839063.70355332,237927564.50147957
7046,235854871.61401367,235301427.94416386,235237286.78883725,235187245.01663187,233844154.75876263
7047,238168800.1538086,236159949.08096585,236338990.92699486,236355603.61429572,235854871.6141031
7048,237906127.9260254,237560052.27961743,237609042.3125746,237763970.40715474,238168800.1539296
7049,237596426.2631836,237583727.08690992,237519493.98737127,237636133.04543,237906127.9261041
7050,234638818.29736328,237462087.96814427,237429984.94324982,237498925.02801743,237596426.2632715
7051,235942891.23266602,235660520.20616046,235611268.20819455,235590864.6989143,234638818.2974315
7052,232869251.5192871,236196589.70358837,236319923.52802706,236352604.65758258,235942891.2326912
7053,240918933.9477539,234280955.93249798,234267107.47925887,234260903.09596506,232869251.5193816
7054,236503779.64160156,238848489.08276147,239087779.67428285,239324929.0475818,240918933.94776165
7055,238960386.27294922,236706726.49786744,236427380.720426,236564555.25599295,236503779.6415245
7056,241738404.76635742,238089095.87012726,238155634.85467458,238245937.69569907,238960386.27284905
7057,239192025.45996094,239948843.75250417,239870409.54876435,240097970.64068228,241738404.76645
7058,239334850.8203125,238746558.32308826,238525206.68514276,238620183.18456212,239192025.4599845
7059,235491637.68823242,238813835.20838508,238768019.9842192,238817453.77681893,239334850.8202007
7060,236121546.09204102,236505107.84208766,236397724.67758352,236360228.1301388,235491637.68823475
7061,241631813.16625977,236578701.79220548,236692011.3229025,236679455.83689627,236121546.0921076
7062,241576359.21679688,239875378.16820753,239972805.71325383,240190523.3108014,241631813.16631925
7063,241628811.83129883,240346207.77628094,240164181.01381344,240357522.9017091,241576359.216896
7064,243362469.57373047,240560612.1213887,240432089.8933594,240533682.62221885,241628811.83131504
7065,239077700.96044922,241775004.8416415,241673157.6853581,241808044.92598006,243362469.5736644
7066,241447715.29248047,239433310.09713283,239207916.6515326,239191409.55746612,239077700.9605372
7067,241650428.86669922,240666181.51888564,240725147.50833648,240753612.66441748,241447715.29258743
7068,237822957.76342773,240922747.6400686,240823611.06174308,240916372.55865452,241650428.8667284
7069,235698391.59765625,238668201.7607095,238545874.86496878,238484885.5698678,237822957.7634038
7070,235329607.8857422,237099262.80550653,237162851.15043223,237042670.0826489,235698391.5977189
7071,235223730.65527344,236588539.51695603,236731840.33402926,236671615.31050768,235329607.88575748
7072,238755810.79125977,236295417.7024521,236426052.35431114,236417171.84347203,235223730.6551897
7073,238751890.11083984,238295600.20484772,238454945.85531434,238578492.76587215,238755810.79135644
7074,238893532.38061523,238472088.5034492,238424737.00228983,238552231.54176098,238751890.11089787
7075,244243026.99072266,238654212.67704877,238636704.49731177,238710978.87399215,238893532.3806354
7076,239341877.57910156,241999744.16832855,242036606.2539046,242262407.80129084,244243026.9907627
7077,239912288.12280273,239516800.75360712,239218468.7327864,239269889.23214504,239341877.5791697
7078,245198999.19189453,239709131.66479513,239743703.5883485,239725419.7062125,239912288.1226831
7079,241795315.8857422,242921630.74198264,242934774.18769887,243141936.64560142,245198999.19179896
7080,242425313.00048828,241374180.77143675,241089206.18558463,241165209.0283994,241795315.8858545
7081,242865391.58081055,241669413.0123403,241629569.5436304,241643772.4655104,242425313.0005154
7082,241732908.06225586,241966158.2226422,241865473.121337,241935392.81259164,242865391.5807072
7083,236467860.0913086,241391746.92211378,241276591.46772817,241292973.73538902,241732908.0621539
7084,240193790.93725586,238156489.0108392,238054301.79953924,237902803.03819913,236467860.0913103
7085,241720702.07739258,239998833.64801437,240216655.55389965,240208801.79381663,240193790.93732005
7086,242209429.3955078,241030274.92460772,241010003.06732094,241133995.31475213,241720702.07737303
7087,243971691.62475586,241473573.14639953,241406560.19645014,241493784.64644256,242209429.39548057
7088,245858978.03759766,242648868.09071976,242583733.86503273,242697067.76354447,243971691.6247462
7089,243308930.75805664,244019368.76222774,243887292.80750284,244035281.25937605,245858978.0375505
7090,244182972.1442871,242778526.8743672,242545887.67712116,242570404.47778335,243308930.7580931
7091,238992443.70776367,243259033.99783495,243200472.0760685,243214941.56716686,244182972.14430183
7092,235995106.92407227,240191884.25381228,240021410.73346344,239908519.57981446,238992443.70764247
7093,238599641.2536621,237929450.81651026,238016677.8486053,237816209.68050557,235995106.92396507
7094,241135933.453125,239062274.2727709,239283983.21196562,239264732.1001466,238599641.25370243
7095,241892581.20776367,240602318.8763895,240674252.87642145,240793269.02590844,241135933.45312893
7096,243397523.9230957,241247423.41975525,241204695.04730034,241313730.8096387,241892581.2078487
7097,245704582.56298828,242308255.97818735,242261239.98214716,242371991.90526605,243397523.9229921
7098,243008953.64233398,243916778.8591257,243820062.32692137,243974142.09588376,245704582.5630612
7099,238425175.4621582,242631095.4305721,242411269.57829732,242437141.4966504,243008953.6422247
7100,238460760.5751953,239783835.4768773,239689609.0706463,239532879.31104028,238425175.46226373
7101,238506301.7319336,239442563.34954318,239586193.13861743,239477799.29624325,238460760.57509527
7102,241494804.83544922,239241576.0076593,239332672.84615454,239310859.73602358,238506301.7320208
7103,247819991.62963867,240964389.75040436,241077523.20991743,241161422.59078214,241494804.8354645
7104,242906872.0480957,245020721.97700125,245033006.82620692,245307718.1306848,247819991.62963077
7105,247199002.40698242,242678988.60681304,242328394.0005323,242384952.12937915,242906872.0480982
7106,244335804.65795898,245183289.19869915,245211539.09085634,245291456.56422943,247199002.40690368
7107,242597133.07202148,243810884.2857009,243541736.00228405,243580750.17283094,244335804.65786785
7108,238668827.3244629,242725369.14496627,242648536.26356602,242560538.4246938,242597133.07193395
7109,237819288.92089844,240226316.8196317,240187687.78016523,240022970.48916045,238668827.3243453
7110,241563498.81469727,239278982.95217174,239427851.0490418,239282987.86443216,237819288.92095312
7111,239619894.7331543,241255331.2453236,241440069.48126093,241492293.10754105,241563498.81464663
7112,242135350.24023438,240242563.2026412,240191183.94067466,240206739.4839681,239619894.73322773
7113,240269858.7932129,241617988.93455485,241717721.37821457,241765662.3626107,242135350.2402453
7114,241109903.09326172,240662327.96795854,240586936.52283037,240601924.5861525,240269858.7931
7115,237650499.61694336,241065745.97812903,241124182.63595453,241130435.3457391,241109903.09326732
7116,239257909.47192383,238962974.9168515,238918144.27081358,238848910.29836297,237650499.6170188
7117,242838712.80517578,239625298.27911565,239788340.41517127,239767537.37054288,239257909.47186124
7118,242375873.8527832,241803342.1737372,241879136.1009157,242022534.1558005,242838712.8050981
7119,242427649.25146484,241843796.25153172,241736107.31264597,241832319.5646038,242375873.8528586
7120,243334520.63598633,242014104.62234703,241971644.68288252,242005028.5889799,242427649.25134817
7121,247070424.11791992,242643684.17558748,242609185.64778268,242664001.28237933,243334520.63600725
7122,247208456.7109375,245059139.01404727,245019717.2655963,245174133.0514126,247070424.11796737
7123,248063789.46313477,245599184.2078357,245384694.98760927,245506509.59387687,247208456.7108259
7124,249216515.84985352,246331671.85417306,246160889.49267504,246232859.36882335,248063789.46316817
7125,247867936.4008789,247288229.39341366,247098068.12825814,247178117.30238873,249216515.84991103
7126,242148669.76708984,246765325.294829,246531528.22165626,246534299.5645025,247867936.4007921
7127,239650905.12719727,243306023.55051738,243107746.21931148,242910971.7860362,242148669.7672035
7128,240819044.87036133,241323866.93489128,241403694.40976346,241164677.32278135,239650905.1272196
7129,244734984.57055664,241587012.499835,241756653.1205958,241665459.42247558,240819044.87033895
7130,245159598.3701172,243821567.84809113,243935518.9897389,244024602.4839129,244734984.57047844
7131,243892690.78149414,244318287.88805863,244220800.99976987,244309955.5802406,245159598.37012637
7132,247645269.47192383,243740293.76769176,243646446.86847162,243629811.7521755,243892690.7813948
7133,249622407.1484375,246006512.54163417,246027065.2303575,246109542.5945374,247645269.4718628
7134,246365254.06079102,247557924.02375793,247391196.1408518,247533050.17362317,249622407.148433
7135,241231176.6821289,245950967.07039958,245691152.1314223,245657027.37660015,246365254.0608191
7136,240857829.38012695,242741367.01657063,242635693.02823684,242408991.04688588,241231176.6820212
7137,244465491.55273438,242003163.6201721,242140172.27712572,241966725.7078387,240857829.38018385
7138,246923674.3251953,243922221.7294414,244065753.8595045,244100258.63817066,244465491.55283627
7139,244806228.54638672,245553976.2038803,245512783.04759753,245638278.8802838,246923674.32513493
7140,244605728.92626953,244554880.5098866,244387956.52935335,244388216.4129014,244806228.54650483
7141,244804511.65673828,244424117.57365972,244398471.20346248,244347023.7618734,244605728.92621168
7142,242259871.0234375,244547960.9190634,244522965.480711,244501743.63559687,244804511.65666276
7143,240629015.23095703,243021712.08344316,242962525.8871685,242865609.62498227,242259871.02353337
7144,243525881.18579102,241813184.2409704,241875363.07746974,241736353.94560364,240629015.2309548
7145,243782630.43530273,243315084.2927172,243467308.4174269,243470238.8572478,243525881.1858621
7146,248448582.1484375,243560044.50664002,243535507.68559653,243578230.51729843,243782630.4351929
7147,250829023.23779297,246434081.61160776,246461663.36915845,246604856.63424248,248448582.14849684
7148,250307343.19873047,248356995.1769964,248163452.30476114,248351689.42155963,250829023.23778307
7149,255335054.6069336,248517166.06850255,248247728.3946064,248317254.4687285,250307343.1987159
7150,253608148.37548828,251829360.19458792,251678784.75506344,251834402.7546255,255335054.60693413
7151,252474146.60864258,251437428.00746006,251024035.02395952,251092317.42088383,253608148.3755406
7152,254531539.11572266,250908989.65044016,250639953.32349753,250575421.05777684,252474146.608668
7153,248344670.6533203,252241778.79185143,252062378.0681584,252067515.71249223,254531539.11575192
7154,247041927.07666016,248717228.66779009,248368973.26897144,248189824.53121036,248344670.65339687
7155,246412354.3544922,247509020.26137275,247510357.9285216,247274275.17735872,247041927.0767088
7156,241869920.57958984,246820942.9261442,246826479.98536086,246680524.50735888,246412354.35451928
7157,246362297.40063477,243865007.1807458,243842800.24951223,243599530.81239864,241869920.57960016
7158,246665438.26513672,246095350.0729089,246351011.06480882,246285644.8220929,246362297.40063664
7159,248816900.16259766,246398506.63311192,246357274.04549563,246381000.04792634,246665438.26517957
7160,250277538.64111328,247781558.40659994,247784868.6945706,247812417.99655095,248816900.1626002
7161,251188550.83691406,248878190.96806675,248776738.1421259,248836207.93432075,250277538.64116767
7162,245597963.81567383,249687376.2545125,249545822.55180418,249583419.6300797,251188550.8370333
7163,243790442.1669922,246500107.0768252,246272659.70522702,246101285.83370999,245597963.81558132
7164,242334851.18725586,245050919.97915527,245124526.14562023,244887258.76695725,243790442.1670992
7165,241426297.80566406,243861763.72261816,243969619.45325387,243785238.07505438,242334851.18714544
7166,237011399.29882812,242992697.94444972,243145279.2008982,242985686.18040833,241426297.8055476
7167,243250076.18969727,240042953.25604793,240171748.65980184,239926061.63270283,237011399.2987781
7168,242894344.54760742,243271793.24040842,243674862.3955941,243665650.05027923,243250076.1897145
7169,243154124.35546875,243322687.7228311,243330733.83011296,243383037.30484566,242894344.54764432
7170,240605359.8408203,243509949.33483675,243586839.73647514,243559892.5878182,243154124.35540748
7171,239140150.33154297,241982024.12519562,242006406.7116207,241905356.22560644,240605359.840888
7172,238848119.20141602,240848722.42239103,240994964.46628717,240853424.59962448,239140150.33160105
7173,241455242.15478516,240378160.80683547,240567000.1214299,240472317.76617923,238848119.2014324
7174,240541396.83154297,241734252.1000035,241935442.9586979,241960249.05486748,241455242.1547596
7175,238257704.3293457,241288559.3546143,241325344.62203315,241330563.8787872,240541396.8316616
7176,239672885.7373047,239869084.91634464,239950868.51801696,239849532.88594624,238257704.3292322
7177,239945600.44189453,240512051.89917925,240720106.8142947,240681650.1037544,239672885.73732275
7178,239030429.59936523,240667581.3349127,240775415.37273687,240782928.6449723,239945600.44177887
7179,237799061.61987305,240098309.36736017,240186302.51751375,240149187.55234724,239030429.599432
7180,236992735.11767578,239266141.52992707,239389038.76997292,239315042.29719278,237799061.61978945
7181,236091818.27294922,238590094.99860674,238757272.91647726,238683182.97078866,236992735.1175857
7182,237844857.08276367,237817782.82411978,237995978.94731244,237928935.96765652,236091818.27283737
7183,245044064.16577148,238647962.68703082,238869203.5069465,238883341.01970404,237844857.08283865
7184,248354575.6352539,243069301.96836436,243249962.7127796,243498284.1856492,245044064.16583788
7185,242362008.5546875,245767382.0626589,245611445.83125725,245907308.9120163,248354575.6351532
7186,243421664.47216797,242760020.9378114,242445780.7378428,242414542.2621546,242362008.5547418
7187,245763948.58740234,243184106.56608662,243246211.46950826,243181059.42830902,243421664.4722692
7188,241833065.96069336,244652166.205216,244637116.1763404,244717499.87143248,245763948.58743605
7189,242149102.06860352,242512470.41482422,242353481.28455716,242288782.4820021,241833065.96071813
7190,245828269.1213379,242469268.79538685,242549644.62673846,242464867.8593135,242149102.06858256
7191,243730188.95166016,244649761.3294459,244714103.23830074,244798770.20018876,245828269.12126893
7192,244749127.7373047,243714801.1236415,243571748.72358844,243575824.2532522,243730188.95175937
7193,243354886.45336914,244311961.0952009,244329404.59191272,244304815.39851245,244749127.73740107
7194,244277792.93041992,243594812.3519402,243531877.8529167,243484678.63113165,243354886.4534814
7195,243931971.94311523,244092051.4626656,244130503.75263524,244094200.28747272,244277792.93051663
7196,237954737.26367188,243929160.8861436,243898332.47927767,243870652.39904583,243931971.94310868
7197,242687588.72143555,240307280.36230454,240249001.73861092,240027275.4998642,237954737.26367345
7198,243873828.07617188,242600349.1539555,242900024.5429261,242851214.1627567,242687588.7214246
7199,244521929.20263672,243450111.73947522,243438435.8258428,243521951.95011592,243873828.0762
