idx,truth,norros_f,linearP_f,farima_f,persist
5808,250708815.2861328,249938626.20968005,249960115.72006273,249982651.15124014,251343182.1935901
5809,251155708.51904297,249871635.63036656,249807264.76209882,249841791.65177876,250708815.28602055
5810,255402081.2644043,250105438.53595066,250060702.68874905,250080458.85812372,251155708.5189306
5811,252683593.57104492,251887703.78661123,251812098.57956392,251859978.60557482,255402081.26443848
5812,254175670.0571289,251257041.29886726,251109789.05369782,251098523.7087215,252683593.5711588
5813,252109399.56811523,251868294.37067786,251782006.2176964,251758725.53510645,254175670.05707315
5814,252942830.63183594,251222601.82469264,251115564.57764643,251070767.5261249,252109399.5681185
5815,252080660.43188477,251516119.9891442,251456240.64915806,251413141.92404985,252942830.6318714
5816,247814897.60717773,251255047.22617772,251182484.17633566,251135204.19073915,252080660.431996
5817,251271602.1953125,249539481.25388458,249512208.63889703,249429951.40163085,247814897.60713977
5818,250972693.89282227,250530599.69525987,250575145.85236308,250555046.94850448,251271602.19536015
5819,249671111.99291992,250528392.5941579,250494144.73343262,250486114.04646426,250972693.89280608
5820,250719487.46435547,250032959.1576336,250016761.7178775,249985157.9554689,249671111.993026
5821,251097129.44848633,250326600.35865402,250330786.94977042,250318588.07454583,250719487.46423548
5822,251905349.77294922,250502314.45975512,250479502.95354265,250475784.07767782,251097129.44845432
5823,255882722.57861328,250870513.85412294,250836472.8921791,250832440.74597588,251905349.7728901
5824,251540134.4506836,252558390.1879079,252487619.42607817,252505027.5319937,255882722.5785744
5825,251993047.74169922,251238722.29142556,251108513.7599133,251055208.56649762,251540134.45061535
5826,249023368.91552734,251289025.00774926,251258555.40773198,251196389.8237539,251993047.7417165
5827,248554312.7368164,250105309.01937133,250078081.38757086,250009336.04834762,249023368.91563937
5828,246901370.55371094,249645710.01591328,249685247.65730274,249634939.09474137,248554312.73681465
5829,243387138.0361328,248816653.94283733,248870468.36225802,248836752.86148635,246901370.55377543
5830,248049407.16674805,247148525.51082176,247252210.29313403,247218870.16683078,243387138.0361379
5831,250644229.3227539,248539119.0887149,248687055.27829996,248738613.36311275,248049407.1667517
5832,249381331.11523438,249691359.86496493,249715556.88303217,249801330.49103376,250644229.32272464
5833,249174962.3359375,249444701.1717042,249423029.38624963,249461345.9788361,249381331.1151489
5834,247384316.3334961,249387130.15480152,249396222.3689894,249414385.26530755,249174962.336052
5835,254867684.77490234,248677135.17372096,248699250.74952552,248704476.85463524,247384316.3335541
5836,249658509.95776367,251490584.23083517,251510747.68660045,251588673.16013128,254867684.77487025
5837,254870039.62768555,249999071.51961145,249884867.6373419,249885257.892165,249658509.95785967
5838,255554511.50390625,251931633.58548072,251913976.35447657,251929297.8113259,254870039.62766448
5839,255321132.43603516,252625223.15932092,252488629.35511112,252494980.39634702,255554511.50394857
5840,252015067.61914062,252824719.16407654,252686685.09927517,252643460.69641605,255321132.4359436
5841,254706974.61621094,251686603.26101208,251576670.37981617,251483935.99809864,252015067.6190533
5842,250798292.7463379,252615431.30346093,252567667.22257113,252504220.39534262,254706974.61617965
5843,254375501.91577148,251233432.80704987,251147423.30233258,251055874.42524758,250798292.7462836
5844,250394904.72314453,252411652.0456699,252396269.32928002,252342340.4243606,254375501.9156897
5845,252478476.07348633,251029964.32187104,250954053.29432398,250872278.3813676,250394904.7231372
5846,248046026.22607422,251640527.12279427,251647257.2519846,251584305.0780801,252478476.0735056
5847,249450862.7060547,249921998.97463542,249900315.07304776,249817849.06631982,248046026.2260167
5848,248152980.52856445,250158631.36235836,250229044.0783019,250174381.04088625,249450862.7061532
5849,251128152.10229492,249581909.736231,249621110.09381983,249582842.85292688,248152980.5285254
5850,250623253.10131836,250610000.5614062,250661459.27261364,250656309.45809263,251128152.10237023
5851,249051981.82495117,250568528.96924028,250555055.75449032,250541085.60989723,250623253.1013211
5852,248643603.92651367,249956750.51928794,249964560.02724576,249923909.01670727,249051981.82486767
5853,248634145.85595703,249662838.5677044,249705717.95621055,249671950.95540944,248643603.9265864
5854,249636282.7380371,249517336.42754617,249563451.55438328,249548850.14002573,248634145.85595548
5855,248459680.1123047,249862509.90452123,249902322.89752108,249902835.67065635,249636282.7379789
5856,247488192.23706055,249426422.54241037,249448949.93883035,249438784.37964094,248459680.11236072
5857,248171783.52661133,248943560.14038807,248995781.9061339,248980353.31449392,247488192.2370532
5858,250444301.29418945,249075179.7282223,249141849.35440233,249147474.9526726,248171783.5265217
5859,248546335.48046875,249926172.47751552,249961292.96039572,249995796.7765959,250444301.29410735
5860,250168834.27270508,249336105.80595392,249332132.16769886,249336916.9577863,248546335.4805679
5861,249142135.67944336,249878259.07879207,249907571.9288214,249921736.19665915,250168834.27282396
5862,250947810.48632812,249565255.25380898,249562262.6404269,249567820.74152976,249142135.67932343
5863,251368386.5595703,250230679.86850113,250242326.38078976,250259010.94081894,250947810.48624557
5864,250103707.25878906,250526047.2713576,250494370.1441855,250508293.7201813,251368386.5594721
5865,247637892.58666992,250154771.91803685,250125419.04787657,250109147.4151243,250103707.25868323
5866,246951205.24731445,249126127.7944663,249138536.6158029,249101852.90342975,247637892.58677205
5867,249783121.31811523,248612110.76318917,248678984.77391726,248660348.36379734,246951205.2472492
5868,249747465.00317383,249554284.59606186,249616255.06572896,249647820.1287304,249783121.31815076
5869,247360658.40673828,249675234.43984836,249673882.42651784,249701639.00957903,249747465.00312448
5870,252344882.41064453,248778051.3784408,248792298.1924804,248784773.44169024,247360658.40672743
5871,252002823.0107422,250579381.63961852,250618022.81264064,250662115.8576985,252344882.4106536
5872,251948521.4645996,250758667.9587887,250687453.02153388,250716759.59731317,252002823.0107946
5873,247422000.13598633,250882610.0686597,250827425.38758457,250821736.22396284,251948521.4646329
5874,249488315.43676758,249159054.17935058,249129897.3611418,249079316.2146802,247422000.1359617
5875,247692148.43188477,249644242.11925286,249702754.41383615,249692937.39232817,249488315.4366808
5876,251132162.63012695,248938561.46683446,248956332.64399114,248954311.64157975,247692148.43189543
5877,248609629.0209961,250144572.1892051,250183857.50817716,250216063.09797966,251132162.63004503
5878,251343982.62109375,249385494.97730947,249362439.31727895,249363737.23606876,248609629.02094707
5879,249025876.27905273,250366049.96797472,250387810.154247,250402942.9494082,251343982.6209997
5880,255523464.74853516,249622834.6932357,249594663.90507767,249587329.1127135,249025876.2791209
5881,252024249.3322754,252105485.8546873,252097406.43979135,252136328.80306682,255523464.74849677
5882,256671823.85351562,251249095.5393534,251118156.19000557,251096269.71325135,252024249.33221936
5883,254080817.5300293,253112023.8846013,253045971.74145573,253025923.35899213,256671823.85361776
5884,255553251.72387695,252499602.85081443,252345154.1697202,252282576.45856968,254080817.53007627
5885,247980763.84716797,253135560.5975364,253041444.31325763,252961701.95557207,255553251.7237898
5886,250706691.05297852,250294566.52043808,250209323.31010526,250064045.8883798,247980763.84713933
5887,250878503.5246582,250808710.83783373,250875247.62081766,250789270.7004545,250706691.0530748
5888,250681975.04833984,250816228.29419875,250810977.56245244,250770185.992309,250878503.524591
5889,249652671.43676758,250713767.44352093,250708982.0201705,250663737.87801445,250681975.0483455
5890,252035727.5275879,250241161.50036216,250242709.69078544,250195644.5064923,249652671.43668732
5891,248816098.68066406,251076693.33163133,251087039.89395767,251069303.74474975,252035727.52764648
5892,250169218.3840332,249913477.2996991,249885987.06089854,249840671.73007858,248816098.68067244
5893,255600208.87036133,250235085.75450665,250272493.7935202,250244381.30942246,250169218.38406143
5894,251713559.65039062,252384697.94146138,252357566.04659894,252389071.8978341,255600208.8704563
5895,247867842.30664062,251326310.69236162,251206770.65929025,251165223.38357022,251713559.65043768
5896,254646295.5871582,249707087.8862031,249699837.05042246,249606040.9138213,247867842.30659032
5897,249204177.54858398,252053579.08101243,252088943.1477154,252089149.9181933,254646295.5870884
5898,248307715.95361328,250291537.42693058,250205880.1599063,250153558.824836,249204177.54866135
5899,250792015.6611328,249649837.81345206,249694466.7984508,249628060.81656578,248307715.95352688
5900,248311870.6826172,250423201.21553287,250465174.00687164,250458049.89830664,250792015.6610662
5901,247270863.9074707,249531421.89939794,249531079.4263065,249505798.20798197,248311870.68265623
5902,250332379.0834961,248932497.0838052,248992598.46012166,248964003.0005835,247270863.90743625
5903,253398361.68554688,249946521.7677786,250006708.49279383,250030120.0197107,250332379.08352655
5904,250916031.2746582,251319258.30309352,251294310.74326608,251338105.7045046,253398361.6854448
5905,249148579.8203125,250680020.41763166,250606733.88996172,250589949.8925581,250916031.27454343
5906,253180189.0637207,249950919.16702625,249946332.59301415,249898261.32265314,249148579.82036665
5907,250042240.61254883,251391672.81027743,251400673.15332398,251404927.08668256,253180189.06382623
5908,250659864.0678711,250429755.46710864,250368365.04675418,250334728.33488008,250042240.6125545
5909,252814594.08740234,250540930.74604306,250549394.5491888,250512553.5536398,250659864.06796584
5910,252074359.6845703,251403388.29238155,251383601.7579352,251375699.00498584,252814594.0874901
5911,252020332.59716797,251296706.68913454,251236577.87314135,251207253.20762023,252074359.68451047
5912,249257744.13012695,251307172.89107868,251267136.3433535,251224362.27116334,252020332.59718427
5913,247078168.98876953,250230656.92483374,250206618.65513334,250141436.03034714,249257744.13019463
5914,251535862.78173828,249146620.2951637,249193956.1281586,249127842.6416986,247078168.98883447
5915,248279368.21020508,250626077.69792095,250692263.36501428,250698420.83526662,251535862.7817068
5916,251879672.21166992,249545118.11273476,249528622.9210082,249507250.64317077,248279368.21009007
5917,251994457.60742188,250781663.4863953,250819389.1146493,250823189.2054546,251879672.2117795
5918,254084318.76635742,251066047.328792,251021872.8177858,251020891.21843594,251994457.6073112
5919,252711171.45263672,252010061.01572296,251957565.32327965,251948414.3512214,254084318.7663877
5920,247841391.9650879,251718107.31767637,251630219.6320808,251586633.21135357,252711171.4527064
5921,251852999.83447266,249795402.6978556,249767261.258024,249671223.80938962,247841391.9651084
5922,252760927.4724121,251010238.1606748,251065541.07758746,251033852.62727186,251852999.8345512
5923,249226158.93554688,251524743.05031928,251482271.92971566,251471169.2361048,252760927.4723418
5924,249313535.61938477,250283974.19521216,250247841.86408138,250180429.59794697,249226158.9354248
5925,244888233.61791992,250080698.3786461,250120083.06467223,250065113.1728925,249313535.619267
5926,253624811.77905273,248219173.1399397,248275734.89553377,248208875.34683976,244888233.61797404
5927,251835038.5703125,251225318.44477382,251326746.37945428,251368849.64040318,253624811.77904192
5928,248877905.2229004,251046845.73140782,250963808.69150257,250974226.5433927,251835038.5702988
5929,251516956.8618164,249937020.39485434,249917885.56912142,249860894.7144233,248877905.22295108
5930,252922954.78588867,250793448.82417092,250821945.81964582,250801898.6820469,251516956.86191216
5931,250792256.03833008,251462810.03598148,251422384.69343063,251419525.81521776,252922954.7859577
5932,251903569.33032227,250797594.99227005,250743302.41295868,250699036.00035572,250792256.0383668
5933,252849249.70629883,251128923.40068036,251115081.91816983,251079924.21859035,251903569.3303049
5934,250432554.13964844,251593219.51427492,251549854.2525445,251522966.2967353,252849249.7063344
5935,246497438.88745117,250758351.63306978,250710605.94422168,250650122.18806314,250432554.13959745
5936,244561135.19580078,249048754.36321026,249075829.95323175,248989541.50467885,246497438.88739887
5937,248375435.6201172,247852754.8323802,247969611.6535942,247912188.01559132,244561135.1956968
5938,246602773.8227539,248966083.06451505,249095936.1048187,249123270.34685737,248375435.620027
5939,246882525.41015625,248331924.04720962,248381181.56536436,248405911.8946618,246602773.8226357
5940,254335409.5209961,248301476.57196236,248387873.2853684,248411383.04830018,246882525.4101348
5941,251503174.03564453,251207578.44049555,251243540.88923264,251337987.0499562,254335409.52089244
5942,250799300.96166992,250660031.81271404,250550023.07358155,250577470.02352768,251503174.03564987
5943,256022144.3466797,250436920.5458881,250401613.07703575,250380298.95598695,250799300.96167845
5944,255824227.70654297,252544070.18687755,252496753.5361835,252518922.04993498,256022144.34674987
5945,249932122.1977539,252926741.53224662,252770273.99584532,252757964.65939415,255824227.70659468
5946,253383322.1669922,250846701.803793,250737572.18778262,250630388.1278937,249932122.19776705
5947,253243014.67089844,251888086.8530205,251891581.17000866,251831306.793096,253383322.166952
5948,253694879.81323242,251978662.35700548,251903525.2729432,251858415.45310804,253243014.67096484
5949,249746958.2487793,252238244.75323966,252170563.95602107,252110405.11146733,253694879.8131225
5950,251194733.58154297,250779228.81927902,250724979.62357563,250623367.94865447,249746958.24867377
5951,253086836.9580078,251072950.00180674,251098145.89329687,251026974.9271252,251194733.5816176
5952,251986121.0625,251793382.30510917,251771366.86559197,251738308.85724363,253086836.95794117
5953,253778579.2866211,251502697.11666018,251447213.63814268,251391432.29637063,251986121.06244856
5954,254465441.3828125,252213403.1921438,252175976.06462145,252125073.68454823,253778579.2867262
5955,256647904.79370117,252632879.44568408,252552138.30164364,252499398.39989984,254465441.38269472
5956,258475276.46655273,253664496.1542899,253562127.83565152,253504800.49068555,256647904.793821
5957,257552196.88452148,254697405.62536752,254543244.75453356,254470797.94147694,258475276.4664436
5958,254946460.43823242,254672110.24600682,254491214.13914704,254371799.22687632,257552196.88454327
5959,253094471.8557129,253772148.95398822,253633140.4528692,253469327.13883388,254946460.438222
5960,250643139.02905273,252908490.60789567,252838444.67941692,252670715.3605482,253094471.85582572
5961,250539095.50927734,251734378.1456101,251715629.20998296,251556718.22378674,250643139.02895996
5962,250868485.5847168,251395771.9402137,251429086.89080095,251304854.356159,250539095.5093708
5963,247393067.22192383,251327933.105429,251355011.7877205,251266452.04108605,250868485.58482412
5964,251679552.64331055,249865205.5888708,249901279.34841436,249797068.91167733,247393067.2218621
5965,253051080.49316406,251184359.5480105,251268062.6566953,251229804.4937799,251679552.64323428
5966,246550256.66235352,251885557.68100643,251861865.51041597,251842453.75886595,253051080.4930545
5967,244288915.78808594,249455613.63952973,249440607.0454968,249341073.03370842,246550256.6624036
5968,246035237.70458984,248041779.46942583,248175991.07891062,248089056.51903766,244288915.7880836
5969,246096558.17407227,248278676.37914187,248439868.76473635,248432937.78387424,246035237.704531
5970,247149852.5402832,248156495.59646252,248271121.66541964,248295596.17457625,246096558.17411292
5971,247718982.63623047,248437751.73654082,248540349.63109568,248582385.19400364,247149852.54027945
5972,247079576.9794922,248659579.3310237,248732193.86150065,248779629.64813784,247718982.63621095
5973,256052020.09936523,248418764.98029286,248479108.86115512,248514924.99413526,247079576.97953224
5974,252553120.27807617,251966881.2842589,251994060.38325915,252097154.81745997,256052020.09940603
5975,255222021.40576172,251316563.2426284,251169175.9469752,251188752.79338518,252553120.2780676
5976,256863021.39990234,252467344.5670414,252395467.72956848,252381859.54136682,255222021.40583068
5977,254172594.58520508,253469129.7070313,253331952.39712673,253309535.58224234,256863021.39993405
5978,257705303.77905273,252756097.76017112,252608564.61301458,252520747.62606785,254172594.5851531
5979,258992928.42993164,254144802.90956807,254043369.0635409,253971969.63399613,257705303.77917477
5980,257460828.51293945,255017201.0880342,254835543.51579133,254755721.88357517,258992928.4299178
5981,256524314.69335938,254743063.05884436,254553467.62758166,254418391.99257293,257460828.5129807
5982,252660928.0559082,254445823.74897963,254301781.23955303,254143470.07775056,256524314.6934181
5983,254905918.54248047,252908354.13371018,252808231.2762391,252623953.3381482,252660928.05591324
5984,253988986.97583008,253505176.49192777,253478108.11213118,253339637.290321,254905918.54238027
5985,255739972.9152832,253222064.44181815,253149693.59039664,253018607.19854584,253988986.97571075
5986,252723804.66137695,253869615.01351017,253811529.9381839,253692161.72712708,255739972.91523483
5987,258656781.0048828,252820524.12895894,252740273.99279755,252589473.28779626,252723804.6613502
5988,251533236.03515625,255023221.47926635,254981467.24767238,254881339.3655585,258656781.0049264
5989,254567184.9230957,252607145.81654444,252472491.02051502,252298004.5107778,251533236.03513676
5990,253180460.5830078,253416555.915596,253427250.99061978,253279793.44629222,254567184.9231712
5991,253184389.35864258,252955991.8989261,252900294.37859398,252765819.76649743,253180460.582892
5992,250726474.36816406,252847805.68821815,252825911.47209913,252691293.92749614,253184389.35871476
5993,250677108.40112305,251792317.0284599,251778449.9149896,251638023.8721011,250726474.36804527
5994,251433654.8149414,251533740.5019815,251572294.56886134,251451211.6143042,250677108.4010588
5995,254215217.43554688,251678249.71361053,251707531.40225038,251618952.58026558,251433654.81482032
5996,256334299.7001953,252747496.79245573,252743307.0119665,252684217.55572557,254215217.43559787
5997,255417252.72509766,253791707.3122069,253715102.68641108,253655711.16174364,256334299.70029196
5998,253126550.1767578,253738986.10060525,253626852.60895675,253520662.39922372,255417252.72516036
5999,249647053.58789062,252926907.86630607,252852443.71713307,252704895.31474343,253126550.1766784
6000,251161163.4086914,251402625.82406121,251396169.65107226,251231647.12453896,249647053.58782884
6001,252594117.01635742,251639791.703192,251697075.88511056,251583267.74622503,251161163.408804
6002,249491261.58544922,252137288.1990826,252147442.98771098,252071206.3267835,252594117.01637053
6003,251767655.06445312,250966156.11805177,250961527.3805451,250853620.90049365,249491261.5853682
6004,250115562.39648438,251604070.8874669,251652718.5189687,251577839.86998257,251767655.06442007
6005,251338981.57177734,250976000.6882463,250977074.7400465,250902903.56679684,250115562.39660603
6006,253267920.2944336,251298583.32445633,251328358.1795597,251269511.1529371,251338981.5717737
6007,253685946.2006836,252076089.38183263,252064493.55004942,252028618.5975103,253267920.2944446
6008,250024276.81079102,252405803.27006093,252351056.95296508,252301496.15772596,253685946.2006687
6009,254440243.11889648,251077622.9549526,251036413.46695754,250936958.89153364,250024276.81070548
6010,253640153.25976562,252588208.07161066,252603597.97071776,252553243.02897474,254440243.11882183
6011,259352263.66748047,252531647.5157731,252451364.25801134,252391552.8067433,253640153.2598529
6012,252710303.6196289,254898484.58110246,254813477.7559309,254771908.3831977,259352263.66751063
6013,253995762.65454102,252815067.04699796,252645434.28039646,252508426.4955372,252710303.61966497
6014,252775147.96118164,253031853.16098794,253008328.38011009,252874444.93438053,253995762.6546502
6015,251417309.86621094,252561441.52062428,252510556.2503522,252392320.64058924,252775147.96114248
6016,253429897.6286621,251945624.93880552,251932898.2382962,251806783.35149896,251417309.8663241
6017,255018940.52148438,252592495.3249544,252596798.7684006,252505275.58582917,253429897.6286618
6018,259121616.47729492,253330388.08608732,253281819.88530567,253202972.07465395,255018940.521506
6019,252041084.47509766,255164622.87420273,255064446.92553467,254993666.75224227,259121616.4773232
6020,253280412.0625,252834044.50510478,252687929.03198248,252512171.1406038,252041084.4751841
6021,250920374.12963867,253006483.29242393,253016644.32089397,252849555.7264188,253280412.0626215
6022,247932783.65576172,251993449.68516806,251979791.55484885,251830092.4145966,250920374.1296242
6023,250563862.73999023,250563220.8722077,250617482.8047108,250461619.08271512,247932783.65564403
6024,249843918.2080078,251195590.38615707,251293369.2178924,251204473.86294326,250563862.7398876
6025,249386134.69067383,250880669.39619935,250916303.7297912,250843652.68020356,249843918.2079328
6026,254171175.2385254,250598366.42072666,250651548.75769895,250574863.49890333,249386134.69061965
6027,252770211.67626953,252373065.03258878,252405446.86022818,252380593.07423058,254171175.23854172
6028,253552448.95947266,252136849.13566434,252070555.26720405,252013450.2417648,252770211.676313
6029,253597504.30639648,252479158.64732274,252444730.02791262,252367716.32171097,253552448.95944905
6030,251416155.07080078,252585723.66590902,252531965.16610435,252450144.21331427,253597504.30649364
6031,251679595.09936523,251794009.40831527,251754237.5575115,251643163.27087498,251416155.0708732
6032,253938252.38354492,251742967.15615287,251748747.6169078,251649984.18914503,251679595.0992628
6033,255166329.01635742,252592752.3748365,252578398.53187847,252511576.7330412,253938252.38358116
6034,248176396.03857422,253238243.450732,253167825.05713668,253099897.6096519,255166329.0163597
6035,256305700.7939453,250665944.70071563,250611916.29309985,250460815.26839754,248176396.0386379
6036,255554269.02197266,253360123.06291282,253412148.62437755,253359772.18546548,256305700.79386508
6037,252416086.09936523,253536196.30942994,253409613.719815,253347693.341614,255554269.02203816
6038,252126417.20483398,252444762.17835876,252363154.47579303,252229569.04746184,252416086.0994161
6039,253373593.91088867,252157237.45098317,252144776.78728497,252019652.40321064,252126417.20480317
6040,250436123.8479004,252545109.72454798,252528692.75521216,252435964.80308726,253373593.9107828
6041,251257142.54760742,251436998.7377475,251409422.68890005,251292713.9347242,250436123.8479196
6042,250950767.359375,251535184.312889,251567096.4035308,251469531.95990285,251257142.5475717
6043,253445328.8774414,251366142.36115843,251376805.23386323,251294796.1283021,250950767.3593625
6044,250847522.53686523,252284047.99959108,252287437.95490026,252230599.54302818,253445328.8773957
6045,251894660.83691406,251403945.41651005,251365197.6158722,251279116.45799017,250847522.5368047
6046,254450789.6027832,251654979.58983773,251668481.4176397,251592113.88303077,251894660.83680785
6047,255504911.75463867,252679002.78035662,252651489.88487715,252606007.37015322,254450789.6027999
6048,253729502.8864746,253343989.74406645,253258506.64924282,253198349.13247663,255504911.7546878
6049,255839234.29785156,252865070.0200316,252772235.67835048,252666271.39643264,253729502.88648555
6050,255776744.42529297,253676089.88891825,253613202.75765717,253517135.8029809,255839234.2978232
6051,249344065.30493164,253864779.78673542,253758488.924316,253650675.96020213,255776744.42529956
6052,254566644.3774414,251415402.87445408,251350169.9735365,251172029.06277677,249344065.30489925
6053,254933294.2529297,253011809.86092874,253058048.0746965,252956180.426044,254566644.3773298
6054,253838638.75341797,253377592.18802363,253301620.2884708,253217870.0207429,254933294.25297636
6055,252927631.40014648,253070190.84535557,253000062.94123137,252878209.5580104,253838638.7535256
6056,253667585.56347656,252677413.0618276,252635326.90871,252503942.10713056,252927631.40019903
6057,251277226.08740234,252910747.3486647,252884959.76223853,252766935.6916968,253667585.56340027
6058,252479098.02783203,251977893.59415698,251946895.12818417,251813878.88634357,251277226.08744532
6059,249023480.42895508,252261423.0625198,252277011.67651123,252166294.9333123,252479098.0277521
6060,250236878.63476562,250841166.31235805,250842433.4395943,250721570.44569442,249023480.4290385
6061,250977674.98779297,251000273.63420424,251068921.6192973,250979790.48156875,250236878.63482335
6062,250727252.47460938,251207669.08555463,251238233.45751533,251180330.78494272,250977674.98789653
6063,247876898.39282227,251102895.6852579,251117355.25283608,251056058.03162032,250727252.474544
6064,245858034.92578125,249934751.50703543,249968466.22723264,249883529.42804828,247876898.39277935
6065,252130362.23510742,248839073.17928073,248940944.0179264,248863428.2112496,245858034.9258664
6066,251376947.31640625,250979030.3547976,251083661.22704932,251099121.00540742,252130362.23514792
6067,247747684.38500977,250977473.2526096,250942845.87646645,250945131.45389202,251376947.3163411
6068,251337977.50317383,249617356.80144492,249625152.82820103,249563938.97414353,247747684.3849336
6069,250633567.1748047,250757053.98908588,250820788.85317057,250808893.34245798,251337977.5031026
6070,252817431.8461914,250642429.38969868,250626762.83440194,250613106.08475304,250633567.174762
6071,249089509.65600586,251545145.33316183,251538580.4116962,251523636.9408166,252817431.84621608
6072,249908511.66870117,250267282.8686172,250233102.84535027,250172736.29523775,249089509.6560507
6073,257079260.33789062,250379068.52609164,250423720.99134123,250373519.11623192,249908511.66877472
6074,251003655.16870117,253217650.11285275,253202609.05948395,253225794.68513077,257079260.3378268
6075,253860587.63012695,251401878.89716136,251267181.92880517,251194115.3429526,251003655.1686608
6076,251227682.66479492,252330150.3794459,252322239.1585825,252250697.67430001,253860587.63020992
6077,254014877.9819336,251450366.85540664,251389100.04239032,251306016.69629005,251227682.66482672
6078,248006342.5107422,252415381.28739443,252401192.17177567,252339607.21729195,254014877.9819792
6079,252838652.6989746,250214399.91855398,250169654.49095976,250056847.17333847,248006342.51083648
6080,251150748.20507812,251710542.64815047,251773060.92052498,251719268.13762388,252838652.6990016
6081,254280279.55151367,251236553.92581603,251196033.01367572,251142619.80605003,251150748.205012
6082,250069084.5131836,252401706.57919452,252384623.86877254,252344026.13553226,254280279.55159268
6083,249598905.80200195,251009541.60312206,250947403.9150192,250856100.22508943,250069084.5130821
6084,251359760.30004883,250563885.52317786,250598818.8305637,250508744.74875525,249598905.80209863
6085,249462224.2043457,251083059.90090936,251111118.68690687,251068189.33047038,251359760.30016628
6086,250126755.26904297,250383923.97946322,250382356.63117263,250326251.6134194,249462224.20429057
6087,254292897.65942383,250497926.77099705,250534613.06353095,250488899.1927837,250126755.2690424
6088,253672127.82885742,252118420.79480338,252113792.8661419,252113315.58399582,254292897.6594967
6089,255099394.67358398,252227022.82453048,252137735.71670145,252102656.14478174,253672127.828896
6090,255312543.23242188,252930704.48102352,252854138.02312362,252797722.65378353,255099394.67354435
6091,253962917.99487305,253245703.1456318,253140353.67802003,253064830.28872758,255312543.2323641
6092,257387206.8713379,252858166.35691467,252760618.3641005,252652984.00726476,253962917.9949734
6093,256785240.38623047,254223343.03646925,254140545.21275705,254055051.4437477,257387206.87142268
6094,257191960.3569336,254319831.10956615,254169192.9080962,254057415.10398895,256785240.38629803
6095,253670860.90625,254620711.74415323,254489790.03659096,254353219.61208174,257191960.35695317
6096,254710946.79589844,253351225.38553417,253232719.69828686,253057274.6416858,253670860.9062607
6097,255661137.74682617,253557481.5633388,253512948.4977431,253358663.17939436,254710946.7958426
6098,253371572.1669922,253925135.29005525,253850358.31338763,253722532.62857485,255661137.74672705
6099,256308759.0444336,253078665.32552946,252996326.07360974,252844857.91150117,253371572.1670296
6100,257654427.52539062,254122429.81264403,254076700.79686058,253953654.28464085,256308759.0443738
6101,249896396.48291016,254843905.99681914,254725663.7939886,254610696.48070657,257654427.5253218
6102,247524707.56323242,251967129.87565207,251866578.9802875,251661709.85056219,249896396.4828463
6103,251830094.50268555,250453755.60757998,250533683.5290819,250345618.13411763,247524707.5631396
6104,250972974.75146484,251660326.70254678,251755197.14018235,251679287.1423876,251830094.5027522
6105,244839947.87548828,251387523.8240018,251386426.64772475,251320956.3390287,250972974.7513502
6106,253183087.37890625,248871862.14682293,248923654.3680947,248801256.3468186,244839947.8754809
6107,249567985.52441406,251574911.87081632,251706835.3290017,251702425.75766155,253183087.3789177
6108,248905424.37646484,250540743.2281766,250501237.09525427,250469201.17295107,249567985.5244407
6109,250128672.23242188,250128729.1412479,250178980.23226544,250118126.17375037,248905424.3765804
6110,251992651.46362305,250468702.27054143,250519000.6670131,250491976.97182313,250128672.23236936
6111,252461346.92504883,251220506.9882947,251231965.88871807,251223812.74851972,251992651.46357903
6112,248017124.0847168,251574928.31681842,251543893.4295784,251521046.23408154,252461346.9250016
6113,248154433.16357422,249957623.9975093,249944464.2704552,249862721.200562,248017124.0846976
6114,250089216.5456543,249675304.997569,249756972.58657703,249697152.14580998,248154433.16357687
6115,250813942.31103516,250272119.76903167,250331831.00240806,250321986.4779361,250089216.54571715
6116,251649752.5756836,250643920.80544713,250657585.87041348,250650142.02276164,250813942.31108332
6117,248269826.75341797,251055987.7489057,251050166.16113627,251035125.56494313,251649752.57562584
6118,248772975.13012695,249827904.7643129,249823463.50197154,249766697.74562955,248269826.75332052
6119,248068082.03979492,249772605.30401564,249837837.74821737,249798592.85302547,248772975.1301158
6120,247104566.37231445,249417830.43600115,249469813.88789076,249445576.19094086,248068082.03977653
6121,248077739.89575195,248926909.2624451,248999631.5339277,248976038.3793438,247104566.3724226
6122,246735167.67163086,249109331.35821658,249191221.1266367,249196981.0766091,248077739.89574072
6123,248831052.63500977,248555540.676278,248620135.88766682,248622781.70273283,246735167.67169896
6124,246902152.34179688,249219216.91989815,249298523.98544967,249328299.42751095,248831052.63510787
6125,247028631.73266602,248541426.64127323,248582682.00344837,248596517.72819066,246902152.34184963
6126,249145613.9946289,248423830.67609796,248504545.6465436,248523286.6937177,247028631.73270544
6127,245397371.99658203,249212113.96679947,249275422.56154484,249322126.56523788,249145613.99470675
6128,245979222.67529297,247840854.32584417,247876291.7385583,247884557.10044003,245397371.99659976
6129,248190366.09301758,247798211.95584893,247912600.1633119,247935838.00451827,245979222.67527792
6130,251095311.61572266,248551691.10584804,248633040.97688225,248701027.86271617,248190366.09313115
6131,249916539.41381836,249831280.83917797,249848551.29583535,249929885.1232862,251095311.61577612
6132,247824543.53222656,249680904.5405844,249645357.9924697,249681022.3601653,249916539.41379532
6133,249270672.56518555,248906935.0406038,248912559.6937653,248908404.31339204,247824543.5323133
6134,248781082.16870117,249355678.9578451,249398114.3910822,249414846.063227,249270672.5651342
6135,247031279.33935547,249238368.37654838,249251262.5517466,249266449.8651304,248781082.1686944
6136,247902437.09106445,248517608.07239777,248551641.38622946,248548847.82013,247031279.33946872
6137,246589462.79370117,248697582.90259305,248762917.39159203,248781060.29952058,247902437.09104744
6138,244586896.72045898,248148778.93064296,248198517.8760979,248217177.3178515,246589462.7937505
6139,247985102.75927734,247198212.1577475,247284959.52171826,247297173.88131225,244586896.72034508
6140,253153195.31591797,248286737.7023607,248393932.2047804,248460019.00173464,247985102.7592158
6141,249010931.22045898,250469009.0204437,250469538.92318493,250579419.47263685,253153195.31588647
6142,248405363.4333496,249322242.78037748,249237979.70988062,249261765.63019413,249010931.2204941
6143,252096394.1533203,248967795.36576435,248982441.50433755,248980612.04425532,248405363.4334032
6144,257448008.62353516,250359724.30036238,250363457.50544897,250409901.47780427,252096394.1533282
6145,254400617.5732422,252781980.3589473,252679448.07653165,252749813.4726902,257448008.623629
6146,257154130.21801758,252199380.5738801,252005958.59758195,251985270.2964006,254400617.5733593
6147,253060363.09814453,253406544.44649118,253276925.30763796,253236954.08821738,257154130.2181122
6148,248167304.22753906,252118953.4806543,251954921.58244345,251863316.38447475,253060363.0980304
6149,250429630.20996094,249993971.93700564,249951540.46789804,249821163.34531835,248167304.22761884
6150,254362623.26757812,250422235.23517874,250468857.04462576,250410924.83542857,250429630.20991647
6151,253387130.1208496,251966787.86517587,251938628.15607074,251942574.7974284,254362623.26761243
6152,253525941.07788086,251884670.85398,251780627.45881394,251750255.00487182,253387130.12088373
6153,252490839.79589844,252009273.6762202,251929888.83660647,251876543.67377636,253525941.07784897
6154,248685366.64624023,251712089.64903867,251638761.15376636,251567979.22531763,252490839.79601347
6155,245303332.69458008,250142464.65214115,250112995.00464532,250015534.5685624,248685366.6461284
6156,247473744.11376953,248447367.28442994,248516108.39125282,248424075.78924966,245303332.69451693
6157,244950965.07470703,248825965.78778273,248947952.09638992,248932194.34955665,247473744.1136731
6158,241634392.75854492,247725419.05363482,247805101.2827585,247800917.3128193,244950965.0746286
6159,249249110.59814453,246072974.1578487,246221552.4703586,246214101.22035134,241634392.75850216
6160,249248188.48632812,248581654.5284512,248749273.1849441,248858319.90167692,249249110.59809348
6161,247645411.47436523,248955955.0327306,248950424.4294389,249051633.8070295,249248188.48635823
6162,247250296.4477539,248480997.20812446,248491796.82167456,248533880.6408641,247645411.47425008
6163,246712963.78125,248258587.52129292,248304203.48854634,248341540.2868627,247250296.44781443
6164,246031223.30981445,247969367.32834372,248023816.29332352,248067836.13800877,246712963.7812777
6165,244312524.75756836,247586221.3958567,247652950.5501857,247703323.19286025,246031223.3097993
6166,248024587.2458496,246779736.4997301,246867598.93849638,246917360.93033752,244312524.75756264
6167,249283219.5354004,248019478.74132776,248120664.59527415,248223108.38982737,248024587.24589
6168,251988094.89331055,248707183.05182266,248717147.2771748,248825468.49787614,249283219.5353376
6169,249452607.84301758,249986043.0550383,249959531.64618453,250056689.6449622,251988094.89335415
6170,247778651.86767578,249325578.46591854,249257320.04678681,249296941.40463448,249452607.8429308
6171,249151414.87304688,248645540.58421814,248647819.07756057,248656904.42931864,247778651.86778307
6172,250646500.61279297,249047889.9763599,249076895.33960557,249115900.4726428,249151414.8730757
6173,246185407.0283203,249706425.81570774,249697006.54904354,249751954.69110838,250646500.61285648
6174,249013298.20166016,248101003.84767848,248086892.36419666,248088212.0762267,246185407.0283416
6175,249839797.4338379,248910048.85355088,248978037.83301568,249018140.96695182,249013298.20154843
6176,247563704.95654297,249348407.98371097,249345583.55989933,249404041.2047802,249839797.43385315
6177,247882114.56176758,248571907.05941898,248567981.5546594,248587446.8415856,247563704.9566485
6178,244564099.73486328,248566091.38587412,248610711.51330683,248637132.60614824,247882114.5618513
6179,251424977.96826172,247188066.70055678,247239584.119677,247254650.02892885,244564099.7347973
6180,252386992.37890625,249583777.92563584,249668188.67629063,249764520.7745493,251424977.96837687
6181,256159537.72802734,250402447.51676092,250329468.4660077,250417509.7358044,252386992.3788052
6182,251604298.6821289,252207087.2853891,252104357.6903121,252167509.1688912,256159537.7281465
6183,255397227.22460938,250915458.07786062,250761238.5608536,250735806.8475855,251604298.6822404
6184,251743390.15039062,252346696.94999927,252281647.12283918,252267250.80165863,255397227.22456464
6185,253344709.93603516,251231565.8347375,251104306.10571977,251050579.0193669,251743390.15048644
6186,254970927.68530273,251757961.9065397,251710567.03196564,251659612.70512736,253344709.93607372
6187,248513345.90771484,252547530.43119794,252456446.32002094,252421381.71997106,254970927.68530452
6188,255755723.32202148,250215335.08676314,250131021.08415896,250019902.7213897,248513345.90783155
6189,251693147.35864258,252642928.58097625,252661592.48666894,252634647.9924634,255755723.32199043
6190,250173337.02124023,251463500.5490684,251341284.72723967,251278793.3646189,251693147.35856092
6191,250302853.75097656,250741411.96393842,250726383.21088552,250629390.27173284,250173337.02115503
6192,250935955.42895508,250611917.43112227,250624254.65749052,250557792.65023154,250302853.75102267
6193,252416153.94604492,250745060.42308396,250747015.56744146,250706444.71531805,250935955.4289249
6194,250235277.54101562,251326167.90003034,251305777.28389272,251281261.56990293,252416153.94615293
6195,251698136.6171875,250548638.9141399,250507102.1681023,250458111.17946452,250235277.54089627
6196,249432297.79663086,250983609.3061839,250981544.0569451,250948552.26731429,251698136.61718217
6197,251100536.1069336,250162121.10619763,250138031.13863194,250089910.6700443,249432297.79669583
6198,249373150.1364746,250663896.5554096,250681771.42647713,250653804.05956563,251100536.1069656
6199,244542191.7849121,250014897.05718365,250001239.2230102,249968630.47713092,249373150.1365919
6200,250673813.46875,247942149.83404478,247991784.2070065,247927447.35282743,244542191.7849781
6201,252203506.50854492,249854656.59253776,249969440.79310745,250004653.48884538,250673813.46878847
6202,252292264.9494629,250699059.57954448,250663997.81336495,250721766.97767216,252203506.5085356
6203,246637278.0715332,250973323.09870043,250911514.8299513,250927431.623327,252292264.9495231
6204,249438293.39916992,248879171.0932315,248849222.5864925,248795714.07942766,246637278.0714728
6205,250190792.7993164,249575748.83295995,249653236.61138245,249649901.35807568,249438293.3991665
6206,252719729.8449707,249916930.11492932,249921488.02407432,249947960.6724471,250190792.7993516
6207,247723634.7199707,251034907.4800036,251015380.32479578,251043694.39921892,252719729.8449137
6208,248672939.06347656,249300735.59949213,249254520.78664142,249219353.8189268,247723634.71993503
6209,247317516.02392578,249367789.76327845,249427171.23040488,249409522.28293136,248672939.06340185
6210,245422595.43408203,248759835.03587455,248798793.75182408,248798110.64375773,247317516.0239061
6211,249937966.39892578,247833829.1896848,247911846.1525703,247909247.20236963,245422595.4341209
6212,252161771.578125,249359987.39667138,249450076.68859705,249512604.28296342,249937966.39882475
6213,246395511.5576172,250489113.26661852,250465518.29193124,250538531.00170588,252161771.57806212
6214,248836089.33203125,248523138.41445398,248489460.32256994,248469933.97225723,246395511.55761093
6215,248663999.46411133,249154926.08349437,249234843.4202456,249244838.94135332,248836089.331925
6216,248188486.19384766,249132757.41438633,249153724.33996725,249183703.02853742,248663999.4642055
6217,249275444.90405273,248919389.05764046,248948614.14254618,248969408.81849745,248188486.1937433
6218,253124250.23901367,249296393.64193425,249328184.2352813,249362182.5398648,249275444.9039676
6219,257165256.65820312,250904253.76494554,250891557.4450296,250952109.7046272,253124250.23894596
6220,252570298.96923828,252896293.52766243,252783096.51735094,252840471.2864853,257165256.658298
6221,255578442.54541016,251630133.45826212,251462938.58911824,251418652.28838137,252570298.9691763
6222,250866926.42456055,252782207.44777226,252709500.22262,252664609.44545412,255578442.54552215
6223,251746862.71240234,251191561.2105935,251079271.77564943,250990211.16163504,250866926.42451817
6224,248390910.58154297,251292274.92209828,251284330.54030704,251207700.76852867,251746862.71236625
6225,254283857.01098633,249938042.1248222,249925343.76348534,249844680.30619532,248390910.58164468
6226,251902799.921875,251977009.7070603,252005716.14997414,251995101.24321476,254283857.01095703
6227,250668183.99414062,251426454.00815046,251338674.73398924,251295551.9087764,251902799.92193884
6228,248360154.25561523,250907364.8217146,250885527.1251925,250808662.54910284,250668183.99420932
6229,247880172.33813477,249878828.1094566,249893497.21329412,249814065.49645278,248360154.2555316
6230,250805712.00805664,249395190.4564672,249457679.93408713,249405044.6413883,247880172.33816755
6231,250461599.7241211,250371736.71450472,250424290.2277855,250423592.49056485,250805712.00813848
6232,245277914.1533203,250348622.1871083,250335768.28708616,250330899.9488126,250461599.7241372
6233,246044431.78710938,248308789.002706,248332996.6340687,248272700.20949674,245277914.1532783
6234,247105487.8474121,248150584.89581966,248279531.57132092,248261016.0983946,246044431.78707156
6235,253419101.49243164,248356968.44828793,248450752.15930372,248484779.02116355,247105487.8474033
6236,251687833.4921875,250855028.4912582,250891518.3476964,250978843.0899876,253419101.49238265
6237,250856474.1435547,250656045.59239358,250564468.7548778,250597737.43324468,251687833.4922021
6238,249455351.32885742,250433929.85434687,250393080.37501225,250377883.31611577,250856474.1435812
6239,251394018.22875977,249888932.51685363,249873066.98117593,249845901.91894946,249455351.32897657
6240,248184925.94726562,250559429.81747583,250563994.74576575,250562017.01160544,251394018.2287652
6241,248853441.55737305,249405499.3112951,249384823.4631313,249355122.6362072,248184925.9471592
6242,252104979.69677734,249437412.72630838,249483693.95465732,249469619.82314277,248853441.55742496
6243,250306012.45898438,250678810.54234076,250688675.00217968,250719748.65197444,252104979.6968737
6244,251733889.15527344,250202565.16667828,250152235.51853332,250150714.17499745,250306012.45893648
6245,247528024.84692383,250747160.43623638,250733046.71903318,250728629.5922202,251733889.1551899
6246,250969391.61938477,249185579.47619984,249161824.48007107,249121121.62919644,247528024.8468589
6247,248290434.35302734,250243823.57849887,250293184.40860313,250296840.75184694,250969391.61933187
6248,248963103.3647461,249358652.60792702,249344056.0031694,249331589.5778394,248290434.3529772
6249,250693519.78027344,249454362.87391773,249497643.8019631,249490773.54861668,248963103.3646456
6250,247257090.79833984,250100717.34720007,250115548.10713747,250138261.9434923,250693519.78034505
6251,248812231.45629883,248837686.89929906,248832487.91518965,248819310.88162866,247257090.79825905
6252,248436055.99438477,249229493.9340353,249291924.8023484,249299443.90006313,248812231.4562188
6253,246957603.12646484,249088838.97321028,249113774.43057194,249133566.5598752,248436055.99450347
6254,250768072.90551758,248455997.66968736,248498420.52582532,248505482.27566248,246957603.1265333
6255,251327540.38232422,249785632.58279368,249835658.1353596,249890202.98294017,250768072.9055937
6256,252323538.11621094,250259782.1466932,250222826.7076967,250270198.76903063,251327540.3824373
6257,253204494.15698242,250828670.41674256,250780406.9658356,250804245.11888805,252323538.11622488
6258,250709474.59448242,251379760.0356965,251307908.83841726,251315579.04888666,253204494.1570357
6259,250367782.6677246,250613657.28558293,250542032.6935376,250503064.13271642,250709474.59440595
6260,257150550.35351562,250387147.94217154,250375877.1966319,250333680.85771623,250367782.66776672
6261,253065924.45507812,253010181.78799576,252967366.45478258,252995914.5421452,257150550.35358363
6262,252311476.24047852,251987130.84058467,251824199.41446376,251776348.7231555,253065924.45496336
6263,252131041.00268555,251653861.36359477,251595746.5145731,251509852.45651895,252311476.24041116
6264,249356956.0419922,251539562.69348368,251496451.28604785,251424865.63409385,252131041.0026317
6265,248776705.41870117,250422369.81765312,250399661.34697476,250311176.50295126,249356956.04187092
6266,252103918.43725586,249951482.37776512,249991589.67473793,249919188.22842765,248776705.4187616
6267,251387685.89379883,251087212.40031478,251117527.6472435,251102042.9918181,252103918.4372185
6268,251582737.4724121,250951412.32200882,250909777.05981755,250885662.31337762,251387685.8939193
6269,253706694.41015625,251049113.89642298,251026182.50893313,250988010.6720384,251582737.472364
6270,256764702.99267578,251901059.85190502,251860102.7580446,251840369.498218,253706694.41020072
6271,254376507.13427734,253334360.19031733,253233905.8155414,253220112.50266638,256764702.99267203
6272,248208675.76831055,252773632.00061673,252624953.9394502,252550512.74530166,254376507.13416043
6273,253858892.83618164,250361264.6818839,250306039.4555754,250159731.40760627,248208675.7682864
6274,253947256.0283203,252085019.8881588,252129810.5356888,252077178.76799154,253858892.83617327
6275,252898545.7434082,252355887.30136517,252271158.0426448,252234405.6671821,253947256.02826568
6276,256108418.41308594,252057500.60769305,251984529.39202055,251909558.16700542,252898545.74344465
6277,253161898.1496582,253329018.9813351,253262469.15167716,253209929.40966192,256108418.4131769
6278,249775855.7265625,252464450.63209733,252346658.4794274,252250481.640487,253161898.1497668
6279,254773059.6513672,251016702.1621772,250987181.74608552,250856363.83312505,249775855.72644785
6280,248205287.0275879,252662118.50686926,252674525.64366424,252622373.25860387,254773059.6513202
6281,249649045.88964844,250336544.187501,250273435.4699157,250165750.565725,248205287.0275911
6282,253229103.36938477,250476580.30049896,250552573.4401187,250468936.01679432,249649045.88975692
6283,254319976.71044922,251815694.44229808,251831960.86289382,251813694.9343391,253229103.36928725
6284,251639014.14038086,252472383.05797786,252405979.95835054,252379171.57675546,254319976.7104261
6285,252563053.34594727,251611256.76009467,251540120.45443344,251459419.54951164,251639014.1404272
6286,246071409.94750977,251859421.4982718,251842769.93386427,251769369.14641178,252563053.34583884
6287,250948740.54125977,249312445.3022257,249308497.00217068,249191343.56690165,246071409.9474035
6288,255696295.30981445,250678522.26257217,250787206.92299074,250750981.97456485,250948740.54119828
6289,251658849.1845703,252706524.9426463,252674181.47727814,252698540.0034667,255696295.30992007
6290,249594789.49414062,251575046.8186043,251469387.4004273,251407345.0301638,251658849.18458688
6291,250400008.41992188,250630553.53175014,250628503.103131,250533185.17715073,249594789.4940973
6292,252375488.0444336,250727993.69982973,250761629.0357762,250703869.01971012,250400008.4199097
6293,249469759.8779297,251451055.34646314,251452540.24143153,251428398.81221926,252375488.04434755
6294,250168039.73388672,250447793.70240885,250423829.80341077,250363805.19124115,249469759.87797123
6295,244642359.01000977,250524184.87021452,250559924.3534326,250511888.3072262,250168039.7339678
6296,248749419.61499023,248288611.34826684,248333695.56435883,248257504.3603278,244642359.0099721
6297,249425749.59521484,249398567.52129546,249539228.8055566,249535535.68465897,248749419.6151092
6298,254091744.02075195,249721202.19598728,249757879.28700387,249785384.30695695,249425749.59520245
6299,253860549.03955078,251652146.09362614,251653015.4339306,251697396.28608376,254091744.0207404
6300,255551104.59301758,252002307.1799878,251904980.55473903,251907582.5504208,253860549.03959483
6301,252960954.66064453,252900389.2550247,252807722.39342496,252779053.20151544,255551104.59300977
6302,249356629.54638672,252188958.0221555,252078845.49559397,251997410.48175198,252960954.66056797
6303,247999386.65576172,250711738.55301037,250682994.40912852,250563266.2854205,249356629.546347
6304,249528666.71728516,249853183.8779597,249907315.680515,249810804.87821046,247999386.65577155
6305,246256003.96826172,250171374.17108607,250240968.75484973,250199456.02408797,249528666.7172104
6306,248038259.47827148,248819019.20212084,248868097.81093857,248817262.33154246,246256003.968173
6307,248550247.55078125,249194550.86368668,249301894.76344544,249287481.58647126,248038259.47815767
6308,247860573.48486328,249373248.1403703,249432677.9616053,249441347.66952604,248550247.55068827
6309,250814613.19628906,249059724.39076108,249109314.68880507,249111798.36716065,247860573.48494795
6310,250397150.02954102,250142358.09657338,250188336.76803106,250219163.39279073,250814613.1963649
6311,252088497.03686523,250176244.85859412,250158807.17884,250173752.00979534,250397150.02946287
6312,246616227.66259766,250904474.230693,250890466.1615808,250899499.3622122,252088497.0367961
6313,250006623.85180664,248922528.36907396,248901544.4204156,248849600.54032904,246616227.6626401
6314,255346853.52026367,249908206.35787496,249990278.05171233,249982195.6918182,250006623.85173383
6315,251976770.92797852,252138028.13755965,252110895.8695606,252162403.09667253,255346853.52017823
6316,251906188.99023438,251320194.53478295,251202187.79964483,251173317.55808887,251976770.92794493
6317,255709143.20532227,251285685.76802617,251249734.01615807,251190418.8807893,251906188.99018592
6318,253538530.75878906,252818102.05798572,252761972.13415435,252740877.79255632,255709143.20535484
6319,253497262.20922852,252295498.7152259,252172331.13493544,252108688.9233074,253538530.7587012
6320,253968887.67163086,252278088.30932546,252208348.0078835,252124989.68808737,253497262.20911545
6321,253585523.68652344,252529961.36193368,252460308.07253283,252380951.0116456,253968887.67155087
6322,252207319.1394043,252451895.55380833,252376902.3370501,252289228.8685493,253585523.6865109
6323,249473241.88208008,251918723.15227413,251861182.54418862,251759440.3498592,252207319.13947564
6324,249767652.1303711,250734958.48755893,250722836.33535096,250608595.6957767,249473241.88197672
6325,247745359.9230957,250538421.19250366,250580359.5782958,250501462.41661134,249767652.1302801
6326,251797676.2758789,249584682.81436178,249624081.90404412,249557912.17318898,247745359.92304295
6327,255020638.39624023,250940240.99374056,251000489.12631375,250989744.7424948,251797676.2758853
6328,256555456.18188477,252395307.47018784,252344407.10939527,252359570.16297802,255020638.39625224
6329,252891512.76733398,253400453.667068,253278237.02862215,253256743.70455566,256555456.1818244
6330,252616759.50170898,252305538.34711578,252177574.19815546,252077860.22640768,252891512.76745543
6331,249565567.3166504,252079483.05438393,252037452.799843,251930708.50717875,252616759.5017805
6332,247719005.4411621,250791492.68161905,250768134.11838788,250657826.46667975,249565567.31669387
6333,250567691.64526367,249757665.3875094,249810369.6217941,249712692.0639561,247719005.4411103
6334,248686588.13208008,250545867.9876459,250614904.70826602,250584906.76343632,250567691.645374
6335,250941906.81323242,249883855.20910826,249897362.12004498,249859414.12465006,248686588.1320091
6336,252708331.72338867,250627189.88539502,250670847.25248316,250653038.9357974,250941906.8132929
6337,252626560.4345703,251405117.70960656,251384891.7665302,251385187.53763536,252708331.7234465
6338,253611886.09594727,251564525.09425208,251509021.35801762,251484071.9237238,252626560.434539
6339,252624026.8515625,252065416.7886183,252009711.51459992,251972740.88372365,253611886.09595045
6340,250757493.22143555,251832127.55248457,251763057.45844504,251702814.99945027,252624026.85156667
6341,253483490.60986328,251083880.29386947,251048552.48128945,250967749.7905811,250757493.22141656
6342,250506150.81469727,252026174.11770353,252017266.51292637,251972240.2435051,253483490.6098704
6343,253262375.43847656,251002396.16695866,250948187.4652851,250877095.8584945,250506150.81458727
6344,253156792.0703125,251957638.52049464,251958499.73509315,251907226.84851816,253262375.4385168
6345,258458162.1123047,252088124.56565315,252026752.50742045,251973888.75484276,253156792.07019457
6346,255191314.57739258,254293947.68372396,254212725.43662733,254182055.8834494,258458162.1124189
6347,254993876.66723633,253511685.30498263,253335993.79366767,253237836.08422804,255191314.5775079
6348,254480503.23486328,253438092.47857463,253344980.50079858,253216532.21503815,254993876.66734675
6349,251682859.27490234,253238228.92235455,253150658.0676202,253028639.24030206,254480503.2348231
6350,253827843.2487793,252097935.09281808,252038475.69956118,251898769.71755883,251682859.27499893
6351,246487038.97924805,252713089.67153528,252702502.32420957,252602153.75299126,253827843.2488596
6352,250838248.46411133,249867264.80097356,249846954.47985077,249698292.66156307,246487038.97927588
6353,250795039.91479492,250966146.081971,251080491.91388065,251009213.61995715,250838248.46405783
6354,256110998.29492188,251009574.0091688,251018280.75222257,250979733.64050135,250795039.91472664
6355,248543772.48168945,253120660.0493185,253105842.58404583,253096421.454451,256110998.2949665
6356,247772444.24804688,250567058.9093414,250477160.90138754,250371271.91899836,248543772.48170385
6357,253234783.81225586,249838873.42705747,249923500.05422682,249815309.59631655,247772444.2481576
6358,251743580.078125,251722476.2746865,251782252.36844602,251772704.46580252,253234783.81224048
6359,252791680.84448242,251443339.20570618,251392408.7335385,251356855.3894283,251743580.07817957
6360,251818864.99121094,251860144.48989674,251840672.9454018,251789222.09890905,252791680.84454975
6361,250752249.55419922,251606998.2876744,251569159.3841965,251500923.50449648,251818864.9911008
6362,249730463.84033203,251173087.3399383,251165573.68861192,251082577.11576682,250752249.55420527
6363,250655584.96704102,250641443.33936512,250659818.83443472,250582160.65737933,249730463.8402502
6364,254848290.16674805,250861020.83067498,250893656.82777792,250840557.77042955,250655584.9669576
6365,252948205.81298828,252533504.2146518,252522051.90110272,252508560.84487125,254848290.1666457
6366,256389879.0,252120146.9509874,252029003.07108924,251971521.2741341,252948205.8129888
6367,259647432.75756836,253511183.66827664,253449141.70848575,253395188.19742236,256389878.9999512
6368,250093410.11645508,255148777.46024302,254995806.76462305,254945525.65738428,259647432.75752425
6369,247859186.06152344,251829314.73444614,251666730.90723547,251484826.68046528,250093410.11646396
6370,251282653.08520508,250372078.4769995,250433960.70388985,250257109.2073231,247859186.0614724
6371,248844236.6208496,251260546.8990287,251338710.97255728,251269721.87895587,251282653.085098
6372,246469178.68066406,250332905.90332097,250346128.2789623,250275281.0663233,248844236.6207537
6373,248609974.85888672,249159176.3743816,249237663.83900672,249155383.4255578,246469178.6805679
6374,247286765.0258789,249680970.33892795,249792051.87911546,249763748.47001973,248609974.85876575
6375,247866514.67504883,249132007.3360546,249196716.7088422,249174979.2704805,247286765.0257913
6376,248252732.3388672,249181733.23713848,249269954.5018393,249261109.79241318,247866514.67501453
6377,250325652.92163086,249242881.90750647,249309056.4541797,249318232.32591653,248252732.33882943
6378,250863133.37548828,250034320.40460542,250078742.0961847,250105942.5666038,250325652.92162785
6379,250108172.09570312,250388417.3301491,250383529.9978137,250402423.7855088,250863133.3755584
6380,252113226.15161133,250209675.90521467,250199351.85140648,250190921.7998138,250108172.09575272
6381,253557065.35058594,251026385.49487993,251023983.34268475,251023033.5596655,252113226.151615
6382,254245449.36083984,251787101.42998528,251733908.3647492,251730897.85933983,253557065.35060108
6383,250382117.08764648,252313385.42910045,252231229.90936983,252202074.8000463,254245449.3608057
6384,252696185.60351562,250986566.69121903,250915615.2327316,250828125.76617342,250382117.0876581
6385,259101327.49316406,251692656.2912396,251695560.11621338,251635708.56966045,252696185.60356772
6386,251333953.1977539,254357725.8413401,254273833.83268562,254273133.77440724,259101327.49313107
6387,254598014.8383789,251894653.89553806,251721035.93127394,251601295.4636135,251333953.1978472
6388,250828369.48510742,252857870.16806763,252844862.76013103,252742211.04624873,254598014.8383851
6389,251812356.13964844,251520445.35889724,251450794.04082423,251336494.59362707,250828369.4849933
6390,254753733.9230957,251651915.16482872,251663183.78222096,251565418.51199752,251812356.1396405
6391,251745248.7590332,252800830.56515202,252770695.0898569,252715706.60130605,254753733.92302665
6392,249939065.22509766,251838763.38927552,251762577.5826395,251664301.7949715,251745248.75904807
6393,250631014.60888672,250985651.96206367,250988686.33524972,250871866.3345004,249939065.22501856
6394,250281811.30932617,251002983.7455364,251034789.3467565,250957072.2684734,250631014.60878807
6395,253827551.03759766,250783879.05131903,250798311.2177056,250736566.75581935,250281811.30936357
6396,250382643.96069336,252099878.57725912,252101518.27538615,252076188.90324053,253827551.0374924
6397,248802876.42089844,250972984.22951722,250914120.0985684,250846208.23599586,250382643.96080104
6398,251483348.93237305,250170395.63604993,250199300.20788452,250114967.82549977,248802876.420923
6399,253851520.89697266,250984733.55378735,251025455.3480034,250996733.56971848,251483348.9324228
6400,253635911.7902832,252062898.02676964,252031953.5134952,252021156.84987396,253851520.89689472
6401,249703156.13452148,252236568.71981412,252158837.01812327,252115443.82310957,253635911.79017293
6402,249217843.3137207,250802891.13639364,250756638.71294037,250657363.8551566,249703156.13445383
6403,250125956.8359375,250302615.27002135,250342106.4156834,250260857.5137533,249217843.31369507
6404,248593759.47509766,250491842.12657306,250530885.4312844,250488531.01148808,250125956.83588096
6405,249838082.0908203,249875385.1637659,249902339.691146,249854390.34273598,248593759.47520947
6406,249697414.79907227,250190054.22981527,250241224.1484125,250215704.6030163,249838082.09089965
6407,251432938.7368164,250140367.2939574,250161301.97271833,250142527.6781383,249697414.79906043
6408,251254746.79663086,250797738.8107134,250812063.7840173,250805582.24557447,251432938.73692343
6409,254427332.39282227,250855204.86464068,250831936.32106864,250814252.75444978,251254746.7966051
6410,248096369.38378906,252171614.6696026,252137778.41771618,252131365.6695751,254427332.3928728
6411,250557246.75048828,249977027.3200979,249909916.76524732,249825644.47688112,248096369.38372025
6412,249841745.94482422,250581281.2189565,250643135.84671396,250589051.49547863,250557246.75054988
6413,252692989.60131836,250306356.60662836,250309090.7930229,250277153.76738027,249841745.9447792
6414,253947049.984375,251380234.7494105,251385609.80645004,251374135.87792367,252692989.601348
6415,251645841.3618164,252081310.01282838,252017709.5751541,252005154.17762166,253947049.98442376
6416,252476873.39135742,251337933.65009028,251262136.08874568,251205660.30075833,251645841.3617911
6417,250204100.08203125,251597240.5337792,251569302.2990176,251515183.03079706,252476873.3913579
6418,252208381.109375,250762617.09573784,250728817.89652345,250659618.7842154,250204100.08199632
6419,252239981.05541992,251383132.20610163,251389180.89763424,251347208.56170586,252208381.10938168
6420,249933642.92626953,251490353.87966046,251450049.62818277,251412652.8079115,252239981.05533335
6421,248813212.15161133,250639487.19605863,250615135.69402274,250546009.22307974,249933642.92631397
6422,252337425.1652832,250020669.45894077,250051684.97298744,249985676.63815334,248813212.15154183
6423,246683649.06469727,251244338.42153087,251277272.98277995,251264088.01874444,252337425.1653704
6424,247075058.16064453,249203906.5238051,249189083.3677193,249122813.29835218,246683649.0646174
6425,249694827.3635254,248960436.74188957,249068306.43412226,249020073.49024934,247075058.16057345
6426,248406469.65576172,249815712.9985739,249890719.92863858,249904093.5324559,249694827.3635753
6427,250694371.06201172,249405522.5096956,249428680.03665262,249427338.03893766,248406469.65586528
6428,251652799.30541992,250243152.9125356,250282965.84609836,250293636.00916967,250694371.06191343
6429,249606318.9777832,250777889.95333222,250760412.41301653,250770974.69105625,251652799.3053196
6430,250854639.69091797,250115441.23026586,250091740.93220365,250062588.3378991,249606318.9777151
6431,251787623.67089844,250502958.40701213,250517012.00975272,250498328.1553557,250854639.6909524
6432,253173497.23657227,250956332.36579823,250936340.81039655,250925804.95422953,251787623.67084077
6433,249979917.0131836,251638296.0130398,251595125.71443042,251579728.6607482,253173497.23668304
6434,248822242.8256836,250517894.08214307,250461786.32112744,250404620.18836275,249979917.013271
6435,253349130.0727539,249893667.09321254,249916354.5758631,249853231.93944085,248822242.82577956
6436,253081878.0456543,251495533.29535523,251513636.4972162,251516383.07335222,253349130.07266733
6437,250147949.98901367,251698195.8171705,251619328.74531007,251604521.308854,253081878.0456866
6438,251247635.72485352,250667684.13290045,250617938.37115616,250548388.36044556,250147949.9890829
6439,250310746.9572754,250910810.64404523,250917923.2761042,250869837.71679246,251247635.72481605
6440,256714277.90771484,250547569.9860786,250532510.6937155,250489814.4433369,250310746.957246
6441,253715352.9880371,253027823.58662775,253000933.67133427,253011285.3245393,256714277.90764028
6442,251085204.86572266,252370629.04642624,252222088.8107363,252171775.95419273,253715352.98812613
6443,249772995.1274414,251358769.66166714,251301164.81197333,251194626.88459182,251085204.8657353
6444,250386460.3527832,250628046.69544485,250631108.81068268,250538828.75025448,249772995.12736136
6445,252094964.35327148,250665666.1345747,250690554.28909442,250632810.60510924,250386460.3528537
6446,254921617.8305664,251300033.9509411,251300422.41319194,251269839.64390475,252094964.35335404
6447,250226061.43139648,252538501.54745945,252487284.4770976,252470910.82737795,254921617.8305924
6448,247422992.5048828,250962358.81229377,250878117.5945311,250794546.08238575,250226061.4313882
6449,244603266.3334961,249577231.8255729,249612235.4204242,249511656.6141156,247422992.50498128
6450,252073724.7980957,248083497.22823483,248186245.5536383,248112385.32254612,244603266.3335518
6451,251289039.92578125,250598218.75537273,250714993.90950078,250754838.77902505,252073724.79806143
6452,246665427.42504883,250670316.8458961,250623100.7988655,250647686.98973992,251289039.9257121
6453,251648116.64819336,248941728.15504465,248944699.5929697,248891024.86726862,246665427.4250905
6454,247621494.90893555,250574487.10087797,250647406.72053775,250657912.85420159,251648116.64823905
6455,245822580.21826172,249231802.13015193,249212851.24588028,249192600.8572694,247621494.9090472
6456,250290746.9975586,248269472.47179428,248351378.47907606,248314952.66643587,245822580.21816412
6457,246541251.36035156,249758849.72663665,249848365.6195995,249886991.10423172,250290746.99750343
6458,245954848.42236328,248459970.09347636,248467140.46518022,248474305.05330455,246541251.3604697
6459,246726375.3659668,248000014.2959017,248095190.10249138,248095195.47279802,245954848.42247424
6460,245525390.52246094,248117962.42150846,248213096.0390969,248249348.18903783,246726375.3658472
6461,244102064.8173828,247593345.25885424,247674961.8034136,247710739.47937492,245525390.5224072
6462,245460979.83691406,246857177.3789508,246969465.0853698,247005487.96515715,244102064.81736988
6463,249332292.6430664,247142819.23181885,247271571.1787134,247345087.73972684,245460979.83694744
6464,252121006.36108398,248648885.61644253,248722208.2309275,248838149.7849615,249332292.64300463
6465,252945935.09936523,250049875.1224362,250023990.88904426,250135029.175199,252121006.36104605
6466,252564849.29516602,250785230.1697163,250701357.6191805,250765939.835466,252945935.0993593
6467,252926811.94873047,250931840.59657422,250839435.98028466,250857520.81599057,252564849.2952496
6468,255869587.8269043,251226520.63302186,251145885.17483738,251144072.90494132,252926811.948847
6469,255994047.73999023,252553955.51695392,252454054.46786687,252460583.26820016,255869587.8269118
6470,251901196.984375,252994349.50047055,252838128.2625398,252810962.89769968,255994047.73991045
6471,254066809.01220703,251592716.60941738,251464424.7086126,251370481.06323507,251901196.98442236
6472,254671660.34057617,252280860.56344786,252234575.20413134,252165198.54004154,254066809.01230535
6473,252955137.65429688,252667552.75054187,252571235.82079676,252513454.24429163,254671660.3406776
6474,252528019.7241211,252122235.87982556,252028116.5184691,251938626.55848277,252955137.65441772
6475,249531543.59033203,251906357.44073775,251855202.96036303,251761663.87181285,252528019.72413635
6476,250445284.0859375,250663074.01119056,250636858.80864513,250531429.06924617,249531543.59038308
6477,247217323.17993164,250730644.9635202,250762833.85432598,250692116.63568196,250445284.0860404
6478,248501289.41455078,249376234.63267502,249400781.7100913,249327135.10961756,247217323.17989156
6479,247992988.47509766,249542374.23607492,249627715.43832493,249591466.5282228,248501289.41461936
6480,249690930.08666992,249248658.92809668,249301311.25016716,249287000.7933445,247992988.47520185
6481,251725056.5205078,249786356.82268155,249838315.58138928,249847209.81657284,249690930.08659452
6482,254146713.90234375,250664203.9615756,250664782.7667592,250688039.4176399,251725056.52055225
6483,254250515.74780273,251848650.89912188,251795091.80269518,251812102.34555843,254146713.9022652
6484,253811363.96533203,252205380.7355596,252103153.7190869,252084397.99585548,254250515.7476853
6485,249519594.26708984,252216819.48198226,252120245.16745862,252067387.50894636,253811363.9653429
6486,249944688.70825195,250608446.51363626,250548477.62637487,250447500.2043235,249519594.267118
6487,250257241.0949707,250467737.68001813,250498380.4022147,250424149.14122063,249944688.7081949
6488,251162557.15454102,250491872.88477907,250507322.77011895,250464791.03004184,250257241.094896
6489,248437649.47998047,250778343.11662558,250780516.42359433,250755322.9752761,251162557.15463284
6490,252265928.56347656,249721697.6969585,249717160.66629556,249669570.55240208,248437649.4799044
6491,244872040.45239258,251016480.97222638,251049616.78879938,251046408.2289457,252265928.5635209
6492,251220528.67993164,248292052.41111585,248277714.79830962,248212195.14300826,244872040.45238468
6493,251665709.65893555,250266046.44544587,250379694.1337603,250390875.25151286,251220528.67999083
6494,247546037.26757812,250705682.91044885,250668912.1669184,250699356.49196547,251665709.65892333
6495,249132487.8095703,249188957.62194782,249171133.17495793,249135521.14232218,247546037.26749063
6496,243932580.50512695,249527908.9658063,249589268.33052734,249582845.4334498,249132487.8095484
6497,249449452.16625977,247450625.8473968,247498240.3042119,247469623.58724618,243932580.50508577
6498,248131250.90942383,249193783.07513392,249324992.1709286,249370313.25066644,249449452.16619
6499,248932625.08081055,248870439.39176667,248879715.38582793,248926931.9728087,248131250.9094005
6500,247725106.34887695,249138339.7199693,249175270.07882342,249211381.56462166,248932625.0807253
6501,248741113.64404297,248722696.7977532,248746869.58754843,248771151.7813487,247725106.34876835
6502,246961944.1833496,249017977.57816443,249062169.14504126,249099137.6873198,248741113.64413148
6503,246671450.13867188,248348571.7251032,248377337.3400405,248402286.32460517,246961944.18338743
6504,244835868.74902344,248103967.95626327,248174254.83473688,248202073.5146153,246671450.1387887
6505,246504120.6381836,247244914.77174875,247326103.3561234,247358367.45130056,244835868.74904904
6506,243947417.21118164,247674243.5317612,247783132.2375872,247850096.98753414,246504120.63807288
6507,248330038.57373047,246666158.66557786,246747941.91070154,246804501.94637147,243947417.2110704
6508,249147499.84277344,248162038.93759716,248274708.06873018,248379343.03764722,248330038.57366747
6509,248186258.71118164,248736900.930413,248745619.60628566,248849108.76647034,249147499.8427148
6510,245622239.80395508,248560011.97369814,248562590.7681891,248620640.96739227,248186258.71113276
6511,248542020.36791992,247579157.306235,247618439.28974965,247642579.23998648,245622239.8039272
6512,247353888.52124023,248537823.6242835,248615953.0754422,248679494.70334077,248542020.3678496
6513,252050007.29467773,248205847.98089826,248223742.0118562,248279192.44130513,247353888.52127743
6514,250727205.46557617,250030092.13707206,250051695.804828,250135101.91358173,252050007.29462156
6515,251995713.51953125,249902835.95965943,249829440.19360927,249874438.61699536,250727205.46565416
6516,249857789.76635742,250512401.53821695,250469631.30219054,250491541.83260575,251995713.5195582
6517,248044806.56079102,249838317.69858423,249780592.81684482,249772681.2088403,249857789.76643175
6518,250711505.51538086,249023442.54662186,249024309.7629971,249001438.32931525,248044806.5608516
6519,250301180.17041016,249908738.7811793,249932809.9167409,249953301.7935241,250711505.51528808
6520,247269995.2145996,249882086.0732743,249849081.41693443,249867102.72673002,250301180.170356
6521,248542456.67822266,248694973.08571422,248690031.01806915,248672492.92858252,247269995.2146313
6522,245573110.90771484,248947140.4661643,248999467.44544706,249012659.33693334,248542456.67826125
6523,247107826.35839844,247732949.9651429,247767928.15268597,247776290.5918894,245573110.907636
6524,246708784.5979004,248058815.76600322,248149686.5835105,248189765.64179763,247107826.35848132
6525,250981099.61743164,247861561.043982,247914152.7209189,247970377.27821094,246708784.59793404
6526,252163470.5102539,249503188.91803408,249542167.7127512,249632413.97060743,250981099.61736557
6527,249991179.4987793,250311654.29571962,250251259.36011094,250326288.86948228,252163470.5101942
6528,251166889.83032227,249739734.1333166,249673323.44811872,249685451.30651042,249991179.49886116
6529,247583989.1328125,250191633.13575077,250169735.945508,250180048.8454677,251166889.8303142
6530,249049366.51367188,248879493.54253936,248851188.45205083,248830884.24909467,247583989.13277143
6531,250706625.7145996,249199932.39174715,249242854.48613647,249249639.5260653,249049366.5137874
6532,248616971.82958984,249848456.0255416,249845804.5297119,249885004.60130402,250706625.7145452
6533,250692744.2019043,249136425.21882856,249110103.89800054,249120692.82002196,248616971.8296969
6534,253312099.90112305,249856004.67330536,249865770.0263473,249892630.68908885,250692744.20178407
6535,251938211.90405273,251034482.22963652,250983470.71302593,251029515.96881795,253312099.90117717
6536,248280110.41235352,250795702.8006557,250700927.60710165,250703028.11414373,251938211.9040638
6537,247558168.52270508,249384490.84520543,249343525.4587663,249298070.24170145,248280110.4122491
6538,251491187.25927734,248832993.8643355,248875723.43885553,248847724.3826604,247558168.5228026
6539,249272657.09765625,250172861.2240317,250202900.75265172,250243342.28451034,251491187.2591647
6540,251017206.19458008,249552716.9498873,249510233.13234693,249520530.18555522,249272657.09769017
6541,249919742.5588379,250156689.74386093,250157485.49011317,250172192.8962934,251017206.19449496
6542,246442102.05810547,249819603.02158514,249784696.5556317,249792188.28020805,249919742.55884907
6543,245962855.50097656,248406694.47574982,248417969.132545,248392193.15566906,246442102.05801392
6544,252301033.90600586,247878685.64175758,247963360.4291712,247964717.83865613,245962855.5009822
6545,249966638.87695312,250210006.03407466,250266259.54499823,250351051.0054212,252301033.90610293
6546,249166303.1743164,249701542.5317629,249631705.65960407,249673284.34113947,249966638.87689465
6547,252250512.11743164,249391768.53717366,249385041.9798243,249389700.60293344,249166303.17439649
6548,252279506.6352539,250563331.53875864,250554405.3120198,250593733.14292294,252250512.11735263
6549,250205632.99804688,250834016.58160326,250759979.5330111,250783292.1480775,252279506.63527095
6550,247676315.28393555,250147770.57219732,250090165.69086838,250071413.5047655,250205632.9980833
6551,247696349.44311523,249054799.99368772,249057546.1036651,249021721.40837124,247676315.2838148
6552,248119458.17822266,248804705.5274077,248859344.7273548,248852861.60438257,247696349.44316116
6553,254296371.8388672,248849380.0535702,248898045.81022668,248919305.72709477,248119458.17814377
6554,252521282.1357422,251261615.59260964,251266160.9252628,251344205.40277535,254296371.83878005
6555,252191546.10107422,251096043.154885,250979466.78568193,251000483.75250542,252521282.1358
6556,247668100.62329102,251086610.12455472,251020748.2106831,250997770.94179982,252191546.10104305
6557,246644470.078125,249344135.99759373,249310033.982882,249248102.6285395,247668100.623242
6558,248459534.3076172,248581869.96944895,248651074.30355448,248608549.47348493,246644470.0781421
6559,251516595.5065918,249049456.02039835,249124942.39706317,249139329.4503259,248459534.30762893
6560,247496149.16064453,250265924.79096752,250282053.18334344,250331806.5995218,251516595.5066177
6561,249476347.39038086,248932867.80310953,248906761.71136096,248898138.4067603,247496149.1606964
6562,248761764.00512695,249476833.26087013,249528730.19468403,249539062.86675918,249476347.3904004
6563,249158347.72021484,249246221.57832435,249253421.63486463,249271123.40722957,248761764.00519308
6564,247934325.1899414,249345218.44205916,249367243.45630056,249386078.25851706,249158347.72025028
6565,251384778.63305664,248860725.31164622,248878220.8428543,248890172.7990511,247934325.1898481
6566,249383808.3623047,250135567.6060181,250161449.5969603,250206637.69104993,251384778.6331262
6567,248766365.68286133,249577828.1308157,249538493.33611047,249555812.0755798,249383808.36233047
6568,248605070.62329102,249270058.6099005,249281240.45984083,249282313.2100066,248766365.68288812
6569,246599084.43896484,249140945.22137842,249164493.386654,249175805.02451128,248605070.62340185
6570,248876315.2458496,248282916.36743605,248319150.54782328,248323124.01849645,246599084.4390253
6571,248317436.02441406,248991932.2022707,249058510.79249784,249097198.44242445,248876315.245856
6572,248275205.84448242,248857456.1340998,248873803.45889497,248911932.8307523,248317436.0244675
6573,248953791.80786133,248838015.545486,248869403.0353213,248897703.25063336,248275205.84440756
6574,248892720.40063477,249084782.8266162,249111743.71202743,249148774.84064507,248953791.8078586
6575,252597040.56860352,249091017.5171,249102274.31351787,249137050.10702825,248892720.40061224
6576,255741761.51513672,250582418.2294216,250576562.56193975,250635850.55332518,252597040.56861028
6577,252789582.1130371,252165910.81405503,252064201.5850609,252122169.03600824,255741761.5151444
6578,249663630.42919922,251478239.14686212,251334011.53034696,251310006.92324752,252789582.1129532
6579,246412648.8857422,250261839.092728,250207192.98413306,250133951.89503568,249663630.42929152
6580,250501878.39135742,248731034.01669347,248759585.20421502,248687394.98934877,246412648.8857173
6581,251076134.78320312,249971969.9876482,250045092.18205678,250051836.8001259,250501878.3913665
6582,247073719.59814453,250347946.02958515,250324933.90424293,250346522.7594807,251076134.7832531
6583,246796092.6755371,248845704.9729384,248835717.40962008,248804540.91402498,247073719.59815463
6584,249321541.06958008,248418093.58651516,248494076.89659947,248480964.75789773,246796092.67558864
6585,252111126.23266602,249241454.29279366,249302493.72830883,249342666.23677662,249321541.06958205
6586,249477077.6923828,250475742.98226988,250466759.8985252,250524995.7304078,252111126.2326749
6587,254583977.5793457,249706959.1941493,249654040.1212002,249659539.5755312,249477077.69245607
6588,252458836.6298828,251669839.97353604,251651175.54743448,251685990.7255615,254583977.579262
6589,256155703.81347656,251247857.09204867,251129756.40541908,251124158.62156224,252458836.6297685
6590,247227845.18481445,252767221.29497242,252685240.14557135,252679459.1600082,256155703.81342423
6591,251235515.18652344,249616059.75060892,249503379.1247432,249399558.95004568,247227845.18484604
6592,250671831.73779297,250674885.82676893,250742301.19805983,250691165.69794533,251235515.18651855
6593,249522786.9777832,250516825.95967376,250489092.66083014,250470592.2069329,250671831.7377617
6594,247724328.2216797,250036385.46853969,250031971.0152438,249994378.97133866,249522786.97786188
6595,248174995.16333008,249213602.51295987,249241884.85667363,249200813.01957938,247724328.22177237
6596,251747908.69189453,249155733.90844932,249216904.69509926,249205070.89948562,248174995.16341013
6597,246305572.84350586,250470841.8554147,250498178.844848,250535216.42712468,251747908.69197112
6598,245867042.88378906,248546563.7351813,248524811.5046927,248501253.4525518,246305572.8434847
6599,254200621.8725586,248015200.6218765,248116058.30263355,248098760.5046832,245867042.88379952
6600,249652906.41918945,251110998.40123814,251166859.63981318,251256822.94568947,254200621.87252188
6601,247875425.53320312,249917262.63221678,249818490.1993623,249831244.5599126,249652906.41911817
6602,250379806.98657227,249087956.61434087,249106441.55137512,249075018.6659896,247875425.53309867
6603,253332242.8762207,249880350.46871218,249917426.3829103,249936884.8468531,250379806.98666525
6604,250309857.77392578,251158297.0465715,251123161.91168672,251169220.8091388,253332242.87629765
6605,251927904.15820312,250283537.3775092,250205537.6727215,250191661.5556801,250309857.77401656
6606,251165100.90844727,250856462.39302707,250840740.7548451,250827323.919603,251927904.15808576
6607,247739327.68237305,250681060.88655913,250633642.496699,250614863.54041526,251165100.90835345
6608,252215912.73095703,249303074.40579763,249293055.93228677,249241726.1472441,247739327.68248868
6609,250746709.16601562,250802702.1120504,250842234.1989147,250850779.46679887,252215912.7309424
6610,250494106.02075195,250460757.34860355,250407386.53360048,250403823.89668036,250746709.1659646
6611,253582963.28442383,250354376.4320069,250340664.80360293,250316710.84009904,250494106.02065477
6612,252220753.80932617,251567266.3806467,251540426.58465576,251546535.78884614,253582963.2843961
6613,250593700.44067383,251310595.95313564,251227053.6203323,251201288.07193062,252220753.80938348
6614,249692931.80737305,250682896.3910154,250642779.41315398,250587344.7705892,250593700.4406724
6615,248333600.45288086,250212857.57703757,250211998.70548004,250161608.26573783,249692931.8072762
6616,250894445.69067383,249541684.28996685,249566052.36768797,249523479.2259419,248333600.4528428
6617,253321735.97973633,250366037.57625198,250403349.78206158,250403300.900868,250894445.69068563
6618,248298373.53466797,251464427.46391523,251431806.26314798,251449815.1310992,253321735.97979817
6619,249745164.3059082,249733407.64586473,249679049.60032243,249625821.2259994,248298373.5346352
6620,248360427.85546875,250013736.014081,250063056.7849008,250029423.89500389,249745164.30584207
6621,248515260.5834961,249447659.71432135,249466596.57274365,249444813.46548542,248360427.8553994
6622,250531005.43725586,249366185.47404587,249414702.11285353,249401740.0056973,248515260.5835856
6623,246031774.60546875,250107766.84541813,250138633.09667966,250153651.3912482,250531005.43734035
6624,249987265.18481445,248437601.6201011,248448129.84039262,248419638.97814962,246031774.6055298
6625,251333579.66870117,249637580.29470816,249723167.3333739,249746816.59981552,249987265.18483365
6626,250986535.10302734,250318559.07125267,250303745.20046896,250348893.7633028,251333579.66878796
6627,247647775.4777832,250365202.87465963,250327641.668658,250339723.04192156,250986535.10309488
6628,246765127.78930664,249130013.3198568,249120994.3263908,249088753.94984323,247647775.47769973
6629,249078621.66625977,248525087.55466068,248592656.03906754,248571799.87665695,246765127.789392
6630,248455363.4465332,249221565.15989798,249289366.0289353,249320960.68863976,249078621.6662309
6631,250151995.39794922,249061800.79872352,249080599.8769594,249108146.19696304,248455363.44664925
6632,254993070.84057617,249724951.60153514,249750199.78411168,249782239.58787978,250151995.3980705
6633,254426646.09765625,251794349.62912488,251756938.79562768,251817354.99611813,254993070.84055543
6634,253937639.65234375,252063193.8356243,251928017.9752257,251936378.08020872,254426646.0975441
6635,251331697.0378418,252120157.43190432,252011511.9830451,251967785.95548496,253937639.65229028
6636,248588231.43554688,251185117.69405308,251103338.55955034,251026758.62109706,251331697.03772545
6637,247999215.8720703,249954270.32976422,249947366.40053892,249859318.0652642,248588231.43554127
6638,249057119.51171875,249380166.5152771,249430037.9123651,249377850.55527532,247999215.87204063
6639,253010730.41503906,249606012.19156018,249659067.12500346,249647518.16767532,249057119.51171812
6640,248438521.44067383,251137451.7814113,251143465.34048665,251175548.23238596,253010730.41514245
6641,253077915.2265625,249626671.1335642,249572269.45871964,249542477.2790274,248438521.4407439
6642,248349211.97070312,251227890.26813394,251251699.16330758,251257603.1138461,253077915.2266323
6643,250366036.37597656,249648235.48479697,249591984.25504765,249555608.59366685,248349211.9707953
6644,252427710.76538086,250194005.24044544,250236685.99066758,250215299.3579214,250366036.37588724
6645,250754963.24804688,251042497.8298806,251023126.52178133,251036941.94459534,252427710.7653097
6646,252461928.33813477,250592545.89100665,250540992.40634036,250517416.87643734,250754963.248075
6647,251415981.0456543,251266797.19172078,251247892.4796656,251225934.22367358,252461928.3380925
6648,256722783.48217773,250969541.18629426,250917486.87058365,250884400.79077792,251415981.0456649
6649,255990179.96191406,253074920.06035435,253020810.84270722,253021770.0689347,256722783.48222336
6650,251756034.44555664,253285491.7318363,253123417.60058752,253082342.85672173,255990179.9618583
6651,251722958.2060547,251817976.98992366,251706604.8571955,251587155.0600564,251756034.44560784
6652,257282486.94067383,251561557.52079105,251542742.75510454,251439433.04673406,251722958.20594263
6653,253331142.44580078,253683912.76462704,253633340.76713473,253600890.23829117,257282486.9407132
6654,253373509.09692383,252553911.6015745,252407431.95017618,252314130.06010014,253331142.44577065
6655,247910436.50073242,252459897.53560203,252406765.19181722,252295860.80664408,253373509.09686303
6656,251274389.33154297,250280124.69645217,250252968.53047827,250113151.5465677,247910436.5008343
6657,250292728.99438477,251116508.76206252,251188358.4500434,251116680.3268296,251274389.3314655
6658,251280598.0744629,250757405.78187487,250752427.61828214,250700677.55262628,250292728.9945064
6659,247563766.7590332,251061258.7403519,251074974.0035756,251028515.66155046,251280598.07445425
6660,250092068.6796875,249590598.84713873,249598589.47255453,249527803.66852325,247563766.75903085
6661,248636260.7668457,250254992.73628327,250327932.05682737,250300538.6711015,250092068.67965892
6662,249883645.79223633,249708477.63533533,249727243.6628103,249705017.04930308,248636260.76678792
6663,253001151.92089844,250070805.74095368,250114807.65704152,250104369.54688063,249883645.79227164
6664,250963141.8894043,251353412.40751165,251350225.40659073,251367813.72615048,253001151.9209338
6665,246246374.4338379,250823766.7158036,250766535.2544915,250741130.93614104,250963141.889335
6666,244957337.45092773,248887464.26621082,248902015.66566333,248827360.84559956,246246374.43381837
6667,251493422.14111328,247949713.64076245,248069255.69988602,248023314.03849566,244957337.4509209
6668,251503012.4272461,250195361.4327303,250298245.50704724,250357152.22561795,251493422.14102945
6669,250801555.82592773,250568949.65739065,250526856.53926617,250570300.21133685,251503012.42727163
6670,250611393.7199707,250466993.52130583,250437093.69386402,250431621.87012336,250801555.82590124
6671,252941229.66064453,250416008.77092257,250401435.04251355,250386310.07411844,250611393.72008348
6672,254744414.70043945,251381092.98369634,251359934.19071126,251359706.57337466,252941229.66064695
6673,251027333.32080078,252326447.90030763,252247468.09305158,252244000.77291,254744414.70049804
6674,249900475.30151367,251130526.48805624,251038628.87397316,250971424.090245,251027333.3207524
6675,253284413.95996094,250515030.50712445,250513458.44108146,250437768.2317376,249900475.30145875
6676,251356263.3647461,251709895.78983527,251711125.56253988,251689011.35174146,253284413.95984557
6677,254822979.9423828,251179313.6593727,251118870.58751258,251070913.59649706,251356263.3647798
6678,251173475.43139648,252509988.96583465,252477914.209654,252445905.06223017,254822979.9424671
6679,252911211.48608398,251363858.77995706,251275938.8986606,251197329.57222354,251173475.4314339
6680,247814990.16455078,251908982.06005973,251897599.68219772,251826369.12911865,252911211.48614365
6681,250978587.34643555,249948922.10797107,249922633.92059526,249821450.9037283,247814990.16450745
6682,249075675.24804688,250784009.0674241,250851910.9372996,250803344.243086,250978587.34654075
6683,253224842.82836914,250069531.9390884,250070399.6396238,250030378.79847744,249075675.24807656
6684,252373483.29296875,251556448.31912217,251578260.16056722,251574190.41081786,253224842.8284365
6685,252472662.71850586,251504874.4213122,251438767.56641573,251414413.32602432,252373483.2928958
6686,254587322.83740234,251625894.8844609,251584097.44561064,251533876.82135445,252472662.7185337
6687,254204175.15283203,252541480.61443466,252487837.23941392,252448150.50498083,254587322.837373
6688,249609076.53857422,252605509.1865624,252509572.64715794,252448681.372997,254204175.1528332
6689,253027263.32470703,250897505.29902875,250841403.17383695,250722152.28282347,249609076.5386507
6690,250983337.31811523,251907053.55780435,251931108.63407627,251865434.3515463,253027263.3247441
6691,247133101.4609375,251245781.67335188,251202413.4344431,251130981.53032517,250983337.31822369
6692,251118975.9958496,249600641.8085978,249626685.24033022,249520738.36612606,247133101.4608595
6693,253364951.26367188,250773577.74165246,250855539.9808957,250822618.08487692,251118975.99596432
6694,255366259.01416016,251801531.2090192,251779336.64660668,251775383.2488064,253364951.26355383
6695,248195137.73095703,252842179.36208975,252764825.15249455,252742768.20953465,255366259.01426032
6696,252793091.08154297,250310281.92196992,250232971.99008396,250114481.94168246,248195137.7310179
6697,257184430.03125,251661608.59621352,251716960.54565355,251658235.2347405,252793091.08151305
6698,255529963.9194336,253568926.94161555,253491849.78333598,253489055.99093565,257184430.0313178
6699,250815109.30493164,253393180.48341843,253238422.80420062,253167673.75787234,255529963.91938087
6700,254473722.9338379,251651280.01764238,251567103.8200107,251422736.38822243,250815109.30502373
6701,247022113.70458984,252757433.19031212,252753764.38182595,252668444.8875106,254473722.93377703
6702,251515926.16430664,249952610.14556637,249905637.4053667,249772609.44726408,247022113.70451552
6703,254621012.21362305,251142891.3557879,251234432.8356272,251170999.0924278,251515926.1642675
6704,252516063.1364746,252489322.85484204,252456678.257132,252446289.1599837,254621012.21351805
6705,254287216.6760254,251947852.4583329,251864884.21177188,251800569.44864482,252516063.1365088
6706,256691323.65112305,252628261.30771118,252585890.9294509,252520212.20680603,254287216.67606717
6707,251733076.47729492,253736188.26249853,253641025.809199,253589283.3991923,256691323.6511791
6708,257273309.8317871,252088933.98606533,251975063.46996617,251849159.91014817,251733076.4773105
6709,258659867.32202148,254038642.54317135,254007178.28146657,253930361.789966,257273309.8316676
6710,254824398.2668457,254986601.21525836,254825323.0067184,254750108.2764037,258659867.32190505
6711,252166152.85961914,253807405.02117467,253649327.99221662,253492020.01816413,254824398.26693645
6712,248839834.92578125,252605123.20071673,252548783.2475317,252370197.26578,252166152.8595141
6713,249110669.06469727,250992300.40603697,251007260.89945516,250840854.66765782,248839834.92570588
6714,251739588.77929688,250673650.02999255,250753933.62607193,250639236.6957369,249110669.0646793
6715,249270963.84423828,251526508.26392716,251580790.14209366,251523734.57393965,251739588.77931815
6716,251920574.57421875,250619221.13752967,250626582.62952,250550143.43378484,249270963.84426567
6717,254682666.90820312,251465660.3476167,251511710.88606325,251462247.21168903,251920574.57422745
6718,255255681.45410156,252682377.14304,252651021.96486548,252625391.72553822,254682666.90823203
6719,248532136.59960938,253213028.70710576,253123068.99663204,253066631.84512767,255255681.45412216
6720,251181361.83203125,250743366.86995095,250682270.17598474,250539803.08467543,248532136.5996815
6721,251514639.2236328,251305836.07479438,251375496.17474818,251284965.55584824,251181361.83208025
6722,247311786.37231445,251432205.2017849,251433128.31161362,251377624.5584247,251514639.22375387
6723,250055302.41210938,249776063.22143626,249795447.58295068,249698169.16034287,247311786.3722264
6724,249947228.89819336,250473780.67660737,250565222.80679616,250519278.77375758,250055302.41216365
6725,249576312.3864746,250463271.8165101,250488745.2352718,250460989.35672095,249947228.8981433
6726,252221622.36376953,250271033.24840665,250300517.47724056,250265171.69144765,249576312.3863917
6727,248733598.70092773,251267940.08208084,251289624.6993565,251279357.5085656,252221622.36382064
6728,250455948.8408203,250056055.43130884,250036713.6543966,249986960.95766738,248733598.70102376
6729,249370671.26611328,250545535.40264946,250595975.67759225,250560592.75631267,250455948.84074488
6730,251256100.0048828,250150933.12222254,250163809.8906007,250131444.00557947,249370671.26608872
6731,250509761.6328125,250831444.1090807,250860099.25132987,250841004.06718022,251256100.0050018
6732,250365898.8088379,250641891.36923376,250631142.97377777,250602518.54872438,250509761.63283575
6733,249565230.4909668,250570534.57574165,250578439.73020202,250540480.50543043,250365898.8088628
6734,253895194.69995117,250233887.65486455,250247851.47973228,250206664.22138295,249565230.49087355
6735,251886215.04785156,251861996.3206512,251869443.6301463,251871001.48213935,253895194.7000405
6736,250220443.58129883,251382976.88710833,251306001.1098999,251271407.7009845,251886215.04779348
6737,250799781.02026367,250735162.40907645,250718285.83704412,250647106.46586865,250220443.5812446
6738,253908902.6394043,250823358.71022716,250837129.23663753,250787075.51444265,250799781.0202878
6739,252017777.95996094,252044281.3521721,252026658.16131335,252010881.75853968,253908902.63944948
6740,255880445.64648438,251586857.84362715,251515357.28083098,251459401.39139336,252017777.96006355
6741,255900623.06713867,253113536.95713207,253067789.8994343,253026839.07315803,255880445.64636493
6742,253996617.76391602,253472908.16874814,253345045.01439947,253282649.86719424,255900623.0670593
6743,249047263.81323242,252895702.40756068,252784699.760226,252673453.65657493,253996617.7638753
6744,254637600.55810547,250921128.85640296,250881736.44477266,250725214.067091,249047263.8131914
6745,251522632.04711914,252721116.3589757,252757890.61838377,252686028.45153084,254637600.5580878
6746,257452313.60351562,251730601.70174062,251656984.5035542,251569196.19251677,251522632.0471329
6747,252913055.3215332,253926636.50368276,253894187.0714889,253845094.09897098,257452313.6034122
6748,256292706.36157227,252593605.36690536,252456522.0253888,252346995.67906103,252913055.3216264
6749,252239425.83032227,253766046.95726496,253717035.12841573,253619243.16916746,256292706.361538
6750,248932376.99072266,252431028.1781596,252328570.87615526,252192877.62427863,252239425.8303793
6751,250651450.1616211,250902966.19455352,250912542.0623805,250751426.4964387,248932376.9906277
6752,249290607.69628906,251175297.45120302,251239426.60073918,251142503.7689026,250651450.16152287
6753,254300403.14697266,250565188.3396068,250592919.6648331,250511609.89121544,249290607.69628268
6754,250715185.0197754,252371853.19635886,252401710.70530295,252372346.13319796,254300403.14693812
6755,249449553.24853516,251249848.0637719,251185153.98485413,251112427.9727757,250715185.01973152
6756,254241922.93676758,250602074.12080857,250627570.30166027,250531609.5626918,249449553.24843705
6757,250182756.7373047,252301752.20661354,252322277.9144582,252294911.76664427,254241922.93672785
6758,250278587.89941406,250966446.63635927,250902098.91053402,250830906.2511899,250182756.73741937
6759,246732677.5065918,250781083.7592993,250808562.98838627,250734106.17109814,250278587.89948368
6760,247957815.74316406,249263011.42700675,249300013.283097,249222449.63122275,246732677.5065476
6761,247057916.8388672,249379507.01668552,249484186.2805179,249447243.7565505,247957815.74317515
6762,246193668.72802734,248919596.05842707,248995049.16767797,248978563.22821984,247057916.8388376
6763,251372271.4404297,248392911.2181402,248488890.85714594,248478790.44794044,246193668.72806767
6764,252660843.89208984,250270507.81267017,250352040.6557633,250402641.24323994,251372271.4403493
6765,252833557.91552734,251117146.45116553,251076845.00655666,251117998.3574917,252660843.892083
6766,254891798.32177734,251445482.63459194,251383477.67240494,251381175.93306705,252833557.9154782
6767,252156565.71923828,252409366.30121273,252334272.3419907,252325106.58457622,254891798.3218371
6768,251248419.89086914,251633143.87457404,251533185.32023105,251471586.55465758,252156565.71928135
6769,249380138.2841797,251208315.93145967,251178694.88566348,251101200.13935623,251248419.8908287
6770,243545950.32739258,250363860.71917233,250361155.3329927,250287010.85488036,249380138.28427663
6771,248025970.34106445,247848821.4874701,247917342.78773034,247817444.84641758,243545950.32730135
6772,251493797.83911133,248993671.28742287,249158020.91045216,249155121.15867668,248025970.34116387
6773,251871818.09326172,250410508.89479485,250447623.79339242,250503611.06845763,251493797.83913535
6774,249442696.8215332,250855543.04036644,250820175.39098388,250842133.57568493,251871818.0932019
6775,251458575.68945312,250048040.42445624,250020144.51740983,249991506.72498608,249442696.8215639
6776,250069652.73413086,250745534.49654397,250760922.92514384,250748574.79123217,251458575.6895367
6777,246884740.10327148,250318779.4229169,250295683.61167842,250271789.246723,250069652.73414427
6778,249985707.64916992,249001488.81241497,249028981.9480802,248974145.91125968,246884740.10329264
6779,248041191.7019043,249920877.38044447,249997147.3269285,249996735.11736512,249985707.64922625
6780,248937789.31518555,249250023.01620802,249264598.7732247,249257875.12665594,248041191.7018346
6781,254502908.64941406,249470819.58659852,249524340.1424408,249523286.17163163,248937789.31523776
6782,247275760.8466797,251703059.3725962,251704554.62103754,251754120.62481555,254502908.64946508
6783,248804151.0275879,249297884.96955574,249219509.93334752,249172083.21261626,247275760.8466736
6784,247807004.11791992,249516825.87516403,249593014.00084254,249558064.20351776,248804151.0274925
6785,249377603.97338867,249074132.71349928,249112596.9698284,249102834.04574823,247807004.11802992
6786,247436865.1875,249577292.8857801,249630692.99716187,249639684.3997358,249377603.97340757
6787,249159631.5361328,248850860.54215002,248876376.62615842,248872447.7279239,247436865.1875648
6788,252655678.4555664,249388123.34374273,249447005.62421092,249461195.22679156,249159631.53620213
6789,250438748.55151367,250828525.2558992,250827126.340166,250874696.93270874,252655678.45563328
6790,246180978.49853516,250261287.64462078,250198751.67706016,250197447.66140372,250438748.55162263
6791,253114325.41235352,248531406.17050278,248543021.00760385,248491054.85537168,246180978.4986053
6792,253297531.55297852,250941391.85745892,251006359.76793152,251041645.41982317,253114325.41243172
6793,253491091.11035156,251421204.24939373,251329566.54483005,251357251.6498398,253297531.5530002
6794,253179948.8227539,251744866.22446474,251660757.426353,251639471.77596062,253491091.11027065
6795,247084169.41674805,251756544.14142334,251670794.0544843,251630050.12097883,253179948.822778
6796,247995513.40844727,249414941.80201057,249372839.6306687,249272583.83508104,247084169.416823
6797,252558800.2602539,249269889.61997536,249353427.06682172,249300634.80330798,247995513.4084721
6798,247453469.9868164,250908356.1382916,250937834.8517627,250967004.73772302,252558800.2602308
6799,249961264.21166992,249182224.71686676,249141763.09642956,249109321.6737401,247453469.98676723
6800,248827058.26098633,249868773.58975354,249928299.9119866,249919003.49723214,249961264.21171904
6801,249274582.97753906,249493145.60344216,249497992.61735776,249495696.21174335,248827058.2608766
6802,249598803.0673828,249565840.29080418,249594058.62971917,249595552.22648802,249274582.97753215
6803,242685167.30566406,249682020.93708992,249695126.69426665,249705390.1399366,249598803.067277
6804,245831410.04516602,246953572.1164125,246997304.54357982,246949377.67853814,242685167.3057654
6805,247253484.1965332,247560766.51846164,247732162.32372016,247758872.76134646,245831410.04519165
6806,245661366.52783203,248056833.91093618,248139818.3589851,248219572.82747304,247253484.1966508
6807,248360411.0419922,247460175.7613512,247520613.732104,247577822.28836015,245661366.5279092
6808,250022356.60351562,248406027.13820654,248485192.33127248,248566422.49396053,248360411.04195827
6809,248342597.37670898,249223904.0211978,249232543.45924062,249320843.50180018,250022356.60351288
6810,249112055.64086914,248781216.6422976,248766411.79408592,248809811.87912625,248342597.376588
6811,248874411.5769043,249082128.21152732,249103273.71439302,249139982.0345889,249112055.6407968
6812,250655009.44018555,249047722.58354416,249052179.8138614,249086769.02682328,248874411.5769832
6813,247522638.49829102,249763374.58564255,249764664.44725764,249808940.2036349,250655009.44016093
6814,253613531.47265625,248680663.09451053,248660997.76799962,248668083.02710262,247522638.4983107
6815,246799923.0913086,250899384.1816704,250916490.404101,250979175.7434756,253613531.4726762
6816,249921949.96142578,248630039.79563573,248549484.88288647,248538178.67471072,246799923.09131467
6817,246222090.69848633,249498455.54692498,249557146.75050926,249570996.60004482,249921949.96146283
6818,246926383.89868164,248117462.21647096,248118633.3426813,248125148.63177022,246222090.69838932
6819,253550949.1730957,248145862.35944164,248227984.0200287,248247477.34910506,246926383.89867532
6820,250427952.62548828,250706655.80232275,250732137.95894814,250827939.2666245,253550949.17300996
6821,244640395.9111328,249984963.17849967,249885905.44637778,249917058.35755727,250427952.62556684
6822,247949394.74389648,247666227.71673852,247674044.5228443,247627296.97294605,244640395.911134
6823,248919476.00317383,248492789.7638935,248603455.2229937,248629299.7627552,247949394.74382132
6824,251241050.20410156,248899570.7582728,248925176.04733053,248987888.25430864,248919476.003176
6825,249436385.1599121,249896596.34805363,249891263.55291742,249957406.80071998,251241050.204022
6826,251315888.20874023,249438660.27911288,249395216.45638695,249420683.52587056,249436385.1599146
6827,250140809.8461914,250156969.3586231,250146194.82523593,250174938.5842844,251315888.20885828
6828,253644109.33251953,249867594.8600076,249821794.4338723,249832506.26163152,250140809.84621975
6829,251110940.25317383,251270940.8827487,251237977.0577534,251266044.05498198,253644109.33246928
6830,253041573.8100586,250554943.3935559,250459017.12029272,250449241.7978173,251110940.25315836
6831,251791742.53735352,251298479.52668703,251255155.77464673,251244125.2262221,253041573.81017467
6832,249072824.0986328,250980948.46565622,250902147.37233177,250875948.66160607,251791742.53742987
6833,248410316.5834961,249906824.00030988,249875586.56774086,249817709.87451512,249072824.09873188
6834,250803872.62963867,249414393.93512052,249444095.09646213,249403299.72611824,248410316.58357865
6835,250762493.75610352,250206751.09326804,250234290.31806996,250239453.97608396,250803872.62957263
6836,250513576.07250977,250311319.06683645,250286771.05209848,250289688.21419677,250762493.7561377
6837,250456226.00756836,250243002.40065935,250223076.78117937,250212609.03383842,250513576.07242423
6838,253989766.38964844,250217186.07758886,250201526.3552422,250189436.98701677,250456226.0075991
6839,251027418.96606445,251657784.2732195,251626540.21977845,251639298.54867715,253989766.38966903
6840,250343232.15698242,250789798.71940276,250699276.1520892,250665038.81933433,251027418.965964
6841,251771602.43164062,250420815.180842,250403405.8046554,250353544.36446837,250343232.15697896
6842,251422374.03735352,250887116.2547545,250873855.94816372,250855165.28310466,251771602.43158323
6843,246750770.58935547,250808468.71840474,250765001.75959626,250744983.93777105,251422374.0373136
6844,253626056.0739746,248975046.29502147,248966386.13131,248901419.58117083,246750770.58932948
6845,249084853.53955078,251323372.05046967,251378713.37230733,251399344.39164177,253626056.07405204
6846,248325212.5595703,249889199.14009637,249812866.9373233,249794008.49249646,249084853.53956625
6847,259187169.9638672,249389177.81835753,249424174.84818536,249384838.89147168,248325212.55959365
6848,251630988.39086914,253542792.0114647,253528877.25566608,253607534.5695381,259187169.9637832
6849,250230833.24682617,251412037.90960577,251206414.7655619,251164318.40856618,251630988.390968
6850,251393795.74536133,250649971.64597628,250632376.80476835,250541286.5152232,250230833.24690107
6851,250144158.12524414,250907075.40375283,250903847.27407765,250865252.57309,251393795.74544635
6852,251630106.87646484,250449567.59640393,250429335.79159126,250387534.5687594,250144158.12516564
6853,252255970.4404297,250946305.2964131,250947177.368415,250921960.98281792,251630106.87653968
6854,247593522.76416016,251274158.85103044,251237684.1622185,251218111.32820904,252255970.4404639
6855,252418819.29174805,249528432.35364932,249506491.3770197,249434867.79315588,247593522.76419032
6856,251855583.1394043,251092720.66200852,251146033.8767401,251136165.73572224,252418819.2918382
6857,251880060.00634766,251100821.02165192,251046390.56141245,251037492.40725768,251855583.13938144
6858,255361525.43847656,251180711.59314787,251145413.61626676,251111368.2521802,251880060.0064051
6859,255646436.88989258,252615350.4063092,252560695.65937725,252549975.96629333,255361525.4385768
6860,258069824.51416016,253082529.8040472,252955053.62179226,252917556.51573533,255646436.88984507
6861,254355258.18310547,254268062.6870867,254128827.2453483,254074850.16218665,258069824.51417845
6862,251847652.47827148,253181449.46217787,253017601.3881136,252896745.78656414,254355258.18311727
6863,252817969.9584961,252057252.3636155,251992869.95845345,251847351.99303785,251847652.47834456
6864,251926046.6298828,252220905.08922756,252204552.32597014,252098631.84768203,252817969.9585953
6865,252966438.89624023,251827840.16250855,251792716.5910309,251698782.19259536,251926046.6299156
6866,250113557.21826172,252160060.74685892,252139653.4849195,252059689.67920697,252966438.8962019
6867,251502756.36328125,251085976.07872194,251058350.2333651,250956714.2658405,250113557.2182748
6868,252609165.4350586,251377507.66231164,251403669.48854846,251331074.32790974,251502756.36338848
6869,255904348.4074707,251797476.6292552,251781498.79297557,251734575.8397154,252609165.4351585
6870,253631268.40649414,253221410.8409462,253166845.50411028,253132846.46686473,255904348.4075064
6871,252170904.3515625,252665379.32825437,252554766.9189538,252469541.64323747,253631268.4065324
6872,249807464.37939453,252081051.30105338,252034263.0040667,251918573.09794438,252170904.35162756
6873,247327409.10620117,251016864.48652273,251011800.8564683,250893946.70811677,249807464.37928972
6874,250811938.79711914,249768476.64900327,249825871.77005383,249716447.50165772,247327409.10620213
6875,250144750.47021484,250777960.20186797,250863436.7061324,250825923.76846448,250811938.79704097
6876,249702777.63745117,250608909.13476133,250617282.74097046,250584203.07406938,250144750.47017187
6877,252299407.6381836,250374426.59262922,250400085.52680176,250355995.09205088,249702777.63751984
6878,250369196.61450195,251337101.4656968,251355449.76062566,251339399.5226346,252299407.63819197
6879,251266645.91308594,250737942.0213259,250708974.44775328,250667313.32819265,250369196.6145534
6880,252440526.27416992,251002185.7102512,251012386.24489745,250972351.3275916,251266645.91303232
6881,248279466.56323242,251514462.3265162,251496309.24164212,251468693.02683708,252440526.27421296
6882,254185246.01538086,249993516.68362704,249974705.59389797,249899095.61385182,248279466.56329733
6883,254680835.67260742,252040912.2466224,252081172.9958802,252069005.96373197,254185246.0153177
6884,250756894.0949707,252607427.12866265,252513000.32917193,252495607.2859433,254680835.6725678
6885,248784666.60742188,251281734.61823082,251206991.96569455,251113216.92752835,250756894.0949468
6886,251552529.09106445,250297976.5398215,250320792.17473793,250218341.6485192,248784666.6073783
6887,252242130.76220703,251110860.12493145,251155387.09061968,251114886.5623663,251552529.09095907
6888,247066994.66845703,251479221.4206817,251457016.15324903,251428511.73727286,252242130.76217893
6889,252746530.04248047,249519985.08765775,249513668.63964096,249426135.68940577,247066994.6683556
6890,252045314.65722656,251364719.12219518,251439019.24308407,251423980.83825427,252746530.04237556
6891,252688718.18017578,251360425.706613,251307143.2490684,251290791.34783596,252045314.65717265
6892,252256433.58862305,251719314.83515584,251687650.62061092,251643595.01265922,252688718.180244
6893,254494820.0258789,251633949.7539733,251589439.61695138,251534566.6565559,252256433.58873457
6894,252866786.17871094,252562556.03860712,252517108.24669307,252471430.16443,254494820.025825
6895,249202651.31274414,252173696.5145319,252093148.6002625,252014079.95237106,252866786.1786562
6896,248248141.47094727,250654425.16449267,250630950.52705073,250516999.99141797,249202651.31274664
6897,249435272.34765625,249949650.89355752,250007730.4834813,249917000.12385774,248248141.4709755
6898,249382760.79003906,250171512.1815236,250237847.00671962,250195654.19737765,249435272.34777597
6899,250534581.2919922,250095745.30255085,250132463.5535515,250104456.98374125,249382760.79007936
6900,243852872.7067871,250505752.89103797,250536423.24452224,250518937.44851294,250534581.29211232
6901,247744832.31884766,247898832.49222142,247938483.17610082,247864554.546117,243852872.7068324
6902,251211474.72265625,248853868.9070075,249013175.16002113,249010677.23257452,247744832.3189119
6903,252353855.60083008,250279782.9024307,250325583.34532508,250379626.3380813,251211474.7226688
6904,251935598.81152344,251014632.08924916,250982602.43338826,251011246.53847796,252353855.6008525
6905,250312074.80664062,251091405.3511782,251040829.36933494,251027291.53735137,251935598.81152305
6906,249010593.7902832,250555835.10570806,250526557.2123488,250479211.25254655,250312074.80668128
6907,252116477.39331055,249951880.6813909,249964626.68957064,249911436.28073516,249010593.79032177
6908,252841112.79077148,251033121.82934982,251055637.53893828,251046208.63476768,252116477.393256
6909,248355160.18847656,251488910.18280762,251438021.60122803,251430351.97101408,252841112.79085755
6910,248952997.37573242,249854355.14785835,249815888.76002145,249747187.98970434,248355160.18855375
6911,250512043.0,249791454.11878008,249847540.44865572,249799998.77115804,248952997.3757153
6912,251001558.41381836,250304857.14362398,250332685.0199284,250327018.06558752,250512042.99992788
6913,249545974.74804688,250571636.62890324,250563662.78527588,250557808.61734322,251001558.41391733
6914,250042344.4423828,250053177.88355693,250042886.67241287,250014356.78199813,249545974.7480172
6915,249268435.421875,250167662.7339725,250186617.8432874,250163989.11025915,250042344.44246048
6916,250317488.89648438,249858511.50996587,249868363.1368373,249845693.48999098,249268435.42187816
6917,251324964.4638672,250201206.2711088,250222518.59175694,250212696.6855257,250317488.89654863
6918,253790206.16088867,250627848.18044737,250618406.70581594,250619630.10460883,251324964.46380535
6919,251546839.38085938,251707718.56030756,251664584.60224807,251673864.29968798,253790206.16076836
6920,252543532.10595703,251087473.1895065,251005854.12874764,250970256.97672155,251546839.3808478
6921,249720027.16186523,251447745.52590066,251413957.11641955,251374129.65249345,252543532.105964
6922,250471327.234375,250433662.4087011,250393812.1920202,250329782.5741917,249720027.16174576
6923,252876753.80786133,250536358.1101927,250555690.34461728,250508360.96762806,250471327.2343624
6924,254242034.12695312,251467186.9661184,251453578.37781405,251441205.4474862,252876753.8078
6925,249591129.92773438,252216028.85038403,252145870.2416207,252127338.0092361,254242034.12693805
6926,254004864.11328125,250583136.48488012,250512414.75804514,250428245.1822061,249591129.92763767
6927,252206048.9506836,252067238.83183828,252076138.8193136,252038005.32876843,254004864.11332896
6928,248672213.0444336,251613522.0401442,251533078.83426183,251481269.14144722,252206048.9507585
6929,250578370.0288086,250170916.8521561,250153779.22159424,250058245.40952823,248672213.0445541
6930,248292894.64819336,250637598.44122013,250684694.66591206,250632339.32078713,250578370.02881023
6931,250491653.78808594,249715573.66361743,249728128.16402954,249678462.50225824,248292894.6480888
6932,249763365.6809082,250346969.98370293,250396395.59315482,250379229.47782898,250491653.78816637
6933,249392092.06079102,250120717.24245828,250120976.73887628,250105359.44464973,249763365.68086025
6934,251560583.66088867,249940516.9554007,249960522.05244732,249935739.0099512,249392092.06080613
6935,253223100.4272461,250738309.37170795,250752865.183797,250753036.88911733,251560583.66079837
6936,251303878.03930664,251539834.3138977,251496546.0368054,251501485.0693096,253223100.4273499
6937,249052105.8256836,251030175.6024177,250966781.31843373,250924889.41442168,251303878.03931895
6938,247995196.38012695,250085013.58176404,250077802.9304694,250010609.57918662,249052105.8255781
6939,244338123.84472656,249451221.8021192,249495785.1134033,249443234.8752336,247995196.38012865
6940,246107458.84814453,247777569.13706058,247859263.88351873,247807505.6342326,244338123.84464276
6941,252977971.9519043,248022352.78960642,248167996.32513872,248175487.5540096,246107458.84824336
6942,252523001.69311523,250624692.9768995,250685314.28115976,250781181.10763603,252977971.9518856
6943,249932126.04467773,250941914.67421907,250856336.0914011,250907846.42240262,252523001.6931173
6944,253076716.6599121,250132254.53761277,250079605.53257748,250058132.56990853,249932126.0446659
6945,246163547.91186523,251301796.52539325,251289686.37155536,251292794.1215867,253076716.65993255
6946,249458123.77539062,248799133.63796952,248755251.7445087,248693793.50545892,246163547.91181856
6947,250463937.6730957,249634219.02042744,249727028.66964665,249713727.5699765,249458123.77528456
6948,250018766.22094727,250065392.20248616,250070385.44775248,250095734.71064875,250463937.6730884
6949,252019942.57006836,250016083.60202727,250007124.03799158,250007587.45682472,250018766.22101736
6950,251881089.5456543,250838125.20954832,250829569.15774143,250837319.37267065,252019942.57018036
6951,253386706.60986328,250968891.21244627,250918366.96708494,250911036.52366024,251881089.5455708
6952,253014936.7548828,251653607.055842,251602151.36502972,251589549.75572684,253386706.60984823
6953,251950657.84301758,251696736.1869122,251616794.5439941,251584380.62642607,253014936.7548074
6954,254086088.28979492,251362455.6618592,251300683.1545774,251243409.19485265,251950657.8429955
6955,253647301.8864746,252200705.76564443,252153086.66310778,252112556.97014028,254086088.28991327
6956,253602142.76879883,252215662.46794468,252126038.1685039,252072296.04893854,253647301.8864972
6957,254114865.87573242,252258315.92791247,252182822.56727397,252114350.14413738,253602142.7687765
6958,252111653.03442383,252531937.62879792,252457059.76010156,252386838.83943495,254114865.87577564
6959,251128293.17773438,251839252.44426313,251767141.34239012,251672250.26685756,252111653.0343488
6960,246309984.06640625,251335709.35897812,251314582.24912262,251217856.62139636,251128293.17784417
6961,247543322.57177734,249273927.78912327,249296896.83988178,249183254.4269695,246309984.06632265
6962,251505943.96777344,249260729.453093,249377557.36665988,249320500.26427436,247543322.57180613
6963,251173967.9284668,250661098.385232,250719781.51074755,250735984.81000054,251505943.9677525
6964,257928661.6604004,250760395.3150143,250734494.97908482,250731134.77884635,251173967.92844284
6965,254388657.80297852,253526127.53187072,253475064.53229415,253500752.37310186,257928661.6604204
6966,250529722.25195312,252767021.24212888,252591836.86938766,252536331.65268287,254388657.80287412
6967,247445557.09472656,251260401.46127996,251194001.94358495,251068826.8682822,250529722.2519839
6968,246809603.74194336,249749182.47457203,249780284.07902387,249661464.89548767,247445557.09468567
6969,246258843.8046875,249070201.46641377,249165008.21370858,249094467.38553154,246809603.74190816
6970,249213735.24047852,248562999.03869748,248666878.68758783,248635437.96203136,246258843.80469775
6971,249744015.04907227,249506038.9659419,249600233.92640412,249620488.07615298,249213735.24042705
6972,243989836.2824707,249811519.21203455,249834404.25739956,249859139.65493578,249744015.0490611
6973,249958416.8383789,247567547.34978136,247608720.80710244,247572374.76232105,243989836.2825097
6974,248987489.3479004,249467191.12102076,249598471.9862496,249641169.4823888,249958416.83843535
6975,246453911.21044922,249320091.6760209,249317450.8680719,249362846.524052,248987489.3479837
6976,248051991.68286133,248316670.3289184,248353562.84399793,248354271.63496053,246453911.21039397
6977,251234044.20336914,248742287.24707806,248822389.96225667,248852364.91002992,248051991.68290347
6978,250801005.22192383,250021597.0038226,250045045.1183892,250111384.03726974,251234044.2032746
6979,248751718.38476562,250139781.20537853,250099636.46574754,250133749.9166123,250801005.22204065
6980,242111062.53295898,249428873.98742205,249413727.9950909,249405693.33837736,248751718.38484675
6981,245758823.81445312,246670116.26701444,246734179.65206733,246679499.18521336,242111062.5329711
6982,243677067.47143555,247478171.09283474,247661026.27539423,247693853.37411693,245758823.8144608
6983,251085695.9477539,246604186.39435065,246706821.1950509,246763609.83690876,243677067.4713316
6984,251891602.9267578,249284284.93453655,249391487.11340734,249519428.5342513,251085695.94774237
6985,248729922.41064453,250095023.26659936,250032418.79913285,250140248.0345742,251891602.92675292
6986,249949425.53198242,249156451.09017757,249104518.60364136,249125971.2672354,248729922.4105509
6987,253275503.80249023,249551115.38371533,249563198.49878398,249587962.72814643,249949425.53192776
6988,250811832.64697266,250986858.76762,250954024.33233306,251005797.01143977,253275503.80240792
6989,252597737.91235352,250387081.41754067,250302299.8422995,250298409.6044087,250811832.6470567
6990,254623997.43432617,251070867.16286442,251036519.9105855,251030487.8653014,252597737.91228417
6991,252876898.98608398,252044195.0789029,251959503.26958376,251964691.87754154,254623997.4343944
6992,253648381.03808594,251650887.09305844,251539861.52230737,251498583.71512032,252876898.9860964
6993,254455456.86035156,251963233.188027,251890504.50193793,251842692.7156118,253648381.0381733
6994,253224709.2307129,252425585.2693746,252334847.9980766,252286715.22006083,254455456.8604035
6995,252323971.83032227,252100399.0368918,252004331.14811724,251929422.32577384,253224709.2306934
6996,252435130.52124023,251741123.17853492,251680381.84661466,251593057.57980797,252323971.8304349
6997,248052935.22070312,251734930.2015495,251694185.76966983,251616199.19516873,252435130.5213231
6998,246282908.14575195,249976659.50208333,249956672.8938267,249850685.8905702,248052935.2207777
6999,246600006.53149414,248877298.9572356,248960300.98789287,248872259.08570772,246282908.145814
7000,253121957.63330078,248617888.0966276,248727696.4319134,248696484.27405423,246600006.5315548
7001,251820005.46264648,251005186.07708848,251065879.60370907,251118730.91894794,253121957.6333005
7002,248637385.50097656,250929983.67374182,250855063.93930057,250867264.7948647,251820005.46274772
7003,243841775.5131836,249750683.22654077,249728065.79604107,249676907.8418915,248637385.50091875
7004,246677642.39013672,247609784.72229737,247678269.80285192,247607010.64837635,243841775.5131877
7005,243132900.3269043,248182358.8912035,248332050.15894845,248341872.6991252,246677642.3900556
7006,250566477.89208984,246688841.67147067,246784809.97248775,246802540.12219566,243132900.3270157
7007,248754264.97705078,249245818.36629155,249376656.9750981,249478600.42933297,250566477.89200723
7008,247629068.16186523,248934879.78008416,248905883.33482856,248980840.96404675,248754264.9769748
7009,248716247.0090332,248539814.26349995,248564724.67973828,248591393.94021368,247629068.16185933
7010,248545082.9909668,248914902.61341232,248955931.58335754,248996650.65358785,248716247.00904977
7011,249672745.0168457,248898410.50463822,248914499.27778602,248953897.56194103,248545082.99093777
7012,251464746.9963379,249365992.77601808,249381972.4414711,249423713.8708198,249672745.01673183
7013,251847533.45141602,250146289.0428777,250126717.83009,250178824.5309334,251464746.9962565
7014,252997595.8564453,250490648.93831632,250432270.49255848,250467239.872147,251847533.45143417
7015,254797913.5493164,251100562.92001587,251032071.034141,251053590.83390003,252997595.85643733
7016,252513835.94335938,252035295.79195043,251936895.67952704,251950068.44028696,254797913.5493661
7017,249217509.7133789,251434212.47604173,251315497.07877544,251277786.9042046,252513835.9432658
7018,249299315.2770996,250124215.2008302,250079639.46329966,250002989.65320468,249217509.7133313
7019,250915763.71264648,249883710.17954823,249909558.444401,249863163.17777982,249299315.2771833
7020,254806400.55615234,250386770.99904338,250396785.71687788,250393052.25101697,250915763.7127628
7021,249109311.7224121,252038327.24332142,251994657.29713222,252017664.5382863,254806400.5561555
7022,255942249.19555664,250144536.8183213,250050628.71668047,249993795.2177834,249109311.72230172
7023,252060943.10009766,252566583.04909945,252564753.05302548,252564141.3192765,255942249.1955229
7024,255786043.27856445,251511124.234065,251378368.86423692,251332730.2401245,252060943.10021853
7025,256540956.13232422,252919486.23594648,252863225.36899453,252821705.76140118,255786043.2784846
7026,254396459.32226562,253528844.12773252,253386178.37530637,253341343.5288925,256540956.132435
7027,247429387.5830078,252919321.5528077,252781908.19465336,252684014.10393664,254396459.3223782
7028,249969536.55517578,250110043.46081164,250059483.7250632,249901739.983334,247429387.58303356
7029,251267982.8425293,250549420.9676022,250635709.6024654,250549630.1617082,249969536.5551106
7030,248065596.36645508,250985814.4359088,250999699.14587724,250967672.36854672,251267982.8426108
7031,246041973.3293457,249787991.88587117,249794342.8492814,249726585.15944302,248065596.36644125
7032,247544839.13061523,248695632.28724602,248780240.8316877,248714171.00068,246041973.3292756
7033,253942633.15356445,248934997.0844226,249046044.1651995,249036256.47490215,247544839.13065636
7034,250145955.1772461,251414597.98469347,251452655.43405098,251513084.63582438,253942633.15359512
7035,250563046.82080078,250410519.14009887,250332089.29532367,250319450.61442783,250145955.17715043
7036,251714491.03295898,250477949.30290875,250486040.1444831,250451322.56307656,250563046.82079732
7037,247869907.0427246,250949750.34923163,250938132.20302662,250922589.47110695,251714491.03298527
7038,250453588.30932617,249524555.5708586,249510440.51424354,249454564.7115898,247869907.04267645
7039,250665382.63256836,250251597.35527536,250306312.24003914,250288604.47522098,250453588.30927303
7040,250373928.96850586,250410091.8871334,250401821.80913028,250398647.03424555,250665382.6325828
7041,248720720.5678711,250333059.59998915,250324437.76545772,250306979.84762713,250373928.96849543
7042,250576372.29736328,249654969.32896742,249660246.3391064,249629619.35880178,248720720.56793785
7043,247427955.8798828,250231958.28707638,250261214.3107984,250259185.98166722,250576372.29735973
7044,248638171.33935547,249050368.86080253,249053632.61074257,249030429.17768234,247427955.8797753
7045,245254611.4206543,249264882.18727767,249329548.66169152,249330103.5259438,248638171.3392584
7046,248506469.75268555,247888740.79308525,247939249.0403546,247930290.60891438,245254611.4205816
7047,249396265.59985352,248860627.0141553,248965313.4876804,249003814.720043,248506469.7526641
7048,251661373.32666016,249332347.57110834,249356372.7597215,249410306.1356925,249396265.59987935
7049,248418633.49316406,250321087.57916766,250316005.67511418,250369717.71450242,251661373.3266413
7050,247545757.02563477,249263673.3250304,249227755.77044886,249231804.5862138,248418633.4930464
7051,246912519.14208984,248756132.33148047,248797299.02465478,248792965.14460137,247545757.0256813
7052,249466312.86572266,248378786.55178493,248439331.26421207,248451539.66894302,246912519.1419853
7053,248121792.37475586,249255307.83743346,249312720.4899294,249362346.5692309,249466312.86583212
7054,249248719.9951172,248895908.74269855,248905696.1718658,248935194.7730969,248121792.37470627
7055,245865357.52905273,249277345.69592026,249312060.77258483,249344342.41696408,249248719.9951865
7056,243076039.31030273,247997971.75019586,248023917.72801933,248028379.09554568,245865357.52893543
7057,247156981.20117188,246623200.65573245,246737558.05800372,246734314.49073195,243076039.3104156
7058,244206330.74438477,247849009.85612798,247993861.43913853,248069970.06295174,247156981.2011712
7059,244662232.50561523,246803910.97431,246869754.19212273,246930093.91169238,244206330.7444396
7060,246867140.46850586,246757585.6655266,246886192.17417884,246951439.0741993,244662232.50571057
7061,247298499.84179688,247530747.4319249,247629624.99340492,247732968.23079413,246867140.4685529
7062,243786163.9543457,247816846.9011226,247863797.92391822,247961380.37700105,247298499.84185877
7063,247203926.60546875,246492577.64361948,246550011.89711553,246603040.66933566,243786163.95422524
7064,247653157.71875,247553955.31366432,247666605.4200412,247765467.74377686,247203926.60545257
7065,245437572.62524414,247868335.60168746,247898273.90596077,248006470.4533644,247653157.71864608
7066,248948986.1057129,247094344.910218,247130485.68305334,247197340.3528611,245437572.62536108
7067,248346369.34814453,248358390.85947824,248423208.94316995,248522214.0243493,248948986.1057364
7068,247210492.53466797,248362928.832764,248353988.54546645,248437727.0744563,248346369.34804347
7069,242777263.41845703,247954116.956628,247967378.97208738,248022115.8917784,247210492.53470027
7070,249280423.78320312,246152431.58384445,246214952.625486,246235413.1822325,242777263.41835025
7071,245296677.77734375,248293552.24777642,248412308.94403827,248524125.08916494,249280423.78322425
7072,247481326.08032227,247056578.2727714,247049813.7605613,247126642.30537468,245296677.7774318
7073,251623217.17211914,247715294.07854,247789218.75938952,247872698.73396236,247481326.08030847
7074,249577340.91967773,249432311.11260706,249430195.5908391,249557805.50857067,251623217.17203668
7075,244759577.0756836,249003515.16971788,248925824.88966855,248998866.56975207,249577340.91976276
7076,245959420.83642578,247147530.25763044,247147705.07689077,247153728.21926925,244759577.07561883
7077,250004378.19384766,247244384.46474975,247340382.41128182,247389871.89924777,245959420.83631688
7078,249497996.42822266,248751532.94777107,248792916.2755872,248907621.38625774,250004378.1938912
7079,248080795.23657227,248850019.72275618,248808450.28293478,248895207.85214987,249497996.4281756
7080,251308438.22021484,248413242.73742214,248396212.19717062,248441152.03440988,248080795.23651576
7081,249008092.06274414,249666949.84016448,249665482.21473992,249735611.2053492,251308438.220196
7082,252397061.24023438,248999884.1225871,248940255.45157358,248979104.7121492,249008092.06265512
7083,248604869.20507812,250298791.39007264,250276807.20055622,250330523.81533164,252397061.2402936
7084,250526803.20507812,249082482.2293966,249007695.3714887,249016882.98813456,248604869.2050917
7085,247348969.25830078,249664474.41665938,249666667.4923163,249689044.51777112,250526803.2050044
7086,246651022.8659668,248512586.64284188,248487473.73401707,248491535.09873384,247348969.258318
7087,243739089.72998047,248003803.71844608,248053721.47857678,248063497.07974684,246651022.8659017
7088,243157698.28320312,246655652.3415115,246730248.27626455,246747960.63240618,243739089.73000288
7089,249635238.0288086,246041891.4969695,246177427.12339744,246228405.80245125,243157698.28312752
7090,251846972.6064453,248349996.7090705,248455555.32971898,248597638.71956316,249635238.0289236
7091,249623475.20361328,249616582.5981486,249566451.18872017,249705365.29483485,251846972.6064568
7092,248324053.16870117,249127096.10079333,249050777.19213927,249110766.01132366,249623475.203608
7093,250596340.76416016,248628437.88574952,248610919.7717298,248640727.04693103,248324053.1686206
7094,249920328.33154297,249477041.54003024,249475905.8532795,249532370.55330727,250596340.76420295
7095,252806987.5263672,249386054.07146,249340035.41910875,249383685.24845043,249920328.33145368
7096,252555132.62695312,250577840.15641433,250536387.7760109,250589467.11090612,252806987.52626175
7097,249652995.27807617,250755671.30160078,250654331.1018869,250685895.13236144,252555132.6269815
7098,250878830.21801758,249751601.2390932,249678602.80686775,249660063.7948204,249652995.2781384
7099,248988928.46606445,250092899.46665606,250078011.20929173,250078052.87387824,250878830.21792096
7100,248512466.35205078,249400609.98662585,249368472.1579803,249362397.74377152,248988928.4660385
7101,245205516.00512695,249065338.3643049,249078213.402949,249077156.74202615,248512466.35212648
7102,245465075.60839844,247635467.38114768,247673464.50115633,247665736.34877816,245205516.0051432
7103,247059186.84765625,247360104.66781202,247464587.0773898,247494552.84733236,245465075.60846204
7104,246879029.61865234,247807959.61183053,247889862.8914231,247966976.4061047,247059186.84766585
7105,250556269.10302734,247772647.15022475,247819871.60093817,247896680.01987967,246879029.618538
7106,252561809.06298828,249199368.99444845,249229798.9828832,249333369.71289474,250556269.10292995
7107,250521392.5900879,250313552.11285117,250253903.2756857,250348610.10022104,252561809.0628668
7108,248125070.49267578,249856282.22575185,249772071.06154948,249803112.13869584,250521392.590088
7109,248863425.49023438,248923755.51976168,248902253.51637563,248897043.86974642,248125070.49261516
7110,249287049.03881836,249034122.5181788,249058886.31007677,249079314.0432618,248863425.49033725
7111,249432938.953125,249206141.43073222,249211770.66152972,249247254.90205348,249287049.03884137
7112,249538604.1369629,249292164.4536744,249289534.75251654,249323356.62235668,249432938.95305032
7113,248774358.07543945,249357700.60357267,249351362.73320147,249382762.75648084,249538604.13697112
7114,248854436.4934082,249095897.85917115,249092972.62718642,249113631.40770763,248774358.0755241
7115,247610409.19580078,249070729.1149102,249084013.4168647,249109433.4866228,248854436.4933432
7116,252818323.0209961,248551536.1702526,248568986.06304112,248590464.53135666,247610409.1958505
7117,249813605.76220703,250498765.99903464,250513803.87953776,250587036.11261523,252818323.02093336
7118,243127774.59155273,249734487.72911462,249655050.8522205,249676702.3196885,249813605.7621496
7119,250050862.27514648,247003322.2671437,247031233.85012043,246979928.9661057,243127774.591494
7120,250192364.21240234,249166744.51264015,249296865.67181376,249355757.5842506,250050862.27507672
7121,248457548.02294922,249522475.69153228,249493993.2212913,249566660.3898649,250192364.2124448
7122,251555131.89404297,248952863.80692655,248938829.26379764,248962285.04829338,248457548.0228814
7123,249955364.64526367,250097287.35177085,250102887.2732264,250153028.72271958,251555131.8939533
7124,251680763.22607422,249723516.5617712,249670748.45067444,249693379.50075707,249955364.64524776
7125,251398403.64697266,250423130.58164653,250402527.9212883,250421908.67371386,251680763.2261216
7126,247547079.06396484,250472691.14619336,250416168.55696672,250425532.5998679,251398403.6470556
7127,250182093.48583984,249009398.66757628,248983410.01862007,248947915.48180258,247547079.06405383
7128,248696015.26098633,249779717.83554184,249823804.2728846,249829856.6603861,250182093.48574963
7129,251434619.4814453,249263083.6672392,249252353.0790494,249260776.53303224,248696015.2608917
7130,250307774.84399414,250265615.24283674,250276347.34878695,250304327.38694274,251434619.48143613
7131,247765180.14916992,249991307.44681397,249945696.45284924,249958983.31657332,250307774.84400183
7132,248971892.11206055,248984643.61462906,248981846.70148546,248961854.75976956,247765180.14925116
7133,245151750.83862305,249233534.5885748,249276573.3082821,249288151.8731772,248971892.1121048
7134,247105749.8083496,247704806.24150288,247738709.1168076,247734278.30978537,245151750.83853683
7135,249322403.34887695,248124466.6975743,248229598.9727322,248265618.90870038,247105749.8082837
7136,243153576.02026367,248996882.30891818,249040430.93337488,249114145.0210592,249322403.34877133
7137,250265529.9880371,246731767.8048093,246762827.70945308,246766363.18221277,243153576.0202887
7138,251189759.91430664,249084497.74338102,249210651.14172807,249296267.26205504,250265529.98812985
7139,249977593.9765625,249809035.75188243,249766879.07882062,249861871.81181538,251189759.91441947
7140,251657681.28222656,249582133.00893277,249536123.4312568,249570730.34896615,249977593.9765832
7141,245492076.359375,250304030.23092237,250278194.84001517,250310430.0532425,251657681.2823405
7142,253217085.12280273,248035134.82164824,248006423.5852328,247976916.45952114,245492076.3594746
7143,252787619.53857422,250680599.1957595,250746830.8502457,250802331.34387964,253217085.12274653
7144,249072060.4038086,250965164.41478005,250860172.1530967,250907121.67962748,252787619.53853157
7145,247332269.5991211,249672554.30961987,249608185.96586275,249578047.19831145,249072060.40377787
7146,248626854.89672852,248781553.51195893,248807467.0931013,248774674.2218299,247332269.5991137
7147,247990362.53344727,249041216.9909575,249092792.0770506,249107376.98169786,248626854.89670092
7148,249410844.1513672,248764403.71785584,248788668.27157575,248813192.38418055,247990362.53342456
7149,253562353.58496094,249241999.47374588,249272094.6074334,249312495.4686105,249410844.15135264
7150,251237541.14379883,250986821.47558716,250963040.3822079,251032475.3958767,253562353.58499
7151,246022876.83618164,250486394.87932757,250389854.7549411,250400581.69758528,251237541.1437088
7152,248670929.71191406,248437144.05552056,248425969.34579977,248369467.48878646,246022876.8362622
7153,248569881.20336914,249076234.3236624,249161309.7998864,249163384.17582548,248670929.711916
7154,245912476.36547852,249044052.18008167,249065506.00092155,249093667.572666,248569881.2033852
7155,256221915.07226562,247943403.3021034,247982543.46089536,247986829.74941388,245912476.36550635
7156,254175668.42211914,251781486.14927524,251819850.23284134,251927627.91090858,256221915.07223216
7157,253807926.27954102,251751152.33784765,251576589.78035,251620924.9955412,254175668.42222455
7158,254184346.08276367,251840848.7090376,251729868.94232976,251702166.33745277,253807926.27965456
7159,252426573.65673828,252129583.35790315,252026505.78854126,251989695.3895353,254184346.08267036
7160,248977585.85424805,251574164.2169861,251477655.89842167,251414012.1830983,252426573.6568232
7161,252999421.95922852,250147628.55943573,250111437.3531133,250021577.7113159,248977585.8542307
7162,248416378.23754883,251439717.39266518,251455807.3179322,251429945.85852465,252999421.9591772
7163,249281309.29223633,249814053.6573666,249763568.1523833,249705932.06166062,248416378.23761448
7164,249970327.88867188,249863769.2548132,249913254.85276645,249869930.4700322,249281309.29215512
7165,251355492.05297852,250030616.7495738,250049723.53968948,250043005.1665995,249970327.8887182
7166,250837928.8984375,250568483.95970502,250563659.51534098,250569804.4801753,251355492.0529869
7167,248992570.82202148,250515545.6847866,250485838.59403732,250472721.83245346,250837928.8984279
7168,250412385.54760742,249791050.2700789,249784210.00585783,249748341.9554994,248992570.8220453
7169,252088693.77783203,250197035.58645323,250220642.85420406,250209422.80647716,250412385.5475218
7170,251497084.3486328,250920289.99475497,250902584.97956172,250909442.54198387,252088693.77784505
7171,256239702.35375977,250842780.8812625,250793627.2051752,250778777.61250496,251497084.3486972
7172,253215067.6809082,252776116.17522696,252717833.5731201,252727710.4360526,256239702.35369325
7173,246425060.77294922,252023185.71337378,251881238.6954377,251832933.99750265,253215067.6808078
7174,254704668.84179688,249296404.4957949,249264226.1474881,249138929.7610869,246425060.77294
7175,256556534.08764648,252026989.94546583,252094558.19158563,252087910.67536354,254704668.8417349
7176,254844579.0810547,253199138.72353658,253070352.28870595,253081172.33897623,256556534.0875792
7177,255741147.2697754,252914033.97109628,252768706.7349694,252701164.24947494,254844579.0809337
7178,250461237.14404297,253343029.09534663,253235233.89952335,253154007.0600674,255741147.26978496
7179,246946233.4416504,251390915.87857133,251293621.10096815,251162745.73584515,250461237.1441199
7180,253972770.59716797,249634287.99025163,249673687.99219418,249537714.66402727,246946233.4415348
7181,255465413.11572266,251932151.78235957,252000901.92134798,251986469.66467273,253972770.5972709
7182,253747373.17333984,252896192.96506613,252800887.5524031,252794203.62260514,255465413.11565125
7183,248940745.73657227,252523138.88521433,252416025.51920208,252342588.51101294,253747373.1734226
7184,250758734.87109375,250618767.1377298,250576003.93127006,250450897.119818,248940745.73652324
7185,253519692.68920898,250984492.9688546,251036142.5204169,250956355.33204493,250758734.8710804
7186,248364970.8972168,252038694.38995844,252029765.76745114,252000847.74590045,253519692.6891922
7187,252111878.70410156,250183039.73981014,250143266.3651253,250055712.57640126,248364970.89730984
7188,251879792.38256836,251319046.6329737,251373146.3138608,251329561.25374666,252111878.7040896
7189,247816068.89868164,251354260.83852416,251319140.95862466,251288133.0512487,251879792.38262323
7190,251789251.39453125,249809282.36549166,249807310.11944333,249723132.81680772,247816068.89874277
7191,252561938.21728516,251035077.3321893,251096919.89256364,251071890.83619064,251789251.39464992
7192,250802207.32885742,251491438.51270476,251456450.80094287,251447320.7100427,252561938.2173327
7193,249716040.14282227,250932484.76481012,250895146.43952805,250845286.55698058,250802207.3288348
7194,247925334.4260254,250433726.8081184,250441579.33442432,250381066.00420538,249716040.1427464
7195,250321618.45776367,249590450.67087483,249628622.98715088,249570430.39378357,247925334.4261333
7196,251623052.50341797,250318943.84948775,250379974.27693927,250364685.0763326,250321618.45785323
7197,246144112.89160156,250921541.15946317,250920718.22488135,250920567.1088146,251623052.50333884
7198,248705603.40039062,248856638.57589552,248858570.364587,248797575.43267912,246144112.8915776
7199,248388189.62182617,249439120.20010832,249543690.29016712,249529144.9754377,248705603.40040535
