idx,truth,norros_f,linearP_f,farima_f,persist
5808,253101347.1418457,251619034.016057,251551590.59639663,251559450.23258612,252238573.83787164
5809,255863259.9255371,251930414.3425531,251894003.6078984,251896595.5749647,253101347.14175183
5810,252760890.29614258,253038857.0320371,252970217.5662614,253000589.7850278,255863259.92564708
5811,252055531.30932617,252197178.60390827,252098446.1632905,252095876.05917412,252760890.29614103
5812,251523431.13305664,251834770.28413314,251802320.13994592,251778274.72347108,252055531.3092436
5813,249010511.91455078,251564682.9092807,251548385.01966223,251528230.5603029,251523431.13300595
5814,253351389.25390625,250535675.82913935,250543061.7674796,250505798.15036535,249010511.9145837
5815,248942430.98901367,251906877.5368468,251936529.7145035,251941586.8570335,253351389.25385764
5816,254488410.05810547,250500459.9734728,250470852.39597732,250451170.0330191,248942430.9890965
5817,252238450.99731445,252280186.43374944,252305195.5740096,252319303.70028445,254488410.05811483
5818,253359451.15307617,251768637.6560985,251696593.62356377,251708439.58163083,252238450.99731895
5819,249126769.97143555,252189419.5632061,252160616.28911462,252159160.83835062,253359451.153
5820,248475770.4621582,250702506.84147435,250674203.30380353,250640495.03515813,249126769.9715154
5821,246828566.85375977,250158677.9438433,250215447.73720983,250170830.4816703,248475770.4620488
5822,254167901.73413086,249311159.95140547,249383737.74242362,249344895.7637553,246828566.85376284
5823,247636500.5012207,251752431.08376843,251811636.77903843,251847846.6559915,254167901.73419213
5824,247825704.67626953,249767464.91459534,249721133.13677278,249713116.46563694,247636500.50126308
5825,250148352.68530273,249508975.25888732,249590025.7659277,249553855.1411164,247825704.67625192
5826,255485354.40771484,250216878.7876222,250273608.1828778,250281767.03134307,250148352.6853044
5827,254138531.92236328,252308163.30647436,252290814.21444002,252350670.42045733,255485354.4076832
5828,253376281.89526367,252312980.55782434,252204522.75097233,252243680.23696697,254138531.92238185
5829,250790757.2224121,252208407.7213141,252137671.73270604,252141013.8015651,253376281.8951982
5830,252668987.3022461,251274334.72735864,251232911.8010029,251210392.15145034,250790757.22248217
5831,257763899.27416992,251801521.01541144,251799792.77579305,251793423.4516689,252668987.3021287
5832,254092868.53759766,253788365.8882007,253722144.89824504,253771338.67069197,257763899.2740949
5833,250084171.1821289,252913343.8771634,252776336.12441742,252786001.78312835,254092868.537673
5834,252424725.41210938,251385259.2650857,251346670.32356426,251293750.2633565,250084171.1821531
5835,255373129.03686523,251951723.55898994,251974993.28892052,251949745.02489415,252424725.41221195
5836,252589203.11499023,253096541.7047054,253056849.24205995,253076533.2535605,255373129.0367623
5837,253151205.2290039,252334842.25210238,252258631.76581374,252248411.57163316,252589203.1149424
5838,253787476.40942383,252435837.67175484,252412226.2942365,252392895.2452345,253151205.2289363
5839,249018072.2697754,252663866.66692707,252622838.6674374,252617947.91089484,253787476.40941128
5840,245336451.45874023,250984243.18623677,250960687.84345892,250911328.5038476,249018072.2698124
5841,251121082.70288086,249240955.43547776,249328413.76353917,249244197.97435427,245336451.45862192
5842,250395003.61083984,250848273.43418428,250964346.73916584,250955324.9070748,251121082.70286265
5843,252620417.54003906,250769499.75891668,250774787.5028653,250785392.94503048,250395003.61076444
5844,253081607.86572266,251590170.57323784,251599020.94370693,251612560.03402573,252620417.540149
5845,255361892.49829102,251940895.48154354,251902871.0036411,251921089.42277762,253081607.8657272
5846,248725122.8564453,252944692.86239466,252888135.60313985,252914080.1874685,255361892.49834025
5847,251932432.90283203,250775113.07167077,250716090.43603495,250676352.9831861,248725122.8564328
5848,251029811.1472168,251553727.1763593,251604413.5199483,251579100.84687707,251932432.9029469
5849,248487418.19360352,251290924.36777848,251280354.53242555,251273704.82799926,251029811.14733303
5850,253702994.81762695,250301091.0502855,250325220.1851229,250287919.19900453,248487418.1936693
5851,250148118.78076172,251981952.6414155,252021685.7560848,252034633.45059565,253702994.8176496
5852,248162585.17382812,250970400.8982672,250929426.59861147,250924140.70238137,250148118.7808622
5853,243795266.82885742,250072356.18298197,250113136.4107166,250070210.8333629,248162585.1737672
5854,242851439.41137695,248196445.8026483,248294746.24656007,248225870.40908328,243795266.82895535
5855,245813090.30078125,247298680.77271333,247478873.06165233,247416152.00758514,242851439.4112872
5856,246100178.24926758,247996070.81317756,248167626.46858457,248159514.68096066,245813090.3008223
5857,248977500.42236328,248085832.0970589,248193614.9487873,248205088.72339544,246100178.24920303
5858,253838381.9428711,249101763.7345935,249184466.19319516,249217309.03134638,248977500.42232928
5859,251510175.87890625,251110817.83455274,251109015.4655927,251184466.14738843,253838381.9429873
5860,253359221.75463867,250759015.83376783,250681650.33913025,250722305.96215728,251510175.87901244
5861,249608615.2578125,251531956.96706057,251493593.61756602,251521850.9457436,253359221.7545493
5862,251587219.4543457,250389716.78877226,250339808.0816839,250334306.75980288,249608615.25779364
5863,250906400.98217773,250936690.10794526,250949272.01683214,250949559.94494393,251587219.45446175
5864,246796502.92944336,250798947.46134713,250777524.81227407,250784237.9129945,250906400.9820768
5865,252643467.34375,249246377.54801288,249262826.76976717,249227391.42562023,246796502.92953464
5866,249764487.88720703,251067422.11098298,251127528.3221295,251145935.49637544,252643467.3437816
5867,252956971.9177246,250293296.19075936,250254979.36424923,250268546.9863082,249764487.8871752
5868,252636906.33935547,251395456.02935538,251399085.6067858,251418534.54177275,252956971.91783252
5869,255374829.82861328,251522806.51998264,251465687.13567093,251489803.09688482,252636906.33933857
5870,252696400.62231445,252678161.45423958,252618538.71332216,252650837.48795307,255374829.82852453
5871,253309163.86401367,251973100.3848043,251878086.09607986,251883392.04257262,252696400.62227157
5872,252299258.15307617,252175351.99861175,252133186.3925479,252126444.53126758,253309163.86399075
5873,249915536.2758789,251877858.6257872,251830290.30927452,251819954.80650166,252299258.15317348
5874,255245869.57470703,250962727.7009241,250950918.5786307,250916252.40958613,249915536.2758465
5875,252907405.00805664,252713653.49653384,252715619.71958593,252732485.51843524,255245869.5747746
5876,252945096.41479492,252180970.0048592,252094304.45506868,252102851.73711604,252907405.00806892
5877,252881788.20117188,252169225.16557518,252131616.7240455,252118575.28238618,252945096.41478908
5878,252851909.3310547,252168351.78248477,252129247.05862245,252120040.08485255,252881788.20111623
5879,249540514.91845703,252174687.05704558,252139061.95935863,252129135.0120596,252851909.33096147
5880,253587705.7536621,250921319.05703717,250904505.74642617,250866668.53659937,249540514.91846892
5881,252514548.08764648,252135802.73199612,252157397.2716331,252155919.21220922,253587705.75359267
5882,252651806.88085938,251949468.998212,251898069.46226138,251902685.33386138,252514548.08752623
5883,256523785.87695312,252009647.14226925,251981852.49632096,251973301.04271665,252651806.88074175
5884,253831160.48388672,253457853.7005032,253404058.53037128,253431824.4790134,256523785.8770679
5885,257780418.44970703,252808545.33060512,252698729.061089,252701286.0245775,253831160.4838109
5886,252052219.38916016,254245079.6277577,254169513.6279551,254187251.00123292,257780418.44967628
5887,252970283.0378418,252446719.37789628,252328955.5541972,252302139.26819927,252052219.38919204
5888,256972631.87817383,252502319.5399978,252492682.4127828,252454213.26945183,252970283.03795832
5889,252153833.0908203,253975866.06421235,253924170.75874662,253940600.7955475,256972631.878205
5890,255449036.17822266,252501710.55373874,252404062.33640733,252378096.90600896,252153833.09071696
5891,255389475.26464844,253497713.4072532,253476894.96699592,253461437.71460843,255449036.1781664
5892,258399032.38745117,253647988.10479692,253561831.79683986,253563276.90590516,255389475.2647011
5893,249832444.89916992,254858427.75993088,254761755.89091563,254777608.01777416,258399032.38752595
5894,245583469.8408203,251965999.2605696,251861121.34148306,251799136.34262547,249832444.899158
5895,250315273.0649414,249841680.82088748,249926235.12824968,249810636.95208922,245583469.8407853
5896,252022310.41137695,250940989.9255925,251068949.6302271,251032450.0785509,250315273.06485167
5897,248993438.43359375,251595795.8941367,251617115.0498037,251628147.89629436,252022310.41139475
5898,246953931.94360352,250596906.22823516,250604807.948435,250580088.98338833,248993438.43365204
5899,255360820.4013672,249591924.6224123,249665629.68842134,249617271.1959719,246953931.9435162
5900,247051655.84643555,252408218.2111442,252467628.36516878,252507229.33418167,255360820.4013599
5901,244781019.88720703,249849737.69871026,249794359.66014913,249774840.61939946,247051655.84640327
5902,246114927.27368164,248569660.2089526,248689764.4067869,248615349.40171966,244781019.8871739
5903,251069018.06420898,248658598.32052156,248804657.31626597,248772573.63885576,246114927.2736102
5904,251411403.171875,250367855.4035062,250456029.62529746,250486830.97494316,251069018.06428504
5905,247490407.25219727,250825496.31457728,250816949.59934258,250852509.7940801,251411403.17198187
5906,251964293.7758789,249550622.5196317,249561473.74934423,249541327.8441142,247490407.2521904
5907,258011611.2770996,250956280.5560839,251014254.0652166,251026911.94137672,251964293.7759272
5908,250643197.24780273,253471749.2706642,253408896.45577452,253489543.14929184,258011611.2771584
5909,252697682.46069336,251373548.25954765,251243774.16009536,251241176.79858866,250643197.2477076
5910,247499192.1171875,251885487.3052867,251891123.9225382,251871366.42981982,252697682.46065724
5911,249764264.8083496,250019313.66271022,250011473.1171132,249968406.70803204,247499192.11727685
5912,249458011.65014648,250449214.381628,250528228.50308177,250499625.12438932,249764264.808372
5913,250069597.59179688,250338348.69168627,250372122.67332235,250364426.7940831,249458011.6501129
5914,249736034.32104492,250496784.39800954,250532724.08279,250527747.4131654,250069597.5917697
5915,253155577.34960938,250393806.37410048,250418799.54687104,250413144.82181016,249736034.3211476
5916,248659487.03979492,251630070.5900686,251641195.1591641,251664145.2852873,253155577.34959477
5917,251634796.11010742,250230529.32642943,250202542.71704853,250187214.87042361,248659487.03968665
5918,250810887.1142578,251076505.1511215,251118464.26655743,251114060.51547664,251634796.11004004
5919,248948016.03881836,250902530.14294067,250889088.76087666,250894121.71223664,250810887.1141703
5920,251681273.5222168,250194452.56966552,250209817.53865856,250188417.34185413,248948016.0387984
5921,250753914.49169922,251045531.248636,251078442.99156293,251083042.9154103,251681273.52214837
5922,250273183.50976562,250865141.43847468,250851145.039792,250855947.6362753,250753914.49178368
5923,252680546.6142578,250661803.85659423,250669529.88519016,250660450.83286494,250273183.5098157
5924,247936092.23461914,251513507.09784102,251515608.351535,251529660.97164348,252680546.61427236
5925,247566058.08569336,249928609.59778187,249911931.77122578,249886510.69168276,247936092.23465955
5926,244406366.61401367,249472974.99387565,249549576.58764178,249510525.32413647,247566058.08576933
5927,246939960.88134766,248085779.6277122,248180348.30045375,248134162.86905953,244406366.6139309
5928,251556658.8876953,248639655.47898912,248777000.15874976,248761450.61433792,246939960.88135645
5929,251961427.22314453,250325496.44154838,250382168.76474544,250427950.4682879,251556658.88761175
5930,251242607.61572266,250829480.68348947,250796689.48472384,250841575.96654078,251961427.2232311
5931,250506163.04760742,250780865.53255463,250748829.78625548,250765175.98195675,251242607.61562985
5932,254318236.34423828,250552935.30386436,250538658.61978686,250540013.18037742,250506163.04750744
5933,253371825.6574707,251962432.79603288,251942272.12241456,251975629.24011874,254318236.34422016
5934,254376051.33789062,251917614.0296202,251831000.7990929,251857961.02104613,253371825.6574939
5935,251027888.73608398,252408867.57695472,252340186.55528092,252356320.1975535,254376051.33793205
5936,246755069.81030273,251341306.4787945,251275257.16344893,251259038.34498632,251027888.7360064
5937,250386725.66064453,249547496.15711695,249569988.62937552,249509429.5352142,246755069.81021956
5938,249346855.68774414,250454834.04021424,250534513.5848707,250519312.5069981,250386725.66068816
5939,250462500.79101562,250118119.576013,250129341.09816197,250130383.4053728,249346855.6877524
5940,248731240.59423828,250441814.48281983,250468164.6160007,250471726.49346843,250462500.7910936
5941,252019896.08129883,249796645.50911433,249807436.49817136,249802281.1811988,248731240.59415025
5942,250496548.10424805,250883062.10370463,250907302.710441,250927430.7318487,252019896.08119857
5943,255020850.0661621,250552525.8233401,250522623.58603486,250535954.84540442,250496548.1041345
5944,251339399.09960938,252217871.6620801,252194893.73184118,252234287.93745407,255020850.0660865
5945,246142889.09472656,251225265.6406779,251137463.75715625,251147492.20006257,251339399.0996574
5946,251327122.4326172,249190231.007957,249205933.9928588,249148045.08821243,246142889.0947891
5947,250544331.6069336,250660911.60508206,250743976.76830366,250742209.8870418,251327122.4326445
5948,252818783.61523438,250519222.83030352,250502589.6377549,250522165.02520138,250544331.6068804
5949,255364281.96923828,251385155.96681517,251374665.54768398,251397865.9401769,252818783.61517283
5950,254049385.74169922,252565001.90741968,252497405.20338988,252542222.19217393,255364281.96922043
5951,252098752.13305664,252441881.07983848,252339239.14793867,252358946.63922945,254049385.7416668
5952,252556326.23950195,251804675.42968124,251743165.09657636,251728317.5694513,252098752.1331308
5953,256499790.05981445,251876161.9236705,251849340.56695014,251837558.26331025,252556326.23958355
5954,255939360.67651367,253378948.91312018,253322174.3386623,253351111.59706798,256499790.05981824
5955,259106816.99536133,253535796.62662923,253411842.61502483,253434271.622595,255939360.6764943
5956,255106992.82373047,254839125.30440485,254712332.67547128,254743709.18120903,259106816.99545968
5957,249525350.3959961,253749775.57697743,253590322.92117974,253580808.31167194,255106992.8237885
5958,253624312.66137695,251552758.14308402,251505898.43084797,251428089.13700613,249525350.39602757
5959,245262417.97485352,252591557.80054632,252625623.20385855,252595320.18841836,253624312.6614136
5960,250521240.27368164,249567679.75175014,249566897.24392623,249492115.810699,245262417.97477087
5961,249927432.69506836,250831425.8237131,250959800.97938251,250922550.57184392,250521240.2737961
5962,252080468.17163086,250675918.8890515,250697158.16936895,250695622.11297524,249927432.6949817
5963,247032875.36669922,251427610.24730772,251450688.10535556,251456506.63217252,252080468.17154357
5964,248527894.18554688,249666656.78028563,249673284.57695267,249638442.9381613,247032875.36674637
5965,245517944.48510742,249856491.20867237,249950263.23701116,249919839.72702038,248527894.18543944
5966,247854320.82202148,248643637.93460009,248718902.87290072,248685340.14112303,245517944.48514372
5967,244623679.71801758,249171592.72410864,249287870.19908327,249276139.9579022,247854320.82200623
5968,248914643.02197266,247970387.41509733,248054736.3995689,248032242.45279595,244623679.7181291
5969,247220272.70703125,249241738.87315002,249360606.44719514,249372653.25110185,248914643.02196077
5970,251291069.57861328,248782094.48990032,248822971.31821418,248837316.48222348,247220272.70695615
5971,252220966.93676758,250218625.65675822,250270660.36741167,250306574.25374985,251291069.57850307
5972,253933334.5275879,250847792.59121475,250814515.63617924,250864264.16705137,252220966.93686125
5973,250066393.93164062,251731854.78624237,251676867.18512183,251721870.92639878,253933334.52761
5974,250427149.68652344,250590740.39688128,250528328.6465677,250527315.78519368,250066393.93162003
5975,253131206.0834961,250599168.2274171,250612413.69184706,250599271.96562502,250427149.6866131
5976,253631750.26391602,251601333.09244645,251591892.1993983,251614032.09599987,253131206.08356625
5977,258069060.28515625,252011594.3259518,251950513.7329379,251977133.99192968,253631750.26403224
5978,259191317.4387207,253835395.239011,253744241.75204268,253796402.24710315,258069060.2851801
5979,256735431.1130371,254758997.7301467,254581881.3667529,254635220.42906195,259191317.4388037
5980,254403733.6784668,254259177.51148498,254084986.47683278,254088986.22388303,256735431.11298117
5981,255232976.14794922,253435226.49025747,253326396.2806077,253293511.7588766,254403733.67834583
5982,251006954.18603516,253615089.98304135,253548085.0330777,253525687.36742392,255232976.14791045
5983,248209319.15283203,252055641.22637016,251997443.96314064,251947915.79489335,251006954.1860385
5984,244770505.42041016,250666746.4299681,250704645.8235642,250629464.74943516,248209319.15271196
5985,252424884.11572266,248981688.1533212,249087173.69028267,249002568.3062781,244770505.4203616
5986,251156750.20361328,251281571.10023463,251402147.3527372,251406978.68131536,252424884.115645
5987,253488276.4970703,251145471.17199287,251122621.68720424,251142210.88986436,251156750.20352045
5988,248449691.11914062,252041122.01947734,252032893.654284,252047158.2365189,253488276.49708164
5989,247041222.9729004,250393270.14506993,250368145.9934879,250338059.49916863,248449691.11903083
5990,252522709.9621582,249538951.65885633,249617512.91963816,249563542.1977639,247041222.97294724
5991,249676544.29516602,251295357.56044987,251364176.80850035,251379550.31851,252522709.9621834
5992,249473963.4272461,250508486.23453492,250487026.6402452,250491092.95792204,249676544.29525647
5993,245451885.60546875,250314487.71934843,250350163.0061528,250332180.87387848,249473963.4271691
5994,246546559.46557617,248767607.7463556,248827179.8343548,248781718.22904235,245451885.6055647
5995,249313753.52075195,248771503.61745432,248898143.832456,248865967.89505678,246546559.46560436
5996,252300425.81835938,249669526.84171897,249753294.28501827,249767332.45664966,249313753.5206652
5997,250106818.74316406,250914312.5924974,250927659.0055123,250970926.8123998,252300425.8184192
5998,249083152.36035156,250390732.3943959,250360793.80649635,250374798.79023743,250106818.7432611
5999,247791025.29638672,249972968.32016435,249992124.8316945,249980260.26775846,249083152.3602901
6000,250061662.12109375,249400993.07872033,249444526.93770096,249425747.78493232,247791025.29633385
6001,249005431.8161621,250089731.66265416,250143841.69313237,250150203.75549287,250061662.1210629
6002,249935044.53027344,249779853.07012013,249793947.43750906,249800024.9894791,249005431.81625107
6003,244040041.8864746,250065764.7397008,250095530.63169608,250102975.3310795,249935044.5301634
6004,243449577.72802734,247881379.78837454,247923733.34647077,247884637.1482147,244040041.88642105
6005,249826402.84472656,247139971.41450822,247293756.46629837,247248099.29374102,243449577.7279544
6006,250914964.56298828,249193158.3196086,249314736.20642275,249354169.85453135,249826402.8447911
6007,256555781.40942383,249910871.6548073,249901187.6585267,249963603.62622696,250914964.56295136
6008,253038839.71411133,252292038.9257382,252236183.21384072,252322462.45379665,256555781.4093272
6009,255093510.91479492,251616985.32555103,251477482.59597674,251519931.8386324,253038839.7140896
6010,253538034.9423828,252452158.43131575,252377341.43952546,252403533.61994168,255093510.9148168
6011,251296466.9741211,252118506.25508666,252014369.40403187,252030428.22672614,253538034.942434
6012,249572328.47021484,251334349.7516727,251279509.71825328,251262041.68792185,251296466.9741941
6013,251919991.11401367,250548681.5746363,250546771.46280578,250516058.44241467,249572328.47019717
6014,252684489.1135254,251233082.13194206,251251006.93131113,251250019.3580489,251919991.11410496
6015,252375028.23168945,251613438.27029106,251581426.22352198,251597820.4098726,252684489.1134633
6016,251294965.94677734,251638902.3221258,251598396.5934947,251603314.68032992,252375028.2316305
6017,247036562.08544922,251281180.4055949,251253756.8833065,251243291.12134796,251294965.94670215
6018,250770623.47509766,249652804.19948697,249671055.86037245,249621578.87965143,247036562.0854218
6019,254526609.21191406,250645193.1728865,250720876.64675692,250709333.0724318,250770623.4749967
6020,253383865.8864746,252146715.93748584,252126486.90644222,252170234.786298,254526609.21192276
6021,247872049.90429688,252069206.8416752,251987303.0148214,252010420.30301225,253383865.88643065
6022,253813048.5600586,250123175.96181643,250097999.9265787,250051939.55546704,247872049.9044166
6023,251202447.36816406,251943003.64478895,251988261.6973956,251992543.85444167,253813048.56006137
6024,250249957.60595703,251276200.06092936,251219669.4817174,251225055.7120753,251202447.3682568
6025,248976771.74243164,250852510.57113442,250856235.63577864,250831913.11737058,250249957.60605812
6026,246627701.2385254,250244961.86782905,250270159.92119604,250243389.93265367,248976771.74242476
6027,250258344.6755371,249161628.83953434,249221081.9001411,249181464.1413933,246627701.2385017
6028,251547954.0029297,250179246.4870141,250257842.08126098,250260836.84161437,250258344.67555705
6029,253120298.58325195,250776385.35813725,250774973.1840876,250805564.2674941,251547954.0028182
6030,251625096.72094727,251496810.45602635,251463453.33676556,251497432.0947877,253120298.58313507
6031,254405640.4814453,251154803.06382507,251101642.54337823,251113726.20097527,251625096.7209262
6032,251620897.9453125,252196587.67632714,252158154.5561502,252182826.94673416,254405640.4813464
6033,254701803.56152344,251455144.99625427,251382704.36977345,251383527.24151504,251620897.94537133
6034,252215322.74609375,252506777.02698728,252473329.14461017,252487255.93986228,254701803.5614883
6035,249457011.6142578,251822474.30246097,251745147.00634378,251745211.1970647,252215322.74597484
6036,252735551.84570312,250697364.88461983,250686125.98238268,250648677.1467444,249457011.6142768
6037,249620614.19311523,251660022.19873667,251680143.6370235,251679134.41806442,252735551.84564155
6038,251084624.96142578,250664233.86138144,250639315.32730407,250624980.0265123,249620614.19307703
6039,252082766.44067383,250992043.31615818,251019151.5880227,251008011.48885283,251084624.96139145
6040,248942114.73242188,251382240.92368677,251372936.5297193,251383696.72021818,252082766.4406061
6041,247446286.98779297,250293645.14635348,250283923.92737758,250263778.71691117,248942114.7324256
6042,249924874.03149414,249525795.01277167,249584163.48032045,249545568.39080846,247446286.9877625
6043,253276786.5810547,250210907.22196618,250279597.2244633,250276601.7067505,249924874.0314115
6044,254367198.51367188,251527608.55260965,251528406.95953575,251566747.75219038,253276786.581062
6045,253311613.73046875,252227378.9140897,252160015.35381866,252201250.6616378,254367198.5137544
6046,251312510.8256836,252092846.00681648,252014974.47442985,252028992.72982216,253311613.73057967
6047,250474720.47436523,251418623.5437661,251374868.0406463,251359192.48678428,251312510.82565087
6048,248118814.83666992,251004624.95886764,251004949.76772678,250980932.0666077,250474720.4743289
6049,248307523.32104492,250001237.01310676,250029341.1714066,249993062.16755202,248118814.83663547
6050,248007208.00268555,249800218.5226506,249870746.80845633,249842999.7323695,248307523.32106116
6051,244361211.88623047,249532643.60054284,249596625.54004884,249581180.4333737,248007208.002794
6052,248003321.94067383,248068303.53142303,248156305.24291536,248113082.46173775,244361211.88622475
6053,248228689.7998047,249053100.98270166,249186945.3837069,249180111.2250253,248003321.940756
6054,250321887.86376953,249212367.95632902,249269283.4879988,249285432.5994268,248228689.79970095
6055,246510997.76611328,250024171.6237631,250066445.9803034,250091521.98640928,250321887.86378992
6056,248468912.48950195,248756052.353016,248777236.4073732,248768051.44847262,246510997.7660686
6057,250790481.49169922,249237587.8901787,249320144.47181854,249318246.01572213,248468912.489594
6058,247626109.3400879,250120870.78429717,250148320.4428054,250182935.5158008,250790481.4917374
6059,245410209.06323242,249134493.08114344,249136955.17380825,249138903.38536954,247626109.34008265
6060,247768666.9658203,248135738.495501,248211035.62766898,248182063.89777172,245410209.06324047
6061,245572277.81445312,248741229.70737687,248841107.675365,248844629.3359206,247768666.96576145
6062,249336985.37670898,247956809.85110497,248020846.74052873,248019541.87962472,245572277.81452003
6063,250187316.34936523,249156656.1405044,249240296.23042092,249267326.47685683,249336985.3768181
6064,242676619.39770508,249673846.09509382,249678197.82083616,249723379.31069317,250187316.34931463
6065,245750838.61206055,247036924.80296108,247069600.10616252,247034003.64210528,242676619.3976291
6066,248287592.77490234,247642952.26814476,247799494.1984823,247783061.368715,245750838.61214533
6067,248787945.10327148,248555692.79859373,248631767.9165296,248671364.53829142,248287592.7748264
6068,251463648.8161621,248892056.4479033,248918364.30170524,248958712.62849224,248787945.1033232
6069,249379587.83544922,249989672.0012038,249990988.42106882,250044293.86973023,251463648.8162169
6070,248768115.29052734,249533916.26044115,249499140.83035627,249527116.32533947,249379587.83545128
6071,249282130.61254883,249279837.62074944,249290965.07023486,249298115.58739695,248768115.29059887
6072,247752023.546875,249426880.7022076,249445948.72213116,249461690.16479212,249282130.6126234
6073,251598282.2241211,248884800.69575024,248903441.27309155,248908154.1861875,247752023.54679096
6074,249762235.11279297,250206107.52759254,250232347.9743453,250268691.4672203,251598282.22417945
6075,244403676.68774414,249820154.46610445,249784561.5387088,249810164.16571048,249762235.1127138
6076,244660001.13745117,247816627.0155403,247850022.04194245,247811495.35695514,244403676.6876916
6077,242212370.50390625,247449846.83742192,247580386.39839658,247548725.49722582,244660001.13738483
6078,245011613.51782227,246292290.76857865,246423961.33911428,246398422.16219515,242212370.50387663
6079,246039280.86914062,246962787.7254872,247121354.80030155,247129696.39175868,245011613.5177432
6080,249440930.97216797,247333195.85246903,247425304.36135617,247461622.81244442,246039280.86903307
6081,248819958.8984375,248656710.42658585,248709847.98136994,248770659.44898966,249440930.97225323
6082,251482726.60107422,248712113.0399632,248703398.82134533,248754645.1542371,248819958.89839253
6083,246860173.8088379,249802507.46862838,249793114.5112433,249849896.1132451,251482726.6011316
6084,250661106.2265625,248393838.55304965,248362300.18296495,248374232.09171054,246860173.8088573
6085,246734842.4519043,249573458.03714243,249610886.16363266,249640793.04012275,250661106.2264456
6086,248129893.1821289,248345105.73318565,248330558.35510105,248341751.5677355,246734842.45183957
6087,248621057.6730957,248645175.91053885,248701180.18244874,248710167.39725482,248129893.18223023
6088,247758528.4951172,248828058.7729266,248850892.98587868,248879619.5694451,248621057.67297727
6089,244949533.17041016,248552542.05399844,248572265.60103422,248590114.3435961,247758528.4951692
6090,245831639.64770508,247467844.58735266,247519970.38082778,247510235.69789785,244949533.1703356
6091,242466657.87475586,247528727.7444613,247627125.33962858,247629022.55463025,245831639.647814
6092,247966913.06054688,246181554.37284228,246277448.46633005,246265889.8668943,242466657.87473735
6093,246432780.41503906,247850729.6334575,247976111.48977312,248016111.02912354,247966913.06062803
6094,249098769.47973633,247522909.2134639,247546958.4368569,247593108.42511985,246432780.41502985
6095,251144018.12548828,248488547.62565708,248529669.59326535,248580174.57542494,249098769.4797004
6096,246619058.21142578,249464323.69861034,249441531.29274806,249512895.80313984,251144018.1253993
6097,244266612.5859375,248081490.28972188,248049821.9867881,248067546.55795056,246619058.21145135
6098,249477763.46850586,246987661.5461634,247057740.52121404,247040377.22821692,244266612.585875
6099,251406043.0979004,248620425.29835218,248700929.3875742,248745722.68186584,249477763.4684906
6100,256321232.90307617,249644228.8661618,249614949.46544668,249690682.46036565,251406043.0978525
6101,255885307.12329102,251791074.8846299,251703555.48005548,251802065.28827384,256321232.9029775
6102,251017787.7397461,252251384.36290574,252079802.1075992,252157846.8521927,255885307.1232816
6103,251234294.05493164,250759887.4970949,250633393.99023804,250636575.4067108,251017787.73967
6104,254620216.140625,250666839.9644213,250636031.85502955,250629423.61642188,251234294.0549388
6105,251642563.8779297,251896161.8115346,251842620.41076836,251881518.65062517,254620216.14065817
6106,250735282.46557617,251064457.15697905,250967054.40840623,250981405.58320317,251642563.8779274
6107,249863146.51586914,250641237.79255408,250610061.9196604,250600405.0490307,250735282.4655527
6108,250731841.12036133,250231935.2621081,250222675.01153478,250213691.41300115,249863146.5157805
6109,253121149.76342773,250434134.8747202,250436098.32976723,250440605.3113116,250731841.1203596
6110,252484190.88134766,251353919.1526999,251326226.2978898,251357684.6401471,253121149.76334307
6111,253684418.4580078,251326795.65725774,251259822.28723896,251283833.90314698,252484190.8814269
6112,253476189.29882812,251821946.34941974,251762421.3829272,251785301.06123728,253684418.458045
6113,247051957.09472656,251932676.8689728,251854388.23519215,251872538.38312253,253476189.29881996
6114,247260905.48876953,249639720.85187492,249605630.88878784,249558737.45873025,247051957.0946599
6115,242978499.28442383,249224177.49245515,249309981.84302992,249263405.0986903,247260905.48887533
6116,248052263.11621094,247384808.4362731,247483874.67742494,247430438.241591,242978499.2844661
6117,245629069.4675293,248724481.37631276,248871351.2687954,248873504.3387843,248052263.11618757
6118,246674949.671875,247933751.43020955,247990021.8757166,247998727.52387097,245629069.467499
6119,247048187.1040039,248130273.1303463,248226903.2509917,248232049.09850284,246674949.6718503
6120,251915125.18676758,248229655.78556603,248297989.8057113,248317933.57846546,247048187.10391283
6121,253982590.4609375,250042226.85144195,250075529.0188466,250137228.60277808,251915125.18678337
6122,251455623.18432617,251201115.84980774,251130708.56044352,251209918.1941643,253982590.46097705
6123,250906857.31884766,250642517.2232398,250552811.95966372,250585638.60220075,251455623.18425164
6124,248747703.3425293,250473712.27540883,250440275.64791638,250448775.08461362,250906857.31890607
6125,246602916.9675293,249674589.10445458,249664421.03479332,249656783.62802485,248747703.3426476
6126,249241690.2680664,248728853.78683594,248773729.72933412,248747656.46631092,246602916.96744388
6127,246802588.13085938,249451426.8187153,249519854.34710687,249527364.25114,249241690.26811612
6128,248445576.15014648,248628373.40818903,248658648.08984637,248658334.96218747,246802588.1308986
6129,250549796.10327148,249044545.30702907,249111658.9733782,249119348.55969408,248445576.15004575
6130,249817059.36865234,249863335.06547564,249884566.64994812,249922013.75999263,250549796.10330337
6131,249867857.08911133,249758938.84927434,249744441.74173874,249771625.15178075,249817059.3686682
6132,249636331.9831543,249825903.52703685,249827896.58367538,249844351.44418126,249867857.08908883
6133,243681379.0895996,249757018.77029258,249758471.4358472,249773119.0310188,249636331.9832617
6134,244714163.12573242,247548072.9758361,247588349.68531886,247549223.64727467,243681379.08971316
6135,245254342.06347656,247416165.75385177,247561345.0246138,247532948.9921723,244714163.12570545
6136,250702227.39160156,247412360.7663746,247527003.88805884,247533809.7778381,245254342.06342012
6137,250598178.0288086,249341378.91350156,249412590.87637958,249473268.40417933,250702227.39158
6138,248218544.7001953,249710419.4636897,249679035.99310654,249739894.26211742,250598178.0288339
6139,244339220.2150879,249020123.5097691,249008631.43775213,249023177.00066864,248218544.70008203
6140,247207779.3034668,247517438.61738056,247574815.31303102,247546829.70316586,244339220.2151117
6141,249089951.53930664,248211451.3923277,248323203.79138064,248328170.90696216,247207779.3035241
6142,247272059.29589844,248967241.22113687,249010366.5044841,249052030.2062398,249089951.5392557
6143,249766453.1418457,248456045.55386734,248476143.41809398,248495127.14472306,247272059.2958513
6144,248242746.38134766,249293983.2763644,249334609.43675324,249366425.01703194,249766453.14186865
6145,251736589.07006836,248913618.4936464,248914317.37895453,248937355.42430228,248242746.3812273
6146,246983855.13549805,250211868.759775,250225868.19050223,250266859.6099314,251736589.0700703
6147,244879469.52929688,248743036.366952,248717617.40780702,248719760.6846222,246983855.13546056
6148,250461307.65771484,247713976.30440852,247794050.30454627,247761196.70628688,244879469.52931
6149,247766830.95654297,249463739.8387114,249546397.25889662,249581807.04417545,250461307.657637
6150,243983711.09887695,248738792.47530788,248727835.75543544,248755150.33008578,247766830.95666248
6151,246714543.66210938,247242148.3837791,247306884.89768878,247280238.6839537,243983711.09899563
6152,246213286.95776367,247889684.17487493,248006522.7231111,248012484.66280422,246714543.6621749
6153,244896258.14990234,247705900.21011338,247768156.8302704,247790913.3070203,246213286.9577099
6154,247541348.35913086,247151184.0142762,247230320.69224232,247236292.80077755,244896258.1498809
6155,246919521.55126953,247973950.99581468,248059844.46001095,248092222.29623163,247541348.3592165
6156,247049671.0024414,247875259.05914837,247912060.65681234,247946523.03070614,246919521.55132183
6157,247404723.4506836,247926643.1738355,247975881.28905347,248001834.00831592,247049671.00243813
6158,242782905.89624023,248055442.52933925,248098174.16768822,248128627.01054242,247404723.45058605
6159,246019351.40063477,246355608.44569674,246416968.15090927,246406759.2427679,242782905.8962961
6160,250160003.08496094,247152377.72687823,247281151.63769168,247299285.90784642,246019351.40068144
6161,247880670.1142578,248728772.31038734,248766089.039042,248844074.50960517,250160003.0849777
6162,250919603.40600586,248256828.45189384,248232262.4814509,248281143.27528566,247880670.1142257
6163,250384835.27319336,249389368.039432,249394010.8917703,249448079.6309039,250919603.40599325
6164,251631589.03588867,249505048.71368936,249457113.22390357,249508202.4386419,250384835.2732166
6165,251477050.93481445,250090555.32250535,250051087.48114416,250096571.1044497,251631589.03579187
6166,256216466.20898438,250248638.65869242,250189778.93428025,250228997.39911833,251477050.9347063
6167,251692378.92993164,252147563.09742752,252069748.6408817,252139862.94500896,256216466.2090536
6168,253229767.78295898,250988237.2150767,250851642.11487824,250876280.6503055,251692378.9299108
6169,249316221.86450195,251468528.28788826,251417101.6747014,251428808.4617902,253229767.782952
6170,248730808.56152344,250118490.48701972,250058845.49588868,250048389.29298255,249316221.8644238
6171,252317754.50146484,249639942.3865443,249660943.7940519,249639365.9436516,248730808.5614486
6172,255795081.45898438,250795212.56165516,250803749.20811418,250831130.85961998,252317754.50135773
6173,252948065.28466797,252307122.9473191,252228418.56550503,252293626.9616331,255795081.4589858
6174,252432321.1809082,251680918.47123316,251558710.85420227,251583503.07078758,252948065.28464416
6175,251434595.13110352,251485691.92341316,251425345.91625524,251423994.39594337,252432321.18078777
6176,253410950.33422852,251115901.24968,251071508.34733126,251065955.23946637,251434595.13103423
6177,250834184.0041504,251785084.8215005,251750501.71078473,251763886.97964284,253410950.3342825
6178,248092510.6911621,250961379.80286792,250904332.30644566,250900184.8974498,250834184.00424853
6179,249669955.26660156,249794692.7930268,249803958.19580036,249768123.16188383,248092510.69117272
6180,255108792.94677734,250069615.8800373,250119101.39097092,250108258.68045986,249669955.26672328
6181,253132290.8803711,252047859.14269537,252032910.6015375,252086691.19283244,255108792.9468622
6182,250828407.21679688,251773217.8515001,251669498.10937554,251702767.9280383,253132290.8803313
6183,248154495.62158203,250999708.37065807,250952387.8125213,250938653.25534388,250828407.2168608
6184,248511091.47265625,249886066.20382845,249897730.1823437,249861025.19685218,248154495.6216867
6185,244168871.79467773,249712534.72548676,249770563.26739126,249747545.7763999,248511091.47265375
6186,245669926.90356445,247943062.36074725,248014653.43477955,247970589.78868756,244168871.79465267
6187,250045571.4794922,248020138.72918287,248161324.91923398,248136376.3015117,245669926.90354344
6188,255232580.32421875,249518221.2909876,249599198.50779307,249637586.64383167,250045571.47949615
6189,248722442.11401367,251719659.75916642,251688229.0847062,251774217.66144088,255232580.32418108
6190,247573944.13745117,249861092.32877237,249771707.05236495,249781994.63097394,248722442.11407632
6191,246331229.50170898,249194051.46027938,249239776.184826,249209399.83003476,247573944.137509
6192,249916765.8791504,248515103.47422558,248583292.39950362,248563123.06660542,246331229.50159305
6193,246525924.09765625,249629112.72132084,249699603.44510972,249721231.2784692,249916765.87916937
6194,247609686.5102539,248515209.04710695,248533673.94635114,248536911.60736263,246525924.09766293
6195,243944310.30322266,248699583.75344592,248776692.06183004,248777152.16673753,247609686.5103209
6196,247907502.37939453,247323523.8740103,247397183.49408472,247379075.2968733,243944310.30329725
6197,249725392.44604492,248430344.64551374,248549013.07313868,248566170.34792915,247907502.37932023
6198,251530826.67114258,249237924.14786392,249265467.29563093,249317912.82456857,249725392.446102
6199,250858691.56689453,250138008.76084837,250124765.48278904,250179652.76370776,251530826.67104536
6200,253919822.05517578,250160174.40459386,250119099.77103433,250156059.98702487,250858691.5668029
6201,253629800.49438477,251407681.61562526,251365702.42556533,251415328.3600289,253919822.0551698
6202,250342044.4025879,251662468.4067534,251568065.51997483,251610858.02938348,253629800.4942628
6203,252276103.80444336,250624528.47988495,250560757.2846929,250555950.15855205,250342044.40260783
6204,253601161.32495117,251198476.53657937,251188743.69216907,251194695.39397398,252276103.80445457
6205,251550478.8659668,251809703.70997155,251756650.69421062,251785246.38958895,253601161.324892
6206,251296632.6809082,251229527.80732587,251166838.57175878,251169545.36906123,251550478.86608556
6207,252639642.96557617,251104793.9776957,251086213.61916915,251076495.13069913,251296632.6808664
6208,255548018.11889648,251590151.2602431,251569799.15520898,251577048.49546504,252639642.96560156
6209,253184823.85058594,252776769.88552102,252715614.928954,252750088.85490012,255548018.11881408
6210,257559162.1159668,252230695.66008526,252132165.59836307,252138513.9657537,253184823.85066456
6211,255045911.49951172,253845426.19129926,253771727.0132237,253799488.98143622,257559162.1160484
6212,257647439.86450195,253316860.981042,253176659.43595845,253185927.7448959,255045911.4996156
6213,252134331.57910156,254308987.92353857,254208828.86338195,254218398.1063284,257647439.86441225
6214,250203875.88134766,252538076.58557943,252422368.4831436,252386753.7866457,252134331.5791573
6215,247514753.16503906,251486008.66192815,251488667.46620744,251423428.5532592,250203875.881406
6216,252628309.79638672,250171832.07228318,250221712.4224048,250155285.8645352,247514753.1650728
6217,253781186.60083008,251650409.28217432,251718072.5636505,251713284.12724745,252628309.79632235
6218,249186511.09301758,252287050.09029806,252247178.69409785,252272102.39652953,253781186.6007341
6219,249884830.29296875,250773918.82152504,250741917.9204395,250709400.9142595,249186511.0929266
6220,252224810.9260254,250733887.25590032,250784551.00091982,250750070.3911356,249884830.29292
6221,248826388.75341797,251483167.29822123,251501314.03475443,251507622.93384936,252224810.92607632
6222,247693740.09594727,250341138.11289895,250333754.59946004,250312967.31217757,248826388.7534149
6223,244239598.34350586,249674688.71490014,249737440.08571014,249698685.09585422,247693740.0960378
6224,248610992.14135742,248153610.42845932,248251933.34791785,248198340.2745345,244239598.3434753
6225,253862082.1899414,249315499.78792268,249449150.54551712,249446159.33498892,248610992.1414254
6226,251965866.98095703,251372666.16266784,251387218.94226322,251452839.48511425,253862082.19000128
6227,251198451.38964844,251158797.77167186,251087588.04716742,251123245.7852972,251965866.9809951
6228,256241551.52929688,250974994.17379078,250949408.92607614,250950525.1689804,251198451.3895977
6229,250102057.95996094,252836332.19483262,252795817.14405876,252841624.69104058,256241551.5294024
6230,248331388.77001953,250988314.4109376,250889090.89498195,250881844.63165006,250102057.9598944
6231,252940497.29663086,250044732.5949654,250076970.04680538,250029527.79701948,248331388.77005512
6232,254848773.7150879,251489983.7828593,251525250.8236891,251539602.68919057,252940497.2967068
6233,256342488.66088867,252445376.12217075,252381919.599465,252425850.20092034,254848773.71504623
6234,255480575.83911133,253320274.30109143,253218482.23917064,253256587.59524563,256342488.66086364
6235,253503619.58496094,253331537.39382848,253211491.75646093,253226183.12147382,255480575.83903483
6236,253481748.44140625,252724449.3125808,252637975.90347436,252620941.3863421,253503619.58497345
6237,250227469.1838379,252611501.7482413,252563454.93802682,252544753.18266883,253481748.4414889
6238,250658439.83666992,251381890.89153668,251353305.42202958,251312487.1751957,250227469.1838993
6239,253983564.48657227,251263890.60743392,251294580.08812523,251259058.3610537,250658439.8367004
6240,250793492.58325195,252406336.74235052,252407862.30211976,252417785.19238746,253983564.48660707
6241,249485140.92822266,251425081.94024584,251381436.7431175,251367012.8510407,250793492.58315775
6242,245421255.3630371,250780957.2825329,250807989.4429494,250768226.6180335,249485140.928301
6243,250062808.5439453,249065886.43051967,249135945.55140898,249072478.21940678,245421255.3630059
6244,248468375.00390625,250348882.08337274,250466924.11312783,250453694.321591,250062808.54396757
6245,247848115.54248047,249888877.68311456,249922120.86921728,249919060.44758734,248468375.003883
6246,243794189.2409668,249554634.25852737,249622923.28838232,249601701.45647696,247848115.5423642
6247,246517641.85058594,247910269.9110685,248007901.33484837,247958159.793792,243794189.2409672
6248,247652803.70385742,248484922.62332368,248639737.7889525,248620350.39827514,246517641.8504707
6249,245466041.04077148,248863177.07871693,248952405.98041528,248967021.02833095,247652803.70392883
6250,251526986.3569336,248072860.29131624,248150939.1263992,248142993.10918507,245466041.0406923
6251,252071672.9699707,250145159.465424,250228178.26098275,250269618.131303,251526986.35696375
6252,254608948.44555664,250755393.56838864,250718224.8514622,250774050.38630316,252071672.96985063
6253,252457345.81640625,251946559.58794558,251890579.02388197,251942069.05027246,254608948.4454842
6254,252315720.38232422,251525053.7347747,251436286.30653107,251456830.1550645,252457345.81641135
6255,250597845.08764648,251523023.36681035,251481437.0644751,251481333.7557435,252315720.3823957
6256,248930278.12060547,250930885.16773298,250903220.6291687,250889776.47543988,250597845.0876237
6257,248846717.59057617,250186449.8256655,250201204.4872,250172651.48676938,248930278.12067795
6258,251264800.29785156,249965201.36285657,250011030.3544437,249989452.6744533,248846717.5906653
6259,253785649.7163086,250725999.08384424,250756077.56993634,250767474.32955828,251264800.2978549
6260,251988274.67578125,251793765.87074232,251763544.6492164,251802039.59738582,253785649.71642664
6261,250129617.24047852,251377416.41038343,251310987.45932406,251325205.7240578,251988274.6757321
6262,254257353.59033203,250684851.1829411,250666061.86206013,250648946.89015383,250129617.2405173
6263,253921113.61157227,252084375.69179147,252076398.4731242,252098279.8008677,254257353.5902193
6264,253797682.26171875,252276513.24584326,252193767.08105385,252219770.81603646,253921113.61167464
6265,247802367.98779297,252361105.85049012,252291307.08721521,252298260.31147954,253797682.26173565
6266,245296022.0131836,250191221.1018397,250158118.0630561,250108656.6646996,247802367.98777696
6267,249178446.7290039,248802916.9163476,248897400.5678678,248824021.8522015,245296022.01317996
6268,252131915.3725586,249790472.50770518,249903630.61250627,249893212.21047717,249178446.7289008
6269,253650890.3605957,250935964.66123307,250953890.0998737,250991836.30457354,252131915.3724953
6270,250521063.08154297,251760832.37586358,251716572.5469859,251758209.5794653,253650890.36061272
6271,251866947.5546875,250863281.7297221,250810340.9412626,250808421.45897168,250521063.0814954
6272,245264787.95996094,251280863.36755624,251282736.94300225,251278552.6862884,251866947.55468217
6273,247447079.1838379,248907430.81546524,248920390.7539422,248867268.67903852,245264787.95996895
6274,251810750.20532227,249167564.88987392,249292329.19203156,249255122.2006758,247447079.18386665
6275,253249797.4519043,250682487.0953377,250732632.44021294,250765836.39148647,251810750.2053053
6276,253861344.81201172,251517780.04728547,251479208.22465503,251524602.5976688,253249797.45189103
6277,250375527.85766602,251985471.94580916,251918741.37279716,251951312.70087096,253861344.8119431
6278,251852948.00708008,250901174.47351378,250845141.20250764,250833361.0074145,250375527.8577555
6279,250876091.50952148,251305823.43958494,251310463.05042887,251301847.32399842,251852948.00714564
6280,246337797.41430664,250997944.77895042,250978417.62277788,250973510.6707682,250876091.50956723
6281,246663907.99438477,249243219.8034415,249269155.76571473,249220694.1816247,246337797.4142268
6282,246812079.41430664,248920186.16946656,249026654.1589932,248986904.68305016,246663907.9943852
6283,243625456.90283203,248742879.49746603,248834733.8682419,248821565.89155233,246812079.41439065
6284,250853643.5119629,247409162.41284826,247512725.9001258,247480052.8331812,243625456.9028033
6285,251228162.49975586,249704479.19447616,249822181.15634114,249859055.8603676,250853643.51184216
6286,252190666.08691406,250241282.66042343,250214833.66274998,250273661.2976873,251228162.4997231
6287,251386058.48339844,250822882.2297362,250790192.3752408,250829433.00404295,252190666.08680624
6288,250447541.9243164,250714305.5269199,250668216.94711503,250691653.7800276,251386058.4835184
6289,254585096.99487305,250419274.8185962,250396793.13422805,250402093.8324909,250447541.92433447
6290,251368889.17822266,251927090.1500712,251899482.60997576,251940168.65924525,254585096.9949152
6291,253196657.01660156,251111719.53618422,251027274.7088638,251040920.24920854,251368889.1782549
6292,255443523.4321289,251715113.6649378,251686721.2346033,251696330.0488512,253196657.01664507
6293,252136302.78125,252701185.16399175,252625731.87735644,252662960.86208883,255443523.4320781
6294,253041956.8425293,251758108.1071693,251663479.16131335,251662314.98007795,252136302.78117037
6295,255574045.92993164,252013906.61300024,251982153.00604102,251973498.56154832,253041956.84262413
6296,251882828.66015625,253019835.40797234,252957161.76585826,252979735.52559093,255574045.9300041
6297,251322166.11083984,251909988.9880728,251823556.1733107,251809540.20865574,251882828.660262
6298,251495791.16748047,251564970.25115287,251556558.64874402,251523027.80666858,251322166.11074817
6299,251492809.05908203,251509253.57864338,251507677.28618988,251488861.72185576,251495791.16756195
6300,249838104.27026367,251458827.33850518,251454007.84000966,251441178.290903,251492809.0589601
6301,251452021.02124023,250792196.80472478,250795453.52535987,250770883.5199543,249838104.27032223
6302,245761720.8618164,251220349.5122147,251244535.2887495,251236234.1008955,251452021.0213532
6303,245735090.75219727,249133359.80455223,249156275.833331,249107617.052075,245761720.861844
6304,246789287.6381836,248633516.3944312,248762623.1132574,248710466.62591845,245735090.75228775
6305,247225495.17773438,248752086.35294333,248866957.81484503,248852354.84098402,246789287.6382148
6306,253002024.5078125,248826752.86954707,248915564.5388182,248915103.66946638,247225495.17770767
6307,249420882.71606445,250930254.04838178,250975626.349022,251027717.80406407,253002024.5079277
6308,252473953.74536133,250032416.38174075,249987361.30762577,250008379.04337633,249420882.7161574
6309,254743595.23632812,251086265.9344226,251095648.6900959,251116393.44920966,252473953.74541885
6310,250985706.14282227,252183410.40399468,252120965.45844615,252169467.40229076,254743595.23633572
6311,253727412.58520508,251104478.95683065,251025201.77360508,251026267.8053261,250985706.1427256
6312,252972782.40942383,251987510.63152266,251967729.64589694,251977376.32527637,253727412.5853201
6313,246747028.14672852,251880491.52558646,251811630.73059148,251826121.4245929,252972782.40947345
6314,253250665.78198242,249617725.25456837,249602674.57378492,249549973.64009145,246747028.14678857
6315,256139373.50463867,251570670.6408699,251636774.5431698,251640599.06342214,253250665.78208956
6316,249245060.17919922,252961762.0310585,252884389.14197242,252942090.43133593,256139373.5047068
6317,250457835.06396484,250790052.5319487,250704419.23187825,250678754.5006401,249245060.1791861
6318,252659986.0871582,250856245.2212096,250895696.65644786,250862382.99196133,250457835.0639749
6319,248994799.0432129,251605512.7814116,251604913.70148125,251616762.43335974,252659986.0871365
6320,244408752.88354492,250366417.4638711,250345429.77191532,250325985.1496237,248994799.04330015
6321,247085257.29077148,248433867.9742847,248509245.7275893,248440126.2410757,244408752.8835771
6322,249447564.00878906,248915089.8559424,249056651.8937134,249027081.4469153,247085257.29083613
6323,247680619.88354492,249712311.96155378,249782538.76642722,249802173.56335777,249447564.00869027
6324,249977930.61523438,249164388.6122044,249199043.47219902,249201982.440247,247680619.883552
6325,251830615.21411133,249888715.80851093,249941856.9390976,249957199.17005298,249977930.61514583
6326,252076185.49169922,250710941.85852906,250707669.67994916,250745983.01740378,251830615.21410677
6327,255427265.4338379,251015330.55466652,250978039.20998695,251009328.655436,252076185.49170277
6328,250595034.2590332,252400375.15270996,252341852.20068917,252390720.8018472,255427265.4338056
6329,250383190.2902832,251002831.09829763,250912028.51363552,250910882.7836227,250595034.25901768
6330,246599396.12890625,250747257.9987009,250755156.29206365,250731345.79573745,250383190.290283
6331,248399693.03808594,249251233.30943272,249281095.5756254,249239137.38978317,246599396.1290005
6332,246274766.73095703,249580244.3740301,249672549.72255966,249649747.44383875,248399693.0379972
6333,251940576.9663086,248728496.54382315,248793271.76377296,248773065.56575778,246274766.7310177
6334,255502230.88330078,250596412.05727187,250668355.1298565,250697561.71251905,251940576.96624625
6335,248764172.6135254,252262835.0391523,252204344.40201005,252276809.41686994,255502230.8833004
6336,252796802.34838867,250232752.86533278,250150554.56081998,250139920.43400773,248764172.61355072
6337,253849192.94750977,251437152.77910483,251464296.34374782,251464794.47828707,252796802.3483309
6338,250267561.06762695,252024578.5181752,251964789.4700882,251997499.92889637,253849192.9474567
6339,250553108.41479492,250902122.19898224,250848567.32343715,250834460.4490145,250267561.0675833
6340,248330303.76367188,250822201.93513379,250836650.69895458,250816260.47877267,250553108.41478512
6341,249572808.1220703,249913532.69552046,249931498.89754516,249905627.14867955,248330303.76355964
6342,250905399.27148438,250145905.75539178,250198173.81852362,250185788.21194097,249572808.12216595
6343,253225465.49243164,250615889.80415225,250634138.28128064,250646492.60533655,250905399.2714044
6344,256700348.90942383,251545708.97990784,251524962.99358994,251557199.02723476,253225465.49238545
6345,248192084.89746094,253082659.87764192,252999957.33769628,253056620.84776604,256700348.9094177
6346,248194148.98364258,250354156.74460238,250258086.7002576,250226025.51633734,248192084.89742777
6347,252342152.08374023,249871019.59812808,249939745.7805931,249886301.70056093,248194148.98374453
6348,250924860.25976562,251174311.14643162,251211620.99834347,251228227.4313156,252342152.0836364
6349,251430099.65551758,250867475.3019755,250835319.42167923,250848167.3615134,250924860.25971448
6350,249124440.05371094,251021357.0799384,251015229.23431537,251017931.6985658,251430099.65553483
6351,254071764.27856445,250217154.73022166,250213735.6688562,250198432.98864874,249124440.0537935
6352,250942885.3112793,251902019.6119623,251915614.2624228,251940592.1972128,254071764.2786713
6353,254496825.05981445,251088455.55552104,251025105.67262465,251031837.08519328,250942885.31127587
6354,252138564.68701172,252343876.00447473,252326242.05912635,252342253.75348273,254496825.05969667
6355,252849555.1694336,251728488.5775851,251654802.81302795,251658721.76376697,252138564.68712312
6356,253406737.45263672,251958276.50538534,251930448.18180352,251923749.02465045,252849555.169435
6357,252773421.28173828,252220214.2607112,252175513.63024905,252179709.24078888,253406737.45270124
6358,247223357.72851562,252052514.19459477,252002008.40667796,251997990.08998173,252773421.2816349
6359,247729308.03564453,249990906.11887753,249985379.42837387,249928761.74119353,247223357.7284624
6360,247314492.9309082,249691300.59594804,249786315.942746,249736907.06801933,247729308.03553936
6361,247708301.6159668,249300495.62430927,249379630.24903178,249355125.01067117,247314492.93084732
6362,251919809.80664062,249288834.59805015,249371781.1221905,249357859.92482287,247708301.61586943
6363,250300944.2001953,250757322.06805336,250805541.90198103,250836991.19630808,251919809.8066172
6364,249869852.6237793,250410656.55703172,250385235.4274096,250405779.6365933,250300944.2002958
6365,250096982.8076172,250258047.85409814,250268492.922315,250266712.34307975,249869852.62389132
6366,256754767.37231445,250313485.80865535,250329474.22317192,250332395.59796122,250096982.80757585
6367,251260603.73828125,252781695.89911303,252755595.37750506,252819151.3501744,256754767.37229383
6368,252318792.4230957,251313937.91511217,251194823.1944379,251208213.01425818,251260603.738172
6369,249951736.97607422,251582621.77204877,251570092.49706352,251558473.75731543,252318792.42302328
6370,254282915.29418945,250758877.47927415,250737671.36617488,250719651.3032818,249951736.9760706
6371,255749245.13232422,252199466.0575114,252200740.41054654,252217426.5567666,254282915.29427865
6372,251129223.7849121,253052562.75921893,252963571.73045248,253002658.48912728,255749245.132266
6373,253082555.59472656,251625232.74494225,251540951.41916773,251520356.77992472,251129223.78500932
6374,252738245.58325195,252125874.70668864,252120086.282504,252104096.8978709,253082555.5947804
6375,252297033.53295898,252069251.7158286,252026730.003896,252024308.5970389,252738245.58313844
6376,253404579.36791992,251888727.99602774,251856882.75761765,251845943.61860436,252297033.5330665
6377,259173934.24243164,252274951.01872465,252245722.35964647,252245120.89405513,253404579.3678752
6378,250761087.8540039,254509771.33060148,254427496.5734993,254479124.95515227,259173934.2424444
6379,251218903.71801758,251952429.92850265,251813488.02213007,251784096.57086235,250761087.85396808
6380,250407010.80029297,251717434.80303928,251741148.74506685,251685271.93288654,251218903.71811333
6381,258320008.44018555,251291242.9762519,251305109.66808072,251271600.26190567,250407010.80020243
6382,253757689.63427734,254082431.4588279,254068375.5378316,254109763.9179145,258320008.440086
6383,254728000.90844727,252949662.5287802,252810146.83295628,252818944.89520285,253757689.6342007
6384,252296511.56323242,253252240.1514486,253202389.71705243,253183434.32046402,254728000.90834245
6385,256503639.32861328,252415478.35379618,252358811.77343524,252329447.01712868,252296511.5631177
6386,248272977.21484375,253807397.77080804,253774697.87388706,253778803.3228253,256503639.32869187
6387,254032035.33154297,251032948.80642906,250966685.3304885,250908446.42209113,248272977.2148232
6388,254509748.86157227,252618405.2059315,252678153.9216461,252653606.1195322,254032035.331662
6389,254451630.3972168,253018658.74000874,252959903.27346995,252973793.8289534,254509748.8616784
6390,248172024.86572266,253142814.67675838,253081195.68003228,253076152.4414111,254451630.39731145
6391,249131717.36450195,250882956.1625663,250858153.12107715,250792169.76537952,248172024.8658221
6392,249895506.8881836,250737949.30170342,250826174.11168814,250767409.2293926,249131717.36454752
6393,252255026.20263672,250796851.08932465,250853328.61527482,250832615.8219231,249895506.88809687
6394,255116966.90942383,251621799.78706458,251649047.3284756,251654199.09628633,252255026.20270345
6395,250227728.0732422,252853705.6302604,252819947.8094509,252850372.00677258,255116966.9095452
6396,255004255.30273438,251341817.24272537,251283129.46866986,251260456.91741747,250227728.07320327
6397,254348934.1604004,252874658.01810125,252884301.17234278,252886752.6705502,255004255.30279428
6398,251731588.5649414,252923680.14673042,252843152.61662987,252856793.19992214,254348934.16029355
6399,251122035.85253906,252068151.91357437,252021843.70462132,251992297.34964016,251731588.5648459
6400,256414461.4963379,251670476.01311693,251675905.80729434,251639260.09722376,251122035.8525252
6401,251477879.37329102,253524478.6307259,253510492.15469798,253530645.35201347,256414461.49643975
6402,251678314.7067871,252059457.36722362,251973095.37837902,251955717.76757634,251477879.3733585
6403,249786205.49316406,251912490.32398248,251922972.0578681,251884393.14208537,251678314.70673355
6404,251979497.97314453,251115521.83734116,251128111.25006077,251090455.60978878,249786205.49328023
6405,252685726.09936523,251703032.1273119,251738503.15321553,251724129.3464392,251979497.9730568
6406,256107066.4272461,252011749.96664348,251998003.34798262,252001914.0330917,252685726.09940657
6407,255599116.19628906,253383452.946921,253339299.52765024,253366180.91015008,256107066.4272038
6408,247551153.23364258,253549462.07465175,253445748.74968004,253462323.64307374,255599116.19632384
6409,251539172.05493164,250717426.28876305,250673907.29611418,250599940.25891116,247551153.2335849
6410,248489403.07373047,251627031.05841324,251713795.3702272,251670476.73645538,251539172.0549187
6411,253523490.45507812,250517119.5040691,250537957.9205311,250504346.7165256,248489403.07376325
6412,249975380.35888672,252122020.45921242,252173867.52746668,252176736.3237825,253523490.45513803
6413,251817965.09960938,251084370.73434493,251056375.75976604,251042873.22019202,249975380.3589701
6414,252857485.125,251610963.48925933,251644260.52818358,251627567.8402908,251817965.09959623
6415,253667025.79541016,252037069.05562827,252024233.6674632,252030149.91547468,252857485.1249723
6416,250200933.30200195,252461826.3698328,252427230.87661242,252433793.9291306,253667025.7953592
6417,252856135.0012207,251302294.49974772,251272657.41348165,251242180.51745972,250200933.30202508
6418,251737092.04882812,252087749.62822995,252110154.57197845,252096235.13947245,252856135.00129783
6419,252215536.71557617,251783691.30656698,251759796.3395847,251750331.8028579,251737092.0487556
6420,251412123.2314453,251901289.35016087,251897060.7514482,251883565.5725458,252215536.71561468
6421,252103673.80371094,251632752.93839496,251623267.15087083,251605817.76573434,251412123.23145735
6422,252843243.7861328,251828885.9229622,251830952.57540128,251817974.28431678,252103673.80375737
6423,256748631.9987793,252132067.9820138,252115947.8754266,252112825.2689233,252843243.78625205
6424,253562412.14868164,253670795.7650241,253619350.7844944,253647878.7964253,256748631.99882025
6425,252446513.75732422,252876676.02911526,252772980.43158072,252768525.27454546,253562412.14864075
6426,251327651.2541504,252365419.98119795,252331406.42160875,252297388.15808198,252446513.75739524
6427,251076948.23876953,251853447.25829396,251845773.8705873,251809224.78145868,251327651.25412515
6428,254951258.97436523,251619429.86778402,251633255.67034873,251600388.88639262,251076948.23881137
6429,251904664.59033203,252982030.9522227,252978752.00274557,252987075.64357436,254951258.97440448
6430,253005984.6677246,252090845.5004499,252029818.52602962,252016473.01667935,251904664.5903327
6431,256066602.34155273,252376309.7059154,252370013.12921113,252349827.5315583,253005984.6678269
6432,252645768.76416016,253546150.68056756,253498425.996108,253515294.551499,256066602.3415588
6433,253952569.16503906,252567708.76578492,252485195.86989507,252467843.30753672,252645768.76410228
6434,248196309.78344727,252892449.3951695,252868717.1201564,252847935.86416966,253952569.16497785
6435,247567072.59399414,250830938.16739503,250814010.62073702,250752735.47290182,248196309.783546
6436,248379277.67358398,250118955.3620087,250214155.86701405,250144628.51308733,247567072.59410903
6437,247526768.75878906,250093746.89242768,250188317.40345964,250155078.964443,248379277.6736582
6438,251152095.0427246,249619393.81630287,249698099.43587983,249671466.5162826,247526768.75872475
6439,249703954.46020508,250802330.82646227,250873782.85367644,250882252.4784751,251152095.04274932
6440,247776158.86010742,250463101.06590402,250470967.65468943,250473751.78421366,249703954.46016845
6441,250002500.34765625,249709227.5804281,249756677.72102088,249728541.01601672,247776158.85999784
6442,254325476.0571289,250341869.47337833,250410461.26789883,250406089.1947247,250002500.34758937
6443,251795758.67333984,252007975.89686045,252005926.16733888,252050329.6354072,254325476.0571808
6444,251376899.30639648,251482946.31903654,251416565.268626,251430597.34515947,251795758.67332643
6445,253641260.77026367,251313463.117192,251301349.67601132,251289460.60174105,251376899.3063968
6446,250078676.04174805,252127367.37352952,252108807.69400895,252121254.69645357,253641260.77032143
6447,250287960.33911133,250997528.72723842,250957184.99209455,250939164.88895404,250078676.04167312
6448,249956779.38012695,250889082.8279483,250918407.58229256,250891212.05174083,250287960.3392121
6449,244699352.3166504,250659691.34094617,250682311.5743809,250667027.82292992,249956779.38011977
6450,246814739.0678711,248619909.59989536,248677984.31389573,248619461.0024293,244699352.31666297
6451,249099583.11669922,248890525.94889012,249032168.97827956,248997022.42760837,246814739.0678796
6452,248874288.67041016,249638885.22089767,249720061.10107577,249732992.3263885,249099583.1168011
6453,250406348.34350586,249653735.4561232,249691588.68286908,249702849.2885831,248874288.670344
6454,250305113.7109375,250235430.74570835,250268471.578136,250285558.59791917,250406348.34355024
6455,245191593.84179688,250306874.24607107,250310266.42677975,250326721.57430315,250305113.71084595
6456,243699697.43066406,248426085.18711185,248459342.28264216,248424055.36945853,245191593.84173235
6457,250118003.64331055,247473455.17072308,247611194.2286931,247560806.2631007,243699697.43065396
6458,252453242.1904297,249495690.79901576,249617225.19469526,249648253.30710918,250118003.6432052
6459,251336599.0246582,250716066.2358581,250701307.43608838,250767472.2415867,252453242.19045687
6460,253962080.97265625,250641364.28177914,250593018.2632951,250625294.2072773,251336599.0247576
6461,249535785.18847656,251733605.83030668,251694946.2892648,251731739.45663527,253962080.9725593
6462,250866200.03393555,250393300.9664948,250331902.50351277,250326800.67439836,249535785.18840915
6463,251000561.58496094,250685616.1256874,250704974.4156946,250695916.06401372,250866200.03389817
6464,249092734.3701172,250752334.93573812,250742428.3798148,250750083.84159833,251000561.5848695
6465,247829290.12548828,250080487.13734683,250081651.89948308,250068859.28685123,249092734.3702306
6466,250244616.9086914,249455605.7070554,249499354.2375983,249474911.63287687,247829290.12542808
6467,250478114.13378906,250166347.1513055,250217879.47886738,250223829.77058223,250244616.9088044
6468,250654622.64160156,250348059.46018663,250350568.93043664,250367709.97946733,250478114.13382533
6469,249766547.22705078,250477991.27818337,250476746.30145934,250487211.82212272,250654622.6415476
6470,246812594.07617188,250196897.83814862,250197021.8094712,250196763.37475786,249766547.22696003
6471,251134770.92138672,249049489.50466982,249083625.76674145,249055456.73434716,246812594.0762384
6472,252713466.86499023,250352177.49311376,250414925.87267995,250429618.5239833,251134770.92134416
6473,250509812.66748047,251148505.6987459,251117460.81865832,251161580.36717704,252713466.8650988
6474,250863365.12451172,250564749.1969107,250520406.0337172,250529115.60321385,250509812.6673993
6475,254332262.2993164,250646425.62259722,250643293.4691658,250643189.6788491,250863365.12447453
6476,252148216.26367188,251967053.54882723,251937813.5406023,251973367.0740613,254332262.29922277
6477,247940233.71728516,251455392.64901805,251374428.54331958,251389415.92709848,252148216.26355296
6478,249985728.87060547,249881244.733712,249869607.02756366,249829945.2307541,247940233.71732327
6479,253554269.01513672,250292041.63724625,250347028.27748364,250330476.92421684,249985728.870508
6480,247973639.3959961,251590543.88093373,251581839.40431696,251618285.8915127,253554269.01511052
6481,250362271.16674805,249798122.01983514,249755822.89102376,249740228.71371865,247973639.3961093
6482,246797910.15698242,250334996.6829843,250385797.0475421,250375705.50922352,250362271.166694
6483,249529286.3413086,249050997.62161282,249071530.5987455,249051783.4960731,246797910.156969
6484,249216353.3425293,249775736.86593655,249849597.14092013,249848418.66377988,249529286.34125143
6485,248599924.11889648,249729196.81493697,249748199.18956608,249761497.96759686,249216353.3424791
6486,250168210.09326172,249503224.2664017,249533650.3717702,249533846.21309683,248599924.118892
6487,250665691.125,250013693.9388687,250045099.99798572,250060280.54724282,250168210.09327036
6488,248744300.42236328,250292534.2049211,250290278.17792928,250312788.34149104,250665691.12504384
6489,248153996.32666016,249679906.9793678,249680680.7770936,249679200.7156381,248744300.42225772
6490,254467149.54052734,249351332.25327092,249392522.40620154,249381658.42945364,248153996.32660592
6491,251941751.42114258,251572851.52604118,251586711.5573336,251639765.92350963,254467149.5404282
6492,248656456.90771484,251110824.3977057,251019810.89700812,251055187.75945204,251941751.4212109
6493,250959371.82714844,249927886.6171726,249910260.29872406,249887920.18977192,248656456.9076263
6494,250167634.41796875,250527465.24024424,250556398.25871006,250558303.61337394,250959371.8270853
6495,248496883.83374023,250312639.19517964,250300721.8624165,250310361.84873575,250167634.41794047
6496,252864673.30786133,249654851.54206422,249669776.6162618,249658315.62173054,248496883.83381635
6497,249490992.38208008,251111834.25343454,251131643.1669185,251161648.01322338,252864673.30776304
6498,249284255.7824707,250169286.09017727,250125510.21135548,250133241.6974378,249490992.38208053
6499,247992204.65673828,249966755.76063046,249992505.73589596,249979697.7025654,249284255.78254065
6500,244199885.53466797,249403271.0759921,249436783.807177,249423871.2753885,247992204.6567917
6501,243644518.21289062,247830413.81634313,247908850.34029853,247866602.00762546,244199885.5346028
6502,250896569.40698242,247185203.6150138,247334411.37376067,247297155.7767252,243644518.2128609
6503,251864761.17895508,249568420.08201024,249679462.72698689,249729410.03852755,250896569.4070139
6504,246325631.66503906,250373318.05600506,250339209.60502204,250408065.81191665,251864761.17888287
6505,247260625.86938477,248633849.08872136,248619698.8680215,248609121.43594483,246325631.6650913
6506,246852680.84887695,248669992.2125669,248755571.65336174,248740768.9327692,247260625.86935583
6507,252078584.56347656,248427554.901776,248491760.778754,248495090.69276887,246852680.84890231
6508,251815930.5114746,250280808.60793576,250323624.82393685,250374458.83627367,252078584.5634964
6509,251324174.5378418,250554570.40409702,250498477.0024573,250551144.84016737,251815930.51152685
6510,252286399.9819336,250562784.94711408,250520488.58135805,250544318.37947077,251324174.5379164
6511,252718977.19140625,250998594.79561588,250961948.66876554,250987428.50856256,252286399.9819019
6512,253373072.97460938,251301854.86113295,251246847.69628254,251273648.641737,252718977.19136
6513,254568117.60888672,251685414.53797287,251622117.86140016,251646956.89118725,253373072.97465575
6514,250945724.06689453,252298390.90621775,252220051.32681596,252248708.4730582,254568117.6087792
6515,251691467.8779297,251160032.78764033,251083439.17713428,251073157.09453842,250945724.0668935
6516,254869703.4399414,251260286.03722876,251251327.51664782,251238327.98745462,251691467.87782937
6517,250307731.59326172,252433675.8167048,252391517.14935637,252419568.45831844,254869703.4400429
6518,249175727.4970703,251009919.10042158,250935636.52479696,250922282.3655948,250307731.59328783
6519,248835872.1328125,250371904.13006628,250394510.39575535,250355368.20253894,249175727.49695408
6520,250123352.8671875,250033175.07946372,250075029.67791614,250050459.26149166,248835872.13278225
6521,249083084.0041504,250348355.2554436,250386792.69007125,250384378.1911923,250123352.8672301
6522,249390872.9951172,249975679.14502916,249993396.3530691,249988432.43128058,249083084.00419992
6523,251765370.7939453,249996088.7240987,250031528.63045245,250026935.7787911,249390872.99509448
6524,250902470.39672852,250826387.58922935,250839806.96354225,250862375.54286772,251765370.79391345
6525,254000996.52416992,250668934.2232276,250641402.83006594,250657095.7692421,250902470.396637
6526,252195068.65063477,251855037.98779422,251828836.51778227,251860348.92587712,254000996.5241661
6527,252091110.80371094,251477393.83832172,251404423.8760403,251420094.64082125,252195068.65065524
6528,254558316.2590332,251425251.16260153,251390156.90380338,251389505.5786824,252091110.80367348
6529,255075765.4248047,252373439.03261498,252327507.9031953,252350829.05738705,254558316.25901645
6530,255438525.22338867,252797538.85018486,252703946.0938692,252731019.4123178,255075765.4249237
6531,256032002.29785156,253139538.5399763,253039995.2165834,253056161.3743207,255438525.22333965
6532,253330816.0126953,253523703.14479637,253417883.11978254,253430905.93836007,256032002.2978249
6533,249118476.18066406,252687737.89187104,252589929.53487092,252572242.8160667,253330816.0125989
6534,252616882.91601562,251008832.2090786,250989234.86669576,250927633.97230008,249118476.18073624
6535,250946568.74121094,251903285.1575748,251941891.294818,251921356.81747863,252616882.915946
6536,255069128.86621094,251358953.10733297,251336903.66227156,251324665.76506156,250946568.7410948
6537,252096379.41308594,252784844.6738644,252772933.16929063,252787984.28213826,255069128.86612737
6538,248464536.19335938,251990665.1961113,251917291.09943762,251912626.97900257,252096379.4131103
6539,253035142.6220703,250514043.09311426,250520477.91428554,250466964.6848446,248464536.19340265
6540,249948157.6669922,251844998.08505937,251889896.24792123,251886703.73631066,253035142.62213868
6541,251440326.16992188,250901963.77468362,250875000.3576798,250863935.04339105,249948157.6669332
6542,254470074.34814453,251273651.36690012,251299330.33532354,251286786.0873386,251440326.1700236
6543,253865865.89501953,252433363.6888343,252409487.20566875,252435618.59969124,254470074.3480917
6544,251422849.8659668,252495601.54332167,252420938.4664798,252436972.5320691,253865865.8950262
6545,251081216.12548828,251666938.1464543,251620254.7511477,251599929.753337,251422849.8659977
6546,254409982.86865234,251396717.06025904,251398533.95992932,251372967.8460791,251081216.12552896
6547,253261904.16430664,252538930.99436536,252527196.55330423,252540729.32721955,254409982.8687313
6548,252666439.54882812,252346967.1602443,252279458.4907105,252286486.6936956,253261904.16426745
6549,249738483.49804688,252174999.30251348,252136538.65146273,252122675.1774425,252666439.5488915
6550,254038690.99365234,251097622.29991236,251088283.36032367,251048520.9849506,249738483.49802396
6551,249325101.69433594,252437248.69734538,252459015.25147945,252459659.0693862,254038690.99354503
6552,250683202.86376953,250896916.92126632,250860677.42196167,250834991.85879612,249325101.6944341
6553,246728849.24536133,251124288.62284166,251173159.31460395,251143128.21963546,250683202.8637664
6554,251069569.125,249623133.27937624,249663059.45646548,249617040.98377573,246728849.24541903
6555,249267468.39233398,250881169.09195015,250971487.41154057,250962557.4797154,251069569.12491205
6556,252677629.10961914,250358567.69726872,250371075.4316196,250367429.9240896,249267468.392316
6557,253720216.44067383,251525803.74053198,251554793.7536643,251567899.60990927,252677629.10965303
6558,251709834.63305664,252153011.53506973,252109367.5962258,252137642.67573184,253720216.44074535
6559,257576539.4638672,251615379.3289742,251567116.101369,251562274.24863717,251709834.6331732
6560,255177787.82641602,253752587.08182004,253711031.25674048,253747871.17955095,257576539.4638147
6561,253260988.859375,253358113.53968623,253220786.40878847,253240823.17809123,255177787.82636836
6562,254265344.8173828,252706046.7987043,252632374.87413397,252606976.76688465,253260988.85928425
6563,254996279.97216797,252996889.15911022,252954073.91303894,252938841.25874695,254265344.8173305
6564,252129557.9794922,253335300.31400013,253271061.84349933,253268911.4240826,254996279.9720916
6565,251049018.75756836,252352386.09047928,252292310.22747838,252261976.84748754,252129557.97955877
6566,252109424.44555664,251770596.27251816,251772193.40727144,251727704.0546711,251049018.75751603
6567,252230367.51660156,251990440.27705348,252004017.8101935,251980812.96375087,252109424.44556168
6568,255031388.72070312,252034072.34041822,252026116.56292224,252012469.7668416,252230367.51665223
6569,250713040.5991211,253074534.0623,253048813.73071763,253058270.2146218,255031388.72061023
6570,250407853.23095703,251712155.5160378,251658337.48501116,251628977.79110712,250713040.59920475
6571,254971557.81201172,251363641.9373463,251396005.16150087,251350176.5734946,250407853.230864
6572,245832184.23999023,252911648.00613332,252919247.93492568,252930381.04057083,254971557.81199676
6573,249940565.34814453,249818329.78160605,249791618.77050653,249727986.95357937,245832184.2400692
6574,254932120.70092773,250695635.19083628,250819494.6576012,250774421.77632377,249940565.34823176
6575,252973717.6394043,252565952.38848647,252573643.2253368,252611974.17962337,254932120.70089796
6576,248918251.20263672,252249740.1462203,252177696.33853504,252190215.9654425,252973717.63939008
6577,250384939.11767578,250773024.8455168,250764246.16242504,250717520.01659057,248918251.20273095
6578,251398109.04248047,250993143.48253208,251049934.22540638,251018786.7818361,250384939.11773184
6579,246986360.0222168,251316248.32232016,251335275.87333223,251332566.71647093,251398109.04252955
6580,248348527.81835938,249698246.39983472,249722585.7314952,249681130.79292017,246986360.02215156
6581,247166822.21557617,249821720.65409544,249919004.74685618,249887178.23368642,248348527.81834888
6582,248219269.61132812,249302376.6581097,249375001.31596678,249353792.83108333,247166822.2154558
6583,247493011.56323242,249504710.31766257,249591114.52813533,249580829.96315634,248219269.61137345
6584,251461095.97827148,249210411.23007905,249277436.6984142,249269545.1457339,247493011.56320325
6585,254083365.75512695,250563856.55491638,250619904.2080718,250646784.8294028,251461095.9781512
6586,255667882.62182617,251805475.21916938,251769142.0189451,251823419.71500593,254083365.7551002
6587,252951788.04589844,252782969.06810108,252694047.17163238,252743146.85536695,255667882.6218849
6588,251304248.72338867,252113942.4744589,252014880.36689,252020884.32129735,252951788.0457852
6589,251063266.45947266,251495709.7231221,251462098.54271498,251436938.0070713,251304248.7233952
6590,258167299.41845703,251293079.56797963,251292392.07221448,251270445.27588695,251063266.45938587
6591,256159784.55371094,253858140.71884218,253821880.23519686,253870330.75664976,258167299.41848552
6592,255951999.60766602,253684246.89183086,253527090.02726218,253560332.11138326,256159784.553618
6593,251457090.4790039,253763991.82552218,253655196.71998334,253652017.80155253,255951999.60763693
6594,256327771.78295898,252204972.7719117,252127751.59153247,252082438.88185087,251457090.4789161
6595,259753734.8552246,253705231.4900711,253687510.71292523,253682592.62928677,256327771.7830633
6596,256014207.68115234,255256514.9653758,255126111.82471067,255170396.16686013,259753734.85514048
6597,252787910.3894043,254311521.30552974,254144489.31159434,254136732.59714887,256014207.6811689
6598,252983996.04223633,253073052.47509086,253001959.6507757,252942953.16159642,252787910.38933375
6599,253854086.85791016,252857805.76574284,252844412.8554109,252796946.83301562,252983996.0422796
6600,252376705.53588867,253075872.7363884,253053015.7708969,253029130.84231314,253854086.85795027
6601,249104598.46020508,252529667.02669656,252498118.465522,252465735.5956185,252376705.53598583
6602,250602354.32739258,251204989.50092277,251220917.96907195,251157632.45917168,249104598.46025696
6603,247933896.02197266,251402090.22270343,251467589.03804812,251425644.9072076,250602354.3273441
6604,246972673.2241211,250342851.78047016,250390357.42001554,250343898.61583996,247933896.02208844
6605,248305273.16357422,249677393.5603006,249778515.7051594,249724810.68277872,246972673.2241816
6606,249457336.06591797,249889506.82168204,249993337.13939777,249968235.7239535,248305273.1635717
6607,248854774.81420898,250261283.68215808,250329352.1369351,250326082.30971998,249457336.06591785
6608,253058412.0595703,250038744.19497928,250085008.27448007,250077506.80265176,248854774.8142837
6609,249668993.76757812,251529328.58434957,251560745.0290186,251587366.92155683,253058412.0595304
6610,248002745.39941406,250583127.3452567,250552666.3471644,250551999.97353774,249668993.7676547
6611,250422320.20898438,249822659.49049845,249868541.6948298,249834425.71840572,248002745.39953443
6612,255167190.50927734,250496708.3987148,250555546.19266778,250554239.35558158,250422320.2088788
6613,247927012.6899414,252350352.80353016,252334616.29630893,252385260.06667855,255167190.5093645
6614,253727957.5209961,250104793.82832325,250043085.57324812,250021520.83844766,247927012.68989092
6615,255051770.78320312,251881283.14942938,251927271.39417127,251932286.5963889,253727957.52092952
6616,255098881.01293945,252693210.0580252,252617604.59798402,252660292.7859847,255051770.78328505
6617,254630754.11157227,252972489.93687725,252878252.07982036,252899453.24071485,255098881.01300475
6618,255764498.02319336,252979782.5993975,252890560.7657564,252894428.46950284,254630754.11151025
6619,250668060.92578125,253498031.80478105,253416212.55527118,253422672.02185252,255764498.0232044
6620,248490536.99609375,251741088.36591864,251667629.80680433,251627584.1018602,250668060.9257155
6621,248015013.11645508,250627201.3577585,250665539.29527122,250597912.86182252,248490536.9961698
6622,249630829.47094727,250107116.0133045,250184814.5138388,250135157.51302585,248015013.1163491
6623,251669370.77954102,250439290.4691584,250512116.81153953,250495518.58679277,249630829.471068
6624,245767719.16992188,251160059.4870648,251186556.14627996,251198930.19435275,251669370.7794302
6625,247707227.29614258,249107164.95373365,249127794.0954658,249086053.88655922,245767719.1699777
6626,246761163.57885742,249375453.97483885,249495845.16947374,249463307.96042383,247707227.2962232
6627,251139157.42138672,248921743.8115719,249001938.14057866,248988720.53804508,246761163.57892352
6628,252116784.77416992,250403941.43241772,250476877.2797744,250501538.09024653,251139157.42132032
6629,249236462.8947754,251044022.61024806,251026001.85086027,251065802.7936744,252116784.7740489
6630,251288624.9453125,250200184.9147105,250184290.43188956,250179443.9111003,249236462.8947244
6631,247292069.68847656,250847156.4811985,250874984.17383865,250877522.5224829,251288624.94519216
6632,254938909.55371094,249498987.46080625,249509548.21690324,249485224.39775446,247292069.68859303
6633,255069239.51464844,252069010.17135316,252113683.4313329,252148652.67573225,254938909.5536608
6634,252334473.34814453,252626648.40168065,252523719.16285667,252576560.7051485,255069239.51466703
6635,251253894.72998047,251875108.61254704,251793540.01795593,251789792.44122663,252334473.3480335
6636,250193931.77856445,251413294.55074722,251391455.81413883,251367199.4328047,251253894.73000637
6637,257236031.32885742,250927298.16825882,250931090.92385843,250903959.6933797,250193931.77848816
6638,252082367.01293945,253436170.5351014,253421519.58063227,253461462.4223893,257236031.3289601
6639,249188826.8630371,252034659.75749856,251915823.70116162,251917560.02174848,252082367.01302484
6640,245269488.50097656,250790661.19161308,250792723.45045394,250737581.00904518,249188826.8629928
6641,249514583.51586914,249001906.01591492,249074548.4602296,249000935.12153253,245269488.5009696
6642,246890774.51513672,250085683.1897895,250204382.57700112,250185412.60453144,249514583.51581097
6643,251583429.8137207,249165789.0827928,249212554.96478328,249197504.6668395,246890774.51508728
6644,249820939.29370117,250648341.81211948,250716931.7078212,250735329.5835684,251583429.81374973
6645,248685600.2109375,250235832.62043837,250220035.27927306,250236289.76623425,249820939.29361144
6646,252502809.06933594,249779624.82687542,249806237.44870475,249794483.52985665,248685600.21093708
6647,249240113.15039062,251084577.30783635,251108401.430624,251134635.28597155,252502809.06936315
6648,252652499.14404297,250122369.7576897,250091525.83633903,250095167.91427672,249240113.1503175
6649,253700967.1826172,251238496.07038078,251252611.86981225,251270240.41671947,252652499.143941
6650,248096940.36547852,251866864.700562,251809240.7438667,251846238.56094527,253700967.1826136
6651,250906677.82080078,249989624.79330787,249948380.1295492,249921317.88157097,248096940.3655981
6652,249087429.8569336,250688563.95286116,250738789.07169718,250726754.2110451,250906677.8209217
6653,253079664.29125977,250090687.52765146,250094204.70606342,250088410.65571687,249087429.8568724
6654,251733416.01391602,251454619.79736733,251472786.90886468,251494587.84602252,253079664.29119465
6655,251069502.95629883,251230979.58061272,251179511.91996568,251196989.91512197,251733416.01389256
6656,248837789.7578125,251025642.07179183,251008643.09208557,251002594.87953827,251069502.95638943
6657,251562931.87182617,250149172.8640452,250156040.04500106,250132203.60631236,248837789.75771657
6658,250192770.23339844,250962372.82453486,250995451.6261366,250997813.11466983,251562931.8718711
6659,249004676.9116211,250594102.87232313,250581715.17660025,250582794.31024355,250192770.23328504
6660,252978159.06762695,250101079.92428282,250124499.70456463,250105612.1205952,249004676.911547
6661,248652226.72607422,251420929.54812995,251440473.36359897,251462034.4306314,252978159.067663
6662,246152415.2668457,250101630.63675854,250070744.29859123,250059940.80574968,248652226.72614345
6663,247726567.609375,248925834.32562637,248993190.34615988,248944430.43116263,246152415.2667725
6664,247750519.86328125,249155799.5980619,249255075.4640443,249237914.89801726,247726567.6093093
6665,249284374.81958008,249082203.52348533,249146375.08205113,249147602.04612336,247750519.86335528
6666,255242149.65307617,249577690.09673735,249631284.08117604,249646802.1912264,249284374.81963465
6667,253964802.42773438,251850740.16896617,251838816.15700567,251909686.62773898,255242149.6529778
6668,249417887.59326172,251924283.3232817,251809243.9847032,251861769.40313435,253964802.42761937
6669,249695161.61035156,250433469.51096308,250375905.86907512,250356440.09685412,249417887.5931957
6670,251509117.99243164,250292457.7186528,250320271.43053538,250298052.49681053,249695161.610236
6671,247835124.4621582,250879519.9443028,250890156.25609937,250901400.290552,251509117.99232927
6672,250449699.5966797,249597624.69540566,249594477.53162435,249577080.5501697,247835124.46214443
6673,250189746.93579102,250323560.39012238,250376786.7762396,250375155.57959995,250449699.5966183
6674,251186717.05151367,250318338.39559767,250319764.6109281,250331533.11549082,250189746.9356945
6675,251600773.49047852,250721894.55571607,250725557.52684098,250737618.54280722,251186717.05154335
6676,255314055.49682617,250967384.11072904,250949794.06160125,250965394.359301,251600773.4904633
6677,253295669.29516602,252429865.66517064,252384593.673782,252427544.0308988,255314055.4967922
6678,252061779.0793457,252068451.9515211,251967920.26559916,251987711.20055538,253295669.29526392
6679,256184787.72021484,251649483.734439,251598763.0889946,251586842.7963886,252061779.0793776
6680,250581092.23779297,253163186.45800954,253114574.87825552,253139676.34320882,256184787.7201608
6681,248406087.01879883,251410650.83666563,251317402.8268598,251297564.16893253,250581092.23783323
6682,249754788.88623047,250293499.88354567,250322416.9828378,250265077.06149784,248406087.0188323
6683,251769333.75634766,250464121.50522196,250520962.8066236,250497020.56390974,249754788.8861664
6684,251938343.7854004,251145237.43222785,251161635.61222398,251171813.4899167,251769333.75646055
6685,249140687.8100586,251341370.18659574,251319928.4088877,251331760.86956856,251938343.78552127
6686,246986418.2775879,250332666.56657663,250323355.35696256,250304222.8834332,249140687.80995148
6687,249605821.38867188,249310582.72234353,249365232.67099532,249325206.39660615,246986418.2776892
6688,251187635.88867188,249982465.7100595,250058274.03982747,250054347.90722868,249605821.3885717
6689,252283930.41333008,250646032.31933656,250661417.25562418,250685239.10623428,251187635.88874757
6690,255135075.55004883,251196140.440246,251176063.9668546,251202720.90089244,252283930.4132658
6691,254595428.6755371,252448574.48481125,252394409.90596676,252436661.57492775,255135075.5499516
6692,250555661.00390625,252589346.20322078,252487253.26977235,252515673.4100448,254595428.67564324
6693,249658777.1394043,251246309.85647336,251182251.3716052,251156628.3574123,250555661.00401935
6694,254513799.67797852,250689447.37484574,250709191.77886936,250670624.59360725,249658777.13938156
6695,256472167.22045898,252299658.02729502,252305429.9320214,252326128.00227568,254513799.67794764
6696,250915867.77294922,253361307.05952156,253265312.73788413,253311023.21063718,256472167.22044775
6697,251809231.03271484,251626554.44246152,251531300.10397315,251507805.7016258,250915867.7730384
6698,247358435.08325195,251661549.88838145,251667849.1478507,251637335.06658894,251809231.0326583
6699,247081414.2680664,249967937.28939065,249979474.13214752,249929528.1473991,247358435.0831461
6700,246623742.09375,249440902.90455753,249537136.53907675,249486377.72818324,247081414.26811743
6701,249635271.6940918,249018562.923338,249116238.9636956,249085537.12644848,246623742.0936432
6702,249100462.59179688,249912628.51291558,249997428.11721653,250004700.4684812,249635271.6940919
6703,249800534.703125,249819071.5056563,249846118.43595856,249857632.02342424,249100462.5918304
6704,246563983.71704102,250060978.68097785,250093778.65305144,250101995.48205653,249800534.7032013
6705,248626456.68554688,248908446.18541354,248944776.89811876,248925336.00158638,246563983.71707743
6706,251054062.92773438,249401534.1281883,249486026.11868367,249482334.85637814,248626456.68545705
6707,252802101.83032227,250330646.43563816,250357621.79169157,250390670.66021028,251054062.9278139
6708,249512316.28149414,251200092.76544514,251173675.58290195,251216683.55577683,252802101.8303043
6709,253544242.32104492,250215240.1031741,250176288.00197494,250178422.93159693,249512316.2814616
6710,251850359.82714844,251584841.9078595,251587667.02745777,251612099.46157593,253544242.32113525
6711,251139362.1965332,251267799.40191874,251204035.83734235,251222605.38464192,251850359.82706448
6712,248266871.39135742,251032743.14414436,251010855.83326933,251004356.3420917,251139362.196609
6713,249637286.0751953,249944487.94081986,249951926.7867485,249921932.40719697,248266871.3912744
6714,248769276.29174805,250211504.66193497,250265988.5662106,250250730.1036949,249637286.07511255
6715,251458582.5830078,249844727.16791242,249874479.18763998,249867509.21411902,248769276.2917959
6716,252867068.29296875,250723824.99052095,250753791.61719778,250769954.90495878,251458582.58297813
6717,246501395.05541992,251425020.93741715,251394936.32250354,251428219.93725887,252867068.2929869
6718,247819095.38476562,249267416.02840418,249250070.0812096,249215726.5032407,246501395.05535936
6719,249144997.95825195,249313503.6427105,249408627.1823681,249376634.34561697,247819095.38479704
6720,248357541.0625,249706909.97069162,249763689.50515798,249770134.43150234,249144997.958324
6721,248931940.73339844,249444403.02374727,249480314.03238764,249481759.59633845,248357541.0624926
6722,250252044.39648438,249594162.36302736,249641054.20671555,249643982.6106942,248931940.73336327
6723,249701705.40625,250091148.9897999,250117446.98693097,250135571.47398305,250252044.39656132
6724,251231960.67871094,249998817.95569783,250003744.28997084,250015424.61501545,249701705.4062535
6725,247417740.49023438,250556856.9189905,250563724.55082646,250583016.91258526,251231960.67861137
6726,247396435.88330078,249265183.5477659,249263606.6535999,249250187.27415988,247417740.4901393
6727,251372930.9399414,249003215.0332856,249075437.2458966,249054660.42858675,247396435.8832727
6728,249973850.9326172,250315997.78851253,250360563.8099397,250392251.94082496,251372930.9399141
6729,245521900.14331055,250048881.76747236,250025691.7446597,250049733.94519615,249973850.93252343
6730,250255838.4909668,248407968.3557139,248439608.4239446,248407621.39640677,245521900.1432697
6731,248748619.8774414,249800918.66270286,249887787.13829935,249899939.95697778,250255838.49087888
6732,247462240.60351562,249438081.06984037,249439739.25448996,249460276.62108856,248748619.8775423
6733,250033362.10473633,248907345.0257787,248947737.85623306,248941600.34039637,247462240.6034341
6734,247444824.02563477,249733412.59343907,249780798.94845688,249801180.54613847,250033362.10469297
6735,249675367.63427734,248933550.63037804,248946344.19229612,248949861.8112364,247444824.0256679
6736,253495539.74780273,249617606.4975198,249668460.5043989,249681428.13693282,249675367.6342469
6737,249505812.54223633,251155207.49296677,251139712.17861977,251195933.3866113,253495539.747858
6738,247640073.96044922,250057242.35797957,249995495.58645988,250007882.86286554,249505812.5421456
6739,249384029.78833008,249215486.74104708,249243386.9094453,249219297.2331863,247640073.96055967
6740,252799124.6052246,249631748.5609921,249680944.45013437,249684891.9725059,249384029.7882889
6741,254058139.13378906,250942119.64058223,250937410.26807687,250982222.42784718,252799124.60528797
6742,249067223.6533203,251735833.7044463,251662360.94856048,251712967.65386015,254058139.13378465
6743,247334363.25952148,250147518.574324,250083231.17463157,250072699.39636898,249067223.6533492
6744,248003425.07373047,249208861.14887038,249249272.5252996,249212710.43448952,247334363.2594042
6745,248188425.92749023,249182548.63829842,249248020.03283578,249236656.4133753,248003425.0737035
6746,251495073.22851562,249137275.2694429,249185861.1623683,249190397.54297858,248188425.927392
6747,250184529.1105957,250322503.2854378,250348255.1323539,250384236.2248199,251495073.2285315
6748,250221968.54711914,250089320.1748043,250059625.5600869,250084843.02323642,250184529.110642
6749,249857558.43920898,250134239.20862103,250132948.5988421,250142752.20041203,250221968.54712275
6750,249147043.17578125,250018862.0437827,250018135.2962687,250026346.01340348,249857558.43921012
6751,248199957.58544922,249741596.2896048,249752944.17305738,249753893.57813257,249147043.17589167
6752,257269953.37231445,249315680.80089557,249344976.95911086,249339032.7181985,248199957.58548063
6753,251910716.52124023,252595112.1575524,252591011.7417592,252667743.78361338,257269953.3723726
6754,253554366.5690918,251334286.01258615,251190671.92693144,251224534.13240054,251910716.5211653
6755,251265523.2709961,251879499.34961176,251838520.79794616,251844043.29971638,253554366.56900293
6756,252280253.26586914,251160107.69889447,251097939.59893647,251095303.7639388,251265523.27108312
6757,248334512.1298828,251447659.16854694,251427939.41048273,251425872.05572388,252280253.265928
6758,252078043.80395508,250012471.26502934,249994466.96377295,249966615.29275113,248334512.12977344
6759,250926185.0510254,251087817.1195156,251124166.8255588,251126825.1105698,252078043.8038755
6760,248921728.82885742,250809861.08327788,250777900.4180553,250789203.8081611,250926185.05113387
6761,246039531.21923828,250047184.46774805,250051967.530028,250033108.97147793,248921728.82890737
6762,248671548.5847168,248787518.67667687,248843958.91442966,248803271.89950967,246039531.21926224
6763,249349819.63208008,249420424.74186945,249513056.71183965,249506554.66298556,248671548.58481357
6764,251538066.4741211,249685741.1321862,249720494.2324526,249738797.11102158,249349819.63208884
6765,249568059.7915039,250520047.22654235,250528790.75910962,250561771.52689046,251538066.47403508
6766,245515877.87573242,250002786.87032342,249981619.21364728,249993424.32456103,249568059.7915789
6767,246687660.09326172,248437036.61050525,248478045.7431553,248442527.92409316,245515877.8757213
6768,248348838.41088867,248490234.18661523,248597952.0785647,248579157.39248613,246687660.093241
6769,254269130.74365234,248999549.79084793,249070427.73930448,249087547.68715787,248348838.41084048
6770,258382325.95922852,251267287.46929657,251272972.34664795,251343982.4721926,254269130.7436953
6771,256965472.47045898,253330446.30726498,253202773.21009856,253303673.55170584,258382325.95926547
6772,255962797.4494629,253460319.43365505,253272589.45409888,253329066.7767167,256965472.4704842
6773,253204877.89160156,253350298.81404558,253203765.59569266,253219145.0932676,255962797.4493833
6774,248042624.94848633,252455020.5981868,252348096.2848516,252330596.45102236,253204877.89163145
6775,251728002.67041016,250419231.5195684,250398174.30078873,250332792.41705623,248042624.9484144
6776,250696828.7434082,251292518.22499564,251347108.84195465,251325646.5386759,251728002.67033744
6777,249090757.6057129,250958792.71392053,250944185.22862968,250941688.15068993,250696828.74350384
6778,247899183.75268555,250306570.7168464,250324003.13210568,250298750.16408932,249090757.60564792
6779,249693283.1730957,249669354.1904666,249720804.44891667,249690647.74900663,247899183.75269645
6780,247951465.7001953,250123170.4639815,250183366.45463678,250179145.69409427,249693283.1730019
6781,247495966.0427246,249507103.84137812,249540982.49865627,249531206.40927306,247951465.7002737
6782,244709642.87719727,249170201.9919115,249238184.67631024,249220913.91245472,247495966.0426257
6783,248921881.60229492,248003167.71095437,248091413.00730252,248058552.61830065,244709642.87708735
6784,249560951.27148438,249238305.23835382,249352481.23437855,249363189.41148436,248921881.6023304
6785,253968409.9050293,249612779.56322393,249637816.2339807,249671998.59875128,249560951.2714236
6786,252532758.72021484,251367653.16177955,251357790.36486477,251416725.52528766,253968409.9049682
6787,250412884.23291016,251289007.13265198,251205510.7972186,251244551.8172064,252532758.7201909
6788,252164449.72802734,250633305.48060828,250595249.99201682,250590633.15705046,250412884.23286733
6789,249432560.23486328,251188368.20189688,251181336.91827577,251190436.47402817,252164449.7281286
6790,248140744.91186523,250267844.71753627,250242408.94692215,250235204.68510816,249432560.2349518
6791,247386419.60717773,249620247.11669037,249655863.77004457,249630192.96418902,248140744.9118824
6792,251738456.9248047,249153729.5496706,249215441.96726623,249194159.0606996,247386419.60713997
6793,250927919.0498047,250603635.75970724,250652705.77275994,250679218.91636133,251738456.92491612
6794,252199640.76342773,250581014.99272287,250551788.191192,250578326.97965485,250927919.04991373
6795,249335926.72583008,251110239.99540636,251092511.56777558,251112739.53010875,252199640.76336145
6796,251240050.98657227,250197284.2209683,250171760.793499,250165428.35744914,249335926.7258247
6797,251386932.63305664,250749277.76123634,250769125.73832166,250771642.36938336,251240050.98648924
6798,252624042.81396484,250896307.90142372,250877776.0735429,250891905.5589761,251386932.63314325
6799,249840979.56103516,251425030.62473136,251398669.22590888,251416468.3305663,252624042.81384623
6800,253866422.8317871,250561360.69607028,250530223.3271597,250520091.37549818,249840979.56095865
6801,253695679.78320312,251875208.6743224,251874056.97783452,251893164.9558147,253866422.83178756
6802,248333203.27197266,252089810.7076371,252012891.92515513,252040669.97199634,253695679.7831699
6803,252831701.5222168,250216435.39919248,250177484.08167148,250141316.16312674,248333203.2720537
6804,248146608.53222656,251518402.1269305,251555953.1389724,251555319.11132392,252831701.5222374
6805,250674952.57006836,249959834.36690414,249933865.81305164,249915555.51546717,248146608.53228903
6806,253077729.3864746,250605553.1465099,250657965.04121742,250647092.77895743,250674952.5701871
6807,253140979.61450195,251546117.32114092,251531894.33135,251562381.11972058,253077729.38651487
6808,254013503.01757812,251789158.11848065,251731860.8204459,251756211.30994296,253140979.61441803
6809,249519593.24609375,252245530.85417888,252184824.84430256,252203730.30162114,254013503.01769525
6810,249196465.16357422,250754341.72659498,250705363.85695314,250678522.91331527,249519593.246082
6811,250384462.16503906,250353773.76788822,250393336.79529634,250356434.6650876,249196465.1635117
6812,246003598.25390625,250630338.87539715,250665653.3789947,250658175.994883,250384462.16505876
6813,246474843.2849121,248985331.20996198,249021634.94046164,248983419.18568137,246003598.2537911
6814,248871308.69848633,248756545.6012412,248870767.91200092,248835719.8584092,246474843.28479096
6815,247540728.14013672,249479837.43037823,249565374.40616524,249573071.19294307,248871308.6984808
6816,252234137.71240234,249076971.0631693,249122746.62268615,249123754.50705233,247540728.1401012
6817,253267168.33764648,250747008.9187785,250791518.481686,250825973.1442711,252234137.71234027
6818,250474019.21240234,251472448.73765588,251420705.17165634,251469568.17305183,253267168.33754385
6819,253943179.18945312,250672394.24618036,250620832.42150947,250624686.71974093,250474019.21247548
6820,250709958.1821289,251861452.24461073,251844424.26432967,251867950.49177298,253943179.18948585
6821,252889907.0361328,250911246.53924114,250846285.02597907,250849554.99876747,250709958.18216944
6822,249434752.18725586,251585555.1310271,251572978.43379074,251579815.38753355,252889907.0360321
6823,247284000.67578125,250457423.81365108,250422638.2740345,250408672.25003383,249434752.18715048
6824,251104672.56762695,249429376.4747118,249474247.3523876,249433312.520575,247284000.67566872
6825,250319985.90649414,250548051.2837832,250607713.07557493,250615528.15172827,251104672.5676624
6826,250774593.67700195,250415687.49456182,250404863.6769848,250420493.57402617,250319985.906538
6827,248691501.15283203,250595482.5845537,250600029.9370636,250606910.88600862,250774593.6769125
6828,249290468.1809082,249855762.3641321,249862075.95196012,249852046.6591489,248691501.1527417
6829,247888940.40649414,249923178.3541181,249965965.0591496,249958774.16137,249290468.1809341
6830,252156159.38549805,249368250.81253967,249404717.25970557,249394488.3120841,247888940.4064039
6831,253175240.76733398,250833925.84716424,250873475.70720118,250900038.72211552,252156159.3854885
6832,250723248.08569336,251502782.19385427,251454404.59758064,251496990.31901821,253175240.7672757
6833,251338680.97583008,250835008.74297607,250786612.5803171,250788875.5545264,250723248.0856892
6834,251206692.22631836,250976570.18997905,250972374.70141593,250970158.08594897,251338680.97578943
6835,250320897.39404297,250947933.2747585,250931405.03171104,250935257.65357733,251206692.226423
6836,247741023.25439453,250631117.34654886,250624073.99931586,250618021.58522677,250320897.39394724
6837,249110580.75195312,249590381.13036928,249614143.58406758,249586088.92389765,247741023.2545153
6838,255645258.609375,249841156.62553516,249904410.3274301,249892861.98985052,249110580.75185245
6839,247557990.35961914,252257314.88606396,252254617.32929775,252314168.87515417,255645258.6094465
6840,249542882.36401367,249803254.6892435,249725549.65483224,249711008.80265734,247557990.3597372
6841,250782448.25048828,250124223.58150554,250192978.68897125,250165390.4730407,249542882.3639304
6842,251933248.89501953,250555764.30281118,250573024.27026576,250585674.53303975,250782448.25048205
6843,254434489.7199707,251052687.5969747,251041408.48394924,251061966.17122668,251933248.89512223
6844,254327323.46289062,252132993.42688203,252087462.2445209,252124281.3014194,254434489.71993077
6845,252740975.43139648,252392502.60764813,252302958.78170893,252330867.926771,254327323.46277043
6846,249873891.41503906,251971436.20352224,251898036.35779893,251895969.8252025,252740975.4314913
6847,252415077.34179688,250872764.95311525,250846915.86322615,250813909.78260162,249873891.4151527
6848,255135102.17944336,251591867.42268756,251606392.63092613,251599582.54565427,252415077.34188145
6849,252636854.23388672,252693488.94636825,252643173.4548816,252674720.4399912,255135102.1795135
6850,251019789.01782227,252031317.4713762,251945944.8582504,251947798.1673735,252636854.23382503
6851,252282930.56835938,251394210.167994,251369960.8952443,251341841.85910496,251019789.01772964
6852,253314789.9597168,251700961.63212237,251697835.2443431,251687782.26054612,252282930.56848
6853,252053306.95581055,252136719.2100402,252103856.8635501,252110661.93498963,253314789.9596115
6854,249583024.44482422,251779831.2545878,251736557.2194292,251728691.82815447,252053306.95591056
6855,254909632.89233398,250803252.9023194,250798354.61367568,250763836.0043836,249583024.44486076
6856,252736154.4975586,252545745.7944842,252556197.95896024,252573489.01383483,254909632.89238515
6857,252432385.11645508,252051248.2715703,251970882.822735,251982396.23106787,252736154.4976784
6858,256645029.36938477,251928162.83554962,251895895.3956858,251883094.22509605,252432385.11639905
6859,257339622.30371094,253487100.9415662,253436441.597719,253464723.8598403,256645029.36948064
6860,250804454.54467773,254106630.06470084,253974421.7398961,254009203.18025348,257339622.30365613
6861,251856633.36987305,251962059.26072693,251860886.12922883,251816045.22224244,250804454.5447729
6862,250848847.65014648,251982173.04672498,252001855.59818512,251954874.54592913,251856633.36976632
6863,252439858.3515625,251514653.59720755,251515083.08382288,251485237.6378068,250848847.65016797
6864,253869251.30151367,251978917.84524632,251990855.27413815,251976787.35145423,252439858.3516495
6865,252739272.46313477,252557409.13125113,252529421.10042313,252535656.38056895,253869251.30158943
6866,250450249.421875,252265417.71060693,252217043.31840903,252209067.8071038,252739272.46319
6867,248795359.89453125,251398845.27137122,251386653.37218535,251350760.3639511,250450249.421976
6868,249576304.3010254,250559596.5875515,250597373.73443455,250550926.58505484,248795359.89450416
6869,251516594.0180664,250594466.54484898,250656065.680414,250628864.25687203,249576304.30114025
6870,252011982.53588867,251213008.56424335,251244815.9351904,251248042.6817636,251516594.0181814
6871,249183138.60107422,251497113.92817217,251488022.38218012,251497245.9895348,252011982.53586245
6872,251873714.47143555,250544102.15181348,250543159.48262298,250519583.48604378,249183138.60099715
6873,249880450.2861328,251338890.98382983,251375336.06422094,251371811.21233383,251873714.4715169
6874,248651826.4074707,250719047.8403001,250713251.17326644,250704373.6664574,249880450.2862431
6875,248117923.02148438,250137024.16525176,250177012.7578519,250148485.50645632,248651826.4074175
6876,251634000.10229492,249770767.09406966,249834061.150436,249808678.31312275,248117923.02155936
6877,248937824.45166016,250930888.44956633,250981321.1330583,250995307.26770696,251634000.10226905
6878,249342422.44921875,250149889.4801847,250148099.87668952,250143990.36243102,248937824.4516547
6879,250060760.63085938,250157709.15168917,250206277.36484072,250192337.81082764,249342422.44924736
6880,246605361.2993164,250370691.8561364,250403250.01130313,250405848.76122984,250060760.63087675
6881,251694577.85742188,249112497.4915177,249150551.08970177,249123482.51703992,246605361.2992728
6882,253235940.9091797,250711011.5400287,250784384.54227778,250800323.36801723,251694577.8575309
6883,252655937.64379883,251557455.63522297,251522424.85754228,251568195.96250945,253235940.9092878
6884,249732330.08984375,251608657.27692437,251552733.49208993,251573295.85290676,252655937.6437672
6885,251026267.4362793,250641746.39221513,250615830.19191065,250596954.9278271,249732330.08976603
6886,249877366.5012207,250963457.26494077,250987916.37862203,250977017.14842713,251026267.4363521
6887,254046209.87353516,250531158.70504358,250534173.5441711,250525834.12768504,249877366.50132865
6888,251014219.39208984,252014308.6939265,252017572.12289998,252041944.25411883,254046209.87345424
6889,251950374.3503418,251210802.90242842,251152489.93411672,251154409.28151512,251014219.39212745
6890,250204495.9855957,251474191.94079638,251472357.02196884,251463254.96476772,251950374.3502592
6891,249650163.87670898,250875125.2777508,250863727.58164805,250847809.9114675,250204495.98562208
6892,248215233.72192383,250533925.51598853,250559527.15646315,250536164.22474107,249650163.87675315
6893,243871925.171875,249871399.80509043,249912946.13006893,249885562.84469876,248215233.7218422
6894,251673890.19335938,248046758.39770028,248136976.42783216,248077470.09253308,243871925.171934
6895,252663501.5402832,250465065.04121506,250588936.4279959,250608374.54153186,251673890.1933668
6896,255021354.25634766,251219562.09684217,251184950.72023588,251238512.68650576,252663501.5402535
6897,249603350.2331543,252344710.79150027,252283851.09675846,252330084.94617525,255021354.25645703
6898,248889245.8803711,250677789.26789218,250604630.1336585,250590798.4997776,249603350.23326024
6899,252400860.01904297,250158871.91653207,250195952.88532674,250158323.06079808,248889245.8802884
6900,251153992.1669922,251287722.43412173,251314509.34998578,251327083.8567916,252400860.0190782
6901,252086141.78833008,251018889.2291189,250986368.77341968,250995835.58341265,251153992.167041
6902,251520575.765625,251357769.343177,251345919.20565,251350005.70366606,252086141.7882661
6903,254008907.97436523,251252671.1106699,251226954.01365343,251227528.04885092,251520575.76550943
6904,251301967.59179688,252169601.43228754,252141742.66911465,252159557.82483333,254008907.9743775
6905,251766756.59545898,251386826.7785798,251327636.67299512,251322097.13487574,251301967.5918013
6906,254551973.28759766,251462477.52036938,251455350.2409797,251441350.3361119,251766756.59554803
6907,260493744.06567383,252482687.17214832,252449500.94892636,252469481.1547394,254551973.2876956
6908,253751973.03295898,254913503.68635243,254795029.93018982,254866988.99016362,260493744.06557035
6909,254177579.02026367,253071079.31569853,252885046.66832843,252882251.72911623,253751973.03298864
6910,251264286.65576172,253031682.40695998,252979115.4141168,252945352.99385405,254177579.020311
6911,246984265.76293945,251930618.2102188,251883772.96873719,251843511.345446,251264286.65569985
6912,246623398.2163086,250080629.43086696,250114765.33191425,250038315.93970242,246984265.7629488
6913,251143347.51708984,249423913.99119347,249535803.17341697,249473164.60856393,246623398.2164004
6914,245716696.50708008,250769492.08884975,250854974.702634,250860004.3310761,251143347.51700425
6915,251103998.48657227,248921495.45328364,248948157.4367317,248918421.6338548,245716696.50713828
6916,250966270.38842773,250525966.6390178,250624700.6484933,250628275.43180102,251103998.486552
6917,254510550.94213867,250713671.08795932,250704396.59609658,250730605.33892798,250966270.38849145
6918,251517594.93554688,252118863.08794045,252096238.2584941,252135149.41829997,254510550.94210187
6919,252370710.1291504,251350576.464908,251277399.18825585,251286399.43453032,251517594.93547437
6920,251982954.8935547,251619097.56105518,251602866.6103538,251599376.51453263,252370710.12926295
6921,252502909.6130371,251528824.42348886,251497202.5909343,251497801.023478,251982954.8936332
6922,251291679.22070312,251730823.87160927,251705902.14220455,251707083.0771723,252502909.6130329
6923,252716244.62353516,251344228.3546425,251316853.08304507,251307501.25550085,251291679.2206115
6924,251448332.27270508,251822286.51116654,251811915.3518381,251811705.12099126,252716244.62343156
6925,250711120.2800293,251434570.5885159,251403597.12565482,251397087.51056096,251448332.27267644
6926,253713410.8503418,251108286.88019517,251107308.5013678,251088346.59557772,250711120.27993512
6927,253697218.48461914,252142618.0421677,252138161.34886837,252149836.886783,253713410.85027143
6928,250766792.52368164,252347364.4977892,252285769.33611745,252301345.70154914,253697218.4847018
6929,256163862.82543945,251395421.2683062,251355378.6011829,251330948.81641325,250766792.52377743
6930,253966621.88549805,253227751.77213016,253213379.47678977,253232497.0708167,256163862.8255269
6931,253832974.92749023,252784488.3194936,252679859.40713686,252691106.75336704,253966621.8854154
6932,250645601.09692383,252745431.72744298,252689091.55629623,252675855.76233798,253832974.9273853
6933,248284315.59521484,251588919.4699533,251553171.25997704,251514727.13190565,250645601.09688228
6934,251939389.7097168,250454929.2568613,250492784.04982197,250433694.9634604,248284315.59522325
6935,252931765.22924805,251488653.42074552,251547313.76468706,251536021.286315,251939389.70975524
6936,251570543.85986328,251961017.71450981,251940785.18754193,251955701.3264324,252931765.2292329
6937,251804191.2680664,251584383.9837355,251555548.18565315,251547720.37436798,251570543.8598943
6938,251589384.5012207,251613651.64420542,251609088.5423423,251597144.0754067,251804191.268081
6939,252040079.5961914,251531240.36229742,251522476.66442996,251512785.80191693,251589384.50124243
6940,257811039.359375,251678517.1615068,251672010.2959134,251665735.62191162,252040079.59617683
6941,254662322.1435547,253861895.01590145,253813781.68762174,253858596.00712284,257811039.3593833
6942,257925894.36010742,253252141.98757273,253117239.79808438,253129732.03949112,254662322.1435002
6943,255943240.50219727,254491715.06483725,254405438.23465395,254416943.0219333,257925894.36009347
6944,254952248.90161133,254084738.31590033,253949542.31436765,253947752.21638563,255943240.5021689
6945,252436537.21972656,253725860.79864702,253639544.4983166,253611698.32861537,254952248.901649
6946,252042175.00830078,252759594.07167047,252707090.67203662,252659409.72038335,252436537.21963984
6947,250943739.92822266,252409218.63037694,252407971.69116777,252360072.3345957,252042175.0082305
6948,253311357.0739746,251847398.10291266,251857050.94095594,251813034.32105386,250943739.92813143
6949,255025396.72729492,252549020.56860575,252564719.1497852,252548229.4590852,253311357.07388785
6950,252918274.10791016,253281001.56548402,253239895.76032662,253247286.24147013,255025396.7272356
6951,245722126.64624023,252690300.9832287,252631169.26223046,252611924.90349367,252918274.10789847
6952,248556686.72509766,249915740.2770122,249937435.1212991,249845592.21375546,245722126.64624292
6953,255199631.7915039,250310432.47685963,250447874.3067417,250388600.05492416,248556686.7251828
6954,253064379.31298828,252666681.26924548,252703715.74905622,252740248.35055357,255199631.79159003
6955,253986330.1447754,252340324.7508215,252265547.93384266,252282728.4068962,253064379.3130048
6956,259175766.20776367,252689343.19661242,252652302.46155432,252650201.1664661,253986330.14470124
6957,257079154.6208496,254739173.90904278,254654560.39114752,254699637.1582508,259175766.20782983
6958,257856536.22436523,254474345.102518,254307669.6310529,254327418.92460802,257079154.62090296
6959,257346223.76342773,254886463.19186735,254763205.3675524,254760617.17413378,257856536.22429252
6960,254639011.42944336,254895311.78297243,254763193.29425225,254753766.50499403,257346223.7633794
6961,255639607.14672852,253999712.248635,253899426.157555,253857057.21490368,254639011.42939085
6962,254078718.01513672,254207892.30726224,254154467.23665226,254119199.30547538,255639607.1466379
6963,253238081.7524414,253681067.3842725,253618716.7529126,253579394.89830723,254078718.01508737
6964,252789662.5205078,253252720.48453325,253226004.2238001,253177315.17124048,253238081.7523499
6965,251034411.1298828,252962108.43911427,252952836.95695198,252907794.27605325,252789662.5204412
6966,258435609.63330078,252176805.95144585,252183394.72939128,252130499.59833774,251034411.12981185
6967,255858182.57226562,254713075.3835648,254709318.96056592,254726984.42646137,258435609.63331312
6968,251495567.44848633,254263479.7223836,254132969.53498414,254138555.50909945,255858182.5722968
6969,250673009.21606445,252684022.94509515,252634230.11214983,252569453.56020266,251495567.44855
6970,252486467.00341797,252039989.4483514,252074437.967284,252006014.86807808,250673009.2159733
6971,250098555.13916016,252473718.81090418,252509373.90746295,252477260.11643177,252486467.00338304
6972,253036013.16455078,251584384.51457807,251596672.27851677,251554672.35613835,250098555.13921684
6973,250440427.65600586,252454166.72160816,252493716.75308716,252474574.69728556,253036013.16460937
6974,251054053.17382812,251616748.34490952,251611908.93505254,251581958.43048796,250440427.6559608
6975,251045111.57373047,251658494.00081307,251699936.15086356,251666236.73633334,251054053.1737697
6976,249542216.73266602,251593056.540377,251617657.6782383,251595388.37479267,251045111.57376143
6977,251229376.3630371,251001577.38284987,251034677.9328317,250999663.75868586,249542216.7325696
6978,250340998.87182617,251440991.75654086,251489822.22902057,251472469.58189684,251229376.3630223
6979,254017048.62719727,251141970.76023558,251160776.35312384,251144799.5251647,250340998.87192956
6980,254629854.22338867,252426339.79205593,252440775.78361472,252452907.89051154,254017048.62722635
6981,250805271.53051758,252930580.16627273,252870788.77197894,252891374.5098856,254629854.2234172
6982,254696491.57666016,251724697.06896323,251679988.8528304,251648861.5634751,250805271.5305257
6983,254667202.93676758,252965853.19896242,252972842.48879004,252967422.05816033,254696491.5765984
6984,249322596.32373047,253188701.47980803,253120305.31969634,253128534.56009915,254667202.9368101
6985,252269937.8305664,251326541.37192082,251293916.44851732,251239139.8822363,249322596.3236937
6986,251919340.44677734,252043766.07268113,252095330.4323628,252062224.28413013,252269937.83050328
6987,253126431.54125977,251975265.15822008,251968090.5445953,251955003.6884987,251919340.44668868
6988,254256001.71850586,252423072.46091047,252418856.29542965,252408856.18122712,253126431.54137912
6989,257181789.36645508,252915112.24492076,252879491.72492728,252881289.89530984,254256001.71853969
6990,257760171.8178711,254154855.9121984,254083546.85480922,254105087.0055133,257181789.36638832
6991,253034945.76586914,254694373.68806142,254566854.47368866,254586027.35594773,257760171.81781757
6992,256193978.52539062,253176864.73518413,253070513.46022823,253030263.01817188,253034945.76594403
6993,256107025.21948242,254100775.5054978,254068341.0351926,254046167.01422492,256193978.5253653
6994,259671647.22827148,254241003.79326752,254148059.0641559,254141986.0885209,256107025.2195505
6995,249313265.5673828,255664642.4915562,255558370.93167567,255571514.66906223,259671647.2283888
6996,252437805.86645508,252195418.1387862,252083132.6018985,252001296.52690092,249313265.56729347
6997,255908159.8659668,252681586.58455253,252751298.9509214,252678415.7583493,252437805.86648607
6998,254137886.41381836,253885051.10446626,253866793.50987515,253868649.85705516,255908159.86588585
6999,249479145.1328125,253449800.3873051,253377882.24684307,253361494.88980103,254137886.41371596
7000,250331386.10375977,251712331.9087327,251703053.63045222,251629783.5019494,249479145.13270736
7001,249711048.68481445,251639724.06077468,251712143.96041805,251650394.6977374,250331386.1037468
7002,252613137.86816406,251237406.86451542,251290429.77257732,251247531.26237315,249711048.68493056
7003,249945320.66455078,252153440.74337715,252199271.02462187,252186564.1348565,252613137.8680493
7004,252904207.57348633,251302662.95445585,251306079.2939984,251276960.71226257,249945320.66447845
7005,257119507.42236328,252201069.7223746,252237176.18949118,252225030.6142436,252904207.5735806
7006,251988116.8010254,253914191.3842391,253866729.3849938,253902845.95131484,257119507.42237517
7007,252382362.3618164,252424235.95551893,252329125.28289956,252308949.9943186,251988116.80109063
7008,257509642.46118164,252350557.96895385,252353351.60843182,252313912.25983575,252382362.36192733
7009,253169613.78027344,254205860.69603306,254168727.00735676,254190745.23681217,257509642.4610929
7010,252089673.70263672,252995537.26420438,252887979.76507956,252872811.88807845,253169613.78015912
7011,256957725.42260742,252441383.02478516,252427089.94081384,252378583.12010103,252089673.7025796
7012,250756001.39648438,254103260.01865867,254078874.3017367,254086209.72024712,256957725.42266783
7013,253087247.2241211,252135844.34670988,252054289.57485148,252014051.07164755,250756001.3965021
7014,247333478.03271484,252669716.5672375,252697476.56524795,252656940.30201402,253087247.2241208
7015,252397387.04614258,250520167.38889167,250529365.3272676,250463770.664266,247333478.0327041
7016,257003939.79296875,251881535.44242284,251970012.29609358,251945939.39747462,252397387.0462114
7017,255885505.2463379,253756170.90031287,253715788.11583248,253760674.22648603,257003939.79306957
7018,250765736.6616211,253807566.70930734,253691844.38189375,253710893.92016053,255885505.2464487
7019,251196498.0583496,252049261.05729395,251987894.69084856,251936598.32745638,250765736.66150945
7020,250323157.3881836,251884261.79891655,251917856.4600625,251866538.21107382,251196498.0584544
7021,255367627.57788086,251416956.82356003,251442444.02957213,251405550.866135,250323157.3881749
7022,254006078.71044922,253142044.36530074,253155189.72088426,253167060.6997759,255367627.57790893
7023,251417136.23510742,252977114.46300837,252901660.9245655,252908372.14729255,254006078.710534
7024,250184177.05541992,252069960.610846,252039328.8738304,252001532.11688533,251417136.23507893
7025,251587606.3618164,251440694.4697662,251465262.43489248,251416545.04566216,250184177.0553256
7026,252942316.51953125,251764387.47789365,251801315.06018257,251776269.2435208,251587606.3619244
7027,253786604.30395508,252285538.09435296,252286820.42297173,252282982.64192083,252942316.51941663
7028,251144416.23413086,252699349.5792749,252670834.34664965,252671905.26510584,253786604.30401123
7029,252868202.25610352,251825438.95808184,251795782.98562163,251767482.20874593,251144416.2341695
7030,250473658.68579102,252321963.67049757,252333742.68489864,252314228.3794198,252868202.25599605
7031,252142036.90356445,251488568.82821482,251479125.5949383,251449313.94364297,250473658.6858244
7032,253291092.60961914,251915079.6510516,251941245.75639895,251921347.48638523,252142036.90348768
7033,251889120.65112305,252408102.71766794,252394384.3097112,252394457.24261943,253291092.6095065
7034,255245113.99804688,252003790.45806003,251977637.0317165,251960189.00301066,251889120.6511517
7035,252028514.40454102,253202498.38014993,253185021.1962351,253190228.64059,255245113.99811035
7036,250977098.46899414,252273205.59015894,252210091.83764184,252190791.6556474,252028514.40457103
7037,251058372.07495117,251749831.38259843,251756990.79023787,251713015.072282,250977098.46887755
7038,255579801.05932617,251613683.90561566,251636977.61722627,251605248.22946987,251058372.07488367
7039,254409403.62548828,253195096.88794842,253188574.39526513,253204991.96274933,255579801.0593117
7040,252818536.1357422,253108591.07937926,253024013.8860438,253032090.09425196,254409403.62560287
7041,250455236.8046875,252586944.2137442,252537338.65607744,252511273.60971054,252818536.1357364
7042,247966153.58032227,251621843.7752571,251616080.8102703,251568913.8479185,250455236.80457336
7043,246551306.4868164,250410868.0835037,250459845.74003574,250398502.71249384,247966153.58027884
7044,252398527.70410156,249549044.3069619,249649343.2727955,249588970.5015111,246551306.4867755
7045,251444742.6435547,251397330.20088536,251486080.60833037,251495421.77310562,252398527.7040356
7046,253762704.51416016,251317639.9916728,251296977.20670474,251313223.61284804,251444742.6436118
7047,244766874.98876953,252212542.59546396,252199330.42365286,252214999.61987704,253762704.5142053
7048,254273810.72973633,249097963.2327275,249090941.0705604,249026292.57774436,244766874.98876527
7049,247231340.9321289,251986978.10994858,252096977.10904995,252103835.2688025,254273810.72974917
7050,248254365.77685547,249848047.59246027,249810708.18381062,249794372.06189233,247231340.9321432
7051,255852107.20092773,249835841.46569413,249931935.63700277,249891203.17055333,248254365.7769729
7052,256956274.0168457,252565861.05400303,252591565.71220195,252643681.03066784,255852107.2008944
7053,255890544.16259766,253562833.2954909,253441495.53201148,253504185.74443066,256956274.0167657
7054,247365032.98217773,253547166.28493035,253418570.26948434,253436802.32896423,255890544.16267845
7055,255369470.10083008,250535544.5348733,250479032.98856777,250404542.42431554,247365032.9822658
7056,251041753.31030273,252909372.45178214,252970648.21306592,252963098.54102194,255369470.1008726
7057,250772993.18481445,251650303.88201746,251577850.36381647,251570633.89028198,251041753.3101945
7058,245112342.36083984,251358799.30370495,251376149.8319598,251339485.98747656,250772993.1849226
7059,249215648.05810547,249141565.9146749,249191804.61363167,249120469.73500234,245112342.3607778
7060,254391207.34692383,250074833.70832282,250204519.3325102,250176329.92887887,249215648.0581298
7061,249163513.64916992,252042969.86839992,252059070.89765552,252106973.44467106,254391207.3470337
7062,251945841.97558594,250512998.01550344,250461953.51735452,250454924.26783094,249163513.64926776
7063,252725683.40307617,251346257.71710214,251382253.79644558,251373666.7151399,251945841.9755774
7064,252738502.05078125,251773470.1925799,251748498.60022262,251763758.34371048,252725683.4030195
7065,249136754.90405273,251889409.14209697,251852611.64278483,251858831.2248168,252738502.0508
7066,249519435.9309082,250601864.89719075,250585178.13453943,250554217.2792798,249136754.9041006
7067,249071824.82495117,250486913.35876107,250536481.1743542,250506043.91801745,249519435.9309262
7068,251112240.60595703,250216106.31214207,250256643.81560567,250238420.7372931,249071824.82488132
7069,251446931.43432617,250880267.98947924,250917580.55993837,250920499.70825338,251112240.60607857
7070,253674103.4814453,251092831.10423088,251087497.20693487,251098829.78869656,251446931.43431777
7071,249837178.36108398,251984733.12351698,251961380.8557288,251984942.4103174,253674103.48150587
7072,247829298.7915039,250790489.4394,250747443.10994118,250733184.51595366,249837178.3611792
7073,249938799.59155273,249850441.0404768,249893723.14865652,249849053.81874335,247829298.79152837
7074,252864279.06225586,250365844.24041477,250431045.82202908,250419501.16681987,249938799.5915822
7075,252013079.8605957,251477775.57914,251484151.25635225,251512128.05643064,252864279.0622671
7076,251090306.19677734,251399823.37958965,251356381.64638257,251372276.82769093,252013079.86051145
7077,247707388.75170898,251120196.45153612,251101235.89703384,251094131.005224,251090306.1968238
7078,249885533.09472656,249813739.36507422,249830381.76729238,249792963.2510197,247707388.7517081
7079,251963760.89208984,250323385.48893133,250390622.07706463,250375576.6041604,249885533.0946144
7080,249463090.18896484,251115873.59118825,251126571.48164952,251147173.33697888,251963760.89213663
7081,246741002.07543945,250349405.4237438,250335554.5001568,250329804.5002859,249463090.18888587
7082,238740829.20385742,249209129.73429757,249259137.70124832,249219714.28668448,246741002.07536685
7083,246524393.90625,245897840.73390406,246039120.94976115,245940167.69906917,238740829.20391628
7084,245462268.15893555,247910306.01843154,248151177.67894658,248138684.0001413,246524393.90614927
7085,250041506.70751953,247674829.29489693,247762018.9106886,247786720.38014844,245462268.15892807
7086,247243021.69702148,249318018.36851516,249401942.5991697,249447273.99295533,250041506.7074209
7087,242168481.1682129,248589635.25430247,248597953.90068087,248623073.78430554,247243021.69699603
7088,248828014.859375,246599833.5404606,246691561.3937602,246652097.6241796,242168481.16827717
7089,246984558.84277344,248582306.87922958,248726916.13093093,248754834.8155481,248828014.859384
7090,251504548.57421875,248192336.20825267,248215709.5626881,248253370.3961277,246984558.8428516
7091,252964090.46044922,249858626.78456432,249895646.5269626,249949374.12161323,251504548.57411388
7092,250570567.3798828,250810101.50753304,250753556.26069447,250822032.250979,252964090.4603521
7093,247268858.45361328,250248817.90061808,250184174.84339932,250208756.58706474,250570567.37997028
7094,255071372.43798828,249018038.77430174,249021879.41182917,249002106.3215879,247268858.45358628
7095,251312613.91455078,251640908.45685244,251660670.53226924,251714543.32887936,255071372.4378784
7096,251269451.88549805,250830886.24777934,250727087.34091285,250760929.17075422,251312613.91443783
7097,254454379.0612793,250765728.31383002,250740991.405846,250741031.61147916,251269451.88552144
7098,252737407.61132812,251987358.83638826,251944384.1907199,251978739.05900502,254454379.0613252
7099,247704695.73486328,251677484.9243785,251588591.18018547,251605848.49699226,252737407.61142012
7100,248028428.31713867,249817929.02001724,249794355.359008,249751807.84373876,247704695.734742
7101,252036139.07080078,249515122.48648372,249583561.01069558,249547858.1827855,248028428.31725228
7102,253553374.95361328,250796312.46869352,250828845.81239882,250853667.48924446,252036139.07070303
7103,248944870.7919922,251624177.79049838,251574302.2408632,251617664.95716995,253553374.9537053
7104,250325760.36694336,250130888.82960588,250080891.110733,250068894.69612345,248944870.7920492
7105,250280625.28271484,250386580.0414147,250417748.23180535,250406495.42282727,250325760.36682892
7106,248396851.80395508,250355319.4061514,250356137.2615125,250362018.3380326,250280625.28279132
7107,246917274.48291016,249669414.99086383,249683814.80257922,249670005.44542548,248396851.8040083
7108,250197552.75097656,248956895.4342197,249015158.80009678,248989119.0984976,246917274.4829757
7109,250474080.109375,249926546.45491076,249989464.82091522,250003274.97814426,250197552.75095397
7110,251210966.20263672,250186299.49463263,250183594.3308802,250210348.91471577,250474080.10942763
7111,256291458.30859375,250544055.63945296,250533929.8773287,250556086.72651878,251210966.2027242
7112,252837361.67944336,252542320.64292458,252490189.54741734,252553160.6401055,256291458.30847847
7113,253556448.43139648,251753799.93143943,251627785.7959315,251654132.00793883,252837361.67939425
7114,251058310.90649414,252024219.45304126,251967193.52262738,251971431.1894285,253556448.4314164
7115,255024138.42285156,251194647.7991748,251138106.57398948,251126114.94109985,251058310.90640733
7116,253195320.71777344,252538271.90238842,252510168.53204593,252528091.9025577,255024138.4227602
7117,249559912.72192383,252140612.42339945,252047692.64664966,252059193.13138092,253195320.7176748
7118,249296187.74609375,250787898.8425159,250755748.94705102,250718424.9573178,249559912.72181743
7119,249852405.46313477,250373622.4812561,250409559.88479277,250374684.84343103,249296187.74604568
7120,252577347.48217773,250400964.96254194,250434825.83181936,250422755.65719163,249852405.463118
7121,249188256.43603516,251368396.4137651,251375288.42231613,251394191.53553432,252577347.48213807
7122,252754351.81152344,250301099.86732098,250275550.47360933,250265858.444275,249188256.4361522
7123,253167544.02441406,251418254.3212006,251437548.05621833,251448410.3263937,252754351.81145892
7124,245842808.5690918,251769058.8609962,251715699.95358914,251743488.3817756,253167544.0242925
7125,247921608.86865234,249170763.33310735,249154005.172455,249103755.81037712,245842808.5689929
7126,246921964.39282227,249402865.38727522,249512062.6463698,249475032.6323752,247921608.8685789
7127,251567005.38427734,248912144.4333858,248979739.52347258,248967983.66601306,246921964.3928227
7128,253685851.00561523,250443458.74623373,250502406.18013903,250533763.71906918,251567005.38416043
7129,249130651.48632812,251507633.10592547,251464532.43611518,251522781.18135363,253685851.00560632
7130,248025773.06835938,250127448.23112968,250073232.559004,250071780.05466208,249130651.48633087
7131,251454171.31982422,249555559.1731773,249598270.9751175,249569479.13906366,248025773.06827423
7132,252164103.82250977,250646262.97548795,250686496.16472661,250703366.52356523,251454171.31993872
7133,252304892.26171875,251118840.71123746,251091040.64767197,251122347.8138726,252164103.8225425
7134,247757359.7631836,251316986.63488075,251278511.82646683,251298079.01849154,252304892.26169083
7135,248561688.29052734,249726612.2365464,249711886.19724718,249683942.9847028,247757359.76316264
7136,250064539.76708984,249737764.13715076,249806821.9304529,249780718.2267465,248561688.2904187
7137,253402010.8569336,250196851.2051384,250237256.601965,250244452.67918375,250064539.76708144
7138,249812900.62597656,251521360.54754245,251515505.37385657,251553628.0551934,253402010.8569412
7139,250116611.22705078,250495328.55624664,250448165.36310548,250449564.86604086,249812900.62600964
7140,248876835.1677246,250453866.03477857,250475622.43734357,250462702.9054438,250116611.22697932
7141,249513762.21362305,249951498.7110243,249970569.85998645,249958199.0536929,248876835.16783908
7142,254414038.56201172,250084892.71092802,250125559.91278005,250119025.84191203,249513762.213518
7143,248297135.7932129,251869389.18372726,251867545.98554444,251911893.14383405,254414038.56210035
7144,251057318.4741211,249997190.7229967,249938055.67022514,249927592.05243504,248297135.7931265
7145,249762826.89990234,250718210.36270303,250763623.91883594,250754328.5598028,251057318.4740906
7146,250417232.7451172,250305253.091572,250300320.22174123,250302458.25050128,249762826.89981872
7147,252058859.91235352,250458648.47952825,250476253.1061829,250476678.1886482,250417232.74505055
7148,252729476.3852539,251100986.89206883,251095614.648128,251114840.53160852,252058859.91243848
7149,252628988.90429688,251519421.47201744,251481121.7726648,251503460.0537049,252729476.38536152
7150,251365600.94091797,251622782.03605628,251575256.72310427,251588141.3961841,252628988.90417728
7151,253370281.25976562,251214552.03018746,251177099.7201735,251172810.79994613,251365600.94092056
7152,253496113.4736328,251919708.8582896,251896656.56315067,251906875.40357488,253370281.2597321
7153,252078350.28076172,252127346.66786817,252066597.62182075,252081748.6355206,253496113.4737314
7154,245467101.2109375,251702717.53103018,251651201.36373937,251644307.3320808,252078350.2807608
7155,251970755.9638672,249193509.11316198,249207144.9059608,249137945.43265846,245467101.2109884
7156,249426548.77148438,251044242.58002758,251144909.44060317,251137622.04975063,251970755.96388096
7157,253434305.43945312,250339690.7658771,250325256.53671527,250328705.21500197,249426548.771462
7158,251510010.93066406,251718539.44148362,251733652.04708093,251752203.59194505,253434305.43945032
7159,251392128.62524414,251294102.70010296,251242381.96234605,251252168.68259805,251510010.93077865
7160,251243619.74658203,251208337.02177578,251196510.39640224,251188532.16230744,251392128.62524077
7161,251725031.12353516,251141057.83301967,251131082.43270144,251125950.13875955,251243619.74663407
7162,252818812.70776367,251295856.3191326,251285548.41074544,251285557.4024978,251725031.1236021
7163,250213505.70361328,251748562.0512747,251723827.45933402,251734142.8382845,252818812.70764187
7164,249607735.58740234,250876324.21026793,250846145.79811653,250832079.0240935,250213505.7035348
7165,254751088.2211914,250476013.0481564,250498757.40169802,250474051.79219168,249607735.58749315
7166,256090055.88305664,252264462.9439858,252267276.0359928,252298159.9079502,254751088.22121185
7167,251692701.99902344,253143118.68299758,253041802.06510732,253089388.74668562,256090055.88293803
7168,251964954.54882812,251830684.55590904,251736096.5816692,251721417.06754783,251692701.9991272
7169,248267470.91967773,251733775.6022812,251722591.2118754,251696836.08703795,251964954.54874367
7170,249454210.83862305,250314573.83862486,250317189.50822124,250273605.57949105,248267470.91977632
7171,253078669.4140625,250396598.57348055,250462465.26167613,250432423.19340098,249454210.838574
7172,252331759.20922852,251630658.38862878,251647412.15695357,251669953.35979116,253078669.41397333
7173,252880533.26416016,251618063.1676233,251571998.6884853,251588063.79326275,252331759.2092135
7174,249540247.78857422,251890535.85810032,251858337.8637648,251863066.25403544,252880533.26422775
7175,250844187.50756836,250757196.21386224,250734257.43772796,250707702.98446643,249540247.7885682
7176,250785426.32104492,251006459.61321464,251040393.6290095,251021640.51781192,250844187.5076569
7177,251210561.05688477,250954091.275945,250959631.23335564,250955749.18837443,250785426.32101288
7178,252649707.43188477,251095637.591773,251100372.4656371,251098190.88457677,251210561.05677235
7179,252824089.40527344,251669248.46142855,251657905.41417333,251668650.38696542,252649707.4319605
7180,251261177.02148438,251867137.00657278,251828175.86792538,251838785.0718768,252824089.4052669
7181,249454994.88867188,251368588.3571275,251337296.43949932,251326792.4098076,251261177.0214153
7182,250957125.3984375,250602210.82432365,250610470.18521723,250581012.410453,249454994.88857692
7183,254199140.51098633,250981096.78280455,251013917.8056133,251003080.55270436,250957125.39840043
7184,247652837.70458984,252224045.61943668,252208544.36470592,252236086.82280827,254199140.51102117
7185,246964137.62109375,250077242.5180872,250039680.55268845,250005725.69735727,247652837.7044988
7186,251402787.34277344,249386137.8189695,249476931.65365964,249422247.4582271,246964137.6209984
7187,253213202.45263672,250762792.61247644,250834247.80898765,250845817.4361092,251402787.34277585
7188,250373195.3684082,251649498.02639368,251625207.3897558,251663703.00914568,253213202.452529
7189,252036018.68066406,250852169.57271963,250812880.34510738,250810031.6828581,250373195.36845008
7190,246647996.27685547,251377769.91552863,251385502.36370912,251384292.16788834,252036018.6806056
7191,249544698.12109375,249443676.0448706,249447034.2176936,249407884.53730232,246647996.2767644
7192,249139733.0522461,250119053.95248657,250209325.7311901,250189348.64554673,249544698.121018
7193,249270508.37158203,249988274.3481922,250019700.07460603,250021163.964069,249139733.0521449
7194,252127595.4428711,249996589.48811033,250036082.40776712,250032597.54136863,249270508.3714818
7195,250655126.55297852,251042533.6385178,251061612.6219529,251085369.9352102,252127595.4427938
7196,249520262.08129883,250718826.99403316,250692088.8735574,250703007.01256377,250655126.55293968
7197,249620328.47436523,250281165.27212635,250291049.93513379,250278641.76261762,249520262.0811788
7198,251185711.38549805,250215708.11310694,250244526.94781044,250236152.58921432,249620328.47441787
7199,250416083.8125,250759423.84101638,250776610.00840542,250787493.19011146,251185711.3854576
