idx,truth,norros_f,linearP_f,farima_f,persist
5808,257676540.77246094,251789801.09369227,251700298.04941985,251783736.4465584,251516434.9560364
5809,257108985.02905273,254824101.49604896,254845009.56857273,254967315.8764874,257676540.77254155
5810,252620065.81445312,255119785.34033394,254925451.97864226,255050671.53193623,257108985.0291519
5811,245742014.80297852,253154408.65841618,253021342.4082513,253010267.22850555,252620065.81439617
5812,250790874.13500977,249497367.96634284,249531421.722498,249404828.64830253,245742014.80289868
5813,251232450.82348633,251292435.72410128,251539191.37235552,251530257.28867534,250790874.1349529
5814,251746950.05249023,251566857.2065952,251606458.20150566,251682879.33336502,251232450.82338876
5815,259102553.68139648,251841913.63871706,251877028.19267753,251932982.22731602,251746950.0524276
5816,257089938.76489258,255588646.1800271,255596773.13855398,255758969.73699173,259102553.68141407
5817,246562455.28759766,255305480.11184788,255070479.27141038,255190136.7756654,257089938.76477417
5818,242236940.11816406,250281342.7034725,250171059.84198883,250050049.7143121,246562455.2876161
5819,247163167.57202148,247256289.51499715,247505758.50816116,247326149.2355143,242236940.1182368
5820,250213284.77197266,248852994.33282372,249191466.58974954,249194770.13626823,247163167.57196727
5821,251554378.45483398,250371630.23119423,250507821.6078904,250625839.5865198,250213284.77201587
5822,255629041.01171875,251276591.0663885,251318385.23970938,251430454.72669107,251554378.4547608
5823,250251678.57836914,253514199.46058357,253510204.34188846,253654783.18289623,255629041.0118372
5824,253356383.16235352,251369875.67483878,251248674.0694642,251284923.88673842,250251678.5782891
5825,248721707.7199707,252660075.0826787,252736475.62517488,252772911.22520348,253356383.162336
5826,247649635.00683594,250570246.21772882,250531806.83134386,250535125.76864356,248721707.72003937
5827,252085946.56323242,249689412.6647416,249824237.1653641,249786649.88963735,247649635.00693735
5828,257234329.60913086,251616770.40779808,251756235.67300424,251831899.41312036,252085946.5632866
5829,258334263.97875977,254463193.59960198,254440000.41196,254611509.29726058,257234329.60924765
5830,252063546.9477539,255584459.4946848,255401518.83459952,255550479.8422275,258334263.97864968
5831,257792632.62475586,252883313.5023844,252700286.78647473,252690759.0369491,252063546.94780025
5832,257376289.99414062,255416448.75887182,255451980.89655283,255501340.55292508,257792632.62483165
5833,251188439.22827148,255638127.79705086,255463347.7205711,255552352.33032364,257376289.994254
5834,256905140.51464844,252730069.52964982,252608777.72279054,252551008.899059,251188439.22821903
5835,259485008.1591797,255111481.98623252,255192756.0567698,255219441.46544045,256905140.51459104
5836,261971915.63354492,256736156.33204296,256599611.66162267,256719309.7424946,259485008.15918577
5837,259403963.64697266,258372118.24678048,258169665.9761854,258277918.34982294,261971915.6334813
5838,246742353.3244629,257606838.47132164,257346838.92490533,257375500.6845671,259403963.6470743
5839,251514711.5888672,251340668.92020115,251206819.59941515,251003623.15087965,246742353.3243928
5840,254088013.2512207,252602710.11046854,252887340.08604482,252775917.17173484,251514711.5888758
5841,255613792.22485352,253751124.0974049,253810784.7631952,253868707.53706238,254088013.25110108
5842,250759282.3786621,254640515.72562236,254622200.47808534,254686747.16586238,255613792.2247581
5843,257941629.2849121,252400158.5564147,252342197.3554876,252314363.29361793,250759282.37867537
5844,252711676.3071289,255589696.76085562,255689466.75157884,255756357.74519134,257941629.28494552
5845,253190102.62329102,253487920.613375,253330805.31020933,253358749.32067323,252711676.3072336
5846,255489968.65429688,253499230.43360135,253553702.3337162,253525462.78137076,253190102.6231735
5847,253671118.60668945,254553095.28909492,254562807.8677618,254613092.8335595,255489968.65433857
5848,256912738.8779297,253841890.0589398,253781273.845704,253802490.5579235,253671118.60664228
5849,257882416.76635742,255365706.51185,255371816.92139307,255422336.33499828,256912738.87787428
5850,251542527.59765625,256126248.7911078,256014081.82930404,256090182.71396947,257882416.7662688
5851,253253819.58520508,253258213.31107578,253144178.77569225,253086867.14055225,251542527.59753853
5852,250869196.09594727,253671557.12799448,253779944.16758344,253733019.26256242,253253819.58510843
5853,246930574.2409668,252416816.77813694,252441582.88840568,252416642.8975287,250869196.0959504
5854,243068512.5822754,250216353.73505828,250335393.32712916,250245015.62657696,246930574.2409133
5855,246450499.5600586,247747330.76892018,247984431.44553554,247868495.3954594,243068512.5822447
5856,245488319.13354492,248776951.68988165,249113613.42153102,249103543.34399614,246450499.56010643
5857,245396516.09643555,248180303.77457032,248370134.22878405,248406430.18087423,245488319.13352752
5858,242643042.6706543,247886149.69920883,248106146.82441333,248132813.83876875,245396516.0965472
5859,245759432.9165039,246323539.9380614,246530226.5087546,246533200.54636174,242643042.67055377
5860,245331987.5263672,247522431.0618012,247810359.95240903,247869154.9341262,245759432.91661587
5861,247507678.92822266,247362111.40235612,247523025.4126083,247608660.05954015,245331987.52634507
5862,251134826.3466797,248386479.0065308,248561666.568391,248660481.7815068,247507678.92810652
5863,250568033.97729492,250358382.09349173,250449273.24606398,250606923.18042195,251134826.34673256
5864,249888834.2133789,250430739.61660987,250406335.27065545,250535106.86404365,250568033.9772398
5865,255249441.1484375,250182514.709732,250191701.0269012,250270299.6307844,249888834.21327227
5866,251606340.64257812,252890409.04474282,252916397.6840035,253068088.3318463,255249441.1484122
5867,254842869.2392578,251671959.05081007,251529152.46076703,251617629.21059966,251606340.64254555
5868,249651193.34375,253267482.45053694,253275767.43301198,253353513.8387279,254842869.23914623
5869,252855285.61132812,251016241.71201757,250914493.8496444,250930994.44640788,249651193.343826
5870,252635657.3088379,252320994.96859422,252413468.1228904,252445438.63540497,252855285.61140743
5871,254487873.59521484,252351123.65083468,252312319.10141373,252385711.06903318,252635657.3089206
5872,250846675.40673828,253357632.34509668,253342569.3155367,253416953.96513882,254487873.59521335
5873,248148537.97094727,251749978.61262134,251677751.37057254,251693646.6592078,250846675.40681225
5874,249343134.11767578,250207114.61028874,250274045.96117046,250226370.2499262,248148537.97083375
5875,252155755.52978516,250490081.86622146,250633908.68297625,250634955.78945816,249343134.117692
5876,253725746.1977539,251836102.71979055,251922464.9964424,251999288.74247882,252155755.5297813
5877,255621201.1508789,252809649.0552448,252800040.69311938,252898776.40908948,253725746.1977115
5878,250380401.6315918,253962000.8597977,253902921.59347296,254004902.6087333,255621201.15079775
5879,249426119.4934082,251695009.79697046,251592628.74254465,251589176.17390734,250380401.63156712
5880,247350183.99023438,250890767.00383052,250980580.8565555,250938061.14983854,249426119.49348703
5881,253294420.20117188,249595013.9657728,249694870.76819727,249667537.97580382,247350183.99015644
5882,252934709.32885742,252259849.80575734,252416395.0865496,252497670.696691,253294420.2010849
5883,247649816.0012207,252452200.49359402,252393142.53351685,252496278.34001544,252934709.32881883
5884,253085397.07763672,249942416.92377067,249926060.47866076,249899087.1572472,247649816.00116333
5885,243110175.69873047,252182613.5647959,252335015.84931847,252391749.6012197,253085397.0776216
5886,251258221.9326172,247450250.37719247,247402807.73553625,247358015.1490459,243110175.6987182
5887,246279383.01391602,250740925.61625022,251042328.6304512,251080375.34091336,251258221.93251956
5888,245317697.2746582,248623012.07842362,248607735.09403685,248663186.26230738,246279383.0138908
5889,249126761.67114258,247807300.31454203,247992559.64002526,247974064.1736177,245317697.2747369
5890,246288160.42797852,249404237.50815207,249583694.13968858,249671630.78152642,249126761.67102107
5891,252444742.78100586,248207067.63247916,248256281.64339924,248316958.76362062,246288160.42799827
5892,250233299.4951172,251033604.44261724,251176940.39262423,251305042.85482734,252444742.78092912
5893,245009096.07202148,250403679.54291934,250326936.76807046,250442729.3982436,250233299.4952203
5894,250953360.51171875,247828968.46916083,247863425.99043867,247840395.63327986,245009096.07210088
5895,255535848.38891602,250304716.85161713,250496319.78317443,250578153.2056011,250953360.5117631
5896,247798684.51953125,252911480.34621453,252872410.47647423,253073690.1707879,255535848.3890032
5897,245005196.31054688,249619271.1730902,249462102.03166434,249494852.2708325,247798684.51942548
5898,247574806.26586914,247763979.4797339,247890974.6556801,247832366.00311878,245005196.31044152
5899,243384222.89624023,248590401.68404174,248777465.84009114,248824333.2745757,247574806.265824
5900,246380309.53051758,246469966.813782,246558515.83226264,246582979.6782039,243384222.8963058
5901,247935020.63330078,247504702.71134764,247732311.7126785,247795644.46023852,246380309.5305966
5902,246637621.6826172,248307911.2707253,248404333.14621595,248537134.6076526,247935020.6333529
5903,241693885.22973633,247822459.9398056,247878427.78233984,247970736.9046144,246637621.68266112
5904,247318679.7763672,245291947.6697575,245402241.8185639,245404472.5026353,241693885.22965163
5905,254553606.83081055,247589492.6245741,247851845.43102983,247952508.8773687,247318679.77633464
5906,246258713.43823242,251445661.39036372,251480339.65638873,251741509.367764,254553606.8307247
5907,251123056.31298828,248132653.27244222,247960188.76147333,248043306.51217496,246258713.43811375
5908,245331933.66723633,250197789.71210834,250334537.4389428,250412244.49552697,251123056.3128665
5909,245477529.4165039,247645839.25372422,247598143.4958006,247645021.90140206,245331933.6672976
5910,245369991.71679688,247349935.66474974,247524062.6448806,247531606.75282684,245477529.41641372
5911,253011535.62646484,247112329.16506934,247254383.94624007,247313751.53218728,245369991.71670324
5912,248849731.02734375,250794418.11143908,250924288.40763834,251109438.5456795,253011535.6264878
5913,247408469.32836914,249383060.69435674,249259635.73370948,249383273.2245517,248849731.0272578
5914,250088081.3876953,248568638.49564558,248619409.6402575,248648337.7793538,247408469.328434
5915,247912880.59936523,249765072.54572934,249848603.87754795,249943901.06857145,250088081.3876447
5916,248659650.41430664,248835327.57354882,248823848.7013545,248900461.47326866,247912880.59947693
5917,250540600.70996094,249110848.25134358,249185338.48913074,249249640.1548209,248659650.4142526
5918,250943464.38623047,250059959.1984251,250096245.80089685,250207344.53081882,250540600.7100801
5919,250454541.99609375,250444953.4554262,250421919.4704238,250533164.16757077,250943464.3862296
5920,255402594.32592773,250313001.63674292,250285204.59071586,250369829.30679047,250454541.9960659
5921,252676698.72265625,252809837.4995292,252795816.93761128,252945579.48570892,255402594.32592937
5922,252400798.71606445,251976850.9871169,251803505.9718982,251906457.41348046,252676698.7226183
5923,253809706.82763672,251882837.94372898,251831949.43456954,251875836.63844645,252400798.7159857
5924,252430725.59692383,252613408.08782485,252565106.68592554,252643496.9905357,253809706.8277575
5925,242101909.82348633,252090892.166644,252002854.94842318,252059863.80318996,252430725.5968497
5926,238844510.22802734,246885671.03276107,246866114.69821823,246752850.4912473,242101909.8234974
5927,248891490.37231445,244284837.30646616,244613743.56857193,244467578.35171622,238844510.22791743
5928,248020187.66845703,248461881.85797238,248830635.78290838,248951377.74784887,248891490.3723935
5929,247399478.56225586,248513802.47504574,248517014.45034194,248683188.2139212,248020187.6684896
5930,252795645.74780273,248273602.66532424,248338508.8828755,248420362.64215782,247399478.56218988
5931,250171813.56103516,250907777.9001078,250973985.05200535,251139929.60613203,252795645.7479213
5932,250029697.90356445,250117307.7430224,250008688.50541282,250132305.18135276,250171813.56092623
5933,248844827.1130371,250011467.00757256,250011925.70850372,250080044.1178691,250029697.90367296
5934,247976373.3334961,249488109.1457415,249494385.42666355,249554348.6115939,248844827.1129537
5935,253937225.56274414,248939256.99551105,248987528.0758371,249035165.92834127,247976373.3334903
5936,254656666.97314453,251793361.1169749,251857257.34451807,252007394.45812124,253937225.56279045
5937,244422868.29614258,252678805.46371278,252540407.1715898,252707226.10091352,254656666.97319284
5938,243999553.2331543,247906522.37917858,247786175.71612895,247736701.20115006,244422868.2962357
5939,253238868.95629883,246959983.80297333,247197966.25718084,247124856.5540535,243999553.23313043
5940,251300875.4243164,251120397.19547376,251313647.4351411,251480323.2662138,253238868.9563004
5941,248735331.85327148,250758728.60544538,250631035.08644292,250789703.4182648,251300875.42440745
5942,249437683.00219727,249631166.79214618,249611987.31777373,249648590.1770937,248735331.8532132
5943,256555734.87695312,249821941.65795928,249885436.55648023,249938492.19646096,249437683.0021365
5944,255549179.58813477,253306752.8787354,253323696.4225896,253509606.73281428,256555734.87706444
5945,253539237.70874023,253470705.950307,253252152.75980818,253415077.8048281,255549179.58819625
5946,250843859.9501953,252756875.94006732,252615849.06329986,252671595.878924,253539237.7088356
5947,256732751.3659668,251401829.46972942,251336782.5192486,251342111.473961,250843859.95027784
5948,255982761.03857422,254146704.1392513,254166315.41909504,254271254.374952,256732751.3660448
5949,256160446.72265625,254251504.63856107,254067311.40007395,254183656.8919856,255982761.0384782
5950,254521479.93969727,254519102.32345107,254391956.09257898,254454580.78026927,256160446.72264612
5951,252116481.8947754,253848394.60937256,253720289.02389857,253750808.5291559,254521479.93980908
5952,255739223.81176758,252658167.40720794,252600620.21904156,252582789.548549,252116481.89481184
5953,254641902.31713867,254268705.15324008,254289855.2753989,254339461.8649487,255739223.81169268
5954,252619291.94628906,253915831.02306566,253801847.4770772,253861632.41356006,254641902.3170283
5955,254509345.59936523,252957247.6755421,252904780.63025352,252901796.66605535,252619291.94635195
5956,259497817.2524414,253710563.9376245,253718642.36994594,253752544.03455594,254509345.59934923
5957,258305349.19970703,256318219.566678,256250144.48864865,256377086.2732143,259497817.25242335
5958,257470404.51049805,256275497.86072525,256051116.39232683,256139540.99299055,258305349.1997771
5959,250350813.45263672,256085401.95495877,255936086.23318422,255954023.68416905,257470404.51061183
5960,251367402.34423828,252574515.58278587,252465893.38562986,252372658.99987102,250350813.45261005
5961,265233063.79418945,252471119.6338511,252603464.54732427,252531399.24664477,251367402.34426543
5962,258877236.15966797,259188427.01596114,259236767.88616458,259447877.9714766,265233063.7942059
5963,253025066.09179688,257203502.74868083,256794368.28073832,256906976.2211606,258877236.1595511
5964,258340673.1689453,254319577.53664556,254200463.25342473,254087302.52802616,253025066.09168267
5965,254404784.8852539,256502848.1181088,256557793.81375524,256560231.44010758,258340673.16906655
5966,254902543.8713379,254828434.94995934,254690630.84654891,254686078.51507238,254404784.88531423
5967,254053847.73999023,254847096.99666178,254863738.84373704,254827273.526034,254902543.87132967
5968,258465806.91723633,254384335.8611595,254370492.97241494,254355600.72827202,254053847.7398968
5969,255357926.24414062,256440217.3085964,256447844.3757339,256503766.543705,258465806.917141
5970,258156898.89819336,255239503.00507802,255096595.79658595,255115303.784707,255357926.24423447
5971,250939591.9572754,256518438.96820047,256497059.22430387,256518957.96348357,258156898.89817715
5972,253649955.80078125,253126934.21966046,253011189.3620957,252946551.7183919,250939591.95731533
5973,253477163.0756836,253870889.53303772,254005848.7066835,253961800.421733,253649955.8007981
5974,252850063.70483398,253782744.6268781,253792171.7780579,253812298.06767932,253477163.07580504
5975,252951435.9736328,253493541.38430327,253524888.11531883,253518906.48275408,252850063.7047464
5976,249871493.45874023,253447357.54313233,253495068.53001028,253495855.86781412,252951435.9735249
5977,249862035.6826172,251870074.32224277,251912678.93453842,251874740.83341396,249871493.45865145
5978,243855244.34936523,251561887.203295,251708725.8438981,251674163.89963818,249862035.682675
5979,253080087.36328125,248361884.871002,248496793.13431287,248407712.62591654,243855244.34935543
5980,254422937.94726562,252254889.7796369,252570747.93174332,252638101.43218678,253080087.36333975
5981,265841494.40771484,253394498.1431775,253360079.23824772,253513668.37135318,254422937.94716805
5982,265432588.89038086,259412517.33165893,259349797.91886297,259599792.6573937,265841494.40765485
5983,263801377.97485352,260501125.4007126,260066540.61993322,260274385.71291175,265432588.8903877
5984,256270910.7290039,260334470.1155636,259985237.84577766,260033980.54853195,263801377.9748208
5985,260549890.1940918,256824281.3930307,256558380.51928717,256456892.76716426,256270910.7289329
5986,269314757.88256836,258509873.97864696,258505683.02903795,258461819.8101209,260549890.1941237
5987,263321270.22973633,263153881.74536178,262976425.92051953,263127091.217521,269314757.88252103
5988,257656953.3527832,261121003.30783612,260682318.60293669,260702586.72670212,263321270.22984788
5989,260521853.8791504,258275793.39326435,258098148.13158992,257935573.14820698,257656953.35286453
5990,258257541.39160156,259255915.36818174,259253287.8005809,259168806.26847032,260521853.8790623
5991,262985719.10351562,258230894.3746974,258120617.37059143,258054685.62196848,258257541.391652
5992,260183906.23535156,260389700.03674728,260360641.3840402,260353537.10483998,262985719.1035071
5993,259621110.63012695,259344815.00191846,259150027.2198802,259121723.59346923,260183906.2354602
5994,259142756.9411621,258989880.93935502,258912258.58406729,258832037.89072976,259621110.6301498
5995,257378246.55664062,258720683.87117028,258657388.62273565,258587885.49159214,259142756.94125357
5996,261688095.40283203,257762277.548496,257716388.7851533,257628180.1894105,257378246.55656916
5997,261680877.10205078,259703774.89128375,259708564.2927746,259695627.16985303,261688095.4029284
5998,259327005.0361328,259992489.14511853,259842810.04552794,259848946.41299805,261680877.10208964
5999,264511190.95410156,258969400.90269724,258841980.15207356,258772817.69634557,259327005.0362389
6000,269549803.3449707,261451545.43390083,261402206.31265816,261403779.953649,264511190.9540192
6001,266278762.40112305,264402627.2835161,264165440.07952082,264259252.36873147,269549803.3448948
6002,257212521.74560547,263498307.2654453,263125251.38298506,263112129.39964557,266278762.40123168
6003,259761151.29418945,259119734.47920564,258905625.13242477,258686684.14065,257212521.74560595
6004,254591585.12719727,259676765.6429672,259765392.07773393,259600506.8946211,259761151.2941849
6005,257578594.6772461,256972482.296692,256944007.11485538,256790980.6393778,254591585.12727755
6006,253271144.04516602,257873440.0846115,258020826.52884048,257913861.39568076,257578594.6772803
6007,250494739.3696289,255664288.0172723,255682212.9365362,255570869.13863152,253271144.04527852
6008,252753666.15185547,253843749.8452689,254013956.51269498,253848687.67224994,250494739.3696957
6009,256076954.2529297,254492262.8827821,254730254.64910415,254649920.96527517,252753666.15180337
6010,256983730.52490234,255969553.64428225,256097276.45564476,256115935.7380888,256076954.25299332
6011,256527163.62670898,256586203.71352553,256593582.70261988,256621339.55127484,256983730.524792
6012,250853486.61743164,256537861.47868356,256526978.83311597,256516943.91164103,256527163.62681717
6013,253206610.08251953,253715361.23120674,253728444.6379265,253618783.75240576,250853486.617385
6014,252017408.69189453,254366651.0090307,254565762.1852459,254494884.82543832,253206610.0824013
6015,258327908.27783203,253712281.65294263,253802638.16369313,253771599.38958016,252017408.69191143
6016,253703903.97680664,256689598.31526577,256816307.1437603,256872894.0306323,258327908.27790087
6017,258242218.93359375,254840772.22017038,254746692.68376034,254747439.8423994,253703903.9767469
6018,253044377.69018555,256896362.30149677,256980646.25074276,256992394.08184963,258242218.9335375
6019,255170260.72558594,254603592.34807625,254518677.1669922,254485339.43294665,253044377.6902212
6020,252492385.53222656,255360399.88563606,255471616.75355774,255428732.21021014,255170260.7256648
6021,256230447.93310547,254070858.79365584,254091112.0382482,254051846.54489174,252492385.5323232
6022,249297187.63232422,255686592.42049745,255799190.46889254,255804877.33792886,256230447.93300775
6023,254194576.26342773,252455253.71849453,252437711.30453122,252363763.30740166,249297187.6322399
6024,248058846.17211914,254327143.49270198,254549331.1853369,254522805.7382806,254194576.2635496
6025,250812720.9099121,251453733.68178204,251487601.29835725,251430989.35206184,248058846.17204997
6026,258741365.09985352,252299942.91550487,252550360.4115946,252502526.9716821,250812720.9100003
6027,260083673.82666016,256297379.54318142,256416213.47807866,256543921.54502928,258741365.0998624
6028,255263774.83129883,257688286.22522256,257543871.73260522,257670209.37981212,260083673.82675987
6029,255585362.859375,255818973.47477028,255677780.4103908,255644434.30141926,255263774.8313073
6030,251282607.99658203,255775297.61871222,255808588.07711354,255749147.08660465,255585362.85928857
6031,255157472.29223633,253574033.91949186,253587919.7464591,253497894.1468031,251282607.99654528
6032,258634987.73828125,255046348.14656147,255197614.08756623,255170488.85714412,255157472.29226145
6033,256839870.97802734,256954245.34164825,256948068.789977,257016665.2249984,258634987.7382427
6034,253338781.2133789,256467086.50359002,256364671.9073448,256374655.0569363,256839870.9780868
6035,250566667.77319336,254695226.20010185,254671251.5232915,254592686.35375568,253338781.2133433
6036,253667086.54467773,252985230.8784215,253075119.1683243,252965117.16785538,250566667.7732006
6037,244863273.6171875,254131288.60402662,254296223.96884865,254269252.4074918,253667086.54460037
6038,245163637.7783203,249793010.60540742,249845304.54014876,249721718.22115174,244863273.6171685
6039,244675167.23999023,249119389.27681142,249475608.65590197,249343627.01796323,245163637.7783443
6040,248471968.01000977,248409395.03762,248702551.56805554,248660012.48442307,244675167.23989597
6041,249424749.74243164,249942574.01335868,250230738.16270816,250271257.13159963,248471968.00999245
6042,253542693.51416016,250520099.41566682,250659753.8746959,250735873.50390252,249424749.74234396
6043,257685456.0510254,252655060.71318287,252760771.30355713,252871731.14936197,253542693.51421863
6044,254000583.5925293,255149464.454653,255111942.51856294,255269943.42816612,257685456.0511156
6045,254561045.6796875,253902984.18799978,253751394.43298778,253802712.80238596,254000583.59256217
6046,251849745.29248047,254151743.75278977,254146985.59202388,254150942.97125304,254561045.679754
6047,253270904.37841797,252903464.06708077,252876404.00667784,252855802.35117033,251849745.2924412
6048,252643143.33398438,253405564.60208118,253475237.04837215,253471280.76149148,253270904.37845615
6049,250262930.3203125,253073684.1635525,253081917.46574196,253097912.01925984,252643143.33398575
6050,247841341.80981445,251778326.67174864,251809755.3739926,251784747.89002427,250262930.3204112
6051,256725910.6706543,250324746.80987117,250437309.7172452,250383639.49965006,247841341.80975437
6052,253591305.24926758,254348900.8782677,254512376.9653228,254624985.6116885,256725910.67074883
6053,249877090.95385742,253427135.74986443,253281802.24505216,253374631.49058175,253591305.2493115
6054,253532046.79907227,251560330.27260166,251562392.72900632,251519625.4457647,249877090.95387164
6055,252477594.63916016,253052813.39013132,253162793.9349578,253193180.16059726,253532046.79896227
6056,250716853.26831055,252734808.51560742,252709247.0036056,252756033.2846913,252477594.63921648
6057,251712101.94677734,251858494.3720951,251887257.78634834,251877760.72199687,250716853.26821536
6058,249197267.47705078,252176811.97505656,252257839.9400765,252272427.8778395,251712101.9466922
6059,254080854.51879883,250910153.5734368,250952545.52051294,250948100.57121158,249197267.4771514
6060,250606956.99829102,253063951.52738553,253182335.65665168,253250483.64857844,254080854.5187474
6061,252312773.83081055,251677445.270471,251624383.55930457,251662264.4444829,250606956.99836016
6062,246451719.6916504,252353293.2362832,252433643.6978332,252455197.65553343,252312773.83091128
6063,247835645.52441406,249538999.2805614,249558636.0571945,249516322.34652317,246451719.6916968
6064,250882671.45751953,249672458.33570507,249889710.83354175,249860694.2281644,247835645.5243993
6065,253490658.02612305,251051367.0256098,251188882.511327,251266401.116643,250882671.4575889
6066,253023451.0522461,252488424.93059835,252514481.60557112,252633510.3910001,253490658.026024
6067,249841080.17919922,252577482.93349713,252527033.68472347,252611103.64243022,253023451.0523178
6068,251295166.42895508,251097270.2859821,251077846.2166124,251082111.43926316,249841080.17911968
6069,253580690.5961914,251610308.70285758,251700910.96143782,251723230.62597567,251295166.4290258
6070,251502647.05688477,252745104.47947305,252766019.95390862,252852928.13217402,253580690.5961581
6071,255781055.77368164,251964854.9239535,251922172.91939944,251964652.87162635,251502647.05690005
6072,253441503.68725586,253996566.91548777,254026144.09367272,254110546.9035695,255781055.7736621
6073,252927989.52929688,253245037.72265565,253128619.2212553,253186207.55973476,253441503.68732423
6074,252527877.25610352,253011792.94187093,253001427.8868841,253006060.21984386,252927989.52919385
6075,248398097.88964844,252763439.39949593,252764703.8487086,252778221.6665122,252527877.25614053
6076,254229305.62426758,250620411.2658859,250637454.3914708,250595452.60288367,248398097.8895797
6077,248985108.79418945,253104765.4952308,253250852.58711833,253306422.98869714,254229305.62418425
6078,249455266.5505371,250804586.82191116,250737511.29564986,250755873.3409962,248985108.79424796
6079,240321871.26708984,250716211.51731548,250849465.6387554,250828366.12623185,249455266.55050707
6080,244841342.8815918,246036536.16603714,246141590.56557575,246029691.62121496,240321871.26716876
6081,247886769.26904297,247294502.67083976,247694654.3076777,247666091.44379663,244841342.88153747
6082,250809361.4567871,248670699.96985307,248858128.8102124,248979801.07121435,247886769.26899552
6083,247750131.0769043,250268416.03708836,250351949.78149623,250501088.92173806,250809361.45684335
6084,253708981.75390625,249071797.54945233,249068978.99826273,249145164.05267724,247750131.07683665
6085,251655133.8244629,251862608.96232024,251962352.72347638,252098184.20409447,253708981.75394905
6086,250876840.68066406,251364246.25262564,251256643.61906597,251376935.7704967,251655133.82445988
6087,261645668.69311523,251065931.24402416,251060008.49729174,251106153.66474155,250876840.68072397
6088,255144759.27514648,256458099.14623222,256462728.35897392,256676319.719234,261645668.6931469
6089,245961004.67993164,254274172.65668893,253929250.684811,254037468.52849215,255144759.27524835
6090,245903037.65698242,249674509.1180656,249621542.419373,249476194.3867449,245961004.6799835
6091,257127299.1628418,248821356.18651447,249061838.14557844,248958457.18876138,245903037.6570763
6092,249008853.76000977,253954800.66312885,254137574.75910413,254303300.84136268,257127299.16283023
6093,244995873.28955078,250710767.9478571,250518359.59075448,250580211.32501242,249008853.760075
6094,252916758.46826172,248315995.78828436,248447039.82978335,248351164.48731798,244995873.28952292
6095,249517881.65600586,251711197.7996126,251930993.31194362,252022635.7177607,252916758.46823815
6096,246959174.95751953,250452945.46008733,250388819.7300598,250476041.7754875,249517881.6560947
6097,253377311.8798828,249042805.71168876,249126624.78808957,249111623.10344052,246959174.9575202
6098,248741353.59155273,251938821.56456774,252080687.67986965,252189776.07848784,253377311.87988535
6099,250730222.42041016,250115065.48559535,250039297.4730055,250100985.45468882,248741353.5915093
6100,252811642.58496094,250848352.71552578,250951132.455369,250989480.76206484,250730222.42037952
6101,252408127.3371582,251949252.50545064,251959105.87419984,252065786.59537184,252811642.5848957
6102,247911389.26367188,252000880.49019596,251952888.98443004,252034996.95646745,252408127.33712572
6103,248890926.2385254,249838085.26901117,249820485.02161574,249810956.72548124,247911389.26374424
6104,255117082.52514648,249950541.7748737,250082976.5682709,250088691.29004037,248890926.23856595
6105,253831953.88061523,252964832.27424228,253036199.2519168,253180091.01666647,255117082.5251465
6106,252203421.4140625,252843208.44646907,252706295.74296507,252827203.9584027,253831953.88058263
6107,254961757.3256836,252204472.17700988,252145595.64247707,252178827.4720956,252203421.4139885
6108,248688209.93164062,253508287.5207447,253498019.7416411,253573421.222049,254961757.32577103
6109,254713403.7783203,250647695.18073758,250554015.3333708,250542090.2717223,248688209.93171996
6110,244196368.76000977,253177005.39780065,253299066.9084777,253355114.96297216,254713403.77830347
6111,250720833.37451172,248318038.38192266,248226867.40786558,248175607.26894698,244196368.75991365
6112,250029231.78344727,250767421.07285425,251048696.18974736,251051074.1371787,250720833.3745748
6113,248653999.39697266,250625637.20983952,250637571.53510743,250728421.72625732,250029231.78344557
6114,238892347.6147461,249923327.464961,249983622.45674518,250009747.22178808,248653999.39698276
6115,245557213.60961914,244901667.7815528,245012909.88000384,244897225.52268285,238892347.6146956
6116,250161985.71704102,247218808.81320512,247639465.12593615,247646378.71818027,245557213.60951063
6117,248259802.19335938,249591671.913294,249727601.00699547,249909630.89445814,250161985.7170772
6118,253426087.64868164,249033678.58887178,249031521.41099712,249143868.48688835,248259802.19327903
6119,252832504.9189453,251622583.17052972,251693978.38861448,251838935.3504857,253426087.6485941
6120,255123821.80273438,251797993.99973324,251687594.96840844,251829188.53386244,252832504.91901985
6121,255484734.69482422,253136717.1803587,253070317.4384026,253190748.47269067,255123821.8026929
6122,257174136.4086914,253664851.45044234,253526298.1196757,253641137.111015,255484734.6948909
6123,256862437.48901367,254741445.04650807,254605028.65660474,254712397.89363763,257174136.40876383
6124,256566219.6225586,254946320.64676136,254769379.67808282,254852784.9122006,256862437.4889232
6125,261738927.89575195,254952604.7409629,254801789.59994218,254854958.7508423,256566219.62248757
6126,263040480.54736328,257647295.90145028,257511059.37817764,257634012.7840095,261738927.89566708
6127,258728034.60986328,258863230.6809383,258556194.2509146,258690777.60006073,263040480.54734263
6128,253043388.18847656,257248638.04326177,256944201.06499338,256946924.0085169,258728034.60989144
6129,257834281.86108398,254359555.7839942,254232259.0326391,254114864.24388325,253043388.18851465
6130,258478313.35058594,256242303.33658633,256295432.45248994,256281436.92522436,257834281.8611045
6131,256599167.78051758,256763808.64052424,256630481.06502143,256684447.332932,258478313.35047248
6132,257702906.41381836,256026638.09320116,255899512.25401148,255887830.46640143,256599167.78040043
6133,258252455.54785156,256488948.16737923,256428308.68045682,256423757.43989995,257702906.4139133
6134,255510855.89868164,256852816.0406086,256747364.54333398,256764634.68471175,258252455.5477676
6135,254752944.18701172,255633499.3643957,255526675.4136774,255491158.64732835,255510855.89856935
6136,255168250.74731445,255003665.51048434,254991918.1876328,254943319.33317253,254752944.18706107
6137,258120962.91186523,255009345.09635866,255007645.0329697,254993749.30217856,255168250.74743065
6138,262317754.8310547,256460064.41917124,256434657.26679286,256477849.90016606,258120962.91176292
6139,256935860.40795898,258856651.8288726,258733373.4425134,258837664.3855426,262317754.83098227
6140,261801955.50756836,256657189.09629652,256411932.86193237,256404508.23909616,256935860.4079971
6141,258618569.72753906,258871170.6426841,258823689.74754936,258841005.31240883,261801955.5074789
6142,258111484.5126953,257730651.59494856,257513421.43859908,257515908.76317373,258618569.72763327
6143,255318969.84399414,257382210.7716521,257300384.27749985,257249881.54321074,258111484.51268765
6144,252620396.80566406,255937932.67507628,255866524.7230509,255795869.95793116,255318969.8440301
6145,258487947.14868164,254352182.39603177,254384241.74402076,254278710.53781754,252620396.80575985
6146,251922996.85351562,256854490.76251367,256952083.71499833,256971200.61339635,258487947.14862287
6147,253766140.53100586,253936928.15200824,253830616.44734707,253782981.2790549,251922996.8535783
6148,253037569.14208984,254392981.0557127,254528141.38474175,254464446.3322125,253766140.53100365
6149,248055085.9050293,253952073.0125061,253993773.75221786,253980689.5065998,253037569.1420568
6150,250024267.3696289,251319739.00863212,251394426.93532726,251300842.30244535,248055085.9051364
6151,250950910.2536621,251758084.17742515,251987864.05258897,251938976.49777445,250024267.3695402
6152,253487448.77368164,252116466.2984718,252250965.68394393,252272194.58560464,250950910.25363037
6153,247402668.23901367,253330744.37846696,253427521.50295842,253486031.9611245,253487448.7737243
6154,250741570.0666504,250477425.2944484,250491691.9607421,250454376.22097263,247402668.23892036
6155,249449478.2199707,251645244.98941198,251869214.3101558,251862096.34439406,250741570.06669065
6156,250725748.0024414,251012395.3288029,251088633.4290247,251122018.3350498,249449478.21986988
6157,255883818.6965332,251536734.4293359,251668428.1998414,251700619.30138016,250725748.0024509
6158,252673430.7487793,254087949.28555018,254151358.19228885,254278523.8414921,255883818.69645852
6159,248274024.78271484,253021785.24173295,252923927.00518474,252986548.14112064,252673430.74887776
6160,251367372.39233398,250771984.01738968,250812920.03326175,250755892.2808879,248274024.78274325
6161,253815743.25830078,251880397.10780847,252055919.37185526,252068168.01743287,251367372.39226383
6162,247498749.35058594,253147940.5448832,253191107.62671518,253285144.12804028,253815743.2584076
6163,249808827.2084961,250320089.02193406,250305457.0076906,250276704.8266749,247498749.35059687
6164,250592821.84155273,251034292.87138945,251243018.41081455,251224012.40952677,249808827.20853516
6165,243020952.67504883,251402010.04008946,251500669.26900226,251550769.3526234,250592821.8415347
6166,251859352.56201172,247698286.36815378,247790519.35913676,247711429.8718617,243020952.6750177
6167,256228414.28833008,251379581.62530392,251711463.3596483,251766504.0487807,251859352.56192625
6168,260610150.03686523,254011582.42311946,254000048.5277963,254194886.91867074,256228414.2882627
6169,255000765.27246094,256796125.17328358,256665350.455019,256851072.33217737,260610150.03681952
6170,250449585.03344727,254748936.947698,254503595.35009465,254541669.62151906,255000765.27234343
6171,257223533.43701172,252375946.79726535,252359152.71207744,252262817.78935888,250449585.03335783
6172,255213493.35327148,255321821.63615316,255433633.38512605,255476605.95052114,257223533.43712893
6173,253475830.1875,254775079.41570127,254646286.92129886,254701316.20291868,255213493.3533061
6174,251652971.21679688,253922693.26060483,253894744.04037178,253867175.20417342,253475830.18759087
6175,255266623.4609375,252847012.46769613,252872236.27509943,252829938.70956653,251652971.21672028
6176,251724356.70629883,254392712.67002848,254464858.95013425,254495793.2241366,255266623.46102056
6177,256615527.64526367,252878613.01882786,252827083.17132533,252823195.6805405,251724356.7062942
6178,258691515.33520508,255079811.84333736,255155481.81395683,255197828.36031586,256615527.64532095
6179,260122333.91601562,256449178.579645,256339509.65645906,256442777.2328099,258691515.33530656
6180,257679463.85107422,257540325.252966,257382988.77590078,257460251.29818618,260122333.91603968
6181,252366112.44384766,256675987.04976925,256490260.06951907,256496912.13464972,257679463.85100457
6182,259968867.88549805,254005514.99402574,253924860.08170888,253823883.7161679,252366112.44386587
6183,255653097.2355957,257324142.7991945,257408247.02501267,257439158.7935514,259968867.88556185
6184,252767808.37109375,255676830.11991298,255489623.9040457,255503608.57072774,255653097.2356577
6185,255125649.91674805,254096676.11306298,254094162.26496676,253999332.6971674,252767808.3711944
6186,255126490.61694336,254943187.38001627,255019190.68473354,254994977.1268216,255125649.9166575
6187,258527565.28515625,254952005.47908035,254929858.2787732,254940783.66622493,255126490.61706
6188,261638727.20361328,256666322.84654677,256648403.87054864,256697236.74892852,258527565.2851751
6189,259845294.2229004,258506149.57368103,258365229.25760505,258461742.44605595,261638727.2035172
6190,258828651.2919922,258068122.8857007,257843100.42790368,257874623.65724212,259845294.22298056
6191,259713882.36523438,257644425.69251853,257502105.52053392,257476670.75863424,258828651.29200944
6192,251479792.1376953,258077169.1910799,257966799.5710392,257958981.07430953,259713882.3651349
6193,260863545.88256836,254113880.23010337,253991914.66480634,253862514.46053824,251479792.1377294
6194,258367616.91918945,258044711.89573872,258189504.7005477,258201278.26786894,260863545.8825074
6195,249124683.2770996,257346865.4491857,257142489.4424861,257194490.1110199,258367616.91913217
6196,249441929.22338867,252755964.70526302,252690278.2855576,252525222.99290302,249124683.27702755
6197,253290838.95947266,252050289.06201747,252282760.25610283,252143234.64961964,249441929.22349063
6198,256370641.28076172,253577410.15304652,253750181.98558435,253764714.55138782,253290838.9595032
6199,252898008.56298828,255221268.83174035,255249591.24092346,255332058.48871288,256370641.280816
6200,253262475.09765625,253801775.60602194,253741499.4722852,253744516.71600148,252898008.5629155
6201,259117667.3984375,253771933.80080816,253836248.46650255,253814768.17277107,253262475.097562
6202,255395914.23413086,256658898.82016772,256690138.41533986,256783582.2455179,259117667.39832547
6203,254402211.4091797,255323470.85859463,255163802.82234663,255196525.53452632,255395914.23422465
6204,253189575.55151367,254761323.26704073,254756801.1409353,254715458.03227514,254402211.40920225
6205,254473474.56640625,254066494.8808973,254087647.53886953,254051670.4928319,253189575.5514561
6206,250379518.22094727,254509972.45960975,254565766.77116406,254563096.5845853,254473474.56637272
6207,255244086.29492188,252483290.71180522,252491777.97799858,252443373.82189178,250379518.22086412
6208,255114646.00219727,254546081.6385338,254689922.29519805,254709564.3437508,255244086.29496428
6209,257080456.83984375,254741302.90579978,254701861.79601818,254760001.84451324,255114646.002301
6210,253449480.82885742,255790168.1307437,255768175.99058086,255817683.59045678,257080456.83989984
6211,258757608.0830078,254249862.2746812,254169215.10267594,254155736.23698652,253449480.8289737
6212,261455485.97143555,256696062.50701332,256745638.72076455,256789003.70131963,258757608.0830022
6213,264353966.91479492,258439543.01455244,258289607.04227796,258400072.32123905,261455485.97133252
6214,257451546.56445312,260432692.60403898,260221935.6414337,260317276.652582,264353966.9147267
6215,257671546.2548828,257579768.92259288,257304250.8675726,257249006.8302286,257451546.56446448
6216,261810614.67871094,257383474.89236516,257368701.97980312,257273423.60255873,257671546.25478816
6217,256719411.37280273,259313124.64170516,259261024.75445122,259284815.2342217,261810614.6786513
6218,258896854.3852539,257122731.7550519,256940155.65595984,256888487.93441594,256719411.37286377
6219,257871421.33544922,257961921.77504498,257973209.5568683,257915579.92430222,258896854.3852843
6220,262634051.0739746,257518454.7549153,257437200.4364737,257407266.91430712,257871421.3354997
6221,256817788.33447266,259830655.38780856,259788107.5253492,259815760.03412616,262634051.0740356
6222,262851077.38452148,257369710.39210096,257170899.5674109,257115722.1570428,256817788.3343669
6223,261455347.97094727,260085486.04350194,260102695.51854903,260091701.45125324,262851077.38440728
6224,257111503.46850586,259819414.22639152,259611552.75900397,259623545.52448928,261455347.9710039
6225,253046340.77001953,257791335.9367007,257671035.95226488,257558596.81958693,257111503.46859905
6226,243615613.6940918,255443706.77331254,255474432.4942651,255305341.39764717,253046340.77010724
6227,246573759.83740234,250197624.23982474,250360735.11136588,250093883.99152482,243615613.69419903
6228,251141132.67651367,250445789.16962856,250894628.40204626,250735548.37917525,246573759.8374444
6229,245518524.64135742,252295518.76806214,252572763.04555312,252603624.10220742,251141132.67642552
6230,247425061.1381836,249654331.5587954,249780925.3185488,249731455.90240723,245518524.6414776
6231,252510150.97045898,250028120.82423213,250342048.55567524,250297886.35489732,247425061.13812488
6232,252532684.69848633,252404382.90364352,252607547.36748567,252699320.48253193,252510150.97046912
6233,251277193.15356445,252779952.2354283,252810673.02007508,252894643.98340353,252532684.69842625
6234,254156017.0703125,252302757.70538867,252350129.9855722,252366676.8965207,251277193.15348533
6235,258873011.97192383,253703337.44130215,253789253.709024,253838962.69572148,254156017.07036057
6236,257814894.34106445,256298655.93156487,256276692.40749118,256403767.52331,258873011.97182387
6237,264798756.27294922,256316376.57126474,256149760.88078243,256228654.675003,257814894.3411061
6238,261344384.3803711,259993173.00582054,259878156.0410113,260006761.71505427,264798756.27299497
6239,258021047.75878906,259081704.377789,258744720.0004988,258807488.99958715,261344384.38042435
6240,256290318.25,257533168.11864254,257357170.56921104,257288158.27878407,258021047.7587607
6241,261693619.85009766,256548769.35577697,256491418.93654937,256405774.94191977,256290318.25009495
6242,260657309.88232422,258996540.3618409,258983257.35103312,259010632.76362538,261693619.8501653
6243,260625758.84350586,258855629.1678875,258652549.69311017,258685030.14338994,260657309.8822328
6244,260519789.50439453,258995203.7316667,258856289.03535956,258835541.9791056,260625758.84358197
6245,265497860.67797852,259078488.33449748,258945613.83423984,258919393.8476974,260519789.50443757
6246,261775261.8178711,261646549.69706985,261519841.20344824,261562741.2699981,265497860.6780187
6247,259977784.03295898,260315089.87392396,260030755.98677674,260010681.20067513,261775261.8178765
6248,259120979.9645996,259390931.0084767,259265194.85189322,259162709.5030841,259977784.03300437
6249,259313835.02172852,258846513.192902,258778321.37411934,258685214.33432382,259120979.9647149
6250,255490399.5715332,258781435.08398908,258736115.784028,258666657.83006066,259313835.0217432
6251,255175744.8005371,256828157.64845023,256778108.13714716,256664513.8949873,255490399.5715004
6252,258854562.92163086,256283813.55254078,256361827.76880476,256249382.52082238,255175744.80047643
6253,254608203.09423828,257889798.51401633,257954275.72230047,257940811.34372094,258854562.921626
6254,252609690.70214844,255967736.90955862,255904937.05872717,255840501.2278395,254608203.0941425
6255,256066940.0744629,254690140.30470753,254788663.688874,254664468.81842077,252609690.7022384
6256,259235396.46801758,256053809.657376,256191522.93886128,256162036.09548232,256066940.0744555
6257,262415253.93896484,257755260.02383474,257758781.53455123,257805421.0425887,259235396.4681215
6258,260548544.43164062,259657602.31355906,259557265.58847553,259625825.03083557,262415253.9388997
6259,253411792.44213867,259232247.52997425,259045216.54891068,259044499.7411849,260548544.4315909
6260,250676067.3947754,255772442.85122824,255679471.49358648,255526189.339451,253411792.4420961
6261,258591591.76611328,253804628.58702952,253955643.41293263,253770412.6119838,250676067.39486927
6262,249772590.85229492,257136170.54871905,257330538.61821392,257342434.0045621,258591591.7661314
6263,258442275.35668945,253169414.05537748,253087791.31068933,253007958.73382565,249772590.852228
6264,258794987.85351562,256840528.10780522,257073037.2320963,257066883.36164942,258442275.35669237
6265,248523602.63354492,257455597.98588538,257346916.7474663,257426183.20660365,258794987.8535992
6266,255158747.31274414,252594234.2787441,252525699.68260896,252373803.36237,248523602.63351148
6267,259957023.3088379,255052241.21358442,255319450.98021013,255260823.63320327,255158747.3127702
6268,258429364.72583008,257646956.861014,257638229.24618286,257748498.76931763,259957023.30885616
6269,263401959.8779297,257360134.25625935,257210429.30519927,257250812.28512725,258429364.7258819
6270,258042037.2626953,259975499.14805186,259893995.12598833,259956859.82312053,263401959.87798324
6271,256348490.4543457,257834363.5635203,257591646.757792,257571793.27380362,258042037.2626713
6272,255487410.53198242,256759774.85544437,256728219.24752304,256630458.18833914,256348490.4544075
6273,253661267.47631836,256084099.37316778,256093468.7279316,256024844.1623269,255487410.5320523
6274,255969506.8955078,254959103.18309972,254990508.49884322,254917240.77450326,253661267.4763628
6275,254857239.17260742,255879535.42349887,255965030.94595197,255942071.3499904,255969506.8955807
6276,253572672.90698242,255424044.768201,255425568.03803954,255408335.30948064,254857239.1724856
6277,250872766.6225586,254680648.9066103,254726155.74480674,254674879.05619708,253572672.9069429
6278,253055028.30932617,253197111.9489221,253284116.64914003,253201029.956267,250872766.6224613
6279,251075820.01879883,253963873.5847961,254133035.4045201,254099170.8159655,253055028.30926612
6280,253114415.03173828,252980622.96094415,253061532.4648934,253030378.80368558,251075820.01877016
6281,256451627.33911133,253779536.50028938,253926763.24452445,253915763.67803875,253114415.03162768
6282,254913442.61083984,255525982.18166915,255586277.4688859,255645501.21450615,256451627.3391973
6283,254459169.36279297,255105798.48688424,255064042.1566302,255080671.62609503,254913442.6109076
6284,254464967.42773438,254885545.35951027,254908365.8572201,254882606.37884185,254459169.3628736
6285,264378643.88110352,254882779.98331377,254919234.46013013,254899191.23232552,254464967.4277225
6286,263482422.0895996,259768588.19168895,259786884.0383145,259923364.5842237,264378643.8810957
6287,253465972.3466797,260233317.402291,259918911.5609037,260035803.71555057,263482422.0896617
6288,257865044.65625,255659605.66322717,255440759.075261,255298426.84319198,253465972.34673023
6289,259638432.4765625,257207232.56716985,257331592.954523,257240949.3789019,257865044.65616876
6290,254652870.23486328,258186702.99313325,258121607.23065925,258145477.5802264,259638432.4766723
6291,253749898.86254883,255911965.1025291,255813235.97728738,255731617.3532819,254652870.23476413
6292,254444618.63623047,255102929.71556327,255179625.7593425,255068186.63675603,253749898.8626376
6293,253696705.93188477,255196402.89176172,255282030.69956824,255228562.2246062,254444618.63614744
6294,254855906.58251953,254694262.16109827,254745527.27112117,254703516.44342703,253696705.93180215
6295,253295754.0517578,255108959.23118326,255178792.83051482,255159257.92588398,254855906.58241564
6296,259070662.90820312,254336557.8978548,254359886.91057116,254329438.51446706,253295754.05184552
6297,258861429.8881836,257046801.1850754,257115868.60256636,257168246.12938964,259070662.90830243
6298,254903829.2368164,257376051.25319612,257239455.83596995,257302681.3739336,258861429.88812208
6299,251194316.70703125,255620036.1159282,255522688.63263348,255468353.25336623,254903829.2368923
6300,252835039.8034668,253545058.25543854,253592669.5375806,253472404.22379142,251194316.7070385
6301,250110289.6015625,253874998.88417047,254028049.5432877,253970462.3865917,252835039.80337992
6302,249830065.8137207,252421131.0698354,252500884.71564493,252446603.2858797,250110289.6016564
6303,251268874.78955078,251966120.62965587,252139109.50067973,252078754.81192866,249830065.81366044
6304,257849424.93798828,252461782.47012204,252621612.1458358,252617764.2642185,251268874.7894345
6305,255552543.97192383,255712183.02463663,255804172.3476549,255915734.43222058,257849424.9380965
6306,253268003.20751953,255111316.99052483,254983400.10968906,255052105.02762908,255552543.971864
6307,250557118.61376953,254000823.07205614,253979955.70472544,253948865.05206993,253268003.20754045
6308,250587565.05566406,252495304.43074903,252547327.54347354,252482741.40890265,250557118.6138577
6309,249089100.0654297,252221765.39085466,252363194.1266652,252318090.46180734,250587565.0557646
6310,247869370.23461914,251256204.00444144,251376636.6011879,251344018.526368,249089100.0654101
6311,243878977.95117188,250434405.83253068,250604650.67773125,250563216.73683402,247869370.2346891
6312,248680637.35107422,248148281.43009904,248351666.74380955,248275011.90426674,243878977.9511353
6313,241144057.64941406,249929933.10554257,250239295.65264687,250263122.9559818,248680637.3510781
6314,240784947.85595703,246342066.53406075,246473851.0312494,246429762.01135373,241144057.6495261
6315,243835995.47631836,245466109.20708317,245863467.6950726,245786400.7397349,240784947.8559101
6316,242670464.33032227,246516908.8933628,246871299.3274539,246923207.23063228,243835995.47642097
6317,241009595.47265625,245919240.25130472,246156410.37732685,246216183.36598244,242670464.3302519
6318,247603874.89941406,244849878.45904288,245122416.6445714,245146536.70794076,241009595.4727167
6319,244703202.47802734,247809618.2164622,248110287.51782426,248253303.94101804,247603874.89936328
6320,245477787.91577148,246773040.75821388,246837986.99510095,246957291.8499226,244703202.47792733
6321,243544894.12817383,247049339.66510016,247232377.16930503,247305820.3549137,245477787.9158528
6322,253878078.93969727,246109251.27379638,246254658.90732643,246316904.0697731,243544894.12819025
6323,256960294.67382812,251049144.00860953,251245205.56811678,251460076.4631748,253878078.9395878
6324,255539100.03198242,253440448.46329004,253272886.51239058,253547975.7748714,256960294.673946
6325,256233342.19799805,253463160.07742,253243476.31700814,253388885.168675,255539100.032026
6326,246612268.82421875,254131671.57799026,253989373.14915356,254083735.67740354,256233342.1980511
6327,250520960.3486328,249632250.2510319,249491164.5212523,249424524.04476154,246612268.82415304
6328,249293958.21362305,250893336.79197034,251087531.78195083,251063975.15799746,250520960.34869105
6329,254138568.45117188,250335188.3417085,250362212.22377852,250407928.76798695,249293958.2136687
6330,257128559.1135254,252621000.0719936,252696209.6277493,252795625.8201691,254138568.45120427
6331,250922549.27001953,254506881.95202976,254406874.5954877,254562100.2863083,257128559.113452
6332,247885363.29101562,251915242.16502568,251746376.99621317,251755050.1754668,250922549.270138
6333,251861777.47705078,250135415.03632882,250204310.05590686,250125446.3795596,247885363.29092857
6334,254035496.53857422,251662149.298089,251804288.88051653,251840503.1227549,251861777.47714555
6335,253266646.41455078,252838044.598938,252820686.2404796,252930803.94684395,254035496.53851768
6336,259669832.97314453,252745195.04786217,252671669.5002146,252739217.52372524,253266646.41447952
6337,252234159.96923828,255999121.65370652,255954166.75689912,256094195.85593775,259669832.97317255
6338,252718233.6767578,252924856.85202697,252673918.17828718,252697279.05512533,252234159.9693109
6339,254058741.30688477,252827427.72999004,252862466.20547947,252826039.59104687,252718233.67666912
6340,253923701.74902344,253415161.74707824,253406131.3024902,253447560.4462874,254058741.30687332
6341,251748478.3334961,253432374.2206128,253382059.18511716,253422949.29548064,253923701.74892312
6342,251007527.09472656,252390179.71544197,252354570.98646608,252351261.05718622,251748478.33347577
6343,257544648.04125977,251836153.7138456,251873503.09336826,251859677.83832857,251007527.09474185
6344,256439500.4489746,254954183.2791009,254999334.2864317,255107115.27905673,257544648.04128203
6345,255732117.1669922,254910029.9670915,254730653.42407098,254832951.27816477,256439500.4490725
6346,258119104.00976562,254690517.45851648,254578273.6971759,254608722.4857058,255732117.16693455
6347,259951388.24853516,255913098.86538363,255820639.2185839,255884951.9547624,258119104.00985107
6348,260572746.61694336,257118038.2008718,256948426.6521342,257038284.192493,259951388.2484416
6349,256669466.15942383,257763748.92165387,257548384.05844763,257618192.9466966,260572746.61690557
6350,256194302.4333496,256107071.11497176,255894728.09558564,255873945.6828716,256669466.1593792
6351,262600174.23339844,255708228.59734246,255641205.62457737,255595423.54777652,256194302.4334214
6352,261101793.8569336,258823992.0639261,258756511.2272924,258839237.35684758,262600174.23346016
6353,259425103.99291992,258616519.63798392,258334572.1032024,258402025.71048787,261101793.8569612
6354,261651154.16259766,257929224.9154367,257733044.19454083,257712959.36603475,259425103.9928304
6355,254812478.1364746,258998431.69255283,258856676.82456213,258871560.2295827,261651154.1626569
6356,253665038.41357422,255828910.2848128,255623467.44672537,255543318.26322007,254812478.13653955
6357,247308181.95458984,254749124.06960785,254790482.2581215,254674965.46847916,253665038.41359007
6358,248704287.48266602,251231349.9446413,251291426.94180492,251146908.5323837,247308181.95468876
6359,248731527.56445312,251114535.4272912,251372911.2614849,251283279.98874414,248704287.4826766
6360,258536130.02734375,250834471.61906835,251008775.72922483,251000264.58021492,248731527.5645124
6361,251817403.52856445,255458303.09745345,255605649.86924803,255761363.11548313,258536130.0273116
6362,256721049.49487305,252897850.98770022,252714335.46692497,252773524.71072316,251817403.5285656
6363,251692004.14013672,255108646.2577266,255189375.99102962,255229908.85829428,256721049.49493223
6364,253917436.00610352,252963965.0199084,252861136.4647774,252869633.0600289,251692004.1401727
6365,252750582.77246094,253793270.6647831,253881410.40705797,253878306.77310008,253917436.00621885
6366,257500205.02026367,253332846.54748675,253331264.85905588,253349575.71746355,252750582.77248627
6367,260914310.87719727,255612057.67516485,255651836.16686636,255727047.18075952,257500205.02035567
6368,254356611.0246582,257743537.41648045,257615569.91189954,257748225.2088819,260914310.8771805
6369,255691872.48388672,255036979.16816217,254827636.37370747,254806409.61501175,254356611.0245556
6370,252331954.63867188,255460972.24747184,255499770.43454108,255449617.40103117,255691872.4838988
6371,256373584.29345703,253796111.38128167,253773398.4204345,253722507.69411793,252331954.63868836
6372,249361412.1044922,255471755.42065316,255561256.55770737,255569546.02475902,256373584.29337385
6373,249116733.28930664,252184334.93137935,252131822.2158976,252068973.0860917,249361412.10443383
6374,251255409.3190918,251450592.20806843,251644708.9695647,251552304.95188218,249116733.28938013
6375,255443978.29003906,252229361.40442747,252396017.53768706,252404044.88235408,251255409.31916383
6376,249221288.4921875,254318736.42880958,254397153.71036586,254486713.92257163,255443978.28994352
6377,253601146.3088379,251610464.62875688,251560498.1444735,251540875.65340903,249221288.49214092
6378,254404697.21142578,253376100.17173848,253547618.0483111,253556561.6197473,253601146.30875975
6379,251721769.86010742,253938738.57875556,253929759.90619355,254005624.2007642,254404697.21148384
6380,249744879.12426758,252762562.3454321,252747165.3769969,252745555.1037437,251721769.86022443
6381,249044711.7993164,251644392.84974143,251728398.63083106,251682743.71782693,249744879.12419683
6382,245895005.08911133,251037970.41398475,251179369.14938694,251146057.87058052,249044711.7993226
6383,254396494.58911133,249244865.0395494,249399443.86058325,249344969.41539708,245895005.08912352
6384,257045865.91088867,253056280.28903595,253298042.69435832,253391818.06518057,254396494.58917028
6385,257389373.85620117,254871035.1730518,254795528.08447728,254968651.02506772,257045865.91090903
6386,261731770.4284668,255552314.82742354,255422393.05173996,255521813.87497875,257389373.856312
6387,255390625.25854492,258039310.3334879,257910347.9213318,258030865.86045054,261731770.42835867
6388,250137161.30249023,255497547.48416424,255245436.02763012,255243508.91515017,255390625.2586112
6389,255626489.15307617,252641261.69968033,252642333.7300462,252504548.6991752,250137161.3024421
6390,257948648.66748047,254818585.30020526,254968519.13609093,254962999.39158285,255626489.15315825
6391,265515706.1123047,256244203.1892019,256186663.2953063,256271018.46868244,257948648.6674814
6392,267629314.29541016,260324045.7422137,260198600.99594834,260356474.51739657,265515706.11224177
6393,267450631.0690918,262275215.49506453,261905901.31970716,262059820.71210665,267629314.29540092
6394,263604241.48828125,262911120.80488104,262520041.4906737,262575405.21716174,267450631.06898305
6395,264187473.67089844,261436184.0778001,261087476.57701576,261030586.7555765,263604241.48835227
6396,263061149.13012695,261670585.9729361,261471762.5776915,261401457.66581282,264187473.67100787
6397,259828189.19213867,261189914.4876474,260969554.52043456,260905824.5317099,263061149.13007423
6398,262039834.01611328,259575968.20080554,259409362.4203007,259289103.51035455,259828189.19208968
6399,261404301.50439453,260428082.1815199,260371079.27734482,260294364.91740316,262039834.0160027
6400,255994894.29174805,260172208.7020911,260027945.37071678,259976638.44506556,261404301.5044017
6401,261105922.65698242,257443898.61930767,257336614.79911777,257190942.5372982,255994894.2917936
6402,256092042.5439453,259471983.9974199,259538041.33215144,259481528.97002625,261105922.6569314
6403,252399937.65600586,257147365.2847932,257017783.3443783,256943931.19893053,256092042.5438362
6404,250127142.04052734,254919925.12183326,254984602.47639996,254820927.95213035,252399937.6560705
6405,253616100.9716797,253218282.07919708,253381086.7807821,253236110.8329612,250127142.0405965
6406,254759672.48632812,254454045.36570048,254665845.17166263,254624795.2510353,253616100.97164068
6407,254981717.59545898,255049575.10397175,255117614.1288039,255134332.57607412,254759672.48636156
6408,250101639.02197266,255266421.033579,255306166.8922799,255305358.16589603,254981717.5954595
6409,253414141.30029297,252819327.17298475,252852153.85534292,252770001.3404823,250101639.0219229
6410,248257377.8251953,254024338.44852433,254217763.77626014,254184961.01806527,253414141.30031532
6411,248863491.1911621,251482113.16696405,251540708.170443,251480473.1581363,248257377.82516173
6412,256688728.53735352,251300301.48997357,251540705.930641,251471641.71988818,248863491.19109127
6413,259406602.33911133,254967042.37366864,255142222.62816247,255247683.6207183,256688728.53745687
6414,256629185.4658203,256919829.2118468,256822488.74036205,256972436.68208614,259406602.33921695
6415,264093530.37353516,256062802.85640886,255911536.8160653,255943480.16485617,256629185.46572563
6416,260025193.84985352,259767216.5754807,259712621.91777244,259816599.55355516,264093530.37349227
6417,256770136.12231445,258507672.6151445,258206622.0534901,258253259.76200384,260025193.84975225
6418,258391667.62402344,256913301.26790577,256795950.45563677,256712681.17079422,256770136.12240988
6419,254235614.5654297,257509797.43684062,257496272.27564073,257457957.1101071,258391667.62398785
6420,251722899.45483398,255470463.4607687,255397083.44240668,255325805.26385474,254235614.56551307
6421,252959179.43847656,253881161.94884956,253960600.41756913,253841680.9541517,251722899.45487773
6422,256464156.3857422,254103479.0933444,254245999.4714462,254189919.85625812,252959179.43847507
6423,254826777.23779297,255746708.32993346,255828567.70078897,255862314.42898244,256464156.38568124
6424,254481680.74975586,255140199.5996751,255100519.9096113,255110032.47689885,254826777.2379049
6425,256879497.7919922,254948321.45889142,254979122.94486475,254951307.635799,254481680.74979004
6426,262996873.16845703,256085493.78496167,256117585.53053862,256137848.09094962,256879497.7919324
6427,259335047.52563477,259312245.94268742,259252391.25001353,259369421.7420129,262996873.16841847
6428,264252719.37719727,258170177.2981657,257922227.2570142,257954936.55104768,259335047.5256575
6429,262118474.88134766,260663170.60355985,260568824.780444,260604956.23111477,264252719.3772557
6430,261594982.45654297,260149045.4508822,259886206.91089755,259900085.11213794,262118474.8813339
6431,259099424.40625,260067908.68910557,259917154.795337,259862256.66995504,261594982.45648047
6432,260000833.7854004,258903127.35564238,258776464.79170513,258687370.600494,259099424.4063477
6433,255721555.51782227,259183971.60224327,259144963.27341902,259070598.180281,260000833.7853897
6434,254988280.0612793,257082380.0856255,257014273.45896015,256898233.56694248,255721555.5177336
6435,258486819.7980957,256285930.0870759,256365275.94299084,256238469.22949398,254988280.06138596
6436,252291339.05444336,257749906.38531506,257824887.90437812,257797369.1065067,258486819.79816505
6437,258499967.7019043,254884307.1199296,254846038.16116777,254737868.74612525,252291339.0545491
6438,253365958.2019043,257478516.08610606,257650681.32270315,257612173.25052878,258499967.70195597
6439,253247587.9345703,255261433.54426652,255202005.4923031,255141797.39949802,253365958.20184535
6440,260021885.02124023,254828059.4529342,254963509.0404522,254856311.8447289,253247587.93468755
6441,267865137.3996582,257964296.22529477,258064319.79021123,258111029.39491853,260021885.02121225
6442,263531020.84423828,262335873.15744203,262187112.25011513,262363099.6708447,267865137.3996236
6443,253105471.3173828,261156608.65749693,260779358.31496334,260820240.38563374,263531020.84427428
6444,253146262.74560547,256081116.83630618,255910029.1005783,255696884.68186432,253105471.3172871
6445,255675064.53979492,255227786.9579348,255399309.52643195,255208409.67035824,253146262.74550396
6446,256900204.8203125,256076757.43152112,256199394.9375911,256150857.57089338,255675064.53976965
6447,255521350.97045898,256654957.71889415,256681430.3988702,256677289.3700257,256900204.82028103
6448,257198336.33154297,256009026.29197252,255993651.15722007,255959855.11226374,255521350.97034895
6449,255533660.99658203,256751541.41229168,256784468.34201658,256766799.57487392,257198336.3314839
6450,257250738.07104492,255978572.55500543,255946563.47724536,255918343.42515153,255533660.99647972
6451,254504471.15234375,256699988.98225856,256726794.07445148,256712162.67557374,257250738.0711068
6452,254691375.5534668,255436800.59255815,255400612.3529835,255357734.66792738,254504471.15228143
6453,261183593.36035156,255345649.5673462,255411103.78035057,255356130.16808614,254691375.5534015
6454,256001539.953125,258491524.35556218,258527832.20076406,258598469.66133454,261183593.3604034
6455,262307437.86035156,256462210.12708223,256287459.95924476,256279194.18848902,256001539.95307392
6456,258602062.29663086,259379566.10691416,259398120.40346417,259424603.6231002,262307437.8603205
6457,260828020.72851562,258079030.67805994,257875939.78450367,257878098.1110144,258602062.29659888
6458,254490531.79833984,259105861.9493737,259057413.79213503,259031537.22426608,260828020.7285061
6459,253796653.53198242,256192022.75445995,256068213.7366885,255964653.62519103,254490531.79835483
6460,254489541.9921875,255425225.54002616,255535112.96748087,255397718.016662,253796653.5320657
6461,261413722.5456543,255476837.39368087,255581711.8173758,255516241.8027291,254489541.99207672
6462,255194861.40429688,258793895.90262112,258853124.88424975,258915446.23969358,261413722.54567432
6463,253553165.37060547,256291176.6378418,256126473.82114226,256092924.2257764,255194861.40418485
6464,247512349.60839844,255125473.93557152,255199889.3644487,255079558.61812052,253553165.37063757
6465,247458951.8881836,251795544.96268207,251904412.4307209,251744719.36113846,247512349.6082988
6466,251005035.94189453,251024540.44401523,251326276.8371179,251196031.0145715,247458951.8881203
6467,248768057.2163086,252334381.3844887,252591426.78031388,252593022.5022387,251005035.9418501
6468,255223410.07885742,251262666.21809655,251386919.8246596,251377841.91655344,248768057.21636996
6469,251888882.58325195,254251536.44213182,254445478.15300682,254514265.52266675,255223410.07874456
6470,260334926.56225586,253063728.67064056,253029596.51679075,253066592.67618796,251888882.58313543
6471,255678841.66333008,257153562.47652903,257244899.7828521,257351216.7764776,260334926.5622719
6472,260848059.1291504,255592216.28463498,255392242.03127426,255442468.11532205,255678841.66324893
6473,264075954.78125,258140837.951308,258134301.05239153,258175018.9466382,260848059.1291318
6474,259369437.4477539,260278695.7496442,260084218.77106297,260194616.58552632,264075954.7813705
6475,253172555.99365234,258500821.7421822,258233858.1697859,258213484.7983917,259369437.4477245
6476,252811043.24047852,255339082.87505764,255268071.77092078,255104588.7415872,253172555.9937331
6477,255076021.53295898,254548695.97128198,254673597.89290172,254540117.0440926,252811043.24040732
6478,257492736.00073242,255334920.0206645,255440597.5852804,255409941.8934925,255076021.5329001
6479,259169949.03442383,256535188.6348623,256549951.60221812,256579042.64521638,257492736.00072592
6480,267322086.21313477,257578649.28580177,257514208.13255987,257556550.23907027,259169949.0344745
6481,271354409.2626953,261877745.05683932,261753264.96514896,261894888.33466175,267322086.21319115
6482,264529610.70776367,264817487.8831335,264425327.00965524,264597270.39007112,271354409.2628135
6483,255723170.61572266,262342726.46764088,261878902.8377567,261844985.5374142,264529610.7076929
6484,258610851.55908203,257844048.42862815,257658455.7452243,257421245.91087905,255723170.61562356
6485,260118036.3017578,258529209.597099,258628714.31863424,258479200.6199765,258610851.5589767
6486,252902283.10546875,259153507.99749467,259116469.5660141,259081241.06420034,260118036.3018666
6487,255449306.4975586,255647010.79597834,255577755.86108938,255423428.7247866,252902283.10555172
6488,257358761.05444336,256300011.8016426,256474225.2306841,256352260.79976594,255449306.49762955
6489,262293684.6472168,257154453.30945298,257204667.24105763,257187522.82897097,257358761.05437183
6490,259620401.61743164,259633982.6797295,259612989.55733708,259668469.5600515,262293684.6472212
6491,256446083.04418945,258730569.77084184,258545002.79804853,258546054.91852888,259620401.6174588
6492,257148841.47314453,257166722.72785947,257100950.91213077,256999451.97444168,256446083.0442004
6493,256806446.609375,257264777.84951282,257299363.24453735,257222441.76031655,257148841.47307384
6494,257013156.38671875,257032634.18969697,257032054.397116,256980978.45461297,256806446.6093847
6495,254983263.3684082,257050375.10174504,257060386.47352505,257014204.52469742,257013156.38674352
6496,265284310.53979492,256016867.9724892,256019611.63509738,255949059.45209262,254983263.36835635
6497,253132792.17822266,260921206.43281624,260974744.3158658,261063917.075548,265284310.53969416
6498,257924243.50219727,255733948.07577625,255448875.09493124,255368442.97111115,253132792.17818308
6499,261404254.7878418,257398180.7233798,257563015.95526507,257460578.28875136,257924243.5022079
6500,259878629.86987305,259261563.46610615,259207418.31417054,259258010.99646083,261404254.78775707
6501,261056166.68652344,258902103.28346816,258758166.06095448,258748634.8516008,259878629.86983785
6502,259300745.26245117,259511306.11419645,259428865.29953772,259401702.15704125,261056166.68650964
6503,263987030.48364258,258824280.4953563,258706781.73858637,258654964.05390683,259300745.26241517
6504,263329761.11010742,261061004.88705465,261002323.15945494,261009580.1460159,263987030.4836868
6505,263656714.50073242,261161270.38313374,260943393.8513545,260951277.87739384,263329761.1100716
6506,258788307.9892578,261463131.88558695,261290225.02877527,261256438.5099484,263656714.50069025
6507,257337451.8383789,259204854.91456705,259033482.19912538,258917768.2997074,258788307.98918352
6508,262108647.1303711,258150047.77204654,258153028.59366068,258006850.80275354,257337451.8384926
6509,263999844.15014648,260255741.04481238,260285373.1070937,260258789.0546279,262108647.13039157
6510,257613204.2097168,261442296.68040296,261295666.99789688,261324063.23021406,263999844.15022027
6511,259899611.2524414,258572620.3831131,258392414.23088777,258282886.28856722,257613204.20975333
6512,250944145.9387207,259274730.98311502,259316919.48810482,259219094.49396136,259899611.25250465
6513,258512688.71826172,254862463.06028333,254816146.32585993,254635568.59300157,250944145.9386089
6514,257874880.83911133,257820178.59105355,258076460.10057873,258002156.4853693,258512688.7181696
6515,254719249.15405273,257773905.17470247,257727318.0877122,257734410.71741694,257874880.83906463
6516,252831804.03833008,256276565.47167957,256287519.16746885,256189566.77323195,254719249.1539981
6517,255789026.01416016,255037532.66067842,255147450.11881348,255025405.51101887,252831804.038241
6518,257457598.0583496,256211244.71729615,256368572.29177988,256322596.42470267,255789026.01418397
6519,261849924.4946289,257087935.46856618,257123757.199179,257132054.26613972,257457598.05839407
6520,254463209.5510254,259462382.79380426,259443926.8405405,259497476.32610324,261849924.49467063
6521,258687255.18701172,256268255.3647556,256119298.6391213,256039919.73686934,254463209.55107692
6522,256970975.03222656,257887748.00822493,258001982.04130885,257942629.69739613,258687255.18711743
6523,254994119.14941406,257196783.17044353,257138040.78161687,257113758.90448368,256970975.03229636
6524,251431594.79052734,256154400.38849187,256176001.78126934,256087152.69064194,254994119.14949903
6525,254133036.5349121,254186098.94093716,254272548.70273796,254142213.8515235,251431594.790618
6526,260896880.73901367,255091926.71930885,255284658.24619287,255218416.2267234,254133036.53481212
6527,259575801.19335938,258467006.18485913,258535243.41752923,258614211.6714504,260896880.73893285
6528,264249340.25952148,258438161.46698678,258287524.22972944,258327196.62012306,259575801.19334128
6529,256202954.2072754,260920935.40749082,260838356.53107783,260882571.07469016,264249340.25949097
6530,259202375.41259766,257401979.06875116,257170275.69022003,257088718.69533342,256202954.2073024
6531,260016423.1923828,258402206.7107014,258461746.15651852,258375643.9702793,259202375.41267124
6532,263531444.64770508,258919792.46131468,258848112.28844467,258838839.9167651,260016423.1923627
6533,255740689.70507812,260793861.02485597,260706834.38944077,260729632.82762003,263531444.64768776
6534,253471753.56713867,257290729.68520746,257098421.46287113,256991023.5867786,255740689.70518693
6535,255269140.00195312,255682316.84789768,255778908.07761014,255597741.9556106,253471753.5671316
6536,262085300.65576172,256139478.4135188,256276893.9194878,256193784.75984427,255269140.0020449
6537,256388670.03076172,259462295.6538305,259515861.04242414,259573774.8889969,262085300.65586093
6538,261146400.82373047,257164335.7064846,256995353.03034756,256961044.5960744,256388670.0306557
6539,255994756.2644043,259258908.16995665,259302633.471069,259277551.98801124,261146400.82382083
6540,252179737.55566406,257038656.05178085,256907803.9923806,256844079.7781926,255994756.26435745
6541,251235150.0361328,254826145.32486624,254898040.85219738,254734326.98448068,252179737.55564985
6542,250851330.28344727,253846656.1558888,254025676.5729807,253895050.8848988,251235150.03601187
6543,256688865.97265625,253276980.6795368,253461938.0240171,253376096.6848104,250851330.2835099
6544,262657251.18554688,255947127.4799725,256127861.77107772,256157517.70333156,256688865.9725528
6545,254418473.1850586,259215320.97942775,259170459.5720845,259308891.1113045,262657251.1854556
6546,256084108.6586914,255871762.11879843,255662155.2193866,255616253.33184475,254418473.1851119
6547,249519920.6213379,256320119.72581542,256418593.8383945,256328494.62524933,256084108.6586352
6548,257129321.8034668,253021482.603524,253040096.01331732,252913561.42179725,249519920.62141925
6549,253534050.7692871,256170304.73043168,256406014.58759603,256391163.79747608,257129321.8035853
6550,249963095.4663086,254741010.5893793,254687194.0362515,254685172.50410655,253534050.76938543
6551,251604596.18164062,252791525.711339,252893913.15527293,252778177.45334363,249963095.4662598
6552,256124651.62426758,253146863.17813146,253344770.8961109,253288334.39766124,251604596.18172628
6553,256189689.41577148,255281480.7991701,255395301.32189268,255451426.340345,256124651.6242145
6554,255236305.1755371,255616406.8410282,255574259.4323493,255627480.45920274,256189689.41575348
6555,258419043.82495117,255299108.74383035,255271624.9980367,255266583.66926804,255236305.1754228
6556,252005985.89794922,256905338.94459507,256909124.4055234,256941512.00901362,258419043.8250507
6557,247793740.8486328,254010655.90449095,253916052.60335955,253853289.10135987,252005985.89793932
6558,249107721.33520508,251425748.41490412,251564699.86791265,251410533.00831002,247793740.84855956
6559,259432322.14916992,251462739.66039103,251714459.5608546,251642344.18858498,249107721.3350891
6560,254879085.37719727,256336866.17255825,256496297.09175128,256640563.52776447,259432322.14914224
6561,251500557.40942383,254926520.04799056,254744471.19914547,254817193.77367175,254879085.3771761
6562,252241719.10595703,253197121.14316815,253216857.1745835,253141410.8620346,251500557.40936023
6563,255189059.93579102,253237104.10272133,253352150.49819908,253315428.26764178,252241719.1059476
6564,257265739.42944336,254616119.61273947,254687003.65324414,254727956.71917742,255189059.93588036
6565,258199369.67211914,255890731.18314967,255861073.1642347,255931336.5379441,257265739.42939284
6566,249755672.82226562,256665716.2648496,256576671.34071335,256631487.28358153,258199369.67204648
6567,256652590.96118164,252724678.92392486,252632409.76084614,252528679.13801587,249755672.82220072
6568,253952997.5505371,255469907.27324396,255656226.1783657,255645325.44241375,256652590.9612219
6569,251398687.4104004,254478666.824841,254402041.96230167,254425339.137113,253952997.550432
6570,246731291.28198242,253084416.9309232,253129957.6136546,253062630.01710382,251398687.4102884
6571,252092826.9230957,250457075.41116786,250581585.41834515,250466555.13761464,246731291.28205615
6572,246771144.06030273,252516709.3944364,252774686.6897886,252773618.8317179,252092826.92308897
6573,250148604.00561523,250060536.9780241,250116680.13718572,250088462.83540297,246771144.06030613
6574,250023489.86621094,251307058.35349104,251555370.84329727,251543491.825575,250148604.00562155
6575,250570103.67529297,251277875.7810907,251377136.00434858,251417597.62206233,250023489.8661738
6576,245296033.71850586,251524943.26092544,251637939.84752005,251665574.96593904,250570103.67529893
6577,243577088.44970703,248858530.08775643,248948492.04227534,248900437.67085415,245296033.7184604
6578,244793066.28955078,247502495.19416535,247771961.85729527,247695722.56172106,243577088.44967148
6579,247223661.66186523,247647413.87994754,247939952.96954945,247941267.45424682,244793066.28961968
6580,245873335.07617188,248677660.34006655,248907065.98206934,248981090.88886467,247223661.66186383
6581,249410215.28588867,248030649.52705455,248167703.87358445,248226856.30587125,245873335.0761577
6582,247600227.1064453,249657904.44570965,249836350.73281762,249931801.59457064,249410215.2858404
6583,249822755.4794922,249018242.19431674,249068574.27823496,249145760.00010586,247600227.10639805
6584,250444819.52246094,250080801.51615486,250205824.95025516,250282783.27397126,249822755.47961307
6585,252287542.37817383,250519165.9905157,250553882.12538832,250653648.69360688,250444819.52235585
6586,262733284.88012695,251585785.9980999,251609456.5547501,251714088.1158547,252287542.3781561
6587,261435661.38964844,256997880.54160452,256946263.04380408,257199220.22439024,262733284.8800279
6588,253571730.35302734,257471652.32802323,257083346.7347208,257284085.63379273,261435661.38975167
6589,251416661.4855957,254072289.27569076,253801259.04336798,253759671.345732,253571730.35306185
6590,253137967.96191406,252623554.47577137,252634588.53885898,252539137.3680901,251416661.48557943
6591,254833326.68310547,253175200.3300055,253236023.42520133,253228793.9507658,253137967.96198675
6592,259651048.15576172,254022979.71243757,254018240.26838705,254068462.39374545,254833326.68305776
6593,255334909.02661133,256513756.07125148,256444200.90543225,256564259.1626494,259651048.1557125
6594,258598186.94970703,254906747.99718043,254692387.50072917,254726385.29301092,255334909.0265556
6595,259542193.17041016,256398551.40983915,256348414.77514458,256379849.00128275,258598186.9498146
6596,256457098.78125,257205786.6453948,257038129.82031906,257107984.156019,259542193.1703286
6597,265722256.03833008,255909851.1789888,255735483.96395597,255724760.81317368,256457098.78134316
6598,262125218.6442871,260397527.14100865,260324446.30688515,260437256.99631825,265722256.03841436
6599,254309223.23046875,259485280.15418127,259101101.8353342,259173500.8274979,262125218.64419705
6600,253106097.73217773,255753402.07988867,255556448.7531417,255413251.68727297,254309223.2303925
6601,255456188.60253906,254543209.56762478,254607087.53553057,254463143.65280047,253106097.7322777
6602,254499713.42871094,255307654.99664044,255376643.84200522,255346634.81557512,255456188.6026404
6603,253032457.10766602,254833359.75498027,254815849.4068589,254802236.32214367,254499713.4286177
6604,258070550.09985352,253945647.00092047,253963485.35743046,253921209.3063526,253032457.1076581
6605,252888641.0600586,256238186.26839343,256288956.64740497,256336596.28650004,258070550.0999611
6606,253167283.2216797,254044829.50993076,253923767.09281018,253906715.2700553,252888641.06013623
6607,259400451.828125,253915878.87033823,253996069.60328916,253938122.54677418,253167283.22177005
6608,256266758.34399414,256850387.1120885,256885464.93939495,256970503.1968329,259400451.82804623
6609,257484479.37841797,255782740.34793866,255610150.11461675,255649488.74558634,256266758.34390607
6610,252551215.46191406,256364519.9471234,256324670.26018888,256322201.1134794,257484479.37836957
6611,250684927.37158203,254045583.9691717,253963362.28364813,253901980.3295132,252551215.46196187
6612,249880503.56469727,252721953.7292804,252816965.31014618,252717498.97467875,250684927.37161613
6613,252136121.96411133,251928065.94040692,252064127.0706726,252004644.22810864,249880503.56469467
6614,253772234.0756836,252706572.3014708,252844842.55208927,252855685.14768302,252136121.96400937
6615,253902644.38452148,253575713.9053721,253626222.4834806,253682238.12191442,253772234.07562816
6616,250074657.11254883,253745130.8131171,253741133.68697292,253788023.78133428,253902644.3844377
6617,244131317.8293457,251885777.28779328,251886796.79263896,251860142.8573726,250074657.11251736
6618,248077338.71166992,248579636.64530304,248715036.4655757,248596308.759105,244131317.8293085
6619,247622685.34204102,249832742.80416107,250146084.82641053,250129011.45755643,248077338.7115505
6620,252552325.07080078,249534878.1785958,249675665.38387614,249724831.69704,247622685.3419212
6621,253511648.3791504,251885827.60121378,252041980.48683676,252148539.1336093,252552325.0708193
6622,250634846.9777832,252727793.0901609,252705392.08155748,252833869.14382324,253511648.37906617
6623,251308429.02416992,251552341.7101818,251523006.2400123,251559331.2214204,250634846.97769672
6624,255955562.17944336,251736231.83671474,251807948.16725343,251836413.2477922,251308429.02415588
6625,253621367.5270996,254071916.18999323,254105086.50252643,254223494.64799064,255955562.1794807
6626,253728827.82250977,253384106.3999633,253270459.49879792,253343083.8604764,253621367.52704284
6627,254700119.0288086,253484616.30296224,253476835.60808626,253500187.1196422,253728827.82244232
6628,253040291.05419922,254026560.82876074,254009020.97699115,254056315.1532522,254700119.02877375
6629,251045750.51538086,253364695.96468815,253325551.03089526,253340358.9949545,253040291.05418795
6630,252173900.37475586,252300674.0580378,252327621.61563814,252299696.35069907,251045750.51543453
6631,248806297.5654297,252674469.4328568,252763962.3772457,252765359.43811142,252173900.37478164
6632,251308091.5288086,251008830.82559437,251056714.94766834,251026825.63511488,248806297.5654893
6633,247354619.89208984,251944068.6233527,252103276.01336572,252106819.4951274,251308091.52876008
6634,237969611.6599121,250067734.4460726,250133166.55448163,250110651.14001492,247354619.8919739
6635,239924607.3696289,244977245.32762924,245193379.22083005,245018276.6078142,237969611.66002256
6636,244645695.66992188,244786783.1076941,245285194.32335818,245192878.9517722,239924607.3696049
6637,245980250.72729492,246687931.98712742,247054405.2494346,247146035.45662272,244645695.6700158
6638,247443141.1862793,247489327.48349914,247683268.21607062,247806927.80881506,245980250.72726887
6639,245030323.8017578,248345462.76856935,248497173.17745697,248610152.9729094,247443141.18626243
6640,249050521.6669922,247320949.74590772,247428551.03080776,247487236.64415076,245030323.80169865
6641,245183362.07470703,249129258.08669546,249312694.74006397,249416105.36475343,249050521.66705263
6642,247006569.43823242,247500253.20119926,247541922.3389632,247603030.89461777,245183362.07465744
6643,246900714.46777344,248163716.78762266,248349668.13125986,248402348.3369038,247006569.43822923
6644,250322570.51049805,248137334.00848147,248238470.50004265,248322256.51992,246900714.46780625
6645,254856072.9008789,249863189.8363451,249972189.65321377,250094313.99010265,250322570.51038685
6646,249188844.75219727,252377932.91962278,252359695.36847678,252552969.45344234,254856072.90082407
6647,248603164.77441406,250091411.78417522,249941483.42692873,250011081.46192217,249188844.752126
6648,254448854.84204102,249589705.64805174,249657986.83819517,249663378.8559271,248603164.7743548
6649,255417340.90673828,252387211.66161504,252449767.39259544,252584134.10402337,254448854.84209043
6650,247624575.66601562,253356084.25472757,253220247.55029738,253375040.62416565,255417340.90667975
6651,248950725.00268555,249826331.87889418,249697052.79965937,249673960.19556805,247624575.66601005
6652,250468805.88232422,249986841.81541958,250133230.54918835,250108943.42591104,248950725.00274727
6653,246227627.34936523,250593705.7347928,250659174.1152212,250728630.55259544,250468805.8823758
6654,246447250.7373047,248556656.51138955,248579390.33219683,248583169.82355008,246227627.3493044
6655,251351318.98999023,248309247.43742928,248480457.6659428,248479410.85365233,246447250.7373548
6656,250333929.41259766,250532842.14097676,250662966.22299165,250783468.21962693,251351318.9898931
6657,255819792.77685547,250355916.12512684,250317946.03157046,250430711.1358433,250333929.4125626
6658,253855847.28808594,253114193.92663634,253118853.37976652,253273332.4941524,255819792.7767842
6659,256654689.32617188,252692871.4376377,252513406.8972589,252635222.12308276,253855847.28806588
6660,250311622.7463379,254215486.47293198,254129704.90240052,254232242.6672041,256654689.32621843
6661,248772939.47558594,251445641.48733285,251276476.34896496,251281733.01465324,250311622.74638608
6662,249542182.02856445,250307907.19040295,250376498.47745597,250326157.72576365,248772939.47556064
6663,246308150.9831543,250370328.0466308,250465102.70957676,250484615.35660085,249542182.02851552
6664,247677933.9182129,248636959.52955544,248700388.4062499,248698676.0068763,246308150.98314816
6665,249929102.43554688,248927030.0634296,249092265.56661776,249117605.661971,247677933.91832677
6666,256029837.34399414,250002629.35091633,250101399.08924535,250196804.14713287,249929102.43559164
6667,251478212.00317383,253192436.45106235,253206254.99106592,253389844.12227675,256029837.34408736
6668,249353887.46972656,251592230.40136477,251417460.57857433,251505926.17891902,251478212.0032833
6669,249798206.8623047,250439351.70093578,250453294.5732581,250443210.1547247,249353887.4697788
6670,248768205.45703125,250428732.4770009,250497794.3216978,250524573.94277817,249798206.8623005
6671,248436885.81274414,249860528.5345101,249907862.14257088,249940988.5738137,248768205.45695683
6672,253862238.07128906,249572070.44312286,249656209.80909082,249686770.07701963,248436885.8127664
6673,250934574.74487305,252135849.04693222,252213203.60593438,252342408.9804659,253862238.071325
6674,252215938.0354004,251112223.73815823,251005968.2277547,251096027.82840043,250934574.74475145
6675,257398173.51586914,251689333.81773815,251704464.2605082,251763161.55699253,252215938.03538144
6676,256510472.30297852,254362792.96643406,254316274.95561987,254472559.65880933,257398173.5159532
6677,260631383.4020996,254464826.32177296,254253264.0351214,254379636.87109384,256510472.3029008
6678,254389639.88330078,256746024.83097258,256589736.12599915,256720416.17935365,260631383.4021448
6679,258835498.61791992,254176003.32160488,253894825.78803495,253919910.071693,254389639.88319305
6680,257563024.49023438,256143202.0360194,256098767.3162927,256142256.4653186,258835498.61796293
6681,260217064.78344727,255826365.34749994,255616186.02710468,255687011.19131523,257563024.4903423
6682,260162458.39331055,257205082.11180475,257058664.51859576,257128930.07455948,260217064.7834182
6683,253383974.2709961,257563905.96016136,257333754.31986177,257400824.66023815,260162458.3933026
6684,257072712.74438477,254445678.75025022,254253250.6442087,254180628.26150024,253383974.2709652
6685,257368965.9140625,255814046.48220706,255854868.41454148,255831183.31980675,257072712.7442888
6686,255931034.89282227,256104173.17424405,255996734.58485734,256038581.43437195,257368965.9139418
6687,260990046.99902344,255479635.33582073,255380196.40725026,255374909.47996533,255931034.8929048
6688,250319608.15063477,257953430.121398,257901843.38663435,257967923.99659762,260990046.9990789
6689,247995229.71704102,253086055.0203874,252875004.209243,252787426.19768876,250319608.1506985
6690,250966278.2302246,251190966.0741549,251371233.49833608,251201759.64910746,247995229.71712577
6691,248612785.64990234,252087503.48490903,252293311.6873941,252270279.31565207,250966278.2303367
6692,255319091.17211914,250873581.62094134,250963872.43194008,250949474.9019806,248612785.6498797
6693,250081017.45043945,253918084.42631543,254081473.7273985,254161698.25432646,255319091.1720185
6694,249047888.09814453,251717297.40662077,251640079.7234203,251668410.95495927,250081017.4504122
6695,246024485.68530273,250914245.0287876,251040113.11861295,250994528.52593237,249047888.09806904
6696,253209680.01123047,249186339.64494056,249327833.37201646,249280203.75306058,246024485.68536693
6697,252352993.1303711,252308670.91341224,252532434.33016756,252617163.02126852,253209680.01129225
6698,257344786.21313477,252255819.94826642,252211877.1564718,252323121.42309478,252352993.13048652
6699,258230900.31689453,254859352.65924236,254865254.0108915,254990488.7770428,257344786.21319795
6700,254016551.25512695,255843968.12900293,255680249.53250372,255812732.82586214,258230900.31677657
6701,252850060.86621094,254109832.22408968,253950868.8755308,253959550.54891688,254016551.25514665
6702,252658042.85058594,253388526.594901,253387671.5518055,253352088.2025687,252850060.8663208
6703,254562654.63452148,253171249.35770065,253202472.87059528,253192564.12659687,252658042.8504904
6704,253121052.66064453,254028148.11728245,254057989.02509013,254092554.63529417,254562654.6346175
6705,253010198.73339844,253463781.89582917,253432293.03900632,253449791.1911928,253121052.66066283
6706,251979291.02954102,253315096.8199867,253337603.47559744,253339427.31675047,253010198.73333552
6707,246935935.4050293,252756425.3821562,252779510.6570136,252778619.55935884,251979291.02943817
6708,251192292.22851562,250078879.06317985,250139181.42099988,250068124.0401571,246935935.4050457
6709,254558716.5678711,251647305.35785744,251863290.99502897,251874033.36028036,251192292.228533
6710,260262325.43310547,253433787.38904428,253474587.06853136,253591652.85494965,254558716.56786892
6711,255486372.2463379,256606503.74091688,256537823.70746252,256711492.22461185,260262325.4331429
6712,255426024.28857422,254965757.61807132,254729349.78838,254786744.98210412,255486372.2463133
6713,251103888.3527832,254904917.7271066,254864571.8464416,254850061.9338723,255426024.2884629
6714,251039687.95117188,252792360.76804802,252752655.5797729,252698179.36775377,251103888.35268167
6715,250164123.4489746,252344970.84039646,252453329.96525928,252401979.5813435,251039687.95126185
6716,252173239.5559082,251703902.05723128,251794388.01559564,251776027.00329268,250164123.44908625
6717,252437673.56176758,252509595.24583906,252622718.7595845,252647682.3427852,252173239.55596203
6718,244731873.25073242,252709452.63571033,252745245.50073388,252789433.77741626,252437673.5618607
6719,247193771.6455078,248923910.46891817,248966669.92196977,248878028.52697524,244731873.2506401
6720,250838756.61328125,249463109.63163865,249763914.73667344,249712488.86544973,247193771.6455095
6721,250456477.66455078,251108502.29131463,251278441.93513748,251362548.9307222,250838756.61324963
6722,253311685.64282227,251146925.0955368,251195604.05326563,251266373.6749876,250456477.6645566
6723,258803901.5185547,252635878.5418793,252705586.24572334,252787465.2763279,253311685.64275685
6724,255788033.56225586,255644895.5756459,255605675.27307007,255768199.11162266,258803901.5185868
6725,255933544.1442871,254819425.78821686,254618028.90577978,254697246.95392698,255788033.56233767
6726,256105666.53222656,254939288.11717132,254867244.21821383,254883889.9044628,255933544.1442072
6727,250251449.91235352,255151301.5625237,255073601.1938549,255100614.11819816,256105666.5321421
6728,250050936.3022461,252321347.47784263,252252887.2687934,252183552.57540616,250251449.91241813
6729,248178993.03930664,251741099.50566196,251875081.2445576,251801339.20870435,250050936.3023348
6730,248546476.66625977,250526557.83874273,250642873.9610543,250601636.47834972,248178993.03930157
6731,248865153.96411133,250329526.23004884,250496034.5232018,250481350.50226605,248546476.66631356
6732,247472864.0732422,250333159.34910914,250470740.43866217,250490876.3041732,248865153.9642242
6733,247970974.62402344,249532600.4004992,249653761.7029151,249661851.3174231,247472864.073241
6734,242951422.22094727,249548461.36925447,249706191.4753664,249729030.2556455,247970974.62404963
6735,250031703.7006836,246956914.68450242,247094745.81726837,247061502.58853394,242951422.2208627
6736,250307469.77685547,249856508.28428304,250141752.90306547,250226684.58020112,250031703.7007981
6737,247133078.73095703,250343595.82371542,250357608.54464817,250499888.90881732,250307469.77685976
6738,254970910.75952148,248952007.4282288,248989502.2481476,249023653.890608,247133078.73099256
6739,247629711.66748047,252635041.55999216,252765864.57018542,252910045.3203998,254970910.7595936
6740,253401066.71240234,249641762.05425435,249510490.97777453,249563125.77645725,247629711.66744047
6741,250138642.1628418,252110215.45865256,252252173.5823676,252321578.31450304,253401066.7123939
6742,252597989.70117188,250865976.64827055,250789556.65490615,250863692.74108198,250138642.1627376
6743,246735898.8088379,251978762.86293057,252035659.09203535,252095123.94844642,252597989.70107117
6744,249213277.38891602,249298695.12111455,249273655.20736232,249262726.66737467,246735898.8087208
6745,251468935.95703125,250075973.82881436,250256284.45612675,250262356.14352036,249213277.38899076
6746,252153197.85717773,251221377.18096784,251288609.29364938,251383901.40476802,251468935.9571012
6747,247672413.15551758,251738832.78351426,251736367.2406841,251828974.33198696,252153197.8571384
6748,252441092.8803711,249629085.65952164,249615605.52434146,249619337.1622278,247672413.15553656
6749,257734955.57983398,251659015.92001814,251793684.34991363,251860221.43078712,252441092.88038272
6750,251018306.71240234,254578771.33368897,254525063.00768417,254711149.7377388,257734955.5799392
6751,253725913.85473633,251879967.7619113,251680892.0997271,251719168.97878075,251018306.7124172
6752,251565215.18530273,252933002.61548954,252984790.0175838,253005081.28086022,253725913.8547397
6753,251066058.6105957,252003241.4324422,251944103.94524947,251980462.1740598,251565215.1851873
6754,260443883.88842773,251626971.99933097,251657621.78598526,251664966.61855462,251066058.6106296
6755,253968671.1135254,256187989.39998993,256210849.3785199,256380502.14544535,260443883.8883989
6756,255797326.50976562,253844258.62042242,253562928.89426076,253632346.49029836,253968671.1136019
6757,256562349.8515625,254611491.61423978,254593831.0249838,254596903.15284288,255797326.50987536
6758,250062756.55395508,255142761.6955402,255044809.37010863,255101113.43793613,256562349.8515288
6759,254003810.77319336,252024120.22137162,251920344.43823877,251862105.55232576,250062756.55407625
6760,258589622.89331055,253463384.93537393,253579814.51294026,253575383.6809171,254003810.7732762
6761,253272401.015625,255843646.30704305,255789897.47259083,255918371.71710083,258589622.89340612
6762,253931797.51220703,253683958.70397002,253500511.07176477,253517705.17688236,253272401.01560983
6763,250727507.2133789,253772540.14300027,253790040.88790822,253769925.8306362,253931797.5121676
6764,249237787.06591797,252154994.13222745,252136653.2999869,252108549.6439105,250727507.2134025
6765,248629829.81811523,251087165.9632568,251184066.82367864,251134857.49714231,249237787.06585476
6766,249246785.4309082,250442439.7913504,250568839.72479394,250549265.7463424,248629829.8181573
6767,249875318.5275879,250541304.79514128,250676351.34701598,250690802.39705315,249246785.43087065
6768,245019414.75463867,250784115.92267716,250889307.83653402,250929142.23973784,249875318.5275227
6769,250589475.43945312,248346754.5524281,248432893.24086887,248400443.2625741,245019414.7547245
6770,252764108.86157227,250641705.87446383,250880265.66061378,250933092.71692738,250589475.4394203
6771,250790549.50952148,251983550.61297077,252004864.04319143,252140551.5192503,252764108.8615501
6772,247669981.07788086,251261336.8171196,251228253.05366716,251291266.394298,250790549.50944105
6773,251019004.28735352,249655655.35573423,249701281.93235448,249691044.04345778,247669981.07790455
6774,250840547.1550293,250997871.0562977,251136567.8978834,251192467.93850902,251019004.2874092
6775,253903394.1826172,251022218.05383885,251029103.98636,251116145.07387498,250840547.155085
6776,250717809.84716797,252592905.9566685,252614281.7690511,252722127.6846684,253903394.18259373
6777,254800341.58007812,251316639.01356268,251238161.90059468,251293854.28416696,250717809.8470704
6778,253877033.63989258,253227356.28870034,253267857.23829332,253352425.0233001,254800341.58016405
6779,255331198.50219727,253111509.84051034,253006121.19347298,253097180.38555336,253877033.6397865
6780,257659659.63183594,253931414.0169414,253877196.680598,253949830.02981052,255331198.50226104
6781,257380189.47827148,255315522.28843158,255212720.89615,255318031.44528237,257659659.63175312
6782,257396154.30664062,255528061.4832553,255358472.20988423,255436677.5526739,257380189.47819543
6783,255789221.9790039,255781236.702906,255644906.8203582,255687427.80840212,257396154.30663344
6784,250131428.56396484,255127616.03946474,255002883.0662115,255010339.45299,255789221.97906375
6785,251902826.20874023,252263101.9515941,252206404.82313824,252120669.1933825,250131428.56405735
6786,253259056.41748047,252653448.39330545,252788069.8942234,252742749.68153775,251902826.2086631
6787,254910896.640625,253189695.33133224,253230871.53433064,253268597.39366728,253259056.4175507
6788,256948897.2939453,254096635.1988167,254096548.83882675,254154988.3678065,254910896.6405538
6789,259176670.625,255264856.69893882,255206454.597575,255287397.0044362,256948897.2939889
6790,260481522.36743164,256669678.3471194,256550830.5328153,256645029.9091404,259176670.6249491
6791,256744899.2890625,257673407.70274034,257489264.8097062,257574884.93614134,260481522.36741957
6792,256534485.21313477,256193277.93996558,255991661.74957517,255983185.5764519,256744899.2890995
6793,262081634.1928711,255979461.17246893,255921981.0228427,255884183.34137323,256534485.2131821
6794,261331597.00610352,258701482.19343454,258636242.8822113,258709420.5235946,262081634.1928112
6795,259116967.64770508,258838759.73323557,258589517.562724,258651334.0423298,261331597.0060221
6796,257826749.3876953,257995918.9714455,257808649.07719648,257776818.3450447,259116967.64773387
6797,258555852.81762695,257323658.6074063,257222961.40982413,257163584.24616006,257826749.38774744
6798,251736636.28295898,257538182.4307445,257473584.73435903,257442745.84991753,258555852.8175961
6799,254934249.50073242,254190191.44811976,254110721.20061448,253988763.0992235,251736636.2829944
6800,257905077.33374023,255151664.86489764,255300456.47135672,255227722.08596084,254934249.50064215
6801,251584566.11645508,256619843.18374023,256620794.22441983,256663456.04649445,257905077.3336212
6802,256755138.74487305,253751127.23428062,253675194.24409726,253603473.8428823,251584566.11635935
6803,258319313.04492188,255793146.03289074,255927614.5072661,255913962.96497992,256755138.7449776
6804,255472247.6520996,256814673.42878196,256742526.50906444,256810358.56333533,258319313.04500723
6805,251792315.5961914,255638201.1758141,255539419.07567132,255522762.5088605,255472247.6521556
6806,255608002.9814453,253640037.60095212,253646324.26423505,253554890.76680908,251792315.59614253
6807,257149678.3190918,255162003.64440775,255277128.70506847,255267018.54848242,255608002.98142025
6808,259718238.53125,256083048.29025343,256050710.9134836,256104478.96906117,257149678.3190014
6809,257981526.0283203,257521162.89058056,257442654.64221022,257509956.05968496,259718238.5312126
6810,259095378.07763672,257003530.31552422,256849416.79883745,256869831.21003535,257981526.0283867
6811,251917816.8955078,257574936.8638535,257493413.4612572,257498803.84019065,259095378.0775844
6812,248757831.84155273,254152422.02656442,254042371.6852608,253944217.63079545,251917816.89555863
6813,252243668.11206055,252002876.7727589,252148810.63902608,251992398.14287543,248757831.84163448
6814,243089127.98120117,253157019.65087357,253370960.2948436,253341677.05049545,252243668.1121171
6815,243956360.31982422,248591544.30812293,248679640.18423882,248560128.98525655,243089127.98108304
6816,245972288.21191406,248087903.05805787,248483451.50069812,248368285.01576218,243956360.3197485
6817,258118999.59350586,248692524.50245368,249003438.6988946,249018423.17058426,245972288.21183035
6818,249936050.86547852,254629791.6243778,254842400.1444711,255062254.56375477,258118999.59359103
6819,248793551.72143555,251563945.13278154,251373520.57647356,251457838.9854309,249936050.86537445
6820,248630660.07983398,250715541.11626896,250853357.48519707,250801533.2572955,248793551.72138456
6821,248648097.40795898,250440774.27793032,250587218.0801827,250587734.66674402,248630660.07977703
6822,245598709.02197266,250312219.40514493,250457887.9113757,250474761.6628113,248648097.40786585
6823,249625456.74365234,248713782.645426,248858984.02516708,248837850.48517796,245598709.0219496
6824,252867746.0053711,250342688.42422003,250576475.9483901,250624436.8455016,249625456.7436572
6825,247543942.60742188,252147545.0812555,252223138.357,252352533.74383944,252867746.0052568
6826,249251651.56274414,249850731.60850075,249836765.58394566,249851403.30302367,247543942.6075145
6827,246807322.34033203,250384291.87724653,250561088.61237705,250566240.96317965,249251651.5627267
6828,244018172.75024414,249169866.0911341,249269477.21977082,249281060.7233177,246807322.34033984
6829,246076444.17358398,247513747.8199173,247702807.19761673,247665113.11665896,244018172.7502604
6830,241547619.6196289,248110636.55003178,248372712.70072174,248397508.3782418,246076444.1736137
6831,243414864.31689453,245779767.70702583,245957655.36803466,245951756.59642065,241547619.6196323
6832,244674445.08984375,246181074.03626412,246504863.64487204,246524158.83820426,243414864.31698197
6833,244700302.19970703,246707669.83608356,246937308.8119155,247025207.8859024,244674445.0899041
6834,249774970.98291016,246737536.44312924,246923192.89992747,247005641.54648143,244700302.19958788
6835,248300124.1369629,249242346.60941428,249417601.70012757,249568708.99047178,249774970.9829659
6836,248115334.49804688,248954730.0586453,248957250.1116292,249081544.1907193,248300124.1370093
6837,248498999.46948242,248938841.61936203,249013767.49708274,249082549.51385933,248115334.49792933
6838,242359494.77368164,249152227.5921416,249229184.21193898,249306335.48862565,248498999.46957248
6839,243805630.32641602,246122168.41643327,246194007.99465725,246175896.55457526,242359494.77379927
6840,253248067.81811523,246287903.19713628,246564289.9048199,246566397.62962362,243805630.326352
6841,254772343.3334961,250846590.61131576,251030494.72861466,251238649.07561624,253248067.8181992
6842,250201258.9116211,252352877.88889995,252214460.54731458,252442810.06098688,254772343.3335368
6843,254970014.87060547,250578887.41132182,250435995.057358,250501183.7322975,250201258.91150293
6844,249606542.9819336,252818342.6658183,252837293.77221066,252939183.65007085,254970014.8705588
6845,247597465.43920898,250572177.7248947,250429325.40459517,250475204.93080932,249606542.9819764
6846,246408921.53808594,249274806.11015144,249339825.33967584,249309824.74798363,247597465.43920392
6847,253100791.44848633,248410163.3529427,248525700.51316074,248521497.71633348,246408921.53806815
6848,252186285.99121094,251479241.36999908,251617264.17764798,251743327.5072196,253100791.4485781
6849,253545912.76611328,251467507.87356287,251366752.16609097,251498729.61342984,252186285.9912635
6850,249136920.3461914,252320391.99157783,252279920.48850375,252369551.04932222,253545912.7660288
6851,248901170.98608398,250346267.02467617,250267034.71990013,250285163.69415858,249136920.3462273
6852,251791780.45043945,249921912.42338336,250001953.28018215,249999715.68774283,248901170.9861279
6853,251180151.44262695,251195108.81442484,251258736.79601392,251340517.99288923,251791780.4505496
6854,256005247.9963379,251101507.9212871,251068048.329509,251147207.17991567,251180151.44252148
6855,253510583.60229492,253537941.39046997,253529317.4567877,253657430.2829637,256005247.99632785
6856,257551997.70898438,252774731.54195544,252606831.92553014,252695536.55872625,253510583.602324
6857,257298326.56323242,254786357.073295,254720702.28409395,254821716.64311156,257551997.7090289
6858,252666964.47192383,255074675.1973152,254869848.91480094,254977506.09584227,257298326.56323925
6859,246979901.5690918,252945380.00480735,252778854.89221084,252772767.9656035,252666964.47189865
6860,253283909.24536133,249824511.48108834,249827716.29214168,249728059.66512528,246979901.5691242
6861,260137650.82958984,252327347.43746614,252500859.955512,252541502.77567282,253283909.24546877
6862,255015055.29589844,255957418.82991305,255875994.29930902,256087289.61984915,260137650.8296144
6863,253373234.60253906,254195727.59645414,253918242.5427654,253997582.98888516,255015055.29599944
6864,249316100.16552734,253340279.16560057,253273644.77075332,253250232.8106416,253373234.60251263
6865,252323563.98339844,251228607.43589544,251217020.89715764,251160718.9471839,249316100.1655535
6866,250182465.64208984,252223791.01031408,252335585.19559214,252348729.3370557,252323563.98334923
6867,252458135.74438477,251204322.68613848,251196221.50712666,251223760.08467785,250182465.64204493
6868,249776450.38208008,252141882.45959744,252211512.08181867,252258171.71469408,252458135.74448225
6869,246591712.64941406,250913052.41035715,250897639.37165663,250925455.5258805,249776450.38201264
6870,253381779.46240234,249107656.02895695,249193386.3521781,249156730.33664787,246591712.6493296
6871,252651799.34985352,252099519.505747,252269204.2190042,252363848.4049013,253381779.46248925
6872,254570568.11328125,252148423.03236514,252073123.69979915,252193115.34628353,252651799.34994105
6873,254060995.14135742,253186883.1733568,253156742.6556435,253250352.48633078,254570568.1133732
6874,255761779.2175293,253195496.82955232,253101711.47610044,253183198.64388743,254060995.14135075
6875,251705779.8010254,254128398.98491135,254062846.91792837,254145543.38812375,255761779.2175615
6876,248950878.8244629,252340963.79280597,252226226.49492002,252243008.45205358,251705779.80112377
6877,253856059.1611328,250748789.73686367,250790897.80834597,250744707.40689814,248950878.8244866
6878,252008849.13623047,252818768.48861125,252929628.39448363,252995656.03319395,253856059.16106036
6879,248805884.27661133,252200212.87921822,252136825.5803734,252205219.71126738,252008849.13612023
6880,244147374.98779297,250578076.19035557,250603277.62505466,250582214.88333672,248805884.27660316
6881,248723989.52563477,247951579.02597797,248082853.88989753,248004895.01021525,244147374.9878787
6882,248679348.9650879,249645438.48088455,249912961.07941568,249941726.76783758,248723989.52562612
6883,255312339.47680664,249696091.5318131,249778768.0908719,249865367.2542984,248679348.96516907
6884,248809627.95458984,252991767.77062675,253077278.9507378,253237571.19596097,255312339.47688907
6885,244131354.7224121,250361929.8919814,250230807.53811005,250288092.41545027,248809627.9545043
6886,241138620.5883789,247710764.87190562,247835390.60332847,247754602.39451218,244131354.72246268
6887,245510907.59716797,245676736.65100026,245936894.38364506,245861356.76646858,241138620.5883064
6888,242483465.56323242,247304089.15635335,247636666.7415128,247684407.06947467,245510907.59705225
6889,248624696.43579102,245834392.53325418,245997330.92181164,246048872.99556154,242483465.56332216
6890,237889058.0678711,248537191.27330637,248795159.89544746,248919924.0773554,248624696.43574697
6891,236781391.86401367,243581171.5755512,243627419.4395438,243618559.90671733,237889058.0678317
6892,239577145.18237305,242130486.74005967,242557736.96472895,242486866.66674754,236781391.86407408
6893,246646378.390625,242944156.59673244,243346773.94754943,243424469.64418724,239577145.1824394
6894,245850440.03564453,246367380.4553389,246643828.40501404,246864439.08002353,246646378.39074385
6895,240913238.1748047,246552280.33593825,246592521.76525974,246785908.09725556,245850440.0355232
6896,246373130.92089844,244249009.48294288,244347501.4203758,244397300.5598107,240913238.1749105
6897,248876466.7565918,246587500.7774857,246842763.80960724,246971452.52359104,246373130.92101067
6898,245287009.54516602,248127801.8520037,248170958.29475865,248380076.28241873,248876466.7565756
6899,243066853.21289062,246730855.000473,246718040.7721856,246821634.71022725,245287009.5451026
6900,247505042.9074707,245513089.47149095,245640523.45730823,245674938.71480417,243066853.2129448
6901,244471865.43896484,247462302.45117095,247644302.61977994,247772078.6499084,247505042.90746447
6902,246014303.3388672,246250495.4766891,246279266.6504031,246382302.55963776,244471865.4390599
6903,244420682.94482422,246840730.53060636,246984441.0358492,247074915.5637637,246014303.3388604
6904,243240811.57006836,246123464.24394682,246204326.74582213,246294082.46392837,244420682.94473663
6905,243139355.57006836,245386244.55207074,245527500.21023497,245589778.10379246,243240811.57005456
6906,247038665.31298828,245114601.50824645,245284262.94830343,245363421.75998253,243139355.5701079
6907,245797646.79589844,246917932.94460672,247073064.7743016,247228048.718552,247038665.3128908
6908,241307068.4934082,246630354.25175655,246653360.71855146,246791438.99578577,245797646.79580057
6909,237871541.05639648,244426555.42793193,244516495.33195263,244549520.62133524,241307068.4933491
6910,241731097.1977539,242250712.11564657,242486826.37057972,242479206.4177811,237871541.05633727
6911,247296724.19799805,243600260.7605863,243921697.2927282,244023558.89986852,241731097.19783133
6912,244314093.45703125,246391280.32514432,246546424.06621268,246781854.4247174,247296724.1980905
6913,244419732.63183594,245421594.69874638,245403502.6593531,245566621.06327358,244314093.45714656
6914,245824283.50952148,245422285.72522327,245525505.8706321,245634470.73125294,244419732.6319272
6915,242969644.73828125,246132863.0293461,246221280.9509549,246367365.43998748,245824283.50954887
6916,244140785.95825195,244829075.2872645,244875758.71626607,244975631.05581197,242969644.73826665
6917,246009884.29638672,245207241.80700886,245352692.49271283,245456606.20770538,244140785.9583096
6918,249804998.87768555,246186212.2120426,246280337.7645702,246435487.5523826,246009884.29647624
6919,250001888.8017578,248236411.0884124,248264495.3480102,248469693.96979547,249804998.87771383
6920,244218133.17114258,248781563.19923064,248690854.11202464,248876573.53911522,250001888.8017512
6921,243875394.4494629,246151256.47714272,246082830.34281093,246134985.18129128,244218133.17102352
6922,250490945.08764648,245593439.5987595,245728982.9986777,245763876.35563603,243875394.4495329
6923,246492790.1989746,248646552.8822232,248759153.16039726,248948745.6437117,250490945.0877676
6924,249183502.4477539,247151263.2111468,247040956.98004276,247180083.27433228,246492790.19890308
6925,240658221.38354492,248389500.83922374,248442016.46575987,248561411.29682705,249183502.4477932
6926,237387565.5805664,244334016.09699723,244292321.1505401,244309918.0858844,240658221.3835136
6927,239004896.32373047,241988925.38470846,242252412.43157336,242200721.86994553,237387565.58067235
6928,237560390.32641602,242110857.8735907,242436707.33397454,242498243.03059083,239004896.32384145
6929,239915725.66308594,241179538.15455428,241428905.4508537,241522144.63431966,237560390.32629907
6930,245879899.27563477,242022287.66574466,242306025.7443972,242444530.6556269,239915725.6631697
6931,244912277.0144043,245005494.75255835,245184418.4287987,245439896.9861335,245879899.27570012
6932,248209605.94140625,244983534.72687602,244960279.5191199,245188197.6802254,244912277.01428488
6933,242218613.11767578,246756598.81634733,246784459.1926668,247002626.1756997,248209605.9414962
6934,243400165.96899414,244182927.67934522,244107299.4282093,244225818.42150006,242218613.11761948
6935,239879585.08642578,244466382.48020563,244615956.2502525,244711868.75379694,243400165.96896112
6936,239501156.5715332,242664095.654117,242752555.9505683,242845413.0861927,239879585.08643988
6937,244982508.28881836,242136223.77338058,242352852.06215546,242437979.80359232,239501156.5715731
6938,241681067.43041992,244575618.36232537,244771109.00222185,244983352.90320432,244982508.28886735
6939,238249560.40112305,243321794.54691207,243330924.4189544,243502568.50952572,241681067.4303315
6940,243311337.35864258,241511200.22302243,241659488.18450686,241728428.0902698,238249560.4012438
6941,243765052.24829102,243678572.2789317,243923509.1450893,244094820.33483213,243311337.35875663
6942,240448982.05541992,244151979.9626501,244207316.82583272,244422569.47640607,243765052.24836543
6943,241405017.90039062,242634429.25123894,242694926.09927446,242818552.37814465,240448982.05540267
6944,238696501.04516602,242911482.2842063,243086741.61605483,243213927.44952205,241405017.9005044
6945,242500462.2619629,241534426.95585784,241667523.51551902,241783024.8268673,238696501.04506943
6946,250600326.4543457,243112811.91939285,243330821.30526105,243504339.97116327,242500462.26200265
6947,244201602.8864746,247336245.13532984,247396006.98211464,247721611.77635932,250600326.45427877
6948,244755195.72973633,245022466.51252457,244837161.58159897,245026708.01783955,244201602.88635543
6949,245133921.43823242,245128364.2281877,245197693.05305436,245309019.46094158,244755195.72981828
6950,251857502.4086914,245345610.90017328,245377329.63013417,245534388.7451585,245133921.43824783
6951,249039667.2775879,248746531.44418716,248762978.95737612,249017533.64876497,251857502.4086076
6952,250274058.90063477,248025698.61883292,247824881.40109974,248026661.4674297,249039667.27753505
6953,248841805.01489258,248761222.43714076,248691666.5568508,248838643.42747757,250274058.90071625
6954,251801388.9189453,248296576.77849633,248188389.83103877,248319765.1074178,248841805.01477748
6955,248254141.83862305,249777571.15433744,249728954.78617015,249887503.05355418,251801388.91883412
6956,246186341.36157227,248319994.11800566,248177263.36290342,248287568.5401355,248254141.8385936
6957,248677609.52026367,247158646.202938,247158597.45776278,247204731.0522964,246186341.36157835
6958,249079820.70874023,248210563.35612226,248268810.7098182,248378784.14584458,248677609.52029312
6959,244754431.62036133,248568520.48245397,248538632.90029126,248676376.17518786,249079820.70871183
6960,250288484.7578125,246500403.03051138,246472844.26859027,246526567.77235675,244754431.6203785
6961,247604100.61547852,248916449.73920026,249029976.88132977,249163704.36289307,250288484.75787076
6962,250614832.23754883,247941749.49027526,247855659.59378117,247987058.70928556,247604100.6154692
6963,250407349.49047852,249355234.90430745,249379369.1528978,249509884.5621434,250614832.2375575
6964,249776896.88354492,249532888.9948412,249447602.87075287,249590420.79965755,250407349.4905815
6965,251005177.91625977,249363388.3774603,249304467.77737987,249405276.64193505,249776896.8835826
6966,247407309.32836914,250019762.0907802,249985554.52657455,250099389.43276745,251005177.91627952
6967,248744791.0341797,248366075.34126297,248298019.67321572,248359186.8071319,247407309.32839325
6968,250174883.22485352,248752896.94646403,248810293.1889526,248881336.6953723,248744791.0340943
6969,248953692.10375977,249488113.29656577,249482945.10259643,249608102.62171337,250174883.22497135
6970,249503080.45043945,249048837.73253372,249007178.33231762,249104534.88179252,248953692.10382977
6971,250292194.3400879,249251610.13466388,249253492.47522378,249348416.50133017,249503080.45036945
6972,247621692.23999023,249686792.20614952,249667707.2925536,249784456.35034546,250292194.340188
6973,245014806.4645996,248411529.95641205,248370149.73057875,248443742.73085758,247621692.2399244
6974,241325869.67138672,246925177.23471686,246982398.5803706,247008370.59291157,245014806.46468645
6975,248939002.24804688,244779885.35512373,244921524.58296782,244916569.58420223,241325869.6713774
6976,253231261.57202148,248050280.23001865,248289947.96169877,248435894.27721536,248939002.2479347
6977,248289206.66796875,250638097.89734024,250592163.4663319,250847134.28070226,253231261.57211208
6978,251502152.97802734,248803111.28564453,248653184.6325931,248764544.52011654,248289206.66799605
6979,252343539.0419922,250248586.55829442,250282275.87915638,250390130.1712308,251502152.97814885
6980,246365862.4506836,250938449.95420176,250850610.7051739,251001859.39033553,252343539.0420136
6981,247526799.47924805,248157234.99841338,248066065.8868749,248095428.56350112,246365862.4507116
6982,244568010.92749023,248324535.45135826,248443720.97605413,248477589.3841655,247526799.47916204
6983,245077081.25512695,246752995.7476635,246812132.2601202,246856042.76960272,244568010.9274317
6984,246256857.95385742,246683214.38637817,246843498.26921934,246896260.0687807,245077081.25502905
6985,250257311.08032227,247162145.94322485,247288552.30058125,247394202.57850438,246256857.9538729
6986,249548498.79003906,249149542.66034982,249226137.52459455,249398914.7725399,250257311.0802159
6987,249578282.5205078,249162853.19572353,249105616.1920224,249257978.3910453,249548498.7901118
6988,248202406.82763672,249338688.88516203,249327951.44757706,249436456.75509533,249578282.52048057
6989,247077442.10180664,248743374.41321483,248736341.53883943,248819580.59781283,248202406.82770327
6990,241557210.33398438,248105797.43419605,248150239.43900943,248211755.22031927,247077442.1017068
6991,244517209.04882812,245244787.7849715,245333436.75330555,245321392.1967058,241557210.33396825
6992,247507893.2158203,246134246.12056166,246397903.10107392,246447166.83746633,244517209.0488841
6993,248119393.20263672,247622973.68352726,247753400.20120305,247907315.81439236,247507893.2157312
6994,251906501.51757812,248187433.1542068,248227086.28314131,248374080.44815853,248119393.20274904
6995,247402208.17407227,250191904.01549208,250211632.0848691,250389717.93374026,251906501.51757476
6996,245595149.64624023,248406776.62822944,248311809.55543056,248403618.13930544,247402208.17407227
6997,248020719.28100586,247340589.20048484,247421891.6473906,247441258.85993886,245595149.6462949
6998,247192831.4411621,248341799.85827333,248468530.78712872,248557626.67888984,248020719.2808939
6999,245007853.1105957,248010181.11076346,248045645.31186798,248144888.50621364,247192831.4411216
7000,246467579.11450195,246886761.52702627,246962431.12046468,247011058.79550022,245007853.1104973
7001,244755164.98950195,247375178.27951503,247515459.79140255,247595413.33073592,246467579.11449003
7002,248258442.6809082,246541289.584941,246624408.99518988,246701786.26917434,244755164.98949945
7003,245476515.1821289,248086761.2898759,248223591.1620622,248348976.03750142,248258442.68095443
7004,246858041.7956543,246926976.46674123,246937789.93810153,247037555.8791923,245476515.18213025
7005,248023400.12573242,247475309.43931207,247593453.77166143,247683390.2299258,246858041.79569185
7006,244240725.31518555,248106879.24813274,248164902.2487332,248294818.45257628,248023400.12583864
7007,246296644.97094727,246337975.73883834,246364972.52172115,246426075.61546904,244240725.3151005
7008,245775239.74853516,247102560.77455184,247262816.0180155,247342268.1805516,246296644.97090107
7009,244926081.07348633,246872823.6096564,246944476.15825456,247051433.5324724,245775239.7484346
7010,251134422.7553711,246421352.67497972,246519816.13429776,246600094.291205,244926081.07357955
7011,249697851.5576172,249395362.87288955,249508192.03753945,249689634.0164009,251134422.75535727
7012,251722802.43408203,249195810.84893668,249095621.90939057,249261772.38818792,249697851.557592
7013,247228262.6279297,250337829.15420824,250314209.41617605,250449167.20765945,251722802.4340011
7014,246770391.1274414,248371195.7538619,248283743.13565058,248348627.9220308,247228262.62785748
7015,251212920.77416992,247903586.25045553,247985073.81121624,248016872.7122306,246770391.1275012
7016,251393962.88110352,249971501.32530847,250046220.6170712,250183940.18679854,251212920.77408087
7017,249360362.49438477,250394337.12323976,250316302.5868928,250465543.46692857,251393962.881034
7018,251297105.62451172,249576945.11919615,249516659.03073898,249592863.65399152,249360362.4944144
7019,252157449.77001953,250470089.23768333,250481691.44606322,250577178.94484988,251297105.62454328
7020,251647752.54003906,251050553.51780075,250990486.86765903,251113162.84917137,252157449.7700558
7021,249769995.19140625,250972273.75558934,250896940.88992107,250991265.52594233,251647752.5400624
7022,245326505.09936523,250110082.472826,250061783.68235138,250111746.39000314,249769995.1914783
7023,246986658.22509766,247833814.67563194,247861988.7432455,247841004.2309128,245326505.0992668
7024,242494527.8815918,248203269.82989946,248374669.70213217,248398890.5126745,246986658.22520524
7025,242630184.4814453,245840487.4138253,245935074.94410187,245943124.33385623,242494527.8814785
7026,248097760.13183594,245415122.50764304,245661701.14967877,245673179.07326025,242630184.48142248
7027,249881042.16918945,247848306.8620263,248053300.43870425,248203412.43395504,248097760.1318018
7028,245828231.87939453,249028011.25673407,249033073.55858493,249224720.74632,249881042.16919056
7029,250556034.05541992,247325183.42834336,247296501.43400136,247377533.47850358,245828231.87938905
7030,254793695.2319336,249450507.2432495,249559821.2252432,249687844.61713162,250556034.05548757
7031,254923135.4790039,251923239.76848656,251853108.5721111,252073246.77474535,254793695.2319196
7032,250330333.50390625,252588134.32378837,252400281.88966832,252572464.36271983,254923135.4789172
7033,248380098.88989258,250667307.16200036,250511492.91065586,250556167.4173375,250330333.50392544
7034,252185617.10986328,249480783.1996371,249494277.22069097,249491403.84039906,248380098.88998023
7035,244771215.11254883,251118646.54732865,251179506.1190598,251272193.3096905,252185617.1099462
7036,249947100.03881836,247652014.39322466,247587089.10512626,247591125.74906638,244771215.11262977
7037,254720726.31225586,249639089.7444742,249833300.303046,249889930.7048953,249947100.0388812
7038,249805056.88110352,252195474.00762972,252170897.26400512,252370217.8459012,254720726.31231093
7039,254965874.9399414,250314364.59712335,250159773.13436863,250240288.68835315,249805056.88122413
7040,253676118.98950195,252729907.2013434,252759848.7954341,252865661.33842978,254965874.940036
7041,249735632.8371582,252522573.3604248,252364602.14264876,252481967.3396131,253676118.98961425
7042,254467537.97753906,250685747.22933888,250608506.02448395,250614415.58570012,249735632.83704787
7043,255333611.1982422,252731790.97770628,252778461.895759,252861776.17719954,254467537.9775499
7044,249550807.34545898,253485049.87511507,253356852.89562503,253486791.27964637,255333611.19831988
7045,254327310.5029297,250877734.03744537,250754677.36392877,250752505.1672639,249550807.3454048
7046,250798488.89648438,252864257.5633315,252938303.1427249,252994745.79359835,254327310.5029348
7047,258424130.6862793,251377547.890789,251272887.20106468,251325097.50736028,250798488.89649385
7048,253412116.31982422,254997571.4588185,255025422.0044535,255155079.0985081,258424130.68616495
7049,251904828.11621094,253142601.19549978,252906212.72963086,252984671.09523654,253412116.31989336
7050,249735598.98828125,252283122.93722516,252260474.46364456,252241166.89669806,251904828.11625132
7051,247439758.04907227,251021672.65799612,251035354.5700916,251018799.88301787,249735598.98822716
7052,250273251.81518555,249608372.12218845,249695013.4340885,249662177.63003632,247439758.04917228
7053,252009444.08447266,250654428.4074671,250802608.7802352,250843871.74589068,250273251.81526703
7054,249163309.76000977,251561170.175162,251593021.46875337,251694134.7817757,252009444.0845341
7055,250776933.58520508,250331032.2925278,250317746.46382305,250355962.2542928,249163309.76005065
7056,251229886.0661621,250949847.0228049,251036875.21576503,251082367.08826318,250776933.58518356
7057,244835278.94970703,251241477.57593703,251259633.368486,251335203.98829538,251229886.06621584
7058,244451227.7553711,248154419.74775094,248176457.77901167,248140401.14601612,244835278.94973123
7059,247320253.2944336,247372951.0323419,247609487.74043286,247567595.32710233,244451227.7553349
7060,252691255.54223633,248456985.60469627,248670014.50430933,248739356.38913712,247320253.29446515
7061,243478284.24438477,251155507.85423046,251250518.88646784,251423496.46637872,252691255.5421941
7062,248931454.7314453,247071617.5534169,247003427.34560224,247014405.71094796,243478284.24434105
7063,250645607.7229004,249184482.57062107,249443504.1259318,249485330.64104235,248931454.73154077
7064,249634018.59887695,250229296.45610046,250259700.09615466,250407575.30519736,250645607.72281677
7065,249514293.41918945,249947579.67013186,249941225.6395917,250032410.77891874,249634018.59879103
7066,243474736.12475586,249920785.41061872,249956229.28024632,250023834.49518353,249514293.4191936
7067,254218115.5505371,246919027.6007368,246964976.09157062,246943980.46931216,243474736.1247601
7068,255790743.63085938,251690227.58937353,251923044.15716594,252071076.99774662,254218115.55042768
7069,257603049.79492188,253173804.82795182,253012124.50779027,253242315.88182157,255790743.63094604
7070,254590607.2067871,254560957.80211127,254389987.12550536,254550016.13807726,257603049.79495868
7071,257935045.33544922,253551191.70370102,253342739.2628368,253416669.42150053,254590607.20680645
7072,253648244.0288086,255224459.99216837,255134839.9350185,255222168.39864668,257935045.33541
7073,260142375.7224121,253499138.94114098,253303345.88832334,253334533.92962956,253648244.02888465
7074,255396355.6850586,256609340.00413364,256577573.64670202,256668343.33375987,260142375.7223493
7075,254381714.4152832,254829481.9850595,254577315.74108517,254623108.66406158,255396355.6851795
7076,252804779.4465332,254188570.44198352,254133335.68244112,254100011.6886213,254381714.4151626
7077,253683553.34472656,253325479.7787806,253295560.25301728,253269568.4712144,252804779.446632
7078,251346022.54370117,253587420.83968663,253610258.8736943,253610736.70502248,253683553.3446183
7079,248762761.36108398,252394898.68293056,252383437.2240164,252370508.06312773,251346022.54363835
7080,249211656.63964844,250843216.69489044,250913906.8794772,250862612.43929854,248762761.3610839
7081,246806418.23754883,250691387.85525554,250833110.18846673,250817825.17641878,249211656.6396144
7082,247691482.6694336,249341821.55338013,249458063.1762513,249440598.5283648,246806418.2375938
7083,249263516.8630371,249405088.23361462,249590683.13489893,249597858.4648016,247691482.66943648
7084,249817384.1459961,250101946.2813089,250238451.93761116,250299877.73368415,249263516.8630086
7085,248499425.35595703,250440949.99280354,250522606.9857265,250593200.55834147,249817384.14601383
7086,243626109.95214844,249805068.8572095,249867129.83473787,249907871.29762724,248499425.35598165
7087,251194209.38378906,247286309.1989903,247401766.0987579,247361889.88308716,243626109.95219803
7088,249525213.96777344,250502871.1156034,250761646.45235977,250854424.07238486,251194209.38379788
7089,252893965.15527344,250069689.69606507,250044823.84168935,250163652.39439598,249525213.9677632
7090,249517279.21557617,251793956.4760351,251851284.27866054,251957794.38292915,252893965.1552064
7091,254452614.06152344,250438076.1122065,250380174.09752253,250440442.1976758,249517279.215519
7092,252822928.09887695,252723271.3210901,252786301.08359173,252886997.31728905,254452614.06159988
7093,248914263.98291016,252347682.5203571,252238432.14704996,252334229.8828283,252822928.09899083
7094,260602691.09838867,250448352.40738034,250422103.7370739,250410150.23935246,248914263.98281875
7095,261050211.75756836,255986358.3269911,256076225.98145238,256248832.69923583,260602691.0984801
7096,256140716.74072266,257126478.54218242,256804477.26706362,257016429.13971508,261050211.7576116
7097,254927242.2939453,255219086.98776639,254948067.87365398,254969346.9364404,256140716.74082333
7098,258486965.03515625,254493595.19973412,254406182.14482823,254378176.57053056,254927242.2938675
7099,254016119.48535156,256155756.07027003,256095158.71960458,256152416.21763793,258486965.0352648
7100,254100378.4169922,254262310.96598104,254091147.0099672,254089958.84221876,254016119.4853072
7101,257420489.13085938,254067122.15907195,254068181.45112798,254036436.0188138,254100378.41694155
7102,255450577.87304688,255614978.2884063,255590200.0392586,255648481.3375988,257420489.1309364
7103,248724375.99438477,254914985.3591282,254783632.71751934,254815212.96752918,255450577.8730354
7104,251212022.5378418,251521429.7959422,251483836.3679069,251383481.39590982,248724375.99431577
7105,262857089.90112305,252093586.55338204,252269765.15730053,252226612.78942093,251212022.537914
7106,253733682.25463867,257815659.41372827,257859532.531624,258062924.30323485,262857089.90102285
7107,257542041.04541016,254328692.6065688,254000970.98777798,254049285.756285,253733682.2545276
7108,258703952.07836914,255917686.66494676,255951610.89961603,255943681.96902207,257542041.0455299
7109,260408600.64013672,256698234.16068977,256564684.11015677,256639202.4408121,258703952.0783164
7110,256898417.9645996,257841032.3072901,257693407.70534626,257755103.5728511,260408600.64015123
7111,253386285.3256836,256424682.07358885,256237499.67187846,256224414.6006066,256898417.9646486
7112,249789608.2866211,254541827.10804766,254494065.76926106,254402593.43759623,253386285.32574785
7113,244835087.03125,252388425.55004942,252456620.36181548,252338124.29971004,249789608.28664917
7114,246070386.88452148,249387951.54088917,249564298.61805555,249412675.74726146,244835087.03115967
7115,246694453.51464844,249306300.17636287,249629145.43677837,249546695.76732573,246070386.8846413
7116,255808507.00219727,249282477.49240953,249524756.68325832,249523681.20081696,246694453.51458943
7117,251996388.0510254,253627283.51610336,253823921.5988956,253976324.91784862,255808507.002258
7118,257395169.72314453,252411357.81689897,252292894.92549804,252390746.6929739,251996388.0510195
7119,250102167.1040039,255080574.70002526,255122016.38839546,255214610.87889004,257395169.72319236
7120,251512192.1352539,251936290.93089095,251788454.74675778,251787425.24674892,250102167.1040389
7121,259252273.15625,252243121.47863916,252371821.51798993,252336691.48554826,251512192.135312
7122,259456742.66064453,255996037.94704443,256031920.86104664,256178515.4999838,259252273.15616572
7123,260034255.45361328,256776521.2543371,256556875.8487234,256697644.27377045,259456742.66057903
7124,264279582.1459961,257437084.5569727,257246866.1114187,257317207.72165263,260034255.45370737
7125,262051995.11889648,259854715.44208914,259652045.70029014,259762609.37197754,264279582.14597675
7126,254345051.61791992,259342559.50107253,259016123.16515088,259068691.56690192,262051995.11891168
7127,256443291.13061523,255660254.83889747,255452901.84521025,255332259.24099636,254345051.6178309
7128,246828917.43237305,256137028.95493263,256191423.7185216,256109945.99234924,256443291.130553
7129,254471784.43945312,251283810.51233354,251252161.2502824,251097139.47911236,246828917.43238905
7130,258184657.2224121,254154522.82577708,254443076.6427451,254405177.6590179,254471784.43939263
7131,252314858.17407227,256233221.9191215,256208212.66019717,256328836.05360565,258184657.2224158
7132,251002974.92114258,253727768.24403268,253612675.61852318,253590334.1644669,252314858.1739633
7133,250934305.94091797,252724373.32410535,252824579.1664544,252744108.3294782,251002974.9211844
7134,257311750.62768555,252393368.57095194,252509864.36285692,252478496.94345915,250934305.94085383
7135,257152105.24365234,255446819.60967362,255551962.11729136,255637966.9037737,257311750.62776127
7136,253859150.8034668,255852376.50973225,255735401.3531089,255825996.20314413,257152105.2435628
7137,252312108.65893555,254457694.5976269,254381774.10482457,254359141.03199714,253859150.8035606
7138,256021535.74267578,253503026.54806933,253541821.04476482,253485094.74225724,252312108.65894356
7139,261399508.8034668,255160360.73462328,255237887.63321355,255263177.13711354,256021535.7426541
7140,259711326.2373047,258063607.6389942,258001046.9203631,258126196.77492487,261399508.80346715
7141,252917763.9128418,257845686.25371328,257618032.15008825,257680167.1537861,259711326.23741412
7142,256696366.17285156,254710118.5672795,254585801.8158527,254477630.48687696,252917763.91282657
7143,256184912.56079102,256067096.61982694,256167417.41565618,256120504.4676148,256696366.17276135
7144,254128754.73339844,255893244.8525689,255837195.29959154,255846340.72406667,256184912.5607987
7145,255316174.88623047,254865083.4744812,254843268.02545306,254796391.84904307,254128754.7333068
7146,260947173.12890625,255277180.39183915,255321945.28964466,255298172.33976457,255316174.8863431
7147,260372551.88891602,258067262.60366526,258051517.32830045,258135869.38676637,260947173.12900048
7148,258139433.34594727,258320514.0674145,258120236.6095079,258184814.83821887,260372551.88882044
7149,256306087.9338379,257453016.80754477,257306208.5365427,257276685.23378065,258139433.34596115
7150,258590763.76000977,256466997.7000816,256403741.71157184,256337972.087072,256306087.9338018
7151,260299498.6748047,257410718.59571475,257399948.8286386,257384433.71772742,258590763.7599512
7152,253606706.05566406,258439755.2481047,258343900.05963984,258370314.57802802,260299498.67473897
7153,258567402.6027832,255396584.7721952,255271926.5076108,255173382.55426052,253606706.05561244
7154,256714666.7145996,257312861.50392997,257410355.1753419,257373187.96753365,258567402.60277456
7155,259881383.34692383,256636053.58222717,256541669.25775516,256535564.6912164,256714666.71455076
7156,262200042.15454102,258135538.04362854,258118972.66720608,258124891.1140917,259881383.3469849
7157,251737403.22192383,259548973.66022775,259414069.47030985,259469707.67297032,262200042.15457448
7158,247935238.56420898,254666142.96891224,254483170.7378263,254348453.79997092,251737403.22190496
7159,252590165.47216797,251965356.4938901,252153500.12596527,251937719.92543235,247935238.56416503
7160,257881416.8371582,253518083.58284873,253779431.05521104,253738506.14723268,252590165.4722602
7161,256319582.95947266,256156115.5269437,256223721.6110267,256324495.74628308,257881416.8371964
7162,250930467.13793945,255863405.42091838,255766711.04237357,255814176.17926785,256319582.95948607
7163,260137367.78588867,253279016.17324015,253263586.3873564,253173872.35266545,250930467.1378241
7164,249456694.7067871,257456218.7044226,257610688.4540883,257664296.5134286,260137367.78577003
7165,250451290.29345703,252750731.4511874,252582870.1378908,252522325.76764104,249456694.70681787
7166,247196676.41625977,252567523.611776,252802251.5863973,252678609.28680688,250451290.29340115
7167,252433548.24023438,250653669.1045779,250805580.43054712,250729518.80965483,247196676.4162571
7168,252533605.875,252805360.96056822,253056327.63761377,253069241.95666143,252433548.2402248
7169,255580670.18725586,253100804.99588373,253152665.9846277,253207323.60169846,252533605.8749526
7170,247518791.7019043,254676073.99892515,254734278.00493625,254796365.3522274,255580670.18725345
7171,249933356.2709961,250962263.27756593,250924823.8613231,250857599.91630742,247518791.7019457
7172,255858953.9309082,251552510.44710553,251797292.69235393,251738439.5316705,249933356.2709244
7173,257108098.3581543,254370200.02104807,254483989.30918983,254593860.02757645,255858953.93088505
7174,258152204.6513672,255418338.174088,255329863.2903955,255450449.80945355,257108098.3581524
7175,258288878.49243164,256296380.9106194,256192538.70330277,256269298.04211247,258152204.65128005
7176,257562440.31567383,256634752.7190686,256502316.36354145,256552864.135662,258288878.49253443
7177,255684117.32104492,256536520.49819013,256419240.28242904,256430178.4314038,257562440.31576625
7178,255656988.27612305,255686847.28724226,255609048.94643313,255578178.2083454,255684117.3210432
7179,257675506.19262695,255531450.5714446,255517827.86372674,255488959.43299642,255656988.2760277
7180,253381940.6159668,256503696.49190718,256484096.36857066,256501281.12400553,257675506.1926806
7181,254478826.61694336,254561641.31781733,254481613.16389087,254433297.22751075,253381940.61607105
7182,255312487.01220703,254837268.7535162,254914212.6422898,254863439.68510577,254478826.616868
7183,258053909.44726562,255195618.28245187,255215207.96633953,255217864.31912804,255312487.0122801
7184,257629450.96020508,256585942.6617387,256575195.30933785,256617005.4701369,258053909.44715327
7185,253355217.5727539,256656250.96528152,256555800.29965967,256581914.82424155,257629450.9602012
7186,251565053.63012695,254665918.4225422,254601945.38866255,254530607.26349118,253355217.5726527
7187,254175305.99243164,253461139.04400763,253547476.52946493,253447173.2014344,251565053.6301082
7188,251623118.1142578,254398152.05234206,254521185.53607348,254505320.6087288,254175305.99249855
7189,255497622.72705078,253145906.71140653,253167219.38604975,253141958.80053315,251623118.1141484
7190,255968928.6220703,254860040.77984872,254969863.71750554,254988311.0725424,255497622.72693625
7191,250923067.10229492,255319737.61966166,255282836.19518363,255333291.3014709,255968928.6220364
7192,254531577.71948242,252948152.58235675,252917422.440096,252856275.98063192,250923067.1021796
7193,247130637.3461914,254362707.6826776,254499123.7298465,254483934.2991484,254531577.71943733
7194,255107623.31591797,250836439.80753884,250840861.05295655,250758018.89357847,247130637.34621665
7195,251187816.42016602,254135474.9250998,254388361.30256557,254407313.27701968,255107623.31595016
7196,252145261.33422852,252562172.22825,252510798.86522833,252542961.60888886,251187816.42026624
7197,256442825.36083984,252825434.18907917,252933392.70195717,252918209.7242629,252145261.33419257
7198,253342669.66088867,254957755.97633475,255006868.95291173,255088801.89266297,256442825.36091945
7199,253445726.06079102,253792175.68803063,253705444.75913224,253732174.36441162,253342669.66100317
