idx,truth,norros_f,linearP_f,farima_f,persist
5808,245072251.37036133,250175128.3847402,250175334.08387628,250284549.25669706,252092647.8936608
5809,247261359.9909668,247854534.63405532,247823560.08127818,247748610.27154088,245072251.3704195
5810,246863524.1772461,248253824.17547014,248350796.09616017,248354732.13733363,247261359.99105465
5811,252672041.08764648,248068640.4769169,248117082.8293191,248141882.68813777,246863524.1772108
5812,252641494.79296875,250188755.2266737,250213586.7436,250360299.9363964,252672041.08752772
5813,253405509.31567383,250624131.0584063,250534102.1788811,250628990.97981378,252641494.79306343
5814,251672278.2619629,251172414.87488616,251087327.69854942,251144661.85939294,253405509.31559935
5815,253567779.89624023,250726479.97329566,250638694.50169092,250632720.33617237,251672278.2620809
5816,250389377.63720703,251431767.24529508,251371770.3378049,251401576.5106744,253567779.896287
5817,247068329.87939453,250406737.35378212,250328034.81961796,250278613.18768698,250389377.6372533
5818,246068603.29907227,249018914.61000252,249026263.9898206,248919157.61957258,247068329.87951112
5819,249414869.80322266,248284816.2599973,248359837.12639526,248286585.44800436,246068603.29913345
5820,248975754.6845703,249269967.87758046,249340607.81951493,249383576.41430575,249414869.803305
5821,248052889.87353516,249245917.42278996,249251973.9047402,249277120.49164575,248975754.6845258
5822,248718228.73828125,248903939.9575598,248925329.47352177,248919404.29442433,248052889.8734456
5823,245069095.9807129,249082287.15362146,249116284.55953455,249132181.4591479,248718228.738383
5824,245270325.8400879,247715239.4002255,247755460.8025113,247698997.2672465,245069095.98079893
5825,245302888.55297852,247451635.37602982,247560125.06792957,247544952.51041973,245270325.84019345
5826,251698466.4819336,247285986.17815083,247383111.08508077,247403073.1543307,245302888.5529593
5827,250285444.015625,249602862.4879085,249661713.31554645,249825079.69463554,251698466.48199472
5828,248109939.14331055,249524671.15802655,249464738.77477974,249546207.48874316,250285444.01556796
5829,246986718.50610352,248814999.02516195,248801121.03674066,248798968.03669074,248109939.14319807
5830,252908600.73706055,248289321.956416,248323393.60311872,248310564.90883306,246986718.5061348
5831,249961366.9248047,250398753.1795992,250421378.9516734,250551784.72448227,252908600.73714972
5832,251066551.78833008,249703769.4326936,249626261.53143153,249652913.2850225,249961366.92478463
5833,251343659.23706055,250118860.25956532,250100631.9019327,250127675.628869,251066551.7883026
5834,252865783.51586914,250337663.96496123,250295724.49956232,250323006.92437544,251343659.23703808
5835,250368274.88110352,251004954.39304805,250951951.62842897,250995355.27241197,252865783.51579827
5836,252813368.6357422,250276773.58462557,250211558.69353658,250177957.42357758,250368274.88099515
5837,247872666.6225586,251103328.85732928,251077095.74653074,251098637.5661112,252813368.635696
5838,251639439.4609375,249400594.46467978,249352722.08993813,249262920.89912957,247872666.62253025
5839,250660019.32958984,250529943.4555415,250561519.76831102,250574400.9946219,251639439.4609733
5840,244208763.84985352,250342039.57262394,250301922.68350407,250292778.25234592,250660019.32964173
5841,247424890.42138672,247878261.11959034,247896838.72917235,247748228.09377944,244208763.849786
5842,245682940.68432617,248508577.30862358,248630748.61824092,248618755.9132255,247424890.42148736
5843,248381134.78295898,247806339.7600096,247866263.7591243,247850324.97077307,245682940.68426803
5844,251580563.7314453,248606438.44109014,248684770.06214604,248741667.69728222,248381134.78300965
5845,248844128.01660156,249904824.76866794,249906874.5554814,250024664.98348388,251580563.7315389
5846,248371692.36914062,249188589.17261356,249145855.19713807,249161001.50181922,248844128.0167135
5847,249660593.89697266,248931304.6305734,248947601.51339805,248947854.71937677,248371692.36916545
5848,248861073.3720703,249345007.07570058,249360429.831626,249403062.13593093,249660593.8969633
5849,247264357.8713379,249127625.7509494,249123151.79929093,249142204.95753926,248861073.37213615
5850,248755443.4897461,248492129.19044012,248512950.5409357,248498459.99948642,247264357.87140417
5851,248054689.49291992,248923805.99052218,248967411.35719416,249001238.8471864,248755443.4897265
5852,248271308.1040039,248698645.87234864,248714617.86836475,248735874.29509088,248054689.49290207
5853,248885687.75317383,248745096.47495976,248774860.84475273,248799777.69638374,248271308.1040556
5854,248163752.25097656,248971595.6856664,248992018.21776122,249032119.93104324,248885687.75324252
5855,247343883.47216797,248748560.01398137,248762075.68204567,248781291.98449463,248163752.25107187
5856,249467935.9506836,248369917.24247783,248400757.83835566,248408067.6844407,247343883.47216737
5857,249204022.4453125,249098415.90842927,249133147.46661076,249194149.8829475,249467935.9506417
5858,247946901.13476562,249137424.0495635,249131002.34232023,249173160.37826926,249204022.44533125
5859,249134838.23461914,248724362.47149086,248733336.2504458,248734726.0535509,247946901.1347865
5860,246505627.13623047,249080326.9166335,249106192.35487762,249142127.79241285,249134838.2345268
5861,248775504.82641602,248134094.90347266,248149989.9746419,248131515.21172255,246505627.13619548
5862,247133759.57739258,248775043.88616037,248828994.35310945,248878017.0592754,248775504.82641345
5863,249518887.52490234,248233983.06786242,248249490.17655736,248266190.20279044,247133759.57731655
5864,249036167.7175293,249006518.47927,249041382.0679202,249114375.18126577,249518887.52499053
5865,249708905.13916016,248960290.56806627,248948753.70596567,249001288.32602367,249036167.71747875
5866,246175060.27416992,249254380.03727314,249251082.89914393,249303489.77642906,249708905.13908035
5867,242958053.93432617,248013826.29744253,248017947.0761791,247987962.70795918,246175060.2742786
5868,248104206.6225586,246527367.02154478,246618597.6139466,246551901.48225132,242958053.9342105
5869,247451599.34326172,248049333.7630299,248168690.41682786,248269673.79597768,248104206.6225609
5870,245792095.95874023,248004503.5997473,248022377.35887712,248101786.1571185,247451599.34335065
5871,247966564.84106445,247389062.7296258,247431656.03468573,247458120.98408747,245792095.9586827
5872,242966181.828125,248088321.9308314,248149450.9032361,248233683.74719647,247966564.84116197
5873,244825961.21240234,246316305.7224016,246360513.05859596,246334190.8472332,242966181.8281711
5874,242878309.32299805,246653904.49026802,246786866.324507,246833092.04353878,244825961.2125221
5875,245320233.8293457,245842919.44913676,245942338.19525167,245975817.04795745,242878309.3230304
5876,252253450.95922852,246526760.66332918,246648947.944645,246754624.40226915,245320233.82930675
5877,249739578.10668945,249225637.67907846,249256234.65565175,249500036.37014276,252253450.9593452
5878,247066615.08544922,248916530.36981842,248829882.34841296,248938419.96024615,249739578.10663977
5879,250455365.7993164,248003664.11096203,247988454.82509047,248001097.22497517,247066615.08537585
5880,250020557.64697266,249151299.87654123,249168930.74827075,249269653.00151753,250455365.7992601
5881,246124634.10839844,249223884.94252038,249177565.01572764,249251627.23116103,250020557.64687884
5882,247887807.47509766,247841536.64090413,247830915.988279,247803712.74197447,246124634.1084397
5883,252706064.81518555,248221407.54663998,248276053.32082498,248318292.86200106,247887807.4751592
5884,253778212.91333008,250066425.01994094,250057132.74234703,250210267.8145103,252706064.81529832
5885,255220562.48364258,250879488.13403538,250772131.8058204,250895135.85666814,253778212.91325837
5886,251096197.94189453,251774141.50706637,251646364.70352557,251739317.72986704,255220562.4835524
5887,248738442.30810547,250541588.03098658,250414619.9884466,250378509.4977785,251096197.9419981
5888,251417819.26586914,249493960.29745033,249465246.58336174,249391891.6250126,248738442.30804932
5889,247519572.58789062,250290054.30226606,250292319.1862835,250314468.6678617,251417819.265831
5890,245028801.2980957,248929445.86609915,248900261.5553548,248842452.1252073,247519572.58792573
5891,247332563.81079102,247718723.15297833,247782146.0487533,247698223.44663933,245028801.29808456
5892,247945762.70507812,248227450.18147382,248321156.4097122,248342226.23852476,247332563.81074625
5893,246697177.01416016,248425456.18352473,248465164.07246688,248515545.47869837,247945762.7049969
5894,248496857.4567871,247966002.52076232,248000216.7612903,248017635.45885882,246697177.0142081
5895,245738866.5805664,248535091.90447795,248582178.95044827,248646305.63297918,248496857.45666647
5896,250862378.2758789,247568396.63852358,247593059.06552175,247596340.52674657,245738866.5805038
5897,247031198.26708984,249299340.29589027,249349277.15135026,249473827.7135229,250862378.2758532
5898,252142854.57641602,248187307.77509242,248155988.92398974,248173093.8206008,247031198.2671419
5899,253099710.30078125,249958406.78926957,249978273.1601167,250098928.33620295,252142854.5763401
5900,247236749.15966797,250695978.25740266,250608217.92588928,250716393.40845925,253099710.30070937
5901,252141167.08398438,248763985.26003048,248698301.05758896,248635209.96109414,247236749.15958327
5902,252702587.4489746,250287744.95985568,250311585.7934706,250380016.52859285,252141167.0840762
5903,250042350.14086914,250775792.52955619,250697170.87474197,250766394.3541926,252702587.4490437
5904,249057310.0402832,249974867.4031677,249907966.34243974,249883868.06151548,250042350.14086044
5905,252569494.39892578,249491414.33175412,249483881.13975587,249449095.91241258,249057310.04037443
5906,248905767.5197754,250694135.28820932,250684587.8931108,250745772.5793942,252569494.39891103
5907,244704864.02563477,249554581.68282163,249497828.1119385,249462161.21991122,248905767.51968184
5908,251724761.48364258,247765874.94861895,247807074.53796133,247697319.66595685,244704864.0257244
5909,247563687.12768555,249977465.5592672,250057207.3913224,250155120.9236873,251724761.48364967
5910,249913624.45654297,248752098.16866842,248712804.6518828,248704439.54281,247563687.1275765
5911,248859560.3034668,249456501.96679676,249491492.34458354,249528788.67036313,249913624.4565898
5912,247481016.27001953,249157136.34016594,249146790.13647765,249164460.88481864,248859560.3034855
5913,248312631.52905273,248588088.09085137,248608516.1770815,248596484.67202264,247481016.27007052
5914,250318021.98901367,248745223.5059705,248785563.95491007,248812085.25394216,248312631.5289992
5915,245545190.9716797,249497311.41086644,249507688.47808343,249581165.45027697,250318021.98897275
5916,250045099.45581055,247876524.82437426,247876286.92877457,247829490.06596318,245545190.97164392
5917,244508609.21655273,249243868.74182957,249312563.40628588,249388189.82935876,250045099.4557932
5918,247145337.5673828,247356290.53382093,247362315.8985833,247318867.67351133,244508609.21648565
5919,244740612.33251953,247978186.56819564,248081490.26948062,248120632.34458816,247145337.5674573
5920,247119537.36254883,247073408.9017135,247130192.16837922,247139436.14458925,244740612.332419
5921,250037539.9165039,247769842.7638885,247861907.99882635,247935381.95175606,247119537.3625033
5922,253630321.0546875,248957122.32607538,248982022.75486508,249112777.11644325,250037539.91640496
5923,249029288.04541016,250624357.6319749,250575014.3481095,250733541.71663636,253630321.0547694
5924,252675419.60009766,249371923.0384923,249284366.6076505,249279443.91454533,249029288.0453344
5925,248687342.70776367,250605799.14809653,250593163.47239417,250661729.04186812,252675419.6000129
5926,250219608.73266602,249368214.63950714,249304587.8598478,249274699.30436963,248687342.70764527
5927,250649081.85083008,249777817.6555807,249790172.4222904,249798975.33048016,250219608.73278567
5928,248682533.39379883,249988964.8332995,249966445.6872192,249992733.6144225,250649081.8508164
5929,252957599.32910156,249303679.4913702,249285947.7203117,249261248.65409508,248682533.39371583
5930,253305657.32104492,250814716.70905215,250812737.44699633,250885205.89842802,252957599.3290409
5931,252899796.42529297,251278854.9593367,251191869.09065428,251240306.17141473,253305657.3210852
5932,249757422.6904297,251323458.67800584,251238025.70286947,251239853.08142564,252899796.42530125
5933,251346799.82958984,250219102.20682257,250161843.26597983,250087068.2485171,249757422.6903507
5934,254704139.1953125,250594724.28145894,250590431.38425937,250575314.04622903,251346799.8296792
5935,254229980.52416992,251906674.6475452,251850279.9514033,251911614.19656125,254704139.1953935
5936,254652815.95996094,252057898.4058146,251943110.4867447,251953520.52298582,254229980.5241401
5937,248082863.9008789,252349893.99126956,252247377.01321337,252238212.26279417,254652815.95994383
5938,248721476.8239746,250005929.6611452,249934282.5214122,249775231.45818204,248082863.9008887
5939,243870035.8942871,249792453.66175774,249848164.81118032,249753990.15021288,248721476.82409197
5940,243926949.75708008,247770623.94254294,247834120.8379122,247690034.23403868,243870035.8943752
5941,247859083.7932129,247241480.1279805,247396264.4581354,247320446.5347434,243926949.75715855
5942,248809715.73901367,248420123.5475622,248542356.17676994,248603617.23667818,247859083.7932925
5943,251283125.2451172,248900810.74460402,248935755.52898377,249005426.535729,248809715.7389011
5944,250908655.08813477,249972532.09992504,249977295.00156033,250066725.09482002,251283125.24503416
5945,245981921.98266602,250085752.19843337,250043319.37932697,250087870.58332783,250908655.0881148
5946,249731514.11328125,248349330.9571658,248345757.8507163,248263352.87140277,245981921.9827841
5947,250399735.55078125,249402370.4062817,249473813.19682312,249508889.36092594,249731514.1133886
5948,248037570.91992188,249772240.5597366,249760253.403335,249813206.29520848,250399735.55087453
5949,253624883.30004883,249014687.53101555,249007491.52683616,248984945.55011225,248037570.91989335
5950,252881636.74951172,250984333.15221572,250992199.5256235,251095871.34265164,253624883.30000088
5951,252481651.21972656,251107599.86057866,251009083.73314816,251058456.20187673,252881636.74956468
5952,249005009.38476562,251119721.54196832,251045393.4340689,251046497.99730298,252481651.21965668
5953,249198671.6303711,249891081.7257794,249846485.79276547,249767062.5702948,249005009.38479123
5954,254160146.5751953,249705748.29647753,249728862.28726903,249684607.2940847,249198671.63036087
5955,249920261.43896484,251482470.08893725,251470260.1087269,251552373.14834252,254160146.5752501
5956,247375722.68066406,250282392.06896806,250200306.58218262,250151965.4486537,249920261.43894053
5957,252598904.5456543,249132698.35149044,249151720.34933904,249055003.8214499,247375722.6807329
5958,244756405.88378906,250825835.60897765,250861436.19624802,250918075.2859476,252598904.54553807
5959,244460277.50805664,248139641.67685828,248114618.49794313,247991673.3678823,244756405.8838361
5960,247737780.2290039,247479379.71824867,247611868.74274594,247528990.72297195,244460277.50815028
5961,247603994.96948242,248405366.45282224,248514117.5826019,248563157.3099131,247737780.22905844
5962,249035982.44921875,248435901.19612998,248478904.622551,248521670.44031134,247603994.96957144
5963,253621486.96044922,248961140.78765357,248997579.97123164,249059774.9843754,249035982.44926703
5964,245734678.5822754,250830546.00502884,250813490.8997182,250951718.02221212,253621486.96041092
5965,253434004.94702148,248282715.7245849,248221483.15232602,248141390.22035456,245734678.5822356
5966,249636501.63232422,250785156.48136246,250841201.8038308,250945216.73494944,253434004.94692925
5967,252810157.7060547,249809421.14515528,249730147.85843596,249729898.40981096,249636501.63244528
5968,247898354.33422852,250945761.5850325,250933175.64572725,250977748.92994303,252810157.70599425
5969,245420816.46118164,249351369.227672,249302342.0152683,249227541.4431568,247898354.33414647
5970,243707652.07788086,248129162.73756924,248194823.82205522,248091791.8682254,245420816.4612992
5971,244510626.01782227,247093594.6328664,247209245.2545707,247134365.22797433,243707652.0778346
5972,246583208.15454102,247040725.54396087,247180557.31133133,247176659.2925396,244510626.0177681
5973,251046140.30908203,247646187.15718094,247751393.5826209,247819697.7951642,246583208.15465048
5974,246383782.8605957,249401507.81431377,249438628.55008516,249588215.8935742,251046140.30904576
5975,244086436.50146484,248028841.14029688,248005468.9570511,248005709.5641383,246383782.860692
5976,243595271.82373047,246948914.41622472,247031995.80594125,246989485.06443045,244086436.5013831
5977,244565291.13012695,246471614.27418575,246596634.7090997,246592053.3224621,243595271.82366583
5978,249691020.1833496,246604264.13712704,246728147.5359151,246780877.36388975,244565291.13014403
5979,242354216.52148438,248468433.27254695,248540618.62889647,248709737.31517407,249691020.1832816
5980,244358265.8864746,246056727.96136078,246067798.12953454,246041457.48635477,242354216.5213639
5981,246721654.17919922,246369642.84502667,246515276.41797313,246559637.66815606,244358265.88650253
5982,246646708.5830078,247199447.84874102,247283376.14620283,247407745.1165018,246721654.17930955
5983,249770952.07495117,247295033.38157332,247332814.1924201,247436316.4369702,246646708.58304453
5984,247325783.31445312,248516385.79254192,248538979.03155622,248691663.03728306,249770952.07505408
5985,249998988.35961914,247859611.44241282,247833589.6644944,247902958.63372043,247325783.31456265
5986,244740381.91870117,248830909.20853126,248842716.52086893,248957508.7313808,249998988.35957447
5987,244063420.82055664,247055031.16609532,247042803.3180005,247032239.68080884,244740381.918592
5988,245260491.04638672,246484895.1028925,246582830.67409515,246584553.98175317,244063420.8204801
5989,248841583.90283203,246733851.9894723,246833155.9200681,246902023.10010257,245260491.0464779
5990,248101245.03833008,248061115.4895177,248114978.2018516,248265192.5879109,248841583.90272117
5991,252389898.33447266,248060989.56262273,248049524.26727614,248148892.1571039,248101245.0382104
5992,251775650.4855957,249755014.58172432,249737918.10619456,249901085.16040963,252389898.3343679
5993,253406045.30078125,249940241.81573108,249843412.769261,249944540.32149112,251775650.4856561
5994,253315259.52612305,250777735.89426106,250692906.52945387,250783437.60210857,253406045.3008051
5995,250118444.2668457,251032674.11556152,250920910.38380772,250974883.10173035,253315259.52601624
5996,249267286.32641602,249998695.0926705,249912375.21063745,249873516.58078775,250118444.26692915
5997,253347033.22680664,249548833.06831223,249534171.07027656,249492902.90388456,249267286.3265043
5998,255150083.95703125,250955409.01972696,250933043.7695861,251003987.25604093,253347033.22680253
5999,251800711.3955078,251926970.32934895,251816239.79243118,251896849.58310246,255150083.95696625
6000,255379267.05541992,250970714.3977699,250849676.83084175,250812059.12676352,251800711.3954327
6001,251982922.5185547,252245730.97659522,252174628.16463313,252210264.37718803,255379267.0555185
6002,252418661.85229492,251270135.3405482,251149767.70461738,251093259.6997915,251982922.518474
6003,253075022.0859375,251294312.0461985,251243466.61373526,251200943.64695042,252418661.852219
6004,252730464.7644043,251540989.8661397,251475824.85189626,251459886.21614602,253075022.0859327
6005,252560751.1899414,251496617.278384,251424752.91822308,251393978.957735,252730464.76434773
6006,250769872.07910156,251423980.78937295,251360498.248138,251326147.67974618,252560751.19001436
6007,249629281.86254883,250769958.26848516,250721229.8178007,250649839.4834595,250769872.07908317
6008,248997513.61132812,250218308.35538542,250212549.83437115,250134044.95555386,249629281.8624688
6009,252716606.6923828,249811300.6397111,249829230.01916364,249765684.54979518,248997513.6112353
6010,252700166.63793945,251075796.3245559,251082933.84385777,251118376.4485632,252716606.69238463
6011,251051638.14379883,251309054.0212531,251243775.18588835,251255987.0631367,252700166.6379765
6012,250270459.10864258,250770088.55574173,250715836.48345256,250670824.0804413,251051638.1439138
6013,255009982.48095703,250428702.44836056,250413185.24305415,250356436.51008272,250270459.108574
6014,252518382.5283203,252105355.04364198,252076091.61024427,252135369.19315642,255009982.4808549
6015,253266006.42358398,251528080.33944735,251421489.01573184,251392891.5941745,252518382.52823743
6016,256333960.4975586,251768221.33510238,251711200.8719764,251685739.03070104,253266006.42359245
6017,254503110.86645508,253007721.237371,252918472.08617437,252953748.04172957,256333960.49751264
6018,249719901.29174805,252648986.32753867,252514386.4897077,252471768.39708123,254503110.8664052
6019,249275126.12060547,250890460.5008027,250824858.80033553,250667520.75714177,249719901.29181904
6020,250355148.13623047,250367216.40935385,250397282.1660372,250278529.47403893,249275126.12059945
6021,251128621.22045898,250558495.83042896,250587326.18333706,250537241.53345624,250355148.13623923
6022,249309010.52294922,250784284.19465575,250784956.3305539,250765053.02428243,251128621.22034857
6023,250646984.24975586,250119719.40226188,250114765.7602388,250053375.87876737,249309010.5229712
6024,250584946.8959961,250483329.23260283,250506069.38127002,250485541.55424348,250646984.249639
6025,252849830.82055664,250504837.49689007,250499211.2661053,250479042.0873103,250584946.8961069
6026,249914804.95141602,251382332.2516032,251367767.35853487,251387640.0923161,252849830.82049167
6027,253536141.5834961,250444253.94783276,250400547.55091602,250339999.59212,249914804.95131415
6028,255884821.32177734,251691801.53788128,251688672.71357712,251706547.622522,253536141.5835887
6029,253734461.4963379,252848540.71783957,252760889.5781019,252805073.65728208,255884821.32178345
6030,257107113.56762695,252383760.38841042,252268476.35143602,252215288.23230976,253734461.49630943
6031,250717829.59814453,253695085.39862266,253609039.17641702,253609311.06583455,257107113.56763655
6032,249142615.2470703,251602375.90518612,251487191.00167802,251326394.44133848,250717829.59818396
6033,252933688.56225586,250656624.83237085,250681599.8055975,250518059.12000632,249142615.24704129
6034,253274612.32470703,251770913.65711808,251798562.9643846,251773238.7058331,252933688.56221968
6035,252140096.2241211,252072261.09800336,252023094.48030752,251994964.56790683,253274612.32479343
6036,258388947.76757812,251765970.6692919,251720623.8662903,251642869.56372276,252140096.22402957
6037,254572761.24047852,254120333.48578256,254064214.53797382,254111443.1341682,258388947.76763391
6038,253134152.49291992,253217109.1266037,253061620.3360434,252971551.86256105,254572761.24036527
6039,254816007.83129883,252658404.98953807,252595408.5925032,252453705.83651927,253134152.49282023
6040,257299576.37841797,253181893.61056823,253135515.74821788,253052285.24709076,254816007.83137947
6041,252499153.64013672,254229337.0044925,254137387.64629534,254099487.99998632,257299576.37844563
6042,251617968.58081055,252682946.16618407,252573109.10283542,252402022.44948265,252499153.6402149
6043,257275085.34350586,252081662.09109017,252073536.79255053,251905757.75628936,251617968.58086017
6044,253706912.35766602,254036649.61074305,254009707.62501088,253995691.74990648,257275085.3435
6045,250831654.0114746,253089787.39560214,252973396.99565187,252846812.8782602,253706912.35756025
6046,249575127.43041992,251890125.28578627,251865689.80438766,251673795.45276117,250831654.01156655
6047,255220388.96728516,251101610.89437106,251134867.569069,250965108.7920919,249575127.430493
6048,252911655.1748047,252975741.8407585,252998627.9738741,252987440.47302803,255220388.9672273
6049,253764945.32495117,252410770.5077099,252332992.71813527,252246754.5652961,252911655.1746893
6050,246989112.8840332,252693730.11097145,252661031.02695403,252576348.7888728,253764945.3248469
6051,246773530.86523438,250183591.8222557,250169403.92727575,249946936.92368454,246989112.8840745
6052,250625363.9440918,249530429.70197836,249648574.33738068,249485543.7736424,246773530.8652309
6053,249953676.3034668,250651128.1099087,250741537.7605817,250722748.67210266,250625363.94407743
6054,250064277.05981445,250505743.16429293,250520717.94199237,250480953.50378865,249953676.3035494
6055,248702116.89941406,250516649.03103778,250544527.00741,250496585.016462,250064277.0598479
6056,252938714.81762695,249985165.57955492,250015288.40843332,249941034.7014815,248702116.89942333
6057,251283637.9104004,251464404.58006233,251496700.0847463,251521267.4473539,252938714.81762835
6058,254084578.11401367,251115986.62564373,251072728.7377974,251035664.70366573,251283637.9104801
6059,251951439.6743164,252169567.09034923,252146925.7067032,252150339.87151656,254084578.11395875
6060,252826007.83789062,251618182.37944007,251551749.62106934,251484813.08300576,251951439.674428
6061,253578362.7644043,251922239.65964007,251897898.24317664,251840455.1983748,252826007.8378189
6062,257598483.4165039,252262031.87477478,252214775.60925084,252172166.22832486,253578362.76436228
6063,254094063.44702148,253898863.20784044,253816938.82239413,253839495.568098,257598483.4166129
6064,251676878.78173828,252997051.75858366,252860008.15157995,252759216.5593628,254094063.4471199
6065,252439911.46362305,252001101.80784848,251952141.77229068,251795746.2719869,251676878.7817073
6066,251412916.6376953,252057422.10469374,252048644.25017792,251946003.53711447,252439911.46368533
6067,252995212.8251953,251635194.5086691,251615974.52300188,251507835.42861304,251412916.63770157
6068,249605134.34423828,252129418.03726587,252122150.15187895,252058235.714779,252995212.8252544
6069,254721024.74609375,250921103.42306954,250900642.44909453,250764186.67480955,249605134.3443314
6070,249094207.09423828,252593655.28773394,252611083.06604293,252603727.91033104,254721024.74599975
6071,252306124.3256836,250774669.3608965,250720501.93797976,250575437.84459877,249094207.0942028
6072,256254063.51245117,251655254.20294568,251697130.44017547,251637862.32784483,252306124.325587
6073,249890124.26733398,253264596.96432787,253216265.37042886,253243062.6394518,256254063.5125624
6074,247100774.5209961,251234543.73748752,251148128.07308376,250991027.799355,249890124.2674019
6075,254234927.50878906,249848803.79687554,249906230.89408535,249714057.2730062,247100774.52105907
6076,255382101.9165039,252136475.97345775,252201126.08224016,252223746.90098298,254234927.50876996
6077,251995635.85913086,252939519.16730595,252854148.4356697,252871199.4561546,255382101.91658983
6078,249427735.8334961,251942669.5928747,251861742.7230965,251752220.55826837,251995635.8592499
6079,253424053.1940918,250809821.83042464,250809471.44432738,250657647.89296865,249427735.83351392
6080,251995672.5793457,252050506.59346578,252074729.23216045,252046100.35816443,253424053.19416863
6081,252527875.79174805,251726660.93982106,251679485.18124267,251608267.92945692,251995672.57942
6082,249293125.61645508,251898112.28893158,251879629.77135298,251808978.4082544,252527875.79164124
6083,252411580.20483398,250703762.3908365,250690391.7290024,250553884.3129858,249293125.6163938
6084,249800748.79516602,251633648.68185693,251667068.83531788,251621456.48080194,252411580.2048909
6085,249907320.70581055,250742178.26872858,250724035.3949622,250626557.078995,249800748.79507992
6086,249241776.296875,250597840.13171285,250631261.5465007,250546866.91455156,249907320.70572084
6087,245951478.07250977,250257228.9889506,250287689.3134066,250209010.76278624,249241776.29695892
6088,248883418.72607422,248881549.68435284,248941753.33797315,248812543.95082864,245951478.07240757
6089,251023108.33642578,249592295.66201633,249695015.22627532,249674263.90565866,248883418.72613543
6090,253132935.39794922,250435225.3923969,250461718.91321707,250493398.14808035,251023108.3363169
6091,254892820.0517578,251422565.10411403,251397497.79947594,251440700.8771209,253132935.39802817
6092,252162323.89135742,252333081.7603121,252257853.856749,252297885.2053372,254892820.0517721
6093,251111861.20092773,251593941.6224861,251503221.94073918,251442088.7049607,252162323.8913125
6094,249741403.68530273,251145979.60513622,251117976.31738824,251031292.40554246,251111861.2008504
6095,253856899.69213867,250547601.67341146,250547866.70908412,250451704.63578725,249741403.685226
6096,250621792.27197266,251923795.1705463,251926290.98031223,251940484.9865997,253856899.6921731
6097,253003233.00732422,250960416.34127024,250900122.97881243,250825721.1527354,250621792.2720434
6098,249521491.9975586,251697574.58674985,251690195.83903632,251668158.7283485,253003233.0072363
6099,253709332.30004883,250535525.05688897,250498669.69345412,250398147.02240583,249521491.99766427
6100,250150628.87182617,251917724.03065977,251929318.61700353,251929494.51344517,253709332.2999899
6101,250597964.6821289,250818384.04361963,250764955.4490129,250676831.50641608,250150628.87176645
6102,250010891.19555664,250809090.20282313,250827230.09396046,250754280.08942184,250597964.6821388
6103,251955809.56689453,250536999.87364665,250545219.20426053,250477793.8049638,250010891.19565403
6104,251229859.17919922,251205374.41096285,251215237.63265267,251195032.778432,251955809.5670018
6105,252096498.921875,251039699.20013267,251013750.30614972,250968438.77058682,251229859.17913228
6106,246589520.43579102,251368617.10552344,251354299.0727202,251319141.07395193,252096498.9219856
6107,252098673.08129883,249343206.04446983,249341205.71457908,249188696.81046915,246589520.43568665
6108,245392956.20239258,250990131.0727608,251064650.93529743,251071166.02387485,252098673.0812137
6109,241560987.10888672,248686192.39886487,248683495.16273355,248547715.04944044,245392956.20234224
6110,244780946.07543945,246747874.63725203,246900422.23996046,246725946.55845413,241560987.10888365
6111,252673657.4206543,247327045.27071807,247522996.80055597,247512367.73755553,244780946.07534057
6112,251558504.24169922,250213018.6130849,250292290.12220806,250471754.10730356,252673657.4205352
6113,249025786.42236328,250380573.29505533,250312105.67086086,250390571.6892748,251558504.241666
6114,251694352.24169922,249613107.42763934,249586977.6069279,249558230.819289,249025786.4222931
6115,247966109.8701172,250530689.64829636,250539180.672446,250572500.21843556,251694352.2416159
6116,248480836.95898438,249301624.78005093,249276979.74582916,249220653.28304523,247966109.8700953
6117,249481805.14379883,249292389.06799847,249342111.22729793,249310469.15427533,248480836.95906827
6118,251183266.4572754,249582691.52298796,249611097.00000182,249622558.17106548,249481805.1439006
6119,249392141.10986328,250285251.30864742,250285143.09720775,250324023.29498306,251183266.45721757
6120,250825705.0793457,249773826.52513248,249752139.09443158,249732033.90046588,249392141.10992
6121,248654672.12280273,250219036.04512993,250224871.8872491,250237129.64944646,250825705.0793745
6122,247154493.32666016,249494206.36834013,249482213.4762646,249443794.41796002,248654672.12275144
6123,251771017.51757812,248816358.41906527,248857920.47130507,248796979.85231686,247154493.3265504
6124,248905572.8798828,250352339.72143975,250394175.9615263,250459642.9424533,251771017.517608
6125,249815654.31933594,249528770.29146093,249493922.13950196,249477775.4336528,248905572.8798085
6126,250903450.1520996,249758245.5389089,249777527.01835752,249775935.5270672,249815654.31921992
6127,247693023.80444336,250213318.93223348,250206605.93974018,250230680.2289211,250903450.15200543
6128,250517062.25585938,249092878.38954526,249083617.44959486,249028725.80790254,247693023.80439517
6129,246887832.578125,249937427.24885783,249975873.8261552,249999930.7704282,250517062.2559181
6130,248141455.84594727,248678801.88486958,248677990.4013247,248626623.5489353,246887832.57802787
6131,251080109.34716797,248905179.70265552,248970792.7169795,248964764.75802436,248141455.84604105
6132,250265701.28564453,249974714.39685342,249993787.8251827,250065388.08660984,251080109.3472619
6133,252679561.30151367,249893643.44657743,249861036.6400498,249886586.28784832,250265701.2855461
6134,252413237.91235352,250854772.94593483,250827981.2259067,250884875.75332993,252679561.3014092
6135,249577623.94189453,251001261.65580153,250929250.29790947,250952064.90527037,252413237.91228023
6136,251585348.38964844,250072757.95697346,250027466.2004468,249965517.68316683,249577623.9418219
6137,250814626.6044922,250684195.2628079,250684733.62346712,250679881.13489193,251585348.3895844
6138,249569628.81518555,250499694.02663174,250464056.57151744,250442041.501763,250814626.60454145
6139,251699777.2302246,250011780.05325446,250001028.71466684,249950203.1732072,249569628.81514755
6140,244623165.23364258,250691097.33470923,250691176.46591976,250701080.99268124,251699777.2303357
6141,246840440.42797852,248130471.00464702,248127265.32241586,247985309.32542264,244623165.23359823
6142,247725034.26782227,248411320.94296867,248533553.51250818,248494317.5459512,246840440.42790172
6143,248967408.10009766,248645560.83364773,248710733.40533623,248728627.784605,247725034.26779985
6144,253174814.36523438,249081843.61582288,249121168.04342267,249163793.45511553,248967408.100204
6145,251255361.02368164,250759359.38169667,250750111.616531,250864707.41223928,253174814.36523575
6146,244624353.89941406,250419203.17951602,250338816.06338435,250363018.19078377,251255361.02365005
6147,248396432.02075195,247968062.10574612,247968344.75806943,247833252.9890562,244624353.89948133
6148,250654542.50854492,248843949.15556958,248949308.18831345,248958903.07491043,248396432.02072057
6149,247907754.21240234,249745351.04540646,249757393.8155373,249833619.73336586,250654542.50854963
6150,243777858.72827148,248898423.78774408,248884356.01493648,248872046.9096848,247907754.2124278
6151,247036736.4194336,247193311.9665924,247256861.6565039,247167615.78130767,243777858.72818187
6152,247888599.24536133,247979599.91719243,248100061.79885924,248137988.43502986,247036736.4195199
6153,253090643.76293945,248328616.60801765,248374665.69866872,248444497.7906676,247888599.2453788
6154,250427841.35327148,250343217.2455001,250343218.75697598,250503164.03844348,253090643.76284915
6155,251475588.62280273,249832150.15636596,249748035.60752907,249791870.68965483,250427841.35325652
6156,251295695.86108398,250235136.28947476,250203130.14610034,250244951.3005234,251475588.6229241
6157,249011659.8239746,250310763.8251323,250259169.92327288,250285863.30702606,251295695.86108845
6158,252717676.70458984,249556546.27777913,249525995.6971142,249489018.98312747,249011659.8240629
6159,251568896.83984375,250851908.2421559,250848372.88307524,250899788.8841358,252717676.7046649
6160,250940152.5197754,250663643.1816115,250593394.5323953,250602100.54381067,251568896.8399472
6161,251596134.13500977,250458936.99280205,250419187.34567803,250398418.85355124,250940152.5197172
6162,248545955.19189453,250702077.34084302,250672005.74956432,250668469.8515164,251596134.135124
6163,253106757.24194336,249594066.2608016,249568379.90493912,249500366.68885192,248545955.19196665
6164,247528501.4013672,251104835.60220772,251114646.52801263,251162587.19762808,253106757.2419397
6165,250407960.61816406,249280637.07153106,249230424.12732422,249144102.5223569,247528501.40127885
6166,253791490.57495117,250035315.87627214,250082599.63595143,250078364.43643126,250407960.61821675
6167,250971216.27514648,251387643.62122658,251353394.85404482,251429519.70186195,253791490.5748812
6168,252548923.18676758,250651097.37019935,250570974.77951613,250543369.08733374,250971216.27513388
6169,250737256.84399414,251177612.87918484,251147696.8338084,251146185.91327012,252548923.186735
6170,249296649.97680664,250617453.38613054,250565353.32344183,250520867.98378643,250737256.8440805
6171,246966307.48291016,250005747.5910129,250001208.52413923,249930658.0108042,249296649.97684267
6172,253827541.12182617,248946852.4401637,248980786.54847845,248890492.52866358,246966307.4828832
6173,247120750.44702148,251258555.4853974,251297283.50535384,251386715.8401302,253827541.12191924
6174,249358991.61132812,249147899.5425177,249087782.3322136,249002543.82765144,247120750.44702575
6175,249218914.01782227,249615397.8799997,249678439.6096523,249657859.48992524,249358991.6112569
6176,249809658.21557617,249579217.44348615,249592494.60176793,249590020.25766575,249218914.01770157
6177,249876226.1533203,249767915.32076004,249781611.38602248,249789024.26240474,249809658.21565223
6178,250227700.25732422,249837842.46833646,249838756.96933153,249842250.71321666,249876226.153352
6179,250022612.91357422,250001023.59074593,249999615.00244704,250004073.44947207,250227700.25725457
6180,246432416.37963867,249957822.6465915,249950172.21900797,249945349.8509986,250022612.91365996
6181,245886321.11206055,248602985.35829872,248619854.9069748,248540180.8426432,246432416.37964
6182,247777326.80297852,248069683.41234994,248157963.85777554,248105876.39761394,245886321.11210427
6183,247085619.58935547,248546002.3515545,248627557.6800001,248655818.0996627,247777326.80296504
6184,249014230.9753418,248306697.62981278,248352424.4192971,248368811.41719455,247085619.5894412
6185,246938538.51660156,248953648.0548976,249001035.85712543,249059829.29876876,249014230.975411
6186,245377134.73095703,248274206.44949147,248292532.66117856,248298337.4895211,246938538.51652783
6187,247731227.90356445,247550672.37489352,247619553.7570952,247601519.00708565,245377134.7309112
6188,247405411.67041016,248206145.47460645,248286941.32395765,248350013.23680463,247731227.9036578
6189,242840413.17456055,248179550.9353299,248214081.77877423,248265647.5654904,247405411.6703237
6190,248508211.5571289,246452037.83829784,246519375.73671514,246469564.3342398,242840413.17467108
6191,249106078.49121094,248195534.80168983,248317322.6957326,248428659.0916348,248508211.55719492
6192,247688102.58618164,248691138.451865,248693510.57603914,248803230.15325907,249106078.4913252
6193,255790650.23095703,248301455.79907838,248304742.3898001,248348663.08777267,247688102.58628583
6194,250849800.00878906,251324302.6652684,251309190.3598999,251515986.86840725,255790650.23105523
6195,248044677.0986328,250182579.33770913,250039675.80811164,250064657.84929928,250849800.00875384
6196,245537265.41381836,249088004.14526603,249069194.4277018,249009328.2817963,248044677.09862548
6197,249216377.11254883,247899909.40838996,247946806.7426138,247877988.58202085,245537265.41371
6198,248920800.2097168,248962761.02544212,249035425.4064808,249091826.74484617,249216377.1125433
6199,250866540.95776367,249014714.63160303,249015366.75278857,249059259.32511288,248920800.20961657
6200,245825338.3623047,249796456.73092017,249795024.4887633,249860992.69357958,250866540.957808
6201,246448366.23046875,248090090.53439534,248079671.823439,248019619.37619433,245825338.3623187
6202,247219096.00805664,247970728.39257607,248055800.21260008,248041305.67340454,246448366.23048013
6203,247163569.21850586,248138066.35458627,248200448.23537683,248234551.02067333,247219096.00809887
6204,246861846.04785156,248091755.51263627,248138474.14328966,248174705.65755668,247163569.21851912
6205,251825400.45166016,247937475.50266248,247984910.51094544,248016756.16914397,246861846.0477928
6206,244764237.625,249776606.11242247,249801506.72057593,249938228.81514984,251825400.4516075
6207,245383388.50024414,247486050.42607158,247452758.78640148,247402243.72669968,244764237.62497324
6208,245855256.07348633,247305202.66043064,247410028.60043275,247400483.39463907,245383388.50027135
6209,243128960.6027832,247323748.06146845,247405557.47846004,247448499.9545991,245855256.07340604
6210,248438764.26098633,246212416.49503005,246297891.6178752,246295380.97056192,243128960.60288316
6211,246574900.25268555,247941068.24912488,248048462.44057932,248185480.00291544,248438764.26101905
6212,251533020.71240234,247498758.2474207,247506770.5601146,247584842.3046893,246574900.2525981
6213,249149587.1772461,249363454.4602432,249384759.4071607,249544633.29062027,251533020.712297
6214,251909852.72753906,248887328.2159733,248824561.77982754,248890139.4895267,249149587.177184
6215,248373398.55371094,249939687.56763,249913881.57690814,250014105.7151177,251909852.7274637
6216,253617753.88110352,248878378.8102911,248818841.63638803,248820892.60906625,248373398.55383107
6217,252178700.5830078,250711686.41979825,250696731.61915955,250812214.69225177,253617753.881118
6218,248650818.6940918,250567890.15195325,250458101.2947882,250509997.38850766,252178700.58293647
6219,252262792.65161133,249336019.03345475,249281673.7983782,249231049.60016745,248650818.69418827
6220,250647253.50634766,250506484.01889804,250503304.9106098,250552863.18141457,252262792.6516361
6221,252589370.38085938,250083346.25690132,250015963.271885,250025055.33595592,250647253.50642493
6222,253163189.00561523,250813467.7602255,250772794.69897833,250810937.09100384,252589370.3808733
6223,248916615.34594727,251209507.5748117,251127945.56999174,251162521.46983004,253163189.0056742
6224,250026407.1550293,249760981.4235064,249696481.63411653,249620104.1085864,248916615.3459655
6225,249533901.52734375,249912753.4949467,249926656.60495803,249901722.73470953,250026407.15502185
6226,253211799.63452148,249691486.78246063,249682845.3210828,249669296.57072917,249533901.52727297
6227,247205197.84179688,251014531.1637658,250996264.21356907,251064989.22124377,253211799.6345496
6228,251632292.78051758,249011306.6043974,248954059.21200725,248872449.6703975,247205197.841804
6229,252208800.2150879,250325284.55816126,250364174.7791732,250400937.21910378,251632292.78056496
6230,248925910.4741211,250756856.54974192,250701227.45239815,250746904.8813252,252208800.2151468
6231,246832161.9650879,249663232.21704286,249619941.99900362,249567927.7120899,248925910.47404855
6232,248620632.17236328,248678425.31250155,248711915.3565433,248636652.9933301,246832161.9651488
6233,247825858.36401367,249065439.08199,249125629.45097518,249132840.6176707,248620632.1723248
6234,250207906.42358398,248758538.940107,248784661.55242,248787019.7294532,247825858.36391264
6235,254450153.0576172,249583043.61579302,249612023.626345,249667354.39616805,250207906.42370597
6236,253587294.24609375,251341669.1134968,251299338.8577253,251425625.06504667,254450153.05756623
6237,250975372.31445312,251460227.63218543,251342970.15807062,251389877.92017782,253587294.2460592
6238,251569124.38452148,250683921.01766157,250606585.233332,250557265.74893045,250975372.31444404
6239,252148324.6513672,250813221.88213345,250785820.56152418,250759353.50032467,251569124.38442945
6240,252213026.79785156,251055085.46231472,251011852.22296584,251004142.47281137,252148324.65132716
6241,247868893.70703125,251172210.517291,251121274.99555507,251104816.5034188,252213026.7978746
6242,250427336.27026367,249543685.59039834,249515974.46753666,249408495.1521059,247868893.7069419
6243,247628122.19482422,250157271.2697044,250199730.15897322,250185684.92984378,250427336.2702188
6244,249708698.42895508,249136665.18334585,249139517.39113888,249081688.95510343,247628122.19474107
6245,252723406.28930664,249705915.13981998,249753873.927996,249757325.40396577,249708698.4289917
6246,249538707.08691406,250893534.25664693,250879398.5610481,250949592.76486677,252723406.2892621
6247,252764736.79907227,249963429.01843402,249910885.58249795,249878446.9824376,249538707.08691284
6248,250191801.41479492,251038317.5850037,251031943.2535644,251069111.2399244,252764736.7990039
6249,249579231.76635742,250300046.5562786,250243541.29667103,250211278.15178546,250191801.4147213
6250,245070624.76904297,249975601.66720772,249977418.32155752,249932261.64080533,249579231.7664764
6251,247783164.65356445,248172780.7959084,248209304.280858,248092680.48252586,245070624.76893133
6252,246914592.48217773,248753166.36115018,248859975.40645835,248854339.47929463,247783164.65360516
6253,246660360.17871094,248415617.00825647,248468665.33638954,248466254.31435275,246914592.4822333
6254,246696550.8232422,248172202.2619275,248241864.8793124,248244011.67379406,246660360.1787292
6255,247872872.3479004,248092419.00033018,248163386.03694326,248179795.3817858,246696550.82326967
6256,249228225.4272461,248474534.78337532,248536349.33855,248584646.64962587,247872872.34788072
6257,253475721.37719727,249038660.28947908,249067743.48129445,249136436.056479,249228225.4273168
6258,248021918.4050293,250810874.73845407,250792073.47556907,250922180.10654315,253475721.3772764
6259,249989827.99853516,249185062.6982485,249115799.71569592,249076588.98604763,248021918.4049929
6260,248091625.43969727,249721077.41538668,249754002.54081443,249760261.7177606,249989827.99856275
6261,248177681.5283203,249061537.04036167,249061555.36508477,249039859.64803964,248091625.43962613
6262,251531550.22485352,248971230.3371716,249011081.7764244,248999961.38308278,248177681.5282465
6263,252322568.6953125,250168972.0620362,250184743.8569314,250256573.05047867,251531550.22488132
6264,255831854.54223633,250741176.60858002,250688654.37964693,250745626.5572735,252322568.6953774
6265,251819596.9753418,252264711.40049818,252181630.28386843,252273840.60224313,255831854.54217985
6266,253216011.31933594,251171438.64053822,251045346.41050908,251000611.3333257,251819596.9752496
6267,251219140.70874023,251628096.10426605,251580527.5117283,251557266.3919663,253216011.3193022
6268,253984014.76220703,250974625.47732368,250909639.00982213,250847089.6082603,251219140.7086448
6269,251073244.12646484,251928776.18436915,251891397.04699126,251892734.36511812,253984014.76223445
6270,254796162.71142578,251024036.39591894,250948981.99103647,250877119.60103205,251073244.12646905
6271,251866329.70117188,252282711.31505972,252246948.68639228,252259072.70361507,254796162.71150827
6272,253389574.03588867,251450671.80353406,251358004.90561542,251289311.4811675,251866329.70125905
6273,258175506.7836914,251926576.30263916,251887677.04320902,251849070.62904462,253389574.0358512
6274,254924773.57348633,253849319.35972798,253753969.12689167,253810243.58546728,258175506.7837312
6275,254376863.1533203,253081109.05046532,252913949.22795358,252845923.59672973,254924773.5733716
6276,247304920.50683594,252892718.63789636,252801109.3164124,252701393.91066465,254376863.15334213
6277,250191414.95288086,250195209.21508768,250153524.50736013,249923561.0691042,247304920.5067873
6278,248246800.4091797,250664756.6569399,250744348.487616,250649952.03074574,250191414.9529939
6279,249561808.89648438,249851417.36117598,249876632.93801078,249781773.1110571,248246800.4092634
6280,248228400.27929688,250121872.3334577,250178485.47789443,250131502.8363303,249561808.89657027
6281,245837887.17871094,249583804.48807025,249616745.73284465,249554406.3707296,248228400.27918845
6282,252357901.39916992,248529101.22151467,248599872.00984713,248502434.21229672,245837887.17882276
6283,249554130.14990234,250692536.3578882,250769159.6920921,250844397.13872284,252357901.3990593
6284,254368484.0739746,249989706.57823128,249949810.44211203,249936299.27074295,249554130.14999795
6285,248361510.70629883,251733273.58299658,251725613.56691137,251794247.6283359,254368484.07393607
6286,254613495.7626953,249849192.14536557,249778689.98490083,249686706.76365855,248361510.70638332
6287,253729218.4140625,251905034.6494622,251922352.27262637,251974412.06574976,254613495.76275823
6288,250558596.58325195,251961343.80980176,251857280.63076106,251866487.79052466,253729218.4139751
6289,249699863.41577148,250881311.20586756,250819703.29100633,250728499.09221667,250558596.58330065
6290,252329319.3515625,250387112.4256851,250393314.00819603,250305070.38287887,249699863.4157717
6291,252734736.88842773,251219643.148328,251225047.16040757,251220973.7746038,252329319.35164744
6292,254262060.1142578,251530034.1069299,251481762.9104392,251473444.8411506,252734736.888493
6293,248804532.78466797,252224623.45966992,252163767.36661223,252164409.88055313,254262060.11424077
6294,252011962.63793945,250341574.47137916,250281880.86074388,250147765.48092806,248804532.7846121
6295,253060055.10131836,251206198.94604397,251237865.28995356,251203481.46691307,252011962.6379237
6296,253798057.93603516,251686740.83697757,251644167.45511386,251642279.77143484,253060055.10122487
6297,254702548.5336914,252098760.19463393,252035837.81576893,252024782.81554863,253798057.9359546
6298,253026943.70043945,252578410.82049564,252497354.89701775,252483660.73385763,254702548.53373536
6299,252699180.22875977,252136881.12701654,252051682.0881651,251977937.21248108,253026943.700409
6300,248495946.81420898,251982015.0787359,251934652.8852902,251853744.7403265,252699180.22875932
6301,250955266.14135742,250367917.96490586,250350687.5313127,250193398.53079906,248495946.814196
6302,249115422.19995117,250933160.16481343,250984115.98370734,250921935.068022,250955266.1414464
6303,249672569.04052734,250258019.87698635,250266459.9271071,250182128.26917565,249115422.1998841
6304,252370701.17871094,250302525.21732458,250344338.16175646,250284471.24118167,249672569.040481
6305,249206772.5793457,251276717.24243638,251289695.72715884,251297404.6856287,252370701.17859548
6306,249291248.4284668,250243609.26945636,250219778.272282,250142560.17724207,249206772.5792267
6307,249551045.90649414,250101894.6899698,250141570.43163162,250075431.3242594,249291248.4284061
6308,249631093.5793457,250106073.54861754,250138157.92492685,250098199.57094336,249551045.90657997
6309,249863562.3684082,250107088.87074694,250132714.27086264,250098097.77834457,249631093.5792808
6310,251543554.2866211,250185275.7280536,250207570.3242798,250177668.43645364,249863562.36836943
6311,254822790.9560547,250819459.85534662,250826457.61724913,250829778.90895343,251543554.28651345
6312,254414207.4182129,252204488.0640305,252161053.04372096,252212767.4841551,254822790.9561256
6313,250904847.34692383,252389564.18366265,252286221.18187076,252282318.02770996,254414207.41811723
6314,250982034.36865234,251234111.31694967,251164364.6309234,251054375.3457574,250904847.3470193
6315,249901680.82470703,251066632.40210098,251065781.1331525,250978677.20538732,250982034.3685933
6316,252307947.33544922,250586867.15953797,250588926.09548834,250501522.07492468,249901680.8247643
6317,253617529.9465332,251348227.85193545,251356835.34414428,251337532.5349756,252307947.3354128
6318,246388738.10742188,251986624.81277773,251940405.35335836,251936505.01110178,253617529.94643396
6319,246645099.47021484,249409964.05659136,249380209.89066905,249202306.52751487,246388738.10732
6320,243614286.74731445,248977022.0607543,249086504.43796694,248969107.49393848,246645099.47013083
6321,251051641.14697266,247562176.38335735,247674112.453113,247554433.37900966,243614286.7473718
6322,253575918.7380371,249903480.00720856,250027278.11522838,250117638.805882,251051641.1470717
6323,249200221.5588379,251218775.83883622,251176575.66689867,251289972.03760043,253575918.73804632
6324,250322312.21899414,249923192.39993045,249860838.58978042,249815542.87157324,249200221.55891275
6325,252865468.00805664,250198848.91158614,250218986.7202554,250198910.2807023,250322312.21910205
6326,250399125.1989746,251186994.3451445,251167472.28068528,251209053.82841563,252865468.0080035
6327,247850966.69799805,250499514.6735414,250447391.44591618,250407317.0839053,250399125.19890183
6328,248218601.59472656,249450061.12403134,249463700.19034162,249371265.97286278,247850966.69810537
6329,251420301.74145508,249337336.9577072,249395455.77119002,249347090.69652408,248218601.59468907
6330,248413614.32226562,250470858.58565226,250502386.77275652,250539284.57909697,251420301.7413829
6331,244532327.04101562,249526196.95042735,249510423.60156727,249464116.87088746,248413614.32219583
6332,246322588.66674805,247902447.1924804,247970105.28408316,247850985.5787961,244532327.04103813
6333,248294867.88745117,248126469.53877655,248252460.2923257,248231443.96359307,246322588.6667751
6334,247593791.7314453,248800074.0797483,248874549.91422877,248918668.86869603,248294867.88748544
6335,252896030.93774414,248605148.35827902,248643423.0776087,248660860.81195164,247593791.73147044
6336,252644832.6833496,250563294.46773508,250584572.18011802,250706264.88368678,252896030.9376889
6337,250238925.05541992,250909006.0696839,250827536.13625404,250892644.4619335,252644832.6833588
6338,251280540.77246094,250224296.46667722,250168852.50136167,250136654.850686,250238925.05535692
6339,248005438.77416992,250547253.2727069,250534377.04421893,250528203.10571298,251280540.7724918
6340,249065741.13256836,249376369.1270297,249361631.8256853,249289167.32021344,248005438.7741593
6341,247256813.13745117,249516602.10323426,249560027.6587717,249536100.73883986,249065741.1324837
6342,247811054.77197266,248812498.46036154,248842190.29316938,248796625.87185746,247256813.1374728
6343,248445260.12231445,248832744.3540382,248894207.4082955,248879966.19832557,247811054.7719798
6344,247767203.70263672,249003206.6850763,249046133.82129848,249060161.54459944,248445260.1224248
6345,249236316.10180664,248740609.14158002,248773539.7863387,248773597.81335098,247767203.70260137
6346,247593682.55126953,249209123.69208938,249245162.43616262,249282640.18278888,249236316.10190567
6347,245536687.76879883,248657769.9817404,248672541.9481837,248670532.42265365,247593682.5512472
6348,246858226.79638672,247752430.83760434,247809981.90164793,247774818.79545477,245536687.76880023
6349,249812520.2060547,248019627.73732257,248107199.8608869,248131320.62120765,246858226.79648757
6350,251637955.41381836,249103845.1759806,249144906.99684379,249241165.81034046,249812520.20613372
6351,256040714.36401367,250025676.3555894,249999218.76894563,250101425.70713404,251637955.4137065
6352,248866960.64672852,251977598.20748773,251895340.162166,252041096.80665073,256040714.36401045
6353,249048109.25830078,249793997.3575097,249670228.82398668,249598189.1314332,248866960.6467147
6354,247640951.45043945,249561985.3238269,249584724.01131234,249531346.76093835,249048109.2583004
6355,250061373.05932617,248919683.8189846,248941617.53363112,248897038.26312467,247640951.4504376
6356,248122071.90527344,249655619.99950224,249692250.925721,249720781.4914822,250061373.05922675
6357,250702521.87426758,249030556.37008518,249028616.27514702,249012070.68597332,248122071.90518528
6358,250373333.51489258,249892677.66662174,249915731.13565817,249956697.1900297,250702521.8743429
6359,246775112.3269043,249930562.721672,249903100.79189408,249925288.89512533,250373333.51494363
6360,245076379.55566406,248601420.63031197,248602823.71497977,248539112.89876604,246775112.3269573
6361,248996208.85302734,247652238.85010007,247731035.6320495,247668419.41147545,245076379.5556268
6362,250424863.08374023,248831501.7974129,248916189.31583363,248982560.63598126,248996208.85312107
6363,254198619.72607422,249528193.2289131,249524533.91235125,249610691.12423897,250424863.08367097
6364,256297006.43676758,251155071.28681442,251105716.12971815,251231969.30726424,254198619.7261176
6365,255349811.47338867,252381277.72235188,252250092.6990546,252361088.20292988,256297006.43675643
6366,249654502.50585938,252436519.56047392,252276407.2129551,252302626.8180071,255349811.47345388
6367,247549880.9777832,250486820.94043493,250385311.29884642,250260216.90441918,249654502.5059695
6368,246808835.359375,249348263.08577305,249371952.67108166,249244872.26820496,247549880.97781008
6369,248207970.34472656,248758497.37017664,248824313.409895,248741761.3687783,246808835.35945395
6370,249973223.40039062,249026372.96446657,249095601.53214356,249085720.922275,248207970.34476072
6371,250080411.6887207,249630862.74592707,249658158.99805376,249698049.4613806,249973223.4002795
6372,248643022.72338867,249784340.36137655,249775849.1042572,249801221.03039834,250080411.68875843
6373,249973231.21289062,249297003.14450392,249295436.53572744,249278103.34485653,248643022.72330043
6374,246649150.1364746,249686797.76076984,249704742.60263762,249725835.0044394,249973231.2129236
6375,241919730.30859375,248481726.13165843,248490100.23384246,248442432.2518848,246649150.136499
6376,248467931.30517578,246429634.9400977,246529131.3838321,246411619.52817327,241919730.3086312
6377,249453715.0522461,248353917.07415417,248503148.64323536,248596162.35875767,248467931.3052302
6378,246762052.52172852,248953360.18295,248961334.20663735,249068713.07047695,249453715.05213824
6379,250844379.57006836,248105899.16500914,248113588.48211506,248123674.9023405,246762052.52176717
6380,249990645.67041016,249529783.70850345,249567433.9185756,249666534.11199653,250844379.5700323
6381,250084036.73266602,249504325.73736912,249465823.03744537,249520589.2440754,249990645.67048207
6382,253255866.34838867,249619572.68877068,249601991.43381763,249633232.59724382,250084036.7326364
6383,248658354.73339844,250903839.1891529,250868136.62230635,250954727.34124374,253255866.34842148
6384,249991561.7927246,249473037.45010242,249403339.1850145,249359815.62858957,248658354.73349035
6385,250587690.13500977,249748461.79412663,249764879.7216921,249762452.78321216,249991561.79276544
6386,251468733.80932617,249994879.72261342,249978874.75327536,250002605.240377,250587690.135113
6387,247622331.06958008,250380499.70395207,250349672.38960546,250382565.3157445,251468733.80940637
6388,248362338.15014648,249045148.3612052,249020448.55877003,248959516.7481052,247622331.0695541
6389,253510373.63793945,249055045.73127624,249102034.00181875,249083968.0768041,248362338.15019116
6390,247053466.74072266,250941735.2157248,250941802.4334344,251050212.45731762,253510373.637956
6391,248697981.1142578,248901939.92708328,248839308.4549201,248769457.97338927,247053466.7406182
6392,249415358.2734375,249174739.1453997,249233505.02861598,249217986.26617777,248697981.11418825
6393,259441839.9033203,249421764.37975505,249438112.834619,249462515.8638726,249415358.2733352
6394,258981421.83789062,253254913.55205455,253203321.23803756,253423327.37573636,259441839.9033193
6395,254659548.2121582,253984821.5178828,253743816.47207865,253845874.52899823,258981421.83784056
6396,251028345.92700195,252833308.68892208,252641858.29217815,252559019.6172076,254659548.21227297
6397,252520573.2319336,251413755.57557565,251333197.6291546,251176683.1354711,251028345.92691123
6398,255168372.5048828,251688118.0982997,251670319.56234214,251593676.76960173,252520573.2319837
6399,254811048.81958008,252686418.5228963,252624534.97032458,252620889.05014104,255168372.50485605
6400,249081884.28320312,252745967.72867674,252635815.6747587,252601135.90350592,254811048.81969804
6401,251719814.55273438,250680408.2373993,250613805.49591836,250442077.56505594,249081884.2831832
6402,250711003.77392578,251253204.44411588,251283620.70827395,251215745.3282721,251719814.5526827
6403,252046971.97631836,250893068.59499422,250872805.47878096,250805561.82743707,250711003.77387667
6404,250390207.9567871,251297225.48832628,251290518.61258668,251256521.46519163,252046971.97641325
6405,252319516.53515625,250738369.667709,250713302.51323023,250642492.8967966,250390207.95682332
6406,256880259.18603516,251344376.06972536,251341629.25242755,251320440.02277732,252319516.53508255
6407,258704188.17041016,253168982.06330258,253101142.39251783,253166905.11990732,256880259.1861468
6408,253169694.0432129,254327519.6380286,254164555.73719066,254205523.7096315,258704188.1705036
6409,254531546.30322266,252680572.43087655,252522468.64055738,252379751.59330285,253169694.04331577
6410,252983840.19482422,252989177.35538068,252937066.0143401,252835300.12212616,254531546.30320296
6411,252093276.41235352,252452102.4854548,252380054.1595238,252261444.63153866,252983840.1948382
6412,252953283.70214844,252000889.32775643,251966785.20937812,251842649.97241116,252093276.4122972
6413,254223553.4165039,252175585.20089373,252151957.60675216,252071111.48864454,252953283.70211336
6414,253875140.71362305,252633011.58569288,252583300.9144126,252536830.65873757,254223553.41645107
6415,252840071.34570312,252609598.6398439,252538036.40562102,252470427.69059342,253875140.713586
6416,252280807.70776367,252257556.8963634,252200591.99953914,252102721.42888576,252840071.3457413
6417,252655123.89624023,251995674.47113726,251962766.66753814,251860473.35786483,252280807.70766705
6418,250268019.60253906,252068884.6503594,252044471.1196047,251962617.0688168,252655123.8962302
6419,251981127.2060547,251152316.32292837,251133257.45498568,251008317.54844287,250268019.6025849
6420,249323562.14819336,251577517.07416102,251594412.16085303,251530188.02269477,251981127.2061352
6421,252344674.5895996,250599853.78775078,250595121.59091306,250484166.8707012,249323562.14826903
6422,249046673.87768555,251501582.44401947,251531880.66881117,251505554.39184913,252344674.5895235
6423,248985466.1994629,250383464.28035185,250368459.23958534,250269499.062946,249046673.87773317
6424,253189832.82958984,250165360.77935258,250218296.78828633,250130571.26750717,248985466.1994259
6425,251026300.09521484,251626926.00592193,251652819.48877883,251676923.8557929,253189832.8296129
6426,250143650.9465332,251080801.75778666,251035273.07487425,250984893.85858762,251026300.09521815
6427,251122212.10351562,250713452.08206573,250719575.79460344,250638911.24306434,250143650.9464338
6428,250075809.13476562,250980514.43568167,250995455.98196134,250951941.93555036,251122212.10342523
6429,258551669.73583984,250613962.96761915,250614280.76421508,250549623.42062423,250075809.13486525
6430,251069117.92041016,253751474.3997624,253726289.51269147,253838736.58762243,258551669.73574975
6431,249523710.32617188,251595367.55675864,251446114.28971952,251331091.0538164,251069117.92041135
6432,255096452.69848633,250745312.9984404,250761133.28735858,250612317.78167644,249523710.32622975
6433,254523189.96240234,252611830.28183973,252620023.80370742,252636519.34694904,255096452.69860172
6434,256724432.35083008,252749414.91335958,252652781.23472703,252625766.26300597,254523189.9623468
6435,253893798.19628906,253711891.40409252,253620550.57852218,253603102.37410825,256724432.3508303
6436,253853138.02734375,252943331.40486965,252827067.98383814,252716006.4286504,253893798.19635087
6437,255019472.91430664,252877986.8137881,252824109.0818881,252709126.55851585,253853138.0273944
6438,251986003.77490234,253286901.969843,253225611.66655165,253147357.53980738,255019472.9141922
6439,249194335.71826172,252264745.21257982,252200626.41863626,252047574.39441058,251986003.77487943
6440,250498968.35986328,251022156.35624132,251034144.9807701,250841972.0313693,249194335.71815988
6441,245268440.1862793,251199085.55560347,251255668.51502892,251139459.87929738,250498968.3599733
6442,252571919.82299805,249099539.7732957,249153830.05123577,248959486.57302624,245268440.18620887
6443,247502569.0300293,251299265.64862797,251410607.1008407,251428106.06371284,252571919.8229499
6444,248786461.67211914,249686679.0251792,249674152.5239178,249573533.6389704,247502569.02996808
6445,252316895.03881836,249872888.052181,249956117.44353482,249890599.38060045,248786461.67220268
6446,252607461.30371094,251152115.90039635,251182560.2427607,251211299.21976537,252316895.0387071
6447,255018458.5192871,251501272.60812286,251461419.82186428,251464497.85574532,252607461.3036189
6448,253928594.97094727,252545754.0252259,252488714.75267583,252509940.5449465,255018458.5192319
6449,250872632.97973633,252452096.65356258,252357055.0627388,252314385.38882604,253928594.97106475
6450,249085281.61499023,251377936.82491723,251326014.23059314,251200138.77244934,250872632.9796991
6451,250123741.7734375,250508403.62086973,250527074.82631454,250389292.010666,249085281.61491904
6452,243024123.91723633,250646548.87515306,250690996.79342103,250615566.78511485,250123741.77334917
6453,243764170.45776367,247910370.8614517,247970971.52856007,247766263.13328907,243024123.91715187
6454,241500722.86572266,247522988.7128094,247714860.8183848,247601234.01797786,243764170.45776543
6455,243701650.89770508,246318947.2332009,246495630.5521258,246405031.0625747,241500722.8658305
6456,248219071.23242188,246679759.49520376,246879713.45613173,246890034.6676722,243701650.8977404
6457,244636622.3935547,248288987.47618765,248411041.59991878,248534048.49290967,248219071.23254097
6458,248871563.19482422,247202810.32191363,247253211.50638315,247263542.37395847,244636622.3935047
6459,245012574.63916016,248607848.5762059,248704664.38065007,248802948.61880383,248871563.19478163
6460,247595289.11499023,247400917.42376065,247431060.8692633,247429948.9418156,245012574.6391832
6461,250042386.50439453,248158430.62760958,248252123.09141648,248311553.685922,247595289.1150664
6462,248994842.90893555,249181009.6335799,249205117.6433602,249314156.19681862,250042386.50428125
6463,246398660.37963867,249030732.83704388,249015247.6150586,249064273.50511107,248994842.90883264
6464,244800582.99902344,248087281.13574627,248109058.9282042,248088799.2194184,246398660.37960383
6465,246603782.63061523,247284785.79797825,247365178.7190027,247336607.85665697,244800582.99892333
6466,246984367.14794922,247713658.55558068,247810788.09610948,247857702.45412356,246603782.6307293
6467,243671548.51611328,247873624.35001212,247930676.38988745,247991079.491979,246984367.14799207
6468,241497343.65405273,246625740.05776313,246692837.69075295,246679093.42328596,243671548.5160739
6469,245526123.26220703,245515424.4461616,245657748.54987535,245630726.95528919,241497343.6540877
6470,244797545.66723633,246663621.03704855,246818348.42945808,246928312.96598127,245526123.26220968
6471,246348185.3642578,246517746.18650702,246592272.52730694,246681696.45316064,244797545.6672566
6472,249848895.22680664,247087163.61699146,247169108.17078254,247277307.4570009,246348185.36431703
6473,247152118.5126953,248506507.20627162,248535548.09053984,248702984.5261863,249848895.2267981
6474,248022909.66918945,247837361.85093087,247814919.46685663,247878394.19878745,247152118.51265576
6475,254627363.1220703,248131950.137904,248162037.83719796,248230466.19407174,248022909.66918373
6476,249573653.73217773,250709660.78027925,250683911.20633405,250883374.83491513,254627363.12195376
6477,255030403.66967773,249441999.9112359,249321829.263229,249340743.05541438,249573653.7321773
6478,250001919.72216797,251386274.70319948,251342388.08082178,251458605.80697423,255030403.66971076
6479,247330878.66748047,249957469.11576673,249834198.44887504,249807589.1952523,250001919.7221336
6480,246912614.5810547,248804124.82494783,248804408.2817756,248720567.94289103,247330878.6674479
6481,252975141.35229492,248346138.12688375,248396348.37322456,248356409.00338835,246912614.5810324
6482,249187727.6652832,250451454.04258087,250473615.9284298,250592676.0662302,252975141.35232723
6483,248028886.77685547,249411714.40037173,249335284.84671354,249336777.93085936,249187727.6651685
6484,246714425.82836914,248851169.3851008,248860645.46649125,248830799.97627681,248028886.7768286
6485,247966156.89916992,248197851.95372847,248233221.94857076,248207028.96532753,246714425.82825783
6486,248630264.83862305,248453627.69785002,248505124.41840702,248536139.68204665,247966156.8990741
6487,249125154.37768555,248687181.6745616,248707073.3910894,248760645.5394556,248630264.8387027
6488,249804383.48364258,248919902.9036689,248925015.27398148,248980126.5410984,249125154.37764612
6489,248050486.8828125,249226428.06420287,249216843.38526776,249276469.2416763,249804383.48357803
6490,251837130.76513672,248683475.34258744,248673262.80639058,248680994.58448386,248050486.8829157
6491,253767198.85913086,250000307.0838967,250003091.08422258,250097380.93273097,251837130.7652542
6492,250232571.18115234,251031004.08996293,250949004.17031565,251053349.43005884,253767198.8591519
6493,247155563.00854492,250032297.68158698,249939260.73910695,249918363.2233007,250232571.1812155
6494,244103042.49975586,248748797.02608222,248745293.0458069,248666174.1253199,247155563.0085104
6495,241702856.8869629,247279664.13798133,247350318.97830907,247258682.53591043,244103042.4996461
6496,247687479.88232422,245910245.01000884,246048060.02740458,245976700.6116038,241702856.88703915
6497,251298524.9086914,247683005.90565452,247825624.74910846,247949088.05293354,247687479.88237196
6498,247909799.59228516,249270415.55309284,249268951.5800839,249453398.40166712,251298524.90860504
6499,246651390.55249023,248385189.07811534,248336901.7698447,248385959.11073166,247909799.59233573
6500,245950069.23486328,247803532.197829,247830107.48995864,247847913.41713527,246651390.55249164
6501,250156481.35424805,247414744.7340453,247467641.45691258,247494928.56625235,245950069.23477197
6502,251121529.5336914,248880670.60923952,248922459.96039376,249055122.20994696,250156481.35435367
6503,255343997.5673828,249560235.33362362,249514711.44220808,249634085.33802977,251121529.533606
6504,252628357.92285156,251419722.35145825,251338915.73443884,251497732.92678213,255343997.56738457
6505,243931351.8293457,250900965.60656115,250756604.50030094,250794053.25287232,252628357.92279747
6506,250886660.50512695,247693821.60206273,247660834.70503882,247493939.61749104,243931351.8293784
6507,250612371.70141602,249635732.18201664,249731773.8081384,249793857.28895783,250886660.50522265
6508,249290053.5900879,249803379.81355137,249758295.621559,249819077.79087442,250612371.70142704
6509,251196608.70898438,249400579.58997962,249375903.28956178,249378499.08488137,249290053.58999804
6510,250767543.91503906,250054596.1041703,250044349.69293672,250093135.4841938,251196608.7090977
6511,254629656.70166016,250026861.9176834,249981460.47748953,250010780.3497177,250767543.9150244
6512,251724834.81469727,251540114.49021402,251484844.48960024,251580015.60213363,254629656.70163795
6513,255630841.28076172,250832245.43739268,250720624.4268733,250712622.48751754,251724834.8147705
6514,248074954.45263672,252285512.0930506,252216190.51045302,252275841.67463925,255630841.28079757
6515,251332712.85473633,249773630.2381932,249670947.34434336,249546208.10725313,248074954.45257157
6516,251172527.99389648,250570041.8513485,250602823.90439028,250581112.40897787,251332712.8547189
6517,256174525.63745117,250607941.50064808,250573253.38364616,250565545.57176262,251172527.99396828
6518,253436447.55371094,252529547.62310246,252474700.33451462,252557212.04873478,256174525.63746428
6519,253032612.2932129,251964159.14583546,251829056.543919,251801790.26850992,253436447.553765
6520,250231768.09985352,251846469.57595426,251775891.2014415,251717057.28033036,253032612.29321107
6521,248484531.52319336,250785088.10913408,250737406.20418853,250629475.21751162,250231768.09977487
6522,252384773.87890625,249909158.23480836,249926816.2997576,249811220.5063388,248484531.52319145
6523,249061774.03271484,251137065.6116076,251165218.1121256,251170770.65439442,252384773.8788536
6524,250375669.57250977,250037164.00002867,250003334.74671596,249932832.21597478,249061774.0327816
6525,253389648.79492188,250338793.71703908,250365999.76517412,250332928.88496923,250375669.5726197
6526,252494059.9177246,251455390.0578895,251434490.46193668,251477062.34216517,253389648.7948032
6527,251413887.69750977,251366913.4346855,251293640.8609168,251285144.77471888,252494059.91767251
6528,251142588.79125977,251028079.7604977,250981779.48787972,250930908.50665697,251413887.6975276
6529,249382068.6040039,250899205.4394168,250877075.89998177,250825844.24054873,251142588.79135376
6530,248994697.39794922,250170980.67124584,250162750.93440187,250087527.06078926,249382068.60402623
6531,251459091.53051758,249846726.33949634,249874411.2795088,249814340.27253094,248994697.3980632
6532,245059625.98120117,250650986.88524193,250669570.11851838,250682188.43171042,251459091.5304461
6533,250485954.89135742,248368502.9210887,248373748.55316925,248243499.23304367,245059625.9811855
6534,249445712.79345703,249928824.63969204,250028940.64875588,250057435.8071544,250485954.89146647
6535,247871829.4033203,249735169.2304057,249727037.91869956,249735010.57121179,249445712.793412
6536,246173089.9650879,249127504.8064839,249152707.45955977,249112320.11390832,247871829.40330425
6537,250492655.71972656,248328840.9078974,248390461.14883426,248334989.89041305,246173089.96502835
6538,247890700.2385254,249739461.42482042,249807083.4511244,249871256.97813135,250492655.7198396
6539,251131443.52685547,248978408.64152965,248973111.03791758,248966458.3054343,247890700.23857403
6540,251859005.9013672,250060095.05121273,250089437.06823394,250149782.43700418,251131443.5269642
6541,252296390.85229492,250543658.01033792,250502584.491379,250560964.27865726,251859005.90141132
6542,248515005.89013672,250889298.43763775,250836372.59350675,250869839.08366743,252296390.85234067
6543,250619558.859375,249619161.43797737,249581261.03068864,249513368.66404995,248515005.8900936
6544,250572456.29638672,250221874.64537486,250249342.28762993,250243564.40711725,250619558.8594537
6545,251571196.41015625,250285998.5550149,250270745.020268,250269106.30430588,250572456.2963187
6546,250482278.7145996,250680140.31338385,250662332.23639765,250673128.7751015,251571196.41007105
6547,244146541.84277344,250378314.40162045,250347818.392466,250323085.0235679,250482278.71448216
6548,245008022.37231445,247953789.16508,247981442.7552707,247826652.28585476,244146541.8427733
6549,247591584.43041992,247732772.45532566,247877531.6721307,247807522.90323186,245008022.37228343
6550,252141608.24316406,248470486.80063444,248574196.3398184,248610172.1745714,247591584.43042812
6551,250162129.24121094,250255116.3329686,250281079.62047574,250403754.71840018,252141608.2432716
6552,252070101.140625,249878914.39694628,249827575.44125268,249857183.9684927,250162129.24125013
6553,250034195.17260742,250615160.2407086,250594406.4995837,250639860.24827614,252070101.1405053
6554,254633046.97314453,250085053.2743002,250040008.21780202,250019550.01689255,250034195.17248768
6555,255543085.73046875,251771091.7022296,251744115.99427447,251815013.55433702,254633046.97322652
6556,248247750.33203125,252506977.02689776,252385660.98299986,252435534.12065306,255543085.7304828
6557,251913899.0673828,250056704.61243275,249967146.2961117,249815225.4468426,248247750.33205783
6558,242747601.8869629,251002920.04988718,251037708.9336482,251005115.27897635,251913899.06730184
6559,248863545.14501953,247641209.33222738,247650414.72631735,247447242.01866975,242747601.8869584
6560,251371528.00805664,249181760.93430358,249335973.78605822,249337685.15187484,248863545.14492545
6561,253983436.00219727,250251988.8931624,250261657.15272805,250336655.54389143,251371528.00801232
6562,248812920.00439453,251454451.9436652,251403318.55041444,251487585.34518304,253983436.0021605
6563,249120155.40551758,249865259.83997446,249795246.1606317,249719392.5582923,248812920.0043577
6564,251330858.07983398,249730976.32863444,249762987.7474274,249708901.28504485,249120155.40549052
6565,249781225.57788086,250487541.60112372,250497328.6722017,250515364.99047336,251330858.07979387
6566,247283797.42260742,250014624.10140166,249989467.3917525,249964327.58217296,249781225.57797724
6567,253997756.9465332,248990169.22875163,249010614.25948933,248936469.50777283,247283797.42251945
6568,251668820.4711914,251269603.252208,251298399.00608048,251395727.99795026,253997756.94643813
6569,252918497.09936523,250835165.94695282,250743572.13896206,250751750.57701528,251668820.47114724
6570,247647195.27197266,251355980.21564156,251311709.89245686,251315193.45715547,252918497.09936377
6571,249037952.22631836,249493372.8882844,249452517.23125055,249338553.3059612,247647195.2718557
6572,254508085.43969727,249658816.58803973,249715236.9999708,249666708.70367956,249037952.2262083
6573,249565857.9946289,251669660.03307104,251663267.6814524,251753349.53524306,254508085.43974745
6574,247382380.06225586,250212188.22444806,250128110.06541225,250068099.4531338,249565857.99474123
6575,251635371.27807617,249168604.5700464,249197905.75815246,249097967.90886655,247382380.062284
6576,252003906.9831543,250488967.9016483,250531512.44558167,250567820.62827697,251635371.27804196
6577,250750514.92578125,250832920.3143307,250788006.67077687,250818828.35339138,252003906.98317096
6578,252858139.83276367,250493267.503832,250452178.8746918,250427655.28353864,250750514.925664
6579,252710698.64892578,251269318.36721882,251242759.7019406,251260365.8720232,252858139.83270508
6580,249903216.28222656,251376547.47437587,251308546.6806104,251307594.10597274,252710698.64896253
6581,253983591.51293945,250431768.91911125,250387630.1889542,250308683.9666996,249903216.28212768
6582,248236346.41088867,251792519.29616112,251781183.77291402,251806195.40675688,253983591.5129779
6583,252057783.75634766,249882340.70544058,249822208.5424898,249710794.84621966,248236346.4108166
6584,254407117.1784668,250978354.40670753,251013053.05618128,251005817.7056279,252057783.75635785
6585,254920143.05297852,252044757.88928184,251987651.59046018,252028614.26490095,254407117.178459
6586,256243589.0986328,252515721.92380804,252414622.61777222,252421672.57959783,254920143.0528792
6587,252264127.60424805,253243295.02032295,253130002.54347956,253127055.76647282,256243589.09864715
6588,252210569.21948242,251989344.03267062,251876430.55191123,251759571.4709293,252264127.60436416
6589,252131732.8840332,251780691.49728766,251750123.016401,251648575.29289272,252210569.2194682
6590,250356326.9716797,251658746.45448408,251626530.00340685,251549254.89285025,252131732.8839241
6591,249970394.39916992,250950636.9710495,250931106.95116928,250825701.1475101,250356326.97157237
6592,246764737.99536133,250620981.30892918,250637224.19600156,250547798.53790605,249970394.39914808
6593,243657579.57202148,249266751.7724855,249305168.75262725,249175895.0437104,246764737.99532777
6594,243613288.06958008,247705120.01423645,247820121.22230205,247676775.47982723,243657579.57201916
6595,246388916.23413086,247173520.99252424,247340201.13721102,247269452.56136885,243613288.06956863
6596,249463532.76733398,247932244.6258794,248075916.94348428,248109852.81167334,246388916.23406836
6597,250685941.72216797,249141688.0543811,249208953.18389255,249302328.0759601,249463532.76739684
6598,249936527.08618164,249860359.03225762,249860935.01939565,249938360.6840131,250685941.7222895
6599,249245171.9802246,249782666.02152187,249764559.8228861,249787284.06928328,249936527.08628088
6600,250274526.23168945,249578378.29938224,249580684.6025089,249573549.43068418,249245171.980152
6601,249656633.31079102,249937621.8190187,249946735.38375813,249963531.43858132,250274526.2316312
6602,249887761.38427734,249796824.47506887,249789814.64409018,249785412.87238783,249656633.31090945
6603,252352394.29663086,249860323.9505206,249865576.2893943,249865034.40447995,249887761.3842497
6604,252973035.9501953,250781636.6631683,250766308.55678192,250818508.09015924,252352394.29656667
6605,254374398.7373047,251259493.31787223,251195775.89165524,251231682.86396158,252973035.9501136
6606,250697357.75170898,251955963.49715668,251875040.11353812,251909010.0702173,254374398.73718995
6607,249950082.44873047,250847771.3439539,250765393.79444614,250687262.43082288,250697357.7518247
6608,253273429.1303711,250408893.30191377,250406527.153772,250325015.8786109,249950082.4488159
6609,251246939.734375,251535936.04269066,251527910.98437825,251543122.55098483,253273429.13032225
6610,251485061.0625,250966809.57559505,250904612.47099996,250860950.3822979,251246939.73428383
6611,251834548.4104004,251006553.5885175,250986614.9660429,250942228.1128332,251485061.06242165
6612,248435792.8010254,251150329.4839667,251123038.97964558,251091207.0906236,251834548.41032472
6613,247198494.96484375,249890816.43120617,249876644.62053683,249772715.41847196,248435792.8010468
6614,250230099.4790039,249143705.23471004,249201641.07851422,249103806.66807863,247198494.9649186
6615,249881948.3515625,250056772.71201745,250118298.99608305,250123265.09320873,250230099.47894117
6616,254727602.72192383,250013586.87660655,250013900.40088484,250008944.1832434,249881948.35156447
6617,253727259.68896484,251854735.75788385,251836824.7803989,251919292.0483276,254727602.7218959
6618,248541471.44335938,251884794.303833,251777153.44659284,251790754.20410934,253727259.68901345
6619,244738921.15551758,250082565.58456782,250030404.62035787,249900023.84320432,248541471.4434128
6620,248939278.5288086,248305140.46651268,248376485.3164584,248209373.1567208,244738921.1554364
6621,249837034.7319336,249359740.50896585,249474454.062102,249474845.45935145,248939278.52888557
6622,247518455.27539062,249771062.43862122,249792270.0981212,249820832.7826118,249837034.7318869
6623,249828719.8918457,248994688.73384076,249013961.05107847,248971050.23273543,247518455.27534807
6624,248214258.15625,249696097.00864294,249746243.80327109,249764886.62359828,249828719.891947
6625,253890218.31201172,249180749.6708578,249190857.50271446,249172711.81241432,248214258.15622297
6626,249114351.08374023,251239135.65402904,251250767.35682967,251349722.19020817,253890218.3120681
6627,244934634.47998047,249864192.67783317,249790509.2199436,249746774.9703313,249114351.0836628
6628,249102344.80395508,248086561.80183557,248134462.70487672,248006136.02361763,244934634.48005697
6629,250375581.40478516,249227801.4740046,249329251.10265875,249351475.20271552,249102344.8039441
6630,252604507.4638672,249802544.98980546,249808918.02242061,249863696.07756665,250375581.4047136
6631,248034848.58374023,250814640.54565015,250787551.71918973,250854589.41159922,252604507.46398327
6632,248289901.1171875,249356734.23999822,249313062.51765418,249248654.48272526,248034848.58375123
6633,246709954.140625,249196390.03462213,249242369.72266006,249202377.81354037,248289901.1172567
6634,247955998.0834961,248484536.1138714,248529306.85239246,248486753.59290951,246709954.14055145
6635,246989957.75610352,248724519.82104102,248790684.2065289,248801769.08807734,247955998.0834374
6636,246579472.89233398,248335471.88507444,248378624.58933288,248380059.4138871,246989957.7560109
6637,246234685.39233398,248058134.87349764,248121197.4002561,248125071.39617857,246579472.89228013
6638,242548213.85180664,247802867.8499922,247871849.36335772,247886715.01288217,246234685.39232
6639,244501075.33496094,246290120.2815479,246383492.36096668,246339462.05972666,242548213.85174364
6640,251129784.12353516,246615751.29878223,246765874.50960764,246811149.7224338,244501075.33496884
6641,250997148.3540039,249059632.32111198,249127461.0165329,249328767.0794265,251129784.1235501
6642,251160251.39526367,249540407.41837046,249480915.29313618,249611101.5818821,250997148.3540021
6643,245063732.80273438,249882424.91874874,249832793.1267201,249905433.176579,251160251.3953294
6644,244836518.8137207,247762055.86818674,247746050.23858267,247667724.90486813,245063732.80267143
6645,248159403.6755371,247257876.53965756,247363705.9758225,247326459.1547239,244836518.8137004
6646,248780340.06347656,248274920.96941108,248359652.5679178,248440944.77155045,248159403.6754168
6647,247847323.02734375,248651629.92659,248666497.28425348,248748379.61245957,248780340.0634648
6648,244468086.96044922,248415200.81168187,248425593.91254804,248463016.493171,247847323.0272939
6649,244551668.19702148,247109576.2820341,247156904.69267797,247123847.98583597,244468086.9603635
6650,244631476.45092773,246835851.19119978,246946436.8271732,246952390.4146894,244551668.19712213
6651,244715318.95092773,246703885.86900288,246807128.07940447,246846716.59493423,244631476.4508461
6652,240385836.21069336,246619420.45543945,246717327.04151097,246773818.1502158,244715318.95089263
6653,244858714.45751953,244890634.86652994,245007657.7639299,244987015.55349794,240385836.2105766
6654,251126158.43310547,246115612.42260292,246286916.1315417,246410353.56542772,244858714.45752308
6655,246423116.30126953,248614271.03165463,248655163.24187312,248906815.85725248,251126158.43306047
6656,250648533.17382812,247421448.47381625,247370492.53371102,247442461.75165617,246423116.3012555
6657,247510369.25219727,248907496.65177703,248930263.3062734,249072849.1038587,250648533.1737931
6658,252803390.95947266,248055107.14959395,248010200.37528074,248062400.12812343,247510369.2522325
6659,251158387.80029297,249975341.56894892,249968999.67290476,250122286.16799685,252803390.9594078
6660,251040945.7644043,249782856.4571597,249681739.0524888,249760971.7349087,251158387.80017385
6661,252846599.0168457,249854385.50438184,249794905.20385998,249837980.49388754,251040945.7643073
6662,253289375.27441406,250641486.16758502,250576947.25954834,250647948.41087124,252846599.01681697
6663,253538590.81396484,251042165.23846295,250943490.62971535,250996849.48922858,253289375.2744003
6664,249108203.0324707,251336992.37492946,251234736.64787218,251264000.63544682,253538590.8140725
6665,248046149.94384766,249792017.74854544,249713480.70884618,249636065.07171708,249108203.03241143
6666,248632086.75097656,249087337.28941402,249103031.44142225,249038799.05054513,248046149.94373783
6667,252658027.49829102,249083693.44205207,249112497.36680898,249104480.8453329,248632086.75100487
6668,251064083.55615234,250562085.38010085,250556785.05216572,250644289.2193308,252658027.49821523
6669,247576953.7590332,250264759.25878358,250190785.2007379,250210943.57641014,251064083.55622807
6670,243592391.76293945,248959612.35596034,248940147.75725323,248872654.1052372,247576953.75912863
6671,252134639.53637695,247179532.33667818,247249266.18504527,247136878.06982535,243592391.7630171
6672,249779355.77783203,249914748.8078932,250008553.95528,250141820.3920715,252134639.5362716
6673,252060082.12768555,249496166.78826624,249432467.22929686,249482368.57463756,249779355.77783865
6674,248537460.8918457,250349852.135137,250326251.96161604,250393610.60201386,252060082.1277249
6675,251642197.87182617,249229392.30444998,249178292.589953,249153656.23282877,248537460.8918728
6676,253857690.97998047,250250454.52862188,250255463.37345004,250302570.63638973,251642197.8718945
6677,246514064.78759766,251283854.6986893,251213673.2981208,251295784.43824324,253857690.9799676
6678,246967100.92895508,248797120.60060912,248730316.8310687,248619777.27240783,246514064.78764328
6679,249382559.76757812,248477285.4039194,248552502.69403946,248498803.14095896,246967100.9289041
6680,247057271.84643555,249196056.81124526,249241283.8976525,249287192.70816344,249382559.76754045
6681,248350945.55273438,248396503.10006157,248406678.06798738,248399259.43110085,247057271.84643728
6682,245351975.93945312,248718582.36526188,248767606.00804836,248798479.59112135,248350945.5528101
6683,250814392.10302734,247590467.65946823,247626890.460292,247604430.61672524,245351975.9393412
6684,252493118.37548828,249391907.752131,249455929.60630634,249571493.3610314,250814392.10300323
6685,248987984.51464844,250355350.29938063,250300202.27803487,250422959.21532232,252493118.3755425
6686,247511844.95996094,249336350.01505867,249274164.64260554,249269297.12326,248987984.5147243
6687,251249326.75097656,248677322.4153161,248694928.15059978,248661377.8461355,247511844.9600677
6688,247559960.55419922,249943344.93220598,249967695.5521386,250038997.952805,251249326.75101808
6689,248541488.09057617,248765732.47091603,248736527.6857188,248715454.85751677,247559960.5540783
6690,246748886.7158203,248921964.99218196,248962754.46745896,248974339.23599905,248541488.0906856
6691,251631315.29418945,248200547.8005971,248226725.93735573,248219581.0772112,246748886.715729
6692,246853142.1525879,249887044.67077708,249921387.39441827,250029963.11343578,251631315.2941648
6693,249250475.9326172,248420789.15934846,248385257.52461588,248364498.12607813,246853142.15252677
6694,252066915.36645508,249078695.49702024,249127505.74034745,249166699.06275767,249250475.93261844
6695,249800703.60791016,250224691.17441627,250206165.35368675,250309477.03958273,252066915.36653212
6696,246935595.15161133,249644880.15059197,249587308.8850104,249604878.7279942,249800703.6078316
6697,251599935.35888672,248532331.8793504,248539155.8072953,248490051.15945563,246935595.15159813
6698,250517277.86938477,250056701.45530096,250092158.98810837,250172645.40506196,251599935.35876676
6699,245243980.2277832,249932044.97152516,249881717.63482875,249919239.24111742,250517277.8694223
6700,246771455.37329102,247984871.46861973,247990119.99064136,247898181.36769578,245243980.2278186
6701,248048253.9658203,248176456.68579695,248275405.4554205,248261276.8484772,246771455.37339583
6702,255230799.85424805,248588555.79438674,248645908.06073615,248687035.30332765,248048253.96574688
6703,251855849.64086914,251333002.37788585,251324243.23111185,251505109.63872412,255230799.85424197
6704,253135230.3708496,250711347.258569,250584529.06511283,250615427.34949824,251855849.64086685
6705,249869861.43408203,251244873.94438288,251185289.37386474,251206053.34492388,253135230.37088725
6706,251087314.7692871,250206422.7572137,250141195.58845663,250080634.22302213,249869861.4340856
6707,252859250.97509766,250488886.28823647,250484142.16112238,250464243.48859638,251087314.7693273
6708,252629031.93969727,251194875.08623058,251154578.85760796,251179055.17117286,252859250.9752189
6709,252438538.14770508,251289243.01119837,251218716.6069983,251215168.9848925,252629031.9396221
6710,252907011.5402832,251296290.75631356,251234306.8261581,251211422.59500113,252438538.14762315
6711,250927570.84643555,251510766.7378135,251451565.99180755,251434495.43490583,252907011.54038835
6712,250641021.35595703,250822265.74116188,250765895.18809184,250702654.16053775,250927570.846512
6713,253048436.2294922,250599776.13963896,250585411.6153044,250528428.89134032,250641021.3560612
6714,256793235.87548828,251445552.27843323,251422051.8462988,251429769.904562,253048436.229421
6715,248859684.65161133,253050171.57526055,252960401.93857023,253025878.83625478,256793235.87553245
6716,248080581.61743164,250453439.06019372,250338997.00628653,250188411.6231606,248859684.65168843
6717,244364132.2890625,249695919.92144242,249745160.31128275,249616957.37494442,248080581.61747068
6718,249704483.6665039,247998690.20448047,248074505.38390553,247933233.38830188,244364132.28896344
6719,250424451.44921875,249559868.72887567,249677015.76065755,249706339.89521745,249704483.6665609
6720,248232342.41845703,249987807.88185653,249988465.97859982,250031742.81450945,250424451.44919384
6721,250204523.92919922,249276860.37128258,249279082.84508884,249246511.59339353,248232342.41837785
6722,249687308.31835938,249871824.13689467,249903434.24873826,249922581.80264997,250204523.92923653
6723,249581533.76831055,249781878.9599261,249775405.65179956,249778787.11005756,249687308.31839275
6724,249523532.04858398,249733789.71720093,249740119.20448363,249735773.62361258,249581533.76843256
6725,247377726.92529297,249669809.2629625,249675937.40659684,249675818.05497634,249523532.0484908
6726,251200337.24975586,248854122.6236823,248873255.67034438,248830129.23582444,247377726.9253724
6727,250441378.12670898,250117096.112784,250156703.54440504,250212894.10913014,251200337.2498657
6728,244189848.6911621,250047815.3789149,250014221.89660135,250037889.45366105,250441378.12664485
6729,247154413.40673828,247731141.2540335,247751725.9367859,247628966.94880113,244189848.6910859
6730,244278598.83911133,248332837.42055416,248455683.82128072,248453909.87452042,247154413.40671715
6731,247069387.84057617,247239386.19436586,247313177.19293383,247278186.41203815,244278598.83915243
6732,249268274.03637695,247992464.14445424,248106524.62474236,248156178.98621708,247069387.84051725
6733,245751089.31884766,248865861.25833187,248906072.3132696,249005892.95648587,249268274.036398
6734,249228637.06469727,247727647.00613555,247745059.61203575,247740769.78772143,245751089.31886187
6735,248229597.18701172,248845700.07922295,248913829.04410806,248992617.67287552,249228637.0646152
6736,247036677.88110352,248641853.7992026,248642854.90569615,248691850.0675398,248229597.18700805
6737,252185240.93774414,248200746.1587916,248231827.4921075,248242431.96645525,247036677.88100663
6738,251548587.55737305,250053886.04239097,250077550.29500276,250204920.0434045,252185240.9377616
6739,254562302.53466797,250230058.09127873,250158369.91021794,250228543.07063466,251548587.5573495
6740,252569961.79248047,251519576.47623554,251449698.1366066,251543051.9928858,254562302.53474855
6741,247362136.8232422,251159878.53441894,251045735.7255257,251051481.6832839,252569961.79237285
6742,248416343.73608398,249249605.19573897,249210983.02597475,249091498.0966265,247362136.82314336
6743,250502997.71655273,249242290.9827455,249298922.8055492,249254083.1105244,248416343.73606396
6744,248540048.98291016,249921952.5842387,249940965.75398886,249972738.78648847,250502997.7166496
6745,250403471.08398438,249308988.71103865,249300046.35128295,249277622.18673933,248540048.9829972
6746,246784988.55419922,249885601.88607907,249905716.05442473,249929195.66815668,250403471.08399963
6747,250317736.87475586,248600518.5530707,248601324.2277722,248547780.37716407,246784988.55410272
6748,253705500.79541016,249691661.48279992,249745393.98070666,249785244.0518901,250317736.8748602
6749,247665168.57788086,251158148.56344143,251120118.05467823,251220060.9037438,253705500.79539043
6750,255910550.59375,249266529.84751922,249202172.4988889,249121912.74188292,247665168.5779434
6751,250937442.98608398,252052406.75247824,252062495.65677917,252173155.922858,255910550.5937996
6752,247900852.53295898,250738102.68277502,250611822.58672857,250576329.1907653,250937442.98602
6753,249613993.5900879,249447597.65960646,249444891.5966728,249334438.9139475,247900852.53292453
6754,250132675.84326172,249798343.2304729,249840862.17542538,249815240.6719685,249613993.59000552
6755,247720953.20288086,249985530.17404887,249989187.44320118,249989338.73077056,250132675.843196
6756,243450705.3684082,249088702.8574015,249096175.8412951,249042071.45250297,247720953.2029892
6757,253023069.13232422,247256335.1145346,247332970.96588412,247215612.06326067,243450705.3683801
6758,250478924.36694336,250385514.2992686,250486742.27364144,250630492.4961854,253023069.1322622
6759,249590964.13842773,249961631.3124876,249884130.71073768,249931639.07034647,250478924.3669411
6760,247854690.10327148,249672731.95566463,249658519.92804587,249647589.97139704,249590964.1384842
6761,251758038.67993164,248982794.6873975,248992708.36295244,248954999.2903366,247854690.1032014
6762,249272821.71679688,250291755.78273007,250313991.69737878,250378894.6862378,251758038.6799964
6763,250440508.38598633,249560316.5959653,249516866.8072869,249514449.63700163,249272821.71675143
6764,251018173.07714844,249916813.532213,249919885.6644255,249937113.52720138,250440508.3859356
6765,250681484.13354492,250201555.1401983,250175948.4649331,250204344.58700234,251018173.0772647
6766,247344830.23657227,250192171.02265745,250160835.81895053,250165118.45792517,250681484.13350263
6767,244499920.0041504,248951899.74541146,248947257.667061,248878784.93449336,247344830.23667327
6768,250751929.02368164,247591840.52249193,247666858.1433862,247574557.00376382,244499920.0040811
6769,251689177.00390625,249570504.1764913,249661321.03617048,249754719.00820193,250751929.0236578
6770,252601378.50610352,250235104.56597638,250194238.34401903,250284360.32504046,251689177.00397924
6771,248532938.30517578,250808198.28851193,250749769.9917119,250809929.0575534,252601378.50618413
6772,249064428.4428711,249477293.00123537,249425915.267341,249371968.3963293,248532938.30517668
6773,249724158.51049805,249449517.4258213,249476216.97075728,249453828.82567385,249064428.44275445
6774,249666512.38891602,249652868.8206173,249662839.93317604,249674713.26590127,249724158.5105521
6775,246766325.41625977,249639967.60170704,249638169.6817194,249648805.70610556,249666512.38886607
6776,248218468.0991211,248523827.1289956,248538212.24554288,248490149.11470288,246766325.41636628
6777,245893007.30541992,248840001.31885564,248903137.93994686,248912033.91278052,248218468.099044
6778,248017850.82348633,247942280.43863672,247985518.96833068,247960447.09529555,245893007.30532613
6779,242215723.91967773,248539034.9820089,248616004.53429595,248654455.68970695,248017850.82360312
6780,244922274.65161133,246395723.68120697,246459790.1720651,246383338.2613038,242215723.9196213
6781,249720511.9753418,246907046.20001158,247067065.48124596,247097642.1257018,244922274.65150428
6782,248782153.78027344,248689549.7977871,248761534.83958235,248914935.55510762,249720511.9754499
6783,248041133.87573242,248686259.53574905,248670661.38476947,248755765.08981094,248782153.7802447
6784,255383246.13256836,248501768.50986695,248511950.41657004,248549713.35124114,248041133.87572944
6785,254412436.82592773,251301178.96654403,251285593.43334296,251468840.099157,255383246.1324919
6786,250565474.97192383,251577646.9303026,251426021.1270686,251515620.60669196,254412436.8260136
6787,250686529.4777832,250402587.17904794,250303196.06365663,250253059.0464754,250565474.9720079
6788,245346581.74072266,250287900.28100562,250265233.3897452,250235236.66788042,250686529.4778081
6789,249571401.75683594,248212518.82062647,248215464.53933576,248097561.01873145,245346581.7407641
6790,248188049.9489746,249348638.06909677,249432804.74663746,249457103.38218772,249571401.75688615
6791,249912189.9387207,248943578.18832257,248947340.55235296,248952655.1309941,248188049.94892985
6792,243565838.0756836,249507075.00521913,249530579.05903393,249568899.19247994,249912189.93878192
6793,250362397.16918945,247208254.35949913,247231554.16115695,247133502.21767604,243565838.07558763
6794,249468410.04541016,249265553.7917691,249373779.26422754,249466611.33323222,250362397.1692932
6795,244972737.86523438,249259791.27253246,249233337.02920985,249293261.39039907,249468410.04552424
6796,247625869.56445312,247624667.75388822,247647670.64991495,247585695.24717158,244972737.86516047
6797,250330233.78833008,248249854.37032324,248340873.1708506,248376407.45216456,247625869.56437188
6798,242515340.8774414,249334802.925972,249355233.80144632,249456006.31109425,250330233.78829512
6799,246395676.3491211,246574719.05946898,246586485.5375606,246497866.33107102,242515340.87736583
6800,250001203.67578125,247468441.19248867,247610544.356347,247655696.00487056,246395676.34923783
6801,247636135.26660156,248876398.47697327,248913267.42502317,249054988.5310031,250001203.675678
6802,249571394.8215332,248282162.14941242,248265069.64610913,248312753.6837403,247636135.26663905
6803,249336761.5666504,248955233.71156222,248976228.33724725,249054057.0227443,249571394.82156435
6804,249464191.94311523,249017784.4535571,248999582.02495864,249059945.69200027,249336761.5667703
6805,250486527.5107422,249170656.22659755,249161862.1038254,249205422.4382074,249464191.9430233
6806,251040675.29516602,249596770.64097804,249579865.7901255,249639117.23569557,250486527.5106258
6807,246997294.75683594,249931713.36747426,249893508.93041313,249948353.68770227,251040675.29507935
6808,251028705.02294922,248525504.419747,248501232.35678488,248455089.7932919,246997294.7569486
6809,250679917.5522461,249796046.62056905,249830526.03365344,249893324.77540138,251028705.02300265
6810,244832047.21313477,249869467.00960928,249823511.79302475,249870726.76935622,250679917.55234924
6811,244487478.00683594,247737830.29061058,247736335.83888152,247642403.6835798,244832047.2130317
6812,249890167.11279297,247143550.2963283,247256545.29293618,247209897.01091683,244487478.0067976
6813,250828400.19506836,248904141.41243136,248985905.93313923,249105316.96012414,249890167.1127205
6814,248855372.06860352,249544094.4912277,249513077.3624611,249623561.60047734,250828400.19517332
6815,247159944.28442383,249021476.63619986,248987360.15172455,249011233.55303162,248855372.0686105
6816,249702798.63305664,248364000.56731462,248380453.91895413,248364641.99214032,247159944.2843417
6817,252063316.78515625,249164083.5614683,249197664.71339825,249258217.04964596,249702798.63302857
6818,249663212.98046875,250188788.244877,250158508.53768486,250259357.9474957,252063316.78522652
6819,248954291.9086914,249536527.98270556,249476152.95921978,249489736.88913795,249663212.9805439
6820,249652858.16186523,249220720.27755994,249214752.80180052,249209022.7875429,248954291.90876892
6821,246079256.6184082,249415272.17511767,249418045.83040774,249442412.8800295,249652858.1617522
6822,243593380.58764648,248083691.77987066,248092926.99332112,248046687.19469148,246079256.61845455
6823,253449306.1044922,246830477.73789904,246922311.55444658,246860636.1723778,243593380.587532
6824,247528853.86816406,250190162.82207224,250270312.6677397,250466360.32008934,253449306.1043995
6825,253103783.89624023,248577433.53573054,248494729.389005,248509897.0358289,247528853.8682353
6826,252924650.83203125,250507660.40354332,250520000.0445964,250632951.63998333,253103783.89625657
6827,246580975.27612305,250838284.07087407,250737718.10621917,250817159.5917311,252924650.8321412
6828,244794475.45654297,248674566.54606166,248622699.52734107,248524948.07273868,246580975.27600425
6829,245108404.18530273,247604214.35538957,247688132.93949664,247597944.7308021,244794475.4565397
6830,245535196.57055664,247351137.33504146,247461014.21151286,247444606.26705888,245108404.18527368
6831,247553765.6767578,247321914.19363013,247418113.16966546,247443687.61287165,245535196.5705149
6832,249035324.42919922,248006731.4611007,248080923.65728244,248158932.71569505,247553765.67680013
6833,253393923.40722656,248639358.15238944,248662629.43071935,248761516.75176775,249035324.42908728
6834,249999696.4741211,250429989.412488,250399612.30016103,250561978.75085944,253393923.40720043
6835,248986574.82641602,249608177.07936975,249514856.917051,249546662.5963875,249999696.4741895
6836,250717505.5361328,249179438.6788299,249163316.48516607,249160058.9488473,248986574.82642373
6837,249496282.92626953,249782070.1016119,249775984.33874896,249823818.01700845,250717505.53608215
6838,249466054.73828125,249437519.76530614,249405029.75749177,249419649.18954527,249496282.92635408
6839,251859064.03515625,249395121.11280409,249390294.8827774,249402856.90121064,249466054.73822185
6840,250627510.1069336,250276302.12106833,250256766.97526124,250324606.1226811,251859064.03522223
6841,247951183.30273438,250050679.37542596,249994431.97298014,250010787.8493827,250627510.1069041
6842,248221579.4580078,249038570.45809448,249024943.58241272,248978349.6653296,247951183.30280003
6843,250218005.2385254,248915105.6256047,248950536.12070903,248939194.76397634,248221579.4579624
6844,252195632.9362793,249602884.725858,249619787.5859649,249668439.6680172,250218005.23842013
6845,251068626.02856445,250479490.0679572,250447789.9557988,250523451.05184555,252195632.93637383
6846,249331244.34814453,250266712.1736416,250203896.74246153,250224000.1522046,251068626.02845377
6847,246543136.0041504,249676648.3539296,249649979.3038415,249617964.66947705,249331244.3482455
6848,247633864.95092773,248519186.5878877,248542920.11540058,248469306.71543413,246543136.00407025
6849,249645430.31347656,248623652.09589487,248692981.83887857,248684609.73532066,247633864.9509198
6850,250887134.41870117,249320960.89452904,249354107.2015055,249406793.16981292,249645430.31350425
6851,253428631.39819336,249907698.16543585,249894433.6201503,249956953.09152496,250887134.41877827
6852,246008997.6496582,251035458.6190419,250985478.5671253,251072281.72242638,253428631.39808375
6853,247369835.06225586,248539935.70143723,248484352.56654686,248377905.6103047,246008997.64956376
6854,250282395.64575195,248583361.53253984,248668100.1194064,248632965.20672685,247369835.0622908
6855,252372956.92871094,249554196.2456724,249587089.43873173,249653393.48141176,250282395.6457396
6856,249131138.9020996,250535101.46612552,250501392.8307974,250587584.56073496,252372956.9288225
6857,253309716.88720703,249563949.3156036,249510640.44109756,249490965.95136583,249131138.90207025
6858,246729878.90625,250999801.61074874,250988470.95212713,251059947.18044868,253309716.8872673
6859,250179952.46020508,248833980.00114962,248776682.10058683,248687103.89775413,246729878.90627155
6860,254847443.9116211,249766052.23649117,249824004.88206324,249833262.70761093,250179952.460222
6861,251060806.01391602,251633894.00710246,251592331.91798458,251708742.79459095,254847443.911558
6862,248161786.8791504,250642384.5764424,250535821.6040484,250514111.4969569,251060806.01403663
6863,246793299.20385742,249464477.10198578,249453540.68469295,249362925.94403997,248161786.87915543
6864,246237196.5493164,248687546.41567412,248738161.19467944,248661694.81725115,246793299.2039059
6865,247068044.30004883,248213766.89600673,248290949.4727577,248247548.95665467,246237196.5493312
6866,249743153.8635254,248303009.46227607,248381678.97953993,248390003.62903485,247068044.30013835
6867,248245918.91259766,249247673.48409566,249291331.30684707,249366331.27662545,249743153.8634328
6868,246988452.71972656,248855816.92722324,248854808.34336743,248877038.29321033,248245918.91263115
6869,247299105.06518555,248318710.96621624,248354997.63302267,248347311.86561406,246988452.71982008
6870,249805167.4675293,248305937.83733478,248361603.96750158,248378278.21306443,247299105.0650789
6871,248636946.85839844,249239324.78046837,249275261.98557654,249349841.1465305,249805167.46756983
6872,246343890.31591797,248948615.30921632,248939865.68225086,248971984.170731,248636946.85845625
6873,248922760.02172852,248081386.1292421,248111041.42611194,248086926.70631808,246343890.3160177
6874,249996889.54101562,248835474.51138118,248893328.31972286,248950580.19036382,248922760.02168
6875,250403958.47558594,249325700.97649106,249323386.95741236,249401554.33493423,249996889.54095015
6876,251249836.0498047,249628620.6948399,249605937.39743814,249665992.88414416,250403958.4754846
6877,248574688.86865234,250082865.50336942,250050109.40026584,250105675.90536475,251249836.04987484
6878,250981173.4572754,249233805.07106057,249202160.66435412,249180907.3149399,248574688.86862627
6879,247908780.1364746,250023908.73887134,250033988.3279135,250071087.1614759,250981173.45736045
6880,249863438.86279297,249017826.2039454,248996731.40838936,248962846.0374333,247908780.13638848
6881,248168166.97265625,249579577.69354305,249611202.29725152,249630277.49015248,249863438.8627179
6882,246856203.38085938,248991461.03143263,248990378.473993,248980028.31774879,248168166.97271407
6883,243166255.7451172,248376223.2437459,248416794.64639077,248387658.42966372,246856203.3808093
6884,246085388.6357422,246802406.24851066,246886298.7254404,246809272.62916258,243166255.7451045
6885,246622142.88549805,247467939.17827076,247603003.47569788,247642414.00587934,246085388.6357336
6886,248388760.64868164,247669442.07122952,247737242.76637036,247803402.28432015,246622142.88558424
6887,243785391.6838379,248354114.39982596,248401844.14712918,248493258.68082133,248388760.64876783
6888,248091097.45751953,246738536.07136756,246775527.42774618,246755154.7299578,243785391.68395585
6889,249892926.8618164,248023045.86032382,248125131.6257554,248223434.14742136,248091097.45741808
6890,247515399.27563477,248903147.39110935,248905599.88574222,249032955.52688548,249892926.86184672
6891,249485494.13134766,248253709.5379354,248238860.71164024,248273481.9475707,247515399.2756741
6892,250776898.09545898,248927750.58880156,248950308.69991046,249023597.94607043,249485494.1312342
6893,252097193.43115234,249549672.3387398,249524980.1905727,249615848.26897815,250776898.09544244
6894,253275659.79296875,250236710.06830555,250183160.6966138,250271677.76262435,252097193.43118197
6895,244763551.99682617,250916543.75681463,250834194.5158771,250912638.33768907,253275659.7930593
6896,240721727.2150879,247956841.10813922,247904111.09076276,247772532.37350547,244763551.99677345
6897,245146348.04589844,245848803.5761893,245987227.07403317,245835252.17550963,240721727.21507105
6898,249548429.09985352,246868034.16224846,247049505.37575197,247096883.20692584,245146348.0458988
6899,249013387.73999023,248531537.5133213,248595128.61159313,248754610.2078233,249548429.0998293
6900,244276127.87109375,248636806.13527864,248617109.27586436,248716735.9363253,249013387.7399421
6901,250990235.20532227,246973576.63248676,246994039.1742583,246962821.7724645,244276127.8711996
6902,248060571.1394043,249187457.1480773,249262005.13059565,249402842.47849783,250990235.2053841
6903,250209016.00952148,248482719.4520652,248438935.56516534,248490518.70147508,248060571.1394737
6904,251453137.90014648,249232138.02960283,249239492.77339175,249317776.67150882,250209016.00951585
6905,251696243.49975586,249890175.0680982,249847912.40579945,249937676.32611263,251453137.9001346
6906,250123617.2927246,250171001.47732544,250106114.60952723,250169998.41129234,251696243.49982315
6907,249397884.89208984,249748476.39293113,249691842.33897272,249697535.7735676,250123617.2928193
6908,246824143.43579102,249447667.54412726,249429194.7184455,249421785.29368994,249397884.892006
6909,249314626.60424805,248381076.60003573,248390025.79486668,248347565.34625745,246824143.43585333
6910,254901778.08813477,249058965.2492883,249103108.09614155,249146562.5442952,249314626.60420948
6911,254412996.56274414,251258992.07563752,251220769.46548986,251379254.40488708,254901778.0881859
6912,250504130.0205078,251609049.0632352,251469008.30618364,251547674.767609,254412996.56262252
6913,247390896.84472656,250394911.74305788,250295129.88622516,250240702.92346123,250504130.02053392
6914,253075827.6357422,249058575.71814153,249055677.60387534,248954888.56641537,247390896.84472677
6915,255932853.9020996,250872312.19597438,250896075.04781437,250965023.83920032,253075827.63582832
6916,248429411.18359375,252278618.0926254,252173929.41626975,252278379.16601893,255932853.9021226
6917,249083830.85351562,249862833.6839599,249752227.94875926,249636314.68281347,248429411.1835861
6918,251264551.6315918,249712262.7239849,249749063.42187357,249679722.56430823,249083830.8536249
6919,250366648.96069336,250395892.16196975,250401076.50894934,250419955.31420952,251264551.6315597
6920,247882230.71142578,250161723.95468113,250130026.78019017,250120444.31936306,250366648.96064395
6921,249568923.8425293,249208071.60454914,249209939.99643832,249144786.7766751,247882230.71154332
6922,253725946.09936523,249619826.25366172,249659038.61258113,249657492.5630869,249568923.8424775
6923,250283625.45654297,251214177.53123343,251193990.81557164,251284861.05247867,253725946.09927276
6924,248563762.2763672,250270603.3989212,250190753.36462057,250165555.8786697,250283625.45665005
6925,249375002.9375,249502481.80314168,249503032.74964383,249439825.41961133,248563762.2763925
6926,246980671.77148438,249625401.34587255,249652328.68821016,249638183.82691363,249375002.93750876
6927,246650657.95361328,248670902.49371347,248692497.34111935,248643856.11499494,246980671.77149096
6928,251169537.47265625,248311322.45629194,248380959.87493992,248352354.22135347,246650657.95364895
6929,253080750.48168945,249845189.9778995,249890957.84242478,249984727.1078686,251169537.4727442
6930,255162502.90039062,250852631.81772795,250798454.30341542,250901033.88355356,253080750.48178488
6931,251105047.20166016,251952473.5331146,251854214.07369947,251945049.29576895,255162502.9003908
6932,251738475.3269043,250806851.8705306,250696521.2958349,250648864.65814465,251105047.2017096
6933,250268660.21411133,250928814.63975263,250899718.21614802,250867942.1757016,251738475.3268461
6934,247655869.92358398,250398829.29939362,250365186.74394578,250314809.03520933,250268660.21408203
6935,248592924.85302734,249291019.20490766,249301800.28441116,249211875.06525367,247655869.923542
6936,251201540.90185547,249388885.13552895,249444402.90903363,249410424.63392925,248592924.85303745
6937,250090740.02148438,250305840.33780167,250325190.8595149,250364552.80925375,251201540.90185952
6938,251461013.4099121,250047020.45439398,250021014.76903415,250017651.70630985,250090740.02137733
6939,250788682.66723633,250562319.56960508,250552675.89791772,250567421.91413608,251461013.40979204
6940,250633970.94555664,250426372.5183575,250392921.2555248,250382900.43033913,250788682.6672393
6941,250501621.32104492,250370946.25575888,250353274.81488496,250334951.05455783,250633970.9454842
6942,248659770.390625,250306335.1746605,250292636.69527656,250276169.51897117,250501621.3209319
6943,248714910.26098633,249564102.01587725,249562243.60243383,249514503.3769522,248659770.39052904
6944,245427451.23632812,249426971.8822122,249460134.8145378,249432241.57587063,248714910.26102197
6945,248812790.859375,248131823.83695948,248180836.60010272,248099717.16634175,245427451.2363245
6946,248996400.17651367,249088115.04370034,249181283.38809952,249208285.76586094,248812790.8593024
6947,249629421.58154297,249245685.72447821,249266523.65031666,249300438.52744535,248996400.17645103
6948,249252279.26757812,249519284.5096407,249533570.8739481,249564443.32501787,249629421.5815742
6949,248385013.1652832,249477778.7913976,249482859.84593216,249491792.6582099,249252279.26751268
6950,248830724.0048828,249140953.8651475,249157904.02074116,249146023.64900076,248385013.16528615
6951,250277820.0678711,249245926.42662764,249276999.6318491,249281786.5806707,248830724.0048207
6952,248416332.27392578,249792301.8391868,249805428.86030436,249842786.0735693,250277820.0678204
6953,249578162.25024414,249200353.1443018,249195860.3103535,249180930.91522518,248416332.2738232
6954,250485705.59716797,249529963.3833041,249556036.21854952,249571353.4610116,249578162.25016636
6955,245046944.14379883,249922218.82154414,249918873.36837626,249952792.1446812,250485705.5971188
6956,246867742.30297852,247961544.36908653,247971865.91390473,247879445.9406307,245046944.1437981
6957,249619171.04956055,248248547.55874887,248354774.87754112,248341533.23615113,246867742.30300307
6958,251514318.81347656,249234963.4888687,249283966.2662827,249353798.65667355,249619171.04944405
6959,249817912.37304688,250113655.24423042,250098535.08339083,250184257.63936165,251514318.8135671
6960,246945556.8322754,249698934.07065257,249657936.97918394,249671217.4415644,249817912.37297055
6961,249813556.17089844,248597787.19604492,248607574.05798513,248553572.17188162,246945556.8322055
6962,245335350.6279297,249464873.72837278,249514087.8801383,249548259.9522878,249813556.17082223
6963,244630683.18530273,247881416.9478338,247897293.64584035,247839897.883806,245335350.6278763
6964,246036703.87036133,247237358.10072446,247343842.6208316,247306579.8208673,244630683.18529257
6965,246168360.2355957,247524036.9099225,247629164.34141004,247665407.10215202,246036703.8704544
6966,245055114.42651367,247539550.83721998,247613338.35338908,247661584.1854513,246168360.2356716
6967,248351686.9572754,247069976.98263505,247145481.6590535,247172220.77702013,245055114.42648184
6968,254518694.48632812,248174736.10910222,248250384.54560027,248358491.32119286,248351686.9571804
6969,254617421.00146484,250724741.45560655,250699515.98477608,250910543.48654285,254518694.486228
6970,255744348.2541504,251411483.59859118,251271250.51890042,251395531.43522784,254617421.0014933
6971,254671502.67358398,252190786.2494452,252051756.44989744,252130289.68186006,255744348.2541776
6972,248628434.8972168,252129600.14147773,251980493.7822281,251990916.13537478,254671502.6736774
6973,251647929.4946289,249988746.99093214,249902368.2868566,249766878.34914827,248628434.89723217
6974,253729663.49438477,250724107.7110863,250741433.37849042,250717880.61911905,251647929.49466935
6975,251347519.9819336,251598286.43415332,251541632.34796467,251574995.07809588,253729663.49442232
6976,249843403.0336914,250939121.57830644,250861031.5001298,250811217.77722275,251347519.98202136
6977,249654114.36206055,250291284.7291796,250270946.04878208,250192216.4123076,249843403.0335802
6978,251969222.51708984,250054322.83468077,250062804.3832263,250008594.7158468,249654114.36201248
6979,251613844.35864258,250806724.71956465,250803150.500157,250818223.50755855,251969222.5170584
6980,251899016.56079102,250813133.41594613,250766131.0908898,250760853.21294823,251613844.35874423
6981,248044658.93017578,250955044.61454737,250915732.72509196,250904465.02631423,251899016.56081477
6982,248340191.05395508,249543945.1994588,249520402.58262283,249425632.75171265,248044658.9302737
6983,247191840.59277344,249364396.46079227,249414747.4071545,249358870.73237062,248340191.05401692
6984,251763359.59936523,248801344.95025778,248847827.81187224,248799258.3501549,247191840.5926954
6985,251699233.33935547,250335104.30752352,250376229.41979387,250445032.023631,251763359.59947935
6986,257207806.14038086,250593057.7617187,250542984.64211372,250583220.50300992,251699233.3392445
6987,249925940.8071289,252808964.5321098,252733860.05050433,252853427.81618726,257207806.14031905
6988,254059590.6640625,250613591.8506514,250473924.24998942,250377853.34895223,249925940.80710655
6989,251928909.05664062,251866379.64489692,251853956.36377805,251855423.22196048,254059590.663991
6990,251736550.0126953,251283131.2110879,251197079.6871203,251154473.53474793,251928909.05658805
6991,254033878.4560547,251157060.19476464,251120644.15530708,251068236.98341358,251736550.0127671
6992,249673931.4765625,251996444.77413556,251949394.07770094,251954543.95676053,254033878.45595443
6993,254008314.0637207,250558987.7292162,250494020.1618038,250388425.3132833,249673931.47644725
6994,255766879.91137695,251934891.67003143,251933754.3412766,251939143.5825584,254008314.0637962
6995,249447651.04248047,252852427.1298291,252753942.89940497,252782329.69637728,255766879.9113544
6996,251741068.78125,250742407.4050507,250651294.42648202,250504723.93942806,249447651.0425511
6997,252226093.22607422,251229494.03576645,251251251.32666674,251187256.7793541,251741068.78124985
6998,249531143.56054688,251432146.3875624,251400974.50043413,251368374.3297691,252226093.22617337
6999,250837644.98388672,250455562.93053246,250432936.77637753,250336192.22889936,249531143.5605117
7000,254747805.4338379,250727831.79814804,250749424.96470994,250703661.27070174,250837644.98394796
7001,249998604.1669922,252213080.41035634,252184238.24626142,252228138.62642464,254747805.43374252
7002,248814991.8166504,250743798.3709729,250667428.45111215,250574008.3851202,249998604.1670445
7003,250835604.28515625,250042794.32352942,250068455.50414982,249964663.66557214,248814991.81671005
7004,247610314.45458984,250608865.96788198,250641652.8156827,250618067.2814224,250835604.28512648
7005,246238653.04614258,249448603.64439717,249458513.11357373,249369789.03924122,247610314.45449224
7006,249354354.64331055,248655559.56123823,248735939.39695856,248645707.4069148,246238653.046129
7007,246548636.72729492,249542878.33448347,249625935.20639303,249645183.4532632,249354354.6433057
7008,244066740.34277344,248565921.1787718,248599002.17656547,248558643.444424,246548636.72730425
7009,242522766.97705078,247411929.27967483,247514382.4928493,247438202.63453624,244066740.3427751
7010,248330975.59375,246456308.50570482,246608177.31233138,246552830.43597275,242522766.976992
7011,244640189.95117188,248310082.60552594,248452846.4303534,248565672.4207985,248330975.59366617
7012,248264263.8618164,247202810.87440887,247248093.3650476,247259526.42104638,244640189.9510784
7013,249999530.0739746,248374028.79224744,248473882.30036825,248559348.3384622,248264263.86191812
7014,251034948.88330078,249235364.27058595,249249290.11842266,249354916.38634267,249999530.07403564
7015,248823037.90283203,249894541.8558519,249873238.3498183,249953286.1157707,251034948.88327897
7016,253111436.63891602,249300635.15591133,249275224.4910666,249271648.57552746,248823037.90276456
7017,249866884.67382812,250855710.71393424,250851513.312401,250935416.45597067,253111436.63888103
7018,250544657.72314453,249976245.8502032,249906359.48809555,249890580.20943463,249866884.67384735
7019,254015559.29101562,250133126.39613134,250128812.29877976,250122158.83721685,250544657.7230232
7020,252683818.9013672,251465093.69975176,251425194.58023563,251496366.80021507,254015559.29090047
7021,247330156.31567383,251312265.407315,251216140.29330927,251217908.86913306,252683818.90136424
7022,251066409.39794922,249362444.68517494,249328328.14159915,249199372.187557,247330156.3155701
7023,250862753.7524414,250361158.03189367,250409760.2888019,250408247.3515167,251066409.397934
7024,248878232.54345703,250400813.00181603,250372902.0680823,250375219.81311372,250862753.75247896
7025,249521999.29541016,249688221.18002576,249679149.54828832,249626028.71819264,248878232.54340765
7026,254974076.1550293,249788505.88909954,249814112.24141726,249790905.03450996,249521999.2955217
7027,252934393.5366211,251826205.43623632,251806420.94458237,251904655.9140902,254974076.15503472
7028,254567010.24975586,251510291.77265808,251397659.65954348,251400436.34157532,252934393.53672877
7029,252030622.3779297,252194010.38900584,252118891.63178682,252125363.4136714,254567010.24982613
7030,252324479.76123047,251457981.26647317,251366856.572774,251299898.6229348,252030622.37788072
7031,248617166.8005371,251494338.75128332,251455629.91527924,251396649.38328403,252324479.76133332
7032,252000463.1291504,250115369.10666245,250092131.79960304,249964580.59822857,248617166.80059907
7033,254959444.8864746,251080834.2894662,251111010.39232573,251089564.76831752,252000463.1290749
7034,249063528.42236328,252338769.12669355,252283880.22772628,252322595.07521427,254959444.8865437
7035,253005666.0024414,250387142.26326185,250309343.72954512,250185187.26686868,249063528.422319
7036,251695984.74291992,251556380.48390284,251575473.49921796,251556489.109742,253005666.0024311
7037,250476275.97192383,251224900.09126437,251168619.06033352,251124885.44641843,251695984.74291524
7038,252456501.37719727,250735303.40526855,250715576.3343779,250638233.27336064,250476275.9718369
7039,248252419.86083984,251374635.09108323,251366644.52570906,251346583.5674895,252456501.3772581
7040,252988002.7084961,249876153.7358819,249850636.6211429,249739489.88045686,248252419.86085075
7041,252615868.65161133,251373850.8652801,251405602.14920422,251418642.95230076,252988002.70857555
7042,251775551.87475586,251471959.75893793,251409191.1088167,251403219.59067512,252615868.65160915
7043,253825616.41455078,251214197.1744458,251166800.63512918,251120381.53407666,251775551.87479448
7044,253253773.4465332,251986503.37852058,251944603.53052926,251939666.28862482,253825616.4145714
7045,256133102.13476562,251949087.3493539,251871335.56732276,251836936.50414282,253253773.4466414
7046,256567795.67919922,253088306.9645331,253008864.642184,253019421.12954175,256133102.1347905
7047,253637463.2932129,253563495.5015606,253427570.3988796,253412185.67524952,256567795.6792515
7048,251641388.8815918,252679331.93046755,252558535.77357915,252447206.25068313,253637463.2931984
7049,251935146.73706055,251789399.6859508,251739047.1040922,251600073.64739642,251641388.88168052
7050,251717994.3876953,251691132.27293286,251676541.37281954,251579743.39468318,251935146.7371471
7051,250901815.73413086,251534552.11418405,251514514.42803192,251433358.8695544,251717994.3875772
7052,248035695.81323242,251144328.83834168,251132231.92006114,251046158.57202077,250901815.73408428
7053,251297292.55273438,249945169.2913119,249963223.31930718,249834778.26124775,248035695.81313604
7054,248303846.52734375,250873488.48993167,250927357.7740299,250905613.6595203,251297292.5526456
7055,248016512.94189453,249826376.3794946,249828228.13358197,249748511.1088039,248303846.52736935
7056,251197506.72875977,249485271.3320664,249548149.47677162,249479068.20293158,248016512.94181648
7057,254906220.69726562,250543540.56986108,250588602.33686328,250611015.27045724,251197506.728794
7058,249949118.6538086,252155236.2816621,252118027.1525553,252193887.37593016,254906220.69726488
7059,249223450.90405273,250676831.9890365,250597666.8552997,250513710.66603503,249949118.65370613
7060,246561293.02075195,250216281.466582,250243060.40713435,250148683.73868316,249223450.90412277
7061,249083227.82080078,249055183.95728505,249106329.6528555,248991739.41321167,246561293.0208672
7062,251026886.53320312,249683361.5913238,249770516.81049967,249750009.4840416,249083227.82080632
7063,250554898.95751953,250439320.2597063,250460553.52135944,250488559.62987238,251026886.53317276
7064,250096949.3942871,250432894.5400848,250420798.26265675,250411308.66406026,250554898.9574718
7065,250824322.66235352,250279129.54517207,250278954.6207603,250248348.2908097,250096949.3942048
7066,248598948.55151367,250541003.5636157,250544993.47426993,250529986.24791253,250824322.66246903
7067,248411105.71020508,249758066.30603975,249760461.77910414,249694734.208627,248598948.55144465
7068,247581876.20239258,249502099.69302022,249548890.86781403,249498018.04736403,248411105.71012723
7069,249818002.78515625,249059851.6943463,249110182.2656976,249065064.15785506,247581876.2023673
7070,248848634.6940918,249780747.71657702,249833857.40307185,249850604.92523012,249818002.7852532
7071,251817604.10961914,249513250.21021223,249525793.0094426,249514738.00443038,248848634.6940408
7072,248079725.49023438,250591406.94117853,250607117.50739673,250652436.3136861,251817604.1097104
7073,250832511.38232422,249418639.24856478,249396040.28762192,249338772.76836735,248079725.49019
7074,247636049.48706055,250274475.40191388,250313339.86215252,250321507.3943537,250832511.38242397
7075,249388191.09179688,249182682.2630395,249180829.5917936,249122587.39057437,247636049.48708144
7076,245055671.63745117,249628784.5176587,249681864.99958637,249675178.7235138,249388191.09181255
7077,253586822.76489258,248004584.56733274,248042335.81353363,247957097.4285807,245055671.6374067
7078,249938513.9975586,250861146.87946972,250936040.2759076,251061698.7341219,253586822.76489344
7079,251563789.70288086,250005114.94308874,249928134.38245243,249934234.70098904,249938513.9975775
7080,251936427.7265625,250592507.37060693,250586977.16281715,250597658.41239452,251563789.70286092
7081,251661811.30322266,250873445.33316007,250832149.00999588,250843389.7697644,251936427.7265713
7082,252010655.44213867,250860744.7896913,250815842.7963947,250804165.22113872,251661811.30315453
7083,251384783.84472656,251060706.7252965,251022186.23253155,251007417.15544802,252010655.4421745
7084,250299308.80981445,250887639.51500684,250847051.60963863,250812576.9312287,251384783.84467727
7085,247008920.18139648,250468816.7330226,250447882.81095263,250390975.2314299,250299308.80993012
7086,247933246.61083984,249139181.2772769,249158528.01040202,249047312.08780247,247008920.1813544
7087,250163489.5456543,249143753.43004152,249219012.3759483,249171233.94053608,247933246.61085895
7088,251182545.8178711,249901516.57617626,249942253.5385478,249964048.92995903,250163489.5456873
7089,251358810.24609375,250396723.10900655,250387343.8452186,250415874.1863233,251182545.8177873
7090,250847829.86010742,250597152.5275343,250567823.6448543,250575285.02582702,251358810.24603987
7091,252736979.87402344,250498952.9747215,250470654.25657034,250450596.38035354,250847829.8601513
7092,251169009.12841797,251220853.7918825,251192434.40011704,251207277.01004198,252736979.8741229
7093,247541518.10351562,250809066.470077,250753488.4432866,250716795.46536767,251169009.12849724
7094,248398691.1965332,249385293.14789847,249383027.7446667,249271732.38350543,247541518.10350323
7095,250964519.3955078,249359871.8967614,249420666.1912509,249372844.1950523,248398691.1964121
7096,250384087.5900879,250217199.1442637,250241616.5724952,250274397.5459617,250964519.3954229
7097,244871373.0900879,250146844.16024557,250124177.1061907,250127529.63728088,250384087.59003505
7098,246748653.79052734,248070494.39731434,248091187.0821412,247972107.14871362,244871373.09014636
7099,247840105.78637695,248300543.00287533,248415677.70440024,248391408.21365473,246748653.7904433
7100,249919690.74951172,248605797.0042804,248669518.87097523,248701322.35391077,247840105.78644663
7101,246591923.9621582,249417216.89029768,249448369.30275398,249515917.07966173,249919690.74943423
7102,251455967.45703125,248312491.43017098,248320203.22579378,248297281.6967172,246591923.96214712
7103,248418577.4663086,249952816.10572582,249999047.43808967,250088081.3377147,251455967.45702097
7104,245650577.34521484,249128835.7982005,249094052.35518542,249094342.05921623,248418577.46639287
7105,251028812.32910156,247974051.6112164,248019396.86847925,247958430.78924137,245650577.34531543
7106,251161816.68676758,249691719.29289395,249755536.05287457,249849645.05475196,251028812.32912296
7107,249940665.40283203,250046931.32562903,250002563.5865073,250075484.54830882,251161816.6868293
7108,254344394.97387695,249746859.59359136,249712131.1157974,249721697.7225451,249940665.40293807
7109,251116666.25610352,251429941.1542199,251396285.494218,251489407.18243605,254344394.9739176
7110,247752293.89770508,250613551.54562968,250514005.0038979,250497851.6716061,251116666.25601992
7111,247928665.99951172,249279415.92814618,249268206.67245793,249173933.11391887,247752293.8978145
7112,248004857.94262695,249043891.52043414,249094706.43812677,249049538.27804515,247928665.99950048
7113,249889058.2578125,248930086.9552904,248973705.8105878,248961915.63944367,248004857.94263387
7114,246474691.86987305,249550888.42805928,249580779.86497283,249620579.07634035,249889058.257897
7115,246984932.19726562,248364333.88551798,248375357.9160247,248334405.28463623,246474691.86978745
7116,244081470.14404297,248306440.84000832,248381253.47962102,248372520.52669933,246984932.1973479
7117,247629992.33276367,247117639.47624773,247193889.5827666,247148951.73364818,244081470.14415956
7118,249379546.70825195,248130838.5016493,248241081.53756922,248306119.56631842,247629992.3328579
7119,249665696.9946289,248913630.7362301,248940012.44847554,249038217.5010819,249379546.70813543
7120,250733459.29125977,249194876.32203045,249186586.069006,249257612.8562795,249665696.99451703
7121,249471188.14916992,249731865.2703945,249714413.89286795,249782391.7188355,250733459.2911984
7122,249620881.6364746,249410547.80259934,249380131.37959334,249400249.30937675,249471188.1491176
7123,247598739.1821289,249468681.35102767,249465654.0408588,249482852.30131832,249620881.63659337
7124,246742698.04370117,248718766.20214447,248722831.2902886,248700129.84967524,247598739.1821445
7125,246317847.1340332,248266941.4865288,248317783.18328032,248292780.1960062,246742698.0437213
7126,245983669.6706543,247923574.2214105,247989314.27387515,247984824.1988419,246317847.13403976
7127,249470497.2006836,247662758.91354993,247736138.4417908,247745348.2458031,245983669.67070705
7128,247975802.87939453,248858791.83334795,248916280.0142051,249013316.57055625,249470497.20062116
7129,250063380.38598633,248507709.14051276,248503343.60662585,248546708.31062526,247975802.8794204
7130,248357844.45092773,249270491.27635556,249286172.9651102,249361337.6911993,250063380.38605732
7131,247813630.72338867,248789504.40715742,248772377.8686446,248797066.58717054,248357844.45085484
7132,245594368.91455078,248520631.54361725,248542446.33843413,248554986.05786356,247813630.7234272
7133,249618970.61035156,247601275.61022443,247643832.32329595,247625418.59825912,245594368.91447055
7134,244673367.02856445,248905227.16017964,248967726.61158234,249058893.81785077,249618970.61031413
7135,246662711.23608398,247259859.90658626,247268894.12692064,247242575.83726743,244673367.0285066
7136,245372888.28393555,247683602.50372782,247780406.9989682,247818426.3091645,246662711.23597836
7137,248069425.53759766,247182421.86306694,247240573.36232948,247271102.5189658,245372888.28394863
7138,247451585.68237305,248059716.21991414,248127616.508362,248223841.19810346,248069425.5374756
7139,251585220.22558594,247972538.91366798,247988423.42523053,248059658.12244093,247451585.6823027
7140,249723609.63793945,249537614.48457354,249544189.61640066,249688793.20205474,251585220.2255419
7141,250074400.15234375,249191318.50501975,249127186.11259654,249192224.19138917,249723609.63795835
7142,254789706.89575195,249378308.9740739,249354745.89181533,249403403.02780327,250074400.15246448
7143,250519245.7277832,251253856.045801,251198078.0098048,251336326.761482,254789706.8958191
7144,249703682.92895508,250100604.5849049,249980993.90542337,249977720.51064342,250519245.72786537
7145,252937919.70581055,249679742.77793732,249654875.69488078,249629241.47658157,249703682.9290701
7146,253224242.76660156,250837553.20527586,250809722.285672,250871413.28344047,252937919.705706
7147,253272720.94995117,251208714.435162,251118638.44556957,251161127.5099338,253224242.76649964
7148,253181809.81347656,251408179.38984093,251318943.58074424,251330687.9037381,253272720.94992167
7149,252982695.1591797,251489324.75314996,251402046.45961347,251396025.79299572,253181809.8134081
7150,250667392.84887695,251517986.87543216,251438311.02881283,251416347.0888056,252982695.159204
7151,249657346.52807617,250678760.82809803,250618296.00953108,250545977.4959997,250667392.84893265
7152,247477484.62890625,250139956.51548123,250131204.39250246,250058040.5416164,249657346.52816445
7153,249657361.97021484,249176717.27925745,249199072.86757413,249108492.43438828,247477484.6289256
7154,248728127.69384766,249715320.06125468,249765682.11330768,249759497.32281578,249657361.97017395
7155,249985084.79760742,249381309.0348956,249389478.3422454,249373167.3410878,248728127.69385564
7156,251583167.31982422,249776226.83858863,249796466.75227788,249809651.4314036,249985084.79767865
7157,254056555.05151367,250410841.4869556,250394460.5734338,250440049.53817979,251583167.3198263
7158,245445721.67407227,251497908.80594486,251437211.8306072,251510743.8292636,254056555.0514593
7159,249458723.40600586,248545972.74771103,248488108.56183043,248344192.24526298,245445721.67401475
7160,251154917.64672852,249493531.1250843,249583665.9167631,249576827.01577893,249458723.40611368
7161,245994203.25097656,250194682.79656097,250188742.96898282,250242009.48227614,251154917.64675608
7162,244488640.28076172,248380968.7682498,248373695.03152344,248295638.0017001,245994203.25103527
7163,251706194.60302734,247441202.38583905,247543179.93709707,247470537.11139306,244488640.2807088
7164,247471469.80078125,249839808.42920533,249922865.73592702,250053933.5956909,251706194.6030481
7165,245149741.0517578,248683056.87428248,248646993.83019692,248648979.35696945,247471469.80068463
7166,246230229.74780273,247643130.26656806,247708308.2130496,247655317.15077162,245149741.05169404
7167,247138443.78027344,247760792.44554532,247858572.25750023,247873597.22793067,246230229.74789912
7168,248531199.77905273,248025845.34453395,248093294.31583524,248146174.81766158,247138443.78016347
7169,248945617.5283203,248556366.86796236,248596487.72234002,248674796.95389232,248531199.77901405
7170,248953917.04858398,248822080.85327107,248832089.5633948,248902178.13067004,248945617.52839217
7171,249394639.83642578,248906497.15880156,248909023.5792753,248962947.0296565,248953917.0486833
7172,249116501.9104004,249126176.9474061,249126933.98125,249180075.6756239,249394639.83630684
7173,245319120.58447266,249098045.7413925,249092902.73754042,249129933.1529268,249116501.91032824
7174,241809149.02172852,247685722.01994342,247708307.35179886,247662806.70506927,245319120.5844196
7175,244767053.40454102,246050451.60881117,246166569.64623114,246086347.70768625,241809149.02177665
7176,248827262.13867188,246677861.37289503,246838675.25209334,246890802.2763433,244767053.40454647
7177,248764649.32617188,248189894.15326846,248263734.7638036,248417775.685241,248827262.13860315
7178,247044728.66625977,248456463.90913722,248451373.4578646,248561612.8801858,248764649.32619
7179,250671923.38085938,247942897.1606665,247951746.10347906,247993350.07942742,247044728.66622743
7180,252558312.3935547,249248586.6084238,249270353.03009677,249389272.1839373,250671923.38097903
7181,246420368.94360352,250271800.0042421,250213714.5959642,250340046.54089305,252558312.3936094
7182,245340908.2590332,248259760.61394516,248204373.2850862,248155471.2398826,246420368.94358444
7183,247540594.79541016,247527994.01235217,247602650.62174085,247559479.53345498,245340908.2590015
7184,248916357.27148438,248108899.26728487,248186350.5121489,248238877.24505642,247540594.7953732
7185,247331700.74658203,248690602.45939088,248716815.83160326,248797791.38186216,248916357.2713969
7186,249799668.74731445,248220575.24816555,248229725.63172394,248256377.98375446,247331700.7466621
7187,252907269.5366211,249097161.21564737,249125208.36350212,249202138.03078836,249799668.74726143
7188,256083140.97192383,250446317.20064735,250407425.29515964,250531397.13739055,252907269.536714
7189,251809405.73999023,252027830.65348434,251915073.03920743,252049346.20309588,256083140.9719813
7190,248617372.3671875,250917874.20301777,250775205.96018592,250749861.53733796,251809405.74000216
7191,248099221.79882812,249616032.75920922,249580928.0538145,249486116.3523273,248617372.36720276
7192,244381709.2224121,249144226.24624985,249172455.9449773,249113100.9497942,248099221.798816
7193,249442549.92407227,247562374.6069751,247619429.55477592,247520409.66241136,244381709.22251263
7194,252467724.7680664,249037831.05817154,249136066.12155378,249196982.955259,249442549.92397964
7195,250869493.10473633,250366222.03119284,250342509.24767077,250460297.04846528,252467724.76814204
7196,252519403.19091797,250093118.99707648,250023364.9118336,250053476.61588186,250869493.1046184
7197,248200758.2800293,250756889.13748983,250712425.43649215,250757291.89541712,252519403.19096592
7198,250469597.06689453,249295935.01996785,249243258.07024947,249183648.6696875,248200758.2799169
7199,249636104.32299805,249889558.5789229,249911531.22998562,249922588.71289724,250469597.06696543
