idx,truth,norros_f,linearP_f,farima_f,persist
5808,247651080.39404297,249775223.86584648,249714856.86790216,249729427.65087587,249480382.9118209
5809,247212722.48364258,248930079.70134556,248947733.69760963,248924013.66525674,247651080.3940482
5810,248365378.35791016,248562622.79928866,248619287.9618256,248591735.84124812,247212722.48363492
5811,246267338.38085938,248856135.6804116,248912263.96590385,248897377.54144028,248365378.3579466
5812,250566053.33032227,248025976.80811447,248065700.1514291,248047109.04115966,246267338.38097245
5813,246515812.44702148,249555761.5430774,249617920.826355,249613153.2217762,250566053.3302562
5814,248985665.10327148,248216619.24924737,248203582.2921112,248203604.68069872,246515812.44698265
5815,249723228.97705078,248983095.6182567,249049722.1960832,249030244.11359987,248985665.1032551
5816,245151421.97827148,249359322.38267422,249361937.30542225,249373264.31290254,249723228.97710815
5817,247602935.89135742,247634035.68899828,247647242.45380384,247625823.50890777,245151421.97815293
5818,244864512.1015625,248267116.92022708,248365522.3566374,248332796.95982695,247602935.89143112
5819,249052346.35546875,247186411.33869842,247238865.5142404,247217947.12270984,244864512.10165524
5820,246667139.56103516,248565557.47370824,248653523.82230866,248639130.7555923,249052346.3555428
5821,248307270.73364258,247843142.59761614,247847812.75453213,247850605.58357152,246667139.5609392
5822,247275307.6838379,248399164.02480316,248451263.3023662,248438646.0819806,248307270.73360863
5823,246876970.73999023,248081843.0727536,248100287.48583737,248096981.89665735,247275307.68374076
5824,247310924.13427734,247867280.78935143,247911871.3193874,247895311.0517376,246876970.73990056
5825,245789296.5,247963911.96089417,248011551.44517595,247999143.91848227,247310924.13428903
5826,247798660.0908203,247352452.52275065,247397897.14020175,247380114.17049405,245789296.5000774
5827,247768449.97631836,247982931.45018277,248048140.249014,248034392.89301986,247798660.0909244
5828,250543405.22216797,248066596.35426423,248085586.0974233,248088181.03203356,247768449.97639728
5829,248049365.67700195,249208986.93272734,249215989.3943724,249230273.14639997,250543405.222259
5830,248526143.66455078,248478421.73151192,248439839.95998332,248452209.681197,248049365.6769868
5831,247361058.60546875,248577368.98784947,248594218.63515738,248585368.7009372,248526143.66464692
5832,245441628.2590332,248132652.3875476,248142897.7214851,248135569.56469637,247361058.6055829
5833,244122950.75439453,247297487.949845,247345004.75313768,247317676.1644079,245441628.25896728
5834,245313294.52319336,246562369.0089099,246656006.89374158,246614475.97205508,244122950.7545022
5835,243473797.86645508,246786841.68747735,246897139.25072536,246864657.94471493,245313294.5230891
5836,249748761.8269043,246001114.08790135,246090735.25116837,246060053.2085616,243473797.8664016
5837,246691197.67919922,248271629.6885953,248364058.3245274,248362350.09067768,249748761.8269124
5838,247236138.93066406,247494363.68597862,247465103.83480078,247484674.1084479,246691197.67909524
5839,247607079.12939453,247633474.72878644,247673846.548362,247659345.01674664,247236138.93055695
5840,243297209.5361328,247813819.8462717,247836402.7037857,247835107.22286603,247607079.129416
5841,243085270.58374023,246139846.0845047,246178733.03529733,246150108.0200557,243297209.5362129
5842,246502476.3166504,245669004.1737327,245799832.56095684,245745838.49546584,243085270.5838597
5843,247973043.68676758,246788663.35246712,246896052.94756854,246878897.18398154,246502476.3166575
5844,249154588.70898438,247533328.74894667,247556632.7069661,247571295.41828766,247973043.68665665
5845,248910687.39770508,248194470.2350334,248182591.85084406,248202511.80668136,249154588.7089851
5846,247658651.96435547,248308043.22508428,248275851.11740127,248293499.15637508,248910687.39771616
5847,250002376.91381836,247888768.30255973,247870392.01958337,247871776.58476734,247658651.9643506
5848,248354132.65551758,248816475.2041845,248815505.34615582,248823819.76986226,250002376.91393703
5849,248502941.69311523,248383572.08400998,248342670.43729785,248356321.3160442,248354132.65560964
5850,245235661.28833008,248401654.52807254,248400219.53272983,248397594.9974958,248502941.6932266
5851,252663144.5510254,247091425.44904625,247102164.51443094,247083538.79599255,245235661.2882186
5852,250089670.51489258,249770194.68138307,249811808.23295045,249823019.78589556,252663144.5510184
5853,246134707.31860352,249273741.23339477,249166350.68918267,249212462.93923908,250089670.51481977
5854,244765440.47705078,247742983.16452038,247724363.4902788,247706266.63224676,246134707.3185334
5855,248782053.49072266,246870232.35182616,246940161.7983987,246897575.18254834,244765440.47695187
5856,252317284.44091797,248183579.29278827,248255403.8069946,248245268.4580519,248782053.49081963
5857,249864379.50219727,249790476.83893988,249754143.83405054,249795888.42267454,252317284.4408791
5858,250808562.19921875,249227793.5398158,249135146.91281015,249167430.25340128,249864379.5021535
5859,252805575.53393555,249611419.61252683,249572463.97574085,249582936.1277619,250808562.19919315
5860,253018432.36401367,250541741.17420676,250473142.7470066,250506398.4137672,252805575.53393465
5861,255952835.19384766,250871381.2627089,250762652.6479748,250803415.17379427,253018432.36397785
5862,252844148.0612793,252235742.69684708,252114264.77129796,252166186.97173747,255952835.19393525
5863,250631184.95214844,251389324.06844515,251227533.09842157,251271191.41264728,252844148.0611973
5864,250053263.93066406,250460823.6609611,250385675.751756,250385294.80336547,250631184.9522317
5865,248502045.2631836,250070910.86946842,250047003.3714658,250038626.8641613,250053263.9307039
5866,245522602.97998047,249321507.25032774,249316221.49812722,249302846.04387093,248502045.2631452
5867,242504132.9194336,247946736.99521226,247990594.8002211,247953757.39213523,245522602.9800615
5868,245972373.08203125,246346793.51850197,246464875.92500865,246400360.78333867,242504132.91939
5869,250258179.96899414,247234142.3890229,247389862.41408658,247345351.26044133,245972373.0820888
5870,250491541.56079102,248939935.40873933,248988406.37782758,249005237.93250346,250258179.9689733
5871,251289810.09399414,249376291.036318,249332617.44970793,249365821.0951164,250491541.56080475
5872,250552326.66430664,249888356.8974546,249840943.51386255,249864847.4217691,251289810.09404925
5873,249835067.3996582,249779930.57463992,249721157.91857383,249740259.34855852,250552326.6642349
5874,250895957.1184082,249557713.5007704,249523135.6826029,249528364.12173635,249835067.39968744
5875,249011063.47460938,249963495.10144833,249939565.62683997,249948596.77036074,250895957.11830044
5876,249521378.3083496,249315929.09697887,249280757.55195367,249285278.95760155,249011063.4746261
5877,254318415.46313477,249394445.07256186,249398531.99899608,249392531.6999267,249521378.30837363
5878,255104269.7529297,251301018.0958444,251266782.37693095,251300491.74446553,254318415.4632354
5879,253752943.68139648,252038191.81178468,251899363.35308546,251962252.11579993,255104269.75281096
5880,252818471.86889648,251810119.87990126,251671838.62374932,251711889.13358083,253752943.68147933
5881,252212499.59399414,251527158.93758172,251428825.72302455,251448291.35945824,252818471.8688426
5882,253559870.81396484,251300064.14858568,251228935.0834075,251240652.4676628,252212499.59389296
5883,245884172.82885742,251814800.11789575,251751086.67562214,251770326.21411422,253559870.81407967
5884,248768342.90454102,248906272.9243905,248857901.15289852,248837022.24547517,245884172.8288644
5885,250716211.4621582,249426960.4685921,249528725.12599516,249481096.20144853,248768342.9046174
5886,251556994.68774414,250138949.33282492,250156110.54376405,250164152.62778458,250716211.4620769
5887,246544537.90478516,250583601.78282058,250557056.27826762,250575582.38093856,251556994.68783492
5888,247992053.63085938,248697709.73924708,248680440.3497183,248664968.58700716,246544537.904826
5889,247902136.21826172,248906378.3009243,248989486.10295388,248952589.86653784,247992053.6308909
5890,245546366.7229004,248817757.52071372,248862843.33205393,248850622.43860075,247902136.2183439
5891,247269324.18066406,247814520.37215927,247873944.7331481,247844330.21091297,245546366.7228205
5892,252738646.9831543,248234881.9673461,248332275.89070383,248303091.73767334,247269324.18054825
5893,251888954.50830078,250401665.37820888,250426736.5895129,250451554.32914832,252738646.98325175
5894,249192689.24975586,250522862.62795094,250435990.6356951,250480397.46441922,251888954.5083612
5895,249699360.11791992,249625319.9454304,249580330.98592684,249582722.4932165,249192689.249644
5896,252299116.66455078,249690051.49783728,249700442.6519974,249690687.4324545,249699360.11788467
5897,249975217.43554688,250719808.53400993,250704061.02917793,250721419.08532727,252299116.66451156
5898,248473095.00732422,250021703.205027,249963443.15199596,249978577.65555757,249975217.43554807
5899,245751304.19677734,249373385.10364553,249379570.95595062,249363369.7792745,248473095.0072699
5900,245319725.20898438,248103519.1459305,248152824.54656726,248117853.320993,245751304.1967495
5901,251961230.71679688,247582863.85812396,247688794.87603378,247642697.84842232,245319725.20908856
5902,248795534.24829102,250004112.59305158,250077013.40123373,250083062.0348757,251961230.71683177
5903,248247797.09179688,249212461.2649685,249157933.21048254,249183743.1744548,248795534.24830735
5904,251901831.75976562,248939978.5006307,248965353.14893985,248948657.23687267,248247797.0916925
5905,249749985.05078125,250309659.34691417,250321930.31501633,250333823.76814985,251901831.7596801
5906,250173231.03076172,249744450.82638806,249690087.8171368,249709615.3597824,249749985.05066013
5907,248320416.86645508,249878153.93222162,249873805.27027288,249871746.56256822,250173231.030657
5908,250737861.55200195,249163576.7431895,249157191.38861614,249151167.52238664,248320416.86648244
5909,251407133.38110352,249976550.1610536,249998347.73550105,249996851.55610752,250737861.55195376
5910,254392027.96923828,250354538.90510902,250317127.40335834,250339577.4233871,251407133.38104343
5911,252903097.00854492,251660466.06549662,251596212.2245197,251633629.5613728,254392027.96935388
5912,249032316.2019043,251411604.1048059,251294360.45087543,251334194.97938338,252903097.00850597
5913,249556354.28686523,249935805.32350492,249878609.21360376,249872869.204616,249032316.2019449
5914,248620633.36523438,249860993.2476542,249884478.84617358,249863392.70167875,249556354.28694585
5915,248103607.7746582,249407605.0959421,249420322.9317251,249408981.30653328,248620633.36535448
5916,252643133.16967773,249096627.79652408,249133335.13604295,249114144.52420837,248103607.77471036
5917,249052820.43139648,250798632.4532302,250820404.82483706,250832355.50723022,252643133.1697913
5918,249916024.78930664,249692801.2713433,249634660.74046373,249650936.16646516,249052820.4313714
5919,255099915.21044922,249881679.827401,249902058.9102408,249889342.75426564,249916024.78919503
5920,250679707.87768555,251946574.39735955,251915832.82012236,251951536.60365468,255099915.21035045
5921,252286345.59570312,250649454.22480893,250533722.58155382,250566134.66192004,250679707.8776008
5922,252941985.5817871,251155882.60186467,251135939.8695991,251135817.33792454,252286345.59576857
5923,252962403.4326172,251509653.01938197,251447578.11807802,251472046.9974361,252941985.5817914
5924,250487515.5534668,251647033.3953973,251575420.61891234,251598021.06761816,252962403.43262708
5925,250027197.56103516,250756924.61336628,250701672.96417627,250705335.21449026,250487515.55340183
5926,250146555.57763672,250398040.9788999,250399333.79887736,250385853.8940402,250027197.5611149
5927,252416690.64404297,250305967.47443947,250312344.795065,250305836.15066722,250146555.577734
5928,252390424.31030273,251137889.99523953,251127650.1215232,251139699.39117312,252416690.64394137
5929,246338069.23510742,251282159.35168055,251222252.20548916,251247270.7958702,252390424.31042072
5930,250753501.6044922,248946963.63016412,248923813.14982802,248901994.34891486,246338069.23512205
5931,251319395.47387695,250185851.64042255,250266277.01340574,250239404.5047671,250753501.6044649
5932,251311927.75830078,250564983.66386655,250539157.1103936,250561013.5756143,251319395.4737681
5933,250624414.47851562,250669340.81863654,250636873.9725231,250649778.58426788,251311927.7582855
5934,250734569.9909668,250443442.65299594,250415543.89254767,250421190.90476948,250624414.478606
5935,253436708.74926758,250439917.027466,250425496.5062705,250427044.63066965,250734569.99093375
5936,250832495.74023438,251529284.30308494,251498469.26673838,251519847.1063841,253436708.7491928
5937,248099780.10131836,250740439.47180098,250667285.75960657,250685722.98375586,250832495.74026376
5938,248736932.64819336,249556135.39974684,249558028.6836929,249534679.72436023,248099780.1013682
5939,253452514.5419922,249546012.20787677,249599925.2382104,249573720.97520456,248736932.64811847
5940,250056795.0517578,251346471.60033122,251358080.7966831,251376678.2930605,253452514.541892
5941,249594608.46655273,250333456.67818004,250261630.6138305,250283778.30922365,250056795.0518025
5942,247960723.5222168,250014200.02837235,250023142.9191758,250007885.59060118,249594608.46662292
5943,250440204.24267578,249271812.4898894,249294439.55807886,249275949.054891,247960723.52211013
5944,246972414.67797852,250062532.29605827,250106194.73202157,250097732.02799731,250440204.2425727
5945,247460902.22460938,248768167.45614073,248772528.826553,248762233.15189177,246972414.67794263
5946,251770443.98608398,248685452.68883374,248762968.7524637,248730244.24461266,247460902.224494
5947,253851514.38354492,250291107.64087334,250327956.47958148,250337577.8560442,251770443.9860317
5948,248425627.97021484,251444433.92878103,251377355.20563835,251423594.3360273,253851514.38363484
5949,250427953.70288086,249656332.20453024,249582235.3783636,249589692.4979562,248425627.97032315
5950,246586127.30004883,250152903.22633225,250188035.59781027,250168944.4075989,250427953.7028551
5951,244230082.94091797,248670122.5717861,248676037.35065612,248659652.7051486,246586127.3001092
5952,247151984.16357422,247415882.93125996,247519683.74446836,247462833.17911792,244230082.9408441
5953,247824649.47094727,248171245.59556103,248300449.6658919,248264557.31805593,247151984.1636009
5954,248622528.1586914,248460250.89860168,248516284.03791606,248512182.14151794,247824649.4709283
5955,249626880.3959961,248810353.19089586,248847553.13663065,248845348.79970992,248622528.15872303
5956,245630369.76782227,249297371.56892204,249311488.8504639,249317753.35461774,249626880.39587647
5957,249064801.4868164,247827405.9167627,247841396.46047306,247824153.89324182,245630369.76791865
5958,249619027.3166504,248902345.60702294,248984630.22707692,248964237.45967928,249064801.4867502
5959,245569770.29296875,249251075.55098298,249249770.20340365,249265035.9063404,249619027.31661305
5960,247163755.01611328,247732392.7535131,247743907.68656743,247725843.34695062,245569770.29287007
5961,246818911.31225586,248069589.58065593,248159486.46379468,248127191.00155357,247163755.01607853
5962,251176705.64038086,247910814.66393253,247961552.56524396,247949363.18905297,246818911.31215617
5963,251329295.41455078,249592359.96476346,249627581.1766672,249638373.85775793,251176705.6403696
5964,252176905.70629883,250018826.03319716,249960091.07372588,249996687.32669038,251329295.4144963
5965,247629964.34472656,250540116.16503194,250480162.26762348,250506939.17647249,252176905.7064157
5966,247572753.83984375,248940234.73711368,248889099.52294475,248887320.04599312,247629964.34477735
5967,249593101.51367188,248652280.3462184,248703798.7653567,248672256.6910505,247572753.83974048
5968,247103361.01879883,249292404.20240217,249326927.5488569,249323071.48608324,249593101.51374847
5969,248403429.31445312,248401240.84737182,248405265.08015203,248398798.91132072,247103361.0186778
5970,252875016.3930664,248733556.05873513,248785212.88245827,248768246.39802593,248403429.31440136
5971,248562514.09155273,250523024.22371724,250518318.8389333,250545696.382073,252875016.3930172
5972,248663575.62451172,249191129.93111157,249114935.478241,249134872.915129,248562514.0915181
5973,246465362.69921875,249061518.4887022,249084208.59337696,249065164.55693743,248663575.6245714
5974,244802175.84716797,248124091.21621233,248150815.4893176,248130642.99642733,246465362.6993249
5975,246494716.25805664,247231238.16242498,247313762.23752147,247272386.71959403,244802175.8472105
5976,242994224.97851562,247609590.3988857,247713162.21205038,247683073.46015942,246494716.2580129
5977,246510254.85595703,246168841.87132546,246247207.22304428,246212193.46020663,242994224.97846356
5978,247438379.4345703,247236394.32696667,247370418.81504267,247336390.3287486,246510254.85605443
5979,251201335.7902832,247705354.07987082,247750192.20055702,247754707.71158817,247438379.4344976
5980,253529929.3852539,249307202.77713478,249314455.58551648,249338375.667398,251201335.79021785
5981,248284105.18774414,250617206.84168386,250532288.7108805,250586927.15574938,253529929.38522583
5982,252235152.89819336,248950845.57489505,248851772.44237286,248869684.82900175,248284105.18769577
5983,252812842.05541992,250314201.06727678,250313915.8272179,250317022.91080964,252235152.8981335
5984,248410835.80395508,250797931.14602345,250705591.88902178,250748340.06123954,252812842.055464
5985,249273321.96289062,249244286.41235295,249171508.8633404,249175301.52809072,248410835.80392292
5986,251674692.6135254,249339269.7056652,249359215.5590438,249340753.27832422,249273321.9627771
5987,249013173.56225586,250268079.01174012,250253335.0857085,250269183.7252603,251674692.6135684
5988,248988049.0427246,249377229.04612637,249326074.62070075,249336449.49903315,249013173.5623663
5989,249397761.9638672,249229964.47873554,249239689.7396603,249227410.72464192,248988049.04263943
5990,251829179.52685547,249325203.9645877,249329240.0376223,249327737.20593464,249397761.96398363
5991,251159845.51416016,250303765.2330405,250287090.3026839,250304461.42413986,251829179.52678785
5992,249652737.3684082,250242431.87158662,250177431.64051098,250202276.76521012,251159845.51419756
5993,250128936.93579102,249713925.19757017,249676007.004367,249678386.41586488,249652737.3684912
5994,246180018.20263672,249832723.68669942,249825623.00980493,249823789.18031505,250128936.9357865
5995,254506454.44604492,248256878.53227496,248259659.02956527,248239983.80825508,246180018.2025363
5996,249038438.86401367,251192920.38385275,251234199.57881427,251246305.6000128,254506454.44601837
5997,248735248.58618164,249573861.07514238,249460969.84646145,249496826.48940632,249038438.86391315
5998,249329871.40185547,249235350.0897695,249252903.64289644,249229729.59156224,248735248.58625296
5999,247589925.78686523,249360940.3594641,249374209.55742145,249368773.69435385,249329871.4019256
6000,246791781.66308594,248679310.89770186,248690059.62603384,248678898.4170959,247589925.78694412
6001,246382251.8737793,248198957.7561613,248250978.53704703,248224610.68446842,246791781.66309977
6002,250424641.18823242,247869938.62693572,247936891.91874522,247910681.36103916,246382251.87371063
6003,251446629.77856445,249336992.49215397,249388163.18749213,249390446.2036207,250424641.1881677
6004,249932120.97875977,249999450.3581155,249955091.89894602,249988563.95661744,251446629.77861843
6005,245073480.02978516,249638227.1921805,249586702.8176833,249602241.20719832,249932120.97878587
6006,245865838.92211914,247695599.79906407,247705411.25772774,247675491.61124802,245073480.0297214
6007,245089232.31591797,247573475.77806473,247680426.69262746,247633186.40661487,245865838.9221801
6008,248699894.34643555,247118220.64879653,247204575.9958196,247174541.46947467,245089232.31585413
6009,248239564.1586914,248380233.84673777,248461530.24857178,248451740.42379516,248699894.3463277
6010,245260627.97436523,248415623.10516408,248418790.60864082,248430239.2710519,248239564.1587609
6011,244031156.59375,247267835.3586438,247299595.1412089,247278171.8797212,245260627.97437865
6012,245412034.7067871,246524959.34323415,246625106.26629767,246580404.97880635,244031156.5937618
6013,245330125.38720703,246803699.99855164,246915236.14157283,246883586.08196563,245412034.70666823
6014,250159112.0,246742293.60617408,246819765.81804025,246801958.36685228,245330125.3871923
6015,250296581.0036621,248623188.58990386,248676300.76142773,248686618.53777894,250159112.0000157
6016,245123778.87939453,249060428.8556565,249007402.53264773,249044856.29049903,250296581.00369212
6017,244749727.8083496,247225997.19510657,247205289.9546602,247192681.88226417,245123778.87935963
6018,244834469.71557617,246755887.46339425,246850348.73597777,246804102.75628692,244749727.80825463
6019,247581530.80859375,246562617.38813612,246655622.1552361,246625122.1528757,244834469.7155217
6020,242754978.72314453,247537612.54571897,247611768.35791358,247603790.5563347,247581530.80866575
6021,248199520.35595703,245769220.6179997,245807627.13061982,245785070.64512336,242754978.72309643
6022,250249497.74267578,247579421.0509341,247693731.2585429,247671721.70503753,248199520.35593903
6023,248047935.48876953,248700026.45528722,248679930.53231582,248716369.74943274,250249497.7427623
6024,245354615.48535156,248145118.88842446,248100440.6385743,248115941.07257992,248047935.4887093
6025,250822783.50732422,247087720.27805418,247110265.5954822,247086517.39850253,245354615.48524743
6026,248605702.6677246,249049651.6568459,249099484.2861614,249101420.0729657,250822783.5073721
6027,249898435.59521484,248554218.1777054,248496772.55805865,248523337.46238962,248605702.6677172
6028,246657031.828125,249065257.69363338,249057965.99479428,249062705.19043115,249898435.59529528
6029,250035182.2541504,247882712.52415907,247861622.32778615,247857378.30407226,246657031.82818103
6030,251283935.85473633,249033573.88665682,249068039.85475963,249063290.34588176,250035182.25423795
6031,247133881.26635742,249722670.82692552,249674569.9108559,249706621.55667815,251283935.85479444
6032,249085684.4482422,248266911.7427943,248219127.9541807,248220035.32906285,247133881.2664089
6033,251429823.87963867,248810941.04534194,248844717.48081154,248829913.13121286,249085684.44828412
6034,247349547.4555664,249811663.59174687,249787150.29341653,249811017.1584453,251429823.8796855
6035,249218504.90698242,248412805.76922184,248362884.41248384,248367473.2973433,247349547.45547748
6036,248592415.13183594,248929895.46111116,248961471.6235913,248947291.64270744,249218504.9070349
6037,247984808.30737305,248741202.61520308,248730869.4452068,248735550.30342928,248592415.13179496
6038,246941783.4321289,248474573.6627259,248484124.21232986,248476601.38863653,247984808.307383
6039,250718771.99121094,247978437.63601965,248004744.4740054,247989511.2256536,246941783.4320157
6040,249617362.64404297,249339975.94047093,249366362.6269232,249372537.27260885,250718771.99111715
6041,251556243.375,249161762.91244674,249111802.0112354,249135261.85557035,249617362.6440195
6042,244297744.18017578,249962444.43074077,249929985.66855922,249947236.00340885,251556243.37508288
6043,251427211.75048828,247304753.7219956,247271525.16600934,247254337.2074487,244297744.1801886
6044,246018217.78442383,249582589.46932748,249668556.62794578,249650976.4796044,251427211.7504852
6045,247644047.72021484,247788128.84084243,247739651.1582006,247750311.6415701,246018217.7844745
6046,247015592.20043945,248127223.30865422,248195504.39636022,248166089.05912286,247644047.72017404
6047,248949368.43017578,247855206.11401,247882566.68045542,247875253.93478984,247015592.2005433
6048,246381798.52685547,248548478.07063338,248580378.99418935,248578437.67869782,248949368.43007964
6049,244086021.4650879,247654510.40769076,247656263.34230128,247650873.27870095,246381798.52687156
6050,246261380.95385742,246583456.54169083,246654910.8230286,246614964.51689425,244086021.46503016
6051,246167871.60009766,247141541.03152004,247244792.37428275,247215750.91094032,246261380.9538116
6052,244802086.6435547,247101961.86725035,247152954.19414818,247145136.48895228,246167871.6001388
6053,246652223.19262695,246513705.24635515,246573075.62990925,246550913.24043226,244802086.64360908
6054,248956985.75024414,247112043.24515742,247188934.7068012,247171955.4353453,246652223.19251823
6055,248994991.58740234,248109367.49840087,248130604.47269845,248143573.34790033,248956985.75034657
6056,250101213.6027832,248374191.2016819,248348893.1656907,248368857.3327415,248994991.5873558
6057,249822928.75463867,248937973.84547102,248910076.0658563,248928117.12617406,250101213.60267657
6058,249545220.14916992,249000419.4047701,248952210.34943375,248971586.56948546,249822928.75470284
6059,250538533.53051758,248985805.2498793,248949571.01976383,248959695.7271336,249545220.1492608
6060,251334104.8269043,249441699.43470347,249409393.49352658,249423190.76079154,250538533.5306164
6061,249460192.38330078,249898252.11744562,249842637.34244287,249866524.24903262,251334104.8270104
6062,248623349.50512695,249327122.97865027,249269584.5182804,249281424.76861897,249460192.38332796
6063,249221505.16137695,248917236.18706465,248907859.752625,248900137.49208477,248623349.5050656
6064,252951965.65478516,249040696.93704927,249043824.54951125,249040766.85515225,249221505.161433
6065,250394141.80517578,250544999.76942122,250515660.7112297,250543006.9438517,252951965.65477
6066,246208259.7121582,249879552.06749502,249786328.21254593,249815438.15629318,250394141.80507535
6067,249456271.8696289,248190858.19845387,248183337.38083488,248157710.17730936,246208259.71214527
6068,245665431.71069336,249103900.5030413,249165024.99259797,249144310.62988418,249456271.8696616
6069,249405619.78588867,247718992.16002113,247726239.72421965,247714083.9281636,245665431.7106304
6070,250818709.80004883,248907174.24852723,248979070.4583683,248962491.18677956,249405619.7858172
6071,243197398.25585938,249623108.67402953,249599978.56331548,249625914.8720533,250818709.79999077
6072,245406128.47314453,246782799.12707216,246773855.63434175,246746997.22348714,243197398.255762
6073,247562410.5732422,247110707.73154226,247255510.38946894,247196295.410629,245406128.47304052
6074,249740531.13671875,247845072.44903526,247917150.29770944,247910324.52773303,247562410.5731322
6075,252503259.0341797,248815546.99336526,248830744.0089836,248846251.75653198,249740531.1367784
6076,250349555.83569336,250137166.87822497,250091322.68781492,250129609.87751442,252503259.03416523
6077,247063538.16308594,249667315.30084518,249578864.504247,249608917.2958689,250349555.8356344
6078,242446452.45288086,248379163.34091324,248361409.9766694,248346230.33683252,247063538.1631637
6079,247655089.81347656,246264676.03833503,246339500.57401335,246281568.24289528,242446452.4528603
6080,249353216.4765625,247804383.81878254,247945102.63632,247908228.56040245,247655089.8135638
6081,244681854.6682129,248638845.85753152,248650265.08849397,248671716.84940708,249353216.4766775
6082,245281435.24780273,246960752.76103017,246964207.09889737,246950545.996872,244681854.6682234
6083,244877792.4296875,246890834.4069367,246992182.16277117,246950662.2488651,245281435.2477435
6084,248553892.60498047,246607657.970556,246689851.27889505,246664580.09452027,244877792.4295864
6085,246682379.74926758,247949252.40045297,248018947.02627277,248015702.18074614,248553892.60509852
6086,250466659.6694336,247450111.39285576,247447804.513464,247455002.53480825,246682379.7493462
6087,250091182.50097656,248923379.76554215,248946342.4348821,248955510.75059205,250466659.6693578
6088,250343492.5,249082398.56929082,249023517.31281164,249055296.2472065,250091182.50099343
6089,249739405.42773438,249323223.21472794,249279458.10677582,249296625.93327254,250343492.49995285
6090,248217019.50219727,249177209.38254258,249131018.9374756,249143974.5833115,249739405.4276183
6091,248203669.22827148,248629574.98022062,248610048.85846022,248607260.39178267,248217019.50225177
6092,248826362.92651367,248497214.16797382,248509803.44747704,248499732.42620662,248203669.22818813
6093,247274170.60766602,248708543.54825914,248717502.051706,248716531.70831552,248826362.92649025
6094,248964582.50512695,248120193.90341207,248123946.68177888,248117297.90872228,247274170.6077313
6095,247150370.4675293,248675894.37141496,248705140.79386806,248699453.6815233,248964582.50502652
6096,245536815.046875,248027121.64771345,248027031.9570255,248024093.90299505,247150370.467627
6097,240570015.17700195,247261937.0425264,247310909.21188053,247282691.78812245,245536815.04691395
6098,242685525.42529297,245088185.32656795,245195074.42800733,245132662.78799936,240570015.17696157
6099,245201825.31347656,245361465.06253362,245558109.43627343,245490325.44170612,242685525.4253569
6100,244462228.77612305,246219333.193281,246344846.6264063,246325328.26168892,245201825.31353748
6101,243264137.140625,246039024.11705807,246112917.3331836,246099812.29546285,244462228.77624223
6102,244094487.32421875,245526558.34766197,245622648.4547565,245590770.6277869,243264137.1407053
6103,242620228.2019043,245707087.96439633,245820206.19996256,245789653.6675248,244094487.32421517
6104,247662540.59814453,245096589.94244683,245195518.52289438,245165009.7056638,242620228.20192304
6105,248012016.46533203,246933413.95841897,247035153.79864535,247027814.5800697,247662540.5982268
6106,253585670.4050293,247415316.38620493,247403065.17434782,247430628.9700281,248012016.46521533
6107,251150706.74487305,249841943.8585909,249800030.44159913,249847929.640681,253585670.40492472
6108,246779017.96118164,249494359.60736433,249349880.10553443,249407027.39998844,251150706.74486837
6109,249498844.7529297,247885796.46236008,247829499.52469072,247822142.85900876,246779017.9612048
6110,252563937.52319336,248700052.89802346,248723938.6737552,248713714.42031494,249498844.7530141
6111,251160833.50585938,250053402.33214468,249999734.0591084,250037818.70546603,252563937.52328223
6112,251381132.7451172,249850478.70093364,249745888.33169314,249783265.72045597,251160833.5058172
6113,251057389.06030273,249998067.26185524,249929210.79254416,249947914.47885063,251381132.7450303
6114,247821764.67211914,249950154.35680723,249878980.8699972,249898373.09903502,251057389.06041825
6115,249061259.20776367,248722022.71110827,248680169.81443456,248674783.8007106,247821764.6720932
6116,250919425.5571289,248959225.96784413,248980413.10471255,248965941.60689503,249061259.20777413
6117,250659065.4008789,249707847.3577807,249689551.9754958,249705325.1044742,250919425.5571392
6118,252445736.46484375,249758277.2266133,249704560.6484887,249725967.87877122,250659065.4009533
6119,252671010.9675293,250510028.5716613,250454190.11971262,250478704.6960851,252445736.46491244
6120,252537089.43017578,250834546.65913853,250742209.39546025,250776715.04565528,252671010.9675578
6121,252185057.62231445,250948315.7534645,250858182.88623914,250885204.96874222,252537089.4301859
6122,255184826.91430664,250910565.38257107,250829029.74591258,250850130.1020576,252185057.62227687
6123,254650427.7043457,252149544.3272397,252063132.611814,252100554.54010203,255184826.9142756
6124,250555425.6040039,252229847.469777,252084414.16495615,252134431.54213542,254650427.7043796
6125,255627532.23291016,250725442.86235705,250621205.31459725,250629834.48344183,250555425.60390317
6126,253005909.21557617,252485087.61750665,252443324.8403481,252461465.65793532,255627532.2328538
6127,247924303.82226562,251814817.89437383,251677392.12354994,251718978.19079226,253005909.2156007
6128,249090971.3227539,249750267.70605007,249706458.73735675,249684579.3995474,247924303.8222949
6129,245215609.43481445,249743816.14863434,249798669.2037777,249764243.5481802,249090971.32271928
6130,248551706.73999023,248074997.9996739,248118104.22208783,248083930.818137,245215609.4349293
6131,249226796.3762207,248968689.75663024,249075144.13491172,249042017.482351,248551706.73997328
6132,245425596.11547852,249293123.61120674,249316027.4050852,249321328.12461898,249226796.37615147
6133,248484859.80395508,247819562.26747045,247848716.14667094,247825150.09468812,245425596.115575
6134,250583072.62695312,248719822.97549766,248812639.9523202,248786620.83646995,248484859.80389524
6135,247233116.34570312,249629756.7817342,249637532.58524942,249655265.73201317,250583072.62704512
6136,248105612.4777832,248497314.1669437,248480397.15712988,248479513.0591311,247233116.34578568
6137,252306257.03515625,248640867.84682602,248692504.26162028,248671436.02789897,248105612.47775424
6138,256214513.30322266,250281910.18679926,250286695.01315224,250307823.51437488,252306257.03512943
6139,251718972.26538086,252194758.27071625,252090356.26470163,252157039.25522935,256214513.30327728
6140,253626114.21142578,250949053.67935362,250793622.1857984,250836468.8308494,251718972.2654693
6141,246853041.48950195,251621900.22751573,251561907.36578852,251575067.62214777,253626114.2113617
6142,248309758.5024414,249096884.7282845,249030770.55007195,249021753.63131487,246853041.48955676
6143,245503261.48095703,249167584.04903537,249243254.33744103,249200857.55688268,248309758.502488
6144,248789498.6911621,247917145.9596163,247966476.43407586,247937581.0265787,245503261.4809352
6145,253788047.95410156,248879267.22759956,248969957.33616108,248946173.02133438,248789498.69115517
6146,252392908.60229492,250991233.81827232,250978930.09503645,251016792.91801405,253788047.95407268
6147,249000600.32958984,250931556.78234255,250824698.55305892,250870811.8083704,252392908.6023445
6148,250878511.33984375,249717781.40266624,249667773.3609625,249665163.95354402,249000600.32947567
6149,250608878.78100586,250267969.5361955,250281362.5745948,250273284.64739072,250878511.3397671
6150,248394431.17797852,250252188.57226253,250225060.86383405,250235679.8057841,250608878.781115
6151,253749855.43286133,249397657.96992898,249391527.39081702,249380890.04695788,248394431.17791507
6152,248346313.98950195,251379518.30720118,251393839.58386084,251406223.66974095,253749855.4327785
6153,250155847.3684082,249616334.42862928,249541916.069429,249555969.12987798,248346313.9894102
6154,251110737.97631836,250071187.07951316,250112117.7120319,250091129.22682217,250155847.36839628
6155,253294121.5817871,250454991.0555897,250443932.83096433,250455558.38268065,251110737.97625068
6156,251859077.16064453,251403110.6235342,251361856.96674663,251387757.5675732,253294121.58171907
6157,252270222.4091797,251097214.49229208,251019634.8694729,251044261.02467558,251859077.16052315
6158,252135625.13378906,251284564.54969373,251241240.8405409,251251808.82561153,252270222.40915263
6159,251561094.2902832,251283151.43697563,251231214.98390225,251246025.6122273,252135625.13386205
6160,255470680.51586914,251085257.6719584,251041692.24366656,251050153.39007637,251561094.29018945
6161,251002840.39770508,252616199.27176726,252565576.59452197,252595856.44558245,255470680.51596308
6162,252456110.9921875,251176523.85321692,251066508.76751745,251090166.06688318,251002840.39781308
6163,249008332.13183594,251567193.63193303,251553176.71972603,251547849.09588668,252456110.9921442
6164,246454156.94995117,250247377.07341456,250216361.42178443,250209970.46510017,249008332.13186705
6165,248061298.97705078,248943479.03811362,249001805.27898684,248956906.2255897,246454156.9499797
6166,249612302.44384766,249203254.95242372,249300708.0021703,249265693.3004577,248061298.9771444
6167,254346249.76611328,249730538.21239564,249777900.43744543,249773876.47133434,249612302.4437529
6168,255583868.6652832,251672413.85754982,251659881.102985,251692524.5329651,254346249.7662131
6169,253535750.41088867,252602086.18205824,252482108.60361898,252543192.6380021,255583868.6653733
6170,252912725.35058594,252140095.1863746,252013655.334693,252049960.4718561,253535750.4108606
6171,249474501.046875,251909483.71268165,251835484.44955277,251847982.11022422,252912725.3505003
6172,250162829.61889648,250513045.46554255,250469682.80472183,250460714.2236572,249474501.04689413
6173,249254840.21362305,250503255.94953078,250531557.6885955,250510783.80562893,250162829.61891648
6174,245238999.54125977,250022133.5561502,250034300.64784577,250024407.2580853,249254840.21370813
6175,248131136.21044922,248253927.574994,248304505.3885938,248264358.2484009,245238999.5413023
6176,247014147.68066406,248960735.7230396,249078096.7637431,249040018.03286082,248131136.2105298
6177,246548469.46020508,248502364.54173648,248553203.44304436,248539845.23814863,247014147.68059567
6178,247760510.36987305,248198829.9930145,248277083.7793182,248248647.75909615,246548469.4602019
6179,248415689.87329102,248545336.47540817,248622184.57624418,248603961.8900446,247760510.3699152
6180,249956988.61914062,248809643.18951505,248852524.78923997,248847974.61172226,248415689.87337
6181,249412166.9375,249489335.15846905,249510335.9366294,249516191.10406733,249956988.61912292
6182,252149665.60205078,249431006.50903213,249422672.73833632,249430760.72969186,249412166.93751723
6183,250954620.93139648,250541928.59089756,250532384.70346183,250548727.88560644,252149665.6019453
6184,250260146.88891602,250347691.32727173,250286657.69985044,250310114.04681683,250954620.9314167
6185,248933889.8486328,250133985.80516636,250108595.66600397,250110671.82080984,250260146.8890025
6186,250601090.3894043,249584640.60567465,249581858.27364025,249573861.2457007,248933889.8487449
6187,249751050.6989746,250096071.1884966,250110804.75993034,250108684.6398785,250601090.38939756
6188,250992649.1574707,249839730.50560108,249822308.16097704,249828722.80808857,249751050.69907203
6189,247663961.15283203,250273196.05830473,250267963.45897833,250272673.04731932,250992649.1574433
6190,249898760.1159668,249057521.06129354,249043569.1927892,249035711.55833387,247663961.15288356
6191,250845407.06860352,249703548.49762365,249750346.0538204,249734529.68996003,249898760.11607704
6192,250591380.56518555,250176946.08699632,250166455.9012863,250180163.37013274,250845407.06848383
6193,247504850.44213867,250204157.86771703,250178779.47662956,250189851.51477954,250591380.5650944
6194,249411477.39770508,248995706.49653438,248993082.36845517,248979095.86501125,247504850.4421993
6195,250994665.6196289,249489386.14653116,249541275.27485466,249523094.1652833,249411477.3976744
6196,251441086.88500977,250164971.391679,250163197.9254713,250176458.41366458,250994665.61951432
6197,255608217.98120117,250489703.68639308,250454078.19495344,250473575.54334125,251441086.88498908
6198,253141796.31835938,252267214.44793648,252201715.48130015,252244305.6608546,255608217.98120195
6199,249452316.8154297,251753908.1853449,251617382.50815746,251662806.05616793,253141796.31825757
6200,250768757.5222168,250302406.8337575,250246447.57261938,250237873.50079417,249452316.81554103
6201,252993319.12670898,250564996.95881972,250581092.47189507,250566191.92953348,250768757.522108
6202,249977423.26342773,251441927.6672787,251414275.5881033,251433567.0695062,252993319.12665367
6203,249959124.24145508,250431216.55595315,250374684.71283457,250383954.3370386,249977423.2634973
6204,249802207.19604492,250244194.60566202,250254896.5225138,250240269.64430362,249959124.24157
6205,253250758.4411621,250095502.18357834,250102977.13741574,250096951.1891507,249802207.19614863
6206,248378956.73461914,251399893.06452367,251391625.68350965,251408385.58962557,253250758.44110507
6207,249489684.13061523,249722188.13935682,249664553.11317262,249669982.70361358,248378956.7346612
6208,249916278.9802246,249873444.30315238,249919671.7535954,249894481.02675378,249489684.1305672
6209,249446950.96435547,249963643.20086402,249974448.9539305,249973972.6374905,249916278.98028493
6210,249588451.97753906,249773021.94448757,249778171.29314357,249775417.92338642,249446950.9643468
6211,247779365.24658203,249760191.1077358,249773174.86655074,249768015.22065756,249588451.9775645
6212,251650895.1225586,249017124.34393373,249034724.52591056,249020372.22620463,247779365.2466935
6213,251276650.39819336,250397565.80289042,250433120.16202947,250433891.93980977,251650895.12257785
6214,249761119.10864258,250505780.71790043,250457218.77016193,250483068.5301684,251276650.398072
6215,250168319.91479492,250004493.02841714,249978217.2864675,249979758.69086176,249761119.1086908
6216,247691731.41357422,250075006.18117675,250078558.0734211,250074334.06518745,250168319.9146737
6217,250526730.0727539,249063239.4797508,249068292.43209264,249055214.3102736,247691731.41364992
6218,257657741.24243164,249952376.03444216,249994942.9075153,249986324.03077278,250526730.0726755
6219,251465199.34765625,252905045.9445033,252843632.27213284,252905219.69742173,257657741.2423694
6220,249920972.3803711,251141119.85028657,250965647.82986933,251016465.7508391,251465199.3476964
6221,251865136.92871094,250356852.3630431,250335471.60392916,250315622.18320298,249920972.38043332
6222,247255008.11254883,250938129.85982704,250932798.10556474,250933562.25939938,251865136.9288045
6223,254730201.36889648,249204698.5767728,249183040.48922846,249170833.79928216,247255008.112641
6224,249023605.9892578,251813370.27068484,251852944.5929236,251858876.57117528,254730201.3689332
6225,250417322.6105957,250019085.12105793,249922470.16461587,249947732.59388125,249023605.9893377
6226,252341905.83984375,250318613.1523232,250348201.7582955,250327440.05870086,250417322.6105168
6227,251219689.30493164,251090652.60216612,251072318.3322437,251088660.29591298,252341905.8397649
6228,250361050.80859375,250816650.8204964,250766239.4922367,250782178.98424444,251219689.30491585
6229,249473059.59301758,250462627.65572563,250443413.51567814,250441030.7093473,250361050.8085303
6230,248964837.2307129,250041918.74035588,250045333.72540808,250035493.3204196,249473059.59303504
6231,247005510.24194336,249710190.328118,249733421.4671028,249718915.89844504,248964837.23067376
6232,249529877.45117188,248808855.77384788,248850748.64869195,248825105.89236832,247005510.24200013
6233,252366203.56420898,249561567.85424864,249628603.8300982,249612086.31373712,249529877.4511893
6234,246781261.20825195,250775829.02488834,250769160.4988566,250792867.6576512,252366203.56426737
6235,249850782.16723633,248823001.66950905,248787245.73922828,248783157.20733142,246781261.2082225
6236,249585332.86694336,249693342.83428863,249764627.8517873,249739715.30217934,249850782.16721284
6237,253353939.98901367,249667209.63625613,249664794.60205647,249672653.25038856,249585332.8669564
6238,255654059.67407227,251192232.73623285,251179912.26354226,251202072.33813575,253353939.98892775
6239,251164938.52905273,252454646.54059455,252349585.49654812,252406938.67624077,255654059.674006
6240,248902346.92578125,251060415.01818547,250938419.9394368,250964428.1272641,251164938.528942
6241,246795569.64135742,249990337.38650542,249982561.94827595,249958138.2525189,248902346.92574903
6242,249686293.0925293,248906267.30251026,248954588.18746108,248917318.5585747,246795569.64137465
6243,246730785.27172852,249738157.5568988,249812759.2066371,249792528.92348793,249686293.09263816
6244,249998591.57470703,248627041.60489094,248649374.86403736,248636257.55517095,246730785.27167308
6245,250719748.04370117,249679939.7020892,249749816.41368854,249735077.40969962,249998591.5748166
6246,250047625.30517578,250086163.42108145,250074697.62923494,250092924.7783735,250719748.04364163
6247,246065267.25927734,249925126.0163754,249904278.59241837,249912027.49002877,250047625.30510375
6248,247299131.6887207,248351140.34086746,248366636.0964259,248341638.64506674,246065267.2591641
6249,248496933.69580078,248493560.81819725,248586702.91739962,248550026.19870275,247299131.6886073
6250,250174538.41577148,248869294.05410522,248921138.08020142,248913602.16677192,248496933.6958484
6251,246815803.72387695,249576950.59386662,249593699.01978955,249601952.0901571,250174538.4158321
6252,246841797.3852539,248395381.01631278,248393673.39576453,248386101.03646865,246815803.7239191
6253,252532262.17163086,248189198.88018045,248261663.70357186,248230137.56877896,246841797.385292
6254,251320317.6447754,250315758.8578946,250350020.7483752,250366350.7849963,252532262.17152315
6255,249063152.6767578,250274588.6866653,250193534.09019786,250233883.90177828,251320317.64469048
6256,248201982.48754883,249496593.06758633,249462610.3826066,249461930.75202328,249063152.6766429
6257,251326907.71557617,249034344.52260867,249053090.75727305,249035525.1679061,248201982.4874633
6258,250381365.44360352,250153084.36949688,250171968.1776941,250176645.76835352,251326907.7156756
6259,253025797.63500977,249985467.4087911,249941056.34416825,249960250.20242292,250381365.4436672
6260,249987260.1838379,251082253.27620295,251050081.5078427,251070852.38789326,253025797.63510403
6261,252311021.71533203,250128142.95702848,250055648.65959388,250072492.4584756,249987260.18375877
6262,252727647.25976562,250927345.7656423,250912944.72753555,250918163.90746367,252311021.71535075
6263,249301478.72802734,251259318.48688048,251191101.68393424,251219914.27710173,252727647.25985143
6264,252675169.6665039,250023604.8440159,249969636.22069436,249970336.5775782,249301478.7279217
6265,247809779.72070312,251166234.75552753,251169814.99476582,251171256.66931498,252675169.66642416
6266,249532545.2775879,249437923.27107176,249393102.42995158,249392798.7954221,247809779.7207693
6267,250447915.21289062,249750316.74759343,249803224.4913628,249777636.24604943,249532545.27768603
6268,250191765.8786621,250088081.47627473,250090669.46546426,250096903.8187363,250447915.21277148
6269,251028117.7553711,250047601.12339655,250034394.9049946,250040151.32992283,250191765.8786997
6270,249221624.96142578,250368789.70723456,250355261.7677701,250362259.3426203,251028117.75534064
6271,247830499.33276367,249751258.89649677,249731337.13329268,249731686.16053283,249221624.96150663
6272,249441278.12231445,249047664.44035965,249073163.55775028,249051815.9629815,247830499.3326929
6273,258274473.38720703,249508662.78438014,249552191.7577743,249540062.50988084,249441278.12234452
6274,257143877.06860352,253066603.81351528,253026029.32890576,253085550.28040987,258274473.38732785
6275,252589080.83007812,253408473.65943235,253187838.6582565,253282438.6221107,257143877.0686345
6276,249021337.40600586,251931406.6079518,251776034.83925605,251801774.8506178,252589080.8301183
6277,246015246.24194336,250336558.1050185,250301635.113291,250276826.1485171,249021337.4060022
6278,249940665.19555664,248766552.07942253,248821386.412603,248771205.4201716,246015246.24202463
6279,247472643.96240234,249865185.8732766,249957245.06468245,249930953.7140219,249940665.195526
6280,252125928.5349121,248978606.42607066,248992726.94242123,248986537.14972502,247472643.9624219
6281,251233541.01513672,250628723.0162092,250673942.63691315,250674786.52296245,252125928.53499064
6282,248621264.27197266,250544781.6460585,250487890.2939656,250516576.8939516,251233541.01508176
6283,245429152.50830078,249586432.36949515,249569980.8049518,249561466.09924534,248621264.2718574
6284,252271315.0222168,248123579.51200554,248178137.2061485,248136255.1786134,245429152.50833997
6285,251401176.9099121,250471278.9308213,250553203.873467,250547761.37605184,252271315.02210703
6286,246649534.34472656,250504856.559858,250438802.74907896,250478002.90254685,251401176.91000068
6287,252074047.7294922,248688708.40960345,248673899.6735533,248656296.82853633,246649534.34469315
6288,250486974.3779297,250481613.22161207,250537726.0806301,250529891.7357089,252074047.72958672
6289,251505448.5341797,250146273.5230714,250087800.43147182,250114735.02314055,250486974.3778881
6290,251054299.98388672,250574308.7069906,250553620.69638494,250561392.80258855,251505448.5342489
6291,249495931.99902344,250494703.58925432,250452327.8848235,250465955.2058609,251054299.9838344
6292,252305520.63891602,249914870.7729,249894286.87983224,249891262.49402356,249495931.99904665
6293,252956128.82299805,250915846.61886358,250913882.29788578,250921477.5677128,252305520.63880983
6294,247686105.46020508,251361799.92769304,251295022.8840363,251327013.88753217,252956128.82310617
6295,250534458.7956543,249414834.88588178,249366635.60635623,249358456.28146186,247686105.46015495
6296,249705543.56298828,250193485.35095456,250245368.19157958,250223368.87282452,250534458.79562968
6297,246525919.41455078,249938940.2099902,249927257.33197325,249933051.73119006,249705543.5630391
6298,245653142.91796875,248624843.27775547,248651810.4366216,248625425.5269153,246525919.41446373
6299,249178640.1237793,247948591.5241922,248044498.34397298,247998549.33065158,245653142.9180213
6300,252911335.64746094,249103390.5088546,249191784.1855758,249176401.7498119,249178640.12389052
6301,248673427.70996094,250762413.86559415,250752593.54566625,250786419.63785985,252911335.6475109
6302,249609380.5390625,249452171.6414722,249388098.87061992,249404065.62576798,248673427.7100486
6303,247666079.42456055,249646195.34748214,249672989.63555822,249657354.7803706,249609380.53908736
6304,246925862.2277832,248883305.39488733,248894926.0915579,248883799.62607673,247666079.42463908
6305,248471723.0288086,248428643.32986507,248487876.7368264,248459407.7225736,246925862.2278421
6306,251548018.89672852,248873936.29790163,248935640.51935986,248920832.82601154,248471723.0287288
6307,252419585.13305664,250139427.18813086,250149469.86643577,250167117.19907573,251548018.8967449
6308,247332615.41137695,250751441.96479955,250691150.44820777,250726592.2696309,252419585.13295504
6309,251163470.42333984,248959214.67523113,248912935.9862885,248908700.6417443,247332615.41144657
6310,250998088.71191406,250160392.69042495,250205321.41332412,250192901.44173655,251163470.42326835
6311,250088973.65771484,250265262.78154755,250221597.27447563,250245063.58784992,250998088.7117936
6312,248431437.22998047,249991513.34489402,249963640.05636564,249968663.70305398,250088973.6576446
6313,248660391.72509766,249281522.74052733,249280939.38114166,249269600.224937,248431437.23006687
6314,246924855.17358398,249227541.769465,249260989.5161508,249244804.14009172,248660391.7250304
6315,247817542.7302246,248474653.88376212,248509696.12646103,248490052.95282203,246924855.1734736
6316,248662180.64160156,248627082.97358727,248692935.60963896,248670690.09113017,247817542.7301221
6317,245952173.00927734,248924094.5838584,248961940.4190657,248957308.09999382,248662180.64163423
6318,246705027.68847656,247872825.940711,247905996.79214495,247887019.59271967,245952173.00931385
6319,249716187.70483398,247938577.27508593,248024716.77783185,247993555.85882705,246705027.68849564
6320,249943310.98291016,249085013.18479225,249132735.16522193,249135016.19466448,249716187.70481744
6321,249469556.40185547,249411904.92236912,249394849.11172777,249414398.70061028,249943310.98283693
6322,247027214.64868164,249314516.17570874,249297582.37030983,249305348.02634773,249469556.4018257
6323,246843475.31347656,248334308.48984522,248339800.18569177,248326799.09682512,247027214.64862952
6324,249618264.26733398,248046275.78993386,248104126.85266274,248077326.9674021,246843475.3135844
6325,248654864.55004883,249027415.8889323,249069574.6566007,249068339.38937402,249618264.2674476
6326,249560861.26586914,248837234.58511502,248825444.37999746,248835029.1900458,248654864.55010343
6327,249659966.61914062,249190413.99384102,249196902.5203083,249198127.79751745,249560861.26582703
6328,240171723.96313477,249332000.51635304,249318623.1334392,249327535.4478329,249659966.61925143
6329,245560741.62817383,245594191.89626816,245630591.95384488,245575660.4525299,240171723.96314615
6330,250532385.16210938,246908345.56202888,247117311.0747376,247045754.98968944,245560741.6282137
6331,244857870.0432129,248919290.5851152,248968417.51556757,248992401.3908342,250532385.1621606
6332,248934596.71484375,247104027.45613697,247083124.8563365,247084577.6427229,244857870.04330269
6333,254495564.0349121,248414687.51173446,248498247.42641413,248477919.58362424,248934596.714892
6334,248949555.58374023,250827327.54917714,250784329.10914728,250838577.7214993,254495564.0349372
6335,245694481.07055664,249245071.50408128,249121763.4093601,249156660.5229103,248949555.5836402
6336,250293116.32885742,247779692.78338784,247802094.3314004,247764200.543158,245694481.0706145
6337,252391768.77246094,249269266.96457386,249331151.714685,249320612.38337472,250293116.328744
6338,248222823.27661133,250329727.94209263,250278131.8349295,250318300.3897787,252391768.7723524
6339,248615704.8083496,248964716.40715754,248896827.45156562,248907312.7930467,248222823.2765292
6340,247844773.06835938,248930397.65473032,248954208.10892898,248935710.9308153,248615704.8082696
6341,244677174.49267578,248560201.55656454,248575112.37163264,248566355.9300876,247844773.06837925
6342,241858873.4580078,247173100.04986477,247220018.2044675,247186955.5609992,244677174.49263543
6343,242085650.6982422,245715549.74472606,245842734.6804403,245778769.4509955,241858873.45802256
6344,249265097.3869629,245341008.82980564,245518585.74525198,245454452.8847657,242085650.69825545
6345,248740674.37451172,247930861.44724745,248055179.47541845,248052446.97382355,249265097.38702315
6346,246653456.93798828,248189515.48883423,248158557.91790184,248194138.65169993,248740674.3744914
6347,249460177.31298828,247550059.85112864,247550414.39440894,247545980.73958677,246653456.9379592
6348,247431289.91870117,248589161.9555839,248619764.90682304,248620441.77966473,249460177.3130371
6349,248365422.95458984,247971677.88756222,247950009.0503773,247958219.3508508,247431289.9187198
6350,248230773.4230957,248281061.07451433,248303251.05900392,248296779.69852725,248365422.95450544
6351,248017962.03100586,248279943.95010334,248280492.87488943,248283615.18274263,248230773.4231645
6352,252175855.01464844,248221222.8129672,248228016.3516417,248225693.34910274,248017962.0309418
6353,249422421.48339844,249888758.54551175,249878772.7634934,249901961.46648,252175855.01459503
6354,252510107.15966797,249178816.23921,249096170.9831058,249124224.4832221,249422421.483353
6355,251235171.60986328,250366995.93994272,250335332.23788106,250352919.543877,252510107.15959543
6356,250497350.25732422,250121903.85264778,250028386.2218454,250060668.07029262,251235171.6098283
6357,244864494.32666016,249898591.49595523,249845080.3498376,249854083.6200874,250497350.2573248
6358,246274069.28198242,247634596.04044178,247627295.43438956,247598401.87941986,244864494.32676
6359,246228911.35717773,247688518.0676272,247793627.78063568,247746086.5361762,246274069.2819998
6360,251638686.55541992,247519433.38948932,247584225.22437447,247565231.1932633,246228911.357226
6361,251548800.4567871,249567753.83868596,249603977.12005454,249618973.6644632,251638686.5555396
6362,244653428.96606445,249936644.49699032,249855230.39269885,249900195.94821194,251548800.45672235
6363,247053976.29711914,247400864.7473573,247366671.4837283,247347675.70559594,244653428.96610215
6364,241746340.11450195,247869824.0396555,247971630.76210195,247928275.61912924,247053976.297223
6365,249004793.33642578,245708269.25844067,245776108.51178867,245734821.50106084,241746340.1145933
6366,249367226.76782227,248089963.1190456,248233349.4771635,248206178.99625623,249004793.33634484
6367,253114980.6899414,248597535.97898126,248573170.85669947,248607725.57574734,249367226.7679285
6368,248719858.4975586,250276405.12154296,250233103.6731833,250271439.0501537,253114980.6900512
6369,248656198.23828125,248963832.8445459,248865364.89622042,248891098.6396058,248719858.4976613
6370,248306073.4477539,248793128.2455601,248797130.1058659,248782733.84660518,248656198.23826727
6371,252010277.05151367,248609040.96535063,248612378.57401353,248607397.4083728,248306073.44771123
6372,250066608.0986328,250044629.09410805,250037794.43752402,250055716.8565981,252010277.051626
6373,246763840.18066406,249570711.91489995,249494855.76425743,249521724.56774846,250066608.0985984
6374,247099684.19433594,248250087.57187518,248240116.36488727,248222298.4092479,246763840.1807635
6375,254650307.94433594,248095164.90766037,248153057.5646652,248124283.60849625,247099684.1942297
6376,250327024.37646484,250962809.3944695,250966513.88878015,250999693.9816613,254650307.9442828
6377,244603427.9140625,249888100.44226974,249755777.49344915,249802251.71043453,250327024.37652096
6378,243150947.2722168,247565174.00889152,247569916.89771634,247529632.44838163,244603427.913954
6379,249925591.1928711,246449014.4658366,246577038.46889797,246507771.8305212,243150947.27218825
6380,247723568.93603516,248762389.79578522,248876229.91037595,248864612.2722183,249925591.19291943
6381,250842959.53125,248249293.49526593,248225572.31014994,248246402.8218289,247723568.9361032
6382,247631194.28320312,249420984.87640554,249433424.57636005,249441637.46435255,250842959.53113088
6383,252133615.88745117,248398086.39554828,248356511.91548082,248365852.78352192,247631194.2832399
6384,246181190.53564453,250069122.96019313,250078832.7211325,250088522.33002853,252133615.88749287
6385,247202606.2722168,248032930.74740332,247975018.05036473,247979973.9318095,246181190.53558803
6386,246773338.86621094,248065532.62187222,248135510.50840876,248099815.77798256,247202606.27211705
6387,246084025.36743164,247809920.99247155,247851480.9468173,247837946.41964546,246773338.8661418
6388,246272321.8786621,247430721.05851305,247485356.47645637,247464315.45822167,246084025.3674369
6389,245889340.60668945,247369178.6311395,247434413.95009732,247413662.97750455,246272321.8787796
6390,247849097.26391602,247155324.25879243,247215615.60647923,247196661.30976874,245889340.60677093
6391,248319024.40966797,247874848.2685852,247931404.0613419,247923510.6839624,247849097.263922
6392,249378825.80371094,248215886.68666905,248227998.22308922,248235789.46750703,248319024.40969133
6393,246959016.2565918,248727294.76269642,248725886.0804687,248736443.46782652,249378825.80368024
6394,252021476.08935547,247905313.6619237,247894564.06551906,247892378.1523004,246959016.25659463
6395,248430510.33642578,249803725.51364413,249821305.73571298,249833800.59356314,252021476.08929864
6396,248490497.84887695,248758720.49869668,248684584.18436122,248708175.3850729,248430510.33630672
6397,244526385.67041016,248682350.48006147,248694134.52314463,248681046.93574992,248490497.8488485
6398,248060130.88208008,247072471.34727466,247100297.38397214,247071853.93315166,244526385.67045143
6399,248247419.65698242,248112733.0214671,248206254.37822345,248180038.58585575,248060130.8819996
6400,251736393.40283203,248311167.7892159,248321924.9920201,248331017.2894742,248247419.65708652
6401,250776258.2373047,249742178.06222004,249732843.15784183,249755715.63774297,251736393.40278715
6402,249738934.32226562,249707788.81685755,249629909.56906855,249663823.4025667,250776258.237328
6403,249166250.00268555,249384389.60132512,249338913.74690154,249347451.69635454,249738934.3221912
6404,246362300.23632812,249131213.28665027,249112231.50626692,249111821.23397583,249166250.002565
6405,247545230.3046875,247953090.79018357,247960529.28348434,247941348.74946076,246362300.2363438
6406,250059629.10351562,248173909.57049736,248235476.8165246,248210996.0176452,247545230.30472773
6407,244943502.22802734,249146178.24189663,249163950.2798746,249172800.75946546,250059629.10358995
6408,246763833.89208984,247317455.23850575,247310366.56947237,247298067.13721648,244943502.2280195
6409,244616969.2373047,247664585.27284557,247759638.69688877,247723420.47807047,246763833.892056
6410,250826957.30859375,246748871.5809383,246805528.46990335,246782737.76213118,244616969.23739964
6411,250259186.71948242,249008678.41768995,249080206.3791979,249082144.4865674,250826957.30867907
6412,247611388.02416992,249196821.45285028,249132466.38343185,249172061.87203407,250259186.719416
6413,249079398.18408203,248345627.3314017,248319116.90573913,248317403.1867635,247611388.0240564
6414,249855405.98901367,248798584.76202595,248820960.0708905,248813295.4459779,249079398.1840516
6415,247161324.22314453,249186237.2952279,249171737.21636254,249184866.3178816,249855405.9890057
6416,247896045.62402344,248197126.27297404,248181952.70207432,248177392.87508577,247161324.22304872
6417,248632130.43676758,248313513.0668239,248353686.7344326,248336066.86805347,247896045.6239884
6418,247848484.27905273,248584386.3383517,248600692.98991162,248600773.28434905,248632130.43685573
6419,245319820.73608398,248328253.73174065,248334455.78977984,248332377.928899,247848484.2789594
6420,247080355.42773438,247254461.05875787,247290739.92673713,247266012.77608317,245319820.73598555
6421,249414173.27685547,247689209.5605138,247767390.1567534,247743032.70405662,247080355.4276881
6422,249766697.5024414,248641915.17658326,248664440.07089302,248674492.0132559,249414173.27680936
6423,244561404.89453125,249002883.5932126,248976722.75059378,248997577.72439086,249766697.5024822
6424,244831419.4802246,247029300.04055113,247025365.36493176,247006125.7529649,244561404.8944108
6425,252062772.9489746,246729430.15187842,246835039.65923563,246786586.3868656,244831419.48015785
6426,247404050.35302734,249442278.3511361,249494918.43575662,249512340.30801478,252062772.94899705
6427,249826585.20361328,248151174.34133747,248075466.6463458,248103518.48531368,247404050.35293865
6428,248553871.58081055,248964769.4928196,248985147.9469925,248979165.03721383,249826585.20366293
6429,248857320.2861328,248627679.89305633,248598579.95903394,248609861.19480872,248553871.58072695
6430,250025037.89868164,248709579.19762295,248709749.46039674,248708006.980425,248857320.28603888
6431,251075965.23413086,249210349.92859972,249198294.6015546,249209119.58092996,250025037.89858928
6432,246953198.9609375,249725359.95938805,249682770.3772733,249705261.30486637,251075965.2341021
6433,248574699.3762207,248259908.44458273,248220556.15993336,248217353.5704078,246953198.96102864
6434,250272380.0222168,248641275.539805,248684509.5896502,248664685.75806153,248574699.37625772
6435,247994374.06396484,249334632.80312422,249328974.34460956,249342250.30245242,250272380.02223116
6436,254074446.02319336,248587967.3632606,248561153.6832752,248564763.9080015,247994374.06403467
6437,256284883.66870117,250897914.4357441,250890331.5661281,250914572.1950303,254074446.0233118
6438,253800583.14916992,252284683.47953057,252134666.32103905,252212026.29145747,256284883.6687608
6439,252403640.42333984,251772718.65836343,251601596.6553893,251652459.38720092,253800583.1490773
6440,251158541.8762207,251292965.8372596,251191785.633821,251207316.6502442,252403640.42332384
6441,248288495.9206543,250752428.26875645,250688868.95786238,250693139.33025897,251158541.87613696
6442,246967923.82495117,249521441.15359,249502748.44223487,249485988.4142729,248288495.9207422
6443,246000497.54223633,248673589.525688,248721086.73141402,248685735.26544327,246967923.8249628
6444,245832733.83691406,248004627.99991113,248080263.1138205,248043522.08467236,246000497.54218525
6445,244932167.36206055,247670792.54043353,247761702.8401776,247726740.54363555,245832733.83700544
6446,244767427.56030273,247151536.3475134,247246133.87110704,247211286.81554714,244932167.36215344
6447,252314939.01879883,246877909.13917226,246987248.112585,246950346.0569039,244767427.56035128
6448,249649918.47875977,249735315.7675432,249802749.5439622,249819305.3298778,252314939.01880825
6449,247091253.7331543,249222919.84282434,249139556.4700349,249181880.10830975,249649918.4788581
6450,249065907.23535156,248241332.39992145,248238666.66808468,248223993.1664027,247091253.73310417
6451,249537240.83813477,248837724.15035185,248876423.27745605,248865833.69580048,249065907.2353556
6452,245380678.3881836,249101936.1985483,249092563.50161025,249103810.60772142,249537240.83806992
6453,245904832.86865234,247538384.3476118,247544174.89398375,247525536.72634763,245380678.3881373
6454,245413999.07763672,247426620.04905492,247519633.94223157,247480111.10591894,245904832.86863676
6455,247407691.06347656,247082077.2190877,247157686.42294562,247132573.85158962,245413999.0775293
6456,247343846.7878418,247755857.19028813,247830636.43500575,247816645.97235474,247407691.0634212
6457,248227297.56762695,247819184.76486492,247847546.4653836,247847137.10107952,247343846.78773496
6458,247799369.83544922,248222484.541415,248250336.64227435,248249417.96243066,248227297.5676269
6459,248414883.75927734,248128658.45488313,248138881.38303953,248139555.73323506,247799369.83532932
6460,247576350.85864258,248368781.78115073,248385381.79966244,248384105.41355473,248414883.7592338
6461,247169429.94311523,248102437.02925935,248110294.3356454,248107731.35783112,247576350.8587525
6462,250750816.2241211,247897570.9927067,247926980.60394785,247914931.74805743,247169429.9431056
6463,251482895.28857422,249257319.44104344,249274502.25599164,249285822.73321566,250750816.2242393
6464,247318561.28833008,249845738.4566307,249782686.01383102,249819367.29516512,251482895.28861004
6465,250109356.51293945,248413683.2165703,248364165.1767978,248364987.38301829,247318561.2884217
6466,247224289.18237305,249288806.528015,249316738.803842,249307895.04444367,250109356.5130368
6467,250294599.42089844,248278562.9733933,248257473.59266594,248257784.09447518,247224289.18239075
6468,242490678.48242188,249334625.1200763,249364147.97842535,249360304.31543556,250294599.4209085
6469,247416020.8178711,246417013.87086925,246418668.46100524,246390825.63537076,242490678.4824161
6470,249502388.94555664,247766315.04470193,247912459.35513192,247865199.36965963,247416020.81790644
6471,248135524.3244629,248693629.86283737,248708917.89181146,248728678.09955016,249502388.9455915
6472,249750307.86694336,248383068.53316563,248366348.80646852,248375341.6881743,248135524.32441705
6473,248528997.39794922,249044849.7557995,249053244.23392618,249057217.92080075,249750307.8668897
6474,244726091.68164062,248683763.44058287,248661565.8416517,248669156.9504044,248528997.39784333
6475,246066223.63134766,247152069.12457484,247180294.21767053,247150795.46725568,244726091.6815349
6476,249024242.76245117,247331432.44561332,247431509.959175,247393813.08601195,246066223.6312937
6477,247753834.89086914,248440855.3205718,248489631.3398505,248492477.84225127,249024242.7623825
6478,247070123.24145508,248143769.7656621,248136241.63804752,248145006.7385912,247753834.8907774
6479,247499551.17797852,247854992.52612454,247881918.0259528,247869581.54353046,247070123.24153584
6480,248037832.7746582,247945422.5425867,247981602.609074,247971256.5884507,247499551.17807716
6481,248243197.0439453,248174588.32385957,248198085.8461685,248195950.12757942,248037832.77455387
6482,246610751.87280273,248308145.62581065,248320005.36019692,248320907.09036765,248243197.04396656
6483,249330476.94458008,247693162.34014565,247708882.86271104,247698373.54824302,246610751.87269035
6484,251211121.73535156,248673796.99547654,248711059.63529927,248708529.75169665,249330476.94468588
6485,247467524.9255371,249589573.23860878,249556108.44753537,249586077.397018,251211121.73523945
6486,250695617.71557617,248328800.23840636,248278306.28136784,248285275.4362589,247467524.92549425
6487,251988137.65649414,249411316.12963387,249426840.70043573,249426382.03243113,250695617.71565896
6488,251448009.8413086,250118241.50259778,250053748.83096528,250090073.3313005,251988137.6564035
6489,245977219.40625,250119242.2368583,250036113.99111235,250064914.6729344,251448009.841336
6490,250999456.58007812,248031647.734832,247993551.63924485,247977504.25136334,245977219.4062616
6491,246287296.20996094,249618198.91656044,249671834.05181494,249658592.54676017,250999456.57999432
6492,247771369.99047852,247985365.1835208,247950030.92512718,247952222.43015364,246287296.20991725
6493,248659963.0600586,248276968.0753574,248341615.65225723,248313075.78373432,247771369.99048343
6494,246563479.28710938,248617079.55034742,248636981.4443302,248637950.8398052,248659963.06007493
6495,251300406.69995117,247860364.5050076,247875459.09966454,247864943.61308682,246563479.2871979
6496,246118086.9580078,249557825.4146025,249591604.01020786,249597829.46934244,251300406.69989923
6497,247051763.22680664,247813532.65753397,247769333.22341102,247774712.63692197,246118086.9579257
6498,246464343.1135254,247899815.14005628,247968468.5679087,247936413.44745675,247051763.22670832
6499,248242307.21435547,247595536.73342964,247639451.15137023,247625225.55132106,246464343.11345547
6500,244284088.95141602,248186695.87748215,248232869.4739471,248225828.69277063,248242307.2143356
6501,243555161.18286133,246712472.1240994,246739668.23696047,246719667.2069771,244284088.95151097
6502,251532147.2980957,246111381.37352917,246227919.51459464,246176733.36297834,243555161.18295327
6503,249883456.00463867,249059626.67152095,249141837.04475904,249152269.46135655,251532147.29818773
6504,253865740.92382812,248966200.2258735,248883799.06811503,248931352.73933604,249883456.00458345
6505,248672504.67114258,250697819.28390533,250641648.77741015,250678606.07681465,253865740.92385763
6506,248196575.57006836,249086232.08868396,248973282.22267854,248998874.47124618,248672504.6712545
6507,246968106.55249023,248705073.28070045,248716012.98085582,248694023.24450296,248196575.5701258
6508,252375378.00830078,248098814.22629744,248121526.6712674,248103977.03327823,246968106.55251828
6509,250170618.20507812,250089257.73179275,250109362.55022866,250123074.00181895,252375378.00836343
6510,250094530.6196289,249616175.88785818,249531323.67053992,249565433.1727365,250170618.20498657
6511,251654136.8996582,249589861.76610634,249561621.55136472,249564934.7196465,250094530.61967
6512,250883023.06298828,250212801.72691247,250175147.81860596,250192828.2425208,251654136.89965495
6513,245034655.30273438,250078848.66133282,250015143.57840592,250035687.17165953,250883023.0629201
6514,243807504.8461914,247766156.31845576,247752964.28017077,247725865.45915756,245034655.30283484
6515,241342017.25756836,246789994.90413523,246909163.47409078,246844602.44726476,243807504.84620783
6516,247263361.375,245405404.04733586,245551119.1145165,245485760.72002712,241342017.2576252
6517,245523296.0197754,247337774.57828742,247499157.54023734,247468373.3979029,247263361.37499675
6518,249640240.82714844,246892732.53006813,246927751.46577048,246930736.67063436,245523296.01969635
6519,249014109.24609375,248456996.71644273,248510924.5517195,248513932.73562434,249640240.82712692
6520,248353311.38452148,248532863.080451,248498153.45141384,248523887.65695518,249014109.2462009
6521,249917472.32373047,248370515.17440408,248359235.29896998,248362245.72386596,248353311.3844933
6522,250705890.6838379,248998468.33185434,248992815.36999995,249001509.84080055,249917472.3237629
6523,252557000.37426758,249488942.43638143,249447279.57744172,249470170.85758835,250705890.68380377
6524,252535465.09301758,250407725.60538206,250344834.89337087,250377472.64286536,252557000.3741759
6525,251965826.7001953,250667987.47436753,250569686.92708343,250607177.82991543,252535465.09302124
6526,255521457.12719727,250612058.59436035,250524009.48331,250548659.4098228,251965826.7001987
6527,251897590.2019043,252107564.6705877,252017469.0247564,252058907.416327,255521457.12731725
6528,248523615.71264648,251056660.10419878,250913996.57748294,250950808.37874696,251897590.20194012
6529,248251981.69458008,249625638.60785028,249588267.4632292,249569670.20374477,248523615.7125246
6530,249578920.9321289,249200019.01545647,249233359.80416965,249204888.51319355,248251981.69467968
6531,247678671.83154297,249557313.46862084,249585509.77843854,249577318.74162865,249578920.93219745
6532,245741442.82348633,248808497.75659862,248817055.16407606,248807820.97586402,247678671.83143425
6533,246613620.38720703,247839928.34524092,247897855.55031475,247863364.82852724,245741442.82350156
6534,249353509.8527832,247918817.11038494,248008728.75947738,247977241.67716768,246613620.3871356
6535,249171176.4597168,248913180.4691427,248963719.58856273,248963909.1235163,249353509.8526809
6536,249112719.49829102,248995992.37781084,248987241.70683625,249000426.3131174,249171176.45982945
6537,250342045.45214844,249011604.07149792,249007692.30612728,249010552.52402118,249112719.49818364
6538,250061529.23388672,249549133.6319838,249541361.60252643,249551023.0578291,250342045.452232
6539,247109154.9296875,249547329.51820275,249514209.82328337,249527888.90344936,250061529.2339644
6540,247312597.46606445,248431139.12833387,248423002.93045446,248411229.118698,247109154.92964345
6541,247052991.7224121,248285836.90783072,248340351.9762159,248314019.0011457,247312597.46617708
6542,250432413.01000977,248073986.78397387,248119776.84427837,248103506.12981245,247052991.7224849
6543,251048807.26782227,249343668.21654654,249377302.2568156,249382848.400737,250432413.00994304
6544,249697349.13745117,249808956.895727,249764059.2877068,249793560.03875905,251048807.26778263
6545,247516143.39013672,249459916.00946596,249414923.98621443,249427093.73898518,249697349.13749653
6546,248952595.39501953,248581834.4091621,248579605.46787342,248566083.010253,247516143.39024672
6547,244458120.90112305,248974827.3032029,249011894.66097316,248999102.7742451,248952595.39500967
6548,247968539.28051758,247205620.93520963,247232364.52288565,247206023.04634014,244458120.90108392
6549,248147027.6274414,248224421.34626928,248329029.7196303,248297852.04765892,247968539.28047675
6550,252454262.04370117,248424927.8143461,248447093.50345498,248452535.20372793,248147027.62732667
6551,249790992.3642578,250171461.84562606,250168965.87977397,250193808.29211444,252454262.04377052
6552,255582242.27661133,249518941.82947952,249439485.61950234,249469009.00389165,249790992.36426735
6553,251728049.59375,251782202.1622804,251735484.5053897,251771346.2775432,255582242.276545
6554,252947236.0439453,250784432.72383654,250634359.07755327,250681757.74500084,251728049.59381396
6555,248405366.8449707,251237277.55689055,251175480.03626782,251188001.02975094,252947236.04396492
6556,248304967.9794922,249577204.32498336,249513471.05222428,249512598.32826206,248405366.84488872
6557,246452866.4025879,249202344.85041854,249239848.4748871,249209464.3063081,248304967.9794249
6558,250438171.70947266,248292436.88090882,248334998.9718021,248308256.31757286,246452866.40269387
6559,247551017.03979492,249609572.74463254,249668584.1641989,249661292.21267596,250438171.7093929
6560,251527028.64575195,248640182.4735116,248624080.96540475,248628389.71299163,247551017.0398975
6561,248672343.5300293,250029613.1204588,250056927.11599386,250059227.69045776,251527028.64567527
6562,251452666.3774414,249164864.8468162,249118357.26037067,249132209.6498933,248672343.53000367
6563,254155899.67651367,250166403.04232204,250172168.6039851,250174932.53573638,251452666.37737316
6564,251632935.02124023,251479425.2347399,251410581.55745482,251453475.9031288,254155899.67640245
6565,249550871.18359375,250829652.62846965,250722339.68979582,250753344.373195,251632935.0211272
6566,247016893.4609375,250004094.46263582,249969864.43106827,249962126.4929293,249550871.18359825
6567,248461079.64672852,248821824.298377,248844354.48532605,248815160.56714177,247016893.4608837
6568,250421670.24536133,249087756.64859053,249153981.28686687,249128263.53683287,248461079.64676413
6569,250780973.73535156,249832008.25652543,249852008.58794284,249857694.35160506,250421670.2453596
6570,249894853.38989258,250109805.54114816,250086134.12106913,250102261.5105016,250780973.73527
6571,248874089.52075195,249853470.37738508,249829013.5636413,249834911.21867108,249894853.38987744
6572,248228257.3552246,249412858.21915,249413193.38219392,249405408.84497193,248874089.5207975
6573,246779823.8803711,249045653.79043508,249069178.39480677,249054459.49831387,248228257.35524383
6574,244724097.85498047,248353101.642675,248396364.69555095,248373334.86237282,246779823.88047716
6575,249456523.1616211,247301531.0100859,247382543.51363498,247342367.67489564,244724097.8549271
6576,247604191.9345703,248861534.61913934,248955274.63363293,248941451.88267025,249456523.1615461
6577,248057980.89990234,248360556.15049076,248356824.1110595,248365998.9687085,247604191.9346053
6578,249067759.23217773,248481653.5956136,248520181.0127814,248507983.76309022,248057980.89984185
6579,248843718.66967773,248880405.29720902,248899796.7786019,248901549.1574615,249067759.2321936
6580,254238556.70214844,248877766.2570974,248877038.20752499,248881119.2024846,248843718.66958827
6581,250200968.72387695,251066545.4368721,251043925.76382932,251077565.03666875,254238556.70223567
6582,251168528.9790039,249975424.39799398,249861092.03711885,249897120.7594422,250200968.72387516
6583,249991475.75854492,250279628.251473,250256988.8057811,250257125.1866838,251168528.9790821
6584,254377283.89257812,249885455.75489387,249845356.07897383,249853347.62801787,249991475.75849384
6585,249472120.83569336,251582799.9207771,251548565.9668877,251575040.6442934,254377283.8925261
6586,250192083.08984375,249999948.30181566,249898369.12920117,249920134.24489823,249472120.83564228
6587,248624500.17700195,250050454.10907245,250057781.3287866,250041984.75431052,250192083.08985707
6588,249972515.28344727,249399330.5708327,249394403.8859019,249387046.57079813,248624500.17695028
6589,257699042.68481445,249783820.24773678,249806542.58915368,249798476.39799035,249972515.2834162
6590,251821385.46801758,252911909.074148,252862706.43550068,252917903.59985238,257699042.6849279
6591,248523978.5715332,251274028.34019446,251094098.55974352,251148730.07233822,251821385.46809527
6592,251533931.1069336,249815307.51280674,249792403.27912334,249765476.40698263,248523978.5715803
6593,250341632.43676758,250680307.87955964,250705620.09666786,250695985.4339637,251533931.1068401
6594,249217658.72631836,250315028.50758576,250279881.76632115,250291109.9426709,250341632.436669
6595,246656954.0517578,249798367.4632379,249797631.5684304,249787022.84483552,249217658.72622743
6596,251864405.18554688,248672046.504463,248707900.20083094,248678638.21238148,246656954.05184123
6597,248533627.63964844,250448899.13298306,250508660.35160258,250504136.39406872,251864405.18548623
6598,247803092.99951172,249426536.23931277,249388429.2366732,249400977.45985937,248533627.6395901
6599,250452107.515625,248960423.46060842,249001933.16640303,248975929.60279286,247803092.9995939
6600,249454908.44580078,249878251.03497624,249916418.14127263,249914065.12072873,250452107.5156954
6601,252247285.4633789,249597450.81843236,249580435.75365993,249589937.74490854,249454908.44578212
6602,250628154.2705078,250682006.51308033,250674665.62299985,250688637.79144403,252247285.463478
6603,252069003.28125,250255649.68163258,250194817.69966918,250215622.2121235,250628154.2704155
6604,247780949.91430664,250821540.52667326,250793464.29103446,250804255.82326028,252069003.2811499
6605,251801132.87573242,249251987.22847098,249214665.18845826,249209210.5424744,247780949.9142932
6606,251187272.90625,250570602.90674102,250608229.8741065,250600243.55895954,251801132.87580207
6607,247568787.90942383,250523500.51776516,250471554.80054972,250495635.68496796,251187272.9061597
6608,242268719.98583984,249145199.61340362,249133024.53965172,249118128.68248144,247568787.90949303
6609,247368889.47094727,246728725.19355464,246819719.8537935,246752449.0833721,242268719.9859547
6610,245274288.0979004,248135685.70475858,248305553.01019356,248256438.7715055,247368889.47094303
6611,244450110.421875,247386686.5913389,247446624.51236498,247434160.7833405,245274288.0980013
6612,247425426.99853516,246846018.0661712,246956105.62567538,246914910.98644286,244450110.42193985
6613,243938791.9025879,247818196.68938178,247921823.02245215,247903427.53009397,247425426.99846676
6614,251467585.64453125,246553528.06844544,246606765.4653531,246586559.9449184,243938791.90246844
6615,245935155.38330078,249297041.12271985,249386276.96990997,249387099.1800661,251467585.64445463
6616,247146005.57373047,247619175.34183657,247570503.73339033,247587777.78278586,245935155.38334668
6617,246575500.89257812,247864579.63779584,247938094.11317188,247908187.8344667,247146005.5736116
6618,250342620.67211914,247624616.93589553,247666639.7686088,247655816.6907856,246575500.89250985
6619,253940429.2854004,249056937.34640154,249092330.87093475,249099810.0422809,250342620.6720724
6620,251777844.57543945,250788478.94033173,250723206.87331074,250776027.6019172,253940429.285356
6621,249148323.72851562,250411071.49806133,250288181.8702797,250332049.68035805,251777844.57545292
6622,248736312.6730957,249459904.8848028,249406094.32542446,249404991.69313037,249148323.7286093
6623,249066778.94702148,249172950.4554096,249180289.9441091,249165643.81021354,248736312.67309335
6624,253683283.58618164,249203608.71007422,249216241.29587078,249209804.87344956,249066778.94702265
6625,247372197.45336914,251032322.59356982,251013683.07783416,251041308.94868907,253683283.58606505
6626,246018080.62963867,248929955.02369574,248847959.63469163,248858955.34950045,247372197.4533328
6627,252522768.41601562,248050530.3156429,248117833.95225355,248069832.75533828,246018080.62955207
6628,253254086.09155273,250368756.64103866,250422712.21632555,250429485.79380438,252522768.4161064
6629,253866106.67089844,251052778.73127612,250959970.66969305,251013663.76032373,253254086.09159148
6630,250412460.70288086,251577928.5907388,251476581.25045654,251516509.19695672,253866106.6709965
6631,255551018.54418945,250425559.82701507,250332791.97917864,250347375.67252073,250412460.702908
6632,250359015.96044922,252325192.80509102,252285030.56073332,252308925.91378942,255551018.5441535
6633,250433042.09204102,250633765.32416987,250508361.21236348,250536343.27626562,250359015.96041548
6634,252777608.04223633,250431339.04340076,250427204.88811415,250409916.1772648,250433042.09203053
6635,251320303.48364258,251269755.7535304,251245448.31630298,251259196.1482105,252777608.04232183
6636,254988458.13305664,250862328.95940533,250796506.25749573,250814860.4584659,251320303.4837061
6637,251340381.98535156,252298933.27763188,252250477.4850531,252277312.49457937,254988458.133068
6638,251508454.67163086,251123055.0504893,251013209.75562236,251039942.4556664,251340381.985292
6639,252846572.09277344,251031588.9384446,251005096.7310292,250999981.91430557,251508454.6715352
6640,252982193.12841797,251534440.77152416,251494349.29240385,251509485.98601818,252846572.0926524
6641,253547515.2619629,251681187.29161087,251612842.1891274,251636262.3211063,252982193.12841865
6642,250000646.4794922,251973464.19659725,251902215.37755224,251925237.6582111,253547515.2620256
6643,252196101.99414062,250658813.10767937,250595263.8975043,250596936.98222637,250000646.47955605
6644,254671253.2475586,251303253.69407004,251307561.02832222,251301705.38909552,252196101.99418825
6645,252828539.171875,252345066.64167678,252283921.266862,252317691.41588265,254671253.24753487
6646,248558902.5065918,251870493.79288962,251769986.44497263,251798814.0590308,252828539.1719792
6647,250449342.50830078,250162428.2788376,250129656.13619268,250111518.18354556,248558902.50659013
6648,255527399.9621582,250534413.86925346,250580407.5504058,250556412.08184543,250449342.50819007
6649,254640029.82055664,252533182.74819964,252505664.973765,252540336.44148734,255527399.96222043
6650,253549433.59472656,252590159.88411075,252460100.80399683,252512441.15894485,254640029.8206072
6651,251565837.1291504,252302773.01191357,252206534.798556,252228683.29867312,253549433.59480056
6652,253391500.40771484,251502476.97534874,251440072.09627813,251443016.31820562,251565837.12926385
6653,251959029.99243164,252090433.05550924,252062432.47255003,252068986.50111645,253391500.40780443
6654,252104875.703125,251597730.9273904,251536275.4101442,251550610.91464108,251959029.99242845
6655,256094757.89916992,251558312.1074998,251529446.474539,251531470.83142972,252104875.70314944
6656,256645152.28588867,253118942.1282155,253062940.71038014,253095788.96477094,256094757.8991754
6657,255951020.8623047,253720709.88823402,253580137.56442684,253637378.40488207,256645152.2858852
6658,254401779.07641602,253690971.66039342,253550878.94304645,253591371.47093958,255951020.86233145
6659,250148025.32055664,253185974.36502266,253074000.9701955,253095149.32289875,254401779.0763364
6660,250388855.40600586,251458762.0502638,251407109.0066901,251392161.00618482,250148025.3205964
6661,253593591.20166016,251163846.96627834,251200231.4285827,251168895.4262126,250388855.4060295
6662,255855849.0595703,252288934.36068916,252298794.95506543,252305727.17022347,253593591.2015775
6663,253112013.83642578,253340098.18711808,253266748.23325202,253307822.99326447,255855849.05964696
6664,253350719.07592773,252545301.72460377,252443292.67384875,252468504.32453704,253112013.8364922
6665,252111980.7824707,252565194.61761194,252525135.26269594,252527230.49714658,253350719.0758628
6666,254500173.51953125,252087120.38992473,252046948.55471727,252049860.03279713,252111980.7823825
6667,255728916.0559082,252934916.0605739,252910287.72036606,252921788.94572377,254500173.51963288
6668,252799222.14892578,253562725.13884526,253478268.3468062,253515102.20897388,255728916.05600035
6669,254241383.87963867,252579154.04678565,252487905.48138392,252504304.52053776,252799222.14893395
6670,254993572.29101562,253012624.74148232,252979781.44376525,252983756.53339455,254241383.8795419
6671,253904549.0913086,253387457.60749957,253316893.1506173,253342335.26686776,254993572.29108137
6672,256012992.8347168,253073697.35965976,252997755.43294638,253015864.38109535,253904549.0914168
6673,251840615.31030273,253857694.3381364,253794848.00611657,253817040.1158417,256012992.8347469
6674,253922377.87817383,252391433.43375775,252305547.7769267,252314757.27577826,251840615.31034517
6675,254918706.26489258,252987011.0450455,252985239.39061886,252978027.92157277,253922377.8782889
6676,256527658.8659668,253435311.89782953,253377856.76144463,253402173.8285737,254918706.2648753
6677,252557150.3076172,254183179.84256056,254099399.23056936,254133715.78301704,256527658.86605176
6678,251830211.43676758,252795895.97535655,252699647.70569754,252713054.02881163,252557150.3077253
6679,251322292.47583008,252288147.65564752,252285805.34576148,252266502.72993973,251830211.4367998
6680,253257614.4675293,251882135.480971,251891056.4321606,251877456.00368094,251322292.47577837
6681,246516285.8137207,252508781.296576,252515951.746694,252516848.97995195,253257614.46758133
6682,249340733.36132812,249909839.7014151,249909291.82492363,249881023.61587742,246516285.8138165
6683,250736322.39990234,250449455.90210727,250576982.770289,250525974.21360192,249340733.36140683
6684,251413310.0283203,250940606.76819554,250987566.45284072,250985595.68655267,250736322.39987272
6685,252226421.34887695,251235816.99858546,251248186.25759867,251252868.956471,251413310.02829885
6686,250999606.27807617,251624046.7279468,251616439.93756604,251626161.84878147,252226421.34882244
6687,254462755.11987305,251235262.88083798,251216849.61393464,251220215.89419687,250999606.2781547
6688,247138061.2685547,252550556.72952378,252540585.51070157,252556212.89685103,254462755.11989823
6689,249156448.7878418,249906685.05235633,249860388.34911937,249850878.6956445,247138061.2684343
6690,250732434.85717773,250188093.99303007,250291297.13655683,250243542.7965515,249156448.7878877
6691,251393110.3503418,250738747.11457315,250778486.6217855,250776722.13173792,250732434.8571392
6692,246473020.45507812,251070829.82016712,251074329.0593652,251082328.1658563,251393110.3502882
6693,248569997.1201172,249171394.99972755,249186564.01247835,249162011.99335146,246473020.45502967
6694,252563998.28076172,249586878.14979947,249694294.88773632,249654171.27254245,248569997.12010384
6695,253900951.40698242,251156607.8527187,251188851.9821782,251203296.58741796,252563998.28072336
6696,251303762.30151367,252016674.4677923,251958577.86369267,251998766.1065656,253900951.40702945
6697,249659849.29956055,251244154.75515917,251176195.62442344,251192698.1297569,251303762.30152524
6698,254848490.52514648,250506517.15558204,250506020.3043851,250490325.66261274,249659849.29957905
6699,254582094.8215332,252397300.14683682,252401412.01934236,252417162.21370536,254848490.5250398
6700,252094979.63476562,252676155.97193983,252570115.47513804,252617946.70804524,254582094.82160872
6701,256137527.6315918,251859361.52261907,251781139.5987804,251793454.99433145,252094979.6347913
6702,253122297.51220703,253372457.00685868,253327805.0626132,253350437.8436368,256137527.631633
6703,253914168.91674805,252511260.8002125,252396270.92157686,252428102.8242242,253122297.51214728
6704,254009655.1496582,252733185.72016746,252686330.6048349,252692999.46315452,253914168.9168064
6705,251197997.48120117,252804829.9140425,252737611.47496018,252757567.08630183,254009655.14972085
6706,252670957.42138672,251712292.55892247,251660580.8243689,251660349.04278877,251197997.48129207
6707,255278128.6591797,252064539.44179937,252065018.76285493,252058456.48146072,252670957.42142373
6708,252355190.50341797,253134328.74468508,253085750.8790797,253113623.98632744,255278128.65928265
6709,253207878.95239258,252224938.73992264,252139140.81094012,252158511.475369,252355190.5033273
6710,252270397.60205078,252435630.62017605,252412553.75562075,252412308.87410176,253207878.95245576
6711,254096260.8515625,252063802.61527973,252023050.06730264,252030039.62993822,252270397.60206756
6712,251551650.02197266,252716635.63078937,252687959.90526092,252699420.50601444,254096260.8516602
6713,252861235.08544922,251824517.59584314,251768490.09511587,251776686.27662033,251551650.02201828
6714,252763711.31958008,252193041.46256143,252187451.0621093,252184589.7681363,252861235.0854009
6715,249980289.2434082,252184976.774259,252148216.83617568,252160209.17452756,252763711.31963784
6716,248849002.69848633,251063328.94103736,251043929.41606826,251034034.38859755,249980289.2433163
6717,251094530.55249023,250366372.65700027,250411406.69243717,250379988.81500047,248849002.6983882
6718,253634216.0769043,251014977.1192111,251066183.562363,251053845.87223157,251094530.5524301
6719,251011040.1538086,252067616.2776754,252052155.03724664,252074904.00894943,253634216.0769609
6720,251096164.3527832,251255484.96388307,251201511.09160668,251215068.3761486,251011040.15376496
6721,248452462.49682617,251153793.36730003,251157025.78515697,251147579.81394792,251096164.3527926
6722,249474194.92822266,250059178.32660848,250070946.85105258,250052711.65142906,248452462.49686897
6723,252885745.59423828,250192306.8045769,250253672.18883657,250228941.84658754,249474194.9282561
6724,250794470.76831055,251478315.421738,251493618.6882359,251507077.055986,252885745.5943089
6725,252841347.35009766,250868986.50122583,250820677.36202723,250837612.91140106,250794470.76832548
6726,249228091.88305664,251616335.62783274,251605722.15335843,251612882.11874446,252841347.35015145
6727,249341141.90771484,250329957.40949398,250291663.9767233,250292165.78142676,249228091.8829565
6728,247382858.29418945,250135916.2097624,250178420.06795537,250153187.2024486,249341141.907792
6729,249490711.50512695,249216424.08560616,249259060.39747137,249233926.50331837,247382858.29425785
6730,251237564.40966797,249825439.0899453,249897860.62072182,249877620.81183195,249490711.5051165
6731,245508583.8232422,250565725.92309046,250578528.37487352,250589469.0263731,251237564.40963095
6732,248697868.46875,248438381.46103454,248445191.8445456,248423317.07057792,245508583.82314345
6733,248256208.15283203,249266899.43207407,249379830.8116922,249341786.502974,248697868.4688611
6734,248577660.70410156,249125030.59354478,249160652.82948673,249157072.0125435,248256208.1528522
6735,246909830.08666992,249211391.2544798,249257935.16362327,249246292.34802452,248577660.7040898
6736,248874940.11035156,248506834.19855237,248550273.73698103,248531382.67978585,246909830.0866799
6737,248406584.61914062,249139156.87742904,249207191.85913745,249191354.7330142,248874940.11029503
6738,249093249.1213379,249035053.81483096,249059676.41952896,249057837.9845505,248406584.6190797
6739,248122158.81860352,249290160.75841045,249323097.44860733,249317393.67026517,249093249.12133887
6740,248747730.5715332,248936569.96047956,248957310.3331176,248950025.39388156,248122158.8186636
6741,248744000.28881836,249139857.89019203,249179163.30834174,249168193.91184106,248747730.5716329
6742,247350437.3791504,249172783.53810823,249197520.33109388,249193238.03455675,248744000.288857
6743,245582570.83007812,248615766.80035755,248648384.73629066,248633548.74827716,247350437.37904924
6744,245132962.3425293,247766129.87399814,247836250.29294205,247802624.27859828,245582570.83016723
6745,248148752.5908203,247348952.3419755,247454632.33586597,247414147.5801333,245132962.3424281
6746,243769961.03198242,248383994.30723247,248478817.14886424,248463587.68579704,248148752.59091333
6747,247197493.42089844,246771324.38976958,246820665.27798474,246797534.7823304,243769961.03209785
6748,252319451.17333984,247783214.19061407,247907742.836817,247874568.66689712,247197493.42100203
6749,249654324.72924805,249944446.82961527,249960362.22985196,249993798.0844665,252319451.1734091
6750,247023416.40600586,249357877.6041016,249281261.26722875,249314844.86887467,249654324.72921747
6751,251279761.78637695,248335671.3145173,248338188.5525255,248320984.70092243,247023416.4059921
6752,246428711.45141602,249826573.08637932,249860662.25966898,249862132.26321507,251279761.7863498
6753,249968996.19067383,248163838.6178896,248129415.83780992,248131137.03449324,246428711.45140725
6754,249192549.0817871,249295067.25083,249351980.52972367,249336774.88874575,249968996.1907297
6755,249004191.41674805,249160687.32337615,249139569.68148163,249153957.12506655,249192549.08175755
6756,252994611.53759766,249081492.30739936,249082167.13217807,249080366.99651346,249004191.41676685
6757,249048896.96679688,250668051.1815248,250650777.8659432,250675223.5749735,252994611.53756964
6758,245596941.67700195,249449418.62039635,249368286.32533753,249388826.08156547,249048896.9667249
6759,250739214.70532227,247921388.33791512,247950612.99079695,247913195.00120217,245596941.6771077
6760,252107337.77197266,249581328.6869934,249650784.1176175,249639721.60551536,250739214.7053852
6761,255776158.80126953,250384034.85189986,250331028.93449113,250370040.2726999,252107337.77203405
6762,253958699.23706055,252084708.7360096,251990359.55422103,252044468.05199143,255776158.80122995
6763,251727927.07543945,251824003.590694,251664931.19690403,251719228.1695245,253958699.2370123
6764,251043618.09887695,251059003.23919126,250960743.6729159,250974290.70578593,251727927.0753297
6765,252762679.07836914,250706689.66432005,250662300.8642272,250661613.70074138,251043618.0988636
6766,251048493.69458008,251310828.5105488,251272508.34762567,251285899.9514116,252762679.07845795
6767,250571440.89257812,250730126.49113166,250663836.40287685,250678558.54957345,251048493.6946732
6768,248889086.5510254,250453759.10933593,250430306.69600755,250427236.72122037,250571440.89259145
6769,250719234.92358398,249697530.1718997,249690676.59001708,249679531.2517397,248889086.550952
6770,249766900.10668945,250244299.62407768,250262789.35408908,250257037.1565396,250719234.9234692
6771,247007768.00854492,249930078.24439007,249911849.34759402,249916912.34676063,249766900.10660785
6772,250284074.86938477,248749212.76166373,248766338.35437402,248743925.56215882,247007768.0085888
6773,251121143.8857422,249766864.28088897,249823040.12383655,249810639.6801144,250284074.8693252
6774,253793971.34155273,250209935.9520753,250184849.3032375,250206191.21225792,251121143.8857436
6775,249748125.95532227,251403956.4468364,251350817.57005015,251384126.274209,253793971.3415281
6776,243987758.6838379,250099743.84999073,250012423.28900242,250029626.51860705,249748125.9553406
6777,246349439.44067383,247631412.04505825,247667097.23457384,247614669.89655933,243987758.6839248
6778,248053455.86621094,247971897.2113869,248112798.21352956,248057408.50844827,246349439.4405825
6779,249049716.13916016,248505601.47565106,248574083.02275625,248565256.29437992,248053455.8662912
6780,250912051.80395508,248968122.9902143,248995177.87061888,248998865.38224578,249049716.139104
6781,253846116.26708984,249800190.61254156,249795364.908853,249811835.88632095,250912051.8040672
6782,248954100.76464844,251179615.78064942,251120659.603461,251161671.33700383,253846116.26718745
6783,249622233.09716797,249607228.168898,249515502.96739918,249532493.2546163,248954100.76459396
6784,247402291.91723633,249666666.0758508,249683360.99275777,249665610.93630165,249622233.0972214
6785,249395918.09301758,248746748.9369585,248755459.80306694,248741543.735611,247402291.91717207
6786,249977647.46411133,249324197.99614567,249371058.07081178,249357363.37952942,249395918.09293324
6787,252073304.6430664,249608648.79617634,249605101.87006605,249614611.20198363,249977647.46404573
6788,253398860.49316406,250517539.62992397,250492727.1073202,250513409.8375875,252073304.6430896
6789,253416086.18774414,251271012.3174168,251195721.46524447,251233463.90783843,253398860.49314645
6790,248369732.1599121,251523358.1913497,251424876.8482352,251460864.97690332,253416086.1877253
6791,249330450.0805664,249670159.62291133,249603440.14420846,249599497.29870623,248369732.1599393
6792,252717953.10107422,249720601.42903158,249759568.5784468,249732317.73404506,249330450.0806808
6793,252474979.7277832,251006757.87831917,251002456.36862472,251018993.55198377,252717953.10104427
6794,248805269.46240234,251155913.13863638,251081216.29482132,251113086.49711224,252474979.72766724
6795,250061931.48535156,249834560.3467641,249790974.99326578,249786313.52412507,248805269.46236387
6796,250669483.3269043,250098711.25984427,250128963.9178528,250111784.0532085,250061931.4852429
6797,252973549.17700195,250307784.50815526,250302411.90699086,250308164.12357554,250669483.326903
6798,250510549.70947266,251258396.72366872,251228371.01960632,251249692.68423092,252973549.17709708
6799,250393099.80737305,250519895.567485,250456345.9819189,250472022.00626105,250510549.70951557
6800,254838727.9741211,250362887.99372458,250355573.70757186,250348352.35466972,250393099.807352
6801,249864602.67236328,252106381.92572328,252076640.9010261,252104361.72111312,254838727.97423735
6802,254344293.55200195,250498457.84095,250401222.88216117,250421300.51504272,249864602.67241
6803,249866644.65283203,252048972.48686486,252041744.18474108,252048173.5671037,254344293.5519688
6804,245782519.4020996,250570812.60252193,250487359.75048512,250503919.4357407,249866644.65281045
6805,248669790.71679688,248681482.7564152,248722512.60163245,248673957.17105195,245782519.4022025
6806,249370001.5517578,249345485.88151297,249450273.58149543,249412946.19208196,248669790.7168118
6807,244876572.640625,249637665.1248086,249670112.55286282,249669884.60400563,249370001.5518161
6808,249967587.84716797,247871938.55292,247913636.13509226,247882581.879572,244876572.64052087
6809,252085576.18774414,249492484.21494558,249601024.2033321,249577570.76850417,249967587.84719804
6810,248264673.17114258,250533282.52602422,250511453.01543066,250545546.38765815,252085576.1877583
6811,248507686.95166016,249275232.16480502,249233430.04043803,249238959.45767182,248264673.1711402
6812,247718678.67163086,249176190.91719705,249216954.11383167,249194468.98856813,248507686.9515606
6813,250800559.24291992,248790715.7774836,248825307.0189557,248810697.21605372,247718678.67170292
6814,248251452.60302734,249886817.64778548,249920605.51018324,249922358.36508867,250800559.2430145
6815,246996519.1994629,249068853.2135013,249047861.83367434,249053375.48124593,248251452.60301816
6816,249733265.2163086,248434337.6296973,248477657.34690368,248451321.061562,246996519.19948792
6817,248089167.39648438,249352256.8738707,249403765.71796882,249396358.67958483,249733265.2162404
6818,250957252.00317383,248830052.96347058,248828961.9677862,248831091.87320024,248089167.39645064
6819,249897140.45996094,249882787.8271054,249903714.01018205,249907058.05179626,250957252.00323436
6820,247153606.41259766,249689895.23618698,249653448.2661358,249670152.84766933,249897140.45993605
6821,248498703.52612305,248613245.9920031,248618414.4054183,248601967.647123,247153606.4126985
6822,247813756.58764648,248918470.37051514,248974183.97604826,248954333.81460294,248498703.5260874
6823,250587247.73950195,248615601.75238335,248640964.73321855,248633717.38276562,247813756.5876932
6824,250702418.80615234,249631640.82348463,249656527.6231203,249660326.53684002,250587247.7395033
6825,245375307.3154297,249905447.81109947,249869912.7194489,249891717.11050522,250702418.8061232
6826,250656733.2697754,247913776.90849826,247909220.96816018,247887532.29600304,245375307.3154103
6827,251976676.14916992,249619489.21221158,249701331.5450162,249683172.89152128,250656733.26985872
6828,250974290.36157227,250411167.81064975,250365302.06317228,250402401.30158657,251976676.14923376
6829,249774184.2631836,250255737.0292654,250195622.22981176,250217151.95637158,250974290.36154065
6830,251236707.49072266,249804243.93986207,249773654.87799588,249775192.7859569,249774184.26326948
6831,253184136.36010742,250330008.81481713,250318575.4465187,250324167.2837828,251236707.4906979
6832,250637518.8059082,251213208.81517512,251159732.7644195,251189044.58330783,253184136.36005607
6833,249315377.55615234,250454014.11871752,250377148.74613366,250395125.74028486,250637518.80582917
6834,247952993.3317871,249847633.88241518,249837094.00862196,249824708.10898772,249315377.55618772
6835,248832217.90429688,249164925.2682795,249187800.3597063,249166957.58085015,247952993.33184177
6836,247519239.83691406,249312218.33049628,249357206.02689427,249340650.24367854,248832217.90440625
6837,247085939.00976562,248738300.65524575,248767782.2914399,248754216.6998711,247519239.8368108
6838,247338334.10913086,248389247.51980847,248446766.97911686,248422235.16677245,247085939.0096839
6839,249953139.35229492,248365012.75980887,248426173.2209093,248406660.94601429,247338334.10924944
6840,248471281.40429688,249349853.4261728,249389199.8104597,249391279.47088966,249953139.3523976
6841,243902490.45703125,248929479.4579068,248919084.54510948,248926085.01932386,248471281.404326
6842,249114809.3474121,247045764.75691923,247092895.7762742,247053730.72058713,243902490.4569705
6843,247408298.08154297,248695130.73153922,248809021.2329042,248783276.59456897,249114809.3473048
6844,250377668.2919922,248239534.23624882,248242332.01874363,248250773.65899622,247408298.0815465
6845,249482259.89501953,249365726.20329654,249395235.96348575,249398483.12014818,250377668.2919124
6846,249812771.87597656,249226002.32599595,249192700.95420572,249210647.6016154,249482259.8949713
6847,249498576.61157227,249399900.96703872,249388438.44733456,249393068.3254747,249812771.8758888
6848,246786016.9729004,249345574.47192353,249329639.4428364,249335297.70830685,249498576.6115824
6849,249401748.52954102,248249642.66227844,248254347.2580593,248239192.37430856,246786016.9729693
6850,247983523.11743164,249068718.31406197,249118308.7153417,249106466.86461052,249401748.52944615
6851,248959559.29858398,248584935.2458232,248580716.84220433,248583544.27056652,247983523.1174484
6852,251010130.36987305,248885231.80140203,248908261.79297107,248902075.95135278,248959559.29855973
6853,252780641.37304688,249767177.5887248,249756879.20766032,249773600.8700088,251010130.3699839
6854,252079620.3947754,250681767.5536084,250620941.489843,250656538.69492185,252780641.37300044
6855,247375164.71069336,250670533.0726466,250579221.09037602,250611244.82044747,252079620.3946884
6856,247906782.27685547,248928915.84842426,248884455.00277352,248873848.52714214,247375164.71073103
6857,248537069.03027344,248800067.1529821,248855216.0853925,248823037.52285507,247906782.27696756
6858,250377048.0270996,248907499.43353152,248940355.62812397,248931436.82169896,248537069.0302898
6859,251151562.0336914,249620951.8346231,249630416.7625289,249637666.08906582,250377048.02714503
6860,250323255.29541016,250073124.2361151,250038548.5156195,250059687.5171697,251151562.03357947
6861,245487253.2060547,249897637.72141102,249854794.6497992,249868150.2259629,250323255.2954205
6862,246594095.77172852,247969364.4923278,247971593.65712827,247945162.57914189,245487253.2061627
6863,245947180.38330078,247992507.7586964,248090918.08163866,248047711.39518106,246594095.7718376
6864,246293235.10351562,247619009.2330266,247689479.0022579,247665964.3617333,245947180.38335305
6865,245256545.28027344,247597745.96864107,247677904.11099878,247653178.8450963,246293235.10341877
6866,249335446.11791992,247119350.16855016,247193667.8819998,247168577.439856,245256545.2801655
6867,247352060.6381836,248578665.9447538,248650554.2765677,248646676.2888846,249335446.1178124
6868,250859680.8684082,248043167.83442938,248033922.22600868,248043655.61345288,247352060.63830355
6869,248854223.9284668,249400069.48825008,249420158.6916018,249428093.24768236,250859680.8683378
6870,246236823.27392578,248895377.83086348,248848461.59254965,248867100.70543948,248854223.92837244
6871,247302245.44482422,247843012.5901879,247859902.0044478,247838244.1183849,246236823.2740155
6872,248514762.2121582,248029515.08565077,248094808.30686927,248070937.18110642,247302245.44488463
6873,250236261.61157227,248468869.40128466,248499348.07807583,248498472.161737,248514762.2121931
6874,247764349.10205078,249263482.73029497,249260862.3893309,249275716.70885083,250236261.6116334
6875,250472893.2705078,248470307.33633584,248445612.19092888,248449755.68224928,247764349.10213265
6876,245831557.54296875,249424528.81173646,249440963.34270734,249442263.60298553,250472893.27053025
6877,246902215.75708008,247759398.90002528,247739403.4627664,247732548.9675475,245831557.5430452
6878,249024477.90429688,247875083.2819774,247952703.95375437,247919121.4612316,246902215.7570462
6879,243839259.0654297,248649188.26317808,248685195.4517756,248686960.81059194,249024477.9042141
6880,244921502.22973633,246699871.9766025,246717382.03584245,246695948.59401208,243839259.0653648
6881,247914762.32495117,246719354.2693427,246842641.03218883,246793980.34531417,244921502.2297685
6882,245962202.46704102,247781603.2940347,247855466.07586053,247850206.35782376,247914762.3248673
6883,250287040.07421875,247181302.55673915,247200918.50937402,247198597.26621658,245962202.4669616
6884,248747347.22143555,248801295.37240893,248841744.33416724,248847295.2314215,250287040.0742049
6885,246603448.36767578,248524120.6548829,248477392.70189515,248501575.072471,248747347.22141328
6886,245921713.68408203,247715226.65552172,247720123.4762872,247706839.52748975,246603448.3675985
6887,252078986.01000977,247296311.43375742,247350085.05512804,247324003.08915168,245921713.6840025
6888,248785631.86376953,249599847.5163468,249632737.44721505,249649758.2086431,252078986.01012585
6889,248469608.52246094,248750553.39906365,248667344.8769038,248699464.09121898,248785631.86379325
6890,249944920.15429688,248609517.16154867,248610280.4553781,248601119.23892155,248469608.5225496
6891,251632772.68847656,249164738.93477154,249160811.06834504,249167468.01685733,249944920.15419745
6892,251338703.06420898,249974845.1380517,249932633.7059943,249958915.38302648,251632772.68856743
6893,247378665.95654297,250077005.70112422,250003754.37367597,250031720.90198925,251338703.0643189
6894,250644940.68188477,248608421.49457029,248567420.9726893,248560836.97634476,247378665.9566376
6895,244066948.50073242,249630919.56052244,249659090.27450517,249651276.40359783,250644940.68178648
6896,247547897.69604492,247160593.4561381,247148524.41528317,247129200.91515094,244066948.50066012
6897,252019279.9350586,248049638.35142168,248164623.65482676,248123153.5051371,247547897.6961458
6898,251769798.89038086,249863788.43712455,249868770.28669775,249897937.28307697,252019279.93516165
6899,250967359.18286133,250168414.58427405,250083304.99712688,250125942.51661712,251769798.89028463
6900,248570869.0324707,250044965.63323918,249976819.600712,249996441.6755944,250967359.1829205
6901,249898952.98242188,249140190.64109817,249104272.38947296,249101599.7693111,248570869.0324891
6902,249066174.21069336,249487192.25819513,249496434.6041129,249490462.46116897,249898952.9823293
6903,252513284.33251953,249174903.07028005,249156536.8012427,249160396.1646144,249066174.2106349
6904,247000263.2060547,250502528.44770917,250486249.3665676,250504200.76114684,252513284.33255184
6905,250102957.7421875,248595947.72738397,248534760.54739675,248538338.5340296,247000263.20604867
6906,257468035.74438477,249499420.4900872,249545479.30290958,249527498.20889527,250102957.7420977
6907,249286764.35302734,252539236.01933888,252472165.5805029,252536157.2455883,257468035.74436763
6908,248255575.99487305,249980700.93044782,249805940.18843326,249847268.16215575,249286764.3530281
6909,255174476.35424805,249217903.43662763,249235708.53432396,249198653.19151023,248255575.99495825
6910,256612024.1845703,251755281.4123169,251749867.91767374,251775506.95110983,255174476.3543684
6911,254297054.06811523,252831291.00534195,252671094.0891456,252748364.96883398,256612024.18460563
6912,254223192.30200195,252319134.64764035,252153970.62573946,252199959.04819012,254297054.06809357
6913,250934933.11157227,252343046.3010401,252234615.5936631,252257657.59457895,254223192.3020763
6914,250582567.73046875,251114496.88373908,251028565.47722787,251034118.0902972,250934933.1115636
6915,246334213.91967773,250731909.32080102,250720530.59903312,250705748.94621116,250582567.7304838
6916,247936650.9975586,248906610.06760326,248922300.96884674,248890231.76135212,246334213.9196857
6917,253150243.76538086,249066163.8127203,249161537.7243123,249120938.49179152,247936650.99763075
6918,251530045.55810547,251014965.07043394,251038278.91705388,251057268.60680518,253150243.76542625
6919,251144514.9152832,250752480.96552762,250673007.4295177,250707586.10070455,251530045.55817097
6920,249333328.43896484,250647900.84539035,250611970.18336388,250617664.46511146,251144514.9152805
6921,253192745.90625,249930049.3394822,249911021.16860926,249905786.97204056,249333328.43891093
6922,251454694.8515625,251301409.4573481,251299884.93173155,251310641.77871615,253192745.90613168
6923,247694782.90429688,250881128.76105398,250805168.0473923,250831851.96829242,251454694.8516536
6924,243082810.43066406,249349801.5790723,249336100.1860566,249316239.55672154,247694782.90418828
6925,246146119.35888672,247188848.567726,247277807.27517256,247212845.82717067,243082810.430582
6926,247076073.8803711,247818806.86358595,247983333.3815449,247927888.99881786,246146119.35898572
6927,250295306.1982422,248097835.4682604,248179282.79582262,248166524.49689448,247076073.8804565
6928,249845737.01391602,249394784.51813078,249439001.04432696,249446419.04822233,250295306.19825077
6929,249117743.00439453,249494084.61536926,249471223.80104953,249490605.12428004,249845737.01399583
6930,251497007.3725586,249290962.004433,249284951.14239645,249285318.50916514,249117743.00440997
6931,250403839.60595703,250246551.94284397,250244678.9362358,250255824.18116325,251497007.37248892
6932,252935579.5871582,250014883.98692796,249967916.48065087,249986123.49869543,250403839.6059996
6933,252610714.6525879,251042047.46297443,251009840.6725173,251029230.6411562,252935579.58706424
6934,249664072.99487305,251176894.07812387,251092634.417051,251125205.312002,252610714.6526174
6935,247203023.35791016,250149091.7038418,250095783.38383025,250097635.58241028,249664072.9949886
6936,249345506.33740234,248973635.67249545,248997228.3009811,248966392.78822666,247203023.3579253
6937,251987301.49853516,249526280.1909788,249587395.33920717,249566940.38725048,249345506.3373767
6938,253410139.06225586,250609162.63418376,250605997.80245364,250624700.6535406,251987301.49851963
6939,247371779.65844727,251411646.42027652,251346678.42037824,251383619.99639744,253410139.06232
6940,246459051.0119629,249248302.8277769,249189459.64138213,249185253.3369022,247371779.65855423
6941,251736384.29638672,248476875.0412387,248553865.1769637,248504469.1224046,246459051.0119497
6942,249085595.53637695,250311359.41045,250372327.20072672,250372034.64097354,251736384.29640687
6943,246098140.49902344,249541925.22877836,249499931.70747682,249517010.3113562,249085595.5363932
6944,246085735.67016602,248288967.5022086,248326726.43302482,248293838.11208498,246098140.49896067
6945,245872028.91455078,247987940.7062773,248085531.31115952,248044480.28548017,246085735.67016265
6946,246045639.54296875,247712002.288668,247803983.81976536,247773622.3655033,245872028.9144785
6947,248368069.46777344,247627210.30503795,247718821.99951217,247691811.9367863,246045639.54307288
6948,249224292.6965332,248454684.16982517,248525313.03894228,248517195.53063017,248368069.46773323
6949,251099538.68896484,248940682.67555335,248955077.95683238,248965673.94274533,249224292.69641545
6950,244258885.45825195,249822538.44889542,249810261.74859527,249829824.32407075,251099538.6889153
6951,243239226.7565918,247347521.42653129,247334442.19770786,247315494.38666973,244258885.4582782
6952,244323121.3930664,246443194.35069013,246583250.0451825,246513025.29653957,243239226.7566665
6953,248038156.81176758,246549965.1603426,246694413.85303286,246649523.6953971,244323121.39309943
6954,249714075.13452148,247924356.31543365,248022278.02881956,248015518.82273257,248038156.8118228
6955,249090831.8840332,248781679.65338132,248786413.85407558,248809714.45713687,249714075.13454232
6956,246605167.54858398,248793719.92809853,248769169.47701567,248784824.15956655,249090831.88399017
6957,244721459.99780273,247913335.9384783,247919701.54164225,247908011.3535493,246605167.54850775
6958,242671897.70532227,246983472.50552508,247052717.53057966,247015850.3137425,244721459.99787244
6959,247111258.1225586,245883913.12968427,245998617.88277966,245947369.31884992,242671897.7053506
6960,247551483.57958984,247300939.2852977,247429895.1872267,247405315.19804555,247111258.12266615
6961,248920514.35058594,247644608.17864054,247668554.83253562,247680846.30997485,247551483.5796221
6962,249588028.65161133,248298823.41726086,248310367.36588153,248320540.77619094,248920514.35061425
6963,249873693.59960938,248735764.37278283,248714007.74729717,248732332.2764413,249588028.65171856
6964,247582593.3125,249032027.88728946,248998419.3907681,249015531.89851215,249873693.5995657
6965,253201050.35229492,248265520.97822082,248242457.91374326,248242022.89066318,247582593.31238607
6966,250948261.81445312,250368704.03790554,250366528.6925438,250387278.33015585,253201050.3523834
6967,249213316.40795898,249918277.24525014,249806941.35270208,249849882.36458713,250948261.8145321
6968,252711121.64672852,249270997.06999454,249227172.07669383,249226837.63868606,249213316.40790048
6969,252243968.87573242,250576718.01510218,250551830.02897,250569228.31246606,252711121.64683017
6970,252514965.96289062,250651569.75139493,250554303.503556,250592657.38600558,252243968.8756749
6971,249244011.62304688,250862612.54402536,250781379.4531706,250806286.47879732,252514965.9628287
6972,248067887.62451172,249670855.4580021,249603152.2408722,249607168.96774143,249244011.6231264
6973,245395390.82421875,249022806.61014512,249035983.33972868,249012309.1848912,248067887.62461564
6974,250999215.98242188,247769115.97438833,247818021.45688087,247781960.07240778,245395390.8242902
6975,255580774.12329102,249662216.52487618,249736204.5871542,249728412.16710365,250999215.9825306
6976,250465736.00927734,251780582.26751173,251704398.12828606,251767774.02441484,255580774.1232457
6977,248595531.78515625,250294515.9267922,250155473.6957504,250192561.91819555,250465736.0091569
6978,247341251.58398438,249412289.82493323,249402110.16495225,249380481.701325,248595531.78513125
6979,251402658.49658203,248691721.93996635,248722517.4125553,248696727.12977555,247341251.5839018
6980,248188629.88745117,250089786.11118975,250123615.97388333,250125334.84138992,251402658.49648404
6981,248691072.53735352,249029239.10341537,248989888.583619,248999488.21007508,248188629.88749605
6982,250116326.84277344,249036260.90788034,249067049.64380324,249049974.79077387,248691072.5374428
6983,248257523.52661133,249553964.92081562,249560461.474215,249565246.27896452,250116326.8426908
6984,248756360.25708008,248922663.59626982,248909279.10666543,248909170.9301708,248257523.5265367
6985,251954808.27246094,249006926.8006599,249032079.65962583,249020972.65277353,248756360.25698623
6986,251392857.41723633,250252766.17688152,250247318.1215203,250265733.6932406,251954808.27240407
6987,253216158.52441406,250270415.1273559,250198881.87130994,250229511.79418254,251392857.4171841
6988,253091593.27368164,251099671.90083504,251035847.47564176,251063407.8263884,253216158.5242984
6989,252401305.0185547,251304117.7256414,251205186.0951035,251241138.10989457,253091593.2736625
6990,251208620.70654297,251145315.32494807,251058158.86380425,251080739.66056904,252401305.0184676
6991,250265985.8400879,250697339.6156128,250633957.3707386,250643073.03538284,251208620.70659316
6992,247451131.01220703,250264387.30287516,250233727.59623164,250231259.88628116,250265985.8401112
6993,251299016.04785156,249044058.15888137,249048515.3502194,249026731.79240218,247451131.01230615
6994,254673871.0432129,250280318.45397273,250323026.19688505,250315134.4733555,251299016.04782295
6995,245867416.90112305,251813350.39772487,251751450.13838568,251797175.85190016,254673871.04319096
6996,249030197.9321289,248689275.02834287,248607369.91684568,248603064.2946142,245867416.90120745
6997,251682822.8330078,249371066.99558917,249466486.9655253,249422192.43507585,249030197.93224576
6998,251932549.9802246,250389233.8841746,250388454.45648745,250407057.41601557,251682822.83309144
6999,249799408.4104004,250710435.28006846,250655816.88799557,250682764.55252188,251932549.98031265
7000,253586920.8305664,250012281.5218243,249967867.27196372,249972952.4511775,249799408.41037115
7001,252128312.4650879,251434151.08422017,251417801.74678665,251432998.46093884,253586920.8306358
7002,248524036.53857422,251149114.1373044,251058469.7870717,251090865.95865813,252128312.46508905
7003,250400106.51635742,249736372.9851268,249703246.9173529,249691411.2749884,248524036.53864348
7004,251761463.99316406,250186077.78679785,250218811.77824992,250202774.6384415,250400106.51643297
7005,249575149.2265625,250749981.4736451,250730890.2429746,250746082.26722002,251761463.99310893
7006,252937762.84521484,250012859.65020964,249978690.67114505,249982329.96640128,249575149.22645897
7007,255424327.55664062,251255517.1432145,251253793.55304688,251262320.72789347,252937762.8452521
7008,252100792.1994629,252493565.45903414,252404690.25314805,252453780.72379953,255424327.55652863
7009,247932606.8942871,251533014.5151995,251416032.24526268,251445122.8546578,252100792.19958425
7010,250219049.7307129,249787970.4944723,249770649.34588188,249743887.9124954,247932606.89427644
7011,252944281.81054688,250303808.0387015,250360758.55891714,250335433.83536243,250219049.73068467
7012,253889548.93798828,251380750.79551286,251367121.57604402,251387495.69102365,252944281.81046897
7013,254246780.88183594,252003362.93286398,251930301.8865178,251966455.03650486,253889548.9379147
7014,251976894.8256836,252334072.89661008,252242674.62995908,252276219.64017287,254246780.8819101
7015,248979024.17651367,251582341.23994005,251498405.4279084,251513458.79749742,251976894.825646
7016,248822545.6081543,250301150.34613338,250285525.51883143,250265852.0099576,248979024.17647493
7017,249173946.77905273,249922351.2562766,249968715.22535396,249939267.7703529,248822545.60818452
7018,251794734.83154297,249872601.05737266,249914865.59203768,249899102.6534273,249173946.7791676
7019,256124249.9831543,250814894.66393164,250832092.48132524,250838724.63277608,251794734.83151013
7020,256583354.57861328,252711966.97072685,252648987.45081565,252697739.8601593,256124249.98318875
7021,254212276.63549805,253373083.91598257,253218960.590845,253284241.8888508,256583354.57863268
7022,253148118.24853516,252771658.78324044,252631209.19423366,252665806.7568508,254212276.6354041
7023,251626221.5102539,252346016.37938157,252268431.73673627,252277309.23253074,253148118.24845856
7024,252297970.85864258,251642811.78241664,251595161.33540326,251593973.28970048,251626221.51026788
7025,251608927.95996094,251750140.0959823,251731776.53734127,251730322.03318092,252297970.85869268
7026,257548103.1052246,251461837.90042594,251430597.14890018,251434524.88247028,251608927.95986548
7027,255714111.95483398,253773125.774542,253727299.33275372,253764674.71618378,257548103.1051313
7028,254246710.00585938,253526218.841002,253362378.83619502,253421975.3843083,255714111.95474863
7029,251946714.47680664,253060393.87324718,252955166.55459505,252973787.12159544,254246710.0058466
7030,252900577.9909668,252113343.34637818,252053174.6158558,252051358.61289003,251946714.47684413
7031,252688378.57592773,252285084.01684833,252269183.3255995,252265002.7206351,252900577.9910021
7032,251004172.8803711,252193828.8469596,252156068.4374552,252164342.1953444,252688378.5759428
7033,250514507.27270508,251503824.92726544,251481416.96597025,251476140.46773633,251004172.88025165
7034,251006356.3173828,251132356.69996712,251146760.1862533,251130784.77783105,250514507.2726964
7035,251117057.69702148,251188365.67846277,251206839.66945696,251198371.19137985,251006356.31729165
7036,249564082.82250977,251176817.7208262,251181021.20153356,251179647.18422627,251117057.6971081
7037,248830791.4399414,250517036.76247716,250525300.60579878,250514466.48701817,249564082.82239407
7038,250960797.27392578,250047620.40266192,250090653.9024733,250067337.30303606,248830791.43987924
7039,253853541.94433594,250723346.35066482,250766242.39695662,250758952.72787458,250960797.273965
7040,250952397.1328125,251955374.36360827,251933358.1148724,251960196.70561537,253853541.94422507
7041,251815035.72680664,251108556.60519543,251042826.18943796,251060302.4361721,250952397.13291267
7042,251215738.7758789,251349510.1971572,251346936.7891997,251343188.4912655,251815035.72670865
7043,250829826.15551758,251110192.51443326,251086670.80072033,251091485.50145534,251215738.7759935
7044,252540719.93066406,250945344.0191262,250939477.3304683,250935965.1050163,250829826.15545556
7045,254212448.27563477,251586247.02985868,251579116.22409883,251586690.05614644,252540719.93068463
7046,251105725.3864746,252372995.42072168,252320040.4667501,252349050.9616286,254212448.27566352
7047,254095300.5649414,251343681.3125714,251273824.52111068,251285775.05116948,251105725.3863892
7048,250425084.18310547,252394014.1773282,252379233.77352077,252386715.5503214,254095300.56497443
7049,248745214.30664062,251117675.2452668,251055130.8008364,251064240.3743771,250425084.18315992
7050,256878796.32348633,250216034.46920702,250245024.56416768,250213803.45944676,248745214.30667663
7051,250934426.21850586,253209557.53627902,253225989.60079178,253250264.15324154,256878796.32354724
7052,251434036.47070312,251426436.02392054,251298614.23120415,251335640.58899286,250934426.21862775
7053,255463875.4729004,251390530.64011678,251398508.4825189,251379377.3248596,251434036.4706241
7054,248299482.4501953,252955508.30859724,252924193.845738,252950919.04328504,255463875.47297764
7055,246208712.2578125,250429155.4678719,250352040.164419,250353838.15916547,248299482.45023665
7056,249498738.95239258,249107084.52676326,249199076.6558732,249135303.22958255,246208712.2578196
7057,249492492.3474121,249976575.0697845,250082647.83529684,250052862.6148696,249498738.95229572
7058,250056056.36401367,250028151.78460997,250058074.86165285,250057611.05247506,249492492.3475155
7059,250114524.8815918,250246818.80197906,250275058.76668406,250270648.17486638,250056056.36405745
7060,251941409.2133789,250291585.84458202,250304595.90815037,250304055.15585455,250114524.88159376
7061,253411931.05517578,251017777.05670702,251019144.34460628,251028945.69120485,251941409.2133929
7062,248949835.04541016,251749879.39093548,251703557.1620441,251732029.77522635,253411931.05524144
7063,250294783.83813477,250182036.7289502,250130954.6757548,250131350.5852258,248949835.045305
7064,250744482.7788086,250454304.0187656,250495054.83493048,250473220.588957,250294783.8381988
7065,255280173.03857422,250630539.21695307,250634391.49645638,250636858.4652834,250744482.77869487
7066,250735789.88916016,252478305.8366676,252450473.58864912,252481700.3643584,255280173.0386782
7067,249057811.11499023,251095067.9277969,250995947.12390828,251020852.65656808,250735789.88919508
7068,248606745.71191406,250233770.15280548,250248162.2333636,250221261.82405102,249057811.11507803
7069,249937267.07421875,249804747.01653412,249850443.56574264,249825146.03488892,248606745.71200344
7070,250044296.13793945,250156035.26939455,250200578.8294832,250189095.88764122,249937267.0742905
7071,249880943.29101562,250203787.1198067,250215863.81965512,250216221.14760527,250044296.1378503
7072,249128359.4567871,250141679.75660932,250152570.4401174,250149233.06360868,249880943.29102388
7073,251219328.46606445,249818142.0569598,249834518.4887856,249825345.59145027,249128359.456844
7074,251101008.60253906,250579244.6742115,250600375.7482936,250601641.02485052,251219328.4659643
7075,250738214.5192871,250641562.99929717,250615518.4886157,250630420.23535857,251101008.60264537
7076,249343021.7084961,250534021.2254541,250514524.1588731,250519564.84086493,250738214.51938784
7077,252498926.19580078,249964617.10035953,249959443.41424072,249952951.50084615,249343021.70854336
7078,248090772.67382812,251101159.68327457,251108803.65795553,251116031.52464366,252498926.1957835
7079,248322594.95166016,249555558.67939773,249517057.24784893,249517860.9333257,248090772.6739406
7080,248385266.27905273,249355550.3471348,249413818.83901736,249382158.9514002,248322594.95160636
7081,252337338.75195312,249251803.7110529,249297160.2676706,249281876.48420405,248385266.2791505
7082,249088306.57617188,250749968.85891277,250771685.18253386,250783785.74117237,252337338.7519896
7083,248041588.36816406,249752028.20754534,249705232.21876,249718633.67527187,249088306.57612088
7084,247569638.23999023,249191104.6254074,249224421.99065852,249199885.84754497,248041588.36819443
7085,242552810.05688477,248845481.57482126,248898478.86364987,248874835.17744467,247569638.23989555
7086,246149394.68041992,246720349.2390509,246807426.6845941,246754226.1497312,242552810.05688813
7087,248761802.9182129,247614492.40169603,247785952.7547826,247733216.4497995,246149394.68034023
7088,248597822.62939453,248640925.80345353,248708442.17545927,248712148.96942174,248761802.918124
7089,248312626.92578125,248769766.83502474,248783488.03289577,248791907.29942974,248597822.6292991
7090,251539390.79956055,248721065.30629855,248741019.11186332,248737595.33032772,248312626.9258155
7091,248718717.1628418,250016132.0215137,250024209.57126188,250038827.4434474,251539390.7996104
7092,251396252.52978516,249193114.59256184,249147611.21675736,249161459.0417288,248718717.16295663
7093,250179068.13061523,250167287.66338396,250174003.925291,250177866.10824108,251396252.5298148
7094,252836025.06958008,249871562.0216954,249823621.1076922,249841652.26317886,250179068.1306193
7095,248730334.9152832,250943202.27113247,250913632.03486836,250932755.4213339,252836025.0695541
7096,250359319.8671875,249545325.9396249,249480120.7582834,249489294.24996287,248730334.91533265
7097,246616863.89453125,249976575.7298959,249995211.870988,249982905.79233235,250359319.8670942
7098,251668947.52905273,248554022.3029012,248554920.49770126,248540348.15699494,246616863.8946429
7099,252291837.95532227,250216429.30521974,250270541.84443218,250264346.05711856,251668947.5289777
7100,248970040.72924805,250747087.59275627,250683171.37741104,250721789.59697205,252291837.9552666
7101,248107352.82617188,249622164.08799434,249571303.7291275,249575936.84360957,248970040.72920665
7102,247905432.7084961,249062299.02768105,249087033.45192298,249063786.6003526,248107352.8260704
7103,248710372.64111328,248822093.7758315,248861821.00161648,248842907.27518177,247905432.7084905
7104,247492903.88842773,249052051.2756174,249090785.16605026,249080685.0518051,248710372.64118516
7105,251852140.54370117,248568173.17812592,248594078.0574895,248582939.4836981,247492903.8884811
7106,252706535.26879883,250186989.73415917,250215423.07272595,250224093.41038594,251852140.54379684
7107,252712635.1760254,250847744.51805022,250775905.0127361,250817755.88708484,252706535.2687041
7108,254149148.8088379,251099784.96987784,251017187.51710278,251048415.31684706,252712635.1760617
7109,249457335.72851562,251820412.4046424,251734477.6746808,251768776.0247972,254149148.80882588
7110,246591373.1142578,250166420.5818257,250077306.45381936,250086098.99714714,249457335.72854623
7111,251014953.58740234,248762324.6657693,248794247.3710268,248752566.41604868,246591373.1143446
7112,249538870.5180664,250143704.5898605,250206789.04042274,250193855.1235265,251014953.5873152
7113,251577673.43823242,249743578.89256883,249715666.86584562,249729928.78880414,249538870.51811308
7114,250992981.41333008,250472118.8335079,250468276.01725513,250475219.53367442,251577673.43821612
7115,248866090.89575195,250387661.33862385,250340490.824443,250358625.93879712,250992981.4134121
7116,252449810.90551758,249573820.92397466,249554093.6405285,249548034.11674422,248866090.89575085
7117,251501410.21020508,250844117.31374085,250850900.65253416,250857419.1278524,252449810.90542296
7118,252716323.97387695,250703215.89291015,250636032.3122682,250662848.18770143,251501410.210306
7119,252990239.09399414,251227512.77670932,251180313.5620561,251197821.6713002,252716323.9739939
7120,248546637.50341797,251481671.32043958,251407015.64037928,251434076.56241497,252990239.0939187
7121,246800337.32006836,249833915.769377,249781521.48368487,249776206.90112758,248546637.50333112
7122,241741082.8720703,248810770.3031163,248864032.12169096,248821700.5836443,246800337.3201609
7123,245527696.86938477,246464838.87936142,246574798.13520643,246506369.5915033,241741082.87198943
7124,245369975.13671875,247316815.9322164,247507183.19790304,247446326.79937252,245527696.86945885
7125,250575423.57885742,247211063.50245115,247308364.1122207,247289387.49128237,245369975.1367021
7126,250707238.23657227,249168805.2900686,249239693.3520197,249245842.45098716,250575423.57875264
7127,249706742.39575195,249611756.06186673,249566785.58808357,249603064.4542031,250707238.23665863
7128,245594429.50976562,249420654.48844224,249384946.52567154,249396969.1227094,249706742.39580056
7129,252702701.9020996,247823754.281147,247833722.60666353,247810186.38440907,245594429.50974336
7130,248724603.78808594,250296759.96151036,250355508.68781444,250357403.1104074,252702701.90201607
7131,251329667.20361328,249165574.11614567,249087848.09717274,249116635.51406762,248724603.78810596
7132,249715368.90454102,250083965.76914492,250089000.93587452,250089649.08444765,251329667.20367223
7133,246699007.23657227,249623760.58851942,249576447.96391132,249591059.03682008,249715368.9045326
7134,249585542.28271484,248415355.91914406,248425550.28592244,248402838.23441178,246699007.23663613
7135,249316232.52783203,249301914.2164192,249360182.8796804,249344488.20401964,249585542.2826353
7136,250201904.71875,249303666.70514172,249297078.19013414,249306273.3589254,249316232.52783537
7137,247777649.84106445,249681063.70379287,249678739.2899028,249684063.10370797,250201904.7188478
7138,245101029.2524414,248817536.77102867,248809609.0994694,248804344.13422737,247777649.841084
7139,248595088.84423828,247571070.36128768,247629451.74909496,247590635.26814786,245101029.2523224
7140,246676570.15576172,248642590.6635212,248735598.62411168,248713486.08971593,248595088.84423485
7141,246245799.49316406,247991051.7733275,248012713.29966223,248008547.01690567,246676570.15571967
7142,251094289.42822266,247691353.2017111,247759572.76436523,247732901.9265985,246245799.49307007
7143,247154138.43139648,249485285.1410796,249530593.27863163,249539437.407354,251094289.4282216
7144,245811772.7150879,248279356.17489538,248241163.53344533,248252908.29930124,247154138.4314496
7145,246264543.9711914,247564913.047309,247623425.7867769,247588747.28703666,245811772.71508023
7146,248837243.85107422,247564056.36295608,247643739.73732632,247616733.21731612,246264543.97109136
7147,246101201.9597168,248502161.84996986,248555186.10412696,248553582.4982653,248837243.85118967
7148,248318390.58032227,247564350.62594438,247574760.51107857,247569632.25785458,246101201.95972103
7149,250204814.68701172,248282291.5238232,248341811.58548948,248327763.63161018,248318390.58043623
7150,253778286.74438477,249148756.232496,249146434.11670756,249164926.2672007,250204814.68703565
7151,254682754.93847656,250802450.24648207,250745088.43965852,250789238.8442506,253778286.74431565
7152,249342481.75830078,251614383.7021275,251480445.1995676,251540986.40756112,254682754.9384961
7153,249169947.95996094,249852490.66071978,249738438.17229465,249753576.26551434,249342481.7582145
7154,251079939.4494629,249526605.24981466,249533598.0616919,249511495.65257004,249169947.9599474
7155,252230931.1730957,250160333.01549608,250155585.371836,250161310.6216139,251079939.4493988
7156,250623811.77514648,250722372.64165416,250671842.8687274,250697785.6904566,252230931.17320055
7157,244657243.88916016,250220551.49717453,250156466.4936571,250172124.66168752,250623811.77512637
7158,250306893.9038086,247795002.3719696,247799200.85904425,247762658.61911723,244657243.88904345
7159,252653470.03515625,249520690.47334036,249621657.69645002,249594319.38855746,250306893.90388125
7160,249746559.8269043,250658577.1038712,250615805.48868746,250656091.52477193,252653470.035164
7161,247870682.57641602,249805267.13527316,249735445.8392053,249753465.15023497,249746559.82684815
7162,248211602.14526367,248955362.78871262,248961198.91213396,248941595.21569636,247870682.57650843
7163,246680596.0961914,248879130.77091384,248918940.54159924,248899565.85638848,248211602.1452075
7164,245749462.40698242,248198545.98517624,248236637.5987793,248217024.40166673,246680596.0962793
7165,249642806.64794922,247620165.0987662,247693442.0134627,247660822.34984067,245749462.407086
7166,244594002.48461914,248962599.8926024,249029644.88444158,249024367.39309162,249642806.64796665
7167,243937782.05371094,247154609.50261232,247161029.12872556,247149687.2801692,244594002.48469228
7168,251493802.6213379,246510150.1637721,246629692.3712963,246575311.346112,243937782.05378112
7169,250419103.68432617,249257909.9498876,249341443.53045174,249349258.91444662,251493802.62140855
7170,250872176.60668945,249339264.46915603,249263212.11690155,249309288.68784797,250419103.68422213
7171,252770544.31103516,249716375.22269925,249673487.95930123,249690803.8598563,250872176.60679471
7172,244234414.36523438,250635699.05607262,250573812.351142,250604916.4146386,252770544.31097892
7173,249819241.32617188,247529161.57054138,247477639.92188072,247460035.2792839,244234414.3651717
7174,251426855.58251953,249147001.2031918,249252682.18697923,249217309.89996153,249819241.32626408
7175,255397521.47216797,249970686.19300094,249936457.75967148,249970084.12491792,251426855.5824201
7176,252446718.36157227,251773131.92878327,251690226.69699872,251742072.66203815,255397521.4720931
7177,251558777.6862793,251114950.90652862,250969236.1692618,251015723.48072803,252446718.36163253
7178,250590594.39526367,250764598.18099034,250695308.6881402,250703043.48977628,251558777.68630943
7179,252965939.31225586,250358140.00263795,250313572.83931065,250316587.57335687,250590594.3953721
7180,254208445.87573242,251211917.68413755,251176797.73735207,251192306.04858333,252965939.3121883
7181,253672866.97216797,251881094.55846298,251788176.67119864,251827827.2834675,254208445.87572357
7182,251784371.51782227,251901733.08832723,251791735.14180216,251826136.5967655,253672866.9721661
7183,254551108.50610352,251237774.82028073,251153847.88383576,251166889.7518393,251784371.5179306
7184,252571875.37841797,252245233.452735,252189613.20176718,252210126.25294033,254551108.50621805
7185,252426048.2607422,251662481.03040344,251557929.36223716,251585997.43927532,252571875.37847948
7186,252278404.47851562,251553846.75235316,251498082.14387533,251504883.43059546,252426048.2607824
7187,250929885.88061523,251495935.191712,251444451.15176225,251454856.33391812,252278404.4785085
7188,250087068.90478516,250940671.88988644,250900548.7203903,250901988.9662647,250929885.88066056
7189,250320754.52124023,250489731.92689335,250482887.5932938,250472586.42657176,250087068.9047424
7190,251371008.1027832,250461272.47639295,250470391.34192893,250462482.89970306,250320754.5212481
7191,248884234.62939453,250801244.62310356,250796617.65977764,250800995.70678,251371008.10283208
7192,251516785.04516602,249865219.56068474,249850597.39812216,249844966.44176006,248884234.6294832
7193,252525660.19873047,250725051.40323877,250750341.2820021,250745268.0563261,251516785.0452808
7194,250457078.04077148,251267052.02661055,251227501.9269395,251251624.3312388,252525660.1987703
7195,247515728.65551758,250587701.22053856,250540755.36804897,250548639.57231072,250457078.04085213
7196,249142107.42407227,249332319.3560657,249347705.46967545,249320909.6621901,247515728.65563047
7197,255218894.02954102,249678270.40102085,249744707.52956516,249719225.60099033,249142107.42399973
7198,255398797.14648438,252076458.19359848,252070341.6794587,252104740.45647085,255218894.02944908
7199,253948239.90063477,252645898.79477462,252510437.10318452,252575139.3027519,255398797.1464476
