idx,truth,norros_f,linearP_f,farima_f,persist
5808,247877827.74121094,248099249.70449486,248105983.400432,248126207.63091326,248679293.1855598
5809,248250458.48779297,247689653.33269048,247607458.11051714,247660349.06360677,247877827.7411602
5810,245795164.36889648,247858514.71666047,247831444.53707257,247862823.9014193,248250458.48778608
5811,242313058.9248047,246402879.53748158,246329646.18800104,246337125.5023881,245795164.36887297
5812,249487352.80419922,244068452.0782113,244089588.65400478,243990824.33261743,242313058.924844
5813,248108676.7121582,247914527.53756773,248146843.2371084,248133755.23571327,249487352.8042417
5814,246026842.48217773,247522539.41761804,247340815.0984604,247471626.6154966,248108676.71214965
5815,250379111.1682129,246316896.20459238,246242649.5559865,246237323.76836124,246026842.482278
5816,250140790.75268555,248813305.99040294,248879621.7676174,248925639.2786662,250379111.16827676
5817,251401933.10229492,248979798.89803097,248801167.0898536,248936909.0206601,250140790.7526773
5818,248510242.58203125,249911897.86388814,249804556.7715378,249908256.63801163,251401933.10228005
5819,247999212.72680664,248406947.46270928,248215213.78769964,248293076.343061,248510242.582096
5820,244905965.33203125,247977685.63661003,247951442.75846687,247952445.56549144,247999212.72679967
5821,245826949.26489258,246037447.506405,245992240.75356305,245963414.0716834,244905965.33206552
5822,243797772.8996582,246215780.47765827,246326679.1621556,246261798.70327488,245826949.2648669
5823,248667855.36889648,244915921.31107962,244928390.7292969,244882998.73798764,243797772.89968932
5824,245990907.7084961,247572707.94368973,247732192.5039632,247723586.58082694,248667855.3688489
5825,248388136.3203125,246288960.36156973,246149179.18651375,246208267.16685805,245990907.70845303
5826,248719219.56640625,247638701.17188635,247703325.8543508,247703675.1740142,248388136.3203045
5827,244758180.31396484,248001768.34063405,247921694.72090825,247997457.68168268,248719219.5664093
5828,245190122.97851562,245751509.23406062,245644080.96815655,245630312.59057978,244758180.3139683
5829,243231325.5847168,245754880.6411694,245863092.46524116,245784978.9602894,245190122.9784144
5830,249660388.65039062,244496947.03425378,244535189.07695544,244475962.8002563,243231325.5846402
5831,251300493.0427246,248054354.61690822,248239786.80157432,248247468.66736054,249660388.65035895
5832,256057528.07226562,249519026.17096445,249370578.66885105,249544299.87376624,251300493.04276508
5833,252610189.68798828,252717553.26358002,252583449.1580655,252792094.14108765,256057528.07219324
5834,251128121.98876953,251329297.61007285,250950664.78616664,251164118.11100277,252610189.68808183
5835,256322005.46435547,250493034.69557747,250341953.08481202,250407072.05982035,251128121.98868775
5836,256487641.36401367,253542014.55117404,253497595.06528437,253648721.17788136,256322005.4642743
5837,250382951.58764648,254147920.6160347,253837881.34241202,254092018.87000018,256487641.3640768
5838,246097313.56518555,250856725.53645834,250557756.21490362,250656098.06176215,250382951.5875759
5839,246861244.71313477,247902535.91006646,247890487.18399492,247802395.3113672,246097313.5652439
5840,249176938.11132812,247816175.89149,247983026.69991624,247894482.2996164,246861244.71308807
5841,251603113.37036133,248985024.96578652,249085971.63577494,249098499.20967516,249176938.1112781
5842,248001706.38232422,250532777.38962805,250534568.07114416,250627509.56259143,251603113.3703118
5843,246130867.24902344,248619371.49326497,248479494.79122335,248534382.35381427,248001706.3823216
5844,246582247.91552734,247292247.49711025,247340610.7270071,247275620.6434819,246130867.24913505
5845,248330903.6105957,247310884.98083806,247430417.30877462,247380514.16447854,246582247.91563407
5846,252148363.6616211,248218279.97825116,248303150.89722776,248311326.65734714,248330903.6106057
5847,251265621.26049805,250586532.58073163,250612337.19165224,250713691.1282067,252148363.6615412
5848,247044090.91137695,250427186.24858996,250260797.54602498,250396299.5129145,251265621.2605598
5849,245944851.30004883,248025937.4072845,247906603.180185,247913820.8613622,247044090.91142315
5850,248071711.13378906,247079864.9026698,247168768.38731712,247091473.92436725,245944851.29998884
5851,247987184.0361328,248091286.44129184,248215848.1159765,248199031.31505126,248071711.1338372
5852,253371876.2524414,248091892.0828338,248091290.33925307,248125848.1985428,247987184.03609475
5853,255362991.4807129,251294848.46944353,251356416.919269,251457932.69771856,253371876.25235677
5854,253112676.10620117,252965652.95298612,252763934.060785,252993809.0196234,255362991.48074704
5855,250472262.31933594,252068850.6218144,251804804.21416038,251970229.19239184,253112676.10629693
5856,256340305.58496094,250532559.33472842,250391074.1334684,250445108.67597848,250472262.3192938
5857,252423009.63964844,253857328.7740092,253894810.61938408,254015745.0565783,256340305.58487847
5858,251399753.4350586,251983403.25530714,251672141.21921408,251854417.72297716,252423009.63969684
5859,249805146.1447754,251256750.7614218,251193857.28595865,251222321.5364242,251399753.43507105
5860,250569528.6591797,250243978.86213565,250198758.8289059,250226149.35188153,249805146.14476943
5861,252812379.83569336,250494060.85258242,250531589.4358734,250550753.68160975,250569528.65921813
5862,250693497.93432617,251800393.96324688,251797284.77843085,251885808.08221543,252812379.8355773
5863,250130685.61865234,250752438.35442594,250626161.04435942,250714159.70838928,250693497.9343705
5864,244603684.8232422,250304838.48311228,250300578.57537073,250318432.46370152,250130685.61857927
5865,245358910.12475586,246906570.6865477,246866633.9112914,246807012.18845585,244603684.8231552
5866,244781077.3005371,246765129.17249626,247002675.000005,246864405.3614852,245358910.12473983
5867,243028692.51000977,246184506.75172624,246317934.1797732,246248681.4933924,244781077.3004803
5868,244009609.62646484,244911183.1719459,245049224.74667767,244938645.026873,243028692.50989807
5869,244000520.3317871,245204271.2881808,245421881.6333578,245310917.4517098,244009609.6265288
5870,244791737.42285156,245098641.361552,245233320.95963985,245164541.20765093,244000520.33188784
5871,246769591.1052246,245516449.2547682,245661388.6475185,245602147.94547758,244791737.42296827
5872,249674178.37036133,246680103.02118018,246787335.03672573,246778638.72012874,246769591.10511324
5873,246960312.63208008,248590763.82450527,248624933.6013805,248693850.24430197,249674178.3703028
5874,245718192.2133789,247303954.44386765,247184970.9694969,247238986.72347477,246960312.63201717
5875,245849656.02172852,246460659.05982316,246496464.85194835,246446880.6906685,245718192.21345413
5876,246188519.4880371,246414505.16785204,246497299.76221615,246454345.49762174,245849656.02177727
5877,243338645.703125,246566478.17636412,246632706.92028716,246609824.31089148,246188519.4879433
5878,246576733.64257812,244912404.3466553,244942547.6690114,244882021.16854152,243338645.70313653
5879,246193059.1201172,246578624.70283374,246780141.51815757,246722940.14273846,246576733.64254788
5880,248044715.1628418,246516364.6602384,246522217.72003317,246551656.7200614,246193059.1202172
5881,246502361.28710938,247602675.61244786,247665294.96298736,247683402.93338442,248044715.162916
5882,244834555.8161621,246847036.60464954,246792059.44170243,246823073.00820974,246502361.2871209
5883,246332507.00024414,245816453.6461146,245848433.8902588,245806214.3521246,244834555.8162173
5884,246795515.91601562,246506559.48737726,246621766.4864582,246591974.88516223,246332507.00017288
5885,246134970.9440918,246770673.73440954,246790218.08652502,246810383.70607832,246795515.9160965
5886,244303014.85083008,246405268.31807342,246402405.19603425,246403188.7788718,246134970.9440019
5887,247763969.40039062,245289459.62668875,245308698.38590014,245263809.89327845,244303014.8509197
5888,247685607.28149414,247185717.3216586,247322698.74261796,247311106.22495785,247763969.40043837
5889,248058999.66870117,247367243.4694037,247310650.54641622,247380658.15529925,247685607.2815745
5890,243889904.4934082,247653492.08087382,247631784.7201306,247667578.06114727,248058999.668664
5891,249514749.5690918,245246950.57517323,245170652.967859,245143730.9092114,243889904.49336237
5892,247469636.47631836,248284731.66829467,248477404.69848186,248462885.27721623,249514749.5691781
5893,248382084.05786133,247442394.98390654,247292725.8186771,247390394.0900089,247469636.47641587
5894,245250279.14379883,247986031.0769532,248004675.86558804,248021561.7541872,248382084.05780917
5895,245099194.30639648,246186473.6962397,246113881.00411814,246117291.52738786,245250279.1437728
5896,246537996.5769043,245826437.62666565,245921464.0042396,245852521.54142863,245099194.3064264
5897,249398159.2331543,246559038.7423967,246642838.8241341,246629843.95229298,246537996.57697165
5898,246524371.51782227,248346650.73615897,248380243.4219946,248443060.91317314,249398159.2330465
5899,249625641.87280273,246922726.51237792,246794680.30953652,246847306.0382242,246524371.5177985
5900,250871118.8371582,248684853.28349885,248762092.80836847,248785791.52091312,249625641.8727244
5901,244051436.7385254,249664886.40078428,249571885.2612755,249701382.3762758,250871118.8372745
5902,244929065.16137695,245800758.6354133,245617474.87337935,245618922.93495432,244051436.73843485
5903,246142137.02929688,245807184.1326328,245989182.30887523,245870059.66485438,244929065.16143283
5904,249419684.68237305,246401459.53958938,246492224.02650395,246485016.84006912,246142137.0292473
5905,248585664.3022461,248327026.63737133,248380281.23996824,248440351.5863644,249419684.6824816
5906,251264668.83374023,248105267.0809935,247986565.55321848,248081421.8869127,248585664.3022453
5907,247203287.71728516,249755324.16601878,249730541.68035296,249817461.2281293,251264668.8337081
5908,243876510.68896484,247628375.10002974,247428767.76394153,247503199.35041705,247203287.7172605
5909,245260026.98706055,245428738.58055016,245441922.3448051,245357983.08939627,243876510.689066
5910,250527517.71240234,245828168.7393716,245983571.65394557,245907215.8706937,245260026.98716456
5911,249561020.0715332,248876412.81708264,248971735.3298899,249043452.86399186,250527517.71235308
5912,248814844.02661133,248686459.13441443,248503841.2609162,248639239.5049952,249561020.0716101
5913,246359509.3544922,248365933.0201532,248275669.52193707,248325093.51745418,248814844.0265004
5914,247278441.1459961,246909022.38322428,246833660.57795033,246836164.01255387,246359509.35442632
5915,245884646.51123047,247247484.60995412,247303770.83507198,247281417.48803142,247278441.1459597
5916,250142408.6796875,246419360.26933038,246396977.534885,246394828.36048132,245884646.5111328
5917,248111369.2067871,248827949.68004018,248920083.65967128,248954235.57748443,250142408.67959505
5918,246684683.44335938,247949414.8707387,247792396.4015157,247885160.5388438,248111369.2067811
5919,252749758.72314453,247081667.6147716,247058001.66290668,247045532.18818393,246684683.4433618
5920,247968667.43969727,250580546.18659097,250667628.4864804,250752046.58500704,252749758.72308823
5921,245081726.61645508,248200786.11060566,247924743.49288595,248049520.77071258,247968667.43977532
5922,244719764.07202148,246278035.9870815,246280452.3665507,246205273.3796605,245081726.6165432
5923,239365741.9091797,245727284.58805996,245833244.98460674,245752494.1491384,244719764.0719041
5924,243602349.01391602,242326327.76600447,242379829.59476593,242235720.1557425,239365741.9090623
5925,245472638.18017578,244220758.81605262,244566100.318769,244406621.087503,243602349.01399964
5926,245678877.32617188,245413947.39915633,245498344.05100623,245511574.0490255,245472638.1802384
5927,244725218.50195312,245684403.01648843,245699804.34913713,245709562.75843155,245678877.3260587
5928,246913384.00805664,245196377.25863096,245204188.81919053,245186697.97159517,244725218.50190333
5929,247357436.38427734,246431698.82057175,246507163.28845656,246504756.80254298,246913384.0080667
5930,246985587.27539062,246862034.00443834,246819155.4568583,246871528.23601696,247357436.38416895
5931,245981621.42626953,246777635.02681893,246732265.34848014,246762153.5324785,246985587.27533415
5932,242389894.1826172,246216792.40214464,246189500.5331252,246190410.2336146,245981621.426331
5933,246136822.6796875,244002418.6220454,243996821.52721405,243922211.33092138,242389894.18257552
5934,241033761.69311523,245873161.40085155,246071518.33319384,246005497.44430676,246136822.6795876
5935,239600107.49267578,243011833.53166872,242942280.26045135,242901255.8490163,241033761.6931365
5936,243296891.39331055,241735421.5204016,241942165.4516741,241750636.0930984,239600107.4925925
5937,241472887.8869629,243588065.23671365,243844817.00203073,243749040.4983332,243296891.39328367
5938,242160646.8935547,242609516.12978932,242632338.08177873,242590801.33417425,241472887.88685364
5939,243848515.47338867,242916776.89106473,243067806.41561586,242973427.72396502,242160646.89360064
5940,244856956.32617188,243882929.62054545,243985325.6711676,243953964.32990384,243848515.47327253
5941,246816927.24267578,244610891.60658038,244639698.42514655,244648341.8880748,244856956.32629263
5942,243885067.34960938,245905377.17328173,245909291.29128194,245949194.9670776,246816927.24268943
5943,244938902.36523438,244416863.4016436,244307577.08720416,244321073.95179108,243885067.3497145
5944,247086474.29785156,244926710.17328465,245000016.57992545,244955996.76979646,244938902.3651929
5945,246731492.7590332,246269239.52396473,246287526.7393078,246328084.63702175,247086474.2978356
5946,248343822.1977539,246259425.65163228,246173188.8196921,246231765.4421539,246731492.75914693
5947,247343966.48754883,247323775.54093006,247293628.80613896,247350233.55835432,248343822.19768032
5948,243450173.25512695,246928539.61115173,246812757.3020358,246882215.96417385,247343966.48749045
5949,244226442.81201172,244585110.25887203,244502340.36902076,244466053.3282611,243450173.2550161
5950,245683848.11889648,244737263.53607446,244857640.37710196,244774269.82434347,244226442.81191605
5951,244688857.3474121,245538980.57206762,245597184.40264556,245594618.2736272,245683848.11887243
5952,245936226.22387695,245043378.73252162,245025556.52313843,245027354.6101191,244688857.34748164
5953,245984978.55859375,245714904.12148172,245764810.83688444,245756824.81014562,245936226.2237792
5954,245156772.45361328,245832209.82614964,245811248.54377374,245838553.2507528,245984978.55869663
5955,246427154.9321289,245343781.2885774,245321494.5374342,245320051.28333697,245156772.4535462
5956,244474979.2998047,246035024.26724288,246064059.24763617,246066284.6042148,246427154.93202105
5957,245682354.36523438,244986116.67489037,244927791.14482895,244929539.0505939,244474979.2996981
5958,249014452.9194336,245604910.3883448,245674217.26876488,245649571.0311044,245682354.3651353
5959,252474297.88427734,247625232.82255223,247640318.17345947,247713395.07240272,249014452.91951403
5960,244537145.35791016,250006487.58807504,249892041.47023666,250066220.93033066,252474297.88427144
5961,242478472.63720703,245742688.25189006,245416611.0625067,245482025.04474273,244537145.35789096
5962,243037043.07348633,244057819.16559178,244163903.53496358,244012639.07730353,242478472.6372818
5963,247910601.2565918,243996571.36162356,244141968.29509142,244047295.77782923,243037043.07342288
5964,244317958.75048828,246772113.55980924,246911758.94633865,246933156.82506865,247910601.2565117
5965,245394631.6599121,244951060.5319935,244803603.62948915,244851060.4961684,244317958.75055924
5966,246496453.68969727,245407485.26281643,245488841.18594515,245440321.374635,245394631.65991583
5967,244804621.71679688,246108816.5815932,246116755.12782404,246147167.66995034,246496453.6896732
5968,248369961.7775879,245152766.20057535,245094991.62159604,245102156.69234613,244804621.71675932
5969,248016351.58154297,247151348.7439741,247215535.26427445,247239615.2799437,248369961.77746823
5970,246435231.17797852,247218378.94084188,247085134.46854696,247182571.0411794,248016351.581633
5971,247958886.0727539,246362052.13346195,246264477.6723089,246286438.50718793,246435231.177883
5972,247529364.2294922,247241133.8583387,247243935.09377903,247266337.40222475,247958886.07271808
5973,244371116.55004883,247119446.59331143,247033693.82532376,247090795.18748158,247529364.2294837
5974,245286084.7614746,245259958.5869549,245187310.71593657,245166817.07324708,244371116.5499635
5975,244005852.78808594,245532460.0164701,245624957.02411637,245567901.43501222,245286084.7613665
5976,246598738.56347656,244734496.71871608,244741348.21346554,244715221.3054765,244005852.7881392
5977,242637138.41235352,246122638.96612573,246220861.5228634,246207395.37744153,246598738.56346348
5978,242373229.6044922,243898260.60626087,243811866.87427843,243796390.9004535,242637138.4124077
5979,243363694.70996094,243421535.73318994,243556044.1163058,243438495.53326458,242373229.60453367
5980,244003073.56762695,243811404.10820407,243920837.87662473,243859953.13431,243363694.7100458
5981,243923480.20996094,244194093.07808506,244255415.29063278,244229024.6298256,244003073.56772557
5982,239289866.1455078,244141484.35502145,244166768.35156912,244141010.32844156,243923480.20998812
5983,239342068.73779297,241374415.13565925,241365009.06634086,241256148.01256135,239289866.1455756
5984,240680901.5690918,240997567.85944095,241226987.08184814,241040693.20046934,239342068.73773015
5985,241993346.11035156,241562804.8424841,241749531.29942137,241639291.52397388,240680901.5690005
5986,244759736.70874023,242334765.81067464,242454898.290357,242394815.15048113,241993346.11038467
5987,247044362.4362793,244080803.67972323,244160801.01441035,244161034.40038297,244759736.70863008
5988,243611190.2080078,245731148.23076814,245696947.4123732,245771758.42956263,247044362.4363716
5989,242951933.09155273,244037174.33033627,243887740.52237678,243915057.4372225,243611190.20799288
5990,238075378.11523438,243494839.43631566,243539977.78553647,243465988.2164733,242951933.0915073
5991,244137541.71362305,240490495.40348393,240503013.70961955,240372194.3965536,238075378.1153262
5992,244207874.9729004,243616741.83535022,243925927.72002044,243816786.90515983,244137541.71363145
5993,246747706.1586914,243948901.31606317,243894698.0028842,243951423.75248462,244207874.97279888
5994,246044580.07250977,245592591.60182938,245607773.60351595,245645088.42739788,246747706.15860325
5995,244782957.8173828,245457265.7282368,245336097.85591143,245405965.79398358,246044580.07246104
5996,249887371.99316406,244775659.2379356,244706860.81972528,244709269.1978142,244782957.81737688
5997,246652783.34692383,247789398.3642065,247829888.3040638,247898316.72371158,249887371.99322805
5998,247335223.85498047,246337366.56888476,246087548.0713159,246202948.3835764,246652783.3469081
5999,248152152.37231445,246688198.80631557,246663177.61033195,246673128.8659985,247335223.85503143
6000,252707865.80004883,247256626.31619188,247183202.50554675,247250841.54934478,248152152.3722404
6001,252973818.9814453,250104079.41346502,250042715.84920582,250187214.3292608,252707865.79997367
6002,247486208.2607422,250764673.1473856,250485647.44955844,250703045.93398553,252973818.9815589
6003,247120301.1003418,247801477.95443088,247519175.1162318,247595471.71869454,247486208.26066327
6004,245425133.66503906,247265007.70956877,247275184.7528168,247237852.43414295,247120301.10033992
6005,244532155.06201172,246116977.81436446,246091679.3505909,246075283.98585266,245425133.6649313
6006,246993024.1376953,245372573.5233327,245424554.95492908,245370469.70893493,244532155.0620074
6007,250400601.5258789,246637887.59656483,246738563.39975595,246733305.5993106,246993024.1377569
6008,251084245.00048828,248718858.25094706,248699617.64166844,248803333.37180135,250400601.5258601
6009,247069139.7861328,249479417.47217357,249310315.6702267,249458553.9048777,251084245.0004893
6010,245384044.078125,247347802.2140749,247144759.8624721,247200560.62325862,247069139.7861429
6011,246125159.58374023,246151235.4193831,246160671.86695978,246107364.56913984,245384044.07820413
6012,248063343.09399414,246325115.9148742,246391423.291227,246359839.32383963,246125159.58373752
6013,245287892.72607422,247437137.5319459,247466131.9288813,247499241.9048468,248063343.0941116
6014,248426198.02294922,245925379.20330912,245835737.4218938,245852495.3063515,245287892.72617903
6015,249200501.1442871,247596817.34907568,247687946.81564775,247687330.62625182,248426198.02290663
6016,250537574.89575195,248277169.88599607,248191397.13816175,248290871.59864601,249200501.14419428
6017,247720332.8623047,249228682.90357077,249144375.90367076,249243818.3959035,250537574.8958595
6018,247334256.4399414,247749779.3280107,247580914.01174182,247647393.8507621,247720332.86238003
6019,248473904.79467773,247388330.8886138,247380489.37941262,247373318.82346737,247334256.43989813
6020,250418158.78881836,247971697.54967332,247971480.38812724,248004344.06152254,248473904.7945659
6021,248307957.36010742,249175433.83701164,249127437.1632259,249214573.03729177,250418158.78889248
6022,249367168.86401367,248135700.2833483,247982910.66107118,248057467.3535785,248307957.36010987
6023,244487859.56689453,248681255.11512533,248663888.03381526,248695864.0599235,249367168.8639597
6024,247251287.76123047,245854647.37330902,245730113.04648155,245722266.0270991,244487859.5670134
6025,248466058.3305664,247066493.05206043,247222621.1770966,247159654.31349862,247251287.76121345
6026,248597081.75463867,247850429.72106224,247827520.078084,247888125.09242234,248466058.3305504
6027,246565842.67919922,248060713.07172835,248000276.4462517,248056060.86653158,248597081.75469768
6028,249452883.38330078,246922444.8068189,246847330.0541918,246861120.97539788,246565842.6791524
6029,243732433.58544922,248495120.5554323,248553358.19191185,248575078.00191304,249452883.38317916
6030,243574632.40063477,245256440.87995186,245097718.8613772,245095270.64261913,243732433.5854064
6031,246669225.52075195,244746051.2599672,244906921.41574103,244769098.35761508,243574632.400705
6032,246451520.80908203,246390758.93663907,246531795.91038328,246506959.41256183,246669225.5206599
6033,245875868.05126953,246430588.67474926,246405756.71993816,246436632.20597908,246451520.80900425
6034,246341542.52685547,246142523.3348307,246147388.69901836,246137096.13808307,245875868.0512756
6035,250522996.2854004,246388363.85114866,246425546.63009372,246416697.96350113,246341542.52687585
6036,248168303.78100586,248879848.9431683,248919722.53474638,248992180.81301245,250522996.2854892
6037,250209407.38110352,247868866.11863086,247682588.9699079,247782905.46477798,248168303.78112265
6038,251237139.68066406,249060928.89554262,249050265.94481114,249092755.6208793,250209407.381074
6039,253918445.66479492,249938958.70080143,249826446.5020074,249945667.8573082,251237139.680773
6040,250655936.94799805,251763422.09508222,251648958.9235384,251803148.81736788,253918445.6648145
6041,245780197.2097168,250216720.5804727,249959240.9162369,250092931.76376665,250655936.948102
6042,251620322.90576172,247221041.23845938,247126406.42106745,247086333.49627036,245780197.2097923
6043,251572672.90234375,250251569.07453102,250431474.8707551,250433138.72472763,251620322.90587467
6044,250141814.1586914,250579007.1540741,250423915.3195901,250581573.8196284,251572672.9023081
6045,253715457.7553711,249847573.5409066,249732508.66746813,249801852.65261254,250141814.1585709
6046,254905782.9165039,251948489.44971937,251940037.76362607,252042796.34656048,253715457.7554047
6047,250531492.3803711,252998008.8610825,252810640.03623942,253007686.49714974,254905782.91655493
6048,248437495.74951172,250697132.35173395,250455702.44795322,250561769.7299188,250531492.38035983
6049,250358849.4987793,249197398.9378898,249182027.4681796,249159604.81294024,248437495.7495829
6050,246786993.62573242,250018000.06633464,250085750.0662617,250100184.48561415,250358849.4988025
6051,242618173.60498047,247920849.33835104,247840872.50652716,247853451.35536754,246786993.62575665
6052,244450819.92114258,245100179.02011892,245179202.2770452,245041937.0324909,242618173.6049384
6053,249424579.7734375,245642700.84912574,245908864.0869908,245771096.26393017,244450819.9211841
6054,242875647.62670898,248499553.92897165,248665659.4038952,248694282.1277773,249424579.77350655
6055,245683663.34423828,244954089.37706965,244815491.78466135,244813623.2984367,242875647.62664533
6056,250342831.5419922,246158523.25661403,246415639.1212403,246295415.4960136,245683663.3441408
6057,252748072.15771484,248931960.43793207,249014744.15906265,249092320.0373761,250342831.5419697
6058,250380019.80419922,250777680.7098658,250663748.3633687,250831926.7008497,252748072.15771037
6059,253261608.8173828,249800808.7071634,249587089.49293783,249709113.91489178,250380019.80419448
6060,255176231.90283203,251552241.75034308,251519785.12876758,251615551.817833,253261608.81736723
6061,252043134.43798828,252994519.68844044,252818434.06198075,253014133.0550542,255176231.9028785
6062,253128444.33911133,251507064.55237573,251249237.3069308,251390500.39672637,252043134.4380449
6063,251463573.63183594,252082891.0770362,252023840.39163187,252102257.65543276,253128444.3390923
6064,251216581.4152832,251191963.45069307,251047827.51141095,251146856.1750279,251463573.63186508
6065,251429849.96606445,250938101.08919284,250891811.128774,250940708.60293952,251216581.41516852
6066,253878901.84277344,251019189.33766267,250974738.90943325,251039976.6680076,251429849.96596897
6067,252144624.2307129,252494541.21079972,252460252.7352708,252572024.69501114,253878901.8428433
6068,259031441.00732422,251700120.65069172,251531454.8011564,251655956.4187766,252144624.23082024
6069,255656831.46020508,255758731.54340416,255759934.00884655,255938103.33166316,259031441.00727692
6070,256684353.73999023,254388411.92625555,254002616.840214,254261862.78828758,255656831.46031007
6071,253331210.17773438,255004506.87576526,254870204.23766834,255003255.8287366,256684353.73993635
6072,251775511.1201172,253189532.0210905,252959406.8140333,253087277.3831011,253331210.17776376
6073,255814944.75585938,252068917.48425874,252020534.1410387,252046213.56157282,251775511.12001857
6074,258780667.71826172,254259431.74096644,254298796.54699048,254398513.73428982,255814944.75579712
6075,254374297.76660156,256287817.6608541,256129163.6039711,256365150.19683802,258780667.71820885
6076,248457116.83691406,254081566.93636757,253778113.048185,253950185.63953024,254374297.7666261
6077,253826724.01782227,250335137.8242584,250236568.72727323,250195255.7311556,248457116.8368329
6078,257135268.52197266,252950977.36298394,253167219.85875535,253153883.5788108,253826724.0178693
6079,252011869.15405273,255153781.43670845,255072110.81629056,255273840.48353505,257135268.52208543
6080,250849466.3647461,252479964.04405808,252231273.18369728,252351409.08134827,252011869.15413743
6081,254007811.14770508,251513777.6709042,251548341.6516959,251522998.88525075,250849466.36475435
6082,258916519.77124023,253189064.341622,253266283.41046005,253326137.12786323,254007811.14777148
6083,255258459.39453125,256323053.48958856,256274784.98420247,256484705.632669,258916519.7712464
6084,254587270.28515625,254658763.13217655,254353305.14413288,254555698.03262302,255258459.3946049
6085,257309251.35131836,254216658.8891527,254146368.7801325,254217246.99326465,254587270.28511748
6086,260132844.19384766,255792333.9740443,255754780.30342752,255894231.19514972,257309251.35126653
6087,259840932.28564453,257725469.00403202,257576723.48739427,257814872.7820059,260132844.19377124
6088,255943757.22631836,257915003.21201658,257648371.56022322,257897373.79105234,259840932.2856378
6089,260409748.05371094,255766855.7520396,255512904.3837719,255655028.83680952,255943757.2262977
6090,261165700.28955078,258259139.07061598,258259429.85492328,258405002.93144962,260409748.05378664
6091,256817181.43652344,259044320.70419082,258797182.846618,259070908.08612588,261165700.289479
6092,255515385.21728516,256693666.09725305,256417812.1707157,256580608.81517017,256817181.43646505
6093,258152632.0678711,255692777.70456704,255645646.04952002,255701059.54498392,255515385.21725616
6094,254683726.78515625,257046125.36927068,257055946.77597287,257175881.22362196,258152632.06785312
6095,254989741.35620117,255076221.83564308,254905907.85602063,255027421.05556434,254683726.7851497
6096,252346955.06323242,254990843.45922768,255019307.9319559,255057484.05242103,254989741.35625303
6097,254510731.8569336,253328834.77983502,253287724.01335567,253327989.89328122,252346955.06311983
6098,254226866.62939453,254293147.7378271,254403045.9790262,254428193.47585136,254510731.85686347
6099,250917047.13964844,254149941.2666282,254112507.6914932,254201542.05511636,254226866.62929937
6100,252162558.17700195,252179794.54531676,252145257.37380943,252155157.2755525,250917047.13961732
6101,252349950.10058594,252632177.94589025,252778203.43456867,252757197.2914224,252162558.17710865
6102,249400286.07739258,252655628.4145465,252698015.1428507,252737169.35038438,252349950.10054627
6103,250306656.60864258,250900079.11228538,250916273.44073367,250901072.97206944,249400286.0773717
6104,252845583.20629883,251173518.17257005,251346926.68905628,251299062.09237447,250306656.6086518
6105,252028519.6604004,252615125.67938268,252732445.64444804,252778463.77956158,252845583.2063055
6106,253158189.49780273,252276403.25656372,252254281.39420825,252324577.6099909,252028519.66038725
6107,259741953.90283203,252958236.2683593,253007353.51438722,253058701.63612172,253158189.49782443
6108,255955647.77929688,256988687.15099272,257029634.34996364,257218532.8430466,259741953.9029088
6109,257050674.32006836,255360516.16830063,255042415.0188325,255269554.63005605,255955647.7792676
6110,252926940.6044922,256010767.7639472,255966498.7242385,256069051.47562906,257050674.3199476
6111,249023134.1352539,253677914.70319644,253518058.66846028,253606878.64238882,252926940.6044705
6112,250888745.20166016,251058956.79563725,251097679.32840395,251031836.59759632,249023134.1353101
6113,250978342.94726562,251687900.72448215,251903475.29504964,251846234.01909393,250888745.20164973
6114,250442866.62402344,251670965.86007756,251753022.25131088,251776793.22384724,250978342.9473073
6115,250211955.49902344,251274749.7170396,251348815.00166985,251351999.87700617,250442866.62406197
6116,249836022.78515625,251065730.40207836,251163468.3452083,251160690.36060488,250211955.499125
6117,251475099.0576172,250710922.55127424,250799967.58283502,250795093.53527626,249836022.7851799
6118,251710570.28076172,251583040.62541687,251697468.6835491,251719034.16147152,251475099.05760217
6119,250271959.8720703,251778532.40632674,251798507.47244608,251858081.67720133,251710570.2807785
6120,252816747.296875,250963314.8955054,250967981.15358597,250991359.22452003,250271959.87200683
6121,253315580.4152832,252395386.09074587,252497972.14179435,252538465.89253697,252816747.29699263
6122,254467799.76416016,252871261.07907623,252836461.00766832,252947460.5133583,253315580.41525385
6123,256522107.74438477,253642727.2235188,253612806.79838055,253720893.2853727,254467799.7640738
6124,260402816.4169922,255019393.7936718,254948577.20647478,255101516.38964823,256522107.74432024
6125,256490306.75561523,257676423.38859394,257556231.7000621,257795277.54602495,260402816.41691035
6126,254548224.29614258,255882943.51051468,255565126.25176305,255781822.45608887,256490306.75551784
6127,253688293.9963379,254624565.71400312,254535771.2846973,254599755.9579075,254548224.2961498
6128,251549932.82348633,253951641.5731212,253930982.4068153,253982251.14697364,253688293.9963207
6129,253273813.76586914,252563033.9202065,252559064.76426783,252580083.55656853,251549932.823571
6130,256488563.29760742,253347951.90614247,253463385.69600555,253488727.8037044,253273813.7659189
6131,251165212.7614746,255253157.44767088,255278615.4140084,255412174.5276585,256488563.29752743
6132,248805728.63671875,252364630.28090084,252191200.3286268,252277285.54156226,251165212.76143432
6133,249553157.5,250622698.03733778,250731242.19776505,250652305.34344992,248805728.6367275
6134,253405951.43432617,250688888.6627452,250874455.97758293,250827136.15959442,249553157.5001087
6135,253153091.82495117,252822589.31944823,252972853.75706878,253030774.87097448,253405951.43436712
6136,250211400.54760742,252889837.55342147,252829547.70897117,252948611.04846928,253153091.8250301
6137,246750416.71704102,251232440.89532793,251192404.82676956,251222333.34864676,250211400.5475305
6138,250752730.52294922,248915123.91908476,248992487.50802526,248917330.71785274,246750416.71692637
6139,247768757.80737305,250819231.42353317,251072233.43037418,251032754.96224812,250752730.5229969
6140,251029646.76416016,249151744.51604068,249130890.066017,249155268.59412178,247768757.807492
6141,251895814.14379883,250855604.34448352,251044318.46027443,251032395.0128734,251029646.76418012
6142,252439709.58496094,251502743.92643324,251490968.85111392,251586781.11386657,251895814.1438725
6143,246100584.85107422,251963125.33591053,251939816.51567572,252024473.25758806,252439709.58492264
6144,249115224.67578125,248278530.06116852,248176996.9665216,248157476.7140574,246100584.8509858
6145,249529256.40478516,249565403.08455852,249821970.70191622,249734104.67919883,249115224.6757929
6146,245181865.89941406,249818375.4281237,249862374.79443377,249905010.0680077,249529256.40480044
6147,241766967.18164062,247215730.0067523,247218836.76970047,247166618.73899877,245181865.89941975
6148,242247149.60546875,244774844.42327958,244967504.41371635,244784149.9744851,241766967.1816775
6149,245703497.0888672,244519461.18513846,244842835.40017864,244658526.8347956,242247149.6054968
6150,248636618.04345703,246299252.3820906,246577218.05626518,246501851.24420726,245703497.08882892
6151,250288815.74243164,248195204.93452102,248307701.16078478,248346452.7347507,248636618.043508
6152,247590842.29345703,249494233.7994755,249493303.7466991,249580231.51831052,250288815.742364
6153,250061372.1052246,248165304.08640358,248081208.34916234,248120577.16885298,247590842.2934881
6154,249819638.91992188,249551521.85824332,249644629.72118703,249657232.12273377,250061372.1052023
6155,251062555.19091797,249627721.16082722,249579128.33216494,249660376.3595665,249819638.9198911
6156,248348002.78759766,250399903.3636462,250393908.9432803,250461650.5830515,251062555.1908988
6157,243366590.23388672,248931172.18795547,248839949.7497394,248887404.2776125,248348002.78757572
6158,246129211.3713379,245755169.77416998,245772744.8347589,245672555.46895882,243366590.23390803
6159,245215434.90161133,246848329.512187,247114486.792375,247000354.46746024,246129211.371428
6160,246053565.33081055,246296941.95263502,246364225.81620446,246342164.80443475,245215434.9016082
6161,245523548.12890625,246665900.02509388,246802111.84879968,246753472.81823173,246053565.3308034
6162,241315976.11499023,246337134.22544324,246407154.48116553,246379981.62814015,245523548.1288892
6163,243211710.55004883,243750774.86080265,243814751.49817687,243701965.98625657,241315976.1150273
6164,250562412.05932617,244440944.50377712,244723769.38606372,244577182.7296839,243211710.54992828
6165,242332212.0107422,248775167.06238076,248977056.66948703,249035659.98160657,250562412.0594457
6166,244945145.99853516,244472241.76432517,244238311.54214838,244274703.933125,242332212.0107641
6167,244941725.59350586,245551373.94555244,245822363.46273258,245678247.50166544,244945145.9984912
6168,243222988.1821289,245587260.57272682,245650825.2327039,245643446.66715547,244941725.59348044
6169,240821958.39941406,244547872.30300793,244619401.6448817,244555435.75418115,243222988.18201488
6170,244505220.15014648,242938229.25531885,243069752.87986055,242941756.99551007,240821958.3994287
6171,253143879.2915039,244814641.1669356,245077531.70086065,244990963.3998322,244505220.1501521
6172,249828266.63305664,250127239.05924448,250246756.13448718,250399412.5029124,253143879.2914605
6173,247808637.32373047,248947266.07867336,248620157.13919973,248831578.2612211,249828266.63315973
6174,242524552.765625,247836283.7591776,247743969.2095176,247766049.78329438,247808637.3236274
6175,247044166.46972656,244585889.76033998,244534006.1260308,244462066.019715,242524552.76565343
6176,248588665.36132812,246761079.82043788,247005650.6802532,246930218.03013802,247044166.4697528
6177,245981553.93896484,247858723.21062765,247833370.5267404,247924530.83069876,248588665.36134884
6178,250309582.8474121,246508929.39393333,246423191.3080583,246453560.9420053,245981553.938942
6179,246965384.68408203,248905918.17907616,248996587.11462966,249034666.35801566,250309582.8473288
6180,247980125.0925293,247237765.2587109,247056185.1838329,247140242.74035472,246965384.68396372
6181,245678079.2080078,247716619.73692515,247758239.5459769,247751215.35631803,247980125.09264207
6182,247062570.24560547,246404893.85349604,246349804.0081032,246360580.94065362,245678079.20797715
6183,245247601.48046875,247023404.9600794,247108459.58974117,247088955.9569491,247062570.24569917
6184,238177235.6484375,245943769.7049569,245916635.52431223,245916962.60257626,245247601.48044696
6185,238826383.5546875,241541742.58147785,241552892.06158566,241390421.64488357,238177235.64844435
6186,240225221.94433594,241210543.02905238,241570587.67166534,241319017.45421427,238826383.55462587
6187,241107572.66723633,241688171.05385175,241943844.99221814,241809547.9486467,240225221.9444081
6188,245311811.64868164,242134210.62970328,242314956.95023727,242224127.7289269,241107572.6673216
6189,247808742.9790039,244618506.91232347,244782259.76784873,244772098.15353733,245311811.64862937
6190,248874419.47216797,246439972.3581218,246409248.3315276,246508447.7686096,247808742.979084
6191,246499074.89648438,247417608.51305705,247297637.94358286,247409730.01697186,248874419.4722476
6192,249882435.8959961,246323514.4487266,246161471.99116617,246223464.47932816,246499074.8963746
6193,247009401.88232422,248295857.37901598,248306474.71442947,248363892.11484692,249882435.8959555
6194,241756121.0793457,246871324.53272015,246670098.34701225,246758058.45561236,247009401.88227013
6195,239309154.47631836,243636889.4166493,243576267.04814255,243484130.9327759,241756121.079402
6196,241885690.6352539,241692932.50617385,241859199.12786937,241664363.15455854,239309154.4763029
6197,244669714.37768555,242786864.7644848,243052341.3671641,242917018.9108339,241885690.6353667
6198,247916403.72021484,244434529.63800713,244558264.66376123,244549790.1292842,244669714.3775873
6199,250938290.17456055,246573736.1398183,246594629.9845829,246668336.8423973,247916403.7202263
6200,251248446.2775879,248737203.17161143,248633579.21529812,248785588.9879793,250938290.17450756
6201,248609741.57080078,249410462.05821702,249192656.13975602,249364817.8121217,251248446.27769017
6202,251083417.16186523,248120387.5560762,247903393.18298358,247997829.79485625,248609741.57088184
6203,254464238.96875,249537906.78364056,249495733.73841462,249573541.7530128,251083417.16180983
6204,252567672.47314453,251766477.64953116,251613357.71146086,251810618.62726122,254464238.9688433
6205,255508049.00073242,251063094.5708597,250749354.3353911,250940790.30361468,252567672.4732348
6206,251494723.06396484,252932416.22227916,252788620.9749221,252952936.33126324,255508049.0007504
6207,249114390.29248047,250900028.3783473,250569437.47148192,250731939.54596856,251494723.06395093
6208,248251749.93017578,249335022.56132692,249232872.09707472,249246381.41095296,249114390.2925023
6209,251539134.46826172,248560685.91070747,248546184.35142523,248542896.46232915,248251749.93025848
6210,248108154.33032227,250312596.6889371,250348170.6580361,250405590.58934435,251539134.4681666
6211,243990510.0119629,248497548.302776,248325032.48709786,248397842.8983038,248108154.33035988
6212,247681287.8564453,245857461.5332215,245863913.15143397,245776520.82834217,243990510.0118613
6213,250040961.26660156,247518818.2233773,247722714.3203339,247659377.820185,247681287.85642147
6214,247936229.6057129,249036984.77817428,249031716.97988355,249120572.29618356,250040961.26664895
6215,247372769.5029297,248013382.5809708,247896674.48587194,247956455.85134527,247936229.60563695
6216,244726078.86889648,247586441.36726663,247591541.22809222,247579580.06463563,247372769.5028965
6217,246944601.47705078,245921866.21604016,245914355.81706417,245868613.3230075,244726078.86884087
6218,249876866.8046875,246997249.3812103,247139574.57643265,247092254.71751288,246944601.47704196
6219,252331222.49926758,248844542.02788386,248877170.77250573,248952719.77383205,249876866.80475143
6220,244444574.2253418,250545385.82972214,250459760.3808222,250604527.90033445,252331222.49930692
6221,248527877.4765625,246175928.71102026,245924954.6916183,245949742.29258963,244444574.2253738
6222,246584508.64257812,248053847.95271495,248263086.9425954,248183568.845221,248527877.4766293
6223,246265013.3894043,247063507.67853305,246982288.7104736,247029168.53857478,246584508.64254883
6224,250878008.1748047,246745702.34224358,246799784.4112108,246763259.43135628,246265013.3893521
6225,250494237.10180664,249384903.44218457,249465936.3342357,249524369.8545818,250878008.1748446
6226,248844021.3630371,249547001.5590848,249390158.766438,249528265.80490887,250494237.10186052
6227,246600964.06176758,248677025.1679064,248564644.0400356,248617080.85838833,248844021.3630829
6228,248590327.02514648,247277775.01450607,247233907.55260915,247222001.96502006,246600964.06185403
6229,250072270.3088379,248223967.232866,248298218.23760086,248293537.26541686,248590327.02504736
6230,252449642.9008789,249187518.94979358,249152805.92173225,249233263.98535734,250072270.3087813
6231,246922790.9326172,250753914.74096417,250681114.44323194,250804311.48337233,252449642.9007895
6232,246890128.68920898,247728587.3709106,247497414.73726737,247551285.0472624,246922790.9325837
6233,242315767.98364258,247396517.78553307,247479109.3548825,247405234.15948278,246890128.68920052
6234,245951294.28076172,244543613.97712454,244545287.5961103,244454223.10060516,242315767.9835949
6235,243124559.51171875,246229087.95785302,246493553.02978855,246383701.7753312,245951294.28086329
6236,241943096.85546875,244642988.0196176,244648817.88167545,244614864.87066972,243124559.5116534
6237,242947372.28393555,243684349.29727304,243849329.2545326,243713317.62167415,241943096.85546067
6238,241561467.15307617,244017632.74857703,244214883.88733786,244111958.0524554,242947372.28392115
6239,249078478.22192383,243098692.71067473,243207319.83469966,243116254.49629903,241561467.1531084
6240,246538461.80444336,247399959.7919113,247643658.09534672,247648375.03538612,249078478.2220362
6241,248726390.31152344,246424122.15125343,246238871.36141375,246351893.18427345,246538461.80443725
6242,248422085.90649414,247732510.78176135,247761402.56775808,247780109.40988335,248726390.31143263
6243,248275040.14990234,247798113.3786046,247693610.0363657,247769270.22923753,248422085.906599
6244,248965867.20043945,247857911.12269568,247802457.87510762,247840886.85792395,248275040.14999795
6245,254136080.69995117,248367232.85302973,248332681.19606268,248381313.42137888,248965867.2005025
6246,247642213.98364258,251596582.516574,251579444.51600328,251724572.71475625,254136080.69985184
6247,247421544.84301758,248288193.06074962,247967779.26189756,248088257.79774958,247642213.9835986
6248,246472086.60888672,247845329.622197,247913032.73229706,247854507.1796181,247421544.84292588
6249,244190893.13842773,247125376.09682682,247140143.36194342,247128688.07837015,246472086.60894105
6250,248101657.3190918,245624646.82117847,245669773.224788,245606942.5414449,244190893.138315
6251,244969611.19433594,247672351.49663782,247854961.06717113,247832432.40797028,248101657.31911093
6252,249553212.38085938,245974997.16429558,245898325.64835158,245921994.00662753,244969611.1942312
6253,252936513.9248047,248498440.65859252,248653369.63549113,248658829.32782668,249553212.38074976
6254,250510017.77978516,250790949.6605746,250702512.90683788,250878879.0696504,252936513.9247648
6255,247996398.56933594,249784817.5780504,249545886.01617837,249688260.93727848,250510017.77977037
6256,247435590.91625977,248306515.70868087,248206377.91824022,248224634.2116196,247996398.5693257
6257,254530921.54638672,247800319.08039838,247815790.96725085,247802631.45817372,247435590.91617045
6258,251788975.44311523,251877437.6795053,251961377.4559616,252077363.56954315,254530921.54635036
6259,252913354.43310547,250816925.9673968,250506091.81891882,250706511.16061363,251788975.44322628
6260,251302239.18798828,251569709.20022365,251482793.95667517,251575499.22143948,252913354.4332153
6261,254446651.10620117,250785802.21461052,250614900.4970003,250727053.5093681,251302239.18806317
6262,256689365.1044922,252603862.35697663,252561445.9704013,252677277.71032202,254446651.1062792
6263,255232964.92016602,254235792.70695555,254044567.08997452,254266538.72037792,256689365.1045848
6264,250509467.75170898,253733790.15764573,253451895.3521539,253648991.04373494,255232964.92026475
6265,252974978.38305664,251027590.04660046,250815228.53123644,250879861.66584983,250509467.7516108
6266,252326453.8466797,252167441.8009687,252217705.75807872,252251434.0128227,252974978.3830457
6267,251309189.9951172,251858996.45310783,251744567.9246005,251860015.6428367,252326453.8466874
6268,247603711.49731445,251177188.5904785,251100900.7797142,251158884.22606847,251309189.99518785
6269,245439994.52075195,248898284.24899206,248841191.63743758,248830292.55886027,247603711.4974169
6270,247755572.14282227,247205547.06354648,247308200.7419727,247206538.60928681,245439994.52073148
6271,247181768.04003906,248190215.12074253,248380645.53666177,248323259.97921038,247755572.1427889
6272,249862292.03759766,247858448.56327,247898408.653811,247904160.45844272,247181768.04011276
6273,248092403.78564453,249346737.79919094,249446450.01683107,249467520.20246074,249862292.03766835
6274,245769507.2758789,248450455.38555294,248383051.17112362,248431660.67724276,248092403.78570572
6275,250279033.60668945,246960333.70559925,246982693.7481958,246932545.81632516,245769507.27595976
6276,251948597.28857422,249405746.64640313,249567680.886269,249571812.41553065,250279033.6066946
6277,256035447.64892578,250683582.11461532,250604157.6699387,250742805.5093113,251948597.28867868
6278,253597227.33813477,253399507.14544833,253312054.8407304,253499498.30567575,256035447.64889467
6279,249857463.35253906,252427430.11194608,252123758.437366,252320596.78436905,253597227.3381376
6280,254061904.17138672,250258725.81207675,250101287.4393998,250140633.0317636,249857463.35249317
6281,255435160.92358398,252478254.57441622,252532435.94091007,252593465.07950553,254061904.17133892
6282,257490185.98657227,253608457.73121706,253438983.40907663,253633992.702217,255435160.92353365
6283,256852892.89575195,255096372.68252245,254916544.347774,255120005.24908513,257490185.986464
6284,254756553.00952148,255079059.78422463,254810285.15452114,255020086.7085709,256852892.8958631
6285,253542437.25317383,254007281.68493733,253791547.80118546,253924467.4539399,254756553.00947985
6286,249118394.3876953,253224162.85179994,253111315.48150384,253187393.40671325,253542437.25324523
6287,250526381.41796875,250524744.1459377,250436881.7286866,250439667.3267696,249118394.3877395
6288,250088690.26220703,250896393.4716049,251034389.98364365,250994400.09430748,250526381.4180753
6289,252219229.80786133,250553266.09269172,250572413.26798806,250602470.8636788,250088690.2623015
6290,254666488.24023438,251709127.5406937,251773436.57559666,251819648.2491801,252219229.8079008
6291,248585435.1340332,253296495.13822246,253260974.50512156,253393587.54683718,254666488.2402838
6292,249146751.60180664,249951576.71538797,249755708.1560668,249810107.9172757,248585435.13392943
6293,249828903.00512695,249885912.3581159,250035744.95616,249966655.17614427,249146751.6017692
6294,250502894.7915039,250092831.56484595,250155425.77700067,250171296.14069736,249828903.0050155
6295,252441710.63330078,250464525.87149057,250498869.14315668,250533609.00923726,250502894.79142797
6296,253810118.6845703,251649971.1942443,251666030.8471673,251740360.13010323,252441710.6333194
6297,257418024.9597168,252651729.5645331,252581681.89841878,252705460.81902692,253810118.6844788
6298,251739832.6838379,255061547.0070375,254978911.26604226,255164087.13044867,257418024.95967567
6299,250983916.46166992,252123771.29023743,251824881.34678528,251960278.39289993,251739832.68373013
6300,248221398.9489746,251441876.9420927,251475095.13162327,251455386.23485443,250983916.4617688
6301,247994897.44873047,249636104.94962,249642967.6724516,249624680.95965463,248221398.94897008
6302,252865740.61987305,249133474.34073043,249270866.27578244,249207236.99373773,247994897.44884613
6303,251756535.27734375,251823454.43094447,251978345.38671517,252024501.36391935,252865740.61996087
6304,247536311.45458984,251495186.18822953,251379209.72375232,251500215.941137,251756535.2773754
6305,250338916.32373047,249060809.57591513,249014644.97805667,248998792.93419144,247536311.45455164
6306,248625274.55981445,250344729.36909503,250523178.59107706,250490546.32215557,250338916.32382077
6307,247676695.30029297,249400799.26647642,249383037.47028425,249417720.92641705,248625274.55992767
6308,249575402.22631836,248681213.401944,248760849.49817437,248721505.10098854,247676695.3001825
6309,248898218.60131836,249663407.28679207,249786854.99358195,249786343.46622148,249575402.22621265
6310,253080723.1574707,249332472.27745903,249340067.9108584,249375845.2560497,248898218.6013436
6311,249130187.85375977,251756603.38839623,251844840.14756218,251918490.1937788,253080723.15751636
6312,247627165.79833984,249720651.49832577,249546553.41525787,249635863.9300667,249130187.8537488
6313,250631986.4970703,248645310.46685722,248703311.1074713,248652316.11137605,247627165.798428
6314,248966173.40405273,250204550.98630264,250327538.30874306,250342295.86186817,250631986.49697644
6315,247298538.89233398,249353810.18577635,249293655.82140765,249349857.72268084,248966173.40415832
6316,248726609.3947754,248244460.4079281,248276513.83455583,248243692.58207536,247298538.89224523
6317,254684170.67651367,248895992.64054087,249005639.34100014,248985606.71636364,248726609.39474463
6318,249767469.35498047,252504039.91568547,252577520.3423562,252699722.56656456,254684170.6764553
6319,249650781.58032227,250125953.01552552,249863481.68794388,249995531.04595262,249767469.3549716
6320,245580571.30004883,249899725.71904868,249949719.23180148,249927711.8079639,249650781.58038345
6321,251675406.7536621,247388879.03020352,247370500.46587634,247328943.35816586,245580571.29998088
6322,251460647.52783203,250615203.89479423,250855443.55161622,250840849.3237318,251675406.753694
6323,253943463.68945312,250880544.7426641,250769864.51518425,250908748.76850176,251460647.5277642
6324,256515171.32006836,252512658.24330306,252488212.6271391,252600028.9107672,253943463.68941292
6325,256323088.69506836,254376106.53222615,254250612.59646526,254452104.0998077,256515171.32002664
6326,252845502.35302734,254645543.28490898,254418747.56850442,254627466.7339095,256323088.69518328
6327,250313445.69311523,252770273.99880823,252555569.34463173,252668085.3954797,252845502.35300776
6328,248254401.06982422,251120010.50794452,251078211.67085364,251084622.2533167,250313445.6932321
6329,247581922.61450195,249604633.9080595,249650708.24634933,249613870.49491876,248254401.06980383
6330,245586803.1369629,248869412.22568643,248990907.70013404,248937108.46695155,247581922.6146132
6331,253146510.98120117,247408255.28731635,247516938.71414092,247446695.7504865,245586803.1368982
6332,255155969.14404297,251554468.05381224,251806750.33216488,251839276.0526495,253146510.98110244
6333,252613294.2919922,253235760.6032974,253088129.67861736,253313491.06291148,255155969.14415345
6334,250867244.07788086,252100501.6905024,251890336.42407644,252026196.69145423,252613294.2919239
6335,252425617.71655273,251062464.75788647,250994333.80974433,251031845.997128,250867244.07788825
6336,252594613.32495117,251857525.4039946,251878240.9139868,251931575.64152518,252425617.7166089
6337,247249582.60009766,252061126.88507915,251992993.31246793,252094788.20934552,252594613.32500723
6338,247977525.99926758,248934090.47036138,248831146.37703595,248831883.36406982,247249582.60017228
6339,247840076.62451172,248866476.33633316,249037707.29307663,248952460.66328302,247977525.99920025
6340,247359313.08129883,248633453.51514322,248714675.06502846,248700182.11354297,247840076.6244349
6341,241589540.04296875,248235381.55372506,248319285.58705887,248290846.5955355,247359313.08117688
6342,242998382.66503906,244669751.8543985,244717733.57738256,244594089.4778222,241589540.04293808
6343,247319083.42871094,244899198.610166,245241195.51603547,245049808.05105963,242998382.66501597
6344,244181239.9802246,247268806.4221753,247506107.67037395,247482310.2275824,247319083.42865244
6345,243749299.7470703,245636537.0686301,245626809.73056254,245621554.25722852,244181239.9801702
6346,243104249.7553711,245113262.40783083,245279474.19417426,245169730.02512035,243749299.7471527
6347,245118616.9248047,244555848.83693838,244702035.80547848,244610841.21698526,243104249.7553817
6348,251444847.4177246,245573971.53511387,245756908.43750256,245693064.73339832,245118616.92482036
6349,249904356.83520508,249433616.77942055,249550071.20436707,249637843.7893633,251444847.4177234
6350,254119769.8984375,249143260.0811882,248941910.68260443,249098142.56198162,249904356.83519536
6351,249777163.44384766,251796698.0548879,251771487.8281939,251897546.55143633,254119769.8984088
6352,246010875.31762695,249678459.79776087,249392713.68944097,249530871.92857945,249777163.4439196
6353,250534367.34301758,247325750.37823394,247287857.43651038,247234304.92435014,246010875.3175382
6354,248729480.41796875,249642777.07412046,249803223.60312146,249800226.84934247,250534367.3430152
6355,240409706.11328125,248806758.0505206,248688226.1082894,248774353.36034063,248729480.41800737
6356,246081794.44970703,243797567.3950511,243743607.9789004,243614312.49946645,240409706.1132843
6357,245570783.79492188,246388463.21570173,246785237.82474452,246625270.57709077,246081794.44977668
6358,246435110.51220703,246220224.06104448,246243493.9426674,246270835.10729,245570783.7948376
6359,241049743.41137695,246666080.77046826,246759338.08067042,246734291.24505055,246435110.51229236
6360,242668143.40063477,243489352.83174613,243475545.3009494,243388665.22545066,241049743.41146407
6361,242171912.3701172,243982389.33220845,244265476.29125077,244102947.72477978,242668143.4006232
6362,244921331.9794922,243560874.9924562,243697420.17860818,243617497.7197205,242171912.3699977
6363,245226495.7236328,245055878.86626783,245243923.29999894,245186765.47421458,244921331.9794044
6364,244677503.24902344,245410813.4806695,245444222.3049652,245453724.38309604,245226495.72370937
6365,244726663.03637695,245193873.32826483,245234303.93517345,245214356.08812994,244677503.2490714
6366,250417223.93847656,245164484.40272656,245227806.9548256,245195020.9828743,244726663.0362892
6367,252409308.74536133,248553832.81143785,248660177.859507,248725871.31049874,250417223.93844792
6368,252255821.70361328,250250758.64283952,250079488.06548947,250275469.61872527,252409308.7453293
6369,253671327.19848633,250658208.95069754,250450630.00966954,250615669.69644135,252255821.7035976
6370,253526978.41870117,251750774.19453838,251594093.7510935,251750950.87058532,253671327.1985518
6371,257649932.3864746,251979687.90708685,251767180.22168252,251940001.3010005,253526978.4187885
6372,259178456.92236328,254623844.45362905,254484022.10873076,254700058.6975486,257649932.38646916
6373,253094103.93701172,256030713.10482934,255706155.7506138,256014290.08121163,259178456.9224465
6374,251604383.8088379,252803931.7830269,252402080.0201123,252581934.56904134,253094103.9369536
6375,251221336.08154297,251610925.81703743,251538656.3800862,251559925.3756768,251604383.8088699
6376,246663141.80517578,251147479.9929491,251104902.0317871,251152122.87033644,251221336.0816268
6377,247426207.5510254,248295643.97192156,248226204.58375096,248205275.6019881,246663141.8052648
6378,247586028.10083008,248264267.38516822,248422661.27518618,248341567.17730427,247426207.55101508
6379,250839262.9951172,248227777.8719046,248304674.76521367,248297929.1045432,247586028.10084447
6380,246964967.3955078,250056042.3917379,250149150.03375757,250197184.66264036,250839262.99517497
6381,244462987.2824707,247930568.11735386,247811835.94255045,247856507.24810126,246964967.39560732
6382,251582381.2458496,246151068.87509722,246231103.69069466,246132414.47240403,244462987.2823689
6383,247683983.3696289,250034423.4685911,250261951.22982487,250281756.01937902,251582381.24594483
6384,245740487.88964844,248145291.40089142,247947340.06802854,248057865.23891807,247683983.3697177
6385,247822409.58984375,246783207.37260833,246821945.09152222,246754999.04379633,245740487.88963863
6386,246942904.12060547,247779292.67688602,247897404.9233275,247874384.8863045,247822409.58994865
6387,246925680.16674805,247306505.29468945,247290693.78317642,247311008.76889756,246942904.12063676
6388,248022096.5510254,247215022.23723146,247258852.48194414,247243088.80495384,246925680.16686347
6389,249686562.74804688,247795255.9206055,247831839.62822583,247842585.37945223,248022096.55090335
6390,251566083.7861328,248886208.6463549,248880221.26233634,248939055.3429756,249686562.74807015
6391,253043890.09716797,250224189.74738553,250164476.15231898,250273191.80510107,251566083.7862033
6392,249453139.77905273,251359338.57068264,251231899.84143645,251376602.81062686,253043890.0971567
6393,247365905.56469727,249512340.50379142,249305385.8587933,249391758.26881808,249453139.77913883
6394,249785553.62890625,248116294.9094767,248099719.19055635,248066286.91845393,247365905.5648068
6395,246354944.51538086,249343693.63975742,249428969.35604364,249435713.27481735,249785553.62880975
6396,251281040.609375,247438828.43131107,247360062.15874788,247377926.3237923,246354944.5153385
6397,251029119.47216797,250085706.16803828,250238099.0865075,250253002.87514457,251281040.6094368
6398,249580433.94995117,250263394.32941422,250130661.36298066,250269700.29630238,251029119.47224128
6399,250426338.39672852,249477260.331083,249386950.9162236,249440933.28756568,249580433.94991276
6400,249190587.171875,249900578.86481497,249885735.02029648,249928951.99490723,250426338.39681825
6401,247887685.73339844,249249478.32898682,249176887.95148423,249229687.91395158,249190587.17190364
6402,246780821.57006836,248366409.02759933,248356354.29028237,248353981.0831526,247887685.73349807
6403,245714625.3474121,247506030.09931332,247531957.0683406,247499197.95510736,246780821.57015616
6404,242205670.5053711,246734863.47218946,246801662.7411331,246749052.72968996,245714625.3473711
6405,244974396.44702148,244434427.21646324,244508825.98870358,244395432.29973447,242205670.5053192
6406,248597470.27441406,245643019.48193887,245904467.36155066,245790728.01691848,244974396.4470581
6407,247818780.34765625,247785192.96904024,247886547.044668,247922997.7874288,248597470.2743697
6408,250603652.64697266,247647779.6365152,247576967.3431942,247638980.0222236,247818780.34770125
6409,247001444.99047852,249387662.0645769,249410010.90551433,249466161.34543177,250603652.6468852
6410,246604204.82592773,247566690.44907546,247416960.26625466,247469805.2590071,247001444.9905266
6411,247614443.08642578,247164462.02277407,247229204.4360771,247177806.189842,246604204.8259842
6412,243375838.53710938,247668673.58329087,247733419.71732756,247728709.10574102,247614443.08650243
6413,246159211.42773438,245192964.4467248,245166988.21642977,245114581.0144612,243375838.5370047
6414,245783188.96923828,246517543.85176224,246743027.05053812,246655956.70223045,246159211.42764452
6415,250008718.20776367,246359807.8431463,246396676.7004893,246402744.6709848,245783188.96928975
6416,247242919.15600586,248844488.85259336,248954727.73446485,248996356.50161403,250008718.2077905
6417,247567039.32421875,247561527.73670363,247425189.45663714,247503217.63187805,247242919.1559031
6418,252976923.30493164,247669599.67934716,247715793.16423804,247703212.41461936,247567039.3242181
6419,249511213.01782227,250916686.04973143,250970362.12142986,251083996.96216714,252976923.3049456
6420,251543082.89575195,249332801.6979776,249088266.33117744,249234874.65201253,249511213.017925
6421,245740256.23486328,250423270.76771772,250420037.0263346,250475522.62033865,251543082.89571783
6422,246883062.44995117,247128301.28982303,246945158.14053133,246974979.22732753,245740256.23483068
6423,249162971.86645508,247367683.6578887,247517271.08497304,247436839.28563935,246883062.4500715
6424,249290690.53588867,248602653.7954428,248653432.18888858,248693452.6226797,249162971.8664444
6425,251173035.0012207,248836810.82882974,248781253.27756527,248852390.50970113,249290690.5358859
6426,248633554.25219727,250043361.0487176,250013505.9622085,250096216.46775272,251173035.00128677
6427,249248701.6220703,248762221.2319142,248622217.43046543,248694857.32358482,248633554.25209463
6428,250394158.5205078,248984691.07367995,248999279.94731292,249011449.98140496,249248701.6221612
6429,247816990.91259766,249679831.77737427,249648412.0502582,249715899.25151655,250394158.52053663
6430,249527717.49072266,248302977.82653764,248208141.22153834,248248052.28768685,247816990.912499
6431,247868411.4946289,249116264.22282827,249175324.82797024,249183633.34934512,249527717.49072507
6432,248248464.57714844,248197128.97417706,248129598.9028188,248167831.61184695,247868411.49453813
6433,250384839.5439453,248323443.36456862,248362889.87834302,248360027.8834522,248248464.5771774
6434,247392721.48461914,249574477.12123016,249595110.84589633,249652897.65724507,250384839.54384172
6435,241162111.6044922,247976603.14814505,247866313.25547147,247908217.6182385,247392721.4847108
6436,247138867.22436523,244081589.17422622,244092035.76999843,243956490.11369485,241162111.60451892
6437,248871288.32739258,246994912.14796567,247345528.64927426,247233086.27774364,247138867.22442567
6438,252861278.61572266,248238525.2414266,248232846.2676253,248327505.42246032,248871288.32728103
6439,247780669.86694336,250835744.61275938,250821898.24506316,250953254.2822877,252861278.61581823
6440,248721320.62573242,248243365.56031376,247991923.97907907,248091409.1223434,247780669.86691284
6441,249906742.53881836,248572785.3869657,248630845.1964332,248607083.3881763,248721320.6257648
6442,250064607.9111328,249300850.21633938,249284760.04692158,249349113.0629944,249906742.5388876
6443,249754183.00976562,249491671.2434653,249423951.17023897,249498098.56479362,250064607.911052
6444,250681802.22924805,249414627.16470912,249352707.0260186,249414315.89212036,249754183.00981984
6445,247899974.28759766,249976696.6682062,249942639.55951312,250010420.1587214,250681802.22916725
6446,246338058.27490234,248405911.73138157,248299006.03017372,248338668.53566927,247899974.28747848
6447,247624848.09179688,247274150.94375634,247307864.4936391,247262028.8029935,246338058.27495325
6448,250077927.11791992,247789694.02601454,247886300.04252753,247864486.65006256,247624848.09183025
6449,243352094.07470703,249232392.07643968,249264441.15573308,249323930.76275268,250077927.1179099
6450,243124544.84814453,245414734.54368213,245270212.6576563,245251074.74378762,243352094.0747576
6451,243027575.98779297,244745964.343614,244963774.83575308,244796181.47211078,243124544.8482414
6452,245140319.28515625,244392475.7144276,244550708.6512942,244451624.03353158,243027575.9876968
6453,246904707.53393555,245500458.5977951,245672132.11160555,245614581.6553195,245140319.2850621
6454,240961772.31030273,246646680.15428275,246714758.65837082,246733396.0569715,246904707.5339322
6455,243098150.96606445,243259486.4183954,243195902.75442982,243129096.74813294,240961772.31023192
6456,242982701.59155273,244064184.69112423,244337464.39665344,244184799.7067166,243098150.9661615
6457,238310719.46728516,243915024.46611717,244013411.54404196,243962208.8491266,242982701.591518
6458,237962673.70654297,241052733.57282615,241127817.0636014,240978672.96424168,238310719.46720657
6459,241412621.41870117,240354945.9443003,240656038.95728746,240426434.9151838,237962673.7066528
6460,244148283.38500977,242086380.40395465,242374596.64812127,242250498.43096086,241412621.4186317
6461,243760130.19384766,243864651.51173732,243985921.78646678,243979083.5603725,244148283.38495865
6462,245355074.5810547,243908395.088135,243904630.50316074,243908647.9615213,243760130.19395575
6463,247017528.6748047,244970998.7314514,245027888.61270535,245024035.90089005,245355074.58098164
6464,250131736.60205078,246137743.4369927,246123909.5844156,246175739.73445567,247017528.67470255
6465,249057158.26123047,248262126.1526083,248208435.03458405,248320776.6226338,250131736.6019757
6466,247902222.99316406,248081051.26566786,247888476.31653476,248017843.06344348,249057158.26132017
6467,247443220.5263672,247502407.72937948,247389865.31162065,247440699.88418552,247902222.9930488
6468,255400098.40625,247233798.12080175,247182596.09765565,247211367.87021977,247443220.52625376
6469,248558432.99658203,251932869.86833173,251965756.04215342,252122082.46088934,255400098.40635863
6470,250836714.3305664,248614640.03212076,248187510.8334845,248373917.52715456,248558432.99665684
6471,251146734.61450195,249754354.17609096,249783436.79636884,249795590.9800899,250836714.33063683
6472,250732943.41210938,250083253.15338185,249945749.37720922,250073055.91498858,251146734.6144782
6473,248786022.60083008,249959021.04629478,249836356.85077593,249931999.63111782,250732943.4120511
6474,249610770.57543945,248818279.76593632,248704635.914417,248755681.92154846,248786022.60071057
6475,247468774.14404297,249175576.59433624,249170898.895543,249203156.71532556,249610770.5753675
6476,248261570.84228516,247919179.76964283,247840957.5503338,247872821.27486497,247468774.14410484
6477,243842061.71020508,248187281.04352796,248229510.11080596,248227114.20071697,248261570.84234184
6478,251888792.99804688,245539648.85320774,245484174.46503192,245448687.5333812,243842061.71021745
6479,254872626.74975586,249903656.3737127,250144206.55131012,250155201.1882749,251888792.997981
6480,253756571.6418457,252212965.4067647,252020560.14714494,252274007.19081137,254872626.74977684
6481,252410116.47705078,252075125.74353507,251798483.85859856,251998498.86566725,253756571.6417612
6482,252099806.24902344,251432290.63403696,251237469.26213345,251356428.03400043,252410116.4769727
6483,249089520.1376953,251238237.61820978,251109555.1082707,251199624.55554497,252099806.24898437
6484,247525002.04223633,249510828.4506486,249380049.12911502,249425545.75580105,249089520.13767797
6485,245555763.87670898,248340024.1690827,248352893.00865346,248322361.00496757,247525002.04215267
6486,249834880.62060547,246918008.25178754,246971135.02293354,246915729.24497792,245555763.87672773
6487,246993847.40551758,249108845.45809135,249272469.25372246,249271003.7543884,249834880.6205504
6488,246807779.265625,247633455.34739366,247527392.64911798,247581773.85896516,246993847.4055352
6489,243920070.06347656,247345145.04455742,247416019.2096009,247374709.92177936,246807779.2655385
6490,248152719.59350586,245503507.91755182,245527560.75412512,245469304.0913403,243920070.0633728
6491,247130148.4951172,247681517.70050853,247880968.41477317,247845185.13264674,248152719.59357688
6492,243506338.6208496,247269053.4862492,247208861.38950872,247267308.16046688,247130148.49499545
6493,242201171.98095703,245058568.5893545,245049947.99101254,244986132.22653487,243506338.62093672
6494,239268015.57202148,243917762.21438548,244067001.292631,243930851.46879685,242201171.981068
6495,242618582.17382812,241864280.0961041,242015987.6584578,241851643.42867434,239268015.57194084
6496,244853222.0966797,243406097.366413,243715157.59213644,243575351.9399345,242618582.17382175
6497,243563480.84277344,244729935.85722062,244835644.74795973,244829326.1200886,244853222.09664357
6498,241462336.17797852,244145015.64233628,244144168.30555964,244125167.64766416,243563480.8427412
6499,244627178.1965332,242846250.6031477,242906820.96969,242809488.4868761,241462336.1779977
6500,245775866.0690918,244524942.58671457,244706642.88940877,244640067.701872,244627178.1964806
6501,240698702.0961914,245380174.23675495,245390367.65181953,245422549.3203906,245775866.06915247
6502,244866451.04833984,242482044.21264482,242409647.1754236,242343444.99475196,240698702.09613875
6503,246701076.11572266,244604559.79384345,244839032.8693308,244741068.4387196,244866451.04837957
6504,241144512.40063477,245894505.86653304,245885785.29993543,245946050.50907117,246701076.1156825
6505,239908962.86621094,242807015.50074273,242691923.79796508,242645566.99755442,241144512.40063137
6506,242428022.70092773,241704200.40040162,241880290.63476738,241696170.1781839,239908962.8661559
6507,243297965.82128906,242949943.58099684,243163473.2053125,243060714.7206581,242428022.70095488
6508,244102589.2788086,243555983.74643117,243634433.38402602,243607812.74305004,243297965.8214017
6509,244434264.25024414,244124625.1977933,244179845.2618678,244159248.28848606,244102589.2788557
6510,247378730.14892578,244446823.5050019,244470360.14402318,244462128.28573278,244434264.2501251
6511,249747011.21875,246302217.87301326,246343155.4540946,246380335.2419456,247378730.1488537
6512,245728448.84692383,248050712.57945153,247970579.8218849,248094474.06550935,249747011.218662
6513,248126390.69335938,246026724.03189778,245824300.5751507,245887875.47901797,245728448.8469122
6514,245229850.59692383,247299211.61671418,247354105.68750635,247354240.8851354,248126390.69327545
6515,243490454.95751953,245752802.6075204,245629519.95970517,245664490.3032411,245229850.5968165
6516,250882128.19433594,244583832.8770667,244631742.02818707,244560857.0297054,243490454.957574
6517,249232482.62231445,248708625.41038027,248872334.08663973,248922357.49067658,250882128.19424552
6518,245311941.4428711,248301357.4374332,248059180.2075286,248232242.94105875,249232482.62239304
6519,251631993.81469727,246079219.99107036,245958207.99846706,245956925.97204548,245311941.4428338
6520,245630449.44580078,249570743.3866412,249694368.95410857,249742560.56788057,251631993.81466985
6521,246892162.42626953,246440810.08255064,246159221.97099277,246257813.38314787,245630449.44583637
6522,245450337.84887695,246876293.77271682,246976088.32792497,246919232.95693883,246892162.42617387
6523,248926754.66601562,245983017.34204018,245949578.38274774,245956349.68162715,245450337.84890893
6524,242507851.62817383,247917114.7647899,248003509.065096,248025917.2603518,248926754.66600305
6525,247816299.10986328,244316370.66924053,244147647.11442998,244143008.3775905,242507851.62817737
6526,247240623.3347168,247066502.57813314,247309547.54368395,247245068.1765796,247816299.10983065
6527,243800594.2355957,246983823.50277466,246889444.10508373,246982728.92905077,247240623.33462733
6528,249654494.1459961,244955639.5646589,244905870.8436046,244874854.75960502,243800594.2355412
6529,244574774.69067383,248136579.85106045,248300431.3111422,248313551.33532998,249654494.14601424
6530,238223089.9362793,245483714.7934119,245273061.55935082,245342312.274817,244574774.6905909
6531,247306251.71240234,241375975.95194054,241420798.20199826,241231713.21470532,238223089.93627396
6532,246753510.3840332,246063566.90515345,246458329.74268147,246363116.59617478,247306251.71242264
6533,245087005.22216797,246185429.25972095,246041848.2303524,246169345.927601,246753510.38406733
6534,245181615.41308594,245350011.5578806,245300542.18860522,245298255.9850015,245087005.2221717
6535,244574003.06323242,245299537.84741184,245324380.09310928,245301294.6476767,245181615.4131657
6536,244782740.04248047,244905785.46691543,244910193.36487874,244892676.67971355,244574003.0631996
6537,245289010.2055664,244942394.43020043,244975362.44422877,244949062.27122307,244782740.04256853
6538,243154804.80273438,245247869.09744844,245270575.7016668,245266217.56384146,245289010.2056872
6539,242294242.00097656,243983726.28051144,243961352.17953297,243929062.09162545,243154804.8027562
6540,242843402.06030273,243252890.57448894,243331031.36015877,243241212.11066288,242294242.00089303
6541,247715086.84033203,243396592.55308774,243500957.95582914,243428560.19067764,242843402.06019533
6542,248450322.1743164,246246021.9231447,246347763.76955286,246375424.92362466,247715086.8402332
6543,244317526.1225586,247127806.701444,246990842.77612036,247114264.17296413,248450322.1744089
6544,244240946.34155273,244942487.86020017,244782222.9850734,244797545.62506998,244317526.12259424
6545,244133830.2373047,244659060.54512534,244722571.38100317,244651188.21915314,244240946.34158155
6546,239574613.81274414,244488316.70918703,244520054.75397673,244486295.33881393,244133830.23727965
6547,243682631.3701172,241726584.28336042,241726986.30067095,241619464.6857368,239574613.8128643
6548,245270006.8317871,243716447.06897178,243981025.73911536,243865144.62753218,243682631.3700467
6549,247685204.4345703,244771235.60487258,244783512.82870466,244817664.63238782,245270006.8318272
6550,247595809.06958008,246430776.81956986,246417632.98698536,246479846.14546576,247685204.4346133
6551,243933032.38671875,246692620.4478186,246571198.31624538,246658842.72227088,247595809.0696431
6552,240706194.2770996,244628356.9888162,244504853.63068116,244497396.38148767,243933032.38665977
6553,243020189.91748047,242471621.576822,242514439.52330709,242385702.35791367,240706194.2771161
6554,247089479.21362305,243480133.32406908,243680540.7665056,243572129.666737,243020189.91737625
6555,248805692.33251953,245926215.29229203,246009780.2373601,246047146.24837384,247089479.21354505
6556,246328631.16503906,247316686.47176853,247223013.6270968,247338955.9436358,248805692.33249936
6557,250244774.1135254,246177901.2869614,246012945.33973747,246074521.89956564,246328631.1650236
6558,248686585.21044922,248493304.2059518,248513694.60360798,248574578.4773041,250244774.11349472
6559,246622693.90112305,247937013.73100242,247734208.05148947,247860607.90448886,248686585.21035197
6560,247597896.25952148,246730477.0311196,246629747.57386655,246646186.76690224,246622693.90102848
6561,244370387.29858398,247192597.331076,247201964.1500481,247212875.848608,247597896.25961912
6562,242990351.29125977,245287605.91418886,245205152.693713,245197559.94117868,244370387.29864436
6563,244880324.96826172,244189591.07988435,244266545.06848437,244169005.13856745,242990351.2913197
6564,244764544.25561523,245100225.3656786,245238049.148934,245188183.7913727,244880324.96836057
6565,247253176.96948242,245032474.17820027,245052630.8412317,245051052.6517704,244764544.2557241
6566,241290323.04174805,246473599.10308158,246523733.01800933,246543984.60890076,247253176.9694688
6567,242923177.99194336,243156631.9721409,243032126.41980463,243003571.25124764,241290323.0416632
6568,249667708.0744629,243631295.60319817,243839856.84652877,243703864.21461236,242923177.99184185
6569,250118072.04516602,247592329.2590359,247717815.14937618,247788207.0049849,249667708.0745376
6570,250582227.74316406,248417215.08447778,248209762.22176036,248390153.56606063,250118072.04508933
6571,250338369.74414062,249027820.8320419,248870040.19309354,248992951.48829308,250582227.743108
6572,251523577.68847656,249078315.0443748,248901574.3215863,249015443.1522715,250338369.74422228
6573,250857625.91845703,249954759.20349753,249825842.98589003,249943504.2347217,251523577.6884401
6574,247504747.94140625,249756430.22055984,249571895.5398432,249695147.89222112,250857625.918351
6575,247132245.02954102,247808827.6460195,247646069.48172307,247683827.3916522,247504747.9414225
6576,250730559.59838867,247373336.46349484,247387935.70279664,247366647.88341305,247132245.02944195
6577,248165001.45947266,249341254.85524973,249375424.7742468,249438206.39851865,250730559.59846717
6578,243461251.1459961,248050340.086538,247866994.04242784,247953520.5954866,248165001.4595452
6579,243542133.01611328,245203960.26336703,245155482.44877595,245084630.27588767,243461251.14593905
6580,242947261.51416016,244764674.52403942,244933061.67050382,244808588.25561664,243542133.01622987
6581,240884798.81591797,244158367.0833047,244267615.0599346,244187479.66150212,242947261.5141394
6582,248172867.46899414,242720643.6844391,242832268.12547064,242713146.76124853,240884798.81595048
6583,244497329.9165039,246742342.12359512,247001138.3679557,246978939.56131026,248172867.46898025
6584,248692514.5505371,245031643.04652032,244856855.21086398,244930476.89672315,244497329.9165204
6585,244439992.35375977,247409327.32044014,247521363.45821482,247521671.81421605,248692514.55063203
6586,243555007.38134766,245192795.47747633,245018918.45468327,245062118.05697116,244439992.35380945
6587,243978952.35864258,244439259.06954047,244519477.85667345,244422634.25016296,243555007.3814011
6588,243240117.73535156,244524846.13458595,244614328.05645844,244556292.3684986,243978952.3585632
6589,245593756.09692383,244052529.1647998,244108322.42094257,244058228.64819202,243240117.7352458
6590,248813750.75830078,245332397.62653726,245443950.82758474,245419099.33146784,245593756.0969769
6591,241834777.4111328,247368357.7409607,247370175.0420996,247448577.63544026,248813750.75836968
6592,243920107.328125,243562760.05939856,243361375.56550947,243356763.13031012,241834777.4112444
6593,247915099.5961914,244345221.49809644,244552384.86641777,244421826.61584195,243920107.3281256
6594,244717282.80932617,246691082.74095517,246757324.467625,246802500.3763947,247915099.5962782
6595,244862489.31030273,245163607.27211562,245021757.99466738,245063672.26292652,244717282.80940717
6596,244394383.68066406,245133912.96166852,245192566.7738256,245139802.90028366,244862489.3103297
6597,242891999.48535156,244826802.88568524,244848464.10795024,244825494.33436662,244394383.68059015
6598,242081188.07226562,243851945.6993643,243887165.82339364,243828856.82083204,242891999.4854523
6599,243161953.16015625,243162375.49698395,243257340.60082188,243164617.01313892,242081188.0723513
6600,246111987.17333984,243625773.48865348,243750640.02327642,243678288.39639625,243161953.1600636
6601,243602365.4453125,245415444.29677692,245499126.05794412,245507096.86488935,246111987.1733954
6602,243192829.5300293,244202134.39828992,244122346.4069133,244133995.53080606,243602365.44524288
6603,241655067.93481445,243848407.13881335,243921569.69079733,243851046.58021015,243192829.5301359
6604,242455395.30249023,242822602.21769804,242876094.81526443,242799797.08196095,241655067.93483472
6605,238730409.12060547,243123228.48645064,243260327.82789913,243176824.111037,242455395.3024688
6606,240166055.50317383,240839029.81763706,240881283.65384805,240770333.71127927,238730409.12049145
6607,238390520.72924805,241291637.7664666,241533231.90191138,241374822.67034844,240166055.5031058
6608,241196426.4243164,240151420.95016447,240261887.1113883,240145690.0669483,238390520.7293456
6609,240102362.33618164,241563064.72994828,241788079.94985557,241674339.63951862,241196426.4242088
6610,236648063.9152832,241021251.0250189,241064649.08157757,241007070.1606601,240102362.33613613
6611,237221630.54907227,238903008.83741623,238994862.15982437,238834078.3539843,236648063.9153688
6612,237499684.01586914,238876473.73781747,239131613.65420905,238935474.92675298,237221630.5491265
6613,236298831.5979004,238900384.9198522,239093507.1859313,238953588.3889175,237499684.0158301
6614,239055516.82128906,238062705.37551162,238219912.13639298,238061680.36963367,236298831.59801376
6615,236748068.2199707,239550776.75664097,239784555.52167362,239654532.34229577,239055516.82133684
6616,240588921.13232422,238353448.6760334,238413457.48092237,238314330.42196,236748068.220023
6617,241310243.01171875,240464091.10741654,240691892.79348078,240588952.5735447,240588921.13224465
6618,243577789.03344727,241141225.9623213,241151279.95887077,241156061.33433947,241310243.01167145
6619,245446022.81347656,242659001.22330144,242683801.95046395,242696751.90271494,243577789.0334957
6620,239761212.74536133,244071345.9168093,244004448.49949273,244080163.8491924,245446022.8134185
6621,243017677.52905273,240993449.32545012,240811057.7681802,240796490.5004023,239761212.7453685
6622,241697649.3527832,242572747.64716676,242730818.85242262,242643071.98120716,243017677.5289901
6623,243476263.34692383,241940243.1366508,241871913.79180887,241879318.56233388,241697649.3527645
6624,244614127.95532227,242966237.01559368,243015843.96789205,242994433.07396585,243476263.34681895
6625,242822426.26123047,243760753.11966032,243713940.81285682,243756913.03490856,244614127.95522392
6626,242087005.80078125,242841292.64647073,242736508.30879688,242746360.12586614,242822426.26127025
6627,241332697.19311523,242346640.57130167,242342818.31828725,242294715.33125418,242087005.80067945
6628,245377571.0222168,241815286.28006083,241832083.55787498,241774593.5637303,241332697.19319925
6629,245021561.04223633,244124261.33005464,244204604.81859586,244207545.88885,245377571.0222608
6630,242285665.015625,244279886.72474563,244151965.6443599,244231600.5436807,245021561.042332
6631,246465725.70458984,242744723.33530068,242645024.84125733,242627767.4449277,242285665.01561272
6632,250045411.57348633,245087512.35005617,245169405.7064437,245175809.95220006,246465725.7044937
6633,244961250.99609375,247506291.40704876,247380313.67577857,247543923.67645386,250045411.57353923
6634,248466361.0432129,244963187.2934957,244654999.15469196,244749261.77351165,244961250.9960052
6635,247932452.7043457,246867476.87501022,246892887.80558935,246911430.88871038,248466361.04322168
6636,245430115.0,246818631.7132555,246624352.7549924,246744548.8638445,247932452.7043045
6637,244785096.11254883,245443141.79899198,245297831.03905886,245326102.33833113,245430115.00009924
6638,238794864.6064453,244911972.01484284,244894883.8568666,244873204.0903722,244785096.112656
6639,241090484.83666992,241169361.8299042,241108552.3079267,240998872.54600146,238794864.6063387
6640,247391536.31420898,241946333.64158425,242204094.97117135,242036583.34174913,241090484.8367145
6641,248902648.33618164,245619882.9110064,245753227.99023154,245801870.4426241,247391536.31421232
6642,244217362.09326172,246985272.1852413,246816140.210942,246979382.98029435,248902648.3360876
6643,241330953.11450195,244556245.7828644,244324957.84499103,244371256.15029213,244217362.0931653
6644,249134946.94140625,242599666.52860138,242604528.42151436,242499653.28845695,241330953.11446413
6645,249087276.75170898,246894297.3493198,247075443.11114812,247093601.77472678,249134946.9413581
6646,247514044.36206055,247409415.10437605,247164425.14223698,247349747.180359,249087276.75160208
6647,245195636.49169922,246739666.1808958,246557044.86633185,246631359.14037177,247514044.36201483
6648,245814065.60180664,245382210.32222286,245270658.07463998,245277330.73923433,245195636.49177688
6649,245297980.29907227,245548024.64863333,245552942.3082626,245538898.3071368,245814065.60171127
6650,240478461.8630371,245214925.0464288,245165809.42344147,245177556.09855333,245297980.29903123
6651,241208780.80639648,242268239.6732688,242207603.2550769,242124786.86276364,240478461.8629392
6652,243011938.20776367,242229231.5967275,242415227.64054194,242267064.3442712,241208780.8064789
6653,245007394.27563477,243104261.3532099,243212642.92749664,243161582.6216956,243011938.2077692
6654,241823613.6533203,244355485.79525974,244388512.20186093,244398834.09898007,245007394.2757008
6655,245866211.5625,242634176.4516382,242544192.5899783,242521662.39800808,241823613.65340057
6656,243821029.8215332,244857814.87668002,244984458.59476542,244952163.55899718,245866211.56241107
6657,251863435.4501953,243899219.6128187,243772612.81267294,243811222.70543045,243821029.8214999
6658,245092805.43798828,248625362.67899957,248707574.21275452,248794968.46222004,251863435.4501237
6659,247874023.2944336,245328800.34195623,244929096.89303568,245067760.75448865,245092805.4379101
6660,246438965.67016602,246752600.44919994,246809990.60107112,246780549.4219855,247874023.2944283
6661,239708671.8552246,246081862.04909897,245931150.7371679,245996294.31787774,246438965.6701851
6662,240619294.13354492,242060876.18694058,241967274.81395957,241860997.46802446,239708671.85528004
6663,239131605.3317871,241980591.50730014,242223627.85093254,242029756.389599,240619294.13357848
6664,244777530.7290039,240900871.30236998,241023252.7237578,240898071.89242914,239131605.33172867
6665,244134973.8449707,243992440.16557398,244235289.23563603,244173608.36518347,244777530.72910583
6666,245284990.54296875,243970106.06828693,243892317.91995144,243945270.62412852,244134973.84485164
6667,244114564.25854492,244744581.1592534,244759552.51265642,244760727.61804736,245284990.5429093
6668,242568755.27612305,244164918.57394135,244098530.2939449,244105441.80925146,244114564.2584825
6669,239825678.38598633,243243955.2662679,243244884.8426444,243190500.34926674,242568755.2760919
6670,244163425.9440918,241455080.38538897,241501618.9974963,241386262.12140277,239825678.38609976
6671,248243440.25854492,243731636.7959371,243941372.6676012,243867277.18393674,244163425.94414252
6672,247840477.60864258,246397920.07730588,246391424.22775775,246493975.77760816,248243440.2586096
6673,245118437.95751953,246616851.32192445,246434207.9250801,246555312.18645898,247840477.60863632
6674,242882248.0979004,245201076.23940563,245059021.37486303,245080648.25152737,245118437.95745695
6675,244125326.91381836,243756697.36616433,243741198.62383574,243676170.37021843,242882248.09779692
6676,243808671.04345703,244288544.59934548,244385053.1601415,244328415.3102916,244125326.9138406
6677,242878160.6484375,244092355.76668692,244103001.50486794,244087162.93474698,243808671.04352185
6678,246354876.73364258,243485664.33085,243509216.86355343,243460215.0802478,242878160.6484472
6679,244432830.84204102,245482609.0186596,245579719.064686,245579498.32127592,246354876.7335342
6680,245160417.8864746,244606874.44296604,244504289.86704785,244545555.0376636,244432830.84200448
6681,246192800.58007812,244948133.17443743,244974676.67607617,244954484.08733383,245160417.88654548
6682,243873088.41357422,245633115.29168227,245617900.3034687,245649500.76185384,246192800.58005825
6683,244984762.67041016,244355062.0925451,244276215.67119938,244277787.19261622,243873088.41356024
6684,246634495.07128906,244846382.55681688,244902966.52008173,244869778.9822974,244984762.67034492
6685,243158525.42578125,245859506.643837,245854807.80958006,245891812.83074242,246634495.0713892
6686,242983685.77978516,243926147.02838382,243813800.63214466,243806978.07565504,243158525.425858
6687,243038157.40063477,243624712.44627523,243706759.28284955,243618864.87599725,242983685.7796672
6688,246195679.83081055,243576770.2560201,243641958.72373927,243592919.41200945,243038157.4006151
6689,246668001.85595703,245389071.2511925,245475389.77135378,245483165.74680546,246195679.83072284
6690,246090324.5102539,245880559.71036318,245801714.42188174,245872239.03528726,246668001.85587
6691,239596368.74487305,245691725.75213754,245608520.65790516,245642456.96280378,246090324.5102236
6692,244133129.30664062,241906138.5515479,241813684.93590665,241726976.76684543,239596368.74483025
6693,245916107.75878906,244029481.70699483,244304241.32100123,244182224.82128593,244133129.30663145
6694,247283453.82055664,245206383.8040094,245198971.73543927,245258132.61614084,245916107.75879237
6695,249227964.29174805,246206920.93066272,246153327.05706292,246218736.92465425,247283453.82061344
6696,244270586.8930664,247595698.45774361,247503146.1504202,247607433.9491699,249227964.29184565
6697,243496986.15429688,244933450.3442972,244720259.00304276,244757253.33893466,244270586.8930989
6698,248041574.82299805,244161843.16542667,244217714.61587343,244126587.22876137,243496986.1542313
6699,246267560.78295898,246704748.37631696,246799576.93292883,246821010.16439688,248041574.82306343
6700,252441443.92651367,245989742.8197091,245832469.49248734,245914012.91045824,246267560.7829078
6701,248888706.72460938,249682253.07343367,249713237.62861466,249816377.94438356,252441443.92644283
6702,247118207.01489258,248135138.33861148,247804909.8989205,247974431.39070016,248888706.7245796
6703,247790013.9255371,247091227.11960015,247002193.9163335,247006920.39883202,247118207.01480883
6704,242877019.02856445,247353303.39469054,247332017.03073004,247351388.12311667,247790013.92559892
6705,245964427.79833984,244475425.46361384,244379329.08132133,244347566.5347814,242877019.02859408
6706,246164639.88598633,245817926.65939936,245995102.0208564,245919258.3738714,245964427.79838708
6707,249639356.15893555,246010538.90190792,245983684.66304383,246023639.81189904,246164639.88586748
6708,249624829.34716797,248089374.2075299,248105280.8336322,248173275.34256157,249639356.15882477
6709,249814249.96704102,248372815.67876798,248203063.09399346,248328976.94263023,249624829.34726632
6710,245300431.0703125,248676984.88369516,248550654.70962062,248637365.126077,249814249.96693203
6711,249703709.24047852,246119202.86191127,245951151.9650586,245962586.9313244,245300431.07040456
6712,248267579.1911621,248463169.36341825,248580437.37886637,248579916.8531361,249703709.2405835
6713,247805105.1682129,247861295.25598937,247701680.2540798,247802985.51526627,248267579.19118336
6714,252046248.22998047,247583184.52161995,247537082.40740976,247557101.86259627,247805105.1682287
6715,248708687.24731445,250074234.8933414,250074931.22414508,250171693.51612976,252046248.2299672
6716,254634772.59814453,248461747.21366414,248218600.28526467,248335736.09538803,248708687.2472164
6717,252154439.25097656,251893095.15772358,251912908.68146473,252018265.18611258,254634772.59806404
6718,247871741.13720703,250981477.5000852,250658611.17180875,250862156.39731574,252154439.2510605
6719,248545147.2849121,248498941.07470736,248336600.1206071,248357171.9018507,247871741.1371299
6720,245431787.9350586,248555331.4276281,248602687.7463014,248582326.57241794,248545147.28479263
6721,242533552.45336914,246588786.8659718,246539144.40356755,246521646.52448753,245431787.9349928
6722,247463567.15820312,244509876.80447474,244595423.17272118,244469710.6403731,242533552.4534257
6723,247093028.6159668,247018377.72889164,247258145.5796744,247202013.27442947,247463567.15818
6724,248612683.08740234,247003939.32916516,246951961.11596859,247012786.23613206,247093028.6160574
6725,248535188.89794922,247947490.89719945,247961948.72429422,247992095.33697245,248612683.08748823
6726,249189407.18286133,248079082.37622866,248012808.64369842,248075342.0487749,248535188.89805943
6727,249779239.0690918,248526975.25563252,248484983.29171214,248536922.9789687,249189407.1827892
6728,247097931.35791016,248991054.56950933,248923502.40752512,248996250.53556532,249779239.06909108
6729,246018584.92651367,247511396.1706404,247403563.55794156,247433030.55916238,247097931.35779276
6730,241594289.47753906,246675006.59606683,246701922.40427136,246657076.81762338,246018584.92640257
6731,242953749.2314453,243864421.4932721,243886036.62545747,243779191.434042,241594289.47756624
6732,248934816.69091797,244173401.4327511,244421122.40996042,244273185.71060944,242953749.2315294
6733,249822028.54467773,247572796.50172716,247746429.25763187,247773436.2928554,248934816.6908312
6734,248612987.55859375,248551021.7168732,248429145.0709825,248566038.74581897,249822028.54475415
6735,244248551.33251953,248123114.53498513,247996632.30472243,248066318.4644867,248612987.55870572
6736,242118448.7878418,245587564.75048882,245503174.8241273,245468087.29124197,244248551.3325364
6737,244615927.02929688,243952888.2899182,244069653.575743,243932097.11064452,242118448.78787816
6738,248097101.89160156,245060431.550035,245267952.7191675,245180861.7457672,244615927.0292756
6739,246306576.50976562,247131707.92395404,247206364.3231623,247245418.19602475,248097101.8915634
6740,244589554.7746582,246413865.37441245,246315619.07412112,246365832.41914785,246306576.50982267
6741,243572410.19970703,245382925.6863507,245393398.02041298,245347761.45890316,244589554.7746832
6742,245330829.71020508,244622652.96618482,244697753.07152858,244624540.50609362,243572410.1996748
6743,249328844.24389648,245498560.5058206,245627404.35840788,245584156.9408255,245330829.71012023
6744,251723865.72558594,247913613.6363452,247967893.12486663,248032466.69185123,249328844.243988
6745,245347189.22802734,249739303.46810368,249621483.07396385,249778195.04440397,251723865.72552025
6746,245332578.70532227,246385366.14186206,246138218.65592483,246187901.1742151,245347189.2281032
6747,247285207.58398438,246012629.56070864,246118539.73605758,246024701.0156677,245332578.7053427
6748,244795819.9638672,247059491.4310321,247137007.6714824,247143556.06420907,247285207.58408105
6749,247570590.8635254,245634355.13974017,245586382.30236587,245585310.0277886,244795819.9637624
6750,249173226.1821289,247084845.31216925,247198287.35454085,247180831.64644796,247570590.8635873
6751,246028432.7072754,248203662.94375876,248166469.25023666,248251958.11945668,249173226.1822308
6752,249157595.02905273,246523409.7258023,246398612.31827027,246427850.05630592,246028432.70726407
6753,250424727.68896484,248251020.9673817,248335061.96144238,248342743.06783587,249157595.02903077
6754,251464832.57177734,249235204.84222636,249144626.71553183,249260476.99090263,250424727.6889846
6755,251419016.7373047,250107553.88760668,249997778.52357298,250117991.83437636,251464832.57167983
6756,254225011.71801758,250302721.29760298,250155738.57994443,250277862.4612019,251419016.7374054
6757,252193574.19970703,252107689.38027284,252008443.77305886,252158273.83129457,254225011.71797463
6758,256007231.50952148,251228399.27068225,250973275.0567591,251132695.40563533,252193574.1996467
6759,251856269.8630371,253558676.394309,253483293.34942436,253634536.24033082,256007231.5094885
6760,250345275.75341797,251473899.92372224,251160764.92210636,251326498.5244259,251856269.86309308
6761,249479524.7800293,250420145.4508157,250352373.4500964,250372710.59941962,250345275.75336412
6762,248263854.48046875,249747807.47656438,249725063.30702156,249747819.1183579,249479524.78003937
6763,249893613.76782227,248838417.55660635,248832709.6113476,248834586.0120859,248263854.48036945
6764,251325767.06152344,249642394.03085375,249705911.68065882,249728467.13249233,249893613.76790747
6765,250478226.70629883,250503673.57247806,250476426.974138,250566380.9422077,251325767.06151304
6766,251818262.65551758,250103837.0644705,250001894.21737146,250085866.215343,250478226.70641103
6767,252156908.66357422,250896841.7403747,250863877.08472854,250939586.572446,251818262.6554726
6768,252798432.42529297,251208938.6234417,251103939.12322453,251214054.1145929,252156908.6636464
6769,249493135.84277344,251692413.01393968,251588814.75905412,251697307.58295396,252798432.42537028
6770,253124120.69799805,249887226.9334109,249737117.9016498,249798293.46141842,249493135.8428239
6771,255308046.53320312,251827413.83806226,251887405.11749053,251940174.7850223,253124120.69808036
6772,253879114.13208008,253378310.667744,253245243.27620178,253433018.01311034,255308046.5332032
6773,253538142.71777344,252844184.08413312,252624112.99200568,252785300.72025982,253879114.13207984
6774,253878526.49780273,252690127.50711417,252566410.13047427,252670890.88632682,253538142.717729
6775,252749463.87573242,252911800.34986123,252805660.23824796,252920143.0446456,253878526.49786693
6776,250806045.8720703,252278181.50270727,252146344.7283858,252247285.30920792,252749463.8758053
6777,250173727.51171875,251052983.6013231,250971032.1110276,251013489.42920476,250806045.872032
6778,247239760.24829102,250464067.28392065,250465189.95467982,250471750.46790254,250173727.5116029
6779,247587243.3894043,248589652.54620305,248580894.1416284,248550537.92293134,247239760.2483943
6780,247607549.57739258,248483203.5300473,248622502.02055705,248558588.61211762,247587243.3893428
6781,244739001.73901367,248327159.54646188,248412550.33089602,248392888.58466423,247607549.57731387
6782,244805066.19360352,246483792.79568067,246535729.8192391,246470228.95706207,244739001.7389553
6783,242276394.3413086,246145439.24008662,246330180.23196366,246218492.52574518,244805066.19365224
6784,245656149.77075195,244440943.85173652,244561904.25898233,244445134.40781656,242276394.3411937
6785,245621350.1225586,246118937.3212903,246387865.98323154,246288752.50525868,245656149.7707289
6786,247352173.8322754,246212518.5742968,246274697.94022942,246270824.80108312,245621350.12266663
6787,249267080.1201172,247232842.10251996,247330429.40048265,247321534.6834189,247352173.8323325
6788,250770154.4177246,248513080.18104777,248530872.69778836,248586258.05285963,249267080.1202148
6789,255099385.94873047,249655899.44952753,249604619.5831538,249697579.7749092,250770154.4178044
6790,247672668.87402344,252529701.16831693,252461591.71433052,252629511.7405311,255099385.9487044
6791,246380989.04663086,248675588.55838802,248349281.31379822,248452484.9959326,247672668.87395272
6792,250909264.5847168,247521593.5428308,247619803.12373608,247518100.44185358,246380989.04658815
6793,253412602.7097168,249905561.45537883,250040420.55206916,250065038.53293005,250909264.5846804
6794,253377497.77612305,251687778.803719,251601919.545523,251760847.1517,253412602.70966905
6795,250254734.59521484,252047051.916248,251877000.90967903,252032270.96120292,253377497.7761541
6796,250696445.71923828,250372467.225199,250205058.094323,250276905.7474625,250254734.59514436
6797,250418094.86621094,250504548.0017942,250514492.2044593,250534256.72349375,250696445.71926165
6798,253500399.32080078,250336058.73369938,250303034.59302577,250356464.17984295,250418094.86618787
6799,255618396.5534668,252136919.5022164,252147488.46654543,252239652.70316964,253500399.3207965
6800,255625436.55249023,253709422.49285382,253582593.07659328,253768232.52978623,255618396.55355743
6801,255285106.6833496,254068769.57919636,253868746.4920733,254056135.9890273,255625436.5525492
6802,254689749.78857422,254071753.24321812,253899207.06423673,254053387.14521956,255285106.68326
6803,254508300.13061523,253821256.86206552,253672797.3259735,253804864.57658768,254689749.7885493
6804,252433397.66479492,253755298.91074485,253647298.70817527,253764757.79574722,254508300.13051108
6805,250108017.1052246,252521437.75569534,252402938.0217514,252486202.40085557,252433397.66484588
6806,254430583.01586914,250981671.58434638,250956639.99433666,250966899.11990863,250108017.1052936
6807,249850250.51000977,253235877.4660202,253342712.17808336,253404269.8849423,254430583.0159028
6808,246965666.05810547,250742093.09439832,250563623.8791191,250652513.24124917,249850250.5099877
6809,252285950.84033203,248705222.9845487,248773234.5607284,248688201.07677215,246965666.05806947
6810,252569837.3798828,251462532.6144689,251675207.53600812,251678724.77390236,252285950.84031257
6811,247584151.66845703,251913951.63503382,251826318.34009898,251962771.36417198,252569837.37976497
6812,248740946.95922852,249077969.19820398,248977836.7634297,248983690.2568336,247584151.6685732
6813,253453842.42871094,249368582.91164872,249531908.3878349,249467036.0959751,248740946.95913845
6814,248793012.7236328,252101213.6466219,252199025.08902922,252286765.57112613,253453842.42863384
6815,249555267.32983398,249686740.6396422,249509478.0565631,249593993.54597986,248793012.72374505
6816,250817318.91601562,249880545.6261003,249989645.2679791,249955174.7824219,249555267.32990167
6817,252807036.12353516,250565535.79767007,250598421.9349652,250647674.4398827,250817318.9160261
6818,254274490.37890625,251859473.0268412,251853824.24695456,251951136.15698513,252807036.1235605
6819,250111860.3474121,252957078.9364428,252872761.22190443,253018296.57233885,254274490.37884435
6820,258732301.26367188,250698984.91636682,250523101.79230544,250602244.92601925,250111860.34744516
6821,258032115.16577148,255588771.75645623,255716378.8568016,255844645.6068837,258732301.26359797
6822,252577270.24145508,255858585.6845824,255506866.21140072,255817801.40105435,258032115.1657163
6823,250932229.92871094,252873834.6073003,252599608.82479873,252708886.83079556,252577270.24155065
6824,252366170.60131836,251558818.55884448,251551923.72225097,251540082.17831188,250932229.92876053
6825,251713615.08666992,252131653.23347557,252181162.5421038,252216773.3369454,252366170.60128355
6826,248657366.53466797,251719330.05351725,251671193.45895243,251738897.95527744,251713615.08655447
6827,249774292.15283203,249826691.6036292,249794651.07674238,249788907.64927322,248657366.53472236
6828,251942921.66088867,250168896.06838807,250293417.82250285,250261434.37438345,249774292.15289885
6829,253403793.0883789,251382161.5065501,251432086.68089613,251489967.67986417,251942921.66100785
6830,248998628.91430664,252410185.551597,252368470.69826132,252478484.6016068,253403793.0883169
6831,251117402.22192383,249979086.54850087,249840404.21394762,249880756.1594996,248998628.91419435
6832,252642822.64257812,250977732.18859956,251102860.4199329,251084116.49600983,251117402.22184563
6833,253245769.7619629,251953709.03824615,251944503.7874064,252035159.7882269,252642822.6425405
6834,252439348.23095703,252493153.16852647,252432402.61724618,252537400.03905168,253245769.7620548
6835,255641904.41577148,252165802.3733296,252083575.338557,252170493.09770897,252439348.23090968
6836,253669145.09033203,254093190.39021277,254088584.93430707,254206493.89082506,255641904.4156737
6837,254637775.56884766,253242160.74583307,253060929.04781002,253210304.99681786,253669145.0902108
6838,255468362.33764648,253752666.11100206,253709402.00600696,253798241.0763154,254637775.56890544
6839,255485774.80566406,254363807.99215865,254265243.1887889,254402660.89556348,255468362.33769223
6840,254849156.25024414,254560340.80610842,254440481.69963294,254580300.79559356,255485774.8056229
6841,250726011.92138672,254286092.01782984,254175359.13037246,254295052.98478085,254849156.25014943
6842,250778193.57592773,251822582.3682124,251716600.5376131,251753911.31053743,250726011.92133695
6843,252826105.0090332,251469609.4366869,251569574.23734212,251539127.6985637,250778193.57598493
6844,251246848.92529297,252528719.29054582,252605143.68927348,252655209.843795,252826105.0089277
6845,250421251.46606445,251678173.69994962,251630866.05624133,251693558.7166302,251246848.92541423
6846,249185637.76586914,251089823.10985103,251131575.53755113,251135743.2696835,250421251.46604663
6847,251339583.9338379,250217682.77380827,250273926.95555377,250263559.12264535,249185637.7657523
6848,249301369.12231445,251294154.1512578,251418360.8524355,251432880.1812718,251339583.9338045
6849,252939920.4206543,250146315.01915923,250123316.55818123,250159521.06824246,249301369.1224141
6850,251237045.25097656,252136584.74385154,252260656.7477382,252300205.03801686,252939920.4207484
6851,247508641.17993164,251352842.37619942,251252602.00181136,251352772.32298887,251237045.2510022
6852,256728887.79370117,249057931.0834167,249044371.34849435,249012109.90965995,247508641.1799084
6853,257080434.9645996,254185539.50137112,254419263.42363685,254491878.85457632,256728887.79382265
6854,249740280.36987305,255085859.99027234,254821739.2254122,255104487.20176834,257080434.9646205
6855,248159225.4104004,251022794.36872262,250762973.28250208,250826778.5608026,249740280.36995697
6856,252801664.45141602,249603520.61204705,249712909.86470798,249613141.38549262,248159225.4103289
6857,253275380.76123047,252061784.80986527,252236024.81446025,252262758.44110277,252801664.45139548
6858,256691407.13500977,252576419.63415354,252500359.26867503,252635900.0329419,253275380.7613308
6859,253967280.13427734,254729762.34516016,254690570.2182475,254841450.74997208,256691407.13511932
6860,254700150.1357422,253519553.05752376,253289361.99212313,253450646.76202366,253967280.13422036
6861,249025432.9177246,253948376.2441955,253910939.40051848,253995109.52861065,254700150.1357554
6862,249842374.6982422,250609712.15058246,250465058.93441063,250492676.18995616,249025432.91783783
6863,252445803.76733398,250638271.00928172,250804334.8272956,250734661.73255214,249842374.69815344
6864,252425812.51049805,252052852.30381346,252145040.6357024,252197311.65315172,252445803.7674021
6865,252013296.7265625,252195829.65476528,252157403.7294805,252250916.50431904,252425812.51051432
6866,254570192.22753906,252005404.28220052,251985529.36225373,252047019.81302863,252013296.7266527
6867,254687713.3413086,253498466.45246527,253513201.46182817,253608790.70421067,254570192.2275093
6868,254804475.87036133,253851560.60490957,253742508.76837006,253892277.5083914,254687713.34140277
6869,254112041.50219727,254022784.851732,253934174.20552048,254058167.65314037,254804475.87041453
6870,255535632.4128418,253653991.88454485,253553801.4073672,253662242.18233246,254112041.50226605
6871,253681247.65649414,254493967.2032988,254446866.88020745,254560991.45700037,255535632.41275156
6872,252964890.9807129,253543282.99929866,253407948.83007908,253522613.12776715,253681247.6564819
6873,252080600.07641602,253021092.68508333,252992490.1756962,253044501.72400886,252964890.980762
6874,253427655.08618164,252383177.7655422,252366471.45184645,252409130.13948238,252080600.07643327
6875,254192263.0144043,253077621.93666407,253112994.23196205,253170082.3647679,253427655.0861641
6876,252057212.49316406,253609803.05398598,253573895.70556054,253679922.67078218,254192263.01449817
6877,254537251.921875,252432865.60872698,252353694.4014592,252424412.5236532,252057212.4930868
6878,253887213.9423828,253739435.29925624,253792663.7381815,253856427.88808548,254537251.9218945
6879,253277666.72705078,253534592.00758305,253439338.69940168,253559551.3475485,253887213.94240475
6880,248905775.07128906,253200141.06648213,253158550.51402786,253230308.475758,253277666.72697908
6881,251468063.07348633,250552546.87379196,250501046.54760182,250497257.70604944,248905775.07121724
6882,247322551.1821289,251655780.98042333,251841996.94747564,251809730.68779212,251468063.07350016
6883,247961453.13012695,249215912.99055332,249194031.8926443,249190670.59022796,247322551.18204463
6884,252980723.80566406,249175598.51065487,249383253.09487683,249293169.81761095,247961453.13004944
6885,251856289.4951172,252013313.16721427,252181065.33065167,252236836.34863654,252980723.8057265
6886,252994003.0439453,251688879.28431636,251587190.29934257,251710427.6807447,251856289.4951301
6887,249514130.16577148,252404842.87272358,252409522.2879794,252480403.63944927,252994003.04404756
6888,251422928.0300293,250445962.72873318,250353516.61558768,250398018.9602229,249514130.16577864
6889,251444011.13330078,251304783.1066674,251416271.83680516,251413756.4133665,251422928.0301497
6890,255091117.35498047,251378958.17190468,251360051.3347892,251430114.95336848,251444011.1333725
6891,254487992.0390625,253587655.71342978,253617510.0678506,253728183.2883331,255091117.35496932
6892,256342725.75195312,253561894.5770571,253397984.26932415,253562967.17134237,254487992.03897944
6893,253684099.57055664,254789323.33961958,254710975.57930386,254852170.90811792,256342725.75200248
6894,252347754.6328125,253459739.61200488,253265097.7936079,253397522.5439864,253684099.5706261
6895,256783472.45458984,252585542.29408482,252546478.5444654,252584762.8882079,252347754.6327685
6896,252129527.21557617,255081477.64489162,255126859.56580135,255240319.2288634,256783472.4546165
6897,252868454.63989258,252674679.39819852,252449582.13525018,252579256.04388395,252129527.21550208
6898,249211463.65771484,252847451.78198877,252909949.00249332,252919105.72617665,252868454.63996816
6899,253778211.29760742,250613921.64092994,250560229.61078483,250571926.67966288,249211463.6577926
6900,256233143.7932129,253036093.1759709,253223197.84344968,253241735.68853137,253778211.29749647
6901,258783178.8310547,254715828.37136847,254651141.41065755,254834309.1134573,256233143.79324985
6902,251068980.36279297,256510679.95884478,256375280.29953468,256590920.1956593,258783178.83094043
6903,255495101.45507812,252319754.21014652,252013414.78031918,252118314.04379475,251068980.36287656
6904,248299351.9790039,254518837.17780423,254684295.62399784,254693574.9010172,255495101.4551698
6905,248886603.58935547,250424900.9079004,250236815.0285095,250287893.39267552,248299351.9789279
6906,250092912.07910156,250209491.1935576,250438752.23290607,250325730.78956288,248886603.5893416
6907,247076924.36694336,250665210.01055712,250794354.9916063,250795730.88784823,250092912.07904425
6908,252144309.4423828,248816393.23624822,248856257.74843746,248827126.0663718,247076924.366982
6909,247052546.37597656,251474023.36317852,251703029.46982995,251695818.68761155,252144309.44231027
6910,252217517.41674805,248731852.20731273,248622757.04606128,248658682.7919745,247052546.37595227
6911,252800961.3269043,251476716.6665923,251715276.96375313,251694672.80956194,252217517.41678235
6912,252110807.2001953,252119180.9590017,252046241.29784483,252184497.48218173,252800961.3269578
6913,251981200.5637207,251887886.71511543,251825510.03812507,251905529.70246604,252110807.2002689
6914,249225128.09423828,251859259.9844748,251839479.3264534,251900149.0659713,251981200.56375772
6915,252755883.18945312,250223964.34565985,250185622.34300995,250203213.42136312,249225128.09425095
6916,253349378.2434082,252083404.45173642,252216212.6433173,252243799.03285787,252755883.18935296
6917,249698798.73461914,252634404.2633428,252563071.42196503,252693668.27394426,253349378.24341613
6918,252972938.58398438,250603495.74546283,250504302.60651776,250547848.3300883,249698798.73463923
6919,259661576.07666016,252281632.95328745,252400463.71769884,252426424.80284736,252972938.5839164
6920,258835234.07592773,256451272.0769081,256427168.55352843,256658456.11086544,259661576.07667264
6921,256607307.64892578,256660805.20942563,256319914.95446086,256617621.43093747,258835234.07584837
6922,249801853.52392578,255636864.49706656,255391844.00080022,255561649.22042727,256607307.64884737
6923,251898562.21972656,251568738.81111744,251390742.8065742,251409648.88606247,249801853.52383703
6924,250694425.02172852,252213104.0442925,252390217.12129116,252340281.60297105,251898562.21969783
6925,251217332.81176758,251418584.56521156,251418048.66273037,251461330.07462457,250694425.02162564
6926,251051301.20288086,251537845.5120118,251613576.802364,251626069.46561152,251217332.81185156
6927,251887342.56420898,251367999.1533225,251395089.29321614,251432424.61673433,251051301.20283863
6928,253513472.4794922,251778276.36761326,251814554.48412862,251858094.13447735,251887342.56425324
6929,256163626.9008789,252802178.49480575,252807785.80247897,252897411.9032146,253513472.4796089
6930,253449569.33618164,254524584.30018985,254472266.71873397,254623126.18841928,256163626.9008141
6931,258289265.3310547,253251772.6296051,253058365.58506888,253192876.42446917,253449569.33612683
6932,256714988.0419922,256104067.50516036,256127233.31775957,256262833.64672828,258289265.33112007
6933,259120168.98779297,255591740.8383552,255335033.33485165,255555443.49939895,256714988.0420702
6934,254377126.9724121,257120202.40077183,257021562.0177321,257195581.84153327,259120168.9877025
6935,255281291.77783203,254573489.71690375,254303527.1301019,254453415.88840625,254377126.97231472
6936,253587645.63891602,254873995.47634962,254891588.58310455,254940453.50147155,255281291.77779555
6937,250130914.48217773,253853979.2888306,253772274.01589465,253859175.55623668,253587645.63885507
6938,250756468.0415039,251650255.08207002,251640297.15558213,251631231.84083924,250130914.48217985
6939,252125492.4584961,251612056.90776703,251761738.84351194,251724215.81562576,250756468.0415744
6940,252477899.92822266,252274753.9176272,252366643.54836705,252404961.19738767,252125492.45842728
6941,254012376.50683594,252478426.65435365,252496283.76512516,252561522.37332952,252477899.9281971
6942,247552807.56054688,253407003.11835948,253420716.4650317,253507099.89681613,254012376.5068856
6943,250781296.05151367,249711949.1637105,249598026.28579518,249604274.65291306,247552807.5604252
6944,245603786.98413086,251068140.67878297,251318085.05891728,251245902.32990113,250781296.05157572
6945,244933811.34057617,248008384.12899598,247986948.8224687,247959286.66062358,245603786.984062
6946,248390823.08325195,247091803.7302665,247345637.894625,247183419.52802876,244933811.34057835
6947,250867024.81420898,248854715.18524924,249113651.49983487,249063068.08925658,248390823.08336943
6948,251696798.03881836,250445686.9558059,250528338.31832588,250595190.68175343,250867024.81431255
6949,251030443.42407227,251174128.38669828,251159700.62519976,251253130.60604194,251696798.0388172
6950,252799595.75268555,250896988.8361533,250842213.96147898,250911674.46921253,251030443.42407155
6951,255516596.61328125,252004739.48429826,252016393.08997047,252092665.15314162,252799595.7525991
6952,253575780.3449707,253767445.18157044,253702647.4082819,253855843.09689447,255516596.6131908
6953,251779147.51245117,252978075.97693852,252781392.05648398,252928346.8911585,253575780.34485504
6954,249079160.11645508,251935766.14399368,251859947.38137418,251909109.22669506,251779147.51234856
6955,250977738.99438477,250186817.68206027,250166407.6152023,250155935.13597062,249079160.11653104
6956,253763274.04418945,251056016.48574936,251185335.84739643,251177137.91638145,250977738.99443477
6957,250654987.82080078,252717443.7050703,252739125.134843,252839912.01412553,253763274.0440804
6958,250621911.61328125,251157455.90443796,251030068.5262087,251112588.15148816,250654987.8208625
6959,248412497.3161621,250974872.89811954,251031336.64441484,251029338.72427467,250621911.61328247
6960,250237931.38476562,249573197.5730915,249583882.7272023,249578233.21757644,248412497.31607783
6961,254014708.25341797,250410990.8625335,250549589.0816271,250535163.7216863,250237931.384836
6962,256836714.13867188,252689226.22512916,252736957.88777062,252843208.91049814,254014708.2533549
6963,256012552.56933594,254752776.99440283,254648498.22369257,254851023.71964875,256836714.1385861
6964,253161885.30859375,254698498.92793337,254482238.1369414,254678316.4299659,256012552.5692829
6965,253672788.12182617,253147660.37980166,252982368.39163762,253078678.55139172,253161885.3086429
6966,247270708.11889648,253342516.67408153,253334115.2794143,253392740.56053805,253672788.121753
6967,246684439.33984375,249554347.82417372,249453019.35742158,249445901.49469656,247270708.11895192
6968,249848416.00268555,248585138.10673168,248807906.35960126,248674010.8962434,246684439.3397632
6969,247731866.7939453,250082632.37406787,250293068.50546604,250274365.80328572,249848416.0026337
6970,251023649.9794922,248848567.30616492,248853269.2369613,248865888.80877241,247731866.79382887
6971,250215877.76513672,250637322.16089854,250797198.13558486,250800027.77708492,251023649.97947556
6972,253458306.75195312,250341458.6116674,250297946.9112816,250371658.5343371,250215877.7650593
6973,252336929.76708984,252287618.1989251,252341907.59761214,252419179.99134436,253458306.75191796
6974,251245245.70141602,251925067.68901795,251796441.22770292,251921231.5326925,252336929.76702783
6975,249747098.48706055,251334726.60818473,251289869.75054967,251338788.7259768,251245245.7014169
6976,246662078.27392578,250394603.3906905,250387579.60703415,250404050.78844935,249747098.4871634
6977,251605650.50073242,248403266.46723446,248443305.60940778,248393436.10816854,246662078.27381915
6978,250753551.5925293,250965396.60331583,251183008.46350658,251177880.39567935,251605650.50068364
6979,248510578.62402344,250738305.03217024,250665652.4663723,250772789.01833555,250753551.5925229
6980,248414112.4501953,249400161.06856766,249387708.43051714,249392309.21631715,248510578.6240965
6981,252016500.74780273,249143647.15412387,249236454.57979396,249211915.4828716,248414112.45017844
6982,257222630.26171875,251138357.63413322,251237681.69745484,251293448.6559908,252016500.7478772
6983,252504620.51831055,254506894.70755023,254461621.26477334,254669944.35134476,257222630.2617109
6984,251564464.40185547,252275138.3977994,251956017.66984785,252138165.7393349,252504620.51821887
6985,251752922.31030273,251575337.17260113,251542323.20469797,251563061.37704733,251564464.40175205
6986,250995907.7541504,251591583.000542,251575849.220798,251629088.39059395,251752922.31024104
6987,253129201.30859375,251124727.34915972,251091642.6292436,251143021.89494044,250995907.7542253
6988,252495803.7236328,252315773.84571984,252338875.40647763,252412316.9747543,253129201.30869317
6989,253910903.42529297,252093223.59787068,251997398.37952176,252106786.12338483,252495803.72373748
6990,249545273.17114258,252915059.17760342,252876055.92061746,252971711.37513357,253910903.42525968
6991,246899788.48779297,250482301.06592143,250336469.65076488,250391790.91198736,249545273.1712403
6992,247166706.27978516,248554606.3926559,248622294.78004622,248537130.28193903,246899788.48768443
6993,245700797.0690918,248331955.21543866,248495660.59944654,248416441.32322788,247166706.2798733
6994,248064487.26489258,247301482.06409234,247411522.509059,247346948.98027697,245700797.0689947
6995,248557683.24414062,248466875.73018152,248663817.7955777,248617740.25649038,248064487.26481172
6996,247656321.4609375,248819898.3254877,248875092.41213873,248901506.26980284,248557683.2441984
6997,246376365.64135742,248319211.47164896,248353408.61409226,248351645.28119227,247656321.4609196
6998,249022212.66674805,247487604.54214004,247556233.01572537,247516165.88478574,246376365.6414485
6999,245356246.5732422,248905030.2787256,249051804.24963424,249044976.2032465,249022212.66670948
7000,245475290.5979004,246835582.0860954,246796576.76451916,246791827.08411723,245356246.57314748
7001,244848415.66845703,246601894.05863538,246769552.22097299,246674676.61308816,245475290.5978694
7002,243563261.6130371,246073151.9264931,246186682.82745016,246125438.09738997,244848415.6685181
7003,240719784.4260254,245169315.35072076,245299231.3538778,245208861.92769435,243563261.61294964
7004,248418096.9880371,243260690.2226826,243419297.28892288,243273176.7617664,240719784.42609903
7005,250675321.38671875,247427469.16056424,247769851.87556988,247718419.05337316,248418096.9879153
7006,255439118.37768555,249253043.14681768,249184301.82349855,249341711.89266208,250675321.38670868
7007,252085187.78320312,252504984.82422444,252425510.02867794,252617708.69291312,255439118.37775704
7008,250633900.59106445,251189090.6763211,250866327.1901073,251060162.2705293,252085187.78312463
7009,250052811.32983398,250404029.83519408,250304819.87407878,250355442.18876475,250633900.5911359
7010,245090174.01000977,250007101.94399223,249963510.91820613,250009260.99178812,250052811.3297405
7011,245508797.52441406,246964008.14018613,246903407.01450783,246867682.7885048,245090174.0098916
7012,244458127.24975586,246703080.5040583,246890044.07859734,246780561.70274138,245508797.52434868
7013,243330087.94580078,245860332.86332256,245967062.30068856,245905365.2378561,244458127.2497317
7014,245942172.3161621,244912588.27635413,245050805.44556838,244950076.18677276,243330087.94589296
7015,251697149.9501953,246231629.42960462,246426078.16635528,246367096.3618791,245942172.3160467
7016,246078796.6044922,249780923.31276715,249874376.97313464,249973936.6362437,251697149.95021787
7017,247081749.29492188,246968191.80209032,246734597.52786082,246817177.58433178,246078796.6044227
7018,249105514.51611328,247341032.4648683,247461522.4633906,247398969.68456262,247081749.29485267
7019,249902031.50439453,248533705.71039292,248569823.12542397,248617106.16577557,249105514.5161872
7020,248556515.90576172,249200814.35228628,249155125.2214223,249239548.0481583,249902031.50431895
7021,248195134.45361328,248540702.95268258,248459348.04823375,248514354.21940222,248556515.90573508
7022,252310129.6123047,248276923.33743286,248271183.08826348,248285531.3260264,248195134.4535646
7023,255357143.96875,250683940.19692034,250723141.88580686,250809738.64440307,252310129.6122377
7024,250216867.7145996,252861397.10667884,252711856.1745151,252922268.07345563,255357143.96866933
7025,253660823.83276367,250304139.2225566,250005292.96740767,250139196.6746494,250216867.71469373
7026,258793340.99169922,252143849.69533345,252175938.34261337,252236593.90518665,253660823.8327653
7027,255300317.25854492,255454739.53467494,255317328.26558837,255571287.62001264,258793340.9916413
7028,256762845.4165039,254001646.08718607,253615439.1196477,253858718.72602755,255300317.25862864
7029,253309428.03222656,254927471.78368157,254793991.6467057,254940744.6473383,256762845.41653603
7030,252029162.12573242,253087740.1787827,252840141.79747403,252987790.91811338,253309428.0321693
7031,252883933.02441406,252092830.9344198,252032156.4515708,252073223.74826252,252029162.12579292
7032,250879871.3708496,252411729.595259,252395752.95612273,252464153.61655018,252883933.0243964
7033,248728608.05200195,251208358.4011826,251121757.27845067,251185685.63883567,250879871.3707365
7034,246038155.1208496,249726353.47306108,249727111.80035475,249713332.44783732,248728608.0519916
7035,243874790.41723633,247830359.7037742,247897210.27932784,247826620.7691046,246038155.1207929
7036,247214542.53564453,246110128.55678126,246265658.81330267,246140076.05013332,243874790.41721508
7037,245982507.16259766,247658514.58777338,247915363.56898794,247843782.69044647,247214542.53561297
7038,246547274.34594727,246928468.76368794,246962728.17289743,246959893.52228293,245982507.16269013
7039,246059849.74291992,247111404.01777154,247226770.25160974,247181214.02683544,246547274.34595132
7040,241406732.11791992,246784913.11982012,246846897.91345063,246821262.4711388,246059849.7429828
7041,243531848.3708496,243913884.09839666,243958422.11863273,243843302.82769448,241406732.1179064
7042,244989756.1533203,244704757.70795703,244994788.8133128,244842923.98101503,243531848.37092885
7043,244868382.64697266,245497886.91469947,245637971.07243702,245603750.6384829,244989756.1533853
7044,243257483.07617188,245468341.78825203,245539587.24189505,245511076.59225532,244868382.64689323
7045,243283332.90576172,244486003.93987545,244550484.47337472,244482818.64919442,243257483.0760568
7046,242496535.90527344,244341534.547542,244486104.75258502,244394420.87590083,243283332.9058094
7047,246498951.56860352,243745789.1351532,243858061.8754918,243772300.87732056,242496535.9051921
7048,244216662.60913086,245994490.8967623,246175024.91254237,246144036.49392316,246498951.56868297
7049,246720589.89111328,244909926.38143232,244852880.43721285,244866598.25017366,244216662.60905296
7050,247064889.32373047,246315679.77787855,246432309.8116221,246402634.34178188,246720589.89109063
7051,241981517.38061523,246717488.03459233,246684547.1585802,246728468.8516231,247064889.32384217
7052,239880003.14892578,243871671.33316356,243813138.4129521,243752968.96036994,241981517.38070828
7053,245965536.32080078,242227007.86040452,242414205.2957887,242228220.59229004,239880003.1488236
7054,246469341.24926758,245476759.1619415,245776978.97698426,245713027.3904755,245965536.32076576
7055,241108707.88476562,246071298.2115349,246031074.21879667,246109126.41838974,246469341.2493589
7056,242019931.05493164,243030360.47040516,242964267.90298674,242901321.22345233,241108707.8846722
7057,245384166.1748047,243153420.39604062,243372003.62906283,243224544.82310155,242019931.0549706
7058,246525730.06958008,245011727.41717774,245156464.7423518,245136361.31891477,245384166.17477837
7059,245340019.9790039,245931305.6657949,245918436.8329516,245968899.9449009,246525730.0696976
7060,245467402.43139648,245429694.71931046,245375994.6984686,245392038.63624883,245340019.9789776
7061,246488102.41674805,245512591.24103424,245533855.96613896,245515906.50467736,245467402.4314081
7062,245124557.1376953,246177268.18401638,246196024.94537324,246209011.2081798,246488102.41677347
7063,247229078.70214844,245507059.22182605,245474222.03830165,245481677.62722322,245124557.13773036
7064,243647746.2458496,246659071.34227243,246719032.13716486,246722918.67192006,247229078.70223665
7065,244043637.31958008,244705744.66323832,244618628.2756393,244615183.5579601,243647746.245736
7066,240314911.23657227,244712773.9964544,244835478.48194975,244752641.34029084,244043637.31959257
7067,245579136.7541504,242409287.19464958,242447073.55181718,242350531.81399626,240314911.23654816
7068,251402312.83642578,245144850.9878719,245416815.69714656,245337738.03193188,245579136.7541251
7069,242975141.73364258,248900192.63243297,248908825.98270693,249063360.1466879,251402312.836467
7070,243033122.7138672,244548648.73389143,244236741.79217163,244301807.68490237,242975141.7336784
7071,248265490.85717773,244142451.58833393,244322967.37187037,244176480.9268536,243033122.7138322
7072,247456215.390625,247040580.45445716,247183183.87400612,247210175.71449593,248265490.8570921
7073,244497699.78637695,246957834.78643575,246828008.90187585,246934832.98242006,247456215.3905836
7074,243312176.69067383,245308058.38767385,245244450.29377413,245236215.6474774,244497699.78644872
7075,245790029.90771484,244347159.40511867,244412985.4784382,244340214.89016023,243312176.69074887
7076,246956053.13549805,245607154.4122648,245729471.7451321,245708084.75744912,245790029.90771005
7077,246592792.37890625,246376522.62350896,246362092.7297819,246417361.2127126,246956053.1353945
7078,243672255.2080078,246290566.36305374,246229197.4592563,246274265.54549915,246592792.37893587
7079,243656708.84179688,244580340.21459627,244523418.70752612,244502024.12626368,243672255.2080328
7080,239058185.8059082,244299996.30126613,244387930.96895832,244316730.63595337,243656708.84185416
7081,238006109.92529297,241407734.74137643,241426872.21094137,241311489.81698233,239058185.8058704
7082,237212994.13305664,240254481.7803549,240491316.83623543,240279556.70929745,238006109.9253153
7083,240195659.51293945,239400072.53936765,239625726.35358635,239438863.7202546,237212994.13298312
7084,241161770.09155273,240896613.42918912,241165868.55769554,241034806.25934288,240195659.5130532
7085,241172831.72827148,241535062.3419672,241632305.2779677,241587412.0670695,241161770.09146577
7086,240837848.44750977,241623405.75765884,241686107.91049582,241632368.8887778,241172831.72821495
7087,236963838.28027344,241434304.89411107,241496668.4542774,241429085.07117674,240837848.44741425
7088,240176522.8322754,239064169.3208916,239103828.23111424,238964789.3106579,236963838.28018132
7089,242627104.50976562,240619932.51900154,240880971.8488773,240732153.76657167,240176522.8321665
7090,242408795.72607422,242183517.18854198,242260267.69283453,242254380.1001008,242627104.50967732
7091,240400587.30932617,242292198.08416992,242265577.03293535,242266941.10856718,242408795.7261472
7092,242870490.0390625,241176362.50606018,241162498.76210424,241101137.07299915,240400587.30930743
7093,242871793.89916992,242522386.7636655,242634226.4903699,242577710.50554135,242870490.0391358
7094,239562292.62329102,242692791.41138035,242660193.21215102,242667793.76396707,242871793.8991804
7095,241053875.0517578,240821588.52021793,240789943.20262152,240717040.3754913,239562292.62328812
7096,238186842.41333008,241434134.38810933,241581320.7639521,241474005.4799138,241053875.0516753
7097,244402169.2216797,239743958.66656926,239761211.31837392,239670851.46189997,238186842.41323355
7098,247355688.86791992,243167883.39042917,243395051.67008787,243342125.74134254,244402169.2216602
7099,243553044.49414062,245324319.23248443,245223024.14366135,245359526.23514178,247355688.8680105
7100,246832600.78930664,243530258.41672847,243301953.09160897,243358244.1040245,243553044.4941869
7101,244820575.93579102,245441564.07790077,245476461.3529285,245486668.90206006,246832600.78927195
7102,245464264.57202148,244527628.20573205,244356637.92523766,244425960.55666596,244820575.9358334
7103,246003133.62719727,244856397.79113775,244828483.9667094,244829615.1282656,245464264.5719705
7104,241277896.15356445,245272092.2426141,245204512.73090932,245245900.815562,246003133.6271113
7105,242971066.04077148,242579610.15098473,242460595.41814607,242424933.3957013,241277896.153656
7106,242753506.2565918,243220040.17193997,243366044.17037946,243268712.20221135,242971066.0408136
7107,244857429.56445312,243057521.44453016,243069510.34096336,243049996.41433573,242753506.2566749
7108,246234584.24829102,244267066.26053753,244319552.02727154,244314490.7431796,244857429.5643748
7109,245375675.41308594,245256673.60936815,245208168.055245,245268171.490038,246234584.24825093
7110,246223558.03100586,244939578.04627976,244831073.43246073,244877343.78489336,245375675.41299087
7111,246928753.25390625,245487484.96933392,245449801.60011953,245478240.69651645,246223558.03107348
7112,247351482.76416016,245995783.98519662,245914599.11482877,245974394.59450614,246928753.25382647
7113,242746311.69433594,246388496.14322615,246291416.5670262,246357361.90981764,247351482.7640447
7114,239209190.60424805,243751598.20168614,243602212.09031957,243587792.6283215,242746311.69440907
7115,241141682.1994629,241336894.3414276,241405555.03802475,241248156.67020094,239209190.604166
7116,243664397.8515625,242019787.3303698,242249808.42627,242114755.1122857,241141682.1994753
7117,246307503.32910156,243374992.5026698,243477105.1144284,243456923.35829616,243664397.8514694
7118,243964411.3149414,245117217.24090308,245117594.93811047,245171072.4856399,246307503.3291625
7119,243820868.0053711,244052245.91810334,243919853.05604082,243959485.7202848,243964411.31482425
7120,242466463.3515625,243883453.1882337,243894792.6161607,243860009.62288776,243820868.00542852
7121,241790035.81274414,243018101.49434876,243004502.5702863,242966553.90053374,242466463.3514976
7122,241656123.28027344,242469354.71462238,242517680.03593174,242444707.0960733,241790035.81272173
7123,240977253.48657227,242268462.26908103,242336537.5931537,242267316.11872098,241656123.28022963
7124,245662345.79907227,241768036.70580694,241826181.22061312,241754136.04310346,240977253.4865515
7125,241950622.52246094,244423591.8567083,244547978.65946418,244545272.87755787,245662345.79911
7126,244525409.91918945,242536552.9479573,242374688.11945313,242402475.18720478,241950622.52252227
7127,241284403.0654297,243890120.69997275,243983271.5039777,243936544.20524794,244525409.91919705
7128,239353344.91748047,242088380.59546134,241985155.1748237,241968297.4706081,241284403.06547144
7129,240285987.41748047,240716661.18279192,240789748.10603672,240652908.13502055,239353344.91737196
7130,239227701.6159668,240997426.5340689,241144066.9509974,241025428.24098456,240285987.41742644
7131,236281308.4572754,240323747.520514,240394728.00079647,240299526.92390233,239227701.616026
7132,240741638.1538086,238414090.71570882,238515121.91991347,238348034.59390274,236281308.4573172
7133,237874855.56689453,240703680.5248213,240973866.8858639,240844766.55384892,240741638.1538569
7134,242028623.51049805,239190126.8485871,239172911.79252353,239111020.0028275,237874855.56689808
7135,244499951.046875,241457468.2249865,241651046.181972,241560371.2418609,242028623.5104386
7136,243785809.78588867,243244036.43398228,243217821.87952763,243276289.72587737,244499951.0469497
7137,242870794.05810547,243189411.06147495,243073124.3708685,243117521.29344365,243785809.78587613
7138,242000870.27294922,242761658.62372035,242702192.69979477,242689316.21233696,242870794.05806163
7139,243698415.3232422,242234080.3215523,242214121.4202734,242172667.25389558,242000870.2730693
7140,245955855.2319336,243203231.2735457,243242914.78493738,243221757.11063975,243698415.3232461
7141,244248482.96679688,244682318.05120423,244650507.41572425,244704228.28799653,245955855.23190585
7142,249657797.13208008,243928052.7230582,243781811.50474605,243826305.56040266,244248482.96684104
7143,249020204.51904297,247174320.0966558,247192274.56970474,247267623.66979855,249657797.13197756
7144,240732813.61914062,247319207.91389802,247045269.3549874,247218172.22561187,249020204.51896623
7145,246723953.08862305,242649127.27237487,242405978.22096804,242369262.73708832,240732813.61907628
7146,245919529.21777344,245625446.503992,245865746.69499436,245784234.0694763,246723953.0886809
7147,243629382.51708984,245394172.32636064,245245487.88056737,245342393.9985487,245919529.2178356
7148,242311225.7355957,244094728.95779744,244027305.98019898,244008570.64647153,243629382.51705053
7149,240609935.14453125,243114658.3288724,243141629.3011128,243070994.42989597,242311225.73551512
7150,236200218.1682129,241896393.3630534,241956625.6441184,241859134.39613876,240609935.14458185
7151,238464600.25219727,238989522.1678417,239084219.66151884,238901235.65841833,236200218.1681737
7152,239331532.66381836,239748273.66781488,240056417.69753492,239855229.6669386,238464600.25222224
7153,238053780.04956055,240178763.28221825,240325949.17795014,240234844.0931458,239331532.66377303
7154,243494870.28881836,239397855.54168963,239494998.72385642,239381087.43586385,238053780.0495622
7155,245030355.07495117,242499980.8156006,242705354.73183212,242656435.94722837,243494870.288856
7156,242875725.63793945,243821940.43987867,243745053.8735917,243834035.02841645,245030355.07494405
7157,237629225.03027344,242850521.26095834,242724791.25502887,242745431.27217638,242875725.6380168
7158,235177259.39624023,239695610.8388562,239654653.34170222,239532281.34488493,237629225.03032768
7159,240089781.7145996,237747312.0434392,237938956.76084626,237704624.43019867,235177259.39621323
7160,239804569.54711914,240197567.28065965,240504303.6256719,240366962.2766818,240089781.7146697
7161,237877036.0612793,240174647.26190966,240189097.16753057,240164606.08231118,239804569.5471165
7162,242566264.9716797,239035844.4438726,239078968.61478126,238968916.13494784,237877036.06139347
7163,245229083.5793457,241684323.04290473,241859457.1793338,241799099.01339766,242566264.9716778
7164,239212937.9399414,243632872.16906273,243573384.91793773,243661443.48722416,245229083.5794356
7165,242728596.7998047,240455044.91447532,240255579.89228797,240240839.53544492,239212937.9399093
7166,245319596.35546875,242190844.279414,242355055.7944753,242259773.20596445,242728596.7997359
7167,245517695.58251953,243912035.75061736,243868916.93618706,243939960.20622614,245319596.35558268
7168,246348480.55688477,244345326.15042886,244206650.09684262,244285258.65201798,245517695.58256
7169,247155275.14819336,245034897.59844238,244921153.8485244,244986859.71185786,246348480.55679503
7170,249432020.23120117,245723740.30957255,245588171.76320308,245672912.34986022,247155275.14813584
7171,242272864.38085938,247293091.67772612,247153084.62780422,247274464.79330376,249432020.2312938
7172,240988185.0300293,243392003.2969736,243100471.7853709,243131254.44391087,242272864.38085863
7173,244181969.82983398,242138797.714951,242229055.6970692,242081529.1037684,240988185.0301417
7174,243603594.03149414,243739549.17482775,243864216.39684263,243823749.66988146,244181969.829855
7175,241854055.81884766,243494333.150995,243433380.75199082,243453591.99825215,243603594.0315278
7176,242697623.16796875,242434715.518155,242409714.9289065,242359749.757649,241854055.8187888
7177,243519714.01098633,242784364.35033736,242850084.41080108,242791109.116234,242697623.1679528
7178,246729771.2788086,243266917.45980394,243280585.65335584,243267648.01713967,243519714.01110223
7179,248957913.03979492,245244849.54159412,245246144.11749083,245291285.544433,246729771.27883768
7180,248012972.234375,246945050.2088603,246816287.79241014,246946447.86649317,248957913.0398088
7181,246750959.47802734,246756523.5273033,246538801.30157712,246652921.15179878,248012972.23440725
7182,247261400.4350586,246174483.96087995,246030799.92154843,246079131.28088477,246750959.4780795
7183,245091083.56640625,246481756.76508638,246413765.93738678,246452873.0687053,247261400.43514624
7184,243668866.55029297,245246202.9276158,245130931.23365763,245152205.60586324,245091083.56630987
7185,246456121.6472168,244240744.19792852,244233888.7242447,244185397.83050957,243668866.5504116
7186,246456252.3701172,245710560.19173375,245780630.1840584,245775897.89648512,246456121.64713383
7187,248042023.9506836,245887070.59678358,245801747.8391618,245863355.88003364,246456252.37007788
7188,246754755.8293457,246920064.65503347,246875782.6971557,246934362.57272053,248042023.95069388
7189,244183054.38989258,246333516.99492222,246195132.2674939,246259568.003018,246754755.82935175
7190,245172091.234375,244811821.64182708,244741440.078801,244723697.5832726,244183054.38992685
7191,241525116.28515625,245146975.14918494,245208772.60372868,245173149.1203724,245172091.23427257
7192,244670101.78833008,242896419.17775536,242842287.05052432,242789230.88518083,241525116.2851009
7193,243509473.1784668,244455361.1581031,244625675.19407672,244554005.79344994,244670101.7883315
7194,241019413.87524414,243847688.1079179,243805524.4924037,243813502.1160162,243509473.1783684
7195,237535693.97509766,242257932.8723828,242274765.8412792,242188642.1646746,241019413.87530315
7196,238671114.98754883,239886380.40793753,239982851.57037207,239811311.09868932,237535693.9752037
7197,242474832.1130371,240074307.85713375,240329137.19497833,240143293.55004382,238671114.98749456
7198,238664984.50097656,242164624.66764563,242344866.34960285,242283773.73465824,242474832.11310464
7199,239120710.13378906,240147086.07631764,240101140.44942963,240039661.31849712,238664984.5010861
