date,OT
2025-01-01 00:00:00,245373837.8414118
2025-01-01 00:00:01,247950690.8341039
2025-01-01 00:00:02,248242289.93560708
2025-01-01 00:00:03,246501525.12244222
2025-01-01 00:00:04,242355698.9717261
2025-01-01 00:00:05,243746377.0852273
2025-01-01 00:00:06,246941563.92903897
2025-01-01 00:00:07,248817415.55288652
2025-01-01 00:00:08,250409336.26581421
2025-01-01 00:00:09,247929105.7388021
2025-01-01 00:00:10,248731172.82191247
2025-01-01 00:00:11,248391679.3358063
2025-01-01 00:00:12,247793699.72833723
2025-01-01 00:00:13,249831645.80597878
2025-01-01 00:00:14,251832554.62269044
2025-01-01 00:00:15,248491161.6535568
2025-01-01 00:00:16,248773697.93521324
2025-01-01 00:00:17,242510973.16479895
2025-01-01 00:00:18,246847746.11439276
2025-01-01 00:00:19,243527287.45265916
2025-01-01 00:00:20,244607818.65853193
2025-01-01 00:00:21,244784290.72491065
2025-01-01 00:00:22,245448774.19227618
2025-01-01 00:00:23,243741087.24650735
2025-01-01 00:00:24,244567301.30060238
2025-01-01 00:00:25,246551813.92591596
2025-01-01 00:00:26,244693195.00847048
2025-01-01 00:00:27,243514985.6216462
2025-01-01 00:00:28,241955436.87809965
2025-01-01 00:00:29,243364338.29679435
2025-01-01 00:00:30,239825730.83610338
2025-01-01 00:00:31,244233472.99240708
2025-01-01 00:00:32,240324130.21279603
2025-01-01 00:00:33,242717580.2636163
2025-01-01 00:00:34,240766729.71159667
2025-01-01 00:00:35,241860165.84199467
2025-01-01 00:00:36,240912768.14740962
2025-01-01 00:00:37,242080162.75100407
2025-01-01 00:00:38,247686023.57326603
2025-01-01 00:00:39,245257537.8434435
2025-01-01 00:00:40,243883712.5893645
2025-01-01 00:00:41,243408179.31724417
2025-01-01 00:00:42,242844724.56093782
2025-01-01 00:00:43,241577761.698585
2025-01-01 00:00:44,244027275.18401298
2025-01-01 00:00:45,240249326.2733277
2025-01-01 00:00:46,241590374.20722386
2025-01-01 00:00:47,240043042.1317767
2025-01-01 00:00:48,243284877.4100047
2025-01-01 00:00:49,240611753.36456347
2025-01-01 00:00:50,240422455.1163311
2025-01-01 00:00:51,242137551.5580109
2025-01-01 00:00:52,239981747.12700954
2025-01-01 00:00:53,241803775.09849587
2025-01-01 00:00:54,239419750.81486937
2025-01-01 00:00:55,241084871.3110982
2025-01-01 00:00:56,243985801.1299194
2025-01-01 00:00:57,243917612.4161483
2025-01-01 00:00:58,244327980.16491398
2025-01-01 00:00:59,242792142.02354854
2025-01-01 00:01:00,240688360.3933493
2025-01-01 00:01:01,239183729.89203966
2025-01-01 00:01:02,239014870.7184137
2025-01-01 00:01:03,238926761.53972623
2025-01-01 00:01:04,239394431.7099971
2025-01-01 00:01:05,242464976.36600798
2025-01-01 00:01:06,240788801.34702858
2025-01-01 00:01:07,248646054.0094282
2025-01-01 00:01:08,250078122.6299136
2025-01-01 00:01:09,248319425.81668618
2025-01-01 00:01:10,247902756.83951598
2025-01-01 00:01:11,247221750.2917086
2025-01-01 00:01:12,249237735.6748492
2025-01-01 00:01:13,250909314.3105474
2025-01-01 00:01:14,253302106.74666518
2025-01-01 00:01:15,254254570.07435644
2025-01-01 00:01:16,254733589.04969218
2025-01-01 00:01:17,253529132.0182568
2025-01-01 00:01:18,250976799.74122837
2025-01-01 00:01:19,248057060.01114193
2025-01-01 00:01:20,252076996.54532364
2025-01-01 00:01:21,246526082.52801895
2025-01-01 00:01:22,242878021.80331272
2025-01-01 00:01:23,242742303.1478681
2025-01-01 00:01:24,246208904.44484565
2025-01-01 00:01:25,249147788.4804933
2025-01-01 00:01:26,250820382.27146676
2025-01-01 00:01:27,253879520.6510397
2025-01-01 00:01:28,253635052.29819414
2025-01-01 00:01:29,253578449.12068844
2025-01-01 00:01:30,256958493.34010386
2025-01-01 00:01:31,253136416.92905265
2025-01-01 00:01:32,250163560.35947326
2025-01-01 00:01:33,250621068.14733124
2025-01-01 00:01:34,256575874.3443179
2025-01-01 00:01:35,252220909.23124307
2025-01-01 00:01:36,249026735.05117646
2025-01-01 00:01:37,250156660.17959127
2025-01-01 00:01:38,249246457.9032564
2025-01-01 00:01:39,245656594.1965922
2025-01-01 00:01:40,251169475.0413385
2025-01-01 00:01:41,249672551.58161247
2025-01-01 00:01:42,250457120.40069127
2025-01-01 00:01:43,251218687.29927644
2025-01-01 00:01:44,248368482.4792165
2025-01-01 00:01:45,244670559.38228288
2025-01-01 00:01:46,246303054.83985403
2025-01-01 00:01:47,249732730.47065476
2025-01-01 00:01:48,248921029.44133198
2025-01-01 00:01:49,248098009.19174433
2025-01-01 00:01:50,246439793.64943522
2025-01-01 00:01:51,247719849.18551674
2025-01-01 00:01:52,250890028.74512374
2025-01-01 00:01:53,247528109.10394824
2025-01-01 00:01:54,251222283.4077304
2025-01-01 00:01:55,252937423.6703669
2025-01-01 00:01:56,250002099.62174717
2025-01-01 00:01:57,250452889.13577092
2025-01-01 00:01:58,248812469.94131005
2025-01-01 00:01:59,244493134.9882752
2025-01-01 00:02:00,247814169.18825504
2025-01-01 00:02:01,242562843.18531936
2025-01-01 00:02:02,246599900.68807212
2025-01-01 00:02:03,248056684.3068301
2025-01-01 00:02:04,247584887.57803452
2025-01-01 00:02:05,249059912.7406989
2025-01-01 00:02:06,246392830.8850361
2025-01-01 00:02:07,243798374.1700283
2025-01-01 00:02:08,246927627.96496648
2025-01-01 00:02:09,250540577.6037278
2025-01-01 00:02:10,250349224.1535903
2025-01-01 00:02:11,249566808.74334154
2025-01-01 00:02:12,252714883.9917575
2025-01-01 00:02:13,250141573.18264517
2025-01-01 00:02:14,249017832.96790764
2025-01-01 00:02:15,249035354.59167075
2025-01-01 00:02:16,247966556.85012388
2025-01-01 00:02:17,244024671.6182826
2025-01-01 00:02:18,242739572.2557597
2025-01-01 00:02:19,242950638.08021423
2025-01-01 00:02:20,243329832.12849858
2025-01-01 00:02:21,243658150.6461544
2025-01-01 00:02:22,240907006.24722213
2025-01-01 00:02:23,243195590.38916066
2025-01-01 00:02:24,243438635.73839724
2025-01-01 00:02:25,237005377.90019616
2025-01-01 00:02:26,241121843.09778637
2025-01-01 00:02:27,240596711.02200156
2025-01-01 00:02:28,241573130.75768644
2025-01-01 00:02:29,239303312.25186825
2025-01-01 00:02:30,240004308.97803688
2025-01-01 00:02:31,234096830.37376475
2025-01-01 00:02:32,239419248.58230165
2025-01-01 00:02:33,239825477.40523228
2025-01-01 00:02:34,240368345.06127605
2025-01-01 00:02:35,244853913.69530463
2025-01-01 00:02:36,246645467.4715128
2025-01-01 00:02:37,240901532.78528044
2025-01-01 00:02:38,243548674.03814864
2025-01-01 00:02:39,247901068.74442518
2025-01-01 00:02:40,246466885.2112476
2025-01-01 00:02:41,248913612.60934308
2025-01-01 00:02:42,244372312.77466914
2025-01-01 00:02:43,241339416.91690496
2025-01-01 00:02:44,245426943.96829087
2025-01-01 00:02:45,249226479.66149747
2025-01-01 00:02:46,250548508.8275168
2025-01-01 00:02:47,255209102.4042496
2025-01-01 00:02:48,249787677.14725792
2025-01-01 00:02:49,248266134.97051823
2025-01-01 00:02:50,250333054.6614675
2025-01-01 00:02:51,245292919.62811193
2025-01-01 00:02:52,243726751.77977055
2025-01-01 00:02:53,247235552.80654806
2025-01-01 00:02:54,252634133.26382056
2025-01-01 00:02:55,244861464.13046014
2025-01-01 00:02:56,249407484.8238623
2025-01-01 00:02:57,251690127.2667634
2025-01-01 00:02:58,249991738.7457167
2025-01-01 00:02:59,246184763.0371975
2025-01-01 00:03:00,248484226.46476558
2025-01-01 00:03:01,247742635.35138175
2025-01-01 00:03:02,251718717.0965882
2025-01-01 00:03:03,249788240.90912348
2025-01-01 00:03:04,244518746.63020885
2025-01-01 00:03:05,246710057.2032739
2025-01-01 00:03:06,246347188.60269594
2025-01-01 00:03:07,243668938.71406865
2025-01-01 00:03:08,244284350.81223074
2025-01-01 00:03:09,249816387.9421337
2025-01-01 00:03:10,247697210.9007596
2025-01-01 00:03:11,245437035.3985155
2025-01-01 00:03:12,250011682.95317167
2025-01-01 00:03:13,251597848.7568359
2025-01-01 00:03:14,253685963.7678516
2025-01-01 00:03:15,256595616.5171741
2025-01-01 00:03:16,253976543.45157638
2025-01-01 00:03:17,254242029.41378906
2025-01-01 00:03:18,250358169.82246855
2025-01-01 00:03:19,249633832.19977617
2025-01-01 00:03:20,246925919.6417987
2025-01-01 00:03:21,249173522.51612705
2025-01-01 00:03:22,246476565.2572986
2025-01-01 00:03:23,245781152.69302577
2025-01-01 00:03:24,247158916.47107413
2025-01-01 00:03:25,253407208.5311011
2025-01-01 00:03:26,247329312.8850155
2025-01-01 00:03:27,247023895.30919823
2025-01-01 00:03:28,247361201.1340101
2025-01-01 00:03:29,244200567.40172732
2025-01-01 00:03:30,244646285.93623444
2025-01-01 00:03:31,247795983.63753587
2025-01-01 00:03:32,251003204.57275733
2025-01-01 00:03:33,250478416.1697346
2025-01-01 00:03:34,251843189.82472506
2025-01-01 00:03:35,250744846.89305928
2025-01-01 00:03:36,244850360.36433506
2025-01-01 00:03:37,246446778.53591213
2025-01-01 00:03:38,245287547.17311028
2025-01-01 00:03:39,246297462.8407452
2025-01-01 00:03:40,247136571.41514045
2025-01-01 00:03:41,248234119.93876562
2025-01-01 00:03:42,250282300.63704517
2025-01-01 00:03:43,252245072.06951728
2025-01-01 00:03:44,250800911.8774679
2025-01-01 00:03:45,250262704.26825
2025-01-01 00:03:46,249959145.25266755
2025-01-01 00:03:47,250446218.49136433
2025-01-01 00:03:48,250796700.93783408
2025-01-01 00:03:49,253480496.0746718
2025-01-01 00:03:50,250016430.77252743
2025-01-01 00:03:51,251271065.28951994
2025-01-01 00:03:52,251216870.16184762
2025-01-01 00:03:53,248076495.54937735
2025-01-01 00:03:54,249317648.64999172
2025-01-01 00:03:55,246672326.10725626
2025-01-01 00:03:56,242433856.82806376
2025-01-01 00:03:57,243054905.3548169
2025-01-01 00:03:58,245801764.9891915
2025-01-01 00:03:59,247821752.32443216
2025-01-01 00:04:00,252610340.24075958
2025-01-01 00:04:01,250319027.43397087
2025-01-01 00:04:02,248235342.95054036
2025-01-01 00:04:03,252421495.35507825
2025-01-01 00:04:04,247306338.86011663
2025-01-01 00:04:05,246593260.74205524
2025-01-01 00:04:06,249970601.30186674
2025-01-01 00:04:07,251235031.9931669
2025-01-01 00:04:08,250742883.90152514
2025-01-01 00:04:09,251050552.1281201
2025-01-01 00:04:10,249618013.4504034
2025-01-01 00:04:11,248505658.5885212
2025-01-01 00:04:12,251403335.31651026
2025-01-01 00:04:13,254108995.09454474
2025-01-01 00:04:14,253360392.13501784
2025-01-01 00:04:15,255153878.77573493
2025-01-01 00:04:16,251311427.75160652
2025-01-01 00:04:17,250050555.78873283
2025-01-01 00:04:18,253312528.10492447
2025-01-01 00:04:19,254260336.18735847
2025-01-01 00:04:20,254581678.36692622
2025-01-01 00:04:21,258749502.82837585
2025-01-01 00:04:22,252894666.55815056
2025-01-01 00:04:23,254801461.98194474
2025-01-01 00:04:24,252803907.51808396
2025-01-01 00:04:25,253659917.49644685
2025-01-01 00:04:26,251624184.8554058
2025-01-01 00:04:27,250098970.75332355
2025-01-01 00:04:28,249438972.22061014
2025-01-01 00:04:29,250897078.76481077
2025-01-01 00:04:30,251341014.9403967
2025-01-01 00:04:31,254001022.61765936
2025-01-01 00:04:32,252791359.90257657
2025-01-01 00:04:33,248660112.91675317
2025-01-01 00:04:34,248440444.15310577
2025-01-01 00:04:35,248671720.6560528
2025-01-01 00:04:36,249219985.55984795
2025-01-01 00:04:37,250028422.30811462
2025-01-01 00:04:38,250245311.2893271
2025-01-01 00:04:39,251912165.2087963
2025-01-01 00:04:40,249303736.70260793
2025-01-01 00:04:41,252632742.4091272
2025-01-01 00:04:42,250889871.0956713
2025-01-01 00:04:43,248112971.5266394
2025-01-01 00:04:44,251967676.98093197
2025-01-01 00:04:45,251325491.68381605
2025-01-01 00:04:46,248767558.01310378
2025-01-01 00:04:47,251315310.04697263
2025-01-01 00:04:48,251738308.19769967
2025-01-01 00:04:49,252388586.80459487
2025-01-01 00:04:50,256221506.96174344
2025-01-01 00:04:51,261361394.50233543
2025-01-01 00:04:52,258699147.38273677
2025-01-01 00:04:53,251954837.86052215
2025-01-01 00:04:54,251828261.1703962
2025-01-01 00:04:55,249663856.25718477
2025-01-01 00:04:56,248911578.59690157
2025-01-01 00:04:57,251731884.34353688
2025-01-01 00:04:58,246586019.49892706
2025-01-01 00:04:59,248592787.64200974
2025-01-01 00:05:00,248346667.24454802
2025-01-01 00:05:01,254876256.4388204
2025-01-01 00:05:02,250798942.5072818
2025-01-01 00:05:03,252008234.5813497
2025-01-01 00:05:04,252808334.1784138
2025-01-01 00:05:05,255286576.9764335
2025-01-01 00:05:06,257235711.45639983
2025-01-01 00:05:07,253001747.27004832
2025-01-01 00:05:08,248085205.69874543
2025-01-01 00:05:09,251677684.47764105
2025-01-01 00:05:10,252298365.48594278
2025-01-01 00:05:11,252069090.7245353
2025-01-01 00:05:12,252632490.72544023
2025-01-01 00:05:13,251197516.3651107
2025-01-01 00:05:14,250804244.64592886
2025-01-01 00:05:15,250293498.09153292
2025-01-01 00:05:16,249242515.88652056
2025-01-01 00:05:17,249655429.50948372
2025-01-01 00:05:18,252233291.92541984
2025-01-01 00:05:19,252232553.2632293
2025-01-01 00:05:20,250208756.10384336
2025-01-01 00:05:21,249789636.84332097
2025-01-01 00:05:22,248157244.06290907
2025-01-01 00:05:23,245672017.17405397
2025-01-01 00:05:24,243206238.07867095
2025-01-01 00:05:25,245886377.2788644
2025-01-01 00:05:26,244247246.14631578
2025-01-01 00:05:27,248971588.26314273
2025-01-01 00:05:28,250419581.02497187
2025-01-01 00:05:29,250366778.62221506
2025-01-01 00:05:30,248931291.099477
2025-01-01 00:05:31,246087265.4738165
2025-01-01 00:05:32,247843486.95747668
2025-01-01 00:05:33,248188684.1057004
2025-01-01 00:05:34,250000062.5470442
2025-01-01 00:05:35,247034596.63217086
2025-01-01 00:05:36,248634013.85725966
2025-01-01 00:05:37,247372801.943657
2025-01-01 00:05:38,249140519.6010735
2025-01-01 00:05:39,248919699.3147716
2025-01-01 00:05:40,248537242.93476695
2025-01-01 00:05:41,250626316.54516736
2025-01-01 00:05:42,248148978.7594678
2025-01-01 00:05:43,248258819.8177316
2025-01-01 00:05:44,250897869.3546512
2025-01-01 00:05:45,247267854.6008309
2025-01-01 00:05:46,246755831.16497183
2025-01-01 00:05:47,247287179.36568603
2025-01-01 00:05:48,244196588.65724728
2025-01-01 00:05:49,245367093.59604812
2025-01-01 00:05:50,249576136.36553594
2025-01-01 00:05:51,250012030.04863748
2025-01-01 00:05:52,251114705.16696864
2025-01-01 00:05:53,249334289.88479397
2025-01-01 00:05:54,252617863.23553872
2025-01-01 00:05:55,247578691.8239288
2025-01-01 00:05:56,250722355.24321774
2025-01-01 00:05:57,253367302.49957487
2025-01-01 00:05:58,249668347.0042209
2025-01-01 00:05:59,246007166.72794157
2025-01-01 00:06:00,247922564.49153513
2025-01-01 00:06:01,248198887.89007518
2025-01-01 00:06:02,244990146.10983455
2025-01-01 00:06:03,245826733.97781855
2025-01-01 00:06:04,244197424.0677331
2025-01-01 00:06:05,249662643.04791933
2025-01-01 00:06:06,252905121.86137334
2025-01-01 00:06:07,253577231.33172375
2025-01-01 00:06:08,248208511.83347884
2025-01-01 00:06:09,247272718.54964796
2025-01-01 00:06:10,251600498.68139753
2025-01-01 00:06:11,252985456.06835932
2025-01-01 00:06:12,251327091.69238046
2025-01-01 00:06:13,250490960.86901227
2025-01-01 00:06:14,251928134.202264
2025-01-01 00:06:15,252307150.77763954
2025-01-01 00:06:16,246261552.77590522
2025-01-01 00:06:17,252626765.0889007
2025-01-01 00:06:18,244801562.56117493
2025-01-01 00:06:19,244213810.0416206
2025-01-01 00:06:20,245026410.13618073
2025-01-01 00:06:21,245083804.4809151
2025-01-01 00:06:22,246407979.74462873
2025-01-01 00:06:23,248640686.69685367
2025-01-01 00:06:24,246403206.11476398
2025-01-01 00:06:25,244251546.24993184
2025-01-01 00:06:26,247066657.76178387
2025-01-01 00:06:27,242742899.34513274
2025-01-01 00:06:28,240036831.06019163
2025-01-01 00:06:29,238092755.60383707
2025-01-01 00:06:30,239288516.31373414
2025-01-01 00:06:31,238775835.02004415
2025-01-01 00:06:32,241583166.95338032
2025-01-01 00:06:33,248516649.06652933
2025-01-01 00:06:34,253159161.2248069
2025-01-01 00:06:35,255639442.88672498
2025-01-01 00:06:36,250940251.5649599
2025-01-01 00:06:37,252554917.80552074
2025-01-01 00:06:38,248727434.4675486
2025-01-01 00:06:39,252178051.6579014
2025-01-01 00:06:40,252342926.84118327
2025-01-01 00:06:41,252307132.4686356
2025-01-01 00:06:42,251619133.68737566
2025-01-01 00:06:43,251645600.37427896
2025-01-01 00:06:44,252433941.4971007
2025-01-01 00:06:45,253324572.7590055
2025-01-01 00:06:46,255496072.61729613
2025-01-01 00:06:47,254983217.51844525
2025-01-01 00:06:48,250521908.81709236
2025-01-01 00:06:49,257298416.05093804
2025-01-01 00:06:50,255939938.36275718
2025-01-01 00:06:51,253046981.14854807
2025-01-01 00:06:52,251879164.00703615
2025-01-01 00:06:53,251562231.33699143
2025-01-01 00:06:54,250062778.34778848
2025-01-01 00:06:55,251884593.88513422
2025-01-01 00:06:56,249288889.2091587
2025-01-01 00:06:57,248897034.8692676
2025-01-01 00:06:58,245810877.47243124
2025-01-01 00:06:59,247814401.21417904
2025-01-01 00:07:00,253735649.75975445
2025-01-01 00:07:01,252161178.12849677
2025-01-01 00:07:02,250344085.91315424
2025-01-01 00:07:03,254865724.87097806
2025-01-01 00:07:04,253296802.10265338
2025-01-01 00:07:05,249755232.30352348
2025-01-01 00:07:06,251705972.2259369
2025-01-01 00:07:07,254233930.38644838
2025-01-01 00:07:08,251164058.1232117
2025-01-01 00:07:09,256384187.9187171
2025-01-01 00:07:10,251741945.44628596
2025-01-01 00:07:11,250535555.9179519
2025-01-01 00:07:12,247450394.3156865
2025-01-01 00:07:13,249146474.33446282
2025-01-01 00:07:14,253308497.57809836
2025-01-01 00:07:15,254215966.5994601
2025-01-01 00:07:16,248383847.0686353
2025-01-01 00:07:17,250314718.23526418
2025-01-01 00:07:18,248730327.24002382
2025-01-01 00:07:19,253205475.98217705
2025-01-01 00:07:20,249554990.73099235
2025-01-01 00:07:21,249896827.26441526
2025-01-01 00:07:22,248551662.56787983
2025-01-01 00:07:23,245925904.25388506
2025-01-01 00:07:24,240090764.140686
2025-01-01 00:07:25,241689450.9776912
2025-01-01 00:07:26,245651358.97640857
2025-01-01 00:07:27,247008596.43122557
2025-01-01 00:07:28,247985550.88599038
2025-01-01 00:07:29,246040719.15295184
2025-01-01 00:07:30,249927229.87530386
2025-01-01 00:07:31,252052532.0581395
2025-01-01 00:07:32,252057344.1571579
2025-01-01 00:07:33,250163293.59382802
2025-01-01 00:07:34,251154471.68537775
2025-01-01 00:07:35,250234545.16452774
2025-01-01 00:07:36,245708977.4866778
2025-01-01 00:07:37,248722970.8586699
2025-01-01 00:07:38,253243798.83866742
2025-01-01 00:07:39,255762810.495959
2025-01-01 00:07:40,252444740.42200217
2025-01-01 00:07:41,251686495.40410218
2025-01-01 00:07:42,245631702.0406499
2025-01-01 00:07:43,250125192.29482007
2025-01-01 00:07:44,248711139.42787963
2025-01-01 00:07:45,248155986.3639959
2025-01-01 00:07:46,250551135.2149779
2025-01-01 00:07:47,252655796.33019117
2025-01-01 00:07:48,252296389.6159257
2025-01-01 00:07:49,249326602.58622673
2025-01-01 00:07:50,248836003.9051297
2025-01-01 00:07:51,251142787.93887764
2025-01-01 00:07:52,248608869.00208256
2025-01-01 00:07:53,246437827.25638244
2025-01-01 00:07:54,246495425.2777725
2025-01-01 00:07:55,243878645.28466025
2025-01-01 00:07:56,242991778.36067328
2025-01-01 00:07:57,243652926.9503342
2025-01-01 00:07:58,245230517.60189095
2025-01-01 00:07:59,244660143.50659192
2025-01-01 00:08:00,249896411.97291213
2025-01-01 00:08:01,247761137.2830411
2025-01-01 00:08:02,244294963.0578255
2025-01-01 00:08:03,241994124.06290436
2025-01-01 00:08:04,243052884.47821432
2025-01-01 00:08:05,243938660.26843965
2025-01-01 00:08:06,243692974.5686524
2025-01-01 00:08:07,245900178.36422896
2025-01-01 00:08:08,244790836.801875
2025-01-01 00:08:09,242553917.296715
2025-01-01 00:08:10,236046281.87808806
2025-01-01 00:08:11,242231322.89649674
2025-01-01 00:08:12,245864618.4852539
2025-01-01 00:08:13,242938082.4711103
2025-01-01 00:08:14,240013128.64606938
2025-01-01 00:08:15,246371723.81743518
2025-01-01 00:08:16,242621167.42074373
2025-01-01 00:08:17,246696130.4790725
2025-01-01 00:08:18,244877997.98450702
2025-01-01 00:08:19,248752205.2885738
2025-01-01 00:08:20,247074524.15191972
2025-01-01 00:08:21,250340623.51136652
2025-01-01 00:08:22,251588386.90151003
2025-01-01 00:08:23,251206561.7398206
2025-01-01 00:08:24,248227789.8311661
2025-01-01 00:08:25,244819197.86845663
2025-01-01 00:08:26,248316776.80446705
2025-01-01 00:08:27,252952907.72937095
2025-01-01 00:08:28,249889561.64171258
2025-01-01 00:08:29,249584584.13675454
2025-01-01 00:08:30,246747052.5546497
2025-01-01 00:08:31,249447597.3246407
2025-01-01 00:08:32,250107816.2086334
2025-01-01 00:08:33,254782790.92481637
2025-01-01 00:08:34,250104516.04156548
2025-01-01 00:08:35,251636807.70006227
2025-01-01 00:08:36,249645479.85830757
2025-01-01 00:08:37,255994117.140399
2025-01-01 00:08:38,249785310.44142368
2025-01-01 00:08:39,253273106.97854352
2025-01-01 00:08:40,252650015.54101968
2025-01-01 00:08:41,252078938.2760445
2025-01-01 00:08:42,251680557.60000482
2025-01-01 00:08:43,251920982.45756903
2025-01-01 00:08:44,249482029.04351717
2025-01-01 00:08:45,250753632.60970664
2025-01-01 00:08:46,254560008.1645532
2025-01-01 00:08:47,253335371.9916131
2025-01-01 00:08:48,247299629.2660506
2025-01-01 00:08:49,254669317.60042372
2025-01-01 00:08:50,256310823.62496272
2025-01-01 00:08:51,254345390.66348577
2025-01-01 00:08:52,249483229.3268314
2025-01-01 00:08:53,251876210.3420114
2025-01-01 00:08:54,252727386.28151104
2025-01-01 00:08:55,248091762.77539915
2025-01-01 00:08:56,252691001.37056568
2025-01-01 00:08:57,252639027.50496233
2025-01-01 00:08:58,249557883.80980733
2025-01-01 00:08:59,249441777.94390747
2025-01-01 00:09:00,249152579.69834727
2025-01-01 00:09:01,253581370.91791764
2025-01-01 00:09:02,249392567.08082405
2025-01-01 00:09:03,249430931.02763486
2025-01-01 00:09:04,245920004.3567761
2025-01-01 00:09:05,251612483.7300439
2025-01-01 00:09:06,250526819.74681765
2025-01-01 00:09:07,247674915.84868377
2025-01-01 00:09:08,242384138.09415716
2025-01-01 00:09:09,245872782.7280037
2025-01-01 00:09:10,244579061.44152492
2025-01-01 00:09:11,247876974.50859708
2025-01-01 00:09:12,250237811.0643606
2025-01-01 00:09:13,245952537.76982567
2025-01-01 00:09:14,249884107.11111715
2025-01-01 00:09:15,249427874.59583566
2025-01-01 00:09:16,250215050.17770925
2025-01-01 00:09:17,248257155.72832474
2025-01-01 00:09:18,248199940.9132046
2025-01-01 00:09:19,245335462.16655508
2025-01-01 00:09:20,246389694.1169302
2025-01-01 00:09:21,244076683.84504643
2025-01-01 00:09:22,243811619.45427117
2025-01-01 00:09:23,243456954.82647306
2025-01-01 00:09:24,243755098.5075219
2025-01-01 00:09:25,246304708.05797222
2025-01-01 00:09:26,248314346.44079787
2025-01-01 00:09:27,248517535.9850689
2025-01-01 00:09:28,248153348.46923396
2025-01-01 00:09:29,254460429.94442576
2025-01-01 00:09:30,251829777.83155593
2025-01-01 00:09:31,248383950.4049747
2025-01-01 00:09:32,252105071.62880823
2025-01-01 00:09:33,248673987.39907604
2025-01-01 00:09:34,257946535.106866
2025-01-01 00:09:35,252410452.52469313
2025-01-01 00:09:36,256180606.80846736
2025-01-01 00:09:37,254343999.26311073
2025-01-01 00:09:38,251751326.7200319
2025-01-01 00:09:39,252284533.82207546
2025-01-01 00:09:40,250827084.22879353
2025-01-01 00:09:41,253568099.9068329
2025-01-01 00:09:42,254965945.53940293
2025-01-01 00:09:43,252127253.29181284
2025-01-01 00:09:44,250592113.29123753
2025-01-01 00:09:45,250589378.45970103
2025-01-01 00:09:46,250506365.58966586
2025-01-01 00:09:47,249537823.43399474
2025-01-01 00:09:48,248998309.75361964
2025-01-01 00:09:49,249478334.44082493
2025-01-01 00:09:50,248670266.3702274
2025-01-01 00:09:51,250113692.23219025
2025-01-01 00:09:52,245756925.3718682
2025-01-01 00:09:53,242372408.20130602
2025-01-01 00:09:54,243673899.48936465
2025-01-01 00:09:55,248236632.94233108
2025-01-01 00:09:56,246173799.7005133
2025-01-01 00:09:57,250484369.87842274
2025-01-01 00:09:58,250477600.14854112
2025-01-01 00:09:59,250116082.39860392
2025-01-01 00:10:00,252714621.21022308
2025-01-01 00:10:01,248631670.40693748
2025-01-01 00:10:02,254323105.23395085
2025-01-01 00:10:03,247855493.27686748
2025-01-01 00:10:04,249858249.4815871
2025-01-01 00:10:05,249819385.89991695
2025-01-01 00:10:06,247926417.242845
2025-01-01 00:10:07,249356721.43884745
2025-01-01 00:10:08,247106282.5460581
2025-01-01 00:10:09,241905916.88083133
2025-01-01 00:10:10,249522801.22383025
2025-01-01 00:10:11,244642750.00371686
2025-01-01 00:10:12,247734180.3752746
2025-01-01 00:10:13,253105400.38442764
2025-01-01 00:10:14,252119280.8753632
2025-01-01 00:10:15,249602478.63266376
2025-01-01 00:10:16,252355856.61045617
2025-01-01 00:10:17,253234853.02857217
2025-01-01 00:10:18,253322488.8214038
2025-01-01 00:10:19,253497874.51014584
2025-01-01 00:10:20,257675029.27444422
2025-01-01 00:10:21,257899775.62953436
2025-01-01 00:10:22,254737529.49566585
2025-01-01 00:10:23,254283869.60993338
2025-01-01 00:10:24,252356140.79398623
2025-01-01 00:10:25,251367976.90284187
2025-01-01 00:10:26,253296664.18279907
2025-01-01 00:10:27,253324980.05033368
2025-01-01 00:10:28,256274667.6915358
2025-01-01 00:10:29,257101320.7303082
2025-01-01 00:10:30,257228478.54732856
2025-01-01 00:10:31,257102626.52791527
2025-01-01 00:10:32,253656144.8011993
2025-01-01 00:10:33,252203527.2856492
2025-01-01 00:10:34,249214378.20426968
2025-01-01 00:10:35,248051969.71587077
2025-01-01 00:10:36,253930115.60923412
2025-01-01 00:10:37,258810593.45794028
2025-01-01 00:10:38,256395852.00212184
2025-01-01 00:10:39,254154548.60969976
2025-01-01 00:10:40,253455324.8907198
2025-01-01 00:10:41,255765887.64800578
2025-01-01 00:10:42,257875420.7487857
2025-01-01 00:10:43,255925357.97282028
2025-01-01 00:10:44,248865980.96534088
2025-01-01 00:10:45,254709485.84869406
2025-01-01 00:10:46,254471535.47464028
2025-01-01 00:10:47,250385884.04791528
2025-01-01 00:10:48,249796788.0237793
2025-01-01 00:10:49,251026128.34367177
2025-01-01 00:10:50,252427080.92784938
2025-01-01 00:10:51,254469212.1517445
2025-01-01 00:10:52,250861331.89924613
2025-01-01 00:10:53,250118296.44612646
2025-01-01 00:10:54,244680870.3434317
2025-01-01 00:10:55,248482972.00468427
2025-01-01 00:10:56,247537770.2605608
2025-01-01 00:10:57,246403986.31634548
2025-01-01 00:10:58,247378457.24754378
2025-01-01 00:10:59,246712537.27832982
2025-01-01 00:11:00,248884651.31450686
2025-01-01 00:11:01,250213155.7367129
2025-01-01 00:11:02,250558157.1838792
2025-01-01 00:11:03,252142945.16502014
2025-01-01 00:11:04,252070401.9568841
2025-01-01 00:11:05,252256054.78150737
2025-01-01 00:11:06,256409981.5491945
2025-01-01 00:11:07,252846109.1108659
2025-01-01 00:11:08,255245554.1046984
2025-01-01 00:11:09,250718117.3129502
2025-01-01 00:11:10,251416158.17502725
2025-01-01 00:11:11,251966809.09547034
2025-01-01 00:11:12,248227312.5297845
2025-01-01 00:11:13,251114454.5313314
2025-01-01 00:11:14,250483647.26079127
2025-01-01 00:11:15,247708921.37792134
2025-01-01 00:11:16,249119463.99395517
2025-01-01 00:11:17,252110980.00579682
2025-01-01 00:11:18,248943027.48397171
2025-01-01 00:11:19,249652354.90454006
2025-01-01 00:11:20,251578315.99233508
2025-01-01 00:11:21,246234034.6902754
2025-01-01 00:11:22,249779040.56105763
2025-01-01 00:11:23,251434782.81205216
2025-01-01 00:11:24,250661183.6245804
2025-01-01 00:11:25,250935945.39540482
2025-01-01 00:11:26,243059956.21806368
2025-01-01 00:11:27,249075442.31831753
2025-01-01 00:11:28,249905219.77395475
2025-01-01 00:11:29,249313426.4541577
2025-01-01 00:11:30,248050977.46978435
2025-01-01 00:11:31,246078340.1426893
2025-01-01 00:11:32,245747258.12956876
2025-01-01 00:11:33,243487514.49376163
2025-01-01 00:11:34,244398080.88740778
2025-01-01 00:11:35,246721659.10347986
2025-01-01 00:11:36,249437537.25617102
2025-01-01 00:11:37,246693593.6133741
2025-01-01 00:11:38,248691870.00417718
2025-01-01 00:11:39,245375370.98988923
2025-01-01 00:11:40,243113746.2164777
2025-01-01 00:11:41,244016099.0874749
2025-01-01 00:11:42,244961379.7756956
2025-01-01 00:11:43,247717108.25210017
2025-01-01 00:11:44,239114237.2151037
2025-01-01 00:11:45,245280288.81690556
2025-01-01 00:11:46,244696311.8465819
2025-01-01 00:11:47,245240167.66406202
2025-01-01 00:11:48,247404800.71725255
2025-01-01 00:11:49,246278959.3854477
2025-01-01 00:11:50,244462643.6575652
2025-01-01 00:11:51,244955165.35402703
2025-01-01 00:11:52,242271506.45175493
2025-01-01 00:11:53,243731023.4863662
2025-01-01 00:11:54,249992116.46807998
2025-01-01 00:11:55,245326123.18910083
2025-01-01 00:11:56,245948583.7078132
2025-01-01 00:11:57,250131460.28781375
2025-01-01 00:11:58,246247839.56595978
2025-01-01 00:11:59,248873586.2814324
2025-01-01 00:12:00,243446093.483298
2025-01-01 00:12:01,243623927.1709819
2025-01-01 00:12:02,244974869.69848
2025-01-01 00:12:03,251097366.8187953
2025-01-01 00:12:04,250876379.47971234
2025-01-01 00:12:05,251652532.93787146
2025-01-01 00:12:06,247892230.9850716
2025-01-01 00:12:07,247227310.03540185
2025-01-01 00:12:08,253464965.86125523
2025-01-01 00:12:09,252044296.14214882
2025-01-01 00:12:10,251403561.81290802
2025-01-01 00:12:11,252112934.5111485
2025-01-01 00:12:12,249405266.62991965
2025-01-01 00:12:13,247521594.84238836
2025-01-01 00:12:14,248379699.67928597
2025-01-01 00:12:15,246237112.58356753
2025-01-01 00:12:16,250218692.92290285
2025-01-01 00:12:17,253095469.65395385
2025-01-01 00:12:18,251452290.90513
2025-01-01 00:12:19,249443156.00416985
2025-01-01 00:12:20,249237597.26097524
2025-01-01 00:12:21,251361910.67609367
2025-01-01 00:12:22,249184356.80653057
2025-01-01 00:12:23,242566987.92868882
2025-01-01 00:12:24,239914851.36889789
2025-01-01 00:12:25,244817030.71587548
2025-01-01 00:12:26,244282970.15521458
2025-01-01 00:12:27,248540016.2111316
2025-01-01 00:12:28,253856685.98005918
2025-01-01 00:12:29,253238738.1888816
2025-01-01 00:12:30,252930116.6830594
2025-01-01 00:12:31,249847497.96859318
2025-01-01 00:12:32,247009214.28878608
2025-01-01 00:12:33,243021099.90967438
2025-01-01 00:12:34,247908030.83698937
2025-01-01 00:12:35,249933138.62684453
2025-01-01 00:12:36,249912610.0342139
2025-01-01 00:12:37,254980940.6107597
2025-01-01 00:12:38,252586332.08612013
2025-01-01 00:12:39,252039162.34359053
2025-01-01 00:12:40,250813312.91592595
2025-01-01 00:12:41,253620077.28433242
2025-01-01 00:12:42,257673973.31577718
2025-01-01 00:12:43,249500992.00141928
2025-01-01 00:12:44,249737610.92157134
2025-01-01 00:12:45,250249010.36013353
2025-01-01 00:12:46,252931485.52554703
2025-01-01 00:12:47,254687553.71367592
2025-01-01 00:12:48,255694756.50148773
2025-01-01 00:12:49,256014737.12637424
2025-01-01 00:12:50,248804396.9086368
2025-01-01 00:12:51,251719630.0996418
2025-01-01 00:12:52,253981135.42658803
2025-01-01 00:12:53,253225452.94329074
2025-01-01 00:12:54,254141336.89319897
2025-01-01 00:12:55,256402649.79301354
2025-01-01 00:12:56,258068930.80210328
2025-01-01 00:12:57,257796788.0690235
2025-01-01 00:12:58,256226963.9930646
2025-01-01 00:12:59,254861797.70251897
2025-01-01 00:13:00,258393581.01434687
2025-01-01 00:13:01,252430103.35662416
2025-01-01 00:13:02,254517751.13522148
2025-01-01 00:13:03,255617705.2742787
2025-01-01 00:13:04,258004106.49098125
2025-01-01 00:13:05,256707192.53098717
2025-01-01 00:13:06,251557235.9068185
2025-01-01 00:13:07,252438682.0445677
2025-01-01 00:13:08,251774603.07759407
2025-01-01 00:13:09,252950477.89598176
2025-01-01 00:13:10,253039740.43977132
2025-01-01 00:13:11,252394035.789893
2025-01-01 00:13:12,252162261.08505952
2025-01-01 00:13:13,253247470.45474738
2025-01-01 00:13:14,252890960.75804377
2025-01-01 00:13:15,251562892.7183948
2025-01-01 00:13:16,252634184.6858627
2025-01-01 00:13:17,250799992.97485188
2025-01-01 00:13:18,247561530.0785023
2025-01-01 00:13:19,252093744.27501985
2025-01-01 00:13:20,247118185.2153345
2025-01-01 00:13:21,249165390.56449392
2025-01-01 00:13:22,253884612.90363103
2025-01-01 00:13:23,253163991.56940588
2025-01-01 00:13:24,252578572.33993718
2025-01-01 00:13:25,254765341.5164177
2025-01-01 00:13:26,254791810.31097665
2025-01-01 00:13:27,258130764.69293287
2025-01-01 00:13:28,262344011.74674758
2025-01-01 00:13:29,256035424.15260312
2025-01-01 00:13:30,261099870.3959865
2025-01-01 00:13:31,257545871.16170773
2025-01-01 00:13:32,258229148.55042267
2025-01-01 00:13:33,252650648.86677077
2025-01-01 00:13:34,255084347.46777517
2025-01-01 00:13:35,254228188.62168515
2025-01-01 00:13:36,261073384.8986604
2025-01-01 00:13:37,260461450.50639483
2025-01-01 00:13:38,256476726.43122473
2025-01-01 00:13:39,249381726.39024606
2025-01-01 00:13:40,254355083.6475181
2025-01-01 00:13:41,259188527.5964478
2025-01-01 00:13:42,255014985.01548418
2025-01-01 00:13:43,255780747.1799274
2025-01-01 00:13:44,252584707.66418508
2025-01-01 00:13:45,249143735.17403737
2025-01-01 00:13:46,248993862.83204877
2025-01-01 00:13:47,251071285.02119258
2025-01-01 00:13:48,250731863.1482942
2025-01-01 00:13:49,250611602.3334207
2025-01-01 00:13:50,245351654.0261294
2025-01-01 00:13:51,240839608.41570866
2025-01-01 00:13:52,246762651.97678846
2025-01-01 00:13:53,249510327.79749426
2025-01-01 00:13:54,248530675.39221478
2025-01-01 00:13:55,251395333.99575838
2025-01-01 00:13:56,250258276.27916077
2025-01-01 00:13:57,248578856.9426861
2025-01-01 00:13:58,251134369.67409348
2025-01-01 00:13:59,249977973.01573882
2025-01-01 00:14:00,251501182.2841334
2025-01-01 00:14:01,248129229.6303118
2025-01-01 00:14:02,243217917.90989596
2025-01-01 00:14:03,245236627.29103148
2025-01-01 00:14:04,247059346.47345838
2025-01-01 00:14:05,246829885.4920306
2025-01-01 00:14:06,254470752.37907848
2025-01-01 00:14:07,252223367.88258964
2025-01-01 00:14:08,243234856.22063708
2025-01-01 00:14:09,242795396.1174062
2025-01-01 00:14:10,246322236.6177938
2025-01-01 00:14:11,243266499.5749833
2025-01-01 00:14:12,243697159.54623052
2025-01-01 00:14:13,246770952.6488652
2025-01-01 00:14:14,246318266.89696845
2025-01-01 00:14:15,245352705.01321703
2025-01-01 00:14:16,241740028.61302075
2025-01-01 00:14:17,241511417.9965069
2025-01-01 00:14:18,241990757.73103118
2025-01-01 00:14:19,245582330.8571862
2025-01-01 00:14:20,245189657.47090647
2025-01-01 00:14:21,245141031.76040658
2025-01-01 00:14:22,244567659.1756037
2025-01-01 00:14:23,247807127.5116863
2025-01-01 00:14:24,248223004.5355884
2025-01-01 00:14:25,247215901.3311855
2025-01-01 00:14:26,243783306.04818028
2025-01-01 00:14:27,241919663.78523806
2025-01-01 00:14:28,247666496.8784428
2025-01-01 00:14:29,250425485.25839037
2025-01-01 00:14:30,245123990.86065102
2025-01-01 00:14:31,240574103.05464667
2025-01-01 00:14:32,245572587.2272974
2025-01-01 00:14:33,242854350.5069879
2025-01-01 00:14:34,243837203.60138682
2025-01-01 00:14:35,243885752.2283547
2025-01-01 00:14:36,240323908.6020094
2025-01-01 00:14:37,244369046.28713614
2025-01-01 00:14:38,245517061.4277438
2025-01-01 00:14:39,246720396.37048873
2025-01-01 00:14:40,246389392.12787476
2025-01-01 00:14:41,247604458.2197228
2025-01-01 00:14:42,245653919.88853118
2025-01-01 00:14:43,243810152.63533595
2025-01-01 00:14:44,244497215.3129811
2025-01-01 00:14:45,246379623.8195696
2025-01-01 00:14:46,248749312.6337574
2025-01-01 00:14:47,244687999.33312538
2025-01-01 00:14:48,245059116.54467535
2025-01-01 00:14:49,243340533.88262123
2025-01-01 00:14:50,245264771.9719239
2025-01-01 00:14:51,244479453.61530718
2025-01-01 00:14:52,242328613.29190245
2025-01-01 00:14:53,239046986.19304007
2025-01-01 00:14:54,245800810.61289343
2025-01-01 00:14:55,244521965.07155326
2025-01-01 00:14:56,248011172.89634705
2025-01-01 00:14:57,248302873.1204322
2025-01-01 00:14:58,246853311.77843568
2025-01-01 00:14:59,245377997.0309565
2025-01-01 00:15:00,245529927.59858352
2025-01-01 00:15:01,247575111.45879152
2025-01-01 00:15:02,252713486.87876844
2025-01-01 00:15:03,252842099.67088532
2025-01-01 00:15:04,247349817.70943296
2025-01-01 00:15:05,246193019.79039893
2025-01-01 00:15:06,247167984.88893005
2025-01-01 00:15:07,249558677.05496076
2025-01-01 00:15:08,247595525.3957934
2025-01-01 00:15:09,240832544.06934658
2025-01-01 00:15:10,245702598.9139106
2025-01-01 00:15:11,245863694.240275
2025-01-01 00:15:12,246593137.734998
2025-01-01 00:15:13,243400242.08333853
2025-01-01 00:15:14,242540027.99921933
2025-01-01 00:15:15,244776158.6805593
2025-01-01 00:15:16,242663846.85422304
2025-01-01 00:15:17,242270960.6057979
2025-01-01 00:15:18,238435277.51188934
2025-01-01 00:15:19,242635031.4496849
2025-01-01 00:15:20,244159228.3706493
2025-01-01 00:15:21,243544254.2155977
2025-01-01 00:15:22,240163481.94139504
2025-01-01 00:15:23,240675784.80849853
2025-01-01 00:15:24,241873642.03331867
2025-01-01 00:15:25,246164397.95197904
2025-01-01 00:15:26,244644141.71754903
2025-01-01 00:15:27,244402691.15483785
2025-01-01 00:15:28,248551075.08217248
2025-01-01 00:15:29,245787353.76392865
2025-01-01 00:15:30,243740247.26877928
2025-01-01 00:15:31,249249706.94118157
2025-01-01 00:15:32,254461809.52161968
2025-01-01 00:15:33,246879492.8730615
2025-01-01 00:15:34,245076477.40723634
2025-01-01 00:15:35,250747306.4062799
2025-01-01 00:15:36,249586862.61922503
2025-01-01 00:15:37,244370017.47506702
2025-01-01 00:15:38,244548261.61336064
2025-01-01 00:15:39,247691912.54467386
2025-01-01 00:15:40,243296639.80353597
2025-01-01 00:15:41,241395183.4906934
2025-01-01 00:15:42,244767412.63606802
2025-01-01 00:15:43,246609999.2988402
2025-01-01 00:15:44,246028332.1824811
2025-01-01 00:15:45,249037018.42769307
2025-01-01 00:15:46,246083727.27935147
2025-01-01 00:15:47,245205715.9984338
2025-01-01 00:15:48,250581162.96457228
2025-01-01 00:15:49,249507681.10902846
2025-01-01 00:15:50,246359212.04654643
2025-01-01 00:15:51,245523476.97762707
2025-01-01 00:15:52,241311897.7059278
2025-01-01 00:15:53,243645654.74642882
2025-01-01 00:15:54,245250735.90673015
2025-01-01 00:15:55,248285583.30414852
2025-01-01 00:15:56,251204719.1348363
2025-01-01 00:15:57,250575838.1200235
2025-01-01 00:15:58,250637921.1095018
2025-01-01 00:15:59,244975237.05046684
2025-01-01 00:16:00,245509166.59657288
2025-01-01 00:16:01,247639012.6991423
2025-01-01 00:16:02,242973729.26586264
2025-01-01 00:16:03,239443837.85772926
2025-01-01 00:16:04,237449746.4188262
2025-01-01 00:16:05,241330798.65422633
2025-01-01 00:16:06,244479476.02953285
2025-01-01 00:16:07,243537167.65623996
2025-01-01 00:16:08,242783520.4451842
2025-01-01 00:16:09,238738586.23219052
2025-01-01 00:16:10,238340019.84554493
2025-01-01 00:16:11,240050338.9572441
2025-01-01 00:16:12,242927658.8994867
2025-01-01 00:16:13,243683435.84457693
2025-01-01 00:16:14,242109776.23978716
2025-01-01 00:16:15,242688169.7369904
2025-01-01 00:16:16,239917308.47535133
2025-01-01 00:16:17,239416744.63852882
2025-01-01 00:16:18,242161590.492045
2025-01-01 00:16:19,237153109.53644642
2025-01-01 00:16:20,238723525.88376704
2025-01-01 00:16:21,240384403.7279414
2025-01-01 00:16:22,239585241.71001908
2025-01-01 00:16:23,239379597.5985736
2025-01-01 00:16:24,235935397.99252015
2025-01-01 00:16:25,236848854.5270384
2025-01-01 00:16:26,236669530.02817217
2025-01-01 00:16:27,240031815.77619147
2025-01-01 00:16:28,243863298.64373305
2025-01-01 00:16:29,242367080.76759556
2025-01-01 00:16:30,235168763.8861167
2025-01-01 00:16:31,239399994.5551036
2025-01-01 00:16:32,240866320.70307928
2025-01-01 00:16:33,241932885.5839169
2025-01-01 00:16:34,240714757.6717482
2025-01-01 00:16:35,241250452.50003496
2025-01-01 00:16:36,242158750.24611682
2025-01-01 00:16:37,237850352.45686162
2025-01-01 00:16:38,237143949.18493736
2025-01-01 00:16:39,237558586.9133306
2025-01-01 00:16:40,242232852.12901396
2025-01-01 00:16:41,234353771.78948057
2025-01-01 00:16:42,234494613.54960385
2025-01-01 00:16:43,235106593.8919978
2025-01-01 00:16:44,236092720.90820605
2025-01-01 00:16:45,234631619.0769128
2025-01-01 00:16:46,233256847.61590788
2025-01-01 00:16:47,235465498.69173032
2025-01-01 00:16:48,229692221.6277055
2025-01-01 00:16:49,235739250.28769872
2025-01-01 00:16:50,236546306.86257678
2025-01-01 00:16:51,236570548.9012935
2025-01-01 00:16:52,238774625.46172366
2025-01-01 00:16:53,243435289.03475726
2025-01-01 00:16:54,244618130.338411
2025-01-01 00:16:55,240969493.34804368
2025-01-01 00:16:56,240384206.94753972
2025-01-01 00:16:57,235999613.1832138
2025-01-01 00:16:58,241243934.72624025
2025-01-01 00:16:59,240880909.8513875
2025-01-01 00:17:00,239072478.2310517
2025-01-01 00:17:01,237309124.09395638
2025-01-01 00:17:02,240774317.5594876
2025-01-01 00:17:03,239038415.92175195
2025-01-01 00:17:04,241553586.176301
2025-01-01 00:17:05,245643227.83363536
2025-01-01 00:17:06,237967905.53330106
2025-01-01 00:17:07,241326787.07257992
2025-01-01 00:17:08,244780073.24448708
2025-01-01 00:17:09,240006597.48741624
2025-01-01 00:17:10,240965921.64231175
2025-01-01 00:17:11,241314418.6842551
2025-01-01 00:17:12,237860770.9374496
2025-01-01 00:17:13,237866297.94056672
2025-01-01 00:17:14,242734073.16466
2025-01-01 00:17:15,244468029.57821363
2025-01-01 00:17:16,244848772.05338672
2025-01-01 00:17:17,241798248.70550805
2025-01-01 00:17:18,243107707.43973148
2025-01-01 00:17:19,243199853.07402045
2025-01-01 00:17:20,243956191.77777553
2025-01-01 00:17:21,240559644.04022893
2025-01-01 00:17:22,237004368.5918431
2025-01-01 00:17:23,241008864.22123882
2025-01-01 00:17:24,238481335.66289926
2025-01-01 00:17:25,242498484.07392278
2025-01-01 00:17:26,240808685.97029507
2025-01-01 00:17:27,244840205.8280865
2025-01-01 00:17:28,242130666.52703422
2025-01-01 00:17:29,238157310.4425379
2025-01-01 00:17:30,240142430.5201731
2025-01-01 00:17:31,238133786.83592623
2025-01-01 00:17:32,236502890.5616198
2025-01-01 00:17:33,239256437.85052148
2025-01-01 00:17:34,241272230.73283336
2025-01-01 00:17:35,239093861.46180555
2025-01-01 00:17:36,240271187.56009507
2025-01-01 00:17:37,239984451.79148802
2025-01-01 00:17:38,238919629.70752344
2025-01-01 00:17:39,243351793.26236108
2025-01-01 00:17:40,243812149.5825071
2025-01-01 00:17:41,239951883.33780265
2025-01-01 00:17:42,238170708.68312225
2025-01-01 00:17:43,242398017.68701774
2025-01-01 00:17:44,239158689.3245085
2025-01-01 00:17:45,239921951.84832236
2025-01-01 00:17:46,239393284.20237598
2025-01-01 00:17:47,237314185.5837996
2025-01-01 00:17:48,233701956.87393197
2025-01-01 00:17:49,237110735.52288553
2025-01-01 00:17:50,241764832.6068295
2025-01-01 00:17:51,238755038.2295417
2025-01-01 00:17:52,234974654.03527984
2025-01-01 00:17:53,230633817.85979006
2025-01-01 00:17:54,233557539.84299782
2025-01-01 00:17:55,235998524.92679793
2025-01-01 00:17:56,237047194.81541157
2025-01-01 00:17:57,234877928.39327973
2025-01-01 00:17:58,235071386.59057137
2025-01-01 00:17:59,234100704.232196
2025-01-01 00:18:00,238067458.48353967
2025-01-01 00:18:01,239325175.0603124
2025-01-01 00:18:02,239014267.70684087
2025-01-01 00:18:03,238264029.11397055
2025-01-01 00:18:04,239963865.9503196
2025-01-01 00:18:05,239211330.9927588
2025-01-01 00:18:06,234414898.63767084
2025-01-01 00:18:07,233287067.85317332
2025-01-01 00:18:08,235056626.8482976
2025-01-01 00:18:09,232506673.24173036
2025-01-01 00:18:10,236187500.55820692
2025-01-01 00:18:11,239036870.0916872
2025-01-01 00:18:12,242599259.44402015
2025-01-01 00:18:13,237161976.6524118
2025-01-01 00:18:14,240442685.031265
2025-01-01 00:18:15,243085886.3595945
2025-01-01 00:18:16,243342509.24807042
2025-01-01 00:18:17,248347345.27198362
2025-01-01 00:18:18,247991801.26071632
2025-01-01 00:18:19,245650418.7352739
2025-01-01 00:18:20,244424219.2253762
2025-01-01 00:18:21,244081579.29830098
2025-01-01 00:18:22,240597979.18806338
2025-01-01 00:18:23,241574623.4901103
2025-01-01 00:18:24,238715520.29929715
2025-01-01 00:18:25,240513296.77395803
2025-01-01 00:18:26,245031936.5097796
2025-01-01 00:18:27,243627165.32000673
2025-01-01 00:18:28,239102535.07419544
2025-01-01 00:18:29,236616648.7465366
2025-01-01 00:18:30,237794416.46974054
2025-01-01 00:18:31,237502796.80162954
2025-01-01 00:18:32,234293327.98100564
2025-01-01 00:18:33,240393818.77890447
2025-01-01 00:18:34,240938134.83606163
2025-01-01 00:18:35,238785970.5485846
2025-01-01 00:18:36,239201365.05555388
2025-01-01 00:18:37,237783574.27221113
2025-01-01 00:18:38,237796012.7421077
2025-01-01 00:18:39,240631410.7090161
2025-01-01 00:18:40,236224186.8783376
2025-01-01 00:18:41,234986370.14673135
2025-01-01 00:18:42,236554463.06574255
2025-01-01 00:18:43,234515516.6630493
2025-01-01 00:18:44,237049555.52735215
2025-01-01 00:18:45,240607511.36941713
2025-01-01 00:18:46,237809084.39931136
2025-01-01 00:18:47,233331965.8847413
2025-01-01 00:18:48,234081381.4882349
2025-01-01 00:18:49,232429519.4712472
2025-01-01 00:18:50,235078888.61204788
2025-01-01 00:18:51,235264845.00161564
2025-01-01 00:18:52,236810047.34502244
2025-01-01 00:18:53,236568013.7384536
2025-01-01 00:18:54,233276177.11618882
2025-01-01 00:18:55,236259427.3858599
2025-01-01 00:18:56,240366867.93643868
2025-01-01 00:18:57,237075563.14873773
2025-01-01 00:18:58,237776269.9339012
2025-01-01 00:18:59,236750281.45373654
2025-01-01 00:19:00,238819854.00883174
2025-01-01 00:19:01,242395465.30729195
2025-01-01 00:19:02,242075370.74301603
2025-01-01 00:19:03,240385631.448813
2025-01-01 00:19:04,242688071.3324324
2025-01-01 00:19:05,244831233.20880008
2025-01-01 00:19:06,245853055.7875929
2025-01-01 00:19:07,246820109.71345493
2025-01-01 00:19:08,244846522.7136105
2025-01-01 00:19:09,239561352.5420597
2025-01-01 00:19:10,241239909.28818238
2025-01-01 00:19:11,245685236.48821202
2025-01-01 00:19:12,242003701.37738582
2025-01-01 00:19:13,240977929.82799932
2025-01-01 00:19:14,242518066.36620063
2025-01-01 00:19:15,244935508.38976124
2025-01-01 00:19:16,243313367.98098913
2025-01-01 00:19:17,242788700.08349282
2025-01-01 00:19:18,244024531.5765119
2025-01-01 00:19:19,246931983.64280102
2025-01-01 00:19:20,241406717.7202228
2025-01-01 00:19:21,240994624.0649301
2025-01-01 00:19:22,243102662.7611309
2025-01-01 00:19:23,242401405.80865592
2025-01-01 00:19:24,244064821.91574696
2025-01-01 00:19:25,244500047.92178515
2025-01-01 00:19:26,243999796.01286712
2025-01-01 00:19:27,240115786.52927643
2025-01-01 00:19:28,243849924.39075223
2025-01-01 00:19:29,246215337.30516672
2025-01-01 00:19:30,243218738.71006006
2025-01-01 00:19:31,243346997.49955326
2025-01-01 00:19:32,241951413.32394496
2025-01-01 00:19:33,237746864.74106488
2025-01-01 00:19:34,235059188.2705403
2025-01-01 00:19:35,240550070.41987142
2025-01-01 00:19:36,242037554.91780567
2025-01-01 00:19:37,243095091.44785306
2025-01-01 00:19:38,245263760.01625794
2025-01-01 00:19:39,243560712.07686433
2025-01-01 00:19:40,240975035.60113272
2025-01-01 00:19:41,234516854.23815683
2025-01-01 00:19:42,239148127.3421082
2025-01-01 00:19:43,239143609.13034648
2025-01-01 00:19:44,235389329.25476024
2025-01-01 00:19:45,237380105.65521178
2025-01-01 00:19:46,242449394.40992904
2025-01-01 00:19:47,240357443.97372308
2025-01-01 00:19:48,243230312.04215407
2025-01-01 00:19:49,243708104.71733466
2025-01-01 00:19:50,245916396.9960987
2025-01-01 00:19:51,238360469.05907506
2025-01-01 00:19:52,243794929.77968994
2025-01-01 00:19:53,243631898.4516131
2025-01-01 00:19:54,243450772.07776695
2025-01-01 00:19:55,245925176.73469275
2025-01-01 00:19:56,244838059.33048257
2025-01-01 00:19:57,243820064.7291237
2025-01-01 00:19:58,245347840.25215232
2025-01-01 00:19:59,247078198.8028034
2025-01-01 00:20:00,241440629.1741211
2025-01-01 00:20:01,244514485.42124718
2025-01-01 00:20:02,241969162.1891809
2025-01-01 00:20:03,239958337.04000914
2025-01-01 00:20:04,239762782.85369018
2025-01-01 00:20:05,234881554.93548152
2025-01-01 00:20:06,234720933.415422
2025-01-01 00:20:07,240566498.6424347
2025-01-01 00:20:08,242374478.25789103
2025-01-01 00:20:09,241143539.33391023
2025-01-01 00:20:10,240299519.3311226
2025-01-01 00:20:11,238922131.53972444
2025-01-01 00:20:12,241526437.19316235
2025-01-01 00:20:13,243329948.70455855
2025-01-01 00:20:14,248973541.5397622
2025-01-01 00:20:15,244470599.4362871
2025-01-01 00:20:16,246543583.49598783
2025-01-01 00:20:17,242059396.47614583
2025-01-01 00:20:18,243621262.8379385
2025-01-01 00:20:19,246648021.3959792
2025-01-01 00:20:20,249802503.325692
2025-01-01 00:20:21,251248196.2994891
2025-01-01 00:20:22,248664576.6953193
2025-01-01 00:20:23,242811127.28492188
2025-01-01 00:20:24,244819306.8916089
2025-01-01 00:20:25,248805536.43757275
2025-01-01 00:20:26,245621785.74073437
2025-01-01 00:20:27,243224127.40740243
2025-01-01 00:20:28,245397733.7242584
2025-01-01 00:20:29,244079532.04434988
2025-01-01 00:20:30,240165710.81745452
2025-01-01 00:20:31,240501532.28976682
2025-01-01 00:20:32,238376591.18808436
2025-01-01 00:20:33,238783534.38630393
2025-01-01 00:20:34,240532786.96002236
2025-01-01 00:20:35,238684620.99417707
2025-01-01 00:20:36,239932853.5898278
2025-01-01 00:20:37,239416897.67107072
2025-01-01 00:20:38,241832523.62959614
2025-01-01 00:20:39,240050157.9150166
2025-01-01 00:20:40,244308579.86064598
2025-01-01 00:20:41,241005211.57952335
2025-01-01 00:20:42,234895503.98071948
2025-01-01 00:20:43,243626553.77279067
2025-01-01 00:20:44,240338023.1826377
2025-01-01 00:20:45,232535949.31101155
2025-01-01 00:20:46,236138617.16232145
2025-01-01 00:20:47,237789670.160324
2025-01-01 00:20:48,239619124.86479196
2025-01-01 00:20:49,238295807.32683486
2025-01-01 00:20:50,238186760.48304337
2025-01-01 00:20:51,237848031.15101364
2025-01-01 00:20:52,240674771.91521674
2025-01-01 00:20:53,240894914.572106
2025-01-01 00:20:54,241034492.24554878
2025-01-01 00:20:55,237766205.76465666
2025-01-01 00:20:56,237179064.91437772
2025-01-01 00:20:57,236973033.04507092
2025-01-01 00:20:58,236905104.02369228
2025-01-01 00:20:59,239639055.85403448
2025-01-01 00:21:00,237633913.28969646
2025-01-01 00:21:01,242425470.1734062
2025-01-01 00:21:02,238348526.68992925
2025-01-01 00:21:03,240661302.54604718
2025-01-01 00:21:04,239872140.05596524
2025-01-01 00:21:05,241567700.61156386
2025-01-01 00:21:06,240985336.41375092
2025-01-01 00:21:07,242694074.25363716
2025-01-01 00:21:08,240952639.86079204
2025-01-01 00:21:09,238715164.8253332
2025-01-01 00:21:10,236180849.81419793
2025-01-01 00:21:11,233464020.74217212
2025-01-01 00:21:12,233243562.9279944
2025-01-01 00:21:13,237928307.0155627
2025-01-01 00:21:14,235864518.05310276
2025-01-01 00:21:15,236940293.06979176
2025-01-01 00:21:16,236508735.24922076
2025-01-01 00:21:17,239660195.08778822
2025-01-01 00:21:18,237390617.89724293
2025-01-01 00:21:19,244677294.19803232
2025-01-01 00:21:20,243007355.48023772
2025-01-01 00:21:21,241306516.9368715
2025-01-01 00:21:22,239064420.1728269
2025-01-01 00:21:23,235448475.55081514
2025-01-01 00:21:24,235679341.78143105
2025-01-01 00:21:25,237032145.60302764
2025-01-01 00:21:26,237116614.5576383
2025-01-01 00:21:27,236816323.186373
2025-01-01 00:21:28,241299139.46557462
2025-01-01 00:21:29,238323917.86879408
2025-01-01 00:21:30,243793035.75369066
2025-01-01 00:21:31,245298264.34381017
2025-01-01 00:21:32,239664404.4235495
2025-01-01 00:21:33,240348476.67323676
2025-01-01 00:21:34,244315025.74010664
2025-01-01 00:21:35,243275200.4857989
2025-01-01 00:21:36,243077696.07978183
2025-01-01 00:21:37,242820781.16845673
2025-01-01 00:21:38,242978981.36547154
2025-01-01 00:21:39,242507819.07830516
2025-01-01 00:21:40,243522408.62960526
2025-01-01 00:21:41,246744773.90004402
2025-01-01 00:21:42,246190530.3535932
2025-01-01 00:21:43,245430502.78553823
2025-01-01 00:21:44,242809994.68716937
2025-01-01 00:21:45,243664902.86133763
2025-01-01 00:21:46,240798947.77718344
2025-01-01 00:21:47,239653173.0630102
2025-01-01 00:21:48,240587036.7950856
2025-01-01 00:21:49,240973686.35752854
2025-01-01 00:21:50,241606963.1616674
2025-01-01 00:21:51,239070535.38017637
2025-01-01 00:21:52,243937490.92536587
2025-01-01 00:21:53,240247855.12948847
2025-01-01 00:21:54,242230423.45446607
2025-01-01 00:21:55,239698053.6915803
2025-01-01 00:21:56,237553311.408642
2025-01-01 00:21:57,237569236.33856922
2025-01-01 00:21:58,237720498.01319236
2025-01-01 00:21:59,236524862.69221708
2025-01-01 00:22:00,236528135.6548728
2025-01-01 00:22:01,234557423.3699838
2025-01-01 00:22:02,243221454.72947794
2025-01-01 00:22:03,240390076.8391193
2025-01-01 00:22:04,242781833.91901484
2025-01-01 00:22:05,243603859.3633184
2025-01-01 00:22:06,243587337.8242402
2025-01-01 00:22:07,245516890.89634532
2025-01-01 00:22:08,241726926.9139647
2025-01-01 00:22:09,238439343.42389548
2025-01-01 00:22:10,242827703.9233824
2025-01-01 00:22:11,241470495.98660693
2025-01-01 00:22:12,243123125.8662176
2025-01-01 00:22:13,245838154.5737693
2025-01-01 00:22:14,237540346.70091847
2025-01-01 00:22:15,243341837.1537516
2025-01-01 00:22:16,248636845.73513296
2025-01-01 00:22:17,248917968.79202774
2025-01-01 00:22:18,249769684.70901307
2025-01-01 00:22:19,244066832.7692431
2025-01-01 00:22:20,244919723.5557549
2025-01-01 00:22:21,241167385.37961668
2025-01-01 00:22:22,239142094.78068143
2025-01-01 00:22:23,239253294.51988614
2025-01-01 00:22:24,243305708.98854375
2025-01-01 00:22:25,236804764.71976978
2025-01-01 00:22:26,239196938.18912196
2025-01-01 00:22:27,237382532.49945205
2025-01-01 00:22:28,242197600.3099803
2025-01-01 00:22:29,237238112.28951627
2025-01-01 00:22:30,239887089.9912697
2025-01-01 00:22:31,242470247.12594134
2025-01-01 00:22:32,246125373.98457927
2025-01-01 00:22:33,242991963.6226323
2025-01-01 00:22:34,247867252.56019872
2025-01-01 00:22:35,247708538.12203768
2025-01-01 00:22:36,246206715.01156494
2025-01-01 00:22:37,249954907.0564376
2025-01-01 00:22:38,248794376.9023234
2025-01-01 00:22:39,249145180.6755683
2025-01-01 00:22:40,251007973.62793627
2025-01-01 00:22:41,245857165.69798955
2025-01-01 00:22:42,242700514.92522863
2025-01-01 00:22:43,243429488.11082464
2025-01-01 00:22:44,241314186.80513206
2025-01-01 00:22:45,244176636.4331563
2025-01-01 00:22:46,249064523.4756389
2025-01-01 00:22:47,245270624.26012436
2025-01-01 00:22:48,245376664.87213823
2025-01-01 00:22:49,250742615.0115109
2025-01-01 00:22:50,248874990.5306945
2025-01-01 00:22:51,245702146.36024684
2025-01-01 00:22:52,246202098.68825123
2025-01-01 00:22:53,244043237.86428246
2025-01-01 00:22:54,243473301.2415088
2025-01-01 00:22:55,242913798.96282637
2025-01-01 00:22:56,241923907.65158144
2025-01-01 00:22:57,242474201.65861285
2025-01-01 00:22:58,240722367.7890256
2025-01-01 00:22:59,241447533.2850002
2025-01-01 00:23:00,244362273.63550392
2025-01-01 00:23:01,245532574.89354837
2025-01-01 00:23:02,244845245.0356856
2025-01-01 00:23:03,242503971.7260895
2025-01-01 00:23:04,245957376.79423565
2025-01-01 00:23:05,242172349.02074164
2025-01-01 00:23:06,246113513.94538316
2025-01-01 00:23:07,243407635.11790532
2025-01-01 00:23:08,243993861.51456884
2025-01-01 00:23:09,240541700.6328332
2025-01-01 00:23:10,240376910.4222779
2025-01-01 00:23:11,238295027.19871402
2025-01-01 00:23:12,243315371.74602637
2025-01-01 00:23:13,241351165.36657983
2025-01-01 00:23:14,242832822.0366111
2025-01-01 00:23:15,243728241.02138543
2025-01-01 00:23:16,242663577.27717537
2025-01-01 00:23:17,239159233.88180226
2025-01-01 00:23:18,241272734.54656368
2025-01-01 00:23:19,244619262.96760565
2025-01-01 00:23:20,243905014.25868616
2025-01-01 00:23:21,245256962.42556933
2025-01-01 00:23:22,245293694.31312376
2025-01-01 00:23:23,239545833.07391384
2025-01-01 00:23:24,242822623.9266264
2025-01-01 00:23:25,245054410.34642628
2025-01-01 00:23:26,244678240.0732177
2025-01-01 00:23:27,244915350.90646517
2025-01-01 00:23:28,248063955.23744777
2025-01-01 00:23:29,245460991.94475278
2025-01-01 00:23:30,245712285.63524777
2025-01-01 00:23:31,245906499.7862911
2025-01-01 00:23:32,245758083.63006696
2025-01-01 00:23:33,241796278.9365579
2025-01-01 00:23:34,243408873.61880526
2025-01-01 00:23:35,244353589.63642874
2025-01-01 00:23:36,246914404.47839704
2025-01-01 00:23:37,247909059.22488424
2025-01-01 00:23:38,242401384.9938815
2025-01-01 00:23:39,237651076.83255133
2025-01-01 00:23:40,239615440.23055625
2025-01-01 00:23:41,242544678.09497395
2025-01-01 00:23:42,241159185.95250127
2025-01-01 00:23:43,239097787.5936933
2025-01-01 00:23:44,241550729.53065565
2025-01-01 00:23:45,239972116.38176417
2025-01-01 00:23:46,245699297.66229758
2025-01-01 00:23:47,248936901.9418257
2025-01-01 00:23:48,245571218.68149558
2025-01-01 00:23:49,243652522.73013312
2025-01-01 00:23:50,239790753.6203991
2025-01-01 00:23:51,245879190.29712588
2025-01-01 00:23:52,248418133.49370706
2025-01-01 00:23:53,250724618.8823867
2025-01-01 00:23:54,248738053.4654126
2025-01-01 00:23:55,242651455.97880086
2025-01-01 00:23:56,244300524.10145277
2025-01-01 00:23:57,244627985.46951672
2025-01-01 00:23:58,246467591.43927783
2025-01-01 00:23:59,245856650.2868864
2025-01-01 00:24:00,241503803.35672957
2025-01-01 00:24:01,245951033.62038684
2025-01-01 00:24:02,248283766.82533348
2025-01-01 00:24:03,254790637.95534602
2025-01-01 00:24:04,254500935.76573205
2025-01-01 00:24:05,247219929.38714403
2025-01-01 00:24:06,244181306.66581807
2025-01-01 00:24:07,244920579.67013285
2025-01-01 00:24:08,244104309.19674242
2025-01-01 00:24:09,245220862.40277487
2025-01-01 00:24:10,244185336.5378354
2025-01-01 00:24:11,245000114.0757938
2025-01-01 00:24:12,248015556.37622187
2025-01-01 00:24:13,246622749.60922015
2025-01-01 00:24:14,243249297.45396206
2025-01-01 00:24:15,243053664.9911296
2025-01-01 00:24:16,241229513.14100373
2025-01-01 00:24:17,246102402.80452922
2025-01-01 00:24:18,248434843.97101337
2025-01-01 00:24:19,247784185.87912256
2025-01-01 00:24:20,248243455.45838308
2025-01-01 00:24:21,245134493.87758693
2025-01-01 00:24:22,248336664.09257695
2025-01-01 00:24:23,245226200.05154476
2025-01-01 00:24:24,244507038.72850978
2025-01-01 00:24:25,246580689.2369785
2025-01-01 00:24:26,240300497.49905062
2025-01-01 00:24:27,242048956.6033134
2025-01-01 00:24:28,241361120.5511338
2025-01-01 00:24:29,235379314.89531684
2025-01-01 00:24:30,239336613.50630543
2025-01-01 00:24:31,238531908.11380887
2025-01-01 00:24:32,240852730.9723188
2025-01-01 00:24:33,236873682.66510862
2025-01-01 00:24:34,238788935.743303
2025-01-01 00:24:35,239686097.9780629
2025-01-01 00:24:36,239051034.893188
2025-01-01 00:24:37,237096714.02338153
2025-01-01 00:24:38,239555791.82484075
2025-01-01 00:24:39,237112147.06534633
2025-01-01 00:24:40,237259538.63974997
2025-01-01 00:24:41,236656711.65782055
2025-01-01 00:24:42,234673260.21548682
2025-01-01 00:24:43,234703113.64821532
2025-01-01 00:24:44,237467775.26376194
2025-01-01 00:24:45,236403827.17139572
2025-01-01 00:24:46,237774340.3241857
2025-01-01 00:24:47,237898112.71446887
2025-01-01 00:24:48,236564924.6529324
2025-01-01 00:24:49,238163048.9209374
2025-01-01 00:24:50,239393519.2675474
2025-01-01 00:24:51,239944767.70337018
2025-01-01 00:24:52,240896545.172159
2025-01-01 00:24:53,243546457.89077085
2025-01-01 00:24:54,242848547.2779687
2025-01-01 00:24:55,239649111.37809235
2025-01-01 00:24:56,241180349.90794376
2025-01-01 00:24:57,242389757.08569637
2025-01-01 00:24:58,239691556.87278134
2025-01-01 00:24:59,234377891.48530555
2025-01-01 00:25:00,235816123.20603994
2025-01-01 00:25:01,239751643.94246554
2025-01-01 00:25:02,238277297.7878792
2025-01-01 00:25:03,238205187.42349008
2025-01-01 00:25:04,239787508.4384866
2025-01-01 00:25:05,234229951.47814798
2025-01-01 00:25:06,238248901.85647267
2025-01-01 00:25:07,238900866.23622233
2025-01-01 00:25:08,240829968.6568305
2025-01-01 00:25:09,244739644.89278615
2025-01-01 00:25:10,244090007.01232412
2025-01-01 00:25:11,242099492.42972288
2025-01-01 00:25:12,242015530.23964152
2025-01-01 00:25:13,237404965.1360865
2025-01-01 00:25:14,243989569.75518286
2025-01-01 00:25:15,240391383.02416724
2025-01-01 00:25:16,241898651.69884932
2025-01-01 00:25:17,244749038.2627618
2025-01-01 00:25:18,242438360.18070853
2025-01-01 00:25:19,246124950.5949986
2025-01-01 00:25:20,239749904.3479388
2025-01-01 00:25:21,239747710.13578653
2025-01-01 00:25:22,243617543.77928445
2025-01-01 00:25:23,242583399.96660972
2025-01-01 00:25:24,238159161.7157983
2025-01-01 00:25:25,236175637.81609693
2025-01-01 00:25:26,239181177.79438558
2025-01-01 00:25:27,238742746.66301495
2025-01-01 00:25:28,237994696.9145392
2025-01-01 00:25:29,241549402.99338114
2025-01-01 00:25:30,242643863.83940405
2025-01-01 00:25:31,242800020.93961117
2025-01-01 00:25:32,243649899.3656919
2025-01-01 00:25:33,239422944.33780307
2025-01-01 00:25:34,240693850.37378424
2025-01-01 00:25:35,242149326.7417477
2025-01-01 00:25:36,240927070.0333252
2025-01-01 00:25:37,243713165.30816877
2025-01-01 00:25:38,248246474.17509186
2025-01-01 00:25:39,247271632.68572712
2025-01-01 00:25:40,244354073.41959423
2025-01-01 00:25:41,246441403.50287876
2025-01-01 00:25:42,243199789.72796503
2025-01-01 00:25:43,243292483.71638277
2025-01-01 00:25:44,243838158.22486782
2025-01-01 00:25:45,238375723.51078302
2025-01-01 00:25:46,240782704.1913067
2025-01-01 00:25:47,246825760.53673506
2025-01-01 00:25:48,246491703.17550784
2025-01-01 00:25:49,246551078.62251
2025-01-01 00:25:50,245510301.1506242
2025-01-01 00:25:51,243923646.31136206
2025-01-01 00:25:52,244474476.22836763
2025-01-01 00:25:53,249626616.61717153
2025-01-01 00:25:54,249855357.4303205
2025-01-01 00:25:55,247215754.2905377
2025-01-01 00:25:56,247777254.43123427
2025-01-01 00:25:57,245185039.3181187
2025-01-01 00:25:58,244366995.20587012
2025-01-01 00:25:59,240911250.7308164
2025-01-01 00:26:00,236390484.33215725
2025-01-01 00:26:01,242399050.3714542
2025-01-01 00:26:02,247872682.6284626
2025-01-01 00:26:03,249207226.96811867
2025-01-01 00:26:04,249823781.805552
2025-01-01 00:26:05,247740791.32917586
2025-01-01 00:26:06,245146928.4575046
2025-01-01 00:26:07,247171870.2646242
2025-01-01 00:26:08,248354765.41178742
2025-01-01 00:26:09,247430237.26913315
2025-01-01 00:26:10,251533535.07708153
2025-01-01 00:26:11,250755247.37136447
2025-01-01 00:26:12,250315464.78625113
2025-01-01 00:26:13,249993575.94623485
2025-01-01 00:26:14,247537811.5530266
2025-01-01 00:26:15,244903633.81152657
2025-01-01 00:26:16,245072743.1588839
2025-01-01 00:26:17,242999059.52993277
2025-01-01 00:26:18,241631965.3816795
2025-01-01 00:26:19,242613120.22868332
2025-01-01 00:26:20,243027017.56919622
2025-01-01 00:26:21,247079559.85630974
2025-01-01 00:26:22,241388218.74537644
2025-01-01 00:26:23,242455507.9518559
2025-01-01 00:26:24,247818551.12420818
2025-01-01 00:26:25,244251665.5587133
2025-01-01 00:26:26,246625429.91204873
2025-01-01 00:26:27,249225396.0225828
2025-01-01 00:26:28,250210694.4022421
2025-01-01 00:26:29,249324359.17177737
2025-01-01 00:26:30,248104111.2036253
2025-01-01 00:26:31,247247900.59863448
2025-01-01 00:26:32,249084978.27049565
2025-01-01 00:26:33,250526342.59453815
2025-01-01 00:26:34,252197759.81439692
2025-01-01 00:26:35,252929555.47261932
2025-01-01 00:26:36,253393729.311656
2025-01-01 00:26:37,252839417.77829477
2025-01-01 00:26:38,255035049.14962992
2025-01-01 00:26:39,251465431.67251343
2025-01-01 00:26:40,248985467.29214558
2025-01-01 00:26:41,249818956.10876358
2025-01-01 00:26:42,250584745.8555295
2025-01-01 00:26:43,247648803.45069104
2025-01-01 00:26:44,245250833.06760144
2025-01-01 00:26:45,251826565.37014213
2025-01-01 00:26:46,250792810.10142472
2025-01-01 00:26:47,252909039.3644958
2025-01-01 00:26:48,250075444.89183056
2025-01-01 00:26:49,250961199.64511785
2025-01-01 00:26:50,250746385.36355677
2025-01-01 00:26:51,250409469.9799723
2025-01-01 00:26:52,252437880.92733917
2025-01-01 00:26:53,251410210.9705143
2025-01-01 00:26:54,249091380.72652513
2025-01-01 00:26:55,251008526.25554693
2025-01-01 00:26:56,258066545.31623325
2025-01-01 00:26:57,253650578.32965407
2025-01-01 00:26:58,257762997.5694697
2025-01-01 00:26:59,252613546.08558577
2025-01-01 00:27:00,250780687.9693478
2025-01-01 00:27:01,251415250.60715798
2025-01-01 00:27:02,252842391.05020514
2025-01-01 00:27:03,251188241.28487518
2025-01-01 00:27:04,248465367.50545418
2025-01-01 00:27:05,248568713.13928628
2025-01-01 00:27:06,249689217.15183592
2025-01-01 00:27:07,244804164.2442113
2025-01-01 00:27:08,244071570.42114773
2025-01-01 00:27:09,238965914.99871647
2025-01-01 00:27:10,240171341.34188768
2025-01-01 00:27:11,245610558.25238124
2025-01-01 00:27:12,244711990.00336015
2025-01-01 00:27:13,242808715.01774892
2025-01-01 00:27:14,240628747.40492794
2025-01-01 00:27:15,245844563.92087236
2025-01-01 00:27:16,245823140.53756475
2025-01-01 00:27:17,248762202.9814645
2025-01-01 00:27:18,244063655.4820164
2025-01-01 00:27:19,247430549.27990648
2025-01-01 00:27:20,246507448.22311434
2025-01-01 00:27:21,251590014.73479497
2025-01-01 00:27:22,253238851.18527278
2025-01-01 00:27:23,258542330.25642544
2025-01-01 00:27:24,250956611.3734379
2025-01-01 00:27:25,250437976.82609805
2025-01-01 00:27:26,248745071.8576772
2025-01-01 00:27:27,251134116.15093446
2025-01-01 00:27:28,248329907.05104795
2025-01-01 00:27:29,248901960.42918912
2025-01-01 00:27:30,248733061.77251244
2025-01-01 00:27:31,253484176.3261479
2025-01-01 00:27:32,251215645.0381392
2025-01-01 00:27:33,250890520.27973777
2025-01-01 00:27:34,256571890.72629535
2025-01-01 00:27:35,251005602.22152308
2025-01-01 00:27:36,251480485.1524186
2025-01-01 00:27:37,249787445.16005442
2025-01-01 00:27:38,251001986.2111185
2025-01-01 00:27:39,253738591.93434054
2025-01-01 00:27:40,251795868.73978063
2025-01-01 00:27:41,249362186.92061153
2025-01-01 00:27:42,250756145.25860327
2025-01-01 00:27:43,251402607.93447965
2025-01-01 00:27:44,250667297.46281773
2025-01-01 00:27:45,249824749.78544268
2025-01-01 00:27:46,247453561.45513347
2025-01-01 00:27:47,250446198.00571513
2025-01-01 00:27:48,248169608.96859995
2025-01-01 00:27:49,251931716.52587876
2025-01-01 00:27:50,249281502.90312532
2025-01-01 00:27:51,254445369.33785456
2025-01-01 00:27:52,252569720.3598147
2025-01-01 00:27:53,255578049.12981966
2025-01-01 00:27:54,253117867.73688596
2025-01-01 00:27:55,250600070.45908606
2025-01-01 00:27:56,247213012.6924228
2025-01-01 00:27:57,249947062.23044956
2025-01-01 00:27:58,247374555.7753857
2025-01-01 00:27:59,250689851.42688167
2025-01-01 00:28:00,246927695.3418946
2025-01-01 00:28:01,247013422.54528686
2025-01-01 00:28:02,249364754.90326256
2025-01-01 00:28:03,250290431.50993404
2025-01-01 00:28:04,249392983.66243953
2025-01-01 00:28:05,249807538.7642541
2025-01-01 00:28:06,251640188.18651992
2025-01-01 00:28:07,249054298.77278265
2025-01-01 00:28:08,243323179.58851764
2025-01-01 00:28:09,245450941.58869416
2025-01-01 00:28:10,248848086.3016357
2025-01-01 00:28:11,245910883.60900086
2025-01-01 00:28:12,250513468.10774657
2025-01-01 00:28:13,252911607.8596012
2025-01-01 00:28:14,250165957.1764535
2025-01-01 00:28:15,246920132.6389434
2025-01-01 00:28:16,249016323.56476876
2025-01-01 00:28:17,254013524.1294911
2025-01-01 00:28:18,251150318.5522697
2025-01-01 00:28:19,246308952.659037
2025-01-01 00:28:20,247566941.21526244
2025-01-01 00:28:21,248901909.63440865
2025-01-01 00:28:22,250594935.96088713
2025-01-01 00:28:23,253911878.57758406
2025-01-01 00:28:24,252517202.97639441
2025-01-01 00:28:25,255603584.42394546
2025-01-01 00:28:26,254492421.5084402
2025-01-01 00:28:27,248887878.35436323
2025-01-01 00:28:28,252264971.6784972
2025-01-01 00:28:29,246448914.05996758
2025-01-01 00:28:30,243585530.29907033
2025-01-01 00:28:31,248034952.90773618
2025-01-01 00:28:32,247917425.48686853
2025-01-01 00:28:33,247886571.85913825
2025-01-01 00:28:34,249765692.4304856
2025-01-01 00:28:35,252081048.49805203
2025-01-01 00:28:36,253882262.6852143
2025-01-01 00:28:37,246103707.5215795
2025-01-01 00:28:38,251386053.48482862
2025-01-01 00:28:39,251896238.46559197
2025-01-01 00:28:40,253174073.33347592
2025-01-01 00:28:41,253980350.52918702
2025-01-01 00:28:42,250480245.4764417
2025-01-01 00:28:43,252924563.3633118
2025-01-01 00:28:44,254593801.95312497
2025-01-01 00:28:45,249639089.25707892
2025-01-01 00:28:46,249268260.27318883
2025-01-01 00:28:47,250590550.71072862
2025-01-01 00:28:48,254211627.0151246
2025-01-01 00:28:49,254961315.83044052
2025-01-01 00:28:50,248868282.2575547
2025-01-01 00:28:51,248468582.20331022
2025-01-01 00:28:52,243554934.69867268
2025-01-01 00:28:53,244084107.67839223
2025-01-01 00:28:54,245504973.84183016
2025-01-01 00:28:55,250192355.1105574
2025-01-01 00:28:56,243944028.40547082
2025-01-01 00:28:57,244975660.79072976
2025-01-01 00:28:58,246323502.6900038
2025-01-01 00:28:59,248799576.19052038
2025-01-01 00:29:00,253402461.62145603
2025-01-01 00:29:01,252334986.55661243
2025-01-01 00:29:02,245102799.99959993
2025-01-01 00:29:03,245831837.49476075
2025-01-01 00:29:04,246511776.01649398
2025-01-01 00:29:05,246328432.79226243
2025-01-01 00:29:06,242814026.8357565
2025-01-01 00:29:07,249895383.14446053
2025-01-01 00:29:08,246337313.64581534
2025-01-01 00:29:09,246988478.24312726
2025-01-01 00:29:10,244459135.25345576
2025-01-01 00:29:11,243132675.4651418
2025-01-01 00:29:12,243670487.3211911
2025-01-01 00:29:13,245827023.34294298
2025-01-01 00:29:14,247516551.43544304
2025-01-01 00:29:15,244474790.09530798
2025-01-01 00:29:16,243127555.4426925
2025-01-01 00:29:17,243335804.62180316
2025-01-01 00:29:18,248789124.98506317
2025-01-01 00:29:19,248448806.64375114
2025-01-01 00:29:20,247973462.71315065
2025-01-01 00:29:21,245326399.45267466
2025-01-01 00:29:22,246258082.47254372
2025-01-01 00:29:23,250918271.6027217
2025-01-01 00:29:24,250313646.0625883
2025-01-01 00:29:25,248322785.70223388
2025-01-01 00:29:26,245063888.09611553
2025-01-01 00:29:27,246680274.92367128
2025-01-01 00:29:28,249562288.745758
2025-01-01 00:29:29,250166647.46808964
2025-01-01 00:29:30,252746707.7955689
2025-01-01 00:29:31,251944397.5847307
2025-01-01 00:29:32,249688952.97500694
2025-01-01 00:29:33,248313235.95485356
2025-01-01 00:29:34,244803240.17163274
2025-01-01 00:29:35,244847049.13879704
2025-01-01 00:29:36,242106957.0126183
2025-01-01 00:29:37,244430141.1007191
2025-01-01 00:29:38,249069345.96964765
2025-01-01 00:29:39,250758112.7139906
2025-01-01 00:29:40,251952137.91537982
2025-01-01 00:29:41,253500564.9787072
2025-01-01 00:29:42,251242524.57914326
2025-01-01 00:29:43,247848016.58010203
2025-01-01 00:29:44,249886460.16151598
2025-01-01 00:29:45,252979058.8607275
2025-01-01 00:29:46,246944979.69392067
2025-01-01 00:29:47,248377739.41065234
2025-01-01 00:29:48,246588259.54728854
2025-01-01 00:29:49,243671025.40689075
2025-01-01 00:29:50,244304605.0185335
2025-01-01 00:29:51,243967493.09243295
2025-01-01 00:29:52,247626719.5227024
2025-01-01 00:29:53,246357542.06108823
2025-01-01 00:29:54,244677909.88303387
2025-01-01 00:29:55,245001737.82794353
2025-01-01 00:29:56,242338697.79578754
2025-01-01 00:29:57,244995803.24537554
2025-01-01 00:29:58,243855003.91294864
2025-01-01 00:29:59,245553430.146791
2025-01-01 00:30:00,245996230.23364073
2025-01-01 00:30:01,242414760.80296296
2025-01-01 00:30:02,243020189.7840634
2025-01-01 00:30:03,245795521.19674146
2025-01-01 00:30:04,246143185.47716767
2025-01-01 00:30:05,250091103.10030928
2025-01-01 00:30:06,252557134.8441431
2025-01-01 00:30:07,249868133.82367426
2025-01-01 00:30:08,250823689.8190553
2025-01-01 00:30:09,249563916.61942008
2025-01-01 00:30:10,246954713.7420227
2025-01-01 00:30:11,247813652.08418402
2025-01-01 00:30:12,245464762.8159232
2025-01-01 00:30:13,247359183.50830662
2025-01-01 00:30:14,247538343.60009113
2025-01-01 00:30:15,245912372.42041144
2025-01-01 00:30:16,248747986.77897525
2025-01-01 00:30:17,248666019.66938743
2025-01-01 00:30:18,249514254.99294648
2025-01-01 00:30:19,249511678.5954997
2025-01-01 00:30:20,253920005.6106497
2025-01-01 00:30:21,251691788.04303282
2025-01-01 00:30:22,253257432.08891663
2025-01-01 00:30:23,251307834.68573964
2025-01-01 00:30:24,251369377.0790569
2025-01-01 00:30:25,251407581.87160692
2025-01-01 00:30:26,252389562.90549186
2025-01-01 00:30:27,247119230.53722057
2025-01-01 00:30:28,247958701.9686178
2025-01-01 00:30:29,247719276.92453983
2025-01-01 00:30:30,248441241.96496886
2025-01-01 00:30:31,246504021.74622104
2025-01-01 00:30:32,246030397.52717632
2025-01-01 00:30:33,240800982.40923825
2025-01-01 00:30:34,240245970.58700693
2025-01-01 00:30:35,239597541.10249513
2025-01-01 00:30:36,237422071.04026192
2025-01-01 00:30:37,236279668.6658371
2025-01-01 00:30:38,239749175.82208946
2025-01-01 00:30:39,243658303.60713744
2025-01-01 00:30:40,238177228.78603262
2025-01-01 00:30:41,237869172.04230803
2025-01-01 00:30:42,233440788.31878868
2025-01-01 00:30:43,232701059.80768904
2025-01-01 00:30:44,234193223.749136
2025-01-01 00:30:45,236349308.6624735
2025-01-01 00:30:46,234376328.22411525
2025-01-01 00:30:47,237477758.68941244
2025-01-01 00:30:48,237781518.68847135
2025-01-01 00:30:49,233577940.10695717
2025-01-01 00:30:50,239113296.08106324
2025-01-01 00:30:51,240335793.432816
2025-01-01 00:30:52,239096639.85565838
2025-01-01 00:30:53,243095389.90763348
2025-01-01 00:30:54,239916213.6004993
2025-01-01 00:30:55,243348086.9776681
2025-01-01 00:30:56,240720896.4948213
2025-01-01 00:30:57,243705101.81176633
2025-01-01 00:30:58,244265692.5395827
2025-01-01 00:30:59,249734227.63927102
2025-01-01 00:31:00,243743421.81727934
2025-01-01 00:31:01,241888324.2798752
2025-01-01 00:31:02,245940607.11583915
2025-01-01 00:31:03,248109891.6198971
2025-01-01 00:31:04,247772129.79381603
2025-01-01 00:31:05,239931419.38563213
2025-01-01 00:31:06,243762109.4419301
2025-01-01 00:31:07,242609785.7825407
2025-01-01 00:31:08,244910552.4229517
2025-01-01 00:31:09,239788972.45638928
2025-01-01 00:31:10,241624130.9150678
2025-01-01 00:31:11,240154153.15032533
2025-01-01 00:31:12,245322239.6449878
2025-01-01 00:31:13,245223318.95194292
2025-01-01 00:31:14,243555627.90471414
2025-01-01 00:31:15,240829035.38863456
2025-01-01 00:31:16,243033048.2332206
2025-01-01 00:31:17,242583943.4099171
2025-01-01 00:31:18,240725746.80528852
2025-01-01 00:31:19,243911020.63713834
2025-01-01 00:31:20,242201499.48262906
2025-01-01 00:31:21,242571506.0948305
2025-01-01 00:31:22,241646653.30829713
2025-01-01 00:31:23,248816921.56308463
2025-01-01 00:31:24,245405579.62884077
2025-01-01 00:31:25,242807844.2782703
2025-01-01 00:31:26,244950745.9379065
2025-01-01 00:31:27,240572066.8354197
2025-01-01 00:31:28,242626868.2414843
2025-01-01 00:31:29,245737219.84475014
2025-01-01 00:31:30,237560021.5665754
2025-01-01 00:31:31,242490956.20138222
2025-01-01 00:31:32,242905565.72854713
2025-01-01 00:31:33,246062178.17297602
2025-01-01 00:31:34,242860384.82806998
2025-01-01 00:31:35,249276548.7924803
2025-01-01 00:31:36,245466152.2973902
2025-01-01 00:31:37,242308595.77861428
2025-01-01 00:31:38,242731289.2185223
2025-01-01 00:31:39,245642433.13111272
2025-01-01 00:31:40,247067152.81475225
2025-01-01 00:31:41,244814728.5682312
2025-01-01 00:31:42,244604578.39779338
2025-01-01 00:31:43,243430936.97835958
2025-01-01 00:31:44,240290955.1338912
2025-01-01 00:31:45,242191150.40286216
2025-01-01 00:31:46,242319567.8998477
2025-01-01 00:31:47,242113551.07934287
2025-01-01 00:31:48,237246878.0729241
2025-01-01 00:31:49,240796774.01255912
2025-01-01 00:31:50,242394938.73074752
2025-01-01 00:31:51,238423588.98461133
2025-01-01 00:31:52,240368420.058403
2025-01-01 00:31:53,243598638.67738932
2025-01-01 00:31:54,243616881.8769347
2025-01-01 00:31:55,242653619.50405622
2025-01-01 00:31:56,241644174.50036126
2025-01-01 00:31:57,239910791.7629576
2025-01-01 00:31:58,239927862.10619396
2025-01-01 00:31:59,240561194.9727727
2025-01-01 00:32:00,239642961.87967965
2025-01-01 00:32:01,238658654.58444843
2025-01-01 00:32:02,239946901.65617612
2025-01-01 00:32:03,244451326.05057007
2025-01-01 00:32:04,238804006.33804765
2025-01-01 00:32:05,236509030.23147383
2025-01-01 00:32:06,240724393.78692478
2025-01-01 00:32:07,239896845.70630062
2025-01-01 00:32:08,237372668.1144826
2025-01-01 00:32:09,242320843.1361022
2025-01-01 00:32:10,240644321.38253778
2025-01-01 00:32:11,239737661.33847994
2025-01-01 00:32:12,240788724.01792067
2025-01-01 00:32:13,242286246.71581975
2025-01-01 00:32:14,241789568.2688354
2025-01-01 00:32:15,241644059.90996692
2025-01-01 00:32:16,236790131.13158908
2025-01-01 00:32:17,235475697.67532468
2025-01-01 00:32:18,237833809.61764714
2025-01-01 00:32:19,238868177.77197802
2025-01-01 00:32:20,236619430.73125395
2025-01-01 00:32:21,238835076.0581261
2025-01-01 00:32:22,238041401.6582895
2025-01-01 00:32:23,238648603.81103972
2025-01-01 00:32:24,235986108.61422595
2025-01-01 00:32:25,237358030.61613798
2025-01-01 00:32:26,241295311.33931413
2025-01-01 00:32:27,237216168.6400682
2025-01-01 00:32:28,242364579.79960552
2025-01-01 00:32:29,244634835.59775522
2025-01-01 00:32:30,243907653.12522036
2025-01-01 00:32:31,242932732.77616844
2025-01-01 00:32:32,247388207.36017716
2025-01-01 00:32:33,246769176.084626
2025-01-01 00:32:34,243768500.5336234
2025-01-01 00:32:35,243541402.22835168
2025-01-01 00:32:36,239751803.4267073
2025-01-01 00:32:37,235753373.2358561
2025-01-01 00:32:38,238939322.89383748
2025-01-01 00:32:39,243940863.28077084
2025-01-01 00:32:40,236428560.0760686
2025-01-01 00:32:41,240005897.10219082
2025-01-01 00:32:42,238464306.9918525
2025-01-01 00:32:43,237518113.73410147
2025-01-01 00:32:44,240011291.84248748
2025-01-01 00:32:45,242337318.02780813
2025-01-01 00:32:46,241943560.39250398
2025-01-01 00:32:47,243695096.7641228
2025-01-01 00:32:48,241700207.731496
2025-01-01 00:32:49,244581852.37207136
2025-01-01 00:32:50,246130280.41259667
2025-01-01 00:32:51,243097009.15045643
2025-01-01 00:32:52,249292584.01870355
2025-01-01 00:32:53,247499895.37889814
2025-01-01 00:32:54,238056469.24110487
2025-01-01 00:32:55,237838321.75220186
2025-01-01 00:32:56,239205705.3732274
2025-01-01 00:32:57,240387057.05251276
2025-01-01 00:32:58,240309464.68208367
2025-01-01 00:32:59,246247482.9810767
2025-01-01 00:33:00,243829093.65759498
2025-01-01 00:33:01,244030883.98848242
2025-01-01 00:33:02,240301336.13479483
2025-01-01 00:33:03,242492674.0675646
2025-01-01 00:33:04,236577696.03259748
2025-01-01 00:33:05,238754658.15612325
2025-01-01 00:33:06,246304932.8987918
2025-01-01 00:33:07,246647472.66987798
2025-01-01 00:33:08,252420542.5697737
2025-01-01 00:33:09,249042606.55666986
2025-01-01 00:33:10,247423413.1444764
2025-01-01 00:33:11,247800182.50936472
2025-01-01 00:33:12,249937667.67644367
2025-01-01 00:33:13,249924617.84277976
2025-01-01 00:33:14,252942194.05345938
2025-01-01 00:33:15,247314908.41675985
2025-01-01 00:33:16,242054094.20460364
2025-01-01 00:33:17,246953259.32787818
2025-01-01 00:33:18,243260450.7586725
2025-01-01 00:33:19,247068579.64490154
2025-01-01 00:33:20,248007018.11813316
2025-01-01 00:33:21,242935310.4339002
2025-01-01 00:33:22,244957045.41150007
2025-01-01 00:33:23,241216727.17020375
2025-01-01 00:33:24,242968453.96460503
2025-01-01 00:33:25,243168076.80045712
2025-01-01 00:33:26,242889180.5693106
2025-01-01 00:33:27,250492655.4772228
2025-01-01 00:33:28,247368991.5278328
2025-01-01 00:33:29,247378483.91290253
2025-01-01 00:33:30,244654321.91094077
2025-01-01 00:33:31,248862523.62186632
2025-01-01 00:33:32,246561871.03974617
2025-01-01 00:33:33,249086848.54358262
2025-01-01 00:33:34,245895442.28090426
2025-01-01 00:33:35,248772237.29171875
2025-01-01 00:33:36,249231771.33015952
2025-01-01 00:33:37,247767064.7915693
2025-01-01 00:33:38,246168638.66731545
2025-01-01 00:33:39,242641904.43210828
2025-01-01 00:33:40,244076600.65597382
2025-01-01 00:33:41,239656463.77454185
2025-01-01 00:33:42,245848513.6621839
2025-01-01 00:33:43,245090175.312866
2025-01-01 00:33:44,244983290.0518286
2025-01-01 00:33:45,239079252.74011132
2025-01-01 00:33:46,233893617.17459723
2025-01-01 00:33:47,236015826.61044994
2025-01-01 00:33:48,238684348.12338227
2025-01-01 00:33:49,241665084.36295545
2025-01-01 00:33:50,240234462.40994963
2025-01-01 00:33:51,238072788.61447185
2025-01-01 00:33:52,239757783.70038825
2025-01-01 00:33:53,243548943.13236308
2025-01-01 00:33:54,240933248.25019863
2025-01-01 00:33:55,238531877.42229056
2025-01-01 00:33:56,240700963.2731001
2025-01-01 00:33:57,243116237.763159
2025-01-01 00:33:58,245226719.3714706
2025-01-01 00:33:59,242797497.4069266
2025-01-01 00:34:00,242597328.6228136
2025-01-01 00:34:01,242938776.2497995
2025-01-01 00:34:02,248890867.26199138
2025-01-01 00:34:03,248215319.59201866
2025-01-01 00:34:04,242319591.87230906
2025-01-01 00:34:05,246409884.50443456
2025-01-01 00:34:06,245286432.30442366
2025-01-01 00:34:07,244500270.03790182
2025-01-01 00:34:08,246919061.0969672
2025-01-01 00:34:09,242693432.95363978
2025-01-01 00:34:10,243795626.20637807
2025-01-01 00:34:11,244382903.9088364
2025-01-01 00:34:12,243096877.42987534
2025-01-01 00:34:13,240878836.00760686
2025-01-01 00:34:14,242053571.15590233
2025-01-01 00:34:15,244644747.3194853
2025-01-01 00:34:16,243189615.6312623
2025-01-01 00:34:17,244905535.19986588
2025-01-01 00:34:18,248650162.11757848
2025-01-01 00:34:19,249399607.18155
2025-01-01 00:34:20,247229446.2413438
2025-01-01 00:34:21,249104536.66211605
2025-01-01 00:34:22,247783237.2256348
2025-01-01 00:34:23,247781229.08729485
2025-01-01 00:34:24,246122174.3083429
2025-01-01 00:34:25,246327549.1643326
2025-01-01 00:34:26,243969460.50121504
2025-01-01 00:34:27,242965830.47725108
2025-01-01 00:34:28,237947670.32895926
2025-01-01 00:34:29,237776249.45101705
2025-01-01 00:34:30,240111936.06926143
2025-01-01 00:34:31,242340719.1992369
2025-01-01 00:34:32,239800331.48494476
2025-01-01 00:34:33,231548420.66016635
2025-01-01 00:34:34,237728387.33277377
2025-01-01 00:34:35,243016298.0377304
2025-01-01 00:34:36,242207370.4085624
2025-01-01 00:34:37,237804863.60733038
2025-01-01 00:34:38,238703041.0482562
2025-01-01 00:34:39,238578625.6985739
2025-01-01 00:34:40,238068872.99381834
2025-01-01 00:34:41,240632556.89105427
2025-01-01 00:34:42,241659971.2205175
2025-01-01 00:34:43,241431446.05183762
2025-01-01 00:34:44,239545368.40829268
2025-01-01 00:34:45,238955071.29455972
2025-01-01 00:34:46,238931635.41629884
2025-01-01 00:34:47,238078484.1880154
2025-01-01 00:34:48,242014508.90952083
2025-01-01 00:34:49,242025310.571536
2025-01-01 00:34:50,241525883.76343602
2025-01-01 00:34:51,236492171.3563208
2025-01-01 00:34:52,235539976.32698154
2025-01-01 00:34:53,235655515.55999947
2025-01-01 00:34:54,238220067.061432
2025-01-01 00:34:55,238059028.2755652
2025-01-01 00:34:56,234213803.70662245
2025-01-01 00:34:57,231138241.68051815
2025-01-01 00:34:58,235790152.61301264
2025-01-01 00:34:59,236132616.8301007
2025-01-01 00:35:00,240947879.45044982
2025-01-01 00:35:01,239762563.91414154
2025-01-01 00:35:02,239786578.0481402
2025-01-01 00:35:03,241700766.38125238
2025-01-01 00:35:04,236161526.9246736
2025-01-01 00:35:05,241310977.96931225
2025-01-01 00:35:06,239584740.3568746
2025-01-01 00:35:07,241921156.93934694
2025-01-01 00:35:08,237229571.79271224
2025-01-01 00:35:09,243257277.27697495
2025-01-01 00:35:10,241637726.5432534
2025-01-01 00:35:11,244425015.7113429
2025-01-01 00:35:12,243853021.31459865
2025-01-01 00:35:13,239494674.14314905
2025-01-01 00:35:14,242418265.51950863
2025-01-01 00:35:15,240423826.21907973
2025-01-01 00:35:16,242717911.8751119
2025-01-01 00:35:17,245672683.99471277
2025-01-01 00:35:18,243136106.40633577
2025-01-01 00:35:19,245300747.18863216
2025-01-01 00:35:20,246485846.2129482
2025-01-01 00:35:21,246878598.27564943
2025-01-01 00:35:22,247533590.83882105
2025-01-01 00:35:23,247884397.1432407
2025-01-01 00:35:24,247015947.05957222
2025-01-01 00:35:25,247471625.49308723
2025-01-01 00:35:26,242341656.1406889
2025-01-01 00:35:27,238622397.49688798
2025-01-01 00:35:28,239061370.85151887
2025-01-01 00:35:29,234854619.08434853
2025-01-01 00:35:30,239765258.71892273
2025-01-01 00:35:31,241566479.67514938
2025-01-01 00:35:32,240340533.1219874
2025-01-01 00:35:33,243737734.5469372
2025-01-01 00:35:34,241053803.053087
2025-01-01 00:35:35,237419483.55592877
2025-01-01 00:35:36,242945940.71593338
2025-01-01 00:35:37,243568306.8247149
2025-01-01 00:35:38,243784824.57266638
2025-01-01 00:35:39,249826469.80079108
2025-01-01 00:35:40,245510664.39748546
2025-01-01 00:35:41,242626339.91864687
2025-01-01 00:35:42,243071865.92686456
2025-01-01 00:35:43,247061374.56218266
2025-01-01 00:35:44,240202576.07633674
2025-01-01 00:35:45,242483844.77239552
2025-01-01 00:35:46,241267196.30916795
2025-01-01 00:35:47,236484789.43259078
2025-01-01 00:35:48,236969603.94588995
2025-01-01 00:35:49,237858558.33610186
2025-01-01 00:35:50,237685571.77929053
2025-01-01 00:35:51,232001720.30063868
2025-01-01 00:35:52,239754562.82823053
2025-01-01 00:35:53,242908362.40088582
2025-01-01 00:35:54,238817085.90740755
2025-01-01 00:35:55,240048333.02611542
2025-01-01 00:35:56,242979358.02291796
2025-01-01 00:35:57,238910768.83011964
2025-01-01 00:35:58,242773093.54146108
2025-01-01 00:35:59,240314410.52979925
2025-01-01 00:36:00,242573472.84896424
2025-01-01 00:36:01,241571852.07851762
2025-01-01 00:36:02,239736195.03190413
2025-01-01 00:36:03,241208282.82347837
2025-01-01 00:36:04,240649724.4344123
2025-01-01 00:36:05,242285210.51301277
2025-01-01 00:36:06,241397638.92187285
2025-01-01 00:36:07,243435138.42605534
2025-01-01 00:36:08,241555833.665916
2025-01-01 00:36:09,246703111.83146578
2025-01-01 00:36:10,242376869.2303156
2025-01-01 00:36:11,240034210.0567923
2025-01-01 00:36:12,239583061.3290923
2025-01-01 00:36:13,243636223.8399829
2025-01-01 00:36:14,243800705.63113895
2025-01-01 00:36:15,239398918.1392558
2025-01-01 00:36:16,237565147.373693
2025-01-01 00:36:17,244476277.74024248
2025-01-01 00:36:18,234297176.036011
2025-01-01 00:36:19,240185887.43217832
2025-01-01 00:36:20,238101435.15193295
2025-01-01 00:36:21,239697316.4804076
2025-01-01 00:36:22,246506691.8796865
2025-01-01 00:36:23,243891125.49739867
2025-01-01 00:36:24,243563047.66298398
2025-01-01 00:36:25,245520644.80479702
2025-01-01 00:36:26,242846794.65116778
2025-01-01 00:36:27,244315513.24210432
2025-01-01 00:36:28,242926390.34343484
2025-01-01 00:36:29,240959285.73408175
2025-01-01 00:36:30,240521093.94318724
2025-01-01 00:36:31,243061210.69287246
2025-01-01 00:36:32,244237143.4497545
2025-01-01 00:36:33,243901895.79861727
2025-01-01 00:36:34,242293403.05756795
2025-01-01 00:36:35,246218579.4199504
2025-01-01 00:36:36,241574092.91768864
2025-01-01 00:36:37,242052154.121649
2025-01-01 00:36:38,242656105.19933945
2025-01-01 00:36:39,247379852.0799255
2025-01-01 00:36:40,245017580.86359724
2025-01-01 00:36:41,243830289.7035346
2025-01-01 00:36:42,244502582.14723727
2025-01-01 00:36:43,240293055.47165814
2025-01-01 00:36:44,244264842.1610452
2025-01-01 00:36:45,250431272.16022095
2025-01-01 00:36:46,250154104.5773488
2025-01-01 00:36:47,244010328.42429048
2025-01-01 00:36:48,241854964.66731957
2025-01-01 00:36:49,246816549.09875625
2025-01-01 00:36:50,248552853.8354688
2025-01-01 00:36:51,241134566.93447915
2025-01-01 00:36:52,242911857.82801813
2025-01-01 00:36:53,246021547.84368622
2025-01-01 00:36:54,245317502.64065978
2025-01-01 00:36:55,245335145.29375407
2025-01-01 00:36:56,240278761.3703108
2025-01-01 00:36:57,240756219.19507965
2025-01-01 00:36:58,243194572.27393696
2025-01-01 00:36:59,245811569.3763948
2025-01-01 00:37:00,251657194.39215353
2025-01-01 00:37:01,247717973.66946793
2025-01-01 00:37:02,245918355.8576924
2025-01-01 00:37:03,246419586.6256532
2025-01-01 00:37:04,247318327.27710754
2025-01-01 00:37:05,246243046.54651177
2025-01-01 00:37:06,247950927.6749659
2025-01-01 00:37:07,248467813.1554697
2025-01-01 00:37:08,246982625.19403216
2025-01-01 00:37:09,244280693.2107792
2025-01-01 00:37:10,243233110.3305869
2025-01-01 00:37:11,245166416.6102869
2025-01-01 00:37:12,248498743.2979574
2025-01-01 00:37:13,249425320.80303317
2025-01-01 00:37:14,247268004.5872462
2025-01-01 00:37:15,250595710.5541511
2025-01-01 00:37:16,248304745.21799216
2025-01-01 00:37:17,251206586.1585179
2025-01-01 00:37:18,248367001.94740662
2025-01-01 00:37:19,249663633.90972036
2025-01-01 00:37:20,244241319.32458568
2025-01-01 00:37:21,243550191.1222127
2025-01-01 00:37:22,244819062.46019435
2025-01-01 00:37:23,250658209.5025251
2025-01-01 00:37:24,249672302.06110254
2025-01-01 00:37:25,252689848.69069663
2025-01-01 00:37:26,254754088.8610065
2025-01-01 00:37:27,254379120.39283174
2025-01-01 00:37:28,248848767.84207246
2025-01-01 00:37:29,248799234.01059568
2025-01-01 00:37:30,244837158.51157284
2025-01-01 00:37:31,245721906.85617396
2025-01-01 00:37:32,243211166.85669857
2025-01-01 00:37:33,243623602.9184802
2025-01-01 00:37:34,248683593.35475907
2025-01-01 00:37:35,248351292.9437893
2025-01-01 00:37:36,242827759.21028405
2025-01-01 00:37:37,251262049.05905342
2025-01-01 00:37:38,251891194.41929778
2025-01-01 00:37:39,246757117.02201715
2025-01-01 00:37:40,243038697.37538844
2025-01-01 00:37:41,242059980.17892945
2025-01-01 00:37:42,238203903.05137062
2025-01-01 00:37:43,236410770.85032386
2025-01-01 00:37:44,242408694.00782457
2025-01-01 00:37:45,240444464.58308402
2025-01-01 00:37:46,239231363.5700425
2025-01-01 00:37:47,239920613.47157732
2025-01-01 00:37:48,242967492.93404356
2025-01-01 00:37:49,245357861.21835554
2025-01-01 00:37:50,246042808.0180959
2025-01-01 00:37:51,243823902.8388707
2025-01-01 00:37:52,248079254.2303725
2025-01-01 00:37:53,247439027.919188
2025-01-01 00:37:54,246918943.00817877
2025-01-01 00:37:55,243187386.7045506
2025-01-01 00:37:56,240604734.61466017
2025-01-01 00:37:57,242271668.7285406
2025-01-01 00:37:58,241274125.68321005
2025-01-01 00:37:59,235618429.73912734
2025-01-01 00:38:00,240838083.58354145
2025-01-01 00:38:01,240887057.1297539
2025-01-01 00:38:02,238202936.15299898
2025-01-01 00:38:03,242387613.9252916
2025-01-01 00:38:04,241066254.95304433
2025-01-01 00:38:05,244851928.9830765
2025-01-01 00:38:06,243256663.27053523
2025-01-01 00:38:07,239965817.34031087
2025-01-01 00:38:08,240552256.19773772
2025-01-01 00:38:09,239635180.93202037
2025-01-01 00:38:10,243476871.7770039
2025-01-01 00:38:11,242891436.2138521
2025-01-01 00:38:12,241091171.82991213
2025-01-01 00:38:13,236987097.4720511
2025-01-01 00:38:14,242657013.52300858
2025-01-01 00:38:15,240328611.4213688
2025-01-01 00:38:16,241160234.5275046
2025-01-01 00:38:17,242176677.81043747
2025-01-01 00:38:18,240376681.44009513
2025-01-01 00:38:19,238493628.88435143
2025-01-01 00:38:20,238125009.03035015
2025-01-01 00:38:21,236922672.2478761
2025-01-01 00:38:22,237014358.20174947
2025-01-01 00:38:23,243645743.6383007
2025-01-01 00:38:24,244208054.65744978
2025-01-01 00:38:25,240541422.017297
2025-01-01 00:38:26,243059891.45529658
2025-01-01 00:38:27,243980495.08355463
2025-01-01 00:38:28,240339242.00376713
2025-01-01 00:38:29,240526238.4728412
2025-01-01 00:38:30,244574123.5341602
2025-01-01 00:38:31,241849919.3839375
2025-01-01 00:38:32,240406651.89332822
2025-01-01 00:38:33,244709758.9957366
2025-01-01 00:38:34,243469577.53898415
2025-01-01 00:38:35,237949786.92868426
2025-01-01 00:38:36,236265317.96649897
2025-01-01 00:38:37,238782400.66290572
2025-01-01 00:38:38,244452815.65185452
2025-01-01 00:38:39,241030164.64188248
2025-01-01 00:38:40,234868342.99561632
2025-01-01 00:38:41,237394834.27510187
2025-01-01 00:38:42,235471690.22844946
2025-01-01 00:38:43,238986858.24270478
2025-01-01 00:38:44,239934357.84163648
2025-01-01 00:38:45,239177541.3598125
2025-01-01 00:38:46,237967664.81201622
2025-01-01 00:38:47,240912839.89318344
2025-01-01 00:38:48,237926821.28589967
2025-01-01 00:38:49,237732282.41201058
2025-01-01 00:38:50,237487067.775558
2025-01-01 00:38:51,239865174.74395123
2025-01-01 00:38:52,240146988.01122084
2025-01-01 00:38:53,238649112.0347814
2025-01-01 00:38:54,235168466.67264917
2025-01-01 00:38:55,240068313.56495467
2025-01-01 00:38:56,242135757.75821483
2025-01-01 00:38:57,242230298.06192198
2025-01-01 00:38:58,241665444.25113535
2025-01-01 00:38:59,240565859.22531167
2025-01-01 00:39:00,243347491.44974056
2025-01-01 00:39:01,247134765.20961878
2025-01-01 00:39:02,250591818.96023256
2025-01-01 00:39:03,248771820.70560366
2025-01-01 00:39:04,246638534.82365313
2025-01-01 00:39:05,246558948.85122734
2025-01-01 00:39:06,245421769.2811003
2025-01-01 00:39:07,245384669.72248444
2025-01-01 00:39:08,244433697.04302132
2025-01-01 00:39:09,248099994.99131164
2025-01-01 00:39:10,247418022.7316624
2025-01-01 00:39:11,240955194.63987058
2025-01-01 00:39:12,244394764.80187795
2025-01-01 00:39:13,244037156.93093818
2025-01-01 00:39:14,245553965.0371893
2025-01-01 00:39:15,245328778.49063653
2025-01-01 00:39:16,239979731.27397564
2025-01-01 00:39:17,241635333.24079525
2025-01-01 00:39:18,241619102.9600318
2025-01-01 00:39:19,242171778.84895954
2025-01-01 00:39:20,238341511.44105908
2025-01-01 00:39:21,244309315.8543961
2025-01-01 00:39:22,249849708.9806051
2025-01-01 00:39:23,247226184.05228013
2025-01-01 00:39:24,249731904.97462973
2025-01-01 00:39:25,239038197.18638852
2025-01-01 00:39:26,242368309.01620305
2025-01-01 00:39:27,239701068.92144805
2025-01-01 00:39:28,237145649.91393173
2025-01-01 00:39:29,240280097.86912253
2025-01-01 00:39:30,240105168.07171598
2025-01-01 00:39:31,235689207.4795728
2025-01-01 00:39:32,239762155.078909
2025-01-01 00:39:33,237631647.40397316
2025-01-01 00:39:34,233551504.1188537
2025-01-01 00:39:35,237602023.41300693
2025-01-01 00:39:36,238977973.8673078
2025-01-01 00:39:37,235666972.69242606
2025-01-01 00:39:38,235233731.0736607
2025-01-01 00:39:39,230061669.7634546
2025-01-01 00:39:40,235348843.27419332
2025-01-01 00:39:41,236497268.54288748
2025-01-01 00:39:42,236876743.25906983
2025-01-01 00:39:43,236053137.0682179
2025-01-01 00:39:44,237780065.19973087
2025-01-01 00:39:45,238542226.0131745
2025-01-01 00:39:46,237130800.9030063
2025-01-01 00:39:47,243154656.702362
2025-01-01 00:39:48,243624499.2210004
2025-01-01 00:39:49,242830393.6836437
2025-01-01 00:39:50,242512300.7596849
2025-01-01 00:39:51,242610115.5501906
2025-01-01 00:39:52,239589843.8717445
2025-01-01 00:39:53,240666682.43011144
2025-01-01 00:39:54,242860892.8668873
2025-01-01 00:39:55,242319701.68968838
2025-01-01 00:39:56,246701446.40694615
2025-01-01 00:39:57,243141262.40890527
2025-01-01 00:39:58,240614389.8192595
2025-01-01 00:39:59,237833918.69884416
2025-01-01 00:40:00,242536366.90033135
2025-01-01 00:40:01,244799867.54316497
2025-01-01 00:40:02,241557235.01630247
2025-01-01 00:40:03,245908753.5093445
2025-01-01 00:40:04,242724451.4410786
2025-01-01 00:40:05,243869946.60517076
2025-01-01 00:40:06,237823331.55368996
2025-01-01 00:40:07,240114522.81470248
2025-01-01 00:40:08,241052977.26925072
2025-01-01 00:40:09,237583979.17252567
2025-01-01 00:40:10,235806434.1123113
2025-01-01 00:40:11,237951311.34739587
2025-01-01 00:40:12,237801432.9749758
2025-01-01 00:40:13,241774366.1927807
2025-01-01 00:40:14,239000397.71034744
2025-01-01 00:40:15,239352582.12291455
2025-01-01 00:40:16,239364606.73325065
2025-01-01 00:40:17,241749618.58711094
2025-01-01 00:40:18,240499494.79018325
2025-01-01 00:40:19,242929734.55020455
2025-01-01 00:40:20,240157314.07630846
2025-01-01 00:40:21,236990183.5474452
2025-01-01 00:40:22,239283528.24799868
2025-01-01 00:40:23,239175165.03333536
2025-01-01 00:40:24,236847334.39449927
2025-01-01 00:40:25,241970579.50150883
2025-01-01 00:40:26,238995969.20934936
2025-01-01 00:40:27,240465497.15330866
2025-01-01 00:40:28,238359447.15177357
2025-01-01 00:40:29,238501966.041767
2025-01-01 00:40:30,240078331.06326506
2025-01-01 00:40:31,240177797.21179157
2025-01-01 00:40:32,234474906.86597803
2025-01-01 00:40:33,235181516.51403242
2025-01-01 00:40:34,236196639.4051815
2025-01-01 00:40:35,237316106.16015813
2025-01-01 00:40:36,239651473.8421306
2025-01-01 00:40:37,242941276.19310984
2025-01-01 00:40:38,240131826.48028895
2025-01-01 00:40:39,237486029.0055508
2025-01-01 00:40:40,237268459.30215997
2025-01-01 00:40:41,236435764.9168419
2025-01-01 00:40:42,238057085.50575536
2025-01-01 00:40:43,239502361.3257422
2025-01-01 00:40:44,242095195.04671517
2025-01-01 00:40:45,238053775.97651476
2025-01-01 00:40:46,242488163.71171233
2025-01-01 00:40:47,241319318.03805447
2025-01-01 00:40:48,241140066.52229136
2025-01-01 00:40:49,241705376.17631862
2025-01-01 00:40:50,244068622.3071093
2025-01-01 00:40:51,241120323.1370687
2025-01-01 00:40:52,246655969.5177757
2025-01-01 00:40:53,242018849.57701805
2025-01-01 00:40:54,240495940.4687879
2025-01-01 00:40:55,236018987.86586526
2025-01-01 00:40:56,240284523.11672255
2025-01-01 00:40:57,242759960.21624815
2025-01-01 00:40:58,240705327.40960062
2025-01-01 00:40:59,242846261.10267845
2025-01-01 00:41:00,245747953.60258985
2025-01-01 00:41:01,243067087.95063832
2025-01-01 00:41:02,236542673.77981204
2025-01-01 00:41:03,241017992.80035356
2025-01-01 00:41:04,240087383.95992213
2025-01-01 00:41:05,238379505.30042282
2025-01-01 00:41:06,240499954.1998286
2025-01-01 00:41:07,236288001.67876762
2025-01-01 00:41:08,235705567.74065563
2025-01-01 00:41:09,234838632.58383688
2025-01-01 00:41:10,238132698.20711094
2025-01-01 00:41:11,238906724.6945938
2025-01-01 00:41:12,240711483.68239528
2025-01-01 00:41:13,239265573.39720374
2025-01-01 00:41:14,236158082.11999273
2025-01-01 00:41:15,238681349.35371426
2025-01-01 00:41:16,236173893.6013876
2025-01-01 00:41:17,236198260.9917045
2025-01-01 00:41:18,234156363.0643127
2025-01-01 00:41:19,237975645.71530348
2025-01-01 00:41:20,234126094.08852178
2025-01-01 00:41:21,232110530.40521756
2025-01-01 00:41:22,237114839.91396064
2025-01-01 00:41:23,236977162.86708918
2025-01-01 00:41:24,238608843.25296593
2025-01-01 00:41:25,238724197.1116596
2025-01-01 00:41:26,232334265.94406456
2025-01-01 00:41:27,235208586.6268062
2025-01-01 00:41:28,234182423.4575206
2025-01-01 00:41:29,229336217.2399102
2025-01-01 00:41:30,235117608.71563867
2025-01-01 00:41:31,237523119.8886495
2025-01-01 00:41:32,238745961.65371895
2025-01-01 00:41:33,235279833.77509737
2025-01-01 00:41:34,234622358.54811025
2025-01-01 00:41:35,231620195.6591299
2025-01-01 00:41:36,236131241.23628995
2025-01-01 00:41:37,236721321.11798465
2025-01-01 00:41:38,241097486.64484778
2025-01-01 00:41:39,236489643.77289304
2025-01-01 00:41:40,234734533.53921378
2025-01-01 00:41:41,234712108.70671257
2025-01-01 00:41:42,231844674.7751782
2025-01-01 00:41:43,236315515.266459
2025-01-01 00:41:44,241077062.51075205
2025-01-01 00:41:45,237304761.08464882
2025-01-01 00:41:46,235959751.8369392
2025-01-01 00:41:47,235677071.0222763
2025-01-01 00:41:48,237479362.22102907
2025-01-01 00:41:49,239232110.8340175
2025-01-01 00:41:50,238192853.46154764
2025-01-01 00:41:51,241084999.09274814
2025-01-01 00:41:52,237819868.23543048
2025-01-01 00:41:53,240681975.51430103
2025-01-01 00:41:54,240234311.3281895
2025-01-01 00:41:55,244175884.93895164
2025-01-01 00:41:56,235541982.9961593
2025-01-01 00:41:57,230655512.5780942
2025-01-01 00:41:58,234425130.26715687
2025-01-01 00:41:59,233999725.60419247
2025-01-01 00:42:00,232769555.77076662
2025-01-01 00:42:01,230191237.47028697
2025-01-01 00:42:02,231186592.08066764
2025-01-01 00:42:03,233106800.004904
2025-01-01 00:42:04,234581245.56644225
2025-01-01 00:42:05,234530847.05437413
2025-01-01 00:42:06,233911559.5624212
2025-01-01 00:42:07,232778642.28668612
2025-01-01 00:42:08,232584973.0974105
2025-01-01 00:42:09,237711037.72985497
2025-01-01 00:42:10,237606974.33310452
2025-01-01 00:42:11,236598045.3304892
2025-01-01 00:42:12,240127402.52430058
2025-01-01 00:42:13,238751372.7857772
2025-01-01 00:42:14,239829538.56395808
2025-01-01 00:42:15,237147658.53784138
2025-01-01 00:42:16,232829181.14233008
2025-01-01 00:42:17,234661234.20999157
2025-01-01 00:42:18,237172061.14556983
2025-01-01 00:42:19,237385544.89166564
2025-01-01 00:42:20,238606395.1558067
2025-01-01 00:42:21,240200945.50676548
2025-01-01 00:42:22,239010832.05284476
2025-01-01 00:42:23,237067131.81169653
2025-01-01 00:42:24,235513590.9463297
2025-01-01 00:42:25,240212785.58317816
2025-01-01 00:42:26,236488993.90777433
2025-01-01 00:42:27,239047275.53016302
2025-01-01 00:42:28,240804369.70013943
2025-01-01 00:42:29,241390813.75276464
2025-01-01 00:42:30,234870722.6647998
2025-01-01 00:42:31,230270956.7680904
2025-01-01 00:42:32,238309151.56855598
2025-01-01 00:42:33,238143505.21540973
2025-01-01 00:42:34,241986417.4290451
2025-01-01 00:42:35,240158451.6063126
2025-01-01 00:42:36,241284872.91807595
2025-01-01 00:42:37,240920780.19717246
2025-01-01 00:42:38,244168626.14232332
2025-01-01 00:42:39,240289675.9667319
2025-01-01 00:42:40,239799001.56885743
2025-01-01 00:42:41,241126032.32982838
2025-01-01 00:42:42,243814586.26138783
2025-01-01 00:42:43,246230772.38988617
2025-01-01 00:42:44,242144587.20115635
2025-01-01 00:42:45,235843150.0795964
2025-01-01 00:42:46,239071869.5935161
2025-01-01 00:42:47,240930795.3329321
2025-01-01 00:42:48,242993232.3604944
2025-01-01 00:42:49,241630535.4905835
2025-01-01 00:42:50,248306838.62086335
2025-01-01 00:42:51,243552050.15755838
2025-01-01 00:42:52,241264684.77079287
2025-01-01 00:42:53,242933907.35162666
2025-01-01 00:42:54,242785786.1109901
2025-01-01 00:42:55,242084325.04244593
2025-01-01 00:42:56,245860416.8627944
2025-01-01 00:42:57,245740644.97552216
2025-01-01 00:42:58,247390853.96948168
2025-01-01 00:42:59,251300477.41453972
2025-01-01 00:43:00,249348229.99653578
2025-01-01 00:43:01,248843762.29914552
2025-01-01 00:43:02,244646243.86386004
2025-01-01 00:43:03,244386838.4702382
2025-01-01 00:43:04,239992753.42699867
2025-01-01 00:43:05,239060422.39457247
2025-01-01 00:43:06,239483304.71767578
2025-01-01 00:43:07,236656760.16310227
2025-01-01 00:43:08,236779388.26222044
2025-01-01 00:43:09,236113859.32438862
2025-01-01 00:43:10,237596138.9067561
2025-01-01 00:43:11,235047381.1620541
2025-01-01 00:43:12,236609312.97525802
2025-01-01 00:43:13,234405673.08011532
2025-01-01 00:43:14,241144384.76374108
2025-01-01 00:43:15,240390790.52531952
2025-01-01 00:43:16,243075963.37013865
2025-01-01 00:43:17,241739955.7325739
2025-01-01 00:43:18,242780496.61274418
2025-01-01 00:43:19,242698160.10133082
2025-01-01 00:43:20,244763308.59209839
2025-01-01 00:43:21,246025285.11789295
2025-01-01 00:43:22,243729953.82921955
2025-01-01 00:43:23,245576063.2389497
2025-01-01 00:43:24,245570109.74621427
2025-01-01 00:43:25,245885834.64669183
2025-01-01 00:43:26,247205871.66090763
2025-01-01 00:43:27,248087383.95339423
2025-01-01 00:43:28,247877494.76753333
2025-01-01 00:43:29,246052840.32608506
2025-01-01 00:43:30,241463580.48681897
2025-01-01 00:43:31,241478776.82534954
2025-01-01 00:43:32,243044708.8953979
2025-01-01 00:43:33,240702901.2892026
2025-01-01 00:43:34,236520464.46878466
2025-01-01 00:43:35,239442638.1333151
2025-01-01 00:43:36,244498120.91803688
2025-01-01 00:43:37,245845101.37167853
2025-01-01 00:43:38,246202364.17351452
2025-01-01 00:43:39,244248524.18848968
2025-01-01 00:43:40,236388647.4642668
2025-01-01 00:43:41,244855551.26774898
2025-01-01 00:43:42,243593818.55103675
2025-01-01 00:43:43,240139015.65682453
2025-01-01 00:43:44,239836692.53702965
2025-01-01 00:43:45,243533440.05238023
2025-01-01 00:43:46,242582537.4657629
2025-01-01 00:43:47,243482856.3473925
2025-01-01 00:43:48,242061232.37578687
2025-01-01 00:43:49,241119143.36142126
2025-01-01 00:43:50,240888646.8534797
2025-01-01 00:43:51,241394966.83989772
2025-01-01 00:43:52,239961780.69571942
2025-01-01 00:43:53,238962637.8508219
2025-01-01 00:43:54,239620113.29287907
2025-01-01 00:43:55,237282981.21694708
2025-01-01 00:43:56,235493523.1553086
2025-01-01 00:43:57,238465048.0029877
2025-01-01 00:43:58,240420739.4442874
2025-01-01 00:43:59,241155864.17370513
2025-01-01 00:44:00,241259282.0113273
2025-01-01 00:44:01,249433661.74730408
2025-01-01 00:44:02,246727408.20935816
2025-01-01 00:44:03,241196178.1032246
2025-01-01 00:44:04,242856684.52261007
2025-01-01 00:44:05,244718576.6982757
2025-01-01 00:44:06,243617064.8970342
2025-01-01 00:44:07,244259069.60909787
2025-01-01 00:44:08,246052279.77461892
2025-01-01 00:44:09,243129888.6995037
2025-01-01 00:44:10,244794105.3392324
2025-01-01 00:44:11,241352510.5428025
2025-01-01 00:44:12,242330077.37097296
2025-01-01 00:44:13,241904654.17162114
2025-01-01 00:44:14,242707748.31809786
2025-01-01 00:44:15,243058147.8753429
2025-01-01 00:44:16,239798195.34243688
2025-01-01 00:44:17,238704974.68596888
2025-01-01 00:44:18,241114757.34118086
2025-01-01 00:44:19,239604050.04719588
2025-01-01 00:44:20,239458222.14883536
2025-01-01 00:44:21,235509054.90819332
2025-01-01 00:44:22,234357634.10867277
2025-01-01 00:44:23,237362310.37210655
2025-01-01 00:44:24,241413037.30213848
2025-01-01 00:44:25,239891840.3054331
2025-01-01 00:44:26,242102062.43483937
2025-01-01 00:44:27,241582488.2140696
2025-01-01 00:44:28,241320441.4016791
2025-01-01 00:44:29,244029854.3313793
2025-01-01 00:44:30,241500675.8551549
2025-01-01 00:44:31,244912473.2322057
2025-01-01 00:44:32,243593102.24021783
2025-01-01 00:44:33,245678845.2929595
2025-01-01 00:44:34,242525742.2651839
2025-01-01 00:44:35,242005943.61001366
2025-01-01 00:44:36,245516268.0226067
2025-01-01 00:44:37,245666589.87906566
2025-01-01 00:44:38,239186276.28334796
2025-01-01 00:44:39,239378862.45521712
2025-01-01 00:44:40,241992023.51194662
2025-01-01 00:44:41,241211503.57863644
2025-01-01 00:44:42,244327957.57402936
2025-01-01 00:44:43,243139714.51203588
2025-01-01 00:44:44,243340465.690806
2025-01-01 00:44:45,240528178.3678197
2025-01-01 00:44:46,243286991.89663485
2025-01-01 00:44:47,247836909.57968703
2025-01-01 00:44:48,244996434.8272224
2025-01-01 00:44:49,241962780.0031385
2025-01-01 00:44:50,245292915.53006625
2025-01-01 00:44:51,243853406.22059676
2025-01-01 00:44:52,245796837.05463776
2025-01-01 00:44:53,246341235.51612628
2025-01-01 00:44:54,250142695.31335685
2025-01-01 00:44:55,249582832.56630465
2025-01-01 00:44:56,251548084.9036626
2025-01-01 00:44:57,248783575.09603664
2025-01-01 00:44:58,245026742.2689585
2025-01-01 00:44:59,244450544.03874338
2025-01-01 00:45:00,244193965.7155963
2025-01-01 00:45:01,243448367.23844445
2025-01-01 00:45:02,243617877.5485414
2025-01-01 00:45:03,246150827.39821765
2025-01-01 00:45:04,249624300.90171528
2025-01-01 00:45:05,245888213.76479882
2025-01-01 00:45:06,246120932.4937249
2025-01-01 00:45:07,251569369.79849115
2025-01-01 00:45:08,248765137.02661395
2025-01-01 00:45:09,252268179.96136743
2025-01-01 00:45:10,250112828.6336625
2025-01-01 00:45:11,249078983.89960656
2025-01-01 00:45:12,250578120.19286984
2025-01-01 00:45:13,247592628.6365925
2025-01-01 00:45:14,247441657.98557287
2025-01-01 00:45:15,246454169.66930315
2025-01-01 00:45:16,243618858.96696275
2025-01-01 00:45:17,246973450.36377284
2025-01-01 00:45:18,245791228.0362634
2025-01-01 00:45:19,248600673.9620966
2025-01-01 00:45:20,245585757.97028062
2025-01-01 00:45:21,245149279.71794987
2025-01-01 00:45:22,245086606.38856283
2025-01-01 00:45:23,248694369.48198882
2025-01-01 00:45:24,248769557.91158572
2025-01-01 00:45:25,243831801.92270583
2025-01-01 00:45:26,247365665.27994636
2025-01-01 00:45:27,247461461.11826557
2025-01-01 00:45:28,248095692.9172021
2025-01-01 00:45:29,245507806.473448
2025-01-01 00:45:30,245961290.55938992
2025-01-01 00:45:31,245352736.5774412
2025-01-01 00:45:32,244605955.93423614
2025-01-01 00:45:33,248051236.2937243
2025-01-01 00:45:34,246343997.55189407
2025-01-01 00:45:35,244611538.43668535
2025-01-01 00:45:36,244132502.31629083
2025-01-01 00:45:37,247950701.20146328
2025-01-01 00:45:38,243421301.88739884
2025-01-01 00:45:39,246846552.50035486
2025-01-01 00:45:40,248168144.6291591
2025-01-01 00:45:41,248611214.63905102
2025-01-01 00:45:42,245838575.71356338
2025-01-01 00:45:43,247524202.11177787
2025-01-01 00:45:44,244502843.43328077
2025-01-01 00:45:45,239466444.239883
2025-01-01 00:45:46,241891685.80652085
2025-01-01 00:45:47,239933047.3675659
2025-01-01 00:45:48,238747079.33137187
2025-01-01 00:45:49,241544006.61411136
2025-01-01 00:45:50,238344765.43971413
2025-01-01 00:45:51,238823104.33808106
2025-01-01 00:45:52,242558580.18499112
2025-01-01 00:45:53,245557387.9079525
2025-01-01 00:45:54,247475717.40263993
2025-01-01 00:45:55,242292230.89364815
2025-01-01 00:45:56,243977457.11633116
2025-01-01 00:45:57,243770078.19327855
2025-01-01 00:45:58,241792624.84139735
2025-01-01 00:45:59,241088425.1164666
2025-01-01 00:46:00,244790869.23343357
2025-01-01 00:46:01,242737991.07122296
2025-01-01 00:46:02,240314041.71898293
2025-01-01 00:46:03,240622518.6786405
2025-01-01 00:46:04,241703288.82329705
2025-01-01 00:46:05,241159956.04561523
2025-01-01 00:46:06,238241256.1280944
2025-01-01 00:46:07,243176282.64165568
2025-01-01 00:46:08,240722997.3086296
2025-01-01 00:46:09,242743628.4722876
2025-01-01 00:46:10,243313591.23032507
2025-01-01 00:46:11,243544574.70723128
2025-01-01 00:46:12,238970072.39737785
2025-01-01 00:46:13,239963559.6469543
2025-01-01 00:46:14,238647677.53426757
2025-01-01 00:46:15,234523755.89940447
2025-01-01 00:46:16,239989392.84021434
2025-01-01 00:46:17,242264495.624132
2025-01-01 00:46:18,243366804.00897875
2025-01-01 00:46:19,238564868.99118364
2025-01-01 00:46:20,244257504.08738577
2025-01-01 00:46:21,241709353.55701205
2025-01-01 00:46:22,245066316.794655
2025-01-01 00:46:23,243338678.3261617
2025-01-01 00:46:24,242250223.72099146
2025-01-01 00:46:25,239877168.42948383
2025-01-01 00:46:26,241944184.66702926
2025-01-01 00:46:27,238589192.7467569
2025-01-01 00:46:28,238463105.78248858
2025-01-01 00:46:29,236675356.07754552
2025-01-01 00:46:30,239087641.48507816
2025-01-01 00:46:31,238772355.63541082
2025-01-01 00:46:32,239133119.9704482
2025-01-01 00:46:33,237656330.90691882
2025-01-01 00:46:34,241797639.340356
2025-01-01 00:46:35,238202082.06021017
2025-01-01 00:46:36,236561328.12326133
2025-01-01 00:46:37,232502570.75591436
2025-01-01 00:46:38,231905948.75428632
2025-01-01 00:46:39,233948237.38040167
2025-01-01 00:46:40,232528764.19915128
2025-01-01 00:46:41,234788901.1756524
2025-01-01 00:46:42,233408265.2532238
2025-01-01 00:46:43,234540783.15403104
2025-01-01 00:46:44,236903936.55769277
2025-01-01 00:46:45,238517989.57039863
2025-01-01 00:46:46,240129193.93338144
2025-01-01 00:46:47,238470181.76249367
2025-01-01 00:46:48,243229782.90058336
2025-01-01 00:46:49,242409687.03562158
2025-01-01 00:46:50,241355514.96211657
2025-01-01 00:46:51,234039746.6458262
2025-01-01 00:46:52,235038606.5889852
2025-01-01 00:46:53,234976715.15571848
2025-01-01 00:46:54,236568868.26190567
2025-01-01 00:46:55,237139728.39190638
2025-01-01 00:46:56,238348304.96482527
2025-01-01 00:46:57,237906166.882673
2025-01-01 00:46:58,235997359.81040293
2025-01-01 00:46:59,235194813.1343661
2025-01-01 00:47:00,236056818.44777974
2025-01-01 00:47:01,243000937.14700916
2025-01-01 00:47:02,242440570.54680026
2025-01-01 00:47:03,238905188.735519
2025-01-01 00:47:04,240799647.27383322
2025-01-01 00:47:05,245886060.17539725
2025-01-01 00:47:06,243431630.24841714
2025-01-01 00:47:07,245642087.49662247
2025-01-01 00:47:08,242961037.77545795
2025-01-01 00:47:09,243404261.58820856
2025-01-01 00:47:10,239764915.13860357
2025-01-01 00:47:11,240063172.42769456
2025-01-01 00:47:12,240339438.74661508
2025-01-01 00:47:13,243345586.8830183
2025-01-01 00:47:14,242752387.17177263
2025-01-01 00:47:15,245099221.6933473
2025-01-01 00:47:16,239775052.27334177
2025-01-01 00:47:17,241729410.8211213
2025-01-01 00:47:18,242008561.63338494
2025-01-01 00:47:19,241437632.435272
2025-01-01 00:47:20,237460479.77399257
2025-01-01 00:47:21,236520642.37094784
2025-01-01 00:47:22,241870439.2774457
2025-01-01 00:47:23,238931063.08255574
2025-01-01 00:47:24,243269616.64231795
2025-01-01 00:47:25,243858345.1831082
2025-01-01 00:47:26,243452992.6005698
2025-01-01 00:47:27,245279556.85741246
2025-01-01 00:47:28,242794552.09312665
2025-01-01 00:47:29,243113971.27328154
2025-01-01 00:47:30,248513684.07211566
2025-01-01 00:47:31,244677076.11656943
2025-01-01 00:47:32,245340659.92463547
2025-01-01 00:47:33,243697295.53922707
2025-01-01 00:47:34,244366255.43671063
2025-01-01 00:47:35,247216448.2224839
2025-01-01 00:47:36,243544364.42884707
2025-01-01 00:47:37,245217891.3175867
2025-01-01 00:47:38,242522810.02371365
2025-01-01 00:47:39,243744901.0807809
2025-01-01 00:47:40,240967313.55962265
2025-01-01 00:47:41,243350087.7911347
2025-01-01 00:47:42,243445530.00396264
2025-01-01 00:47:43,242309437.63029426
2025-01-01 00:47:44,244801055.3308759
2025-01-01 00:47:45,242537704.685692
2025-01-01 00:47:46,242647014.79600036
2025-01-01 00:47:47,243198084.55074826
2025-01-01 00:47:48,243218221.44205588
2025-01-01 00:47:49,240660852.8300344
2025-01-01 00:47:50,241059051.51810658
2025-01-01 00:47:51,237062851.55561182
2025-01-01 00:47:52,241894384.74795726
2025-01-01 00:47:53,240963442.08079928
2025-01-01 00:47:54,243762060.2566708
2025-01-01 00:47:55,241571664.95311868
2025-01-01 00:47:56,238565776.0769568
2025-01-01 00:47:57,239568018.2074375
2025-01-01 00:47:58,241123494.1190869
2025-01-01 00:47:59,239676792.4495939
2025-01-01 00:48:00,241474737.97783688
2025-01-01 00:48:01,241222979.81696603
2025-01-01 00:48:02,238208763.66593438
2025-01-01 00:48:03,240255576.6663154
2025-01-01 00:48:04,245412830.07048422
2025-01-01 00:48:05,241077323.79393518
2025-01-01 00:48:06,240162751.45173132
2025-01-01 00:48:07,238757779.6391456
2025-01-01 00:48:08,240255304.2129034
2025-01-01 00:48:09,244790331.85399568
2025-01-01 00:48:10,244758461.73919445
2025-01-01 00:48:11,241001109.05986002
2025-01-01 00:48:12,244772069.9210786
2025-01-01 00:48:13,241870254.91906935
2025-01-01 00:48:14,237172746.09885272
2025-01-01 00:48:15,241633044.23486078
2025-01-01 00:48:16,239960159.98658505
2025-01-01 00:48:17,240039488.8205069
2025-01-01 00:48:18,238349019.57092234
2025-01-01 00:48:19,244806671.77027136
2025-01-01 00:48:20,246255727.61113518
2025-01-01 00:48:21,245254811.27244303
2025-01-01 00:48:22,244436868.4972874
2025-01-01 00:48:23,247169044.1617634
2025-01-01 00:48:24,241453373.05164048
2025-01-01 00:48:25,241404313.4175331
2025-01-01 00:48:26,240795293.9721954
2025-01-01 00:48:27,240603376.55422017
2025-01-01 00:48:28,241495777.1937402
2025-01-01 00:48:29,243053786.33944747
2025-01-01 00:48:30,245464886.28989163
2025-01-01 00:48:31,246965558.57254043
2025-01-01 00:48:32,242090218.2011355
2025-01-01 00:48:33,242981682.30598184
2025-01-01 00:48:34,241122107.54232684
2025-01-01 00:48:35,242190654.23866367
2025-01-01 00:48:36,242335565.3005633
2025-01-01 00:48:37,243854433.62382376
2025-01-01 00:48:38,241867996.16806638
2025-01-01 00:48:39,238834357.17126986
2025-01-01 00:48:40,243219388.52846006
2025-01-01 00:48:41,243335823.05274966
2025-01-01 00:48:42,238530311.06673053
2025-01-01 00:48:43,239824775.8660168
2025-01-01 00:48:44,241727072.26244846
2025-01-01 00:48:45,243228433.04909292
2025-01-01 00:48:46,238193646.56686366
2025-01-01 00:48:47,236581437.40118977
2025-01-01 00:48:48,236303273.49835125
2025-01-01 00:48:49,240479307.75055194
2025-01-01 00:48:50,240114446.5053053
2025-01-01 00:48:51,241187903.62855226
2025-01-01 00:48:52,241309050.54828328
2025-01-01 00:48:53,242082185.04564592
2025-01-01 00:48:54,244640637.03593546
2025-01-01 00:48:55,240252850.11368942
2025-01-01 00:48:56,244175909.51233387
2025-01-01 00:48:57,245714033.49567753
2025-01-01 00:48:58,251094476.01791134
2025-01-01 00:48:59,251127819.64796022
2025-01-01 00:49:00,248024949.73662078
2025-01-01 00:49:01,245126198.70554817
2025-01-01 00:49:02,242487468.1354613
2025-01-01 00:49:03,245757986.86269218
2025-01-01 00:49:04,242830356.58189237
2025-01-01 00:49:05,244978096.23039258
2025-01-01 00:49:06,244906291.58344564
2025-01-01 00:49:07,239747789.88545087
2025-01-01 00:49:08,242554078.915231
2025-01-01 00:49:09,241710640.5768868
2025-01-01 00:49:10,241438259.9254591
2025-01-01 00:49:11,243346922.61281088
2025-01-01 00:49:12,245097654.96580622
2025-01-01 00:49:13,242569008.979543
2025-01-01 00:49:14,241599526.03199464
2025-01-01 00:49:15,241180967.1819301
2025-01-01 00:49:16,237762191.71521598
2025-01-01 00:49:17,242748857.44491303
2025-01-01 00:49:18,243465690.80441624
2025-01-01 00:49:19,243016114.6028354
2025-01-01 00:49:20,240890842.3496546
2025-01-01 00:49:21,243770928.77708584
2025-01-01 00:49:22,240187662.85140374
2025-01-01 00:49:23,239134299.6058147
2025-01-01 00:49:24,243429181.6744485
2025-01-01 00:49:25,240799674.15260988
2025-01-01 00:49:26,241665701.82086572
2025-01-01 00:49:27,246035635.4483756
2025-01-01 00:49:28,244534262.43860987
2025-01-01 00:49:29,249696873.1379038
2025-01-01 00:49:30,254498387.89864498
2025-01-01 00:49:31,250513176.06394652
2025-01-01 00:49:32,244707087.93941322
2025-01-01 00:49:33,243329235.47015616
2025-01-01 00:49:34,241369816.6200047
2025-01-01 00:49:35,242588258.0660932
2025-01-01 00:49:36,241640014.75298575
2025-01-01 00:49:37,244937490.47037727
2025-01-01 00:49:38,243340916.40804765
2025-01-01 00:49:39,241803456.25144583
2025-01-01 00:49:40,246073745.93242365
2025-01-01 00:49:41,252194770.76581097
2025-01-01 00:49:42,251278331.0355162
2025-01-01 00:49:43,248637484.59892666
2025-01-01 00:49:44,247407424.01918122
2025-01-01 00:49:45,245165599.86184758
2025-01-01 00:49:46,247762815.5564107
2025-01-01 00:49:47,252914266.66844517
2025-01-01 00:49:48,248383217.56562254
2025-01-01 00:49:49,249285961.36057377
2025-01-01 00:49:50,252462005.0182816
2025-01-01 00:49:51,254108447.54255548
2025-01-01 00:49:52,245511106.31767052
2025-01-01 00:49:53,243349322.3001442
2025-01-01 00:49:54,250488668.62161368
2025-01-01 00:49:55,246963388.88567787
2025-01-01 00:49:56,248909514.73202723
2025-01-01 00:49:57,248754494.96690863
2025-01-01 00:49:58,249738636.1987351
2025-01-01 00:49:59,251442947.04977527
2025-01-01 00:50:00,244647480.46643853
2025-01-01 00:50:01,251594571.6123547
2025-01-01 00:50:02,257287602.9773329
2025-01-01 00:50:03,250254642.87603518
2025-01-01 00:50:04,245319272.06970614
2025-01-01 00:50:05,249031232.47775966
2025-01-01 00:50:06,246891527.43585238
2025-01-01 00:50:07,248875802.36493203
2025-01-01 00:50:08,249489579.02863002
2025-01-01 00:50:09,252172829.3236947
2025-01-01 00:50:10,253629137.2500259
2025-01-01 00:50:11,250089468.26391867
2025-01-01 00:50:12,245131895.4424969
2025-01-01 00:50:13,250440089.24855733
2025-01-01 00:50:14,249512931.8926033
2025-01-01 00:50:15,248692324.6223696
2025-01-01 00:50:16,252357257.4178229
2025-01-01 00:50:17,252045225.77594206
2025-01-01 00:50:18,251238021.85041678
2025-01-01 00:50:19,251892013.8685803
2025-01-01 00:50:20,245387054.40496597
2025-01-01 00:50:21,246339987.82240906
2025-01-01 00:50:22,248286286.4925869
2025-01-01 00:50:23,242708368.261342
2025-01-01 00:50:24,247265110.04682198
2025-01-01 00:50:25,251467042.9269968
2025-01-01 00:50:26,252630526.25837645
2025-01-01 00:50:27,249900889.78459108
2025-01-01 00:50:28,247889558.3883741
2025-01-01 00:50:29,254244824.48765138
2025-01-01 00:50:30,261037238.7351572
2025-01-01 00:50:31,254624623.40295407
2025-01-01 00:50:32,252345908.51519853
2025-01-01 00:50:33,254079228.38945478
2025-01-01 00:50:34,252422218.9177126
2025-01-01 00:50:35,249365048.8434714
2025-01-01 00:50:36,248519838.40178308
2025-01-01 00:50:37,247394402.9175932
2025-01-01 00:50:38,245724362.12391722
2025-01-01 00:50:39,244424990.5874508
2025-01-01 00:50:40,243260598.79073456
2025-01-01 00:50:41,251523092.84471086
2025-01-01 00:50:42,250325122.175278
2025-01-01 00:50:43,250966197.2000158
2025-01-01 00:50:44,249985803.8521902
2025-01-01 00:50:45,254086008.59806076
2025-01-01 00:50:46,252180313.27639982
2025-01-01 00:50:47,249649808.31839693
2025-01-01 00:50:48,247976692.90735984
2025-01-01 00:50:49,252447933.02871177
2025-01-01 00:50:50,251450137.49206555
2025-01-01 00:50:51,253447188.75283933
2025-01-01 00:50:52,255724753.01988608
2025-01-01 00:50:53,251529802.6046712
2025-01-01 00:50:54,244070695.89496678
2025-01-01 00:50:55,245045014.95663863
2025-01-01 00:50:56,250701553.28141117
2025-01-01 00:50:57,250418657.26824564
2025-01-01 00:50:58,248905214.3342583
2025-01-01 00:50:59,250203553.40040532
2025-01-01 00:51:00,247977061.82002276
2025-01-01 00:51:01,246348835.27633655
2025-01-01 00:51:02,242576884.11028585
2025-01-01 00:51:03,242450853.29585344
2025-01-01 00:51:04,243088957.2772685
2025-01-01 00:51:05,245029340.08709416
2025-01-01 00:51:06,246028166.69113463
2025-01-01 00:51:07,243028998.0695984
2025-01-01 00:51:08,245296225.72877634
2025-01-01 00:51:09,252248226.4300779
2025-01-01 00:51:10,252733830.32336006
2025-01-01 00:51:11,247999478.2895551
2025-01-01 00:51:12,249836118.61194277
2025-01-01 00:51:13,251592269.34933487
2025-01-01 00:51:14,253851436.80433065
2025-01-01 00:51:15,250326935.75382656
2025-01-01 00:51:16,250986348.53083467
2025-01-01 00:51:17,252960978.4709287
2025-01-01 00:51:18,245934695.0869349
2025-01-01 00:51:19,251913278.94734922
2025-01-01 00:51:20,245926824.49485028
2025-01-01 00:51:21,247027376.6849191
2025-01-01 00:51:22,245999363.7700818
2025-01-01 00:51:23,245171326.54807618
2025-01-01 00:51:24,255212922.93977284
2025-01-01 00:51:25,255199763.8559569
2025-01-01 00:51:26,252058224.99709302
2025-01-01 00:51:27,249299134.13174155
2025-01-01 00:51:28,243857318.67908135
2025-01-01 00:51:29,242028671.1738886
2025-01-01 00:51:30,245814693.08812028
2025-01-01 00:51:31,248517945.99491405
2025-01-01 00:51:32,249956030.85650554
2025-01-01 00:51:33,246714868.79389703
2025-01-01 00:51:34,245599051.2145645
2025-01-01 00:51:35,245251536.1080432
2025-01-01 00:51:36,245894250.04917666
2025-01-01 00:51:37,247501717.31160435
2025-01-01 00:51:38,252735379.84515998
2025-01-01 00:51:39,254160053.83736774
2025-01-01 00:51:40,254268303.4826
2025-01-01 00:51:41,254121625.6969956
2025-01-01 00:51:42,254583429.61362815
2025-01-01 00:51:43,252401549.57128924
2025-01-01 00:51:44,250096863.71696717
2025-01-01 00:51:45,253637255.96425548
2025-01-01 00:51:46,253315830.87908304
2025-01-01 00:51:47,253101625.37620044
2025-01-01 00:51:48,253043774.13151816
2025-01-01 00:51:49,247908182.7836285
2025-01-01 00:51:50,249269867.42642385
2025-01-01 00:51:51,248727691.6342571
2025-01-01 00:51:52,251136489.82958966
2025-01-01 00:51:53,247047642.0257569
2025-01-01 00:51:54,249844186.7944125
2025-01-01 00:51:55,252407378.5232463
2025-01-01 00:51:56,252923290.09381682
2025-01-01 00:51:57,252076053.6785765
2025-01-01 00:51:58,249892813.57314393
2025-01-01 00:51:59,249018731.42227122
2025-01-01 00:52:00,243893562.52477092
2025-01-01 00:52:01,242717793.4465308
2025-01-01 00:52:02,244325936.15800852
2025-01-01 00:52:03,244791499.98553294
2025-01-01 00:52:04,243688431.39473665
2025-01-01 00:52:05,247674233.27355847
2025-01-01 00:52:06,246950116.07314974
2025-01-01 00:52:07,243507084.70415294
2025-01-01 00:52:08,250175815.39136747
2025-01-01 00:52:09,246438040.70351234
2025-01-01 00:52:10,242701374.29152647
2025-01-01 00:52:11,243490303.2193497
2025-01-01 00:52:12,247125461.21866763
2025-01-01 00:52:13,250448683.50861815
2025-01-01 00:52:14,244946867.84023133
2025-01-01 00:52:15,247853009.87543496
2025-01-01 00:52:16,243889876.68157688
2025-01-01 00:52:17,246103883.52812016
2025-01-01 00:52:18,250898512.44161355
2025-01-01 00:52:19,250448568.86315075
2025-01-01 00:52:20,247264309.22947383
2025-01-01 00:52:21,244710993.37541908
2025-01-01 00:52:22,242429628.05989873
2025-01-01 00:52:23,246330252.14070266
2025-01-01 00:52:24,247934454.9894722
2025-01-01 00:52:25,248609189.73010302
2025-01-01 00:52:26,244104300.98563758
2025-01-01 00:52:27,241027601.04234675
2025-01-01 00:52:28,243558192.7655485
2025-01-01 00:52:29,246193803.23245424
2025-01-01 00:52:30,245462519.4289265
2025-01-01 00:52:31,247441338.9206761
2025-01-01 00:52:32,247993756.79478362
2025-01-01 00:52:33,244941298.43528754
2025-01-01 00:52:34,241327742.37415516
2025-01-01 00:52:35,249196096.70533964
2025-01-01 00:52:36,245764874.3268328
2025-01-01 00:52:37,243439485.24636015
2025-01-01 00:52:38,245330104.04558444
2025-01-01 00:52:39,242658935.6472068
2025-01-01 00:52:40,241761508.3107544
2025-01-01 00:52:41,247212749.224052
2025-01-01 00:52:42,247611096.7822442
2025-01-01 00:52:43,239599663.60687622
2025-01-01 00:52:44,243724141.3132042
2025-01-01 00:52:45,247178196.22995284
2025-01-01 00:52:46,247595832.82066524
2025-01-01 00:52:47,246675388.73298463
2025-01-01 00:52:48,246744961.98910037
2025-01-01 00:52:49,246248819.24459943
2025-01-01 00:52:50,245503444.5543606
2025-01-01 00:52:51,245242175.11774987
2025-01-01 00:52:52,246870598.7737012
2025-01-01 00:52:53,249404991.76479852
2025-01-01 00:52:54,249564845.08372477
2025-01-01 00:52:55,245508758.7074554
2025-01-01 00:52:56,243848219.13286397
2025-01-01 00:52:57,247335239.86118326
2025-01-01 00:52:58,245573549.57062763
2025-01-01 00:52:59,247789300.59853473
2025-01-01 00:53:00,250697467.34578076
2025-01-01 00:53:01,252178712.576017
2025-01-01 00:53:02,252683752.80776808
2025-01-01 00:53:03,249299403.82317272
2025-01-01 00:53:04,251682362.14727768
2025-01-01 00:53:05,252154864.27911764
2025-01-01 00:53:06,252285516.01797518
2025-01-01 00:53:07,246750328.7426648
2025-01-01 00:53:08,250289529.6139568
2025-01-01 00:53:09,247925715.03771523
2025-01-01 00:53:10,245463545.1392651
2025-01-01 00:53:11,242279543.85217118
2025-01-01 00:53:12,245778492.89008644
2025-01-01 00:53:13,246378907.2652394
2025-01-01 00:53:14,251861190.3562778
2025-01-01 00:53:15,252050789.73784247
2025-01-01 00:53:16,246441606.82100937
2025-01-01 00:53:17,248108617.6575177
2025-01-01 00:53:18,251448746.70239368
2025-01-01 00:53:19,252286847.35719025
2025-01-01 00:53:20,249176384.52381063
2025-01-01 00:53:21,246488842.04369462
2025-01-01 00:53:22,247835336.13370538
2025-01-01 00:53:23,248237679.39838582
2025-01-01 00:53:24,243040462.6079753
2025-01-01 00:53:25,243099034.2801724
2025-01-01 00:53:26,243495415.44165868
2025-01-01 00:53:27,250617435.04231253
2025-01-01 00:53:28,246352878.73782772
2025-01-01 00:53:29,248774060.8555814
2025-01-01 00:53:30,245136364.93282956
2025-01-01 00:53:31,241496706.8029041
2025-01-01 00:53:32,240652328.17226025
2025-01-01 00:53:33,243948625.9817363
2025-01-01 00:53:34,239569790.6383857
2025-01-01 00:53:35,240438366.7075831
2025-01-01 00:53:36,243793179.20426774
2025-01-01 00:53:37,242738839.50255868
2025-01-01 00:53:38,245438933.9653085
2025-01-01 00:53:39,244257519.4785695
2025-01-01 00:53:40,245288744.13718903
2025-01-01 00:53:41,244657976.2094125
2025-01-01 00:53:42,245474537.04691043
2025-01-01 00:53:43,245680051.48463908
2025-01-01 00:53:44,247598369.1824522
2025-01-01 00:53:45,245299587.2347524
2025-01-01 00:53:46,247042528.28718564
2025-01-01 00:53:47,245862845.24725762
2025-01-01 00:53:48,246775175.44613603
2025-01-01 00:53:49,245820527.18030718
2025-01-01 00:53:50,243514223.39177087
2025-01-01 00:53:51,244089219.07662806
2025-01-01 00:53:52,242188288.54783577
2025-01-01 00:53:53,240845645.11973166
2025-01-01 00:53:54,240528837.18663815
2025-01-01 00:53:55,242974917.50857398
2025-01-01 00:53:56,240856960.48647425
2025-01-01 00:53:57,239891469.71911895
2025-01-01 00:53:58,245455916.81861332
2025-01-01 00:53:59,246395032.57103935
2025-01-01 00:54:00,242608983.06995797
2025-01-01 00:54:01,243675328.74057406
2025-01-01 00:54:02,240336522.9321048
2025-01-01 00:54:03,243316762.90305132
2025-01-01 00:54:04,243651422.68547744
2025-01-01 00:54:05,241333697.73034793
2025-01-01 00:54:06,243668749.02521884
2025-01-01 00:54:07,245452163.36722478
2025-01-01 00:54:08,246165005.40323615
2025-01-01 00:54:09,247513002.79416364
2025-01-01 00:54:10,245553633.09562927
2025-01-01 00:54:11,244057261.94883117
2025-01-01 00:54:12,243184663.11381325
2025-01-01 00:54:13,241270775.14704025
2025-01-01 00:54:14,243483168.41447878
2025-01-01 00:54:15,243933174.41348746
2025-01-01 00:54:16,245432291.75171337
2025-01-01 00:54:17,245561471.62262595
2025-01-01 00:54:18,242693909.11478513
2025-01-01 00:54:19,246073702.9937459
2025-01-01 00:54:20,245158017.32411093
2025-01-01 00:54:21,250248057.04786924
2025-01-01 00:54:22,248804448.0965268
2025-01-01 00:54:23,252973310.6453473
2025-01-01 00:54:24,249851832.3529861
2025-01-01 00:54:25,251371097.3491643
2025-01-01 00:54:26,250999280.92512527
2025-01-01 00:54:27,248291481.16071564
2025-01-01 00:54:28,248010932.63502344
2025-01-01 00:54:29,248803854.8634013
2025-01-01 00:54:30,250116431.9389809
2025-01-01 00:54:31,249432002.6923533
2025-01-01 00:54:32,247557311.37746853
2025-01-01 00:54:33,248988555.20473945
2025-01-01 00:54:34,246085288.96457484
2025-01-01 00:54:35,247438623.4394119
2025-01-01 00:54:36,247166014.1043476
2025-01-01 00:54:37,250462692.90462852
2025-01-01 00:54:38,250553535.10420626
2025-01-01 00:54:39,247499576.4104865
2025-01-01 00:54:40,244846149.8043107
2025-01-01 00:54:41,244755653.19903854
2025-01-01 00:54:42,239480953.86214754
2025-01-01 00:54:43,242970319.92937717
2025-01-01 00:54:44,244207107.3333318
2025-01-01 00:54:45,243575592.21335623
2025-01-01 00:54:46,246981676.2654209
2025-01-01 00:54:47,243633969.78665787
2025-01-01 00:54:48,243172584.432662
2025-01-01 00:54:49,247351095.4669605
2025-01-01 00:54:50,246978786.47531116
2025-01-01 00:54:51,247235554.90603438
2025-01-01 00:54:52,248538327.26941845
2025-01-01 00:54:53,245188900.89621162
2025-01-01 00:54:54,241068355.65606934
2025-01-01 00:54:55,246834515.83877605
2025-01-01 00:54:56,247291645.46400762
2025-01-01 00:54:57,244827449.9706149
2025-01-01 00:54:58,245384165.0689269
2025-01-01 00:54:59,251169703.8781499
2025-01-01 00:55:00,250004003.06154507
2025-01-01 00:55:01,251082634.33128378
2025-01-01 00:55:02,248892118.68866506
2025-01-01 00:55:03,245557915.26204574
2025-01-01 00:55:04,250648954.84211865
2025-01-01 00:55:05,247687363.86786804
2025-01-01 00:55:06,249230364.74390802
2025-01-01 00:55:07,252039887.4405514
2025-01-01 00:55:08,250438219.59119305
2025-01-01 00:55:09,251948258.0789513
2025-01-01 00:55:10,252354188.4114702
2025-01-01 00:55:11,248670332.32670155
2025-01-01 00:55:12,248464020.15210605
2025-01-01 00:55:13,252762291.31002718
2025-01-01 00:55:14,249816130.31251708
2025-01-01 00:55:15,251473841.31877744
2025-01-01 00:55:16,251950337.79432243
2025-01-01 00:55:17,250234393.24658328
2025-01-01 00:55:18,253202674.82284725
2025-01-01 00:55:19,250901830.28337425
2025-01-01 00:55:20,254390916.80215007
2025-01-01 00:55:21,255458113.541255
2025-01-01 00:55:22,250427923.27352935
2025-01-01 00:55:23,249723942.75580972
2025-01-01 00:55:24,248894334.97586605
2025-01-01 00:55:25,254851447.4694689
2025-01-01 00:55:26,247231174.89389187
2025-01-01 00:55:27,247802750.75172177
2025-01-01 00:55:28,250523339.21725538
2025-01-01 00:55:29,244044293.1496841
2025-01-01 00:55:30,241771171.17812622
2025-01-01 00:55:31,244242799.34375453
2025-01-01 00:55:32,248607416.07557702
2025-01-01 00:55:33,243830764.08014813
2025-01-01 00:55:34,248148677.792753
2025-01-01 00:55:35,250654730.0360553
2025-01-01 00:55:36,252107186.88222778
2025-01-01 00:55:37,248907714.1992716
2025-01-01 00:55:38,252255939.62263384
2025-01-01 00:55:39,249688549.47517276
2025-01-01 00:55:40,245668809.6585458
2025-01-01 00:55:41,251148643.23650318
2025-01-01 00:55:42,252873350.26684332
2025-01-01 00:55:43,250275288.271323
2025-01-01 00:55:44,255939972.88960373
2025-01-01 00:55:45,257753056.8739471
2025-01-01 00:55:46,255205029.5600716
2025-01-01 00:55:47,251914206.00422862
2025-01-01 00:55:48,255209743.86432773
2025-01-01 00:55:49,254243765.61444205
2025-01-01 00:55:50,253294864.0929617
2025-01-01 00:55:51,254675522.66498023
2025-01-01 00:55:52,252239659.77515173
2025-01-01 00:55:53,250840491.94701448
2025-01-01 00:55:54,252982342.92403594
2025-01-01 00:55:55,250559539.91504976
2025-01-01 00:55:56,252693935.36794224
2025-01-01 00:55:57,250988819.89850587
2025-01-01 00:55:58,253506295.145663
2025-01-01 00:55:59,249031564.30845365
2025-01-01 00:56:00,249002545.4104589
2025-01-01 00:56:01,248389975.1670242
2025-01-01 00:56:02,248895348.00513455
2025-01-01 00:56:03,248019273.63509458
2025-01-01 00:56:04,249123970.73537385
2025-01-01 00:56:05,248152479.28307235
2025-01-01 00:56:06,249336375.91248545
2025-01-01 00:56:07,249032007.3547555
2025-01-01 00:56:08,250338221.569084
2025-01-01 00:56:09,248956405.71424156
2025-01-01 00:56:10,243911681.4897734
2025-01-01 00:56:11,245533494.93053976
2025-01-01 00:56:12,248684049.4116318
2025-01-01 00:56:13,246913032.94599584
2025-01-01 00:56:14,241608093.04881105
2025-01-01 00:56:15,245715219.0681695
2025-01-01 00:56:16,242611257.32136998
2025-01-01 00:56:17,245974725.8030693
2025-01-01 00:56:18,245370442.4932198
2025-01-01 00:56:19,246788310.66886187
2025-01-01 00:56:20,244216284.44967335
2025-01-01 00:56:21,248461662.5178596
2025-01-01 00:56:22,244413881.30847964
2025-01-01 00:56:23,247538934.51708564
2025-01-01 00:56:24,246500207.24904108
2025-01-01 00:56:25,246443940.22038385
2025-01-01 00:56:26,240006796.47009975
2025-01-01 00:56:27,242543623.3737896
2025-01-01 00:56:28,249145582.13980216
2025-01-01 00:56:29,248582573.81518024
2025-01-01 00:56:30,248626527.72241017
2025-01-01 00:56:31,250416717.7192253
2025-01-01 00:56:32,251406041.29561642
2025-01-01 00:56:33,253328130.13927352
2025-01-01 00:56:34,255925331.75685412
2025-01-01 00:56:35,252694827.74620748
2025-01-01 00:56:36,252079888.5350414
2025-01-01 00:56:37,255349478.81069002
2025-01-01 00:56:38,252638684.63911694
2025-01-01 00:56:39,252954912.94004297
2025-01-01 00:56:40,248746597.7955708
2025-01-01 00:56:41,242489807.22379383
2025-01-01 00:56:42,244793278.20200616
2025-01-01 00:56:43,245031789.3492038
2025-01-01 00:56:44,246871081.22841755
2025-01-01 00:56:45,241725281.15664682
2025-01-01 00:56:46,248387477.2927311
2025-01-01 00:56:47,248425159.50070083
2025-01-01 00:56:48,246313125.26592773
2025-01-01 00:56:49,247396230.74084148
2025-01-01 00:56:50,246035543.6490104
2025-01-01 00:56:51,248941652.06538674
2025-01-01 00:56:52,250812520.41110474
2025-01-01 00:56:53,246950648.50178733
2025-01-01 00:56:54,238189155.6352243
2025-01-01 00:56:55,241326471.59158614
2025-01-01 00:56:56,239435608.185413
2025-01-01 00:56:57,239021543.29038057
2025-01-01 00:56:58,239550286.51755127
2025-01-01 00:56:59,243179976.8422079
2025-01-01 00:57:00,244691233.6465298
2025-01-01 00:57:01,244586962.86676013
2025-01-01 00:57:02,245824643.54738477
2025-01-01 00:57:03,245796321.93973294
2025-01-01 00:57:04,245340803.51563898
2025-01-01 00:57:05,245602493.52810434
2025-01-01 00:57:06,247300527.56986332
2025-01-01 00:57:07,244476698.52255014
2025-01-01 00:57:08,242876628.77429694
2025-01-01 00:57:09,241948504.62415752
2025-01-01 00:57:10,246526492.88217208
2025-01-01 00:57:11,248994008.12548584
2025-01-01 00:57:12,248386637.32634315
2025-01-01 00:57:13,243350061.2641933
2025-01-01 00:57:14,247259345.3828972
2025-01-01 00:57:15,251309269.80882487
2025-01-01 00:57:16,249659258.3034785
2025-01-01 00:57:17,245495769.78898403
2025-01-01 00:57:18,244243164.93045717
2025-01-01 00:57:19,244308912.52609354
2025-01-01 00:57:20,246395679.40407962
2025-01-01 00:57:21,244061141.6141437
2025-01-01 00:57:22,243538251.86802897
2025-01-01 00:57:23,240655456.18267834
2025-01-01 00:57:24,247424720.8780621
2025-01-01 00:57:25,240666439.4381355
2025-01-01 00:57:26,245711347.8125807
2025-01-01 00:57:27,246093587.7944553
2025-01-01 00:57:28,251520830.7888688
2025-01-01 00:57:29,248478803.2822362
2025-01-01 00:57:30,243325446.60698432
2025-01-01 00:57:31,244080207.97872677
2025-01-01 00:57:32,240765629.96031362
2025-01-01 00:57:33,246778979.01828918
2025-01-01 00:57:34,248346845.81958938
2025-01-01 00:57:35,245249898.28538537
2025-01-01 00:57:36,241167899.4123913
2025-01-01 00:57:37,246567072.30233452
2025-01-01 00:57:38,250057467.56920734
2025-01-01 00:57:39,251183562.75396264
2025-01-01 00:57:40,251440846.97651032
2025-01-01 00:57:41,249115895.73139328
2025-01-01 00:57:42,249003657.636958
2025-01-01 00:57:43,248757263.51640743
2025-01-01 00:57:44,247434117.66115877
2025-01-01 00:57:45,246371974.8174367
2025-01-01 00:57:46,246901778.89930284
2025-01-01 00:57:47,249556055.59704146
2025-01-01 00:57:48,251789182.5564975
2025-01-01 00:57:49,249335150.51127917
2025-01-01 00:57:50,251195720.94328806
2025-01-01 00:57:51,251980818.6924106
2025-01-01 00:57:52,247017695.4946842
2025-01-01 00:57:53,249143870.56205532
2025-01-01 00:57:54,243196955.0845047
2025-01-01 00:57:55,243975819.2304339
2025-01-01 00:57:56,243339985.0423093
2025-01-01 00:57:57,241676081.0864548
2025-01-01 00:57:58,244783382.6603687
2025-01-01 00:57:59,245600364.52409396
2025-01-01 00:58:00,244910465.66908926
2025-01-01 00:58:01,247746409.37317327
2025-01-01 00:58:02,246254846.22930297
2025-01-01 00:58:03,245625668.92681524
2025-01-01 00:58:04,245440698.27655038
2025-01-01 00:58:05,238758817.45651168
2025-01-01 00:58:06,241362506.4191433
2025-01-01 00:58:07,242725011.82393536
2025-01-01 00:58:08,239462751.6223377
2025-01-01 00:58:09,244111182.2039329
2025-01-01 00:58:10,243955937.06265435
2025-01-01 00:58:11,242517121.1199072
2025-01-01 00:58:12,239366655.75530106
2025-01-01 00:58:13,241649450.22950086
2025-01-01 00:58:14,246685345.45273724
2025-01-01 00:58:15,242006421.39820457
2025-01-01 00:58:16,240858616.77129605
2025-01-01 00:58:17,244418758.74311608
2025-01-01 00:58:18,246520929.87141624
2025-01-01 00:58:19,245506366.86319605
2025-01-01 00:58:20,241256747.75081098
2025-01-01 00:58:21,240749821.09518304
2025-01-01 00:58:22,239091952.80123323
2025-01-01 00:58:23,241882653.87097454
2025-01-01 00:58:24,243620878.4669552
2025-01-01 00:58:25,243464334.02861932
2025-01-01 00:58:26,248699325.66107535
2025-01-01 00:58:27,248084277.09437683
2025-01-01 00:58:28,249466561.79288083
2025-01-01 00:58:29,248540284.0432921
2025-01-01 00:58:30,249091076.11884338
2025-01-01 00:58:31,249130141.21458992
2025-01-01 00:58:32,247524420.38744357
2025-01-01 00:58:33,251083639.96331808
2025-01-01 00:58:34,246651333.44277
2025-01-01 00:58:35,246777885.46785223
2025-01-01 00:58:36,251999874.65226513
2025-01-01 00:58:37,254834325.07289535
2025-01-01 00:58:38,253148211.45754603
2025-01-01 00:58:39,249501809.08156425
2025-01-01 00:58:40,253948971.15904495
2025-01-01 00:58:41,253937290.37036654
2025-01-01 00:58:42,249995519.38501325
2025-01-01 00:58:43,249170286.91309452
2025-01-01 00:58:44,250822767.9636766
2025-01-01 00:58:45,250505093.31456488
2025-01-01 00:58:46,254222009.87332597
2025-01-01 00:58:47,252788811.0349395
2025-01-01 00:58:48,253974153.97109172
2025-01-01 00:58:49,252678346.1425871
2025-01-01 00:58:50,254712717.0820272
2025-01-01 00:58:51,253479670.40323874
2025-01-01 00:58:52,253182212.8109793
2025-01-01 00:58:53,250161617.63332638
2025-01-01 00:58:54,244073414.9720538
2025-01-01 00:58:55,246852919.64136422
2025-01-01 00:58:56,245291506.16212472
2025-01-01 00:58:57,247636675.16044962
2025-01-01 00:58:58,249302691.50250706
2025-01-01 00:58:59,250144892.21892154
2025-01-01 00:59:00,247238204.1237015
2025-01-01 00:59:01,251651910.03363362
2025-01-01 00:59:02,253916767.59562823
2025-01-01 00:59:03,251552171.3561434
2025-01-01 00:59:04,251345220.23346063
2025-01-01 00:59:05,258788170.51455235
2025-01-01 00:59:06,252433917.2919804
2025-01-01 00:59:07,252652079.9260443
2025-01-01 00:59:08,255478409.50702175
2025-01-01 00:59:09,255254472.9942506
2025-01-01 00:59:10,253667483.729389
2025-01-01 00:59:11,253788664.44018376
2025-01-01 00:59:12,254146121.4179685
2025-01-01 00:59:13,255693343.34821087
2025-01-01 00:59:14,250554619.49198478
2025-01-01 00:59:15,252791233.97543934
2025-01-01 00:59:16,251653052.71092346
2025-01-01 00:59:17,253376096.53771916
2025-01-01 00:59:18,252997274.77224723
2025-01-01 00:59:19,251877654.64569974
2025-01-01 00:59:20,252495065.7579375
2025-01-01 00:59:21,250185811.1458887
2025-01-01 00:59:22,250615755.55407035
2025-01-01 00:59:23,253421889.77974594
2025-01-01 00:59:24,255138081.33994552
2025-01-01 00:59:25,261896146.70314905
2025-01-01 00:59:26,256365014.17535874
2025-01-01 00:59:27,256579957.0958934
2025-01-01 00:59:28,255545146.08391538
2025-01-01 00:59:29,254131650.48272732
2025-01-01 00:59:30,258973869.5003234
2025-01-01 00:59:31,257100582.6090377
2025-01-01 00:59:32,259485900.47142807
2025-01-01 00:59:33,257559394.36832795
2025-01-01 00:59:34,256091306.7417123
2025-01-01 00:59:35,252340683.58229116
2025-01-01 00:59:36,257098604.5416903
2025-01-01 00:59:37,251132972.51495442
2025-01-01 00:59:38,252881796.71581793
2025-01-01 00:59:39,250116156.24654087
2025-01-01 00:59:40,247376238.00022992
2025-01-01 00:59:41,250270481.58550543
2025-01-01 00:59:42,249682410.08083713
2025-01-01 00:59:43,253153870.89280558
2025-01-01 00:59:44,248949336.81434715
2025-01-01 00:59:45,246101979.90634152
2025-01-01 00:59:46,242444281.70040783
2025-01-01 00:59:47,243976345.61975974
2025-01-01 00:59:48,250208195.80707029
2025-01-01 00:59:49,248629157.55091944
2025-01-01 00:59:50,251207823.63461012
2025-01-01 00:59:51,246235526.09232318
2025-01-01 00:59:52,248085716.65622777
2025-01-01 00:59:53,247561035.3804218
2025-01-01 00:59:54,248148539.84185085
2025-01-01 00:59:55,249203635.58867574
2025-01-01 00:59:56,252095970.4507891
2025-01-01 00:59:57,253968538.78044114
2025-01-01 00:59:58,251842690.11531705
2025-01-01 00:59:59,250328267.44108024
2025-01-01 01:00:00,249411602.00418925
2025-01-01 01:00:01,248536725.95892158
2025-01-01 01:00:02,249064583.57317296
2025-01-01 01:00:03,250692540.608522
2025-01-01 01:00:04,251728736.02663732
2025-01-01 01:00:05,247387303.55679628
2025-01-01 01:00:06,251542706.42604932
2025-01-01 01:00:07,248556886.4720026
2025-01-01 01:00:08,250886506.84911954
2025-01-01 01:00:09,249531612.08758867
2025-01-01 01:00:10,249476485.46820575
2025-01-01 01:00:11,247999829.03317186
2025-01-01 01:00:12,253649515.62494344
2025-01-01 01:00:13,255084097.74872416
2025-01-01 01:00:14,252554888.55824342
2025-01-01 01:00:15,247684171.1322072
2025-01-01 01:00:16,252278493.15369076
2025-01-01 01:00:17,248984155.65955657
2025-01-01 01:00:18,244126349.44514683
2025-01-01 01:00:19,243742929.26860607
2025-01-01 01:00:20,243343828.67116255
2025-01-01 01:00:21,241827374.3399054
2025-01-01 01:00:22,246766287.59002277
2025-01-01 01:00:23,244955857.845277
2025-01-01 01:00:24,241774207.91650456
2025-01-01 01:00:25,244336560.9918892
2025-01-01 01:00:26,247395754.90636024
2025-01-01 01:00:27,244007852.83834192
2025-01-01 01:00:28,247549780.0392527
2025-01-01 01:00:29,247623050.483734
2025-01-01 01:00:30,245857134.5144237
2025-01-01 01:00:31,247532436.52497214
2025-01-01 01:00:32,242656902.05692044
2025-01-01 01:00:33,241342888.14976937
2025-01-01 01:00:34,244061805.26280332
2025-01-01 01:00:35,246165433.84690657
2025-01-01 01:00:36,241393514.13248143
2025-01-01 01:00:37,243978751.97469148
2025-01-01 01:00:38,246944683.31754616
2025-01-01 01:00:39,243992715.66113883
2025-01-01 01:00:40,245734092.24847272
2025-01-01 01:00:41,248409073.4231222
2025-01-01 01:00:42,247354535.00128233
2025-01-01 01:00:43,249405928.5682497
2025-01-01 01:00:44,251464664.4850045
2025-01-01 01:00:45,247141015.72028357
2025-01-01 01:00:46,251470944.35972032
2025-01-01 01:00:47,245705099.35225892
2025-01-01 01:00:48,244088761.00671023
2025-01-01 01:00:49,249775207.18826008
2025-01-01 01:00:50,245293046.25140458
2025-01-01 01:00:51,245560147.74495772
2025-01-01 01:00:52,244069539.09435198
2025-01-01 01:00:53,243427360.3639185
2025-01-01 01:00:54,241282217.22910666
2025-01-01 01:00:55,243471419.43481165
2025-01-01 01:00:56,246886403.2834631
2025-01-01 01:00:57,246987901.7970602
2025-01-01 01:00:58,246874947.3403268
2025-01-01 01:00:59,249023290.29355225
2025-01-01 01:01:00,246120293.54728612
2025-01-01 01:01:01,243034364.26303598
2025-01-01 01:01:02,241232509.49301884
2025-01-01 01:01:03,244160804.4368295
2025-01-01 01:01:04,247153633.30343142
2025-01-01 01:01:05,247863742.92436177
2025-01-01 01:01:06,244747781.86087587
2025-01-01 01:01:07,244699282.2094312
2025-01-01 01:01:08,242941141.02099228
2025-01-01 01:01:09,247251442.79017785
2025-01-01 01:01:10,247885235.37951368
2025-01-01 01:01:11,247426776.35893825
2025-01-01 01:01:12,246640775.02560484
2025-01-01 01:01:13,248599299.23625395
2025-01-01 01:01:14,250875188.52182758
2025-01-01 01:01:15,248887723.16426367
2025-01-01 01:01:16,243476458.00058672
2025-01-01 01:01:17,246225743.0192353
2025-01-01 01:01:18,246209544.76528278
2025-01-01 01:01:19,249279982.5361585
2025-01-01 01:01:20,247736062.63914645
2025-01-01 01:01:21,248563961.64114904
2025-01-01 01:01:22,246938826.49855915
2025-01-01 01:01:23,245374718.41347042
2025-01-01 01:01:24,248361438.1571265
2025-01-01 01:01:25,248697909.58616385
2025-01-01 01:01:26,253223463.23279133
2025-01-01 01:01:27,246150773.74301198
2025-01-01 01:01:28,247075913.763244
2025-01-01 01:01:29,247251351.13525948
2025-01-01 01:01:30,251719317.22970113
2025-01-01 01:01:31,252927156.264936
2025-01-01 01:01:32,254397852.04429245
2025-01-01 01:01:33,253908468.86865938
2025-01-01 01:01:34,254033419.2093228
2025-01-01 01:01:35,252524110.71829873
2025-01-01 01:01:36,250989166.36674675
2025-01-01 01:01:37,251586037.4923036
2025-01-01 01:01:38,250357392.98146427
2025-01-01 01:01:39,247862634.9414817
2025-01-01 01:01:40,248923937.17923504
2025-01-01 01:01:41,251606614.85452464
2025-01-01 01:01:42,248687100.7628374
2025-01-01 01:01:43,249622378.12731382
2025-01-01 01:01:44,245677199.3649777
2025-01-01 01:01:45,244122538.59562814
2025-01-01 01:01:46,252015160.02153358
2025-01-01 01:01:47,250626764.38818607
2025-01-01 01:01:48,248845152.0081703
2025-01-01 01:01:49,250714756.80129424
2025-01-01 01:01:50,252117859.60988936
2025-01-01 01:01:51,257482102.1489588
2025-01-01 01:01:52,250258285.44724935
2025-01-01 01:01:53,247593330.0649863
2025-01-01 01:01:54,246699220.33555305
2025-01-01 01:01:55,246786601.0844946
2025-01-01 01:01:56,245934881.2903786
2025-01-01 01:01:57,248203062.1139088
2025-01-01 01:01:58,248279235.2529509
2025-01-01 01:01:59,247438733.1441767
2025-01-01 01:02:00,248725258.07795227
2025-01-01 01:02:01,252222747.60728896
2025-01-01 01:02:02,251130441.04368418
2025-01-01 01:02:03,253006706.2353237
2025-01-01 01:02:04,250497724.11738423
2025-01-01 01:02:05,247945474.63233858
2025-01-01 01:02:06,246623861.67778686
2025-01-01 01:02:07,244188731.62753335
2025-01-01 01:02:08,245626873.940108
2025-01-01 01:02:09,245494498.05723453
2025-01-01 01:02:10,242110815.8150623
2025-01-01 01:02:11,242414092.99481073
2025-01-01 01:02:12,245845889.2093545
2025-01-01 01:02:13,250501165.36777794
2025-01-01 01:02:14,248421916.00348815
2025-01-01 01:02:15,247969126.21401817
2025-01-01 01:02:16,243341768.7133342
2025-01-01 01:02:17,244639621.7516558
2025-01-01 01:02:18,252303046.13379848
2025-01-01 01:02:19,251489132.92348605
2025-01-01 01:02:20,257550957.4422931
2025-01-01 01:02:21,249156088.87985218
2025-01-01 01:02:22,252874956.22459936
2025-01-01 01:02:23,248635699.33975852
2025-01-01 01:02:24,251648241.33654928
2025-01-01 01:02:25,247638422.20695916
2025-01-01 01:02:26,247706600.4110002
2025-01-01 01:02:27,244083776.6728082
2025-01-01 01:02:28,247463769.57225674
2025-01-01 01:02:29,254234621.36953095
2025-01-01 01:02:30,255404025.70744482
2025-01-01 01:02:31,257893135.25537637
2025-01-01 01:02:32,254673561.46109432
2025-01-01 01:02:33,250515579.09782058
2025-01-01 01:02:34,251215846.30436245
2025-01-01 01:02:35,248046984.90993723
2025-01-01 01:02:36,246391632.48506066
2025-01-01 01:02:37,251695043.29038954
2025-01-01 01:02:38,247211149.965553
2025-01-01 01:02:39,248445067.4510208
2025-01-01 01:02:40,246044845.81847554
2025-01-01 01:02:41,244881741.6056454
2025-01-01 01:02:42,246725628.33792835
2025-01-01 01:02:43,243646463.43582717
2025-01-01 01:02:44,243926696.4050348
2025-01-01 01:02:45,244675957.60159293
2025-01-01 01:02:46,245393709.37456626
2025-01-01 01:02:47,243363633.90398675
2025-01-01 01:02:48,246982721.9683357
2025-01-01 01:02:49,244981650.89901885
2025-01-01 01:02:50,245204429.13135138
2025-01-01 01:02:51,243035252.55316344
2025-01-01 01:02:52,242068365.78628644
2025-01-01 01:02:53,243794912.84425876
2025-01-01 01:02:54,244599749.8703164
2025-01-01 01:02:55,245186496.73503387
2025-01-01 01:02:56,242464138.27227026
2025-01-01 01:02:57,243908645.65902576
2025-01-01 01:02:58,243024896.87994695
2025-01-01 01:02:59,245262560.32195035
2025-01-01 01:03:00,244613431.94044366
2025-01-01 01:03:01,242049282.40672234
2025-01-01 01:03:02,244011517.33133247
2025-01-01 01:03:03,240090828.36020935
2025-01-01 01:03:04,242352435.34839174
2025-01-01 01:03:05,245721898.53327927
2025-01-01 01:03:06,247384075.48759642
2025-01-01 01:03:07,243807655.2023722
2025-01-01 01:03:08,246506015.31322992
2025-01-01 01:03:09,246676723.81429294
2025-01-01 01:03:10,245934907.0422877
2025-01-01 01:03:11,249678904.44713703
2025-01-01 01:03:12,250731216.24343547
2025-01-01 01:03:13,244480067.0896866
2025-01-01 01:03:14,248514218.95534804
2025-01-01 01:03:15,246505510.3497234
2025-01-01 01:03:16,245906657.2152733
2025-01-01 01:03:17,246899725.72566968
2025-01-01 01:03:18,243661315.86647135
2025-01-01 01:03:19,246281843.65837568
2025-01-01 01:03:20,245888857.05402753
2025-01-01 01:03:21,243993944.83913603
2025-01-01 01:03:22,244749625.9649406
2025-01-01 01:03:23,239149914.17858073
2025-01-01 01:03:24,241512487.4973635
2025-01-01 01:03:25,244199989.6186444
2025-01-01 01:03:26,245922191.59335217
2025-01-01 01:03:27,245548181.38426617
2025-01-01 01:03:28,242423268.91710946
2025-01-01 01:03:29,239415718.65715286
2025-01-01 01:03:30,239219115.11888355
2025-01-01 01:03:31,241997934.49705613
2025-01-01 01:03:32,243084293.0969202
2025-01-01 01:03:33,241523672.07811403
2025-01-01 01:03:34,243045844.7687488
2025-01-01 01:03:35,244516323.34296846
2025-01-01 01:03:36,242023701.82145387
2025-01-01 01:03:37,243583496.04066098
2025-01-01 01:03:38,244874371.14979547
2025-01-01 01:03:39,239242652.84841567
2025-01-01 01:03:40,239162521.54078665
2025-01-01 01:03:41,244036142.001617
2025-01-01 01:03:42,245449749.28719968
2025-01-01 01:03:43,246791161.94909966
2025-01-01 01:03:44,244435252.33619493
2025-01-01 01:03:45,249879643.10608914
2025-01-01 01:03:46,247264665.70460162
2025-01-01 01:03:47,245882425.4312085
2025-01-01 01:03:48,245786138.9439886
2025-01-01 01:03:49,249255436.86782658
2025-01-01 01:03:50,248485343.12865558
2025-01-01 01:03:51,248105367.78191453
2025-01-01 01:03:52,253027806.88344136
2025-01-01 01:03:53,249432438.84574077
2025-01-01 01:03:54,243849355.25051787
2025-01-01 01:03:55,247315628.47605073
2025-01-01 01:03:56,249830256.46958232
2025-01-01 01:03:57,245454441.46802765
2025-01-01 01:03:58,244594553.37471628
2025-01-01 01:03:59,245160906.22314277
2025-01-01 01:04:00,244944186.45034966
2025-01-01 01:04:01,242220935.93729278
2025-01-01 01:04:02,243403678.43702096
2025-01-01 01:04:03,243839868.32853132
2025-01-01 01:04:04,238389294.4751751
2025-01-01 01:04:05,242842317.7175937
2025-01-01 01:04:06,247357727.19418037
2025-01-01 01:04:07,246591620.03971323
2025-01-01 01:04:08,245267082.1142574
2025-01-01 01:04:09,246927348.0180127
2025-01-01 01:04:10,246304504.8303611
2025-01-01 01:04:11,246513456.1902887
2025-01-01 01:04:12,244899751.62555403
2025-01-01 01:04:13,243940384.02319348
2025-01-01 01:04:14,244738693.7372339
2025-01-01 01:04:15,243926021.09063137
2025-01-01 01:04:16,246493642.630302
2025-01-01 01:04:17,249483745.5941124
2025-01-01 01:04:18,245799051.62125215
2025-01-01 01:04:19,248895597.60442716
2025-01-01 01:04:20,245686472.78932166
2025-01-01 01:04:21,248259965.34972364
2025-01-01 01:04:22,250567901.0361664
2025-01-01 01:04:23,248535501.95868865
2025-01-01 01:04:24,242154314.2412247
2025-01-01 01:04:25,238893507.90343177
2025-01-01 01:04:26,240197997.77349544
2025-01-01 01:04:27,237940515.84263253
2025-01-01 01:04:28,241608723.70019114
2025-01-01 01:04:29,240734252.26892233
2025-01-01 01:04:30,241427081.4356787
2025-01-01 01:04:31,240521993.16041332
2025-01-01 01:04:32,241932535.9886361
2025-01-01 01:04:33,249416397.33674312
2025-01-01 01:04:34,245396517.59433308
2025-01-01 01:04:35,241784263.3954442
2025-01-01 01:04:36,239365828.94817367
2025-01-01 01:04:37,245654242.3936471
2025-01-01 01:04:38,250504843.73026392
2025-01-01 01:04:39,246834678.0896727
2025-01-01 01:04:40,245046509.1663691
2025-01-01 01:04:41,248526859.33974043
2025-01-01 01:04:42,253049159.2563676
2025-01-01 01:04:43,249238496.19147223
2025-01-01 01:04:44,248697696.09388095
2025-01-01 01:04:45,249252447.77949592
2025-01-01 01:04:46,252178540.21750736
2025-01-01 01:04:47,256993728.37995633
2025-01-01 01:04:48,255632414.57713228
2025-01-01 01:04:49,254597657.11708677
2025-01-01 01:04:50,253202727.42994165
2025-01-01 01:04:51,252649160.88670906
2025-01-01 01:04:52,251442451.4711045
2025-01-01 01:04:53,251026608.71034914
2025-01-01 01:04:54,247595850.59429175
2025-01-01 01:04:55,244452391.63097903
2025-01-01 01:04:56,243498954.69540933
2025-01-01 01:04:57,244704979.49358195
2025-01-01 01:04:58,244138542.50268832
2025-01-01 01:04:59,243615537.95088276
2025-01-01 01:05:00,243950555.73556602
2025-01-01 01:05:01,242559462.6111788
2025-01-01 01:05:02,243691056.71748456
2025-01-01 01:05:03,244929836.96874762
2025-01-01 01:05:04,244806996.23346117
2025-01-01 01:05:05,247188810.74178624
2025-01-01 01:05:06,243647460.38149405
2025-01-01 01:05:07,243702247.2703029
2025-01-01 01:05:08,243015591.10163906
2025-01-01 01:05:09,242175706.1215194
2025-01-01 01:05:10,241663278.35124865
2025-01-01 01:05:11,241992226.39669734
2025-01-01 01:05:12,241859156.64240748
2025-01-01 01:05:13,240743074.86687848
2025-01-01 01:05:14,245460873.467443
2025-01-01 01:05:15,240631327.41211483
2025-01-01 01:05:16,242030837.3139951
2025-01-01 01:05:17,242995724.6792883
2025-01-01 01:05:18,242284108.3974945
2025-01-01 01:05:19,245807945.8131224
2025-01-01 01:05:20,245779295.96240392
2025-01-01 01:05:21,246782802.69609058
2025-01-01 01:05:22,248419473.82586294
2025-01-01 01:05:23,246298529.0998531
2025-01-01 01:05:24,246774951.9748677
2025-01-01 01:05:25,249464273.95586216
2025-01-01 01:05:26,250412222.62754762
2025-01-01 01:05:27,245851837.34543172
2025-01-01 01:05:28,246463772.52912045
2025-01-01 01:05:29,250899083.33213317
2025-01-01 01:05:30,248957693.8647342
2025-01-01 01:05:31,250961544.27339116
2025-01-01 01:05:32,245184997.2910886
2025-01-01 01:05:33,241597184.3935531
2025-01-01 01:05:34,244198443.4733713
2025-01-01 01:05:35,247660302.8809286
2025-01-01 01:05:36,247495331.9466249
2025-01-01 01:05:37,249164710.054828
2025-01-01 01:05:38,251070603.40908355
2025-01-01 01:05:39,251186111.54695645
2025-01-01 01:05:40,248777523.17165506
2025-01-01 01:05:41,251007495.12825313
2025-01-01 01:05:42,251480414.9892034
2025-01-01 01:05:43,248051317.63113603
2025-01-01 01:05:44,246882652.35207382
2025-01-01 01:05:45,246102064.56554714
2025-01-01 01:05:46,247247560.66328883
2025-01-01 01:05:47,247906428.38381246
2025-01-01 01:05:48,247013545.99180377
2025-01-01 01:05:49,247572916.1694626
2025-01-01 01:05:50,247352893.58364752
2025-01-01 01:05:51,243035044.10327786
2025-01-01 01:05:52,247918062.8041604
2025-01-01 01:05:53,245841686.34214348
2025-01-01 01:05:54,246341855.43931016
2025-01-01 01:05:55,243105986.17316556
2025-01-01 01:05:56,245345300.35096213
2025-01-01 01:05:57,241532834.2105122
2025-01-01 01:05:58,245720962.1907723
2025-01-01 01:05:59,249552773.62361175
2025-01-01 01:06:00,247909350.90042785
2025-01-01 01:06:01,247784374.49318698
2025-01-01 01:06:02,248669768.72550005
2025-01-01 01:06:03,247919935.48934805
2025-01-01 01:06:04,245072271.68394274
2025-01-01 01:06:05,243914173.2122298
2025-01-01 01:06:06,240054352.85549358
2025-01-01 01:06:07,240719247.78359517
2025-01-01 01:06:08,241684773.66631487
2025-01-01 01:06:09,241885643.58597523
2025-01-01 01:06:10,237403491.56470165
2025-01-01 01:06:11,240833009.09586158
2025-01-01 01:06:12,247301439.6105309
2025-01-01 01:06:13,244866885.19497785
2025-01-01 01:06:14,237999395.494905
2025-01-01 01:06:15,239558123.6030248
2025-01-01 01:06:16,242286281.73076048
2025-01-01 01:06:17,244437493.128441
2025-01-01 01:06:18,246430273.0343943
2025-01-01 01:06:19,242038680.0212018
2025-01-01 01:06:20,242290555.46719337
2025-01-01 01:06:21,241869611.92633408
2025-01-01 01:06:22,241349700.27279088
2025-01-01 01:06:23,246578272.54208314
2025-01-01 01:06:24,243503645.8124123
2025-01-01 01:06:25,241314578.02874774
2025-01-01 01:06:26,245196596.1370106
2025-01-01 01:06:27,244673404.2010603
2025-01-01 01:06:28,243886382.4398377
2025-01-01 01:06:29,244855036.80606234
2025-01-01 01:06:30,241901297.77254334
2025-01-01 01:06:31,243001759.78627613
2025-01-01 01:06:32,241756168.56629676
2025-01-01 01:06:33,243503019.8813538
2025-01-01 01:06:34,241380160.16319215
2025-01-01 01:06:35,240696028.6822632
2025-01-01 01:06:36,240656398.43222106
2025-01-01 01:06:37,243412274.7169222
2025-01-01 01:06:38,242323262.80450162
2025-01-01 01:06:39,244672205.7866191
2025-01-01 01:06:40,241056563.97495112
2025-01-01 01:06:41,237852567.47789752
2025-01-01 01:06:42,238261284.49103454
2025-01-01 01:06:43,244210436.70743164
2025-01-01 01:06:44,243117489.34762272
2025-01-01 01:06:45,245965446.965688
2025-01-01 01:06:46,249494535.34396163
2025-01-01 01:06:47,251964191.0278233
2025-01-01 01:06:48,249238936.86246264
2025-01-01 01:06:49,247721395.63400286
2025-01-01 01:06:50,249993742.49000993
2025-01-01 01:06:51,251317013.65262324
2025-01-01 01:06:52,252660874.4715104
2025-01-01 01:06:53,247749790.59925225
2025-01-01 01:06:54,246583400.18554735
2025-01-01 01:06:55,245680167.49570507
2025-01-01 01:06:56,244526343.7883059
2025-01-01 01:06:57,245399725.92839694
2025-01-01 01:06:58,243662544.8096629
2025-01-01 01:06:59,248008874.16052955
2025-01-01 01:07:00,242019550.70805344
2025-01-01 01:07:01,246722544.5125878
2025-01-01 01:07:02,245003577.77583212
2025-01-01 01:07:03,246221301.00840968
2025-01-01 01:07:04,246338969.85559386
2025-01-01 01:07:05,247250049.8505242
2025-01-01 01:07:06,243280743.7324236
2025-01-01 01:07:07,245533275.74873492
2025-01-01 01:07:08,248278163.05666146
2025-01-01 01:07:09,243431799.21765295
2025-01-01 01:07:10,244295324.18244344
2025-01-01 01:07:11,243155384.06464565
2025-01-01 01:07:12,244567166.08347234
2025-01-01 01:07:13,244236211.60291442
2025-01-01 01:07:14,240298252.18582118
2025-01-01 01:07:15,239541727.90757093
2025-01-01 01:07:16,237859635.90214124
2025-01-01 01:07:17,241133286.0181492
2025-01-01 01:07:18,249149640.00940928
2025-01-01 01:07:19,250939469.6228219
2025-01-01 01:07:20,250078494.51025867
2025-01-01 01:07:21,249647622.09116817
2025-01-01 01:07:22,250772118.92874584
2025-01-01 01:07:23,254475675.46368554
2025-01-01 01:07:24,251394060.55140534
2025-01-01 01:07:25,246046327.143752
2025-01-01 01:07:26,244631477.0840572
2025-01-01 01:07:27,243337956.40477273
2025-01-01 01:07:28,248355169.66683736
2025-01-01 01:07:29,252541325.3697543
2025-01-01 01:07:30,244158315.14326602
2025-01-01 01:07:31,244886410.8672069
2025-01-01 01:07:32,244360779.2466446
2025-01-01 01:07:33,247145705.79983503
2025-01-01 01:07:34,248710992.37510133
2025-01-01 01:07:35,249211599.844828
2025-01-01 01:07:36,250109775.75979725
2025-01-01 01:07:37,249585193.67137343
2025-01-01 01:07:38,247227162.51741984
2025-01-01 01:07:39,247065034.18085685
2025-01-01 01:07:40,244452527.13498667
2025-01-01 01:07:41,250124500.083728
2025-01-01 01:07:42,246315743.12873182
2025-01-01 01:07:43,239643199.25048402
2025-01-01 01:07:44,243365818.21390337
2025-01-01 01:07:45,242074353.61948138
2025-01-01 01:07:46,246492763.1090295
2025-01-01 01:07:47,248057753.44674203
2025-01-01 01:07:48,247967541.51879668
2025-01-01 01:07:49,247182261.43267658
2025-01-01 01:07:50,247271224.3720953
2025-01-01 01:07:51,249763397.92544422
2025-01-01 01:07:52,249354136.0590989
2025-01-01 01:07:53,248099804.54868674
2025-01-01 01:07:54,251917511.06268838
2025-01-01 01:07:55,253098246.7448548
2025-01-01 01:07:56,255773573.4183316
2025-01-01 01:07:57,252487598.87476718
2025-01-01 01:07:58,248941776.43855345
2025-01-01 01:07:59,248825997.93452573
2025-01-01 01:08:00,252810294.61291838
2025-01-01 01:08:01,251789147.42624784
2025-01-01 01:08:02,249981497.42983606
2025-01-01 01:08:03,248032391.40140885
2025-01-01 01:08:04,252382425.12268516
2025-01-01 01:08:05,253775472.68203306
2025-01-01 01:08:06,253808289.80322167
2025-01-01 01:08:07,249829479.73579666
2025-01-01 01:08:08,253442828.21788236
2025-01-01 01:08:09,253023984.6725117
2025-01-01 01:08:10,247077578.2623514
2025-01-01 01:08:11,248361057.8099033
2025-01-01 01:08:12,253070786.7986921
2025-01-01 01:08:13,250047765.14638525
2025-01-01 01:08:14,246343373.4390137
2025-01-01 01:08:15,243387058.20634004
2025-01-01 01:08:16,242336515.76732245
2025-01-01 01:08:17,244089164.50870037
2025-01-01 01:08:18,245012414.98026502
2025-01-01 01:08:19,241271878.0739633
2025-01-01 01:08:20,242183192.4581047
2025-01-01 01:08:21,246178041.92130643
2025-01-01 01:08:22,250816148.16142154
2025-01-01 01:08:23,246776543.32061774
2025-01-01 01:08:24,250158239.68041605
2025-01-01 01:08:25,245467189.28485006
2025-01-01 01:08:26,242708878.5000742
2025-01-01 01:08:27,244489596.96992552
2025-01-01 01:08:28,248949128.09546623
2025-01-01 01:08:29,246907536.06375802
2025-01-01 01:08:30,248258793.09725225
2025-01-01 01:08:31,247964373.0881944
2025-01-01 01:08:32,247629003.36864185
2025-01-01 01:08:33,243184156.7724232
2025-01-01 01:08:34,248460912.71178737
2025-01-01 01:08:35,247906231.78152874
2025-01-01 01:08:36,246551005.10125068
2025-01-01 01:08:37,244116893.47906578
2025-01-01 01:08:38,243714404.70667493
2025-01-01 01:08:39,245388413.99780086
2025-01-01 01:08:40,238846011.08307287
2025-01-01 01:08:41,245453337.79232714
2025-01-01 01:08:42,248965134.026711
2025-01-01 01:08:43,250154873.1586672
2025-01-01 01:08:44,245813612.48568374
2025-01-01 01:08:45,246135585.23881784
2025-01-01 01:08:46,242645469.14843687
2025-01-01 01:08:47,246833414.68974414
2025-01-01 01:08:48,246034134.98508963
2025-01-01 01:08:49,247544952.81970868
2025-01-01 01:08:50,243926880.10821894
2025-01-01 01:08:51,241578197.07101315
2025-01-01 01:08:52,238919353.79971528
2025-01-01 01:08:53,240360181.01951322
2025-01-01 01:08:54,236709646.1656256
2025-01-01 01:08:55,235910748.18157175
2025-01-01 01:08:56,241771093.45320606
2025-01-01 01:08:57,245056945.58034793
2025-01-01 01:08:58,244314481.31136677
2025-01-01 01:08:59,237452247.15057886
2025-01-01 01:09:00,237128617.03891122
2025-01-01 01:09:01,239735403.86571223
2025-01-01 01:09:02,239915910.09581771
2025-01-01 01:09:03,237544721.79278037
2025-01-01 01:09:04,235769958.28097734
2025-01-01 01:09:05,240714794.77059528
2025-01-01 01:09:06,241687805.7283011
2025-01-01 01:09:07,243098931.7331414
2025-01-01 01:09:08,238745370.22901496
2025-01-01 01:09:09,240379418.5148945
2025-01-01 01:09:10,237264018.40252584
2025-01-01 01:09:11,241971069.95482773
2025-01-01 01:09:12,246431716.89532572
2025-01-01 01:09:13,244442956.51567063
2025-01-01 01:09:14,248145394.79726046
2025-01-01 01:09:15,245042459.60927802
2025-01-01 01:09:16,247001177.8782682
2025-01-01 01:09:17,246553062.53493562
2025-01-01 01:09:18,249117998.39392826
2025-01-01 01:09:19,246695257.05763134
2025-01-01 01:09:20,250512437.72375527
2025-01-01 01:09:21,247367449.6125941
2025-01-01 01:09:22,247934683.13503036
2025-01-01 01:09:23,245205181.51836497
2025-01-01 01:09:24,243894721.61823505
2025-01-01 01:09:25,245689661.8134415
2025-01-01 01:09:26,243767361.9171019
2025-01-01 01:09:27,247784443.79180384
2025-01-01 01:09:28,244422244.9141962
2025-01-01 01:09:29,243462619.95807254
2025-01-01 01:09:30,245727298.3332814
2025-01-01 01:09:31,243834688.00755963
2025-01-01 01:09:32,240778331.93672448
2025-01-01 01:09:33,243161706.40123892
2025-01-01 01:09:34,241444377.89535004
2025-01-01 01:09:35,242362381.80817416
2025-01-01 01:09:36,238151073.69009003
2025-01-01 01:09:37,236648521.4157783
2025-01-01 01:09:38,240308127.4225706
2025-01-01 01:09:39,240805435.38387793
2025-01-01 01:09:40,240487594.74515736
2025-01-01 01:09:41,244445600.82234603
2025-01-01 01:09:42,241177298.2872226
2025-01-01 01:09:43,239901922.15887782
2025-01-01 01:09:44,243872845.58186638
2025-01-01 01:09:45,237204182.03106692
2025-01-01 01:09:46,243156248.6548628
2025-01-01 01:09:47,244452088.3217965
2025-01-01 01:09:48,242670687.7410379
2025-01-01 01:09:49,243999854.1463101
2025-01-01 01:09:50,241541088.0756963
2025-01-01 01:09:51,242582787.03344512
2025-01-01 01:09:52,243685675.3656457
2025-01-01 01:09:53,241481439.02104947
2025-01-01 01:09:54,242389139.68431917
2025-01-01 01:09:55,242488572.93970105
2025-01-01 01:09:56,243857865.60457838
2025-01-01 01:09:57,247165747.11431077
2025-01-01 01:09:58,244831548.32248783
2025-01-01 01:09:59,245037544.23261762
2025-01-01 01:10:00,241604788.15657008
2025-01-01 01:10:01,244939369.37344098
2025-01-01 01:10:02,239988731.9830077
2025-01-01 01:10:03,240949251.6607279
2025-01-01 01:10:04,246227623.89542457
2025-01-01 01:10:05,244593628.4689442
2025-01-01 01:10:06,242838968.92509437
2025-01-01 01:10:07,238305910.14922538
2025-01-01 01:10:08,243992453.86103576
2025-01-01 01:10:09,246093694.97425634
2025-01-01 01:10:10,247982789.18774122
2025-01-01 01:10:11,243313640.38669655
2025-01-01 01:10:12,240532836.21712035
2025-01-01 01:10:13,241614068.02263355
2025-01-01 01:10:14,246149320.28051224
2025-01-01 01:10:15,244640724.71201506
2025-01-01 01:10:16,242833340.5681169
2025-01-01 01:10:17,240418566.47865734
2025-01-01 01:10:18,238534716.497692
2025-01-01 01:10:19,244789999.41040912
2025-01-01 01:10:20,243455899.57964966
2025-01-01 01:10:21,248353168.7643672
2025-01-01 01:10:22,246715678.3770988
2025-01-01 01:10:23,241504772.27213195
2025-01-01 01:10:24,241386542.28843734
2025-01-01 01:10:25,243651801.36084655
2025-01-01 01:10:26,244711991.3198003
2025-01-01 01:10:27,246621602.78982174
2025-01-01 01:10:28,243521960.41897878
2025-01-01 01:10:29,246200605.6679884
2025-01-01 01:10:30,245511714.24641597
2025-01-01 01:10:31,246250464.537331
2025-01-01 01:10:32,245610168.16547543
2025-01-01 01:10:33,245097928.0957772
2025-01-01 01:10:34,239246206.3144767
2025-01-01 01:10:35,250383679.4741974
2025-01-01 01:10:36,248645296.7016121
2025-01-01 01:10:37,253364860.97648686
2025-01-01 01:10:38,252442721.6016593
2025-01-01 01:10:39,248347279.83573613
2025-01-01 01:10:40,248147322.33428913
2025-01-01 01:10:41,247772377.72741228
2025-01-01 01:10:42,251025071.09398812
2025-01-01 01:10:43,251361813.44075158
2025-01-01 01:10:44,249877808.19156978
2025-01-01 01:10:45,248060169.70576093
2025-01-01 01:10:46,244145894.97159067
2025-01-01 01:10:47,242287309.0301873
2025-01-01 01:10:48,250577888.36119017
2025-01-01 01:10:49,248952272.75287563
2025-01-01 01:10:50,245832683.12372822
2025-01-01 01:10:51,242655106.22693092
2025-01-01 01:10:52,242139697.53888613
2025-01-01 01:10:53,244091471.8232689
2025-01-01 01:10:54,245176568.60938132
2025-01-01 01:10:55,245999777.27324495
2025-01-01 01:10:56,245457960.68694562
2025-01-01 01:10:57,243608859.73381847
2025-01-01 01:10:58,245146915.59346738
2025-01-01 01:10:59,240710861.13051388
2025-01-01 01:11:00,244028072.98453626
2025-01-01 01:11:01,244420635.84037715
2025-01-01 01:11:02,243794079.2725467
2025-01-01 01:11:03,247072884.62494853
2025-01-01 01:11:04,245485805.91444442
2025-01-01 01:11:05,246653555.79222342
2025-01-01 01:11:06,242724990.86385778
2025-01-01 01:11:07,244086532.46564883
2025-01-01 01:11:08,245268432.6403769
2025-01-01 01:11:09,245647437.8005123
2025-01-01 01:11:10,243194345.00746137
2025-01-01 01:11:11,239436422.0813286
2025-01-01 01:11:12,241061660.57146037
2025-01-01 01:11:13,242703062.34957844
2025-01-01 01:11:14,241699818.78588986
2025-01-01 01:11:15,246328083.34017044
2025-01-01 01:11:16,249638673.376332
2025-01-01 01:11:17,249763024.62334207
2025-01-01 01:11:18,247550238.45192137
2025-01-01 01:11:19,247016445.59352916
2025-01-01 01:11:20,252510245.79820934
2025-01-01 01:11:21,246398267.82463115
2025-01-01 01:11:22,246253768.72221842
2025-01-01 01:11:23,245889021.3224904
2025-01-01 01:11:24,248503848.42412314
2025-01-01 01:11:25,244869130.92795476
2025-01-01 01:11:26,245988177.66979936
2025-01-01 01:11:27,244863749.5838857
2025-01-01 01:11:28,243917603.19033802
2025-01-01 01:11:29,243534424.27305344
2025-01-01 01:11:30,240203520.35484758
2025-01-01 01:11:31,241720341.57772124
2025-01-01 01:11:32,242969009.08615682
2025-01-01 01:11:33,244738345.63210493
2025-01-01 01:11:34,241336860.55314866
2025-01-01 01:11:35,245474263.82136837
2025-01-01 01:11:36,251576057.5453578
2025-01-01 01:11:37,253053664.36684746
2025-01-01 01:11:38,253613858.10509726
2025-01-01 01:11:39,251756197.7276646
2025-01-01 01:11:40,251055035.6072281
2025-01-01 01:11:41,253461136.12530825
2025-01-01 01:11:42,254211531.88946846
2025-01-01 01:11:43,254266213.9004624
2025-01-01 01:11:44,252669764.87072498
2025-01-01 01:11:45,248481864.9333838
2025-01-01 01:11:46,256168555.0735574
2025-01-01 01:11:47,258749737.70770156
2025-01-01 01:11:48,253275583.94720563
2025-01-01 01:11:49,248575636.28279603
2025-01-01 01:11:50,249688009.95078164
2025-01-01 01:11:51,256887906.95738044
2025-01-01 01:11:52,254122467.9594825
2025-01-01 01:11:53,253461368.89563423
2025-01-01 01:11:54,255445116.2317164
2025-01-01 01:11:55,249055804.87684074
2025-01-01 01:11:56,253996654.92663825
2025-01-01 01:11:57,247956264.6643917
2025-01-01 01:11:58,248944985.95657295
2025-01-01 01:11:59,250759569.348651
2025-01-01 01:12:00,244437263.78813154
2025-01-01 01:12:01,245501023.557812
2025-01-01 01:12:02,247289463.2394218
2025-01-01 01:12:03,247183336.78440467
2025-01-01 01:12:04,248463998.46864915
2025-01-01 01:12:05,244576200.46741885
2025-01-01 01:12:06,241584345.93060702
2025-01-01 01:12:07,241722565.49474788
2025-01-01 01:12:08,243243157.12626502
2025-01-01 01:12:09,243552913.7201129
2025-01-01 01:12:10,248040258.51993993
2025-01-01 01:12:11,244052894.7135699
2025-01-01 01:12:12,246229731.6723625
2025-01-01 01:12:13,246358519.01595107
2025-01-01 01:12:14,240878437.46019462
2025-01-01 01:12:15,239194790.2905831
2025-01-01 01:12:16,246276791.00293154
2025-01-01 01:12:17,248341676.37256998
2025-01-01 01:12:18,248052814.72896603
2025-01-01 01:12:19,245568376.3003608
2025-01-01 01:12:20,247608634.52261764
2025-01-01 01:12:21,247340266.0159818
2025-01-01 01:12:22,249799894.45936462
2025-01-01 01:12:23,246557596.33556408
2025-01-01 01:12:24,247091127.12281057
2025-01-01 01:12:25,246689753.42792782
2025-01-01 01:12:26,247658012.99517715
2025-01-01 01:12:27,252952117.7620718
2025-01-01 01:12:28,246080076.14464805
2025-01-01 01:12:29,247713128.00554004
2025-01-01 01:12:30,244770099.45774263
2025-01-01 01:12:31,247056509.91412586
2025-01-01 01:12:32,251841076.28738546
2025-01-01 01:12:33,249777328.43578178
2025-01-01 01:12:34,248725506.57904777
2025-01-01 01:12:35,251207179.05592847
2025-01-01 01:12:36,251407397.83066693
2025-01-01 01:12:37,249145234.3609062
2025-01-01 01:12:38,246163237.85851
2025-01-01 01:12:39,245806128.51617572
2025-01-01 01:12:40,248891422.46192476
2025-01-01 01:12:41,249825069.189882
2025-01-01 01:12:42,249708651.36651355
2025-01-01 01:12:43,248035147.20164275
2025-01-01 01:12:44,246222704.664523
2025-01-01 01:12:45,243035590.3865593
2025-01-01 01:12:46,248238022.02911064
2025-01-01 01:12:47,246238958.10173145
2025-01-01 01:12:48,250776392.41790712
2025-01-01 01:12:49,254548086.50440463
2025-01-01 01:12:50,252678200.67497087
2025-01-01 01:12:51,252371273.42074654
2025-01-01 01:12:52,251706108.67562574
2025-01-01 01:12:53,250313807.12959707
2025-01-01 01:12:54,246230130.17811263
2025-01-01 01:12:55,249161507.34438634
2025-01-01 01:12:56,247224519.02590182
2025-01-01 01:12:57,247536596.98531282
2025-01-01 01:12:58,243517813.58696917
2025-01-01 01:12:59,245322502.78376886
2025-01-01 01:13:00,245093730.4426934
2025-01-01 01:13:01,248081617.61541396
2025-01-01 01:13:02,242848722.42180428
2025-01-01 01:13:03,246537357.38632894
2025-01-01 01:13:04,243159959.81047854
2025-01-01 01:13:05,246390650.36679402
2025-01-01 01:13:06,243588652.73824814
2025-01-01 01:13:07,245707609.53946593
2025-01-01 01:13:08,246421475.7168975
2025-01-01 01:13:09,242381192.22279873
2025-01-01 01:13:10,246368182.00903508
2025-01-01 01:13:11,243598074.5593424
2025-01-01 01:13:12,242805275.36647332
2025-01-01 01:13:13,245649147.2583739
2025-01-01 01:13:14,248203458.77314684
2025-01-01 01:13:15,250572288.47540227
2025-01-01 01:13:16,251144798.85067886
2025-01-01 01:13:17,249007759.80888012
2025-01-01 01:13:18,246708050.74529654
2025-01-01 01:13:19,249254914.06919265
2025-01-01 01:13:20,247510949.3497448
2025-01-01 01:13:21,246033390.60068902
2025-01-01 01:13:22,244164948.8663379
2025-01-01 01:13:23,246466661.62442398
2025-01-01 01:13:24,245243140.7633785
2025-01-01 01:13:25,247096884.45113897
2025-01-01 01:13:26,248863664.39588165
2025-01-01 01:13:27,249713564.81027034
2025-01-01 01:13:28,248008920.29635543
2025-01-01 01:13:29,252390886.41406125
2025-01-01 01:13:30,248123817.68736577
2025-01-01 01:13:31,246095434.64779562
2025-01-01 01:13:32,246310527.2640014
2025-01-01 01:13:33,246342863.6917979
2025-01-01 01:13:34,245992139.5518677
2025-01-01 01:13:35,242596989.80299163
2025-01-01 01:13:36,242813038.5124223
2025-01-01 01:13:37,243344620.77529952
2025-01-01 01:13:38,251265131.25205746
2025-01-01 01:13:39,249445551.80129647
2025-01-01 01:13:40,248109001.20158386
2025-01-01 01:13:41,247784874.36026716
2025-01-01 01:13:42,246740975.20230952
2025-01-01 01:13:43,238911207.48701996
2025-01-01 01:13:44,237928542.66823906
2025-01-01 01:13:45,242902059.80446172
2025-01-01 01:13:46,248712931.20988774
2025-01-01 01:13:47,251157856.44324932
2025-01-01 01:13:48,244559313.523986
2025-01-01 01:13:49,251792325.68909445
2025-01-01 01:13:50,251337612.11872205
2025-01-01 01:13:51,250692208.8286983
2025-01-01 01:13:52,249786127.76384944
2025-01-01 01:13:53,249887333.07786605
2025-01-01 01:13:54,247130046.42150643
2025-01-01 01:13:55,248926598.9170017
2025-01-01 01:13:56,249837957.24170795
2025-01-01 01:13:57,244333424.27497065
2025-01-01 01:13:58,241689580.89476472
2025-01-01 01:13:59,246492815.82254025
2025-01-01 01:14:00,244121029.055128
2025-01-01 01:14:01,251930963.9850353
2025-01-01 01:14:02,247015338.08903334
2025-01-01 01:14:03,243000135.87130708
2025-01-01 01:14:04,243749555.72815362
2025-01-01 01:14:05,240365233.17090905
2025-01-01 01:14:06,243811119.3126588
2025-01-01 01:14:07,246032972.04473257
2025-01-01 01:14:08,241464410.7052036
2025-01-01 01:14:09,246161913.30408856
2025-01-01 01:14:10,245062460.53744054
2025-01-01 01:14:11,245107495.82756126
2025-01-01 01:14:12,244657595.0347733
2025-01-01 01:14:13,243299242.2983116
2025-01-01 01:14:14,244657579.96293268
2025-01-01 01:14:15,243197625.0440439
2025-01-01 01:14:16,246841615.41763568
2025-01-01 01:14:17,239454703.9533636
2025-01-01 01:14:18,243137962.84941328
2025-01-01 01:14:19,239368973.6495353
2025-01-01 01:14:20,239234457.51131475
2025-01-01 01:14:21,242253818.906991
2025-01-01 01:14:22,246334039.5705718
2025-01-01 01:14:23,250375809.9173174
2025-01-01 01:14:24,248608591.6466891
2025-01-01 01:14:25,249058173.18961272
2025-01-01 01:14:26,250240627.33914343
2025-01-01 01:14:27,248115063.34105253
2025-01-01 01:14:28,248122506.1019486
2025-01-01 01:14:29,242048029.57032827
2025-01-01 01:14:30,243849643.82057297
2025-01-01 01:14:31,246407705.9031688
2025-01-01 01:14:32,247836456.10165423
2025-01-01 01:14:33,253905928.83052886
2025-01-01 01:14:34,253131960.84866923
2025-01-01 01:14:35,248982575.054486
2025-01-01 01:14:36,244210359.59472647
2025-01-01 01:14:37,247668256.1163716
2025-01-01 01:14:38,245829379.02932373
2025-01-01 01:14:39,250457410.40251413
2025-01-01 01:14:40,247061745.6773607
2025-01-01 01:14:41,243508745.53082395
2025-01-01 01:14:42,251924099.28860343
2025-01-01 01:14:43,250291267.45160466
2025-01-01 01:14:44,246742219.47235584
2025-01-01 01:14:45,247920408.77093405
2025-01-01 01:14:46,246472951.8302329
2025-01-01 01:14:47,254995942.27271336
2025-01-01 01:14:48,250699436.0915469
2025-01-01 01:14:49,250588754.15925378
2025-01-01 01:14:50,249991716.32074285
2025-01-01 01:14:51,248828849.89516425
2025-01-01 01:14:52,248208827.7867688
2025-01-01 01:14:53,253123019.1667355
2025-01-01 01:14:54,247701766.40154842
2025-01-01 01:14:55,245953959.71163
2025-01-01 01:14:56,246937205.41691074
2025-01-01 01:14:57,245241409.4356436
2025-01-01 01:14:58,250340208.63198203
2025-01-01 01:14:59,249789197.86943334
2025-01-01 01:15:00,249402422.51232213
2025-01-01 01:15:01,248248804.4040383
2025-01-01 01:15:02,249226337.37187517
2025-01-01 01:15:03,251067008.50985
2025-01-01 01:15:04,247086642.6634593
2025-01-01 01:15:05,246783269.0431196
2025-01-01 01:15:06,248457788.48030204
2025-01-01 01:15:07,246335540.50214025
2025-01-01 01:15:08,247524294.5293603
2025-01-01 01:15:09,245849202.9416484
2025-01-01 01:15:10,252769303.4479271
2025-01-01 01:15:11,251664256.6109449
2025-01-01 01:15:12,253221399.12220427
2025-01-01 01:15:13,249544109.7182793
2025-01-01 01:15:14,250981096.43065345
2025-01-01 01:15:15,249251168.53682902
2025-01-01 01:15:16,253054387.9444258
2025-01-01 01:15:17,253923549.7244008
2025-01-01 01:15:18,256694696.634303
2025-01-01 01:15:19,252116140.83858967
2025-01-01 01:15:20,257834493.09590286
2025-01-01 01:15:21,257098642.17912036
2025-01-01 01:15:22,258837547.37212622
2025-01-01 01:15:23,257293358.06400195
2025-01-01 01:15:24,257982993.72771636
2025-01-01 01:15:25,256798323.32945535
2025-01-01 01:15:26,255069583.20377818
2025-01-01 01:15:27,258364149.30305818
2025-01-01 01:15:28,256766448.26476422
2025-01-01 01:15:29,255469017.59851333
2025-01-01 01:15:30,253521441.08861193
2025-01-01 01:15:31,257127697.3772092
2025-01-01 01:15:32,256691260.28803748
2025-01-01 01:15:33,254152698.24143252
2025-01-01 01:15:34,254721946.60861987
2025-01-01 01:15:35,251617514.87389573
2025-01-01 01:15:36,253775436.80296004
2025-01-01 01:15:37,250039101.81723222
2025-01-01 01:15:38,252493305.87109125
2025-01-01 01:15:39,255658055.38026416
2025-01-01 01:15:40,251892000.47254598
2025-01-01 01:15:41,251047368.162569
2025-01-01 01:15:42,250342029.09347004
2025-01-01 01:15:43,254240709.347132
2025-01-01 01:15:44,255188462.9461083
2025-01-01 01:15:45,254319278.9841778
2025-01-01 01:15:46,252231786.02634743
2025-01-01 01:15:47,254175314.33948442
2025-01-01 01:15:48,253804757.33317325
2025-01-01 01:15:49,255728107.6066929
2025-01-01 01:15:50,256605052.4148095
2025-01-01 01:15:51,258128020.83985752
2025-01-01 01:15:52,253929808.6346289
2025-01-01 01:15:53,258832710.7753148
2025-01-01 01:15:54,263146093.43635583
2025-01-01 01:15:55,256715075.42352536
2025-01-01 01:15:56,253106790.44240806
2025-01-01 01:15:57,252839872.45067054
2025-01-01 01:15:58,250947667.31165874
2025-01-01 01:15:59,257389829.54643598
2025-01-01 01:16:00,253352400.77563778
2025-01-01 01:16:01,252325769.0871169
2025-01-01 01:16:02,253563163.61255905
2025-01-01 01:16:03,255030527.2240912
2025-01-01 01:16:04,249004533.60701886
2025-01-01 01:16:05,247245573.20384428
2025-01-01 01:16:06,248211320.7606617
2025-01-01 01:16:07,252924276.36559114
2025-01-01 01:16:08,249949763.34683815
2025-01-01 01:16:09,250897752.21899164
2025-01-01 01:16:10,250881524.67528743
2025-01-01 01:16:11,249683233.0244679
2025-01-01 01:16:12,246601734.76054296
2025-01-01 01:16:13,250971973.7331843
2025-01-01 01:16:14,251791926.00588432
2025-01-01 01:16:15,250288306.98290494
2025-01-01 01:16:16,250330704.11267453
2025-01-01 01:16:17,249693894.0384789
2025-01-01 01:16:18,248234333.22771508
2025-01-01 01:16:19,247663932.73190534
2025-01-01 01:16:20,245267200.7289384
2025-01-01 01:16:21,245521898.17264843
2025-01-01 01:16:22,248470352.41964203
2025-01-01 01:16:23,244995121.8476199
2025-01-01 01:16:24,246754409.53305042
2025-01-01 01:16:25,247339968.06243795
2025-01-01 01:16:26,247798066.05375144
2025-01-01 01:16:27,248747388.2287695
2025-01-01 01:16:28,244227994.31441218
2025-01-01 01:16:29,248634173.76008147
2025-01-01 01:16:30,250601788.4219682
2025-01-01 01:16:31,250571332.81670302
2025-01-01 01:16:32,246788366.5983163
2025-01-01 01:16:33,248555146.35828602
2025-01-01 01:16:34,248424064.6912931
2025-01-01 01:16:35,252808803.79379323
2025-01-01 01:16:36,253401223.21448416
2025-01-01 01:16:37,254620583.19101742
2025-01-01 01:16:38,249130471.08084628
2025-01-01 01:16:39,245629587.42296997
2025-01-01 01:16:40,249176653.19620663
2025-01-01 01:16:41,253998387.30059674
2025-01-01 01:16:42,251846301.577385
2025-01-01 01:16:43,250977126.40966165
2025-01-01 01:16:44,251511948.57784685
2025-01-01 01:16:45,246525788.91513622
2025-01-01 01:16:46,245976375.91355577
2025-01-01 01:16:47,246422846.73223457
2025-01-01 01:16:48,250800349.46793786
2025-01-01 01:16:49,247423007.8040846
2025-01-01 01:16:50,247878292.023006
2025-01-01 01:16:51,246140067.77744088
2025-01-01 01:16:52,242800705.09336564
2025-01-01 01:16:53,244788274.161574
2025-01-01 01:16:54,248232562.87558615
2025-01-01 01:16:55,248279090.31454238
2025-01-01 01:16:56,244719613.85610393
2025-01-01 01:16:57,249164010.27005848
2025-01-01 01:16:58,248421259.88440058
2025-01-01 01:16:59,251175167.3132303
2025-01-01 01:17:00,246539856.5175956
2025-01-01 01:17:01,247535265.08205596
2025-01-01 01:17:02,252639479.27822664
2025-01-01 01:17:03,249720402.7886237
2025-01-01 01:17:04,249568117.64699706
2025-01-01 01:17:05,254484026.59925613
2025-01-01 01:17:06,245006185.74639067
2025-01-01 01:17:07,242643799.79027852
2025-01-01 01:17:08,246327031.5888667
2025-01-01 01:17:09,246704225.74760595
2025-01-01 01:17:10,249956114.39336425
2025-01-01 01:17:11,245944884.70918715
2025-01-01 01:17:12,244438837.95241618
2025-01-01 01:17:13,243879706.92777252
2025-01-01 01:17:14,243202189.00313556
2025-01-01 01:17:15,243501167.76112464
2025-01-01 01:17:16,246007835.84427243
2025-01-01 01:17:17,244905671.119619
2025-01-01 01:17:18,251934147.5588035
2025-01-01 01:17:19,252685043.11805737
2025-01-01 01:17:20,248125680.95592907
2025-01-01 01:17:21,252957348.48891243
2025-01-01 01:17:22,253043392.6613414
2025-01-01 01:17:23,253904233.18212378
2025-01-01 01:17:24,250005948.70016357
2025-01-01 01:17:25,251007148.2204121
2025-01-01 01:17:26,249594475.4423008
2025-01-01 01:17:27,250855365.8468536
2025-01-01 01:17:28,250526323.61422092
2025-01-01 01:17:29,250227863.54383424
2025-01-01 01:17:30,245042668.3059304
2025-01-01 01:17:31,244412645.08789846
2025-01-01 01:17:32,249887199.11777478
2025-01-01 01:17:33,251262789.4270372
2025-01-01 01:17:34,252700254.89689487
2025-01-01 01:17:35,254497306.7965175
2025-01-01 01:17:36,253442757.01068
2025-01-01 01:17:37,252633867.6573996
2025-01-01 01:17:38,251152041.55445462
2025-01-01 01:17:39,252880067.24824935
2025-01-01 01:17:40,250399776.98723033
2025-01-01 01:17:41,248901068.53929502
2025-01-01 01:17:42,242768804.31244716
2025-01-01 01:17:43,249552059.12935072
2025-01-01 01:17:44,252996208.7407248
2025-01-01 01:17:45,249967751.77466407
2025-01-01 01:17:46,249442724.85795954
2025-01-01 01:17:47,250053355.53977603
2025-01-01 01:17:48,250625829.47112152
2025-01-01 01:17:49,251504024.5223763
2025-01-01 01:17:50,244268212.92379826
2025-01-01 01:17:51,247703165.59708953
2025-01-01 01:17:52,245949554.01937842
2025-01-01 01:17:53,248969267.15080008
2025-01-01 01:17:54,249967517.46640894
2025-01-01 01:17:55,246878287.4754088
2025-01-01 01:17:56,249702983.6091615
2025-01-01 01:17:57,244557626.6267599
2025-01-01 01:17:58,248179836.36712143
2025-01-01 01:17:59,250439874.58221817
2025-01-01 01:18:00,250313603.92343685
2025-01-01 01:18:01,251002499.0959164
2025-01-01 01:18:02,253711477.9296535
2025-01-01 01:18:03,247308787.00864834
2025-01-01 01:18:04,249433732.20366994
2025-01-01 01:18:05,245782096.50524515
2025-01-01 01:18:06,244480750.50585067
2025-01-01 01:18:07,245126451.93818116
2025-01-01 01:18:08,247274118.06826058
2025-01-01 01:18:09,242606650.0003544
2025-01-01 01:18:10,241456549.85495913
2025-01-01 01:18:11,242353583.38168406
2025-01-01 01:18:12,246665131.6594098
2025-01-01 01:18:13,248744353.568095
2025-01-01 01:18:14,248350378.58475515
2025-01-01 01:18:15,245580098.77067617
2025-01-01 01:18:16,247213552.5368194
2025-01-01 01:18:17,250326647.9072372
2025-01-01 01:18:18,247879796.5483791
2025-01-01 01:18:19,243375480.36960834
2025-01-01 01:18:20,245330688.46648347
2025-01-01 01:18:21,243927837.99766222
2025-01-01 01:18:22,249203947.63230523
2025-01-01 01:18:23,247016169.6115929
2025-01-01 01:18:24,247941970.84397182
2025-01-01 01:18:25,244898776.2948318
2025-01-01 01:18:26,245672852.1397945
2025-01-01 01:18:27,250541503.10035676
2025-01-01 01:18:28,249731256.28307208
2025-01-01 01:18:29,248735419.6309834
2025-01-01 01:18:30,247515180.8112123
2025-01-01 01:18:31,244854430.7451766
2025-01-01 01:18:32,248861867.99335337
2025-01-01 01:18:33,244043317.69489092
2025-01-01 01:18:34,247175900.65711284
2025-01-01 01:18:35,247119359.56471097
2025-01-01 01:18:36,244327793.46542156
2025-01-01 01:18:37,242571457.79004076
2025-01-01 01:18:38,243819727.72992775
2025-01-01 01:18:39,245533748.1882116
2025-01-01 01:18:40,249887758.02207693
2025-01-01 01:18:41,249042791.8724581
2025-01-01 01:18:42,244839309.10381424
2025-01-01 01:18:43,244218702.16041315
2025-01-01 01:18:44,247952393.02208576
2025-01-01 01:18:45,252528071.34914654
2025-01-01 01:18:46,250862069.26385784
2025-01-01 01:18:47,251362374.32067263
2025-01-01 01:18:48,248542080.9573852
2025-01-01 01:18:49,248688495.72071213
2025-01-01 01:18:50,245458206.02284583
2025-01-01 01:18:51,244424692.9298506
2025-01-01 01:18:52,247627904.28150946
2025-01-01 01:18:53,242657309.04857993
2025-01-01 01:18:54,243188113.49997032
2025-01-01 01:18:55,244577674.94535437
2025-01-01 01:18:56,242997885.61221886
2025-01-01 01:18:57,247112098.25709102
2025-01-01 01:18:58,246308716.36478513
2025-01-01 01:18:59,247512657.27627286
2025-01-01 01:19:00,247009043.52255383
2025-01-01 01:19:01,246411937.39332902
2025-01-01 01:19:02,246089596.52405247
2025-01-01 01:19:03,247142822.0930411
2025-01-01 01:19:04,244546214.87578425
2025-01-01 01:19:05,245946204.79212245
2025-01-01 01:19:06,245823758.5614279
2025-01-01 01:19:07,243827521.13420337
2025-01-01 01:19:08,242025112.22746488
2025-01-01 01:19:09,243886289.89273092
2025-01-01 01:19:10,246624020.72625992
2025-01-01 01:19:11,245338274.00837708
2025-01-01 01:19:12,241725522.18057445
2025-01-01 01:19:13,237104125.5721293
2025-01-01 01:19:14,239014418.78257537
2025-01-01 01:19:15,243296523.73921636
2025-01-01 01:19:16,244139190.69967687
2025-01-01 01:19:17,242029385.78313115
2025-01-01 01:19:18,238177419.3220108
2025-01-01 01:19:19,236506606.3451777
2025-01-01 01:19:20,237800301.2142599
2025-01-01 01:19:21,241544394.70572832
2025-01-01 01:19:22,245602100.0925857
2025-01-01 01:19:23,246331594.8555073
2025-01-01 01:19:24,246688476.534001
2025-01-01 01:19:25,245797772.86013904
2025-01-01 01:19:26,240391314.96319714
2025-01-01 01:19:27,246336438.38118586
2025-01-01 01:19:28,245644807.31844288
2025-01-01 01:19:29,246309342.86308637
2025-01-01 01:19:30,247045979.508016
2025-01-01 01:19:31,248727278.56733307
2025-01-01 01:19:32,247241470.7164062
2025-01-01 01:19:33,250777416.17697302
2025-01-01 01:19:34,249977467.85579783
2025-01-01 01:19:35,252719901.36596197
2025-01-01 01:19:36,252590143.5873484
2025-01-01 01:19:37,254837184.85031477
2025-01-01 01:19:38,252177707.61913562
2025-01-01 01:19:39,247824700.88444826
2025-01-01 01:19:40,251006769.40828
2025-01-01 01:19:41,256878684.6187768
2025-01-01 01:19:42,249656171.57183897
2025-01-01 01:19:43,246910513.86619166
2025-01-01 01:19:44,247459882.11426994
2025-01-01 01:19:45,242286819.75112885
2025-01-01 01:19:46,244908366.71494436
2025-01-01 01:19:47,248324357.8282645
2025-01-01 01:19:48,247268363.22920188
2025-01-01 01:19:49,239035858.42383653
2025-01-01 01:19:50,241238649.83887962
2025-01-01 01:19:51,243997659.35852793
2025-01-01 01:19:52,247293923.83743834
2025-01-01 01:19:53,241269603.8231552
2025-01-01 01:19:54,241805667.66677475
2025-01-01 01:19:55,241749758.98038793
2025-01-01 01:19:56,245514982.14556614
2025-01-01 01:19:57,246056225.70325157
2025-01-01 01:19:58,242282546.71528792
2025-01-01 01:19:59,243830058.83332953
2025-01-01 01:20:00,243336915.82070878
2025-01-01 01:20:01,246462007.1404497
2025-01-01 01:20:02,245380884.14083815
2025-01-01 01:20:03,241396854.2711773
2025-01-01 01:20:04,241109444.12524715
2025-01-01 01:20:05,238697130.28749448
2025-01-01 01:20:06,241998978.023772
2025-01-01 01:20:07,242987740.21337885
2025-01-01 01:20:08,241037057.26787665
2025-01-01 01:20:09,241590341.71828717
2025-01-01 01:20:10,240970270.28963658
2025-01-01 01:20:11,242350898.82280046
2025-01-01 01:20:12,247315352.29806197
2025-01-01 01:20:13,248224352.58428594
2025-01-01 01:20:14,249419174.78412417
2025-01-01 01:20:15,253221395.2025204
2025-01-01 01:20:16,251948017.8145932
2025-01-01 01:20:17,251539783.49671888
2025-01-01 01:20:18,252709547.3334184
2025-01-01 01:20:19,251832869.29745373
2025-01-01 01:20:20,248503519.57504246
2025-01-01 01:20:21,251257262.8741482
2025-01-01 01:20:22,249483373.2528459
2025-01-01 01:20:23,249493696.8681859
2025-01-01 01:20:24,251185745.33642915
2025-01-01 01:20:25,246887294.86700687
2025-01-01 01:20:26,246866757.97013777
2025-01-01 01:20:27,245887476.76104686
2025-01-01 01:20:28,246808443.61684287
2025-01-01 01:20:29,240636516.99697766
2025-01-01 01:20:30,243049024.80524924
2025-01-01 01:20:31,243561599.30232388
2025-01-01 01:20:32,245249914.8331681
2025-01-01 01:20:33,245179299.22132772
2025-01-01 01:20:34,246367619.29229397
2025-01-01 01:20:35,240764570.58758932
2025-01-01 01:20:36,246287574.154695
2025-01-01 01:20:37,247739555.49249512
2025-01-01 01:20:38,245519424.62116858
2025-01-01 01:20:39,247512817.20098358
2025-01-01 01:20:40,245614744.41098925
2025-01-01 01:20:41,250019784.2610769
2025-01-01 01:20:42,247138243.31038997
2025-01-01 01:20:43,241845633.62561584
2025-01-01 01:20:44,242146277.92260945
2025-01-01 01:20:45,241769334.7757786
2025-01-01 01:20:46,243670464.9124549
2025-01-01 01:20:47,238284903.04400748
2025-01-01 01:20:48,244220006.83337593
2025-01-01 01:20:49,243969494.37376314
2025-01-01 01:20:50,241602045.06590343
2025-01-01 01:20:51,240222752.98027763
2025-01-01 01:20:52,241097429.58872175
2025-01-01 01:20:53,238995483.67201078
2025-01-01 01:20:54,242521510.6022097
2025-01-01 01:20:55,241597291.2084062
2025-01-01 01:20:56,243853798.96964332
2025-01-01 01:20:57,246739086.39766616
2025-01-01 01:20:58,246438266.56074542
2025-01-01 01:20:59,247681647.89497223
2025-01-01 01:21:00,244883616.41041774
2025-01-01 01:21:01,246900883.5335917
2025-01-01 01:21:02,251010701.9746465
2025-01-01 01:21:03,249171153.04908293
2025-01-01 01:21:04,249890703.41360456
2025-01-01 01:21:05,246782352.60091877
2025-01-01 01:21:06,244546828.5135712
2025-01-01 01:21:07,244989784.40282646
2025-01-01 01:21:08,246100285.16712737
2025-01-01 01:21:09,250937541.71452293
2025-01-01 01:21:10,246945152.7940273
2025-01-01 01:21:11,242898070.17668864
2025-01-01 01:21:12,244862124.60922524
2025-01-01 01:21:13,249692016.54503742
2025-01-01 01:21:14,247168371.78184414
2025-01-01 01:21:15,248077194.6310906
2025-01-01 01:21:16,246145549.62096828
2025-01-01 01:21:17,246724419.92110634
2025-01-01 01:21:18,246923121.37229148
2025-01-01 01:21:19,245940638.30801952
2025-01-01 01:21:20,245517622.18045768
2025-01-01 01:21:21,250253747.6151765
2025-01-01 01:21:22,249911145.60825735
2025-01-01 01:21:23,248365180.82432485
2025-01-01 01:21:24,243679045.17124316
2025-01-01 01:21:25,240051816.00570267
2025-01-01 01:21:26,242940070.449019
2025-01-01 01:21:27,240995952.99390694
2025-01-01 01:21:28,237153929.61069757
2025-01-01 01:21:29,238733602.32091728
2025-01-01 01:21:30,237945481.03215402
2025-01-01 01:21:31,236804025.82799888
2025-01-01 01:21:32,242371443.8940433
2025-01-01 01:21:33,239358155.67135796
2025-01-01 01:21:34,243543652.6318872
2025-01-01 01:21:35,245632875.13198793
2025-01-01 01:21:36,248905322.64680043
2025-01-01 01:21:37,248808440.13132265
2025-01-01 01:21:38,245717121.69231796
2025-01-01 01:21:39,246041617.57363
2025-01-01 01:21:40,243337712.7484373
2025-01-01 01:21:41,245572920.59110934
2025-01-01 01:21:42,244958862.37782907
2025-01-01 01:21:43,240874622.78751445
2025-01-01 01:21:44,242062156.5691108
2025-01-01 01:21:45,245913727.55490738
2025-01-01 01:21:46,248562116.87063843
2025-01-01 01:21:47,244061003.96243528
2025-01-01 01:21:48,240449360.31533417
2025-01-01 01:21:49,242985643.06372827
2025-01-01 01:21:50,240145030.92949054
2025-01-01 01:21:51,243048234.62932563
2025-01-01 01:21:52,241513508.18479568
2025-01-01 01:21:53,244336606.84365895
2025-01-01 01:21:54,241369577.86965194
2025-01-01 01:21:55,244180569.16307613
2025-01-01 01:21:56,247542389.02375165
2025-01-01 01:21:57,246893820.04661456
2025-01-01 01:21:58,242869021.9794962
2025-01-01 01:21:59,240835636.3011062
2025-01-01 01:22:00,241778132.94135377
2025-01-01 01:22:01,246654494.82651183
2025-01-01 01:22:02,246922276.22303745
2025-01-01 01:22:03,250136986.9480777
2025-01-01 01:22:04,246847267.5630246
2025-01-01 01:22:05,245638975.0276885
2025-01-01 01:22:06,254326966.99648568
2025-01-01 01:22:07,251649987.63780478
2025-01-01 01:22:08,251119315.4212606
2025-01-01 01:22:09,247050341.13632882
2025-01-01 01:22:10,249155507.40780237
2025-01-01 01:22:11,246844084.41820323
2025-01-01 01:22:12,248413213.5805321
2025-01-01 01:22:13,249836643.22086316
2025-01-01 01:22:14,250614630.26052296
2025-01-01 01:22:15,249005681.09725374
2025-01-01 01:22:16,250000099.18409342
2025-01-01 01:22:17,248124243.12770146
2025-01-01 01:22:18,246578359.4199356
2025-01-01 01:22:19,247723537.72980115
2025-01-01 01:22:20,250479716.20631143
2025-01-01 01:22:21,247902549.55015007
2025-01-01 01:22:22,250623356.02591792
2025-01-01 01:22:23,249799667.12162423
2025-01-01 01:22:24,245609808.17159542
2025-01-01 01:22:25,248055663.1205627
2025-01-01 01:22:26,246734154.07401717
2025-01-01 01:22:27,247936237.82000396
2025-01-01 01:22:28,247019134.48787308
2025-01-01 01:22:29,247342287.53141814
2025-01-01 01:22:30,247962489.80125257
2025-01-01 01:22:31,252586974.74700603
2025-01-01 01:22:32,250204132.86891016
2025-01-01 01:22:33,246619439.8302123
2025-01-01 01:22:34,245593829.76835424
2025-01-01 01:22:35,251942496.0401684
2025-01-01 01:22:36,251810724.02778226
2025-01-01 01:22:37,250832769.48413095
2025-01-01 01:22:38,254295023.8836811
2025-01-01 01:22:39,246014350.23750037
2025-01-01 01:22:40,250468426.21043834
2025-01-01 01:22:41,249721099.64622906
2025-01-01 01:22:42,248102675.84226403
2025-01-01 01:22:43,245555011.92857718
2025-01-01 01:22:44,251053786.05213356
2025-01-01 01:22:45,246661579.18163934
2025-01-01 01:22:46,251867026.59018555
2025-01-01 01:22:47,250002858.77381885
2025-01-01 01:22:48,246479701.07455695
2025-01-01 01:22:49,248054834.44400942
2025-01-01 01:22:50,251119224.30215326
2025-01-01 01:22:51,249047170.70956123
2025-01-01 01:22:52,249760699.016967
2025-01-01 01:22:53,251184283.35731915
2025-01-01 01:22:54,250826165.98114783
2025-01-01 01:22:55,250122170.31896672
2025-01-01 01:22:56,255016705.62446544
2025-01-01 01:22:57,255115028.94135174
2025-01-01 01:22:58,252700990.59716085
2025-01-01 01:22:59,248369073.44343582
2025-01-01 01:23:00,251585319.50667292
2025-01-01 01:23:01,250721152.55002883
2025-01-01 01:23:02,251143623.41883042
2025-01-01 01:23:03,247479292.70024452
2025-01-01 01:23:04,251205819.19351935
2025-01-01 01:23:05,251972113.18286464
2025-01-01 01:23:06,252736252.7166224
2025-01-01 01:23:07,251009403.950904
2025-01-01 01:23:08,252843150.6472407
2025-01-01 01:23:09,253323483.81713837
2025-01-01 01:23:10,249864116.74733064
2025-01-01 01:23:11,250155304.45176047
2025-01-01 01:23:12,251485491.67471173
2025-01-01 01:23:13,252680279.9862571
2025-01-01 01:23:14,252100351.2962334
2025-01-01 01:23:15,245496587.28298527
2025-01-01 01:23:16,251958802.9713432
2025-01-01 01:23:17,250560089.9865294
2025-01-01 01:23:18,249962524.16851258
2025-01-01 01:23:19,249764382.48020077
2025-01-01 01:23:20,252908482.72801214
2025-01-01 01:23:21,254873737.40278962
2025-01-01 01:23:22,251192855.30146864
2025-01-01 01:23:23,248039434.0754074
2025-01-01 01:23:24,245439779.39421892
2025-01-01 01:23:25,244683623.0943527
2025-01-01 01:23:26,245514259.33235988
2025-01-01 01:23:27,248351464.45022473
2025-01-01 01:23:28,250142674.63033321
2025-01-01 01:23:29,244952154.99672484
2025-01-01 01:23:30,241967025.93845385
2025-01-01 01:23:31,247106465.66419837
2025-01-01 01:23:32,246967308.88816273
2025-01-01 01:23:33,251643437.48618466
2025-01-01 01:23:34,249045610.22398958
2025-01-01 01:23:35,246373051.05623454
2025-01-01 01:23:36,250086299.89783275
2025-01-01 01:23:37,248245061.25294194
2025-01-01 01:23:38,254334327.64773533
2025-01-01 01:23:39,248842387.0784809
2025-01-01 01:23:40,252024387.0824961
2025-01-01 01:23:41,250963351.19789636
2025-01-01 01:23:42,246693877.4013979
2025-01-01 01:23:43,249176219.0369227
2025-01-01 01:23:44,243012895.8055093
2025-01-01 01:23:45,241262737.1417393
2025-01-01 01:23:46,249824382.57249305
2025-01-01 01:23:47,253350792.77407566
2025-01-01 01:23:48,248641247.74399534
2025-01-01 01:23:49,250724804.81926867
2025-01-01 01:23:50,251036550.00787148
2025-01-01 01:23:51,250906688.54005617
2025-01-01 01:23:52,249881933.39823374
2025-01-01 01:23:53,250983009.1743661
2025-01-01 01:23:54,249240272.99753198
2025-01-01 01:23:55,252185121.8345473
2025-01-01 01:23:56,248440628.4527886
2025-01-01 01:23:57,249816812.942473
2025-01-01 01:23:58,250713172.97536007
2025-01-01 01:23:59,248565463.36613974
2025-01-01 01:24:00,249543853.6933243
2025-01-01 01:24:01,252866457.29176235
2025-01-01 01:24:02,250145172.48499396
2025-01-01 01:24:03,250462465.58739766
2025-01-01 01:24:04,248398685.12572774
2025-01-01 01:24:05,251457259.95068097
2025-01-01 01:24:06,256609164.66779962
2025-01-01 01:24:07,256938188.89278737
2025-01-01 01:24:08,251672412.43838906
2025-01-01 01:24:09,251015631.12724853
2025-01-01 01:24:10,254128188.71215132
2025-01-01 01:24:11,254262575.55090433
2025-01-01 01:24:12,248288724.47784853
2025-01-01 01:24:13,244491593.1621217
2025-01-01 01:24:14,248375268.69705653
2025-01-01 01:24:15,243828280.66924503
2025-01-01 01:24:16,249213434.86236402
2025-01-01 01:24:17,250036220.24380365
2025-01-01 01:24:18,245877068.91259676
2025-01-01 01:24:19,245391415.51585817
2025-01-01 01:24:20,244881404.9368766
2025-01-01 01:24:21,245257079.4921621
2025-01-01 01:24:22,249725533.09856904
2025-01-01 01:24:23,251187238.88100886
2025-01-01 01:24:24,244957415.28860527
2025-01-01 01:24:25,248193300.0996587
2025-01-01 01:24:26,249321469.51430422
2025-01-01 01:24:27,246158749.36489037
2025-01-01 01:24:28,243604977.07365993
2025-01-01 01:24:29,242986982.15741205
2025-01-01 01:24:30,246313940.11105022
2025-01-01 01:24:31,245852912.76204133
2025-01-01 01:24:32,247272929.13987002
2025-01-01 01:24:33,246598884.2774577
2025-01-01 01:24:34,245861046.9351106
2025-01-01 01:24:35,247858022.49820155
2025-01-01 01:24:36,249005391.87494996
2025-01-01 01:24:37,247955892.44744587
2025-01-01 01:24:38,246242549.91599265
2025-01-01 01:24:39,248381341.6403291
2025-01-01 01:24:40,253354618.31804878
2025-01-01 01:24:41,254552953.6218328
2025-01-01 01:24:42,249091047.5161927
2025-01-01 01:24:43,244733524.77046138
2025-01-01 01:24:44,248486495.30972308
2025-01-01 01:24:45,249921402.58876225
2025-01-01 01:24:46,251345665.7419065
2025-01-01 01:24:47,254133977.79679143
2025-01-01 01:24:48,253116931.1186386
2025-01-01 01:24:49,253399627.73122805
2025-01-01 01:24:50,254725385.19484532
2025-01-01 01:24:51,255083430.32487845
2025-01-01 01:24:52,258424649.4062718
2025-01-01 01:24:53,260097206.44188836
2025-01-01 01:24:54,258565756.95520404
2025-01-01 01:24:55,255790700.98125613
2025-01-01 01:24:56,255215107.1773842
2025-01-01 01:24:57,255457227.9643162
2025-01-01 01:24:58,250315296.43691736
2025-01-01 01:24:59,253724688.5424056
2025-01-01 01:25:00,249395974.53715488
2025-01-01 01:25:01,246928131.79164842
2025-01-01 01:25:02,245567168.74620906
2025-01-01 01:25:03,244652131.6197359
2025-01-01 01:25:04,247221127.81418037
2025-01-01 01:25:05,246124200.6119228
2025-01-01 01:25:06,247685026.32109085
2025-01-01 01:25:07,251827666.14448428
2025-01-01 01:25:08,252932186.39992666
2025-01-01 01:25:09,251062692.26375753
2025-01-01 01:25:10,247234082.81171033
2025-01-01 01:25:11,245090501.777966
2025-01-01 01:25:12,247959197.90679818
2025-01-01 01:25:13,249233310.14311406
2025-01-01 01:25:14,248286963.0788
2025-01-01 01:25:15,252720225.94119972
2025-01-01 01:25:16,248743350.48642024
2025-01-01 01:25:17,247062110.14306882
2025-01-01 01:25:18,244057424.0075539
2025-01-01 01:25:19,248004040.06734788
2025-01-01 01:25:20,247700107.25259364
2025-01-01 01:25:21,251785304.9110845
2025-01-01 01:25:22,253092835.73760605
2025-01-01 01:25:23,249837141.3922805
2025-01-01 01:25:24,249445003.50013822
2025-01-01 01:25:25,252748623.71410835
2025-01-01 01:25:26,253986092.6075462
2025-01-01 01:25:27,256674850.82954592
2025-01-01 01:25:28,260185535.30288228
2025-01-01 01:25:29,258567571.22829822
2025-01-01 01:25:30,259427301.27526283
2025-01-01 01:25:31,255970829.1275947
2025-01-01 01:25:32,257427114.17216468
2025-01-01 01:25:33,254872630.3027761
2025-01-01 01:25:34,251759682.67198187
2025-01-01 01:25:35,259429458.4085219
2025-01-01 01:25:36,261295481.6995498
2025-01-01 01:25:37,256802207.3761049
2025-01-01 01:25:38,253677200.79304308
2025-01-01 01:25:39,252853598.68633622
2025-01-01 01:25:40,257129410.65166342
2025-01-01 01:25:41,255018407.8061302
2025-01-01 01:25:42,255025446.2584935
2025-01-01 01:25:43,259265926.58034223
2025-01-01 01:25:44,256614712.50926843
2025-01-01 01:25:45,254206075.7154886
2025-01-01 01:25:46,254000811.84923148
2025-01-01 01:25:47,255447350.0891663
2025-01-01 01:25:48,253101162.67412195
2025-01-01 01:25:49,251100011.52841777
2025-01-01 01:25:50,250277011.34566087
2025-01-01 01:25:51,249954512.30193704
2025-01-01 01:25:52,250411066.74321327
2025-01-01 01:25:53,248249160.6513604
2025-01-01 01:25:54,248560817.47751158
2025-01-01 01:25:55,254463490.25965902
2025-01-01 01:25:56,253819898.77357954
2025-01-01 01:25:57,255245302.5791483
2025-01-01 01:25:58,254396567.53961208
2025-01-01 01:25:59,253081862.10290113
2025-01-01 01:26:00,252236518.06596446
2025-01-01 01:26:01,254322030.60252506
2025-01-01 01:26:02,247380941.5339274
2025-01-01 01:26:03,251484890.76967326
2025-01-01 01:26:04,248477694.28700757
2025-01-01 01:26:05,248582308.86590445
2025-01-01 01:26:06,250184551.9054177
2025-01-01 01:26:07,250319405.71615997
2025-01-01 01:26:08,255490822.77113393
2025-01-01 01:26:09,250557427.77686465
2025-01-01 01:26:10,250570684.03967878
2025-01-01 01:26:11,249064525.24501857
2025-01-01 01:26:12,248544720.3080721
2025-01-01 01:26:13,247446142.02947378
2025-01-01 01:26:14,252725806.5215574
2025-01-01 01:26:15,248867295.02465004
2025-01-01 01:26:16,249436853.5706917
2025-01-01 01:26:17,251312870.76306218
2025-01-01 01:26:18,251328101.5078137
2025-01-01 01:26:19,250113660.36194795
2025-01-01 01:26:20,247637155.0228687
2025-01-01 01:26:21,250034147.14586416
2025-01-01 01:26:22,251230966.73011422
2025-01-01 01:26:23,254039712.95447356
2025-01-01 01:26:24,256592491.02387366
2025-01-01 01:26:25,249183091.90428954
2025-01-01 01:26:26,249360544.71868375
2025-01-01 01:26:27,248339825.19285473
2025-01-01 01:26:28,253861335.9345418
2025-01-01 01:26:29,249013760.69778234
2025-01-01 01:26:30,246081665.49689576
2025-01-01 01:26:31,252279811.66140306
2025-01-01 01:26:32,251636556.90827546
2025-01-01 01:26:33,251927736.12314615
2025-01-01 01:26:34,252016290.4725421
2025-01-01 01:26:35,251990680.8195974
2025-01-01 01:26:36,253403027.28851384
2025-01-01 01:26:37,255749544.5538525
2025-01-01 01:26:38,250558353.4814923
2025-01-01 01:26:39,252740212.55859497
2025-01-01 01:26:40,254569830.15125206
2025-01-01 01:26:41,252118976.8376735
2025-01-01 01:26:42,252673291.40378025
2025-01-01 01:26:43,252408525.22329897
2025-01-01 01:26:44,255569819.0737303
2025-01-01 01:26:45,254641273.52931154
2025-01-01 01:26:46,252715337.6568649
2025-01-01 01:26:47,249957337.2687164
2025-01-01 01:26:48,250571202.01106045
2025-01-01 01:26:49,251417795.3450944
2025-01-01 01:26:50,255429809.7067831
2025-01-01 01:26:51,253054219.89710066
2025-01-01 01:26:52,251264651.1207313
2025-01-01 01:26:53,251413917.0619237
2025-01-01 01:26:54,255604205.3218016
2025-01-01 01:26:55,252144198.94943967
2025-01-01 01:26:56,246634033.66449258
2025-01-01 01:26:57,249714476.0410638
2025-01-01 01:26:58,250894908.26521978
2025-01-01 01:26:59,250645184.42202643
2025-01-01 01:27:00,249160738.1526519
2025-01-01 01:27:01,246993389.80528775
2025-01-01 01:27:02,249322778.08078653
2025-01-01 01:27:03,251122685.5165978
2025-01-01 01:27:04,253508900.56603658
2025-01-01 01:27:05,253199175.71980932
2025-01-01 01:27:06,257373705.9692021
2025-01-01 01:27:07,253571101.02238584
2025-01-01 01:27:08,246526761.22956747
2025-01-01 01:27:09,250307348.89499673
2025-01-01 01:27:10,252853085.115441
2025-01-01 01:27:11,256977540.6761246
2025-01-01 01:27:12,256655832.4255302
2025-01-01 01:27:13,254880407.14878207
2025-01-01 01:27:14,252237452.30124313
2025-01-01 01:27:15,251231020.51902607
2025-01-01 01:27:16,252353417.54267937
2025-01-01 01:27:17,249475331.51365042
2025-01-01 01:27:18,253092131.30698663
2025-01-01 01:27:19,252991106.63894954
2025-01-01 01:27:20,251868668.16543987
2025-01-01 01:27:21,251273702.56534687
2025-01-01 01:27:22,251508104.46972263
2025-01-01 01:27:23,254580972.5195586
2025-01-01 01:27:24,253502965.42647448
2025-01-01 01:27:25,252609601.4478244
2025-01-01 01:27:26,249310327.03568324
2025-01-01 01:27:27,248725149.10143217
2025-01-01 01:27:28,252911349.41976815
2025-01-01 01:27:29,250266162.56572378
2025-01-01 01:27:30,248514301.7858336
2025-01-01 01:27:31,248547937.48317844
2025-01-01 01:27:32,251234130.05687597
2025-01-01 01:27:33,251632115.0226222
2025-01-01 01:27:34,248789200.22728926
2025-01-01 01:27:35,250504325.5321443
2025-01-01 01:27:36,251161647.28266904
2025-01-01 01:27:37,252024028.27535206
2025-01-01 01:27:38,249059571.70273086
2025-01-01 01:27:39,250613798.1675829
2025-01-01 01:27:40,250270649.12304467
2025-01-01 01:27:41,253841044.83886495
2025-01-01 01:27:42,253652211.74978614
2025-01-01 01:27:43,250852196.79360944
2025-01-01 01:27:44,251257127.24454114
2025-01-01 01:27:45,252296653.81977156
2025-01-01 01:27:46,255285032.33938226
2025-01-01 01:27:47,253551730.6920001
2025-01-01 01:27:48,246910838.50525227
2025-01-01 01:27:49,248926701.5280484
2025-01-01 01:27:50,252853765.32927057
2025-01-01 01:27:51,250438361.08629695
2025-01-01 01:27:52,253904372.6311529
2025-01-01 01:27:53,247977519.21993494
2025-01-01 01:27:54,249475785.85937935
2025-01-01 01:27:55,251182576.25963178
2025-01-01 01:27:56,247184377.76505744
2025-01-01 01:27:57,247285870.0146153
2025-01-01 01:27:58,243651963.51250416
2025-01-01 01:27:59,244974352.62505677
2025-01-01 01:28:00,248403102.55205896
2025-01-01 01:28:01,249781331.97847092
2025-01-01 01:28:02,253934383.00808793
2025-01-01 01:28:03,251966914.2623279
2025-01-01 01:28:04,250419661.01728758
2025-01-01 01:28:05,251726493.04991683
2025-01-01 01:28:06,250391578.02725366
2025-01-01 01:28:07,253548328.49222293
2025-01-01 01:28:08,246736751.57552043
2025-01-01 01:28:09,250456969.01741394
2025-01-01 01:28:10,250746407.7912764
2025-01-01 01:28:11,251553318.34357095
2025-01-01 01:28:12,249532701.00101417
2025-01-01 01:28:13,249840455.1439635
2025-01-01 01:28:14,248612004.95285812
2025-01-01 01:28:15,249882860.44859523
2025-01-01 01:28:16,249675779.76212397
2025-01-01 01:28:17,249849135.1743296
2025-01-01 01:28:18,257964111.502155
2025-01-01 01:28:19,257781282.64886436
2025-01-01 01:28:20,252292265.97969863
2025-01-01 01:28:21,250395074.8471634
2025-01-01 01:28:22,245735143.03690264
2025-01-01 01:28:23,247271756.49934906
2025-01-01 01:28:24,249562638.650159
2025-01-01 01:28:25,253127167.50948858
2025-01-01 01:28:26,252318886.11127487
2025-01-01 01:28:27,251273898.10950354
2025-01-01 01:28:28,250100190.3468914
2025-01-01 01:28:29,249237572.95764336
2025-01-01 01:28:30,250126126.54180428
2025-01-01 01:28:31,243831750.01584914
2025-01-01 01:28:32,249656261.91562933
2025-01-01 01:28:33,245777094.08076134
2025-01-01 01:28:34,245213611.63855636
2025-01-01 01:28:35,244234193.61068773
2025-01-01 01:28:36,249562842.2500595
2025-01-01 01:28:37,250364975.58814245
2025-01-01 01:28:38,252261783.61637175
2025-01-01 01:28:39,252288714.25185844
2025-01-01 01:28:40,254252494.2595892
2025-01-01 01:28:41,253265290.5472305
2025-01-01 01:28:42,254146716.55961227
2025-01-01 01:28:43,251938037.77572522
2025-01-01 01:28:44,253247311.22678623
2025-01-01 01:28:45,254951114.63817194
2025-01-01 01:28:46,249162193.01783168
2025-01-01 01:28:47,248377316.7104873
2025-01-01 01:28:48,249398601.5445089
2025-01-01 01:28:49,260297098.1855242
2025-01-01 01:28:50,261012425.50358438
2025-01-01 01:28:51,259126507.73092175
2025-01-01 01:28:52,262755385.7744224
2025-01-01 01:28:53,257625346.91690508
2025-01-01 01:28:54,257626558.63490817
2025-01-01 01:28:55,261120391.01287156
2025-01-01 01:28:56,256111369.8961517
2025-01-01 01:28:57,254366142.79622608
2025-01-01 01:28:58,254710889.49802014
2025-01-01 01:28:59,258655903.96908465
2025-01-01 01:29:00,263523906.48550227
2025-01-01 01:29:01,258529031.38986766
2025-01-01 01:29:02,259972641.99299297
2025-01-01 01:29:03,260646353.12968585
2025-01-01 01:29:04,257116091.96102744
2025-01-01 01:29:05,256329032.20048684
2025-01-01 01:29:06,256009686.85806492
2025-01-01 01:29:07,254689441.32096022
2025-01-01 01:29:08,254004305.74909115
2025-01-01 01:29:09,254999881.94525212
2025-01-01 01:29:10,254477002.78466165
2025-01-01 01:29:11,250314122.12895247
2025-01-01 01:29:12,251808629.0436695
2025-01-01 01:29:13,250557633.07377493
2025-01-01 01:29:14,252497343.27793613
2025-01-01 01:29:15,255370937.01396224
2025-01-01 01:29:16,255735694.18674198
2025-01-01 01:29:17,249927596.10582742
2025-01-01 01:29:18,245387138.55223432
2025-01-01 01:29:19,246415972.61989772
2025-01-01 01:29:20,246788645.91705862
2025-01-01 01:29:21,251844007.17345306
2025-01-01 01:29:22,250316157.2374529
2025-01-01 01:29:23,252704590.48281372
2025-01-01 01:29:24,253033720.49842075
2025-01-01 01:29:25,253035319.10419315
2025-01-01 01:29:26,246340526.5284373
2025-01-01 01:29:27,255546263.1802384
2025-01-01 01:29:28,252221018.38572234
2025-01-01 01:29:29,250252869.36459816
2025-01-01 01:29:30,249648487.93002602
2025-01-01 01:29:31,246255359.32403272
2025-01-01 01:29:32,248124659.65540195
2025-01-01 01:29:33,248916341.74093816
2025-01-01 01:29:34,248107917.74942845
2025-01-01 01:29:35,247766297.52182272
2025-01-01 01:29:36,250826162.19373903
2025-01-01 01:29:37,248893459.55457884
2025-01-01 01:29:38,249567866.6943204
2025-01-01 01:29:39,247267696.28678632
2025-01-01 01:29:40,246547177.17602125
2025-01-01 01:29:41,250639404.0484847
2025-01-01 01:29:42,253077637.9086419
2025-01-01 01:29:43,253929249.12364197
2025-01-01 01:29:44,250362168.05508593
2025-01-01 01:29:45,250988676.68138245
2025-01-01 01:29:46,249297610.27324185
2025-01-01 01:29:47,251029703.61935878
2025-01-01 01:29:48,249463733.1537433
2025-01-01 01:29:49,252671037.34413102
2025-01-01 01:29:50,254070422.97216138
2025-01-01 01:29:51,251960834.93366858
2025-01-01 01:29:52,247319431.1876405
2025-01-01 01:29:53,252040865.6075506
2025-01-01 01:29:54,249711739.4597508
2025-01-01 01:29:55,251344857.67326897
2025-01-01 01:29:56,254996048.59487408
2025-01-01 01:29:57,257106757.7522608
2025-01-01 01:29:58,255154225.06431696
2025-01-01 01:29:59,250804289.16497475
2025-01-01 01:30:00,250960474.88090333
2025-01-01 01:30:01,247672229.38482702
2025-01-01 01:30:02,242353857.51453486
2025-01-01 01:30:03,241609994.50421515
2025-01-01 01:30:04,241847996.96647862
2025-01-01 01:30:05,248469330.1809675
2025-01-01 01:30:06,246959838.4091987
2025-01-01 01:30:07,247502226.02650774
2025-01-01 01:30:08,252093725.1172063
2025-01-01 01:30:09,249414295.58743402
2025-01-01 01:30:10,248871150.2586284
2025-01-01 01:30:11,245778559.006455
2025-01-01 01:30:12,247316016.26200244
2025-01-01 01:30:13,246868997.6648593
2025-01-01 01:30:14,244525548.44766292
2025-01-01 01:30:15,245300064.27997705
2025-01-01 01:30:16,244277867.9689809
2025-01-01 01:30:17,246621651.8941228
2025-01-01 01:30:18,248302926.97822735
2025-01-01 01:30:19,250986343.64730516
2025-01-01 01:30:20,248291792.481803
2025-01-01 01:30:21,242156106.52655414
2025-01-01 01:30:22,246957341.71681306
2025-01-01 01:30:23,244138528.888554
2025-01-01 01:30:24,239663688.94714925
2025-01-01 01:30:25,241852213.17776087
2025-01-01 01:30:26,247151085.27983102
2025-01-01 01:30:27,248330040.27767584
2025-01-01 01:30:28,246374563.846789
2025-01-01 01:30:29,247148468.14863995
2025-01-01 01:30:30,248574319.1437441
2025-01-01 01:30:31,248311258.40256572
2025-01-01 01:30:32,246139604.83458048
2025-01-01 01:30:33,249973228.89392218
2025-01-01 01:30:34,246189183.23971957
2025-01-01 01:30:35,242188164.06804034
2025-01-01 01:30:36,249966585.97374243
2025-01-01 01:30:37,246294017.9604384
2025-01-01 01:30:38,248145755.30253115
2025-01-01 01:30:39,249558786.1411468
2025-01-01 01:30:40,255055467.51120347
2025-01-01 01:30:41,254383197.1897007
2025-01-01 01:30:42,252953381.3173166
2025-01-01 01:30:43,251688186.64612082
2025-01-01 01:30:44,254556469.06717992
2025-01-01 01:30:45,247339667.63158786
2025-01-01 01:30:46,247601866.17631733
2025-01-01 01:30:47,251441717.58340964
2025-01-01 01:30:48,253395128.0498868
2025-01-01 01:30:49,249678946.47584125
2025-01-01 01:30:50,250630056.9246032
2025-01-01 01:30:51,255576529.68458298
2025-01-01 01:30:52,251525914.99778464
2025-01-01 01:30:53,253338383.96092415
2025-01-01 01:30:54,247913632.33285573
2025-01-01 01:30:55,246529659.71731192
2025-01-01 01:30:56,251075929.77224067
2025-01-01 01:30:57,248342167.88241792
2025-01-01 01:30:58,246370298.6849439
2025-01-01 01:30:59,246542316.18546784
2025-01-01 01:31:00,249511880.86264938
2025-01-01 01:31:01,252427035.03919166
2025-01-01 01:31:02,255157412.56872845
2025-01-01 01:31:03,251047819.05285108
2025-01-01 01:31:04,254827878.3767646
2025-01-01 01:31:05,253132814.1050126
2025-01-01 01:31:06,253564675.81996912
2025-01-01 01:31:07,254290330.46505538
2025-01-01 01:31:08,254250261.6233387
2025-01-01 01:31:09,252048356.6444291
2025-01-01 01:31:10,251439642.91937846
2025-01-01 01:31:11,253138325.77811444
2025-01-01 01:31:12,252749872.8037708
2025-01-01 01:31:13,250622633.38004687
2025-01-01 01:31:14,252452559.2766613
2025-01-01 01:31:15,253182783.865037
2025-01-01 01:31:16,253574927.67598432
2025-01-01 01:31:17,247501062.8432192
2025-01-01 01:31:18,252114958.34200922
2025-01-01 01:31:19,248702636.80803147
2025-01-01 01:31:20,247528115.43485495
2025-01-01 01:31:21,250784647.60324004
2025-01-01 01:31:22,245830297.26632777
2025-01-01 01:31:23,246056153.5831339
2025-01-01 01:31:24,245984384.04433456
2025-01-01 01:31:25,248290212.5013334
2025-01-01 01:31:26,250013211.46105057
2025-01-01 01:31:27,253805754.41441578
2025-01-01 01:31:28,250616758.43012017
2025-01-01 01:31:29,255214925.78621474
2025-01-01 01:31:30,254038504.21573314
2025-01-01 01:31:31,256351108.9398071
2025-01-01 01:31:32,255135673.20642596
2025-01-01 01:31:33,249223122.81090125
2025-01-01 01:31:34,247485538.522099
2025-01-01 01:31:35,254314426.842996
2025-01-01 01:31:36,252374159.05138367
2025-01-01 01:31:37,259181219.74930546
2025-01-01 01:31:38,253638884.40414304
2025-01-01 01:31:39,251521781.3160298
2025-01-01 01:31:40,250778388.60907105
2025-01-01 01:31:41,250470131.6411192
2025-01-01 01:31:42,249947669.16493246
2025-01-01 01:31:43,254591304.37263775
2025-01-01 01:31:44,249436425.45341572
2025-01-01 01:31:45,247799467.29814947
2025-01-01 01:31:46,247855045.80804354
2025-01-01 01:31:47,249873593.77285248
2025-01-01 01:31:48,247240454.9767207
2025-01-01 01:31:49,245783018.32965827
2025-01-01 01:31:50,246548920.2543913
2025-01-01 01:31:51,244295722.32736063
2025-01-01 01:31:52,242989508.47276136
2025-01-01 01:31:53,245157411.76390928
2025-01-01 01:31:54,246663708.38336298
2025-01-01 01:31:55,248483661.05710557
2025-01-01 01:31:56,247389348.0247516
2025-01-01 01:31:57,249332264.7671339
2025-01-01 01:31:58,253939818.99644405
2025-01-01 01:31:59,252782373.48095444
2025-01-01 01:32:00,255525158.24865168
2025-01-01 01:32:01,254071693.98235327
2025-01-01 01:32:02,255581762.24161527
2025-01-01 01:32:03,256435751.81780487
2025-01-01 01:32:04,252899965.79081708
2025-01-01 01:32:05,253886839.2265331
2025-01-01 01:32:06,252590345.01667428
2025-01-01 01:32:07,249517473.03859702
2025-01-01 01:32:08,248183548.31982288
2025-01-01 01:32:09,249168264.80702275
2025-01-01 01:32:10,254525935.6009492
2025-01-01 01:32:11,249632301.54535085
2025-01-01 01:32:12,248049258.68436566
2025-01-01 01:32:13,249649536.60916764
2025-01-01 01:32:14,252318690.18050292
2025-01-01 01:32:15,249177127.5225974
2025-01-01 01:32:16,245863023.2497244
2025-01-01 01:32:17,249831131.84950525
2025-01-01 01:32:18,250471006.12450776
2025-01-01 01:32:19,248794843.2541516
2025-01-01 01:32:20,247652248.74159595
2025-01-01 01:32:21,250945712.80342007
2025-01-01 01:32:22,249334024.49309596
2025-01-01 01:32:23,252521855.0212121
2025-01-01 01:32:24,253195303.33054626
2025-01-01 01:32:25,250604171.86918402
2025-01-01 01:32:26,248087015.4298309
2025-01-01 01:32:27,249660888.11950248
2025-01-01 01:32:28,247894560.7012047
2025-01-01 01:32:29,249661410.01246798
2025-01-01 01:32:30,242053627.69572547
2025-01-01 01:32:31,241456547.22294512
2025-01-01 01:32:32,243012875.34712082
2025-01-01 01:32:33,248340071.58821714
2025-01-01 01:32:34,246268730.57179365
2025-01-01 01:32:35,242379290.4791926
2025-01-01 01:32:36,241598621.40178484
2025-01-01 01:32:37,247243127.83224106
2025-01-01 01:32:38,247824859.23292917
2025-01-01 01:32:39,248616989.3467304
2025-01-01 01:32:40,248136820.14846835
2025-01-01 01:32:41,251915731.6646906
2025-01-01 01:32:42,255404632.45229784
2025-01-01 01:32:43,253596853.19685468
2025-01-01 01:32:44,252488962.6646227
2025-01-01 01:32:45,247817433.59811208
2025-01-01 01:32:46,250358401.85750386
2025-01-01 01:32:47,252529877.04108092
2025-01-01 01:32:48,253861557.92464888
2025-01-01 01:32:49,252927169.85205153
2025-01-01 01:32:50,249631326.4941309
2025-01-01 01:32:51,248897378.53070527
2025-01-01 01:32:52,249686697.90287185
2025-01-01 01:32:53,248646493.872292
2025-01-01 01:32:54,252552263.80502608
2025-01-01 01:32:55,249838018.12853926
2025-01-01 01:32:56,248897832.05375805
2025-01-01 01:32:57,245758430.49060678
2025-01-01 01:32:58,248007741.7251514
2025-01-01 01:32:59,249916693.52068037
2025-01-01 01:33:00,249002871.30118614
2025-01-01 01:33:01,248525586.1923115
2025-01-01 01:33:02,255006424.292058
2025-01-01 01:33:03,250629482.97392994
2025-01-01 01:33:04,250329929.70892248
2025-01-01 01:33:05,249513880.15502107
2025-01-01 01:33:06,250199374.26252636
2025-01-01 01:33:07,248515534.39363578
2025-01-01 01:33:08,249228900.04252622
2025-01-01 01:33:09,245264997.26975363
2025-01-01 01:33:10,244117623.6016272
2025-01-01 01:33:11,241266269.69662085
2025-01-01 01:33:12,249274705.0015196
2025-01-01 01:33:13,245799087.4504667
2025-01-01 01:33:14,244799581.09074777
2025-01-01 01:33:15,240931775.39307907
2025-01-01 01:33:16,245624155.80475408
2025-01-01 01:33:17,247520602.99856475
2025-01-01 01:33:18,246771740.46576512
2025-01-01 01:33:19,245425008.90720385
2025-01-01 01:33:20,246221027.26679167
2025-01-01 01:33:21,243228380.87868875
2025-01-01 01:33:22,246872943.06633884
2025-01-01 01:33:23,246619911.00891373
2025-01-01 01:33:24,245754841.25652292
2025-01-01 01:33:25,248888758.17689496
2025-01-01 01:33:26,246169420.2262015
2025-01-01 01:33:27,243813338.64019597
2025-01-01 01:33:28,248650802.2606722
2025-01-01 01:33:29,246651656.0872742
2025-01-01 01:33:30,247698647.7944065
2025-01-01 01:33:31,238284272.2917976
2025-01-01 01:33:32,239248388.33533248
2025-01-01 01:33:33,246030399.13925567
2025-01-01 01:33:34,248376595.79752472
2025-01-01 01:33:35,247010299.11570278
2025-01-01 01:33:36,245945285.4963447
2025-01-01 01:33:37,245699258.7211553
2025-01-01 01:33:38,248308398.61621553
2025-01-01 01:33:39,247585530.53582636
2025-01-01 01:33:40,250224903.5820505
2025-01-01 01:33:41,247626422.47736403
2025-01-01 01:33:42,246225714.74184862
2025-01-01 01:33:43,245161204.79653817
2025-01-01 01:33:44,247296327.08004466
2025-01-01 01:33:45,247510956.72301108
2025-01-01 01:33:46,244406467.45811954
2025-01-01 01:33:47,247827812.70519626
2025-01-01 01:33:48,245537851.49910253
2025-01-01 01:33:49,246915893.67191955
2025-01-01 01:33:50,248471422.43236884
2025-01-01 01:33:51,249895074.261065
2025-01-01 01:33:52,247295811.77626914
2025-01-01 01:33:53,250278771.3016869
2025-01-01 01:33:54,245137805.7245538
2025-01-01 01:33:55,247940520.13405964
2025-01-01 01:33:56,246481441.18587697
2025-01-01 01:33:57,249711300.46717462
2025-01-01 01:33:58,250577996.376217
2025-01-01 01:33:59,255824083.83752772
2025-01-01 01:34:00,244354684.50980717
2025-01-01 01:34:01,242620177.65199652
2025-01-01 01:34:02,246065590.39658895
2025-01-01 01:34:03,246773549.489807
2025-01-01 01:34:04,246826068.18296698
2025-01-01 01:34:05,243979381.50665686
2025-01-01 01:34:06,244340746.20994487
2025-01-01 01:34:07,243423315.093979
2025-01-01 01:34:08,241853382.88178992
2025-01-01 01:34:09,245950614.02801457
2025-01-01 01:34:10,243636741.67576754
2025-01-01 01:34:11,245836301.65073556
2025-01-01 01:34:12,246150037.1905331
2025-01-01 01:34:13,248621282.71202254
2025-01-01 01:34:14,247281886.13304338
2025-01-01 01:34:15,247585894.01181144
2025-01-01 01:34:16,240429309.0193278
2025-01-01 01:34:17,239645312.77460265
2025-01-01 01:34:18,249774679.99278542
2025-01-01 01:34:19,247666941.56426275
2025-01-01 01:34:20,244344681.27940908
2025-01-01 01:34:21,250038255.8703095
2025-01-01 01:34:22,251719888.20920342
2025-01-01 01:34:23,247866600.78314343
2025-01-01 01:34:24,240576504.84212446
2025-01-01 01:34:25,243660584.0236425
2025-01-01 01:34:26,244780798.61974403
2025-01-01 01:34:27,250855284.91785136
2025-01-01 01:34:28,247635650.10884213
2025-01-01 01:34:29,250133152.19370362
2025-01-01 01:34:30,253994915.8851332
2025-01-01 01:34:31,251607891.03642854
2025-01-01 01:34:32,251968184.62622195
2025-01-01 01:34:33,256295266.50236312
2025-01-01 01:34:34,253440036.0420086
2025-01-01 01:34:35,252616994.73467708
2025-01-01 01:34:36,251133014.9124351
2025-01-01 01:34:37,254078376.08936733
2025-01-01 01:34:38,251149360.56451917
2025-01-01 01:34:39,249067791.5521801
2025-01-01 01:34:40,248017414.15012294
2025-01-01 01:34:41,253747935.3792023
2025-01-01 01:34:42,253026713.5331187
2025-01-01 01:34:43,252073719.9902651
2025-01-01 01:34:44,251901535.55405685
2025-01-01 01:34:45,250354907.43033096
2025-01-01 01:34:46,241736434.77476525
2025-01-01 01:34:47,243052587.39867532
2025-01-01 01:34:48,250400856.53787902
2025-01-01 01:34:49,250011363.87623864
2025-01-01 01:34:50,245291759.8204649
2025-01-01 01:34:51,243435202.7697223
2025-01-01 01:34:52,247331243.42665997
2025-01-01 01:34:53,247490417.2851111
2025-01-01 01:34:54,248280546.95541504
2025-01-01 01:34:55,247809048.07118168
2025-01-01 01:34:56,250520468.63415125
2025-01-01 01:34:57,253271884.32851017
2025-01-01 01:34:58,248337081.5621938
2025-01-01 01:34:59,252215556.82982942
2025-01-01 01:35:00,252506332.89354664
2025-01-01 01:35:01,253749316.2849778
2025-01-01 01:35:02,252694974.06605843
2025-01-01 01:35:03,245534995.62747675
2025-01-01 01:35:04,245767236.11912984
2025-01-01 01:35:05,248481109.61814383
2025-01-01 01:35:06,249805539.9483146
2025-01-01 01:35:07,251837539.4042514
2025-01-01 01:35:08,251293155.52801108
2025-01-01 01:35:09,254167866.58988622
2025-01-01 01:35:10,256926977.5682833
2025-01-01 01:35:11,253210371.00228205
2025-01-01 01:35:12,250198052.0430534
2025-01-01 01:35:13,247294559.75366545
2025-01-01 01:35:14,251534542.03649926
2025-01-01 01:35:15,251357677.6325599
2025-01-01 01:35:16,247688010.36996773
2025-01-01 01:35:17,247388969.68728933
2025-01-01 01:35:18,248415951.6380896
2025-01-01 01:35:19,247196392.5174723
2025-01-01 01:35:20,251174093.95864162
2025-01-01 01:35:21,248833754.4339356
2025-01-01 01:35:22,247561504.75305277
2025-01-01 01:35:23,249219891.38330537
2025-01-01 01:35:24,248479871.67091104
2025-01-01 01:35:25,250928237.54914117
2025-01-01 01:35:26,255137337.52141434
2025-01-01 01:35:27,254921260.2359439
2025-01-01 01:35:28,250589431.4165098
2025-01-01 01:35:29,253476249.7979309
2025-01-01 01:35:30,252189101.14938718
2025-01-01 01:35:31,247618543.376062
2025-01-01 01:35:32,249997306.20291576
2025-01-01 01:35:33,250759232.9863555
2025-01-01 01:35:34,247979635.87674713
2025-01-01 01:35:35,248177577.58560583
2025-01-01 01:35:36,250628369.05078074
2025-01-01 01:35:37,250887901.39815593
2025-01-01 01:35:38,248005735.58495307
2025-01-01 01:35:39,251257202.15050295
2025-01-01 01:35:40,247771846.60598686
2025-01-01 01:35:41,245393763.67974728
2025-01-01 01:35:42,248886744.43872514
2025-01-01 01:35:43,249467409.6048102
2025-01-01 01:35:44,246787073.23602247
2025-01-01 01:35:45,245243804.29508528
2025-01-01 01:35:46,249568235.61681086
2025-01-01 01:35:47,247653217.45485106
2025-01-01 01:35:48,250295082.7517343
2025-01-01 01:35:49,250513490.18784913
2025-01-01 01:35:50,251455518.92681125
2025-01-01 01:35:51,249434739.39580145
2025-01-01 01:35:52,247792931.48424858
2025-01-01 01:35:53,244287885.6978259
2025-01-01 01:35:54,243202873.29675648
2025-01-01 01:35:55,243581807.93644714
2025-01-01 01:35:56,243076816.41762793
2025-01-01 01:35:57,244141956.81985167
2025-01-01 01:35:58,243502455.22793376
2025-01-01 01:35:59,243753104.55725503
2025-01-01 01:36:00,244235257.13992512
2025-01-01 01:36:01,247025887.25289205
2025-01-01 01:36:02,247356484.56841773
2025-01-01 01:36:03,248776890.59531987
2025-01-01 01:36:04,244611853.21912035
2025-01-01 01:36:05,244273945.10642898
2025-01-01 01:36:06,244794623.93704125
2025-01-01 01:36:07,239247110.08191845
2025-01-01 01:36:08,245632716.1795962
2025-01-01 01:36:09,240287299.36530817
2025-01-01 01:36:10,243420968.407253
2025-01-01 01:36:11,243680228.9300549
2025-01-01 01:36:12,245829946.23064405
2025-01-01 01:36:13,247888863.62482482
2025-01-01 01:36:14,242703309.94719097
2025-01-01 01:36:15,241774184.7363468
2025-01-01 01:36:16,240879683.40426597
2025-01-01 01:36:17,239680216.32333967
2025-01-01 01:36:18,243249703.0983377
2025-01-01 01:36:19,241388639.8472605
2025-01-01 01:36:20,238500605.28023005
2025-01-01 01:36:21,243311849.6794814
2025-01-01 01:36:22,246367180.478519
2025-01-01 01:36:23,240921650.14481452
2025-01-01 01:36:24,244371405.15546525
2025-01-01 01:36:25,241955406.01860285
2025-01-01 01:36:26,243691640.0289565
2025-01-01 01:36:27,242841613.17906365
2025-01-01 01:36:28,241161555.19575387
2025-01-01 01:36:29,239915670.73565966
2025-01-01 01:36:30,248900839.69431725
2025-01-01 01:36:31,246000871.5373815
2025-01-01 01:36:32,246629992.27759156
2025-01-01 01:36:33,245188249.9533658
2025-01-01 01:36:34,247900267.59487408
2025-01-01 01:36:35,246821345.02736154
2025-01-01 01:36:36,246812706.31421375
2025-01-01 01:36:37,251268716.97985917
2025-01-01 01:36:38,247978567.88459468
2025-01-01 01:36:39,249046601.48105723
2025-01-01 01:36:40,246669467.28900984
2025-01-01 01:36:41,246603410.0525494
2025-01-01 01:36:42,250417213.57439655
2025-01-01 01:36:43,250023683.02860942
2025-01-01 01:36:44,250292094.16260618
2025-01-01 01:36:45,249360531.11745512
2025-01-01 01:36:46,247340318.16396874
2025-01-01 01:36:47,248679293.1855598
2025-01-01 01:36:48,247877827.7411602
2025-01-01 01:36:49,248250458.48778608
2025-01-01 01:36:50,245795164.36887297
2025-01-01 01:36:51,242313058.92484397
2025-01-01 01:36:52,249487352.80424172
2025-01-01 01:36:53,248108676.71214965
2025-01-01 01:36:54,246026842.48227796
2025-01-01 01:36:55,250379111.16827673
2025-01-01 01:36:56,250140790.75267726
2025-01-01 01:36:57,251401933.10228005
2025-01-01 01:36:58,248510242.582096
2025-01-01 01:36:59,247999212.72679967
2025-01-01 01:37:00,244905965.33206552
2025-01-01 01:37:01,245826949.26486692
2025-01-01 01:37:02,243797772.89968935
2025-01-01 01:37:03,248667855.3688489
2025-01-01 01:37:04,245990907.70845306
2025-01-01 01:37:05,248388136.3203045
2025-01-01 01:37:06,248719219.56640926
2025-01-01 01:37:07,244758180.3139683
2025-01-01 01:37:08,245190122.97841436
2025-01-01 01:37:09,243231325.5846402
2025-01-01 01:37:10,249660388.65035897
2025-01-01 01:37:11,251300493.04276508
2025-01-01 01:37:12,256057528.07219324
2025-01-01 01:37:13,252610189.68808186
2025-01-01 01:37:14,251128121.98868778
2025-01-01 01:37:15,256322005.4642743
2025-01-01 01:37:16,256487641.3640768
2025-01-01 01:37:17,250382951.5875759
2025-01-01 01:37:18,246097313.5652439
2025-01-01 01:37:19,246861244.71308812
2025-01-01 01:37:20,249176938.11127812
2025-01-01 01:37:21,251603113.3703118
2025-01-01 01:37:22,248001706.38232157
2025-01-01 01:37:23,246130867.24913502
2025-01-01 01:37:24,246582247.91563407
2025-01-01 01:37:25,248330903.6106057
2025-01-01 01:37:26,252148363.66154122
2025-01-01 01:37:27,251265621.2605598
2025-01-01 01:37:28,247044090.91142315
2025-01-01 01:37:29,245944851.29998884
2025-01-01 01:37:30,248071711.1338372
2025-01-01 01:37:31,247987184.03609473
2025-01-01 01:37:32,253371876.25235674
2025-01-01 01:37:33,255362991.48074704
2025-01-01 01:37:34,253112676.10629693
2025-01-01 01:37:35,250472262.3192938
2025-01-01 01:37:36,256340305.58487847
2025-01-01 01:37:37,252423009.63969684
2025-01-01 01:37:38,251399753.43507102
2025-01-01 01:37:39,249805146.14476943
2025-01-01 01:37:40,250569528.65921813
2025-01-01 01:37:41,252812379.8355773
2025-01-01 01:37:42,250693497.9343705
2025-01-01 01:37:43,250130685.61857927
2025-01-01 01:37:44,244603684.82315516
2025-01-01 01:37:45,245358910.12473986
2025-01-01 01:37:46,244781077.3004803
2025-01-01 01:37:47,243028692.50989807
2025-01-01 01:37:48,244009609.6265288
2025-01-01 01:37:49,244000520.33188784
2025-01-01 01:37:50,244791737.42296827
2025-01-01 01:37:51,246769591.10511324
2025-01-01 01:37:52,249674178.3703028
2025-01-01 01:37:53,246960312.63201714
2025-01-01 01:37:54,245718192.21345413
2025-01-01 01:37:55,245849656.02177727
2025-01-01 01:37:56,246188519.48794326
2025-01-01 01:37:57,243338645.70313653
2025-01-01 01:37:58,246576733.64254788
2025-01-01 01:37:59,246193059.12021717
2025-01-01 01:38:00,248044715.16291597
2025-01-01 01:38:01,246502361.28712094
2025-01-01 01:38:02,244834555.8162173
2025-01-01 01:38:03,246332507.00017288
2025-01-01 01:38:04,246795515.9160965
2025-01-01 01:38:05,246134970.9440019
2025-01-01 01:38:06,244303014.8509197
2025-01-01 01:38:07,247763969.40043834
2025-01-01 01:38:08,247685607.28157446
2025-01-01 01:38:09,248058999.668664
2025-01-01 01:38:10,243889904.49336234
2025-01-01 01:38:11,249514749.5691781
2025-01-01 01:38:12,247469636.47641587
2025-01-01 01:38:13,248382084.05780914
2025-01-01 01:38:14,245250279.14377278
2025-01-01 01:38:15,245099194.3064264
2025-01-01 01:38:16,246537996.57697165
2025-01-01 01:38:17,249398159.2330465
2025-01-01 01:38:18,246524371.5177985
2025-01-01 01:38:19,249625641.87272438
2025-01-01 01:38:20,250871118.8372745
2025-01-01 01:38:21,244051436.73843485
2025-01-01 01:38:22,244929065.16143283
2025-01-01 01:38:23,246142137.02924734
2025-01-01 01:38:24,249419684.68248162
2025-01-01 01:38:25,248585664.3022453
2025-01-01 01:38:26,251264668.83370814
2025-01-01 01:38:27,247203287.71726054
2025-01-01 01:38:28,243876510.689066
2025-01-01 01:38:29,245260026.98716456
2025-01-01 01:38:30,250527517.71235308
2025-01-01 01:38:31,249561020.07161006
2025-01-01 01:38:32,248814844.0265004
2025-01-01 01:38:33,246359509.35442632
2025-01-01 01:38:34,247278441.14595973
2025-01-01 01:38:35,245884646.5111328
2025-01-01 01:38:36,250142408.67959505
2025-01-01 01:38:37,248111369.2067811
2025-01-01 01:38:38,246684683.4433618
2025-01-01 01:38:39,252749758.72308823
2025-01-01 01:38:40,247968667.43977535
2025-01-01 01:38:41,245081726.61654317
2025-01-01 01:38:42,244719764.07190412
2025-01-01 01:38:43,239365741.9090623
2025-01-01 01:38:44,243602349.01399964
2025-01-01 01:38:45,245472638.1802384
2025-01-01 01:38:46,245678877.3260587
2025-01-01 01:38:47,244725218.50190333
2025-01-01 01:38:48,246913384.0080667
2025-01-01 01:38:49,247357436.38416898
2025-01-01 01:38:50,246985587.27533418
2025-01-01 01:38:51,245981621.426331
2025-01-01 01:38:52,242389894.18257552
2025-01-01 01:38:53,246136822.67958757
2025-01-01 01:38:54,241033761.6931365
2025-01-01 01:38:55,239600107.49259254
2025-01-01 01:38:56,243296891.39328367
2025-01-01 01:38:57,241472887.88685364
2025-01-01 01:38:58,242160646.89360064
2025-01-01 01:38:59,243848515.47327253
2025-01-01 01:39:00,244856956.32629266
2025-01-01 01:39:01,246816927.24268943
2025-01-01 01:39:02,243885067.34971452
2025-01-01 01:39:03,244938902.36519292
2025-01-01 01:39:04,247086474.2978356
2025-01-01 01:39:05,246731492.75914693
2025-01-01 01:39:06,248343822.19768032
2025-01-01 01:39:07,247343966.48749045
2025-01-01 01:39:08,243450173.25501612
2025-01-01 01:39:09,244226442.81191605
2025-01-01 01:39:10,245683848.11887243
2025-01-01 01:39:11,244688857.34748164
2025-01-01 01:39:12,245936226.22377917
2025-01-01 01:39:13,245984978.55869663
2025-01-01 01:39:14,245156772.4535462
2025-01-01 01:39:15,246427154.93202105
2025-01-01 01:39:16,244474979.29969814
2025-01-01 01:39:17,245682354.3651353
2025-01-01 01:39:18,249014452.91951403
2025-01-01 01:39:19,252474297.88427144
2025-01-01 01:39:20,244537145.35789096
2025-01-01 01:39:21,242478472.6372818
2025-01-01 01:39:22,243037043.07342288
2025-01-01 01:39:23,247910601.25651166
2025-01-01 01:39:24,244317958.75055924
2025-01-01 01:39:25,245394631.65991583
2025-01-01 01:39:26,246496453.68967322
2025-01-01 01:39:27,244804621.71675935
2025-01-01 01:39:28,248369961.77746823
2025-01-01 01:39:29,248016351.581633
2025-01-01 01:39:30,246435231.177883
2025-01-01 01:39:31,247958886.07271808
2025-01-01 01:39:32,247529364.2294837
2025-01-01 01:39:33,244371116.5499635
2025-01-01 01:39:34,245286084.76136652
2025-01-01 01:39:35,244005852.78813922
2025-01-01 01:39:36,246598738.56346348
2025-01-01 01:39:37,242637138.4124077
2025-01-01 01:39:38,242373229.60453367
2025-01-01 01:39:39,243363694.7100458
2025-01-01 01:39:40,244003073.56772554
2025-01-01 01:39:41,243923480.20998815
2025-01-01 01:39:42,239289866.1455756
2025-01-01 01:39:43,239342068.73773018
2025-01-01 01:39:44,240680901.5690005
2025-01-01 01:39:45,241993346.11038467
2025-01-01 01:39:46,244759736.70863006
2025-01-01 01:39:47,247044362.43637156
2025-01-01 01:39:48,243611190.20799288
2025-01-01 01:39:49,242951933.0915073
2025-01-01 01:39:50,238075378.1153262
2025-01-01 01:39:51,244137541.71363142
2025-01-01 01:39:52,244207874.97279888
2025-01-01 01:39:53,246747706.15860325
2025-01-01 01:39:54,246044580.07246104
2025-01-01 01:39:55,244782957.81737688
2025-01-01 01:39:56,249887371.99322805
2025-01-01 01:39:57,246652783.34690812
2025-01-01 01:39:58,247335223.85503146
2025-01-01 01:39:59,248152152.3722404
2025-01-01 01:40:00,252707865.79997367
2025-01-01 01:40:01,252973818.98155892
2025-01-01 01:40:02,247486208.26066327
2025-01-01 01:40:03,247120301.10033992
2025-01-01 01:40:04,245425133.6649313
2025-01-01 01:40:05,244532155.0620074
2025-01-01 01:40:06,246993024.13775694
2025-01-01 01:40:07,250400601.5258601
2025-01-01 01:40:08,251084245.00048932
2025-01-01 01:40:09,247069139.78614286
2025-01-01 01:40:10,245384044.07820415
2025-01-01 01:40:11,246125159.58373752
2025-01-01 01:40:12,248063343.0941116
2025-01-01 01:40:13,245287892.72617906
2025-01-01 01:40:14,248426198.02290666
2025-01-01 01:40:15,249200501.14419428
2025-01-01 01:40:16,250537574.8958595
2025-01-01 01:40:17,247720332.86238003
2025-01-01 01:40:18,247334256.43989813
2025-01-01 01:40:19,248473904.7945659
2025-01-01 01:40:20,250418158.78889248
2025-01-01 01:40:21,248307957.36010987
2025-01-01 01:40:22,249367168.8639597
2025-01-01 01:40:23,244487859.5670134
2025-01-01 01:40:24,247251287.76121345
2025-01-01 01:40:25,248466058.33055037
2025-01-01 01:40:26,248597081.75469768
2025-01-01 01:40:27,246565842.6791524
2025-01-01 01:40:28,249452883.38317913
2025-01-01 01:40:29,243732433.5854064
2025-01-01 01:40:30,243574632.400705
2025-01-01 01:40:31,246669225.5206599
2025-01-01 01:40:32,246451520.80900425
2025-01-01 01:40:33,245875868.05127558
2025-01-01 01:40:34,246341542.52687585
2025-01-01 01:40:35,250522996.28548917
2025-01-01 01:40:36,248168303.78112262
2025-01-01 01:40:37,250209407.381074
2025-01-01 01:40:38,251237139.680773
2025-01-01 01:40:39,253918445.6648145
2025-01-01 01:40:40,250655936.94810197
2025-01-01 01:40:41,245780197.2097923
2025-01-01 01:40:42,251620322.90587467
2025-01-01 01:40:43,251572672.9023081
2025-01-01 01:40:44,250141814.15857092
2025-01-01 01:40:45,253715457.7554047
2025-01-01 01:40:46,254905782.91655493
2025-01-01 01:40:47,250531492.38035986
2025-01-01 01:40:48,248437495.74958292
2025-01-01 01:40:49,250358849.49880254
2025-01-01 01:40:50,246786993.62575662
2025-01-01 01:40:51,242618173.60493842
2025-01-01 01:40:52,244450819.92118412
2025-01-01 01:40:53,249424579.77350658
2025-01-01 01:40:54,242875647.62664533
2025-01-01 01:40:55,245683663.34414077
2025-01-01 01:40:56,250342831.54196966
2025-01-01 01:40:57,252748072.15771034
2025-01-01 01:40:58,250380019.80419448
2025-01-01 01:40:59,253261608.81736723
2025-01-01 01:41:00,255176231.9028785
2025-01-01 01:41:01,252043134.43804494
2025-01-01 01:41:02,253128444.3390923
2025-01-01 01:41:03,251463573.63186508
2025-01-01 01:41:04,251216581.41516855
2025-01-01 01:41:05,251429849.96596897
2025-01-01 01:41:06,253878901.84284332
2025-01-01 01:41:07,252144624.23082024
2025-01-01 01:41:08,259031441.00727695
2025-01-01 01:41:09,255656831.46031007
2025-01-01 01:41:10,256684353.73993635
2025-01-01 01:41:11,253331210.17776376
2025-01-01 01:41:12,251775511.12001857
2025-01-01 01:41:13,255814944.75579712
2025-01-01 01:41:14,258780667.71820885
2025-01-01 01:41:15,254374297.76662612
2025-01-01 01:41:16,248457116.83683294
2025-01-01 01:41:17,253826724.01786932
2025-01-01 01:41:18,257135268.52208543
2025-01-01 01:41:19,252011869.15413746
2025-01-01 01:41:20,250849466.36475435
2025-01-01 01:41:21,254007811.14777148
2025-01-01 01:41:22,258916519.77124637
2025-01-01 01:41:23,255258459.39460486
2025-01-01 01:41:24,254587270.28511748
2025-01-01 01:41:25,257309251.35126653
2025-01-01 01:41:26,260132844.19377124
2025-01-01 01:41:27,259840932.2856378
2025-01-01 01:41:28,255943757.22629774
2025-01-01 01:41:29,260409748.05378664
2025-01-01 01:41:30,261165700.289479
2025-01-01 01:41:31,256817181.43646502
2025-01-01 01:41:32,255515385.21725616
2025-01-01 01:41:33,258152632.06785312
2025-01-01 01:41:34,254683726.7851497
2025-01-01 01:41:35,254989741.35625303
2025-01-01 01:41:36,252346955.06311983
2025-01-01 01:41:37,254510731.85686347
2025-01-01 01:41:38,254226866.62929937
2025-01-01 01:41:39,250917047.13961735
2025-01-01 01:41:40,252162558.17710862
2025-01-01 01:41:41,252349950.10054627
2025-01-01 01:41:42,249400286.0773717
2025-01-01 01:41:43,250306656.6086518
2025-01-01 01:41:44,252845583.2063055
2025-01-01 01:41:45,252028519.66038725
2025-01-01 01:41:46,253158189.49782443
2025-01-01 01:41:47,259741953.9029088
2025-01-01 01:41:48,255955647.77926758
2025-01-01 01:41:49,257050674.31994757
2025-01-01 01:41:50,252926940.60447046
2025-01-01 01:41:51,249023134.1353101
2025-01-01 01:41:52,250888745.20164973
2025-01-01 01:41:53,250978342.9473073
2025-01-01 01:41:54,250442866.62406194
2025-01-01 01:41:55,250211955.499125
2025-01-01 01:41:56,249836022.7851799
2025-01-01 01:41:57,251475099.05760217
2025-01-01 01:41:58,251710570.2807785
2025-01-01 01:41:59,250271959.87200683
2025-01-01 01:42:00,252816747.29699263
2025-01-01 01:42:01,253315580.41525385
2025-01-01 01:42:02,254467799.7640738
2025-01-01 01:42:03,256522107.74432024
2025-01-01 01:42:04,260402816.41691035
2025-01-01 01:42:05,256490306.75551784
2025-01-01 01:42:06,254548224.2961498
2025-01-01 01:42:07,253688293.9963207
2025-01-01 01:42:08,251549932.823571
2025-01-01 01:42:09,253273813.76591894
2025-01-01 01:42:10,256488563.29752743
2025-01-01 01:42:11,251165212.76143432
2025-01-01 01:42:12,248805728.6367275
2025-01-01 01:42:13,249553157.5001087
2025-01-01 01:42:14,253405951.43436712
2025-01-01 01:42:15,253153091.82503006
2025-01-01 01:42:16,250211400.5475305
2025-01-01 01:42:17,246750416.71692634
2025-01-01 01:42:18,250752730.5229969
2025-01-01 01:42:19,247768757.80749196
2025-01-01 01:42:20,251029646.76418015
2025-01-01 01:42:21,251895814.1438725
2025-01-01 01:42:22,252439709.58492264
2025-01-01 01:42:23,246100584.8509858
2025-01-01 01:42:24,249115224.6757929
2025-01-01 01:42:25,249529256.40480044
2025-01-01 01:42:26,245181865.89941978
2025-01-01 01:42:27,241766967.1816775
2025-01-01 01:42:28,242247149.60549682
2025-01-01 01:42:29,245703497.08882895
2025-01-01 01:42:30,248636618.04350796
2025-01-01 01:42:31,250288815.74236402
2025-01-01 01:42:32,247590842.2934881
2025-01-01 01:42:33,250061372.1052023
2025-01-01 01:42:34,249819638.9198911
2025-01-01 01:42:35,251062555.1908988
2025-01-01 01:42:36,248348002.78757575
2025-01-01 01:42:37,243366590.23390803
2025-01-01 01:42:38,246129211.371428
2025-01-01 01:42:39,245215434.9016082
2025-01-01 01:42:40,246053565.3308034
2025-01-01 01:42:41,245523548.12888917
2025-01-01 01:42:42,241315976.1150273
2025-01-01 01:42:43,243211710.54992828
2025-01-01 01:42:44,250562412.0594457
2025-01-01 01:42:45,242332212.01076412
2025-01-01 01:42:46,244945145.99849117
2025-01-01 01:42:47,244941725.59348044
2025-01-01 01:42:48,243222988.18201488
2025-01-01 01:42:49,240821958.3994287
2025-01-01 01:42:50,244505220.15015212
2025-01-01 01:42:51,253143879.2914605
2025-01-01 01:42:52,249828266.63315973
2025-01-01 01:42:53,247808637.3236274
2025-01-01 01:42:54,242524552.76565343
2025-01-01 01:42:55,247044166.4697528
2025-01-01 01:42:56,248588665.36134884
2025-01-01 01:42:57,245981553.93894196
2025-01-01 01:42:58,250309582.84732878
2025-01-01 01:42:59,246965384.68396375
2025-01-01 01:43:00,247980125.09264207
2025-01-01 01:43:01,245678079.20797715
2025-01-01 01:43:02,247062570.24569914
2025-01-01 01:43:03,245247601.48044696
2025-01-01 01:43:04,238177235.64844435
2025-01-01 01:43:05,238826383.55462587
2025-01-01 01:43:06,240225221.9444081
2025-01-01 01:43:07,241107572.66732162
2025-01-01 01:43:08,245311811.64862937
2025-01-01 01:43:09,247808742.97908396
2025-01-01 01:43:10,248874419.4722476
2025-01-01 01:43:11,246499074.8963746
2025-01-01 01:43:12,249882435.8959555
2025-01-01 01:43:13,247009401.88227013
2025-01-01 01:43:14,241756121.07940197
2025-01-01 01:43:15,239309154.47630286
2025-01-01 01:43:16,241885690.6353667
2025-01-01 01:43:17,244669714.3775873
2025-01-01 01:43:18,247916403.7202263
2025-01-01 01:43:19,250938290.17450753
2025-01-01 01:43:20,251248446.27769017
2025-01-01 01:43:21,248609741.57088184
2025-01-01 01:43:22,251083417.16180986
2025-01-01 01:43:23,254464238.96884334
2025-01-01 01:43:24,252567672.47323477
2025-01-01 01:43:25,255508049.00075036
2025-01-01 01:43:26,251494723.06395093
2025-01-01 01:43:27,249114390.2925023
2025-01-01 01:43:28,248251749.93025848
2025-01-01 01:43:29,251539134.4681666
2025-01-01 01:43:30,248108154.33035988
2025-01-01 01:43:31,243990510.01186126
2025-01-01 01:43:32,247681287.85642147
2025-01-01 01:43:33,250040961.26664898
2025-01-01 01:43:34,247936229.60563698
2025-01-01 01:43:35,247372769.50289652
2025-01-01 01:43:36,244726078.86884087
2025-01-01 01:43:37,246944601.47704193
2025-01-01 01:43:38,249876866.80475146
2025-01-01 01:43:39,252331222.49930695
2025-01-01 01:43:40,244444574.2253738
2025-01-01 01:43:41,248527877.47662932
2025-01-01 01:43:42,246584508.64254883
2025-01-01 01:43:43,246265013.38935214
2025-01-01 01:43:44,250878008.1748446
2025-01-01 01:43:45,250494237.10186055
2025-01-01 01:43:46,248844021.36308292
2025-01-01 01:43:47,246600964.06185403
2025-01-01 01:43:48,248590327.02504736
2025-01-01 01:43:49,250072270.3087813
2025-01-01 01:43:50,252449642.9007895
2025-01-01 01:43:51,246922790.93258366
2025-01-01 01:43:52,246890128.68920055
2025-01-01 01:43:53,242315767.98359492
2025-01-01 01:43:54,245951294.28086329
2025-01-01 01:43:55,243124559.5116534
2025-01-01 01:43:56,241943096.85546067
2025-01-01 01:43:57,242947372.28392115
2025-01-01 01:43:58,241561467.15310842
2025-01-01 01:43:59,249078478.2220362
2025-01-01 01:44:00,246538461.80443725
2025-01-01 01:44:01,248726390.31143263
2025-01-01 01:44:02,248422085.90659901
2025-01-01 01:44:03,248275040.14999795
2025-01-01 01:44:04,248965867.20050254
2025-01-01 01:44:05,254136080.69985184
2025-01-01 01:44:06,247642213.9835986
2025-01-01 01:44:07,247421544.84292588
2025-01-01 01:44:08,246472086.60894102
2025-01-01 01:44:09,244190893.138315
2025-01-01 01:44:10,248101657.31911093
2025-01-01 01:44:11,244969611.1942312
2025-01-01 01:44:12,249553212.38074976
2025-01-01 01:44:13,252936513.92476478
2025-01-01 01:44:14,250510017.77977034
2025-01-01 01:44:15,247996398.56932572
2025-01-01 01:44:16,247435590.91617045
2025-01-01 01:44:17,254530921.54635033
2025-01-01 01:44:18,251788975.44322628
2025-01-01 01:44:19,252913354.43321532
2025-01-01 01:44:20,251302239.18806314
2025-01-01 01:44:21,254446651.1062792
2025-01-01 01:44:22,256689365.10458478
2025-01-01 01:44:23,255232964.92026475
2025-01-01 01:44:24,250509467.75161082
2025-01-01 01:44:25,252974978.3830457
2025-01-01 01:44:26,252326453.8466874
2025-01-01 01:44:27,251309189.99518782
2025-01-01 01:44:28,247603711.49741694
2025-01-01 01:44:29,245439994.52073148
2025-01-01 01:44:30,247755572.1427889
2025-01-01 01:44:31,247181768.04011273
2025-01-01 01:44:32,249862292.03766835
2025-01-01 01:44:33,248092403.78570575
2025-01-01 01:44:34,245769507.27595976
2025-01-01 01:44:35,250279033.6066946
2025-01-01 01:44:36,251948597.28867868
2025-01-01 01:44:37,256035447.64889467
2025-01-01 01:44:38,253597227.3381376
2025-01-01 01:44:39,249857463.35249314
2025-01-01 01:44:40,254061904.17133895
2025-01-01 01:44:41,255435160.92353365
2025-01-01 01:44:42,257490185.986464
2025-01-01 01:44:43,256852892.8958631
2025-01-01 01:44:44,254756553.00947982
2025-01-01 01:44:45,253542437.25324523
2025-01-01 01:44:46,249118394.3877395
2025-01-01 01:44:47,250526381.4180753
2025-01-01 01:44:48,250088690.2623015
2025-01-01 01:44:49,252219229.8079008
2025-01-01 01:44:50,254666488.2402838
2025-01-01 01:44:51,248585435.13392943
2025-01-01 01:44:52,249146751.6017692
2025-01-01 01:44:53,249828903.0050155
2025-01-01 01:44:54,250502894.79142794
2025-01-01 01:44:55,252441710.6333194
2025-01-01 01:44:56,253810118.68447876
2025-01-01 01:44:57,257418024.95967567
2025-01-01 01:44:58,251739832.68373013
2025-01-01 01:44:59,250983916.46176878
2025-01-01 01:45:00,248221398.94897008
2025-01-01 01:45:01,247994897.44884613
2025-01-01 01:45:02,252865740.61996087
2025-01-01 01:45:03,251756535.2773754
2025-01-01 01:45:04,247536311.45455164
2025-01-01 01:45:05,250338916.32382074
2025-01-01 01:45:06,248625274.55992767
2025-01-01 01:45:07,247676695.30018246
2025-01-01 01:45:08,249575402.22621265
2025-01-01 01:45:09,248898218.6013436
2025-01-01 01:45:10,253080723.15751633
2025-01-01 01:45:11,249130187.8537488
2025-01-01 01:45:12,247627165.798428
2025-01-01 01:45:13,250631986.49697644
2025-01-01 01:45:14,248966173.40415832
2025-01-01 01:45:15,247298538.89224523
2025-01-01 01:45:16,248726609.39474463
2025-01-01 01:45:17,254684170.67645532
2025-01-01 01:45:18,249767469.3549716
2025-01-01 01:45:19,249650781.58038342
2025-01-01 01:45:20,245580571.29998088
2025-01-01 01:45:21,251675406.753694
2025-01-01 01:45:22,251460647.5277642
2025-01-01 01:45:23,253943463.68941295
2025-01-01 01:45:24,256515171.32002664
2025-01-01 01:45:25,256323088.69518328
2025-01-01 01:45:26,252845502.35300776
2025-01-01 01:45:27,250313445.6932321
2025-01-01 01:45:28,248254401.06980386
2025-01-01 01:45:29,247581922.61461318
2025-01-01 01:45:30,245586803.1368982
2025-01-01 01:45:31,253146510.98110244
2025-01-01 01:45:32,255155969.14415345
2025-01-01 01:45:33,252613294.2919239
2025-01-01 01:45:34,250867244.07788825
2025-01-01 01:45:35,252425617.71660894
2025-01-01 01:45:36,252594613.32500723
2025-01-01 01:45:37,247249582.60017228
2025-01-01 01:45:38,247977525.99920022
2025-01-01 01:45:39,247840076.62443492
2025-01-01 01:45:40,247359313.08117688
2025-01-01 01:45:41,241589540.04293808
2025-01-01 01:45:42,242998382.66501594
2025-01-01 01:45:43,247319083.42865244
2025-01-01 01:45:44,244181239.9801702
2025-01-01 01:45:45,243749299.7471527
2025-01-01 01:45:46,243104249.7553817
2025-01-01 01:45:47,245118616.92482033
2025-01-01 01:45:48,251444847.4177234
2025-01-01 01:45:49,249904356.83519536
2025-01-01 01:45:50,254119769.89840877
2025-01-01 01:45:51,249777163.44391957
2025-01-01 01:45:52,246010875.3175382
2025-01-01 01:45:53,250534367.34301522
2025-01-01 01:45:54,248729480.41800737
2025-01-01 01:45:55,240409706.1132843
2025-01-01 01:45:56,246081794.44977668
2025-01-01 01:45:57,245570783.79483756
2025-01-01 01:45:58,246435110.51229233
2025-01-01 01:45:59,241049743.41146407
2025-01-01 01:46:00,242668143.4006232
2025-01-01 01:46:01,242171912.3699977
2025-01-01 01:46:02,244921331.9794044
2025-01-01 01:46:03,245226495.72370937
2025-01-01 01:46:04,244677503.2490714
2025-01-01 01:46:05,244726663.03628922
2025-01-01 01:46:06,250417223.93844792
2025-01-01 01:46:07,252409308.74532932
2025-01-01 01:46:08,252255821.70359758
2025-01-01 01:46:09,253671327.1985518
2025-01-01 01:46:10,253526978.41878852
2025-01-01 01:46:11,257649932.38646913
2025-01-01 01:46:12,259178456.92244646
2025-01-01 01:46:13,253094103.9369536
2025-01-01 01:46:14,251604383.8088699
2025-01-01 01:46:15,251221336.08162677
2025-01-01 01:46:16,246663141.8052648
2025-01-01 01:46:17,247426207.55101508
2025-01-01 01:46:18,247586028.10084447
2025-01-01 01:46:19,250839262.99517497
2025-01-01 01:46:20,246964967.39560735
2025-01-01 01:46:21,244462987.2823689
2025-01-01 01:46:22,251582381.24594483
2025-01-01 01:46:23,247683983.3697177
2025-01-01 01:46:24,245740487.88963863
2025-01-01 01:46:25,247822409.58994862
2025-01-01 01:46:26,246942904.12063673
2025-01-01 01:46:27,246925680.16686347
2025-01-01 01:46:28,248022096.55090338
2025-01-01 01:46:29,249686562.74807018
2025-01-01 01:46:30,251566083.7862033
2025-01-01 01:46:31,253043890.0971567
2025-01-01 01:46:32,249453139.77913883
2025-01-01 01:46:33,247365905.5648068
2025-01-01 01:46:34,249785553.62880978
2025-01-01 01:46:35,246354944.5153385
2025-01-01 01:46:36,251281040.60943678
2025-01-01 01:46:37,251029119.47224128
2025-01-01 01:46:38,249580433.94991273
2025-01-01 01:46:39,250426338.39681822
2025-01-01 01:46:40,249190587.17190364
2025-01-01 01:46:41,247887685.73349807
2025-01-01 01:46:42,246780821.57015616
2025-01-01 01:46:43,245714625.3473711
2025-01-01 01:46:44,242205670.50531918
2025-01-01 01:46:45,244974396.4470581
2025-01-01 01:46:46,248597470.2743697
2025-01-01 01:46:47,247818780.34770125
2025-01-01 01:46:48,250603652.64688516
2025-01-01 01:46:49,247001444.9905266
2025-01-01 01:46:50,246604204.8259842
2025-01-01 01:46:51,247614443.08650243
2025-01-01 01:46:52,243375838.5370047
2025-01-01 01:46:53,246159211.42764455
2025-01-01 01:46:54,245783188.96928978
2025-01-01 01:46:55,250008718.2077905
2025-01-01 01:46:56,247242919.1559031
2025-01-01 01:46:57,247567039.32421806
2025-01-01 01:46:58,252976923.30494556
2025-01-01 01:46:59,249511213.017925
2025-01-01 01:47:00,251543082.89571783
2025-01-01 01:47:01,245740256.23483068
2025-01-01 01:47:02,246883062.4500715
2025-01-01 01:47:03,249162971.8664444
2025-01-01 01:47:04,249290690.5358859
2025-01-01 01:47:05,251173035.00128675
2025-01-01 01:47:06,248633554.25209466
2025-01-01 01:47:07,249248701.6221612
2025-01-01 01:47:08,250394158.52053663
2025-01-01 01:47:09,247816990.912499
2025-01-01 01:47:10,249527717.49072507
2025-01-01 01:47:11,247868411.49453813
2025-01-01 01:47:12,248248464.5771774
2025-01-01 01:47:13,250384839.54384175
2025-01-01 01:47:14,247392721.4847108
2025-01-01 01:47:15,241162111.60451895
2025-01-01 01:47:16,247138867.22442567
2025-01-01 01:47:17,248871288.32728103
2025-01-01 01:47:18,252861278.61581826
2025-01-01 01:47:19,247780669.86691284
2025-01-01 01:47:20,248721320.62576476
2025-01-01 01:47:21,249906742.53888756
2025-01-01 01:47:22,250064607.91105202
2025-01-01 01:47:23,249754183.00981984
2025-01-01 01:47:24,250681802.22916725
2025-01-01 01:47:25,247899974.28747848
2025-01-01 01:47:26,246338058.27495325
2025-01-01 01:47:27,247624848.09183025
2025-01-01 01:47:28,250077927.1179099
2025-01-01 01:47:29,243352094.07475758
2025-01-01 01:47:30,243124544.8482414
2025-01-01 01:47:31,243027575.98769677
2025-01-01 01:47:32,245140319.2850621
2025-01-01 01:47:33,246904707.5339322
2025-01-01 01:47:34,240961772.31023192
2025-01-01 01:47:35,243098150.9661615
2025-01-01 01:47:36,242982701.59151798
2025-01-01 01:47:37,238310719.46720657
2025-01-01 01:47:38,237962673.70665282
2025-01-01 01:47:39,241412621.4186317
2025-01-01 01:47:40,244148283.38495862
2025-01-01 01:47:41,243760130.19395578
2025-01-01 01:47:42,245355074.58098164
2025-01-01 01:47:43,247017528.67470258
2025-01-01 01:47:44,250131736.6019757
2025-01-01 01:47:45,249057158.26132017
2025-01-01 01:47:46,247902222.9930488
2025-01-01 01:47:47,247443220.52625376
2025-01-01 01:47:48,255400098.40635866
2025-01-01 01:47:49,248558432.99665684
2025-01-01 01:47:50,250836714.33063683
2025-01-01 01:47:51,251146734.6144782
2025-01-01 01:47:52,250732943.4120511
2025-01-01 01:47:53,248786022.60071057
2025-01-01 01:47:54,249610770.5753675
2025-01-01 01:47:55,247468774.14410484
2025-01-01 01:47:56,248261570.84234184
2025-01-01 01:47:57,243842061.71021742
2025-01-01 01:47:58,251888792.997981
2025-01-01 01:47:59,254872626.74977684
2025-01-01 01:48:00,253756571.64176118
2025-01-01 01:48:01,252410116.4769727
2025-01-01 01:48:02,252099806.24898434
2025-01-01 01:48:03,249089520.13767794
2025-01-01 01:48:04,247525002.04215267
2025-01-01 01:48:05,245555763.87672773
2025-01-01 01:48:06,249834880.6205504
2025-01-01 01:48:07,246993847.40553522
2025-01-01 01:48:08,246807779.26553854
2025-01-01 01:48:09,243920070.0633728
2025-01-01 01:48:10,248152719.59357688
2025-01-01 01:48:11,247130148.49499542
2025-01-01 01:48:12,243506338.62093672
2025-01-01 01:48:13,242201171.98106802
2025-01-01 01:48:14,239268015.57194084
2025-01-01 01:48:15,242618582.17382178
2025-01-01 01:48:16,244853222.09664354
2025-01-01 01:48:17,243563480.84274122
2025-01-01 01:48:18,241462336.1779977
2025-01-01 01:48:19,244627178.1964806
2025-01-01 01:48:20,245775866.06915247
2025-01-01 01:48:21,240698702.09613875
2025-01-01 01:48:22,244866451.04837954
2025-01-01 01:48:23,246701076.11568254
2025-01-01 01:48:24,241144512.40063137
2025-01-01 01:48:25,239908962.8661559
2025-01-01 01:48:26,242428022.70095488
2025-01-01 01:48:27,243297965.82140172
2025-01-01 01:48:28,244102589.2788557
2025-01-01 01:48:29,244434264.2501251
2025-01-01 01:48:30,247378730.14885372
2025-01-01 01:48:31,249747011.21866202
2025-01-01 01:48:32,245728448.8469122
2025-01-01 01:48:33,248126390.69327542
2025-01-01 01:48:34,245229850.5968165
2025-01-01 01:48:35,243490454.957574
2025-01-01 01:48:36,250882128.19424552
2025-01-01 01:48:37,249232482.62239304
2025-01-01 01:48:38,245311941.4428338
2025-01-01 01:48:39,251631993.81466985
2025-01-01 01:48:40,245630449.44583634
2025-01-01 01:48:41,246892162.42617387
2025-01-01 01:48:42,245450337.84890893
2025-01-01 01:48:43,248926754.66600305
2025-01-01 01:48:44,242507851.62817737
2025-01-01 01:48:45,247816299.10983065
2025-01-01 01:48:46,247240623.33462733
2025-01-01 01:48:47,243800594.23554122
2025-01-01 01:48:48,249654494.14601424
2025-01-01 01:48:49,244574774.69059086
2025-01-01 01:48:50,238223089.93627393
2025-01-01 01:48:51,247306251.71242264
2025-01-01 01:48:52,246753510.38406733
2025-01-01 01:48:53,245087005.2221717
2025-01-01 01:48:54,245181615.41316566
2025-01-01 01:48:55,244574003.0631996
2025-01-01 01:48:56,244782740.04256853
2025-01-01 01:48:57,245289010.2056872
2025-01-01 01:48:58,243154804.8027562
2025-01-01 01:48:59,242294242.00089306
2025-01-01 01:49:00,242843402.06019533
2025-01-01 01:49:01,247715086.8402332
2025-01-01 01:49:02,248450322.17440894
2025-01-01 01:49:03,244317526.12259424
2025-01-01 01:49:04,244240946.34158155
2025-01-01 01:49:05,244133830.23727965
2025-01-01 01:49:06,239574613.8128643
2025-01-01 01:49:07,243682631.3700467
2025-01-01 01:49:08,245270006.83182722
2025-01-01 01:49:09,247685204.4346133
2025-01-01 01:49:10,247595809.0696431
2025-01-01 01:49:11,243933032.38665977
2025-01-01 01:49:12,240706194.2771161
2025-01-01 01:49:13,243020189.91737622
2025-01-01 01:49:14,247089479.21354502
2025-01-01 01:49:15,248805692.33249936
2025-01-01 01:49:16,246328631.1650236
2025-01-01 01:49:17,250244774.11349472
2025-01-01 01:49:18,248686585.21035194
2025-01-01 01:49:19,246622693.90102848
2025-01-01 01:49:20,247597896.25961912
2025-01-01 01:49:21,244370387.29864433
2025-01-01 01:49:22,242990351.2913197
2025-01-01 01:49:23,244880324.96836057
2025-01-01 01:49:24,244764544.2557241
2025-01-01 01:49:25,247253176.96946877
2025-01-01 01:49:26,241290323.0416632
2025-01-01 01:49:27,242923177.99184185
2025-01-01 01:49:28,249667708.07453758
2025-01-01 01:49:29,250118072.04508933
2025-01-01 01:49:30,250582227.74310797
2025-01-01 01:49:31,250338369.74422228
2025-01-01 01:49:32,251523577.6884401
2025-01-01 01:49:33,250857625.918351
2025-01-01 01:49:34,247504747.94142246
2025-01-01 01:49:35,247132245.02944195
2025-01-01 01:49:36,250730559.59846714
2025-01-01 01:49:37,248165001.45954522
2025-01-01 01:49:38,243461251.14593905
2025-01-01 01:49:39,243542133.01622987
2025-01-01 01:49:40,242947261.5141394
2025-01-01 01:49:41,240884798.81595048
2025-01-01 01:49:42,248172867.46898025
2025-01-01 01:49:43,244497329.91652036
2025-01-01 01:49:44,248692514.55063203
2025-01-01 01:49:45,244439992.35380942
2025-01-01 01:49:46,243555007.3814011
2025-01-01 01:49:47,243978952.3585632
2025-01-01 01:49:48,243240117.7352458
2025-01-01 01:49:49,245593756.0969769
2025-01-01 01:49:50,248813750.75836968
2025-01-01 01:49:51,241834777.41124442
2025-01-01 01:49:52,243920107.3281256
2025-01-01 01:49:53,247915099.5962782
2025-01-01 01:49:54,244717282.80940714
2025-01-01 01:49:55,244862489.3103297
2025-01-01 01:49:56,244394383.68059018
2025-01-01 01:49:57,242891999.4854523
2025-01-01 01:49:58,242081188.07235134
2025-01-01 01:49:59,243161953.1600636
2025-01-01 01:50:00,246111987.1733954
2025-01-01 01:50:01,243602365.44524288
2025-01-01 01:50:02,243192829.5301359
2025-01-01 01:50:03,241655067.93483472
2025-01-01 01:50:04,242455395.30246878
2025-01-01 01:50:05,238730409.12049145
2025-01-01 01:50:06,240166055.5031058
2025-01-01 01:50:07,238390520.72934556
2025-01-01 01:50:08,241196426.42420876
2025-01-01 01:50:09,240102362.33613613
2025-01-01 01:50:10,236648063.91536877
2025-01-01 01:50:11,237221630.54912654
2025-01-01 01:50:12,237499684.0158301
2025-01-01 01:50:13,236298831.59801376
2025-01-01 01:50:14,239055516.82133684
2025-01-01 01:50:15,236748068.220023
2025-01-01 01:50:16,240588921.13224465
2025-01-01 01:50:17,241310243.01167145
2025-01-01 01:50:18,243577789.03349572
2025-01-01 01:50:19,245446022.8134185
2025-01-01 01:50:20,239761212.74536854
2025-01-01 01:50:21,243017677.52899012
2025-01-01 01:50:22,241697649.35276452
2025-01-01 01:50:23,243476263.34681898
2025-01-01 01:50:24,244614127.95522392
2025-01-01 01:50:25,242822426.26127025
2025-01-01 01:50:26,242087005.80067945
2025-01-01 01:50:27,241332697.19319925
2025-01-01 01:50:28,245377571.0222608
2025-01-01 01:50:29,245021561.042332
2025-01-01 01:50:30,242285665.01561272
2025-01-01 01:50:31,246465725.7044937
2025-01-01 01:50:32,250045411.57353923
2025-01-01 01:50:33,244961250.9960052
2025-01-01 01:50:34,248466361.04322168
2025-01-01 01:50:35,247932452.70430452
2025-01-01 01:50:36,245430115.00009924
2025-01-01 01:50:37,244785096.112656
2025-01-01 01:50:38,238794864.6063387
2025-01-01 01:50:39,241090484.8367145
2025-01-01 01:50:40,247391536.31421232
2025-01-01 01:50:41,248902648.3360876
2025-01-01 01:50:42,244217362.0931653
2025-01-01 01:50:43,241330953.11446413
2025-01-01 01:50:44,249134946.94135806
2025-01-01 01:50:45,249087276.75160208
2025-01-01 01:50:46,247514044.36201483
2025-01-01 01:50:47,245195636.49177688
2025-01-01 01:50:48,245814065.60171127
2025-01-01 01:50:49,245297980.29903123
2025-01-01 01:50:50,240478461.86293918
2025-01-01 01:50:51,241208780.8064789
2025-01-01 01:50:52,243011938.20776916
2025-01-01 01:50:53,245007394.27570078
2025-01-01 01:50:54,241823613.65340057
2025-01-01 01:50:55,245866211.56241107
2025-01-01 01:50:56,243821029.8214999
2025-01-01 01:50:57,251863435.4501237
2025-01-01 01:50:58,245092805.4379101
2025-01-01 01:50:59,247874023.2944283
2025-01-01 01:51:00,246438965.6701851
2025-01-01 01:51:01,239708671.85528004
2025-01-01 01:51:02,240619294.13357848
2025-01-01 01:51:03,239131605.33172867
2025-01-01 01:51:04,244777530.72910583
2025-01-01 01:51:05,244134973.84485164
2025-01-01 01:51:06,245284990.54290932
2025-01-01 01:51:07,244114564.25848246
2025-01-01 01:51:08,242568755.2760919
2025-01-01 01:51:09,239825678.38609976
2025-01-01 01:51:10,244163425.94414255
2025-01-01 01:51:11,248243440.25860956
2025-01-01 01:51:12,247840477.60863632
2025-01-01 01:51:13,245118437.95745698
2025-01-01 01:51:14,242882248.09779695
2025-01-01 01:51:15,244125326.9138406
2025-01-01 01:51:16,243808671.04352182
2025-01-01 01:51:17,242878160.6484472
2025-01-01 01:51:18,246354876.7335342
2025-01-01 01:51:19,244432830.84200448
2025-01-01 01:51:20,245160417.88654548
2025-01-01 01:51:21,246192800.58005825
2025-01-01 01:51:22,243873088.41356024
2025-01-01 01:51:23,244984762.67034495
2025-01-01 01:51:24,246634495.0713892
2025-01-01 01:51:25,243158525.425858
2025-01-01 01:51:26,242983685.7796672
2025-01-01 01:51:27,243038157.4006151
2025-01-01 01:51:28,246195679.83072284
2025-01-01 01:51:29,246668001.85586998
2025-01-01 01:51:30,246090324.51022357
2025-01-01 01:51:31,239596368.74483022
2025-01-01 01:51:32,244133129.30663142
2025-01-01 01:51:33,245916107.75879234
2025-01-01 01:51:34,247283453.82061344
2025-01-01 01:51:35,249227964.29184565
2025-01-01 01:51:36,244270586.8930989
2025-01-01 01:51:37,243496986.1542313
2025-01-01 01:51:38,248041574.82306346
2025-01-01 01:51:39,246267560.7829078
2025-01-01 01:51:40,252441443.92644283
2025-01-01 01:51:41,248888706.7245796
2025-01-01 01:51:42,247118207.01480883
2025-01-01 01:51:43,247790013.92559895
2025-01-01 01:51:44,242877019.02859408
2025-01-01 01:51:45,245964427.79838708
2025-01-01 01:51:46,246164639.88586748
2025-01-01 01:51:47,249639356.15882474
2025-01-01 01:51:48,249624829.34726632
2025-01-01 01:51:49,249814249.96693203
2025-01-01 01:51:50,245300431.07040456
2025-01-01 01:51:51,249703709.2405835
2025-01-01 01:51:52,248267579.19118336
2025-01-01 01:51:53,247805105.1682287
2025-01-01 01:51:54,252046248.2299672
2025-01-01 01:51:55,248708687.2472164
2025-01-01 01:51:56,254634772.59806404
2025-01-01 01:51:57,252154439.25106046
2025-01-01 01:51:58,247871741.1371299
2025-01-01 01:51:59,248545147.28479263
2025-01-01 01:52:00,245431787.93499282
2025-01-01 01:52:01,242533552.45342574
2025-01-01 01:52:02,247463567.15818
2025-01-01 01:52:03,247093028.6160574
2025-01-01 01:52:04,248612683.08748823
2025-01-01 01:52:05,248535188.89805946
2025-01-01 01:52:06,249189407.18278918
2025-01-01 01:52:07,249779239.06909108
2025-01-01 01:52:08,247097931.35779274
2025-01-01 01:52:09,246018584.92640257
2025-01-01 01:52:10,241594289.47756624
2025-01-01 01:52:11,242953749.2315294
2025-01-01 01:52:12,248934816.6908312
2025-01-01 01:52:13,249822028.54475418
2025-01-01 01:52:14,248612987.55870575
2025-01-01 01:52:15,244248551.3325364
2025-01-01 01:52:16,242118448.78787816
2025-01-01 01:52:17,244615927.02927557
2025-01-01 01:52:18,248097101.8915634
2025-01-01 01:52:19,246306576.50982267
2025-01-01 01:52:20,244589554.77468318
2025-01-01 01:52:21,243572410.1996748
2025-01-01 01:52:22,245330829.71012026
2025-01-01 01:52:23,249328844.24398798
2025-01-01 01:52:24,251723865.72552022
2025-01-01 01:52:25,245347189.22810316
2025-01-01 01:52:26,245332578.7053427
2025-01-01 01:52:27,247285207.58408102
2025-01-01 01:52:28,244795819.96376237
2025-01-01 01:52:29,247570590.86358732
2025-01-01 01:52:30,249173226.1822308
2025-01-01 01:52:31,246028432.70726407
2025-01-01 01:52:32,249157595.02903074
2025-01-01 01:52:33,250424727.6889846
2025-01-01 01:52:34,251464832.57167983
2025-01-01 01:52:35,251419016.7374054
2025-01-01 01:52:36,254225011.71797466
2025-01-01 01:52:37,252193574.1996467
2025-01-01 01:52:38,256007231.50948852
2025-01-01 01:52:39,251856269.86309308
2025-01-01 01:52:40,250345275.75336415
2025-01-01 01:52:41,249479524.78003937
2025-01-01 01:52:42,248263854.48036945
2025-01-01 01:52:43,249893613.76790747
2025-01-01 01:52:44,251325767.06151304
2025-01-01 01:52:45,250478226.70641106
2025-01-01 01:52:46,251818262.6554726
2025-01-01 01:52:47,252156908.6636464
2025-01-01 01:52:48,252798432.42537028
2025-01-01 01:52:49,249493135.8428239
2025-01-01 01:52:50,253124120.69808033
2025-01-01 01:52:51,255308046.53320318
2025-01-01 01:52:52,253879114.13207984
2025-01-01 01:52:53,253538142.717729
2025-01-01 01:52:54,253878526.49786693
2025-01-01 01:52:55,252749463.87580532
2025-01-01 01:52:56,250806045.872032
2025-01-01 01:52:57,250173727.5116029
2025-01-01 01:52:58,247239760.2483943
2025-01-01 01:52:59,247587243.3893428
2025-01-01 01:53:00,247607549.57731387
2025-01-01 01:53:01,244739001.73895526
2025-01-01 01:53:02,244805066.19365224
2025-01-01 01:53:03,242276394.34119374
2025-01-01 01:53:04,245656149.77072892
2025-01-01 01:53:05,245621350.12266663
2025-01-01 01:53:06,247352173.8323325
2025-01-01 01:53:07,249267080.12021482
2025-01-01 01:53:08,250770154.41780442
2025-01-01 01:53:09,255099385.94870436
2025-01-01 01:53:10,247672668.87395272
2025-01-01 01:53:11,246380989.04658818
2025-01-01 01:53:12,250909264.58468038
2025-01-01 01:53:13,253412602.70966905
2025-01-01 01:53:14,253377497.7761541
2025-01-01 01:53:15,250254734.59514433
2025-01-01 01:53:16,250696445.71926165
2025-01-01 01:53:17,250418094.86618787
2025-01-01 01:53:18,253500399.32079652
2025-01-01 01:53:19,255618396.55355743
2025-01-01 01:53:20,255625436.5525492
2025-01-01 01:53:21,255285106.68326
2025-01-01 01:53:22,254689749.7885493
2025-01-01 01:53:23,254508300.13051108
2025-01-01 01:53:24,252433397.66484588
2025-01-01 01:53:25,250108017.10529357
2025-01-01 01:53:26,254430583.01590282
2025-01-01 01:53:27,249850250.50998774
2025-01-01 01:53:28,246965666.05806947
2025-01-01 01:53:29,252285950.84031257
2025-01-01 01:53:30,252569837.37976497
2025-01-01 01:53:31,247584151.6685732
2025-01-01 01:53:32,248740946.95913845
2025-01-01 01:53:33,253453842.42863384
2025-01-01 01:53:34,248793012.72374505
2025-01-01 01:53:35,249555267.32990167
2025-01-01 01:53:36,250817318.91602612
2025-01-01 01:53:37,252807036.12356046
2025-01-01 01:53:38,254274490.37884435
2025-01-01 01:53:39,250111860.34744513
2025-01-01 01:53:40,258732301.26359794
2025-01-01 01:53:41,258032115.1657163
2025-01-01 01:53:42,252577270.24155065
2025-01-01 01:53:43,250932229.92876053
2025-01-01 01:53:44,252366170.60128355
2025-01-01 01:53:45,251713615.08655447
2025-01-01 01:53:46,248657366.53472233
2025-01-01 01:53:47,249774292.15289885
2025-01-01 01:53:48,251942921.66100785
2025-01-01 01:53:49,253403793.0883169
2025-01-01 01:53:50,248998628.91419435
2025-01-01 01:53:51,251117402.22184563
2025-01-01 01:53:52,252642822.6425405
2025-01-01 01:53:53,253245769.7620548
2025-01-01 01:53:54,252439348.23090968
2025-01-01 01:53:55,255641904.4156737
2025-01-01 01:53:56,253669145.0902108
2025-01-01 01:53:57,254637775.56890544
2025-01-01 01:53:58,255468362.33769226
2025-01-01 01:53:59,255485774.8056229
2025-01-01 01:54:00,254849156.25014946
2025-01-01 01:54:01,250726011.92133698
2025-01-01 01:54:02,250778193.57598493
2025-01-01 01:54:03,252826105.0089277
2025-01-01 01:54:04,251246848.92541426
2025-01-01 01:54:05,250421251.46604666
2025-01-01 01:54:06,249185637.7657523
2025-01-01 01:54:07,251339583.93380454
2025-01-01 01:54:08,249301369.12241414
2025-01-01 01:54:09,252939920.4207484
2025-01-01 01:54:10,251237045.2510022
2025-01-01 01:54:11,247508641.1799084
2025-01-01 01:54:12,256728887.79382265
2025-01-01 01:54:13,257080434.9646205
2025-01-01 01:54:14,249740280.36995697
2025-01-01 01:54:15,248159225.41032887
2025-01-01 01:54:16,252801664.45139548
2025-01-01 01:54:17,253275380.76133078
2025-01-01 01:54:18,256691407.13511935
2025-01-01 01:54:19,253967280.13422033
2025-01-01 01:54:20,254700150.1357554
2025-01-01 01:54:21,249025432.91783786
2025-01-01 01:54:22,249842374.69815344
2025-01-01 01:54:23,252445803.76740214
2025-01-01 01:54:24,252425812.51051432
2025-01-01 01:54:25,252013296.7266527
2025-01-01 01:54:26,254570192.22750932
2025-01-01 01:54:27,254687713.34140274
2025-01-01 01:54:28,254804475.87041453
2025-01-01 01:54:29,254112041.50226605
2025-01-01 01:54:30,255535632.41275153
2025-01-01 01:54:31,253681247.6564819
2025-01-01 01:54:32,252964890.980762
2025-01-01 01:54:33,252080600.07643327
2025-01-01 01:54:34,253427655.08616412
2025-01-01 01:54:35,254192263.01449817
2025-01-01 01:54:36,252057212.4930868
2025-01-01 01:54:37,254537251.9218945
2025-01-01 01:54:38,253887213.94240475
2025-01-01 01:54:39,253277666.72697908
2025-01-01 01:54:40,248905775.07121724
2025-01-01 01:54:41,251468063.07350016
2025-01-01 01:54:42,247322551.18204466
2025-01-01 01:54:43,247961453.13004944
2025-01-01 01:54:44,252980723.8057265
2025-01-01 01:54:45,251856289.49513012
2025-01-01 01:54:46,252994003.04404753
2025-01-01 01:54:47,249514130.16577864
2025-01-01 01:54:48,251422928.0301497
2025-01-01 01:54:49,251444011.13337246
2025-01-01 01:54:50,255091117.35496935
2025-01-01 01:54:51,254487992.03897944
2025-01-01 01:54:52,256342725.75200248
2025-01-01 01:54:53,253684099.57062614
2025-01-01 01:54:54,252347754.63276854
2025-01-01 01:54:55,256783472.45461646
2025-01-01 01:54:56,252129527.21550208
2025-01-01 01:54:57,252868454.63996816
2025-01-01 01:54:58,249211463.6577926
2025-01-01 01:54:59,253778211.29749647
2025-01-01 01:55:00,256233143.79324985
2025-01-01 01:55:01,258783178.83094043
2025-01-01 01:55:02,251068980.36287656
2025-01-01 01:55:03,255495101.4551698
2025-01-01 01:55:04,248299351.9789279
2025-01-01 01:55:05,248886603.58934158
2025-01-01 01:55:06,250092912.07904425
2025-01-01 01:55:07,247076924.36698198
2025-01-01 01:55:08,252144309.44231027
2025-01-01 01:55:09,247052546.37595227
2025-01-01 01:55:10,252217517.41678235
2025-01-01 01:55:11,252800961.3269578
2025-01-01 01:55:12,252110807.20026892
2025-01-01 01:55:13,251981200.56375775
2025-01-01 01:55:14,249225128.09425098
2025-01-01 01:55:15,252755883.18935296
2025-01-01 01:55:16,253349378.24341613
2025-01-01 01:55:17,249698798.73463923
2025-01-01 01:55:18,252972938.5839164
2025-01-01 01:55:19,259661576.07667264
2025-01-01 01:55:20,258835234.07584834
2025-01-01 01:55:21,256607307.64884737
2025-01-01 01:55:22,249801853.52383706
2025-01-01 01:55:23,251898562.21969786
2025-01-01 01:55:24,250694425.02162564
2025-01-01 01:55:25,251217332.81185153
2025-01-01 01:55:26,251051301.20283866
2025-01-01 01:55:27,251887342.56425324
2025-01-01 01:55:28,253513472.47960892
2025-01-01 01:55:29,256163626.90081406
2025-01-01 01:55:30,253449569.33612683
2025-01-01 01:55:31,258289265.33112007
2025-01-01 01:55:32,256714988.0420702
2025-01-01 01:55:33,259120168.98770252
2025-01-01 01:55:34,254377126.97231472
2025-01-01 01:55:35,255281291.77779555
2025-01-01 01:55:36,253587645.63885507
2025-01-01 01:55:37,250130914.48217982
2025-01-01 01:55:38,250756468.04157442
2025-01-01 01:55:39,252125492.45842728
2025-01-01 01:55:40,252477899.9281971
2025-01-01 01:55:41,254012376.50688562
2025-01-01 01:55:42,247552807.56042522
2025-01-01 01:55:43,250781296.05157575
2025-01-01 01:55:44,245603786.98406202
2025-01-01 01:55:45,244933811.34057835
2025-01-01 01:55:46,248390823.08336946
2025-01-01 01:55:47,250867024.81431258
2025-01-01 01:55:48,251696798.03881717
2025-01-01 01:55:49,251030443.42407155
2025-01-01 01:55:50,252799595.7525991
2025-01-01 01:55:51,255516596.6131908
2025-01-01 01:55:52,253575780.34485504
2025-01-01 01:55:53,251779147.51234856
2025-01-01 01:55:54,249079160.11653104
2025-01-01 01:55:55,250977738.99443474
2025-01-01 01:55:56,253763274.04408038
2025-01-01 01:55:57,250654987.8208625
2025-01-01 01:55:58,250621911.61328247
2025-01-01 01:55:59,248412497.31607786
2025-01-01 01:56:00,250237931.384836
2025-01-01 01:56:01,254014708.2533549
2025-01-01 01:56:02,256836714.1385861
2025-01-01 01:56:03,256012552.5692829
2025-01-01 01:56:04,253161885.30864292
2025-01-01 01:56:05,253672788.121753
2025-01-01 01:56:06,247270708.11895192
2025-01-01 01:56:07,246684439.33976322
2025-01-01 01:56:08,249848416.00263372
2025-01-01 01:56:09,247731866.79382887
2025-01-01 01:56:10,251023649.97947553
2025-01-01 01:56:11,250215877.7650593
2025-01-01 01:56:12,253458306.75191793
2025-01-01 01:56:13,252336929.76702785
2025-01-01 01:56:14,251245245.70141694
2025-01-01 01:56:15,249747098.4871634
2025-01-01 01:56:16,246662078.27381915
2025-01-01 01:56:17,251605650.50068364
2025-01-01 01:56:18,250753551.59252286
2025-01-01 01:56:19,248510578.6240965
2025-01-01 01:56:20,248414112.45017844
2025-01-01 01:56:21,252016500.7478772
2025-01-01 01:56:22,257222630.26171094
2025-01-01 01:56:23,252504620.51821887
2025-01-01 01:56:24,251564464.40175205
2025-01-01 01:56:25,251752922.31024104
2025-01-01 01:56:26,250995907.7542253
2025-01-01 01:56:27,253129201.30869314
2025-01-01 01:56:28,252495803.72373748
2025-01-01 01:56:29,253910903.42525968
2025-01-01 01:56:30,249545273.1712403
2025-01-01 01:56:31,246899788.48768443
2025-01-01 01:56:32,247166706.2798733
2025-01-01 01:56:33,245700797.0689947
2025-01-01 01:56:34,248064487.26481175
2025-01-01 01:56:35,248557683.2441984
2025-01-01 01:56:36,247656321.46091956
2025-01-01 01:56:37,246376365.6414485
2025-01-01 01:56:38,249022212.66670948
2025-01-01 01:56:39,245356246.57314748
2025-01-01 01:56:40,245475290.5978694
2025-01-01 01:56:41,244848415.6685181
2025-01-01 01:56:42,243563261.61294964
2025-01-01 01:56:43,240719784.42609906
2025-01-01 01:56:44,248418096.9879153
2025-01-01 01:56:45,250675321.38670868
2025-01-01 01:56:46,255439118.37775704
2025-01-01 01:56:47,252085187.78312463
2025-01-01 01:56:48,250633900.5911359
2025-01-01 01:56:49,250052811.3297405
2025-01-01 01:56:50,245090174.0098916
2025-01-01 01:56:51,245508797.52434868
2025-01-01 01:56:52,244458127.24973166
2025-01-01 01:56:53,243330087.94589296
2025-01-01 01:56:54,245942172.3160467
2025-01-01 01:56:55,251697149.95021787
2025-01-01 01:56:56,246078796.6044227
2025-01-01 01:56:57,247081749.29485267
2025-01-01 01:56:58,249105514.51618722
2025-01-01 01:56:59,249902031.50431898
2025-01-01 01:57:00,248556515.90573508
2025-01-01 01:57:01,248195134.4535646
2025-01-01 01:57:02,252310129.6122377
2025-01-01 01:57:03,255357143.96866933
2025-01-01 01:57:04,250216867.71469375
2025-01-01 01:57:05,253660823.83276534
2025-01-01 01:57:06,258793340.99164134
2025-01-01 01:57:07,255300317.25862864
2025-01-01 01:57:08,256762845.41653603
2025-01-01 01:57:09,253309428.0321693
2025-01-01 01:57:10,252029162.12579295
2025-01-01 01:57:11,252883933.02439636
2025-01-01 01:57:12,250879871.3707365
2025-01-01 01:57:13,248728608.0519916
2025-01-01 01:57:14,246038155.1207929
2025-01-01 01:57:15,243874790.41721508
2025-01-01 01:57:16,247214542.53561297
2025-01-01 01:57:17,245982507.16269013
2025-01-01 01:57:18,246547274.34595135
2025-01-01 01:57:19,246059849.7429828
2025-01-01 01:57:20,241406732.11790636
2025-01-01 01:57:21,243531848.37092885
2025-01-01 01:57:22,244989756.1533853
2025-01-01 01:57:23,244868382.64689323
2025-01-01 01:57:24,243257483.0760568
2025-01-01 01:57:25,243283332.9058094
2025-01-01 01:57:26,242496535.9051921
2025-01-01 01:57:27,246498951.56868297
2025-01-01 01:57:28,244216662.60905296
2025-01-01 01:57:29,246720589.89109063
2025-01-01 01:57:30,247064889.32384217
2025-01-01 01:57:31,241981517.38070828
2025-01-01 01:57:32,239880003.14882356
2025-01-01 01:57:33,245965536.32076576
2025-01-01 01:57:34,246469341.24935886
2025-01-01 01:57:35,241108707.8846722
2025-01-01 01:57:36,242019931.0549706
2025-01-01 01:57:37,245384166.17477834
2025-01-01 01:57:38,246525730.0696976
2025-01-01 01:57:39,245340019.9789776
2025-01-01 01:57:40,245467402.4314081
2025-01-01 01:57:41,246488102.41677347
2025-01-01 01:57:42,245124557.13773033
2025-01-01 01:57:43,247229078.70223662
2025-01-01 01:57:44,243647746.245736
2025-01-01 01:57:45,244043637.31959257
2025-01-01 01:57:46,240314911.23654816
2025-01-01 01:57:47,245579136.7541251
2025-01-01 01:57:48,251402312.836467
2025-01-01 01:57:49,242975141.73367837
2025-01-01 01:57:50,243033122.7138322
2025-01-01 01:57:51,248265490.8570921
2025-01-01 01:57:52,247456215.39058357
2025-01-01 01:57:53,244497699.78644872
2025-01-01 01:57:54,243312176.69074887
2025-01-01 01:57:55,245790029.90771005
2025-01-01 01:57:56,246956053.13539454
2025-01-01 01:57:57,246592792.37893587
2025-01-01 01:57:58,243672255.20803276
2025-01-01 01:57:59,243656708.84185418
2025-01-01 01:58:00,239058185.80587038
2025-01-01 01:58:01,238006109.9253153
2025-01-01 01:58:02,237212994.13298312
2025-01-01 01:58:03,240195659.5130532
2025-01-01 01:58:04,241161770.09146577
2025-01-01 01:58:05,241172831.72821498
2025-01-01 01:58:06,240837848.44741422
2025-01-01 01:58:07,236963838.28018135
2025-01-01 01:58:08,240176522.8321665
2025-01-01 01:58:09,242627104.50967735
2025-01-01 01:58:10,242408795.7261472
2025-01-01 01:58:11,240400587.30930743
2025-01-01 01:58:12,242870490.0391358
2025-01-01 01:58:13,242871793.89918038
2025-01-01 01:58:14,239562292.62328815
2025-01-01 01:58:15,241053875.0516753
2025-01-01 01:58:16,238186842.41323355
2025-01-01 01:58:17,244402169.2216602
2025-01-01 01:58:18,247355688.86801046
2025-01-01 01:58:19,243553044.4941869
2025-01-01 01:58:20,246832600.78927195
2025-01-01 01:58:21,244820575.9358334
2025-01-01 01:58:22,245464264.5719705
2025-01-01 01:58:23,246003133.62711132
2025-01-01 01:58:24,241277896.153656
2025-01-01 01:58:25,242971066.04081362
2025-01-01 01:58:26,242753506.2566749
2025-01-01 01:58:27,244857429.5643748
2025-01-01 01:58:28,246234584.24825093
2025-01-01 01:58:29,245375675.41299087
2025-01-01 01:58:30,246223558.03107348
2025-01-01 01:58:31,246928753.25382647
2025-01-01 01:58:32,247351482.7640447
2025-01-01 01:58:33,242746311.69440907
2025-01-01 01:58:34,239209190.604166
2025-01-01 01:58:35,241141682.19947532
2025-01-01 01:58:36,243664397.8514694
2025-01-01 01:58:37,246307503.3291625
2025-01-01 01:58:38,243964411.31482425
2025-01-01 01:58:39,243820868.00542855
2025-01-01 01:58:40,242466463.35149762
2025-01-01 01:58:41,241790035.81272173
2025-01-01 01:58:42,241656123.28022963
2025-01-01 01:58:43,240977253.4865515
2025-01-01 01:58:44,245662345.79910997
2025-01-01 01:58:45,241950622.52252227
2025-01-01 01:58:46,244525409.91919705
2025-01-01 01:58:47,241284403.06547144
2025-01-01 01:58:48,239353344.91737193
2025-01-01 01:58:49,240285987.41742644
2025-01-01 01:58:50,239227701.616026
2025-01-01 01:58:51,236281308.4573172
2025-01-01 01:58:52,240741638.1538569
2025-01-01 01:58:53,237874855.56689808
2025-01-01 01:58:54,242028623.5104386
2025-01-01 01:58:55,244499951.0469497
2025-01-01 01:58:56,243785809.78587615
2025-01-01 01:58:57,242870794.05806163
2025-01-01 01:58:58,242000870.27306926
2025-01-01 01:58:59,243698415.3232461
2025-01-01 01:59:00,245955855.23190585
2025-01-01 01:59:01,244248482.96684104
2025-01-01 01:59:02,249657797.13197753
2025-01-01 01:59:03,249020204.51896623
2025-01-01 01:59:04,240732813.61907628
2025-01-01 01:59:05,246723953.0886809
2025-01-01 01:59:06,245919529.21783558
2025-01-01 01:59:07,243629382.51705053
2025-01-01 01:59:08,242311225.73551512
2025-01-01 01:59:09,240609935.14458185
2025-01-01 01:59:10,236200218.1681737
2025-01-01 01:59:11,238464600.25222224
2025-01-01 01:59:12,239331532.66377303
2025-01-01 01:59:13,238053780.0495622
2025-01-01 01:59:14,243494870.28885597
2025-01-01 01:59:15,245030355.07494405
2025-01-01 01:59:16,242875725.63801676
2025-01-01 01:59:17,237629225.03032768
2025-01-01 01:59:18,235177259.39621323
2025-01-01 01:59:19,240089781.7146697
2025-01-01 01:59:20,239804569.54711646
2025-01-01 01:59:21,237877036.06139347
2025-01-01 01:59:22,242566264.9716778
2025-01-01 01:59:23,245229083.57943562
2025-01-01 01:59:24,239212937.93990934
2025-01-01 01:59:25,242728596.7997359
2025-01-01 01:59:26,245319596.35558268
2025-01-01 01:59:27,245517695.58256
2025-01-01 01:59:28,246348480.55679503
2025-01-01 01:59:29,247155275.14813584
2025-01-01 01:59:30,249432020.2312938
2025-01-01 01:59:31,242272864.38085866
2025-01-01 01:59:32,240988185.0301417
2025-01-01 01:59:33,244181969.829855
2025-01-01 01:59:34,243603594.0315278
2025-01-01 01:59:35,241854055.81878877
2025-01-01 01:59:36,242697623.16795278
2025-01-01 01:59:37,243519714.01110223
2025-01-01 01:59:38,246729771.27883768
2025-01-01 01:59:39,248957913.03980878
2025-01-01 01:59:40,248012972.23440725
2025-01-01 01:59:41,246750959.4780795
2025-01-01 01:59:42,247261400.43514624
2025-01-01 01:59:43,245091083.56630987
2025-01-01 01:59:44,243668866.5504116
2025-01-01 01:59:45,246456121.64713383
2025-01-01 01:59:46,246456252.37007788
2025-01-01 01:59:47,248042023.95069388
2025-01-01 01:59:48,246754755.82935178
2025-01-01 01:59:49,244183054.38992685
2025-01-01 01:59:50,245172091.23427257
2025-01-01 01:59:51,241525116.2851009
2025-01-01 01:59:52,244670101.7883315
2025-01-01 01:59:53,243509473.17836836
2025-01-01 01:59:54,241019413.87530315
2025-01-01 01:59:55,237535693.9752037
2025-01-01 01:59:56,238671114.98749456
2025-01-01 01:59:57,242474832.11310464
2025-01-01 01:59:58,238664984.50108612
2025-01-01 01:59:59,239120710.1337277
