date,OT
2025-01-01 00:00:00,247925260.83557466
2025-01-01 00:00:01,248467744.86196268
2025-01-01 00:00:02,247785380.37113434
2025-01-01 00:00:03,248212732.9576693
2025-01-01 00:00:04,248665261.20150256
2025-01-01 00:00:05,248390531.10934162
2025-01-01 00:00:06,247085651.87824517
2025-01-01 00:00:07,247835487.38649568
2025-01-01 00:00:08,246252321.38833684
2025-01-01 00:00:09,245106756.70475668
2025-01-01 00:00:10,252170830.29690725
2025-01-01 00:00:11,250505434.8821505
2025-01-01 00:00:12,249056623.02663854
2025-01-01 00:00:13,250748606.3065838
2025-01-01 00:00:14,252052944.35361826
2025-01-01 00:00:15,248683560.77555245
2025-01-01 00:00:16,250086728.33944222
2025-01-01 00:00:17,248778620.7094726
2025-01-01 00:00:18,252742106.71213597
2025-01-01 00:00:19,251786985.153365
2025-01-01 00:00:20,254275132.15415758
2025-01-01 00:00:21,253668814.8562294
2025-01-01 00:00:22,248991914.09162477
2025-01-01 00:00:23,245573396.71454868
2025-01-01 00:00:24,248800842.52895814
2025-01-01 00:00:25,249367204.95325956
2025-01-01 00:00:26,249653028.84909523
2025-01-01 00:00:27,247983692.51008102
2025-01-01 00:00:28,248962251.25407118
2025-01-01 00:00:29,249351310.04496202
2025-01-01 00:00:30,246962068.74672344
2025-01-01 00:00:31,249300164.1404478
2025-01-01 00:00:32,250646069.80058455
2025-01-01 00:00:33,247623340.21732476
2025-01-01 00:00:34,247478637.66505548
2025-01-01 00:00:35,245326046.14425388
2025-01-01 00:00:36,249934891.3221076
2025-01-01 00:00:37,250413818.83568266
2025-01-01 00:00:38,249184364.0363116
2025-01-01 00:00:39,248674936.5335982
2025-01-01 00:00:40,247041097.94328496
2025-01-01 00:00:41,248441022.5086873
2025-01-01 00:00:42,251464838.4992748
2025-01-01 00:00:43,253461262.8980193
2025-01-01 00:00:44,255926177.22590768
2025-01-01 00:00:45,251376201.05521017
2025-01-01 00:00:46,249492004.01639637
2025-01-01 00:00:47,250518680.78412184
2025-01-01 00:00:48,248167217.05613548
2025-01-01 00:00:49,245470584.56823334
2025-01-01 00:00:50,247721735.32176867
2025-01-01 00:00:51,250397880.65707898
2025-01-01 00:00:52,244577482.62322423
2025-01-01 00:00:53,248213505.94214293
2025-01-01 00:00:54,246846867.6396214
2025-01-01 00:00:55,245633788.53630725
2025-01-01 00:00:56,246863254.02571926
2025-01-01 00:00:57,246443745.74779904
2025-01-01 00:00:58,251015156.3416944
2025-01-01 00:00:59,246277830.3076792
2025-01-01 00:01:00,246779740.66111943
2025-01-01 00:01:01,250152808.16554552
2025-01-01 00:01:02,247759524.2884566
2025-01-01 00:01:03,247786502.41459218
2025-01-01 00:01:04,248811205.0227239
2025-01-01 00:01:05,250232031.34755948
2025-01-01 00:01:06,253165801.05808708
2025-01-01 00:01:07,247273635.21873993
2025-01-01 00:01:08,249205938.48566625
2025-01-01 00:01:09,245272127.77742347
2025-01-01 00:01:10,251729670.01866674
2025-01-01 00:01:11,252849709.66652134
2025-01-01 00:01:12,252868310.21919233
2025-01-01 00:01:13,248141871.40968227
2025-01-01 00:01:14,246097042.489307
2025-01-01 00:01:15,250244148.68902823
2025-01-01 00:01:16,249038344.13885522
2025-01-01 00:01:17,249427415.2830074
2025-01-01 00:01:18,251694843.71283197
2025-01-01 00:01:19,248897557.39590538
2025-01-01 00:01:20,249943239.6875838
2025-01-01 00:01:21,249840161.06801578
2025-01-01 00:01:22,248120881.63229123
2025-01-01 00:01:23,251324127.5544507
2025-01-01 00:01:24,250323237.5478422
2025-01-01 00:01:25,249406569.52635947
2025-01-01 00:01:26,254112611.0682675
2025-01-01 00:01:27,252182703.82890984
2025-01-01 00:01:28,250842006.17644972
2025-01-01 00:01:29,249385606.69260556
2025-01-01 00:01:30,249887657.27965
2025-01-01 00:01:31,246262251.57859072
2025-01-01 00:01:32,244878539.29494292
2025-01-01 00:01:33,243261262.57984787
2025-01-01 00:01:34,245711291.124821
2025-01-01 00:01:35,252560394.85898402
2025-01-01 00:01:36,247351648.54683727
2025-01-01 00:01:37,249521379.8546594
2025-01-01 00:01:38,246135506.22974253
2025-01-01 00:01:39,246538974.62963152
2025-01-01 00:01:40,249556550.12878805
2025-01-01 00:01:41,245463520.49173072
2025-01-01 00:01:42,242497476.93274128
2025-01-01 00:01:43,249800848.65043163
2025-01-01 00:01:44,249738583.24332395
2025-01-01 00:01:45,248661485.71733624
2025-01-01 00:01:46,243058804.50862145
2025-01-01 00:01:47,247929573.41189536
2025-01-01 00:01:48,246194058.82832217
2025-01-01 00:01:49,244046730.87433395
2025-01-01 00:01:50,248006764.97721133
2025-01-01 00:01:51,250770540.2860122
2025-01-01 00:01:52,251162250.7784869
2025-01-01 00:01:53,245688411.39095598
2025-01-01 00:01:54,247031542.53679344
2025-01-01 00:01:55,248290108.59576106
2025-01-01 00:01:56,253261237.57274768
2025-01-01 00:01:57,251753792.98754546
2025-01-01 00:01:58,246252276.77302882
2025-01-01 00:01:59,244539904.84072256
2025-01-01 00:02:00,247769451.3308604
2025-01-01 00:02:01,245543116.9887823
2025-01-01 00:02:02,249752420.48716912
2025-01-01 00:02:03,247816425.3694947
2025-01-01 00:02:04,251565239.98159713
2025-01-01 00:02:05,248631447.62364572
2025-01-01 00:02:06,247496543.6253792
2025-01-01 00:02:07,247380810.5761554
2025-01-01 00:02:08,247944679.41514826
2025-01-01 00:02:09,250248614.53000546
2025-01-01 00:02:10,249203026.0822602
2025-01-01 00:02:11,247303177.4574905
2025-01-01 00:02:12,252573343.95619103
2025-01-01 00:02:13,248861919.9408434
2025-01-01 00:02:14,247626248.28308997
2025-01-01 00:02:15,249397881.10150135
2025-01-01 00:02:16,251061745.26298
2025-01-01 00:02:17,249797553.8756013
2025-01-01 00:02:18,247480522.7257666
2025-01-01 00:02:19,250466733.31671298
2025-01-01 00:02:20,249903924.96126997
2025-01-01 00:02:21,249664727.07885835
2025-01-01 00:02:22,249886676.55048585
2025-01-01 00:02:23,252285873.97344893
2025-01-01 00:02:24,249215443.67487603
2025-01-01 00:02:25,247652986.47166407
2025-01-01 00:02:26,249548112.37297177
2025-01-01 00:02:27,249526215.28153527
2025-01-01 00:02:28,249411038.64977157
2025-01-01 00:02:29,247690961.79791933
2025-01-01 00:02:30,244989412.97037622
2025-01-01 00:02:31,247578359.41159913
2025-01-01 00:02:32,249512397.52192727
2025-01-01 00:02:33,242875742.31815994
2025-01-01 00:02:34,244929289.2516712
2025-01-01 00:02:35,246321087.4813591
2025-01-01 00:02:36,245783907.89081073
2025-01-01 00:02:37,243846422.02562007
2025-01-01 00:02:38,246257491.0205284
2025-01-01 00:02:39,248415709.02777913
2025-01-01 00:02:40,248947731.88393116
2025-01-01 00:02:41,255131698.2577132
2025-01-01 00:02:42,253323113.05690223
2025-01-01 00:02:43,248495137.71896818
2025-01-01 00:02:44,245461029.55253184
2025-01-01 00:02:45,247878904.41171056
2025-01-01 00:02:46,249796405.29511493
2025-01-01 00:02:47,244970377.6000374
2025-01-01 00:02:48,251381164.47388485
2025-01-01 00:02:49,249285751.32686284
2025-01-01 00:02:50,246706906.79303265
2025-01-01 00:02:51,242274364.7672164
2025-01-01 00:02:52,245665415.57597598
2025-01-01 00:02:53,246044069.70407662
2025-01-01 00:02:54,245290555.86876518
2025-01-01 00:02:55,247428963.15352324
2025-01-01 00:02:56,248603125.67655864
2025-01-01 00:02:57,245790577.16888407
2025-01-01 00:02:58,244627208.77351886
2025-01-01 00:02:59,248216926.3390033
2025-01-01 00:03:00,251332322.62834918
2025-01-01 00:03:01,247514266.85823107
2025-01-01 00:03:02,245679711.48182732
2025-01-01 00:03:03,249742006.9928752
2025-01-01 00:03:04,251105086.0974459
2025-01-01 00:03:05,247023540.1792096
2025-01-01 00:03:06,247852523.6011957
2025-01-01 00:03:07,248932894.65673605
2025-01-01 00:03:08,250271369.28006598
2025-01-01 00:03:09,251963419.1738993
2025-01-01 00:03:10,249120644.2806739
2025-01-01 00:03:11,248486386.4115433
2025-01-01 00:03:12,249236173.39481097
2025-01-01 00:03:13,251198806.7865135
2025-01-01 00:03:14,249753656.50896198
2025-01-01 00:03:15,251524485.97283763
2025-01-01 00:03:16,245989068.28988832
2025-01-01 00:03:17,250577237.08745483
2025-01-01 00:03:18,245929371.45589668
2025-01-01 00:03:19,243222093.22913364
2025-01-01 00:03:20,245477534.47654033
2025-01-01 00:03:21,246626598.07865953
2025-01-01 00:03:22,247589645.4467345
2025-01-01 00:03:23,249968677.71270683
2025-01-01 00:03:24,250540915.2456184
2025-01-01 00:03:25,247445966.90809634
2025-01-01 00:03:26,243981684.76017576
2025-01-01 00:03:27,246442413.69777682
2025-01-01 00:03:28,248641413.6442437
2025-01-01 00:03:29,248552402.126522
2025-01-01 00:03:30,249856999.8349834
2025-01-01 00:03:31,254515587.91847867
2025-01-01 00:03:32,253041969.29815704
2025-01-01 00:03:33,251740807.81568125
2025-01-01 00:03:34,255314151.548773
2025-01-01 00:03:35,252179915.28868312
2025-01-01 00:03:36,255660027.3997227
2025-01-01 00:03:37,255297720.26301602
2025-01-01 00:03:38,253979544.6401488
2025-01-01 00:03:39,247193928.16348442
2025-01-01 00:03:40,250411219.10038963
2025-01-01 00:03:41,247527459.04744267
2025-01-01 00:03:42,250021024.18104413
2025-01-01 00:03:43,249170666.9242351
2025-01-01 00:03:44,247569781.7868121
2025-01-01 00:03:45,243942145.57501552
2025-01-01 00:03:46,247146178.6211662
2025-01-01 00:03:47,250516976.52912036
2025-01-01 00:03:48,246054618.74611932
2025-01-01 00:03:49,245815131.85409552
2025-01-01 00:03:50,244658613.08357432
2025-01-01 00:03:51,243428555.95673257
2025-01-01 00:03:52,242298323.92539957
2025-01-01 00:03:53,245483578.63513467
2025-01-01 00:03:54,247284807.61515936
2025-01-01 00:03:55,253132604.49260828
2025-01-01 00:03:56,244635599.92427996
2025-01-01 00:03:57,243969961.36295012
2025-01-01 00:03:58,248544730.75562328
2025-01-01 00:03:59,250814727.10402194
2025-01-01 00:04:00,250235121.7989185
2025-01-01 00:04:01,249316614.1859151
2025-01-01 00:04:02,251852734.43515837
2025-01-01 00:04:03,247222497.71803114
2025-01-01 00:04:04,246643505.67517728
2025-01-01 00:04:05,248941769.12956402
2025-01-01 00:04:06,246891579.10861412
2025-01-01 00:04:07,245601770.80313826
2025-01-01 00:04:08,245611336.9976216
2025-01-01 00:04:09,250834492.68142283
2025-01-01 00:04:10,249249084.29225174
2025-01-01 00:04:11,247203600.04260227
2025-01-01 00:04:12,248127987.02090573
2025-01-01 00:04:13,251024840.0454833
2025-01-01 00:04:14,246864958.06400138
2025-01-01 00:04:15,250980050.01988804
2025-01-01 00:04:16,245764446.41375214
2025-01-01 00:04:17,250546059.23626617
2025-01-01 00:04:18,249619788.25384063
2025-01-01 00:04:19,247621310.7281186
2025-01-01 00:04:20,250474751.113636
2025-01-01 00:04:21,249083847.1635956
2025-01-01 00:04:22,251408513.45906708
2025-01-01 00:04:23,247548265.8599259
2025-01-01 00:04:24,248479872.26412535
2025-01-01 00:04:25,246073524.23800206
2025-01-01 00:04:26,251344318.06017768
2025-01-01 00:04:27,253408044.21215126
2025-01-01 00:04:28,253281712.70599365
2025-01-01 00:04:29,254456084.04254198
2025-01-01 00:04:30,252817007.41177747
2025-01-01 00:04:31,251007133.11528227
2025-01-01 00:04:32,254029051.3977028
2025-01-01 00:04:33,251050913.83177456
2025-01-01 00:04:34,248739591.73493096
2025-01-01 00:04:35,247743807.87042332
2025-01-01 00:04:36,250093575.2148838
2025-01-01 00:04:37,251329792.20288518
2025-01-01 00:04:38,253102451.2525588
2025-01-01 00:04:39,251989352.91538554
2025-01-01 00:04:40,250295898.28673124
2025-01-01 00:04:41,247669481.3944508
2025-01-01 00:04:42,252854894.4532862
2025-01-01 00:04:43,249519579.8655692
2025-01-01 00:04:44,254588092.1219617
2025-01-01 00:04:45,248633800.26507843
2025-01-01 00:04:46,244903720.3718334
2025-01-01 00:04:47,247598528.811145
2025-01-01 00:04:48,252713748.8824808
2025-01-01 00:04:49,252452062.59967425
2025-01-01 00:04:50,252659207.0248181
2025-01-01 00:04:51,253520165.8458501
2025-01-01 00:04:52,249643539.83584556
2025-01-01 00:04:53,250562200.28004748
2025-01-01 00:04:54,249779545.4730458
2025-01-01 00:04:55,252515127.72720876
2025-01-01 00:04:56,251101184.49743915
2025-01-01 00:04:57,251691462.2524247
2025-01-01 00:04:58,252580102.41509452
2025-01-01 00:04:59,250350926.6750875
2025-01-01 00:05:00,248463281.47262967
2025-01-01 00:05:01,250478622.15956604
2025-01-01 00:05:02,248644160.69424114
2025-01-01 00:05:03,248175532.75943294
2025-01-01 00:05:04,250207669.51966572
2025-01-01 00:05:05,249278710.95721117
2025-01-01 00:05:06,247745610.23225304
2025-01-01 00:05:07,245653170.93494433
2025-01-01 00:05:08,246425661.38441783
2025-01-01 00:05:09,249946593.9944571
2025-01-01 00:05:10,251237743.663331
2025-01-01 00:05:11,248685178.23338187
2025-01-01 00:05:12,253474389.13076407
2025-01-01 00:05:13,249018711.77649003
2025-01-01 00:05:14,252160050.37135494
2025-01-01 00:05:15,251259069.97294554
2025-01-01 00:05:16,249231439.23569593
2025-01-01 00:05:17,250786993.05270505
2025-01-01 00:05:18,248619294.73948953
2025-01-01 00:05:19,246343768.1650871
2025-01-01 00:05:20,250307743.26373863
2025-01-01 00:05:21,250831910.72012618
2025-01-01 00:05:22,249525263.42499572
2025-01-01 00:05:23,247724214.85057294
2025-01-01 00:05:24,245017942.16228974
2025-01-01 00:05:25,248153314.55924672
2025-01-01 00:05:26,248742315.00534326
2025-01-01 00:05:27,249296181.52490047
2025-01-01 00:05:28,250370924.7648121
2025-01-01 00:05:29,248802897.18876794
2025-01-01 00:05:30,245362637.60005057
2025-01-01 00:05:31,244540601.94108832
2025-01-01 00:05:32,247836816.1585788
2025-01-01 00:05:33,252790303.746381
2025-01-01 00:05:34,250040597.85220784
2025-01-01 00:05:35,246337944.81784958
2025-01-01 00:05:36,252470323.6599115
2025-01-01 00:05:37,247798658.95210457
2025-01-01 00:05:38,248502629.6270472
2025-01-01 00:05:39,246179328.77943894
2025-01-01 00:05:40,247146559.01466393
2025-01-01 00:05:41,247854654.05997762
2025-01-01 00:05:42,243204171.60686737
2025-01-01 00:05:43,249824636.75918633
2025-01-01 00:05:44,248408249.7187677
2025-01-01 00:05:45,245679411.48309264
2025-01-01 00:05:46,243938202.65120372
2025-01-01 00:05:47,240214648.644367
2025-01-01 00:05:48,245361323.05407
2025-01-01 00:05:49,245440833.79900587
2025-01-01 00:05:50,248688631.85492036
2025-01-01 00:05:51,251132092.22944057
2025-01-01 00:05:52,248506657.27625427
2025-01-01 00:05:53,245684742.7182962
2025-01-01 00:05:54,246065258.93281275
2025-01-01 00:05:55,251325234.95470786
2025-01-01 00:05:56,251834937.58753708
2025-01-01 00:05:57,250830538.52727777
2025-01-01 00:05:58,249095746.1651949
2025-01-01 00:05:59,247514285.96671563
2025-01-01 00:06:00,245351391.1581963
2025-01-01 00:06:01,251060161.48521438
2025-01-01 00:06:02,249632830.2028304
2025-01-01 00:06:03,247037682.75793016
2025-01-01 00:06:04,244109851.57399204
2025-01-01 00:06:05,244700049.76357734
2025-01-01 00:06:06,243668963.90209228
2025-01-01 00:06:07,243802079.62878332
2025-01-01 00:06:08,246405298.61425513
2025-01-01 00:06:09,248222364.4086139
2025-01-01 00:06:10,250026429.8021034
2025-01-01 00:06:11,247638144.9665805
2025-01-01 00:06:12,249422353.6820682
2025-01-01 00:06:13,247858574.3377413
2025-01-01 00:06:14,248844980.47622594
2025-01-01 00:06:15,251279493.13414615
2025-01-01 00:06:16,249093063.3454052
2025-01-01 00:06:17,248054245.95500234
2025-01-01 00:06:18,247576592.99737975
2025-01-01 00:06:19,244070987.10285708
2025-01-01 00:06:20,249650233.5336834
2025-01-01 00:06:21,252073952.9363467
2025-01-01 00:06:22,248058495.2489046
2025-01-01 00:06:23,244872226.75276154
2025-01-01 00:06:24,241731557.95101514
2025-01-01 00:06:25,247560803.62304863
2025-01-01 00:06:26,247536518.20871368
2025-01-01 00:06:27,247131118.07005692
2025-01-01 00:06:28,248645260.42671922
2025-01-01 00:06:29,252708703.60577407
2025-01-01 00:06:30,248391657.10259897
2025-01-01 00:06:31,249816396.00791186
2025-01-01 00:06:32,247733411.07787713
2025-01-01 00:06:33,245815143.49979058
2025-01-01 00:06:34,244647660.86374083
2025-01-01 00:06:35,251385969.8814258
2025-01-01 00:06:36,249737186.01489475
2025-01-01 00:06:37,251579420.0783796
2025-01-01 00:06:38,254102723.35718343
2025-01-01 00:06:39,250879086.99461138
2025-01-01 00:06:40,245347165.35967073
2025-01-01 00:06:41,244442478.68515754
2025-01-01 00:06:42,247999672.8714193
2025-01-01 00:06:43,245600347.7997872
2025-01-01 00:06:44,249285370.2793137
2025-01-01 00:06:45,242517522.04828393
2025-01-01 00:06:46,245715581.24756494
2025-01-01 00:06:47,247949756.44465718
2025-01-01 00:06:48,242921032.17892712
2025-01-01 00:06:49,244795981.2861568
2025-01-01 00:06:50,244928384.24500963
2025-01-01 00:06:51,251269066.09491333
2025-01-01 00:06:52,247004278.69305748
2025-01-01 00:06:53,245635742.87959728
2025-01-01 00:06:54,247572063.9511917
2025-01-01 00:06:55,248511767.57952657
2025-01-01 00:06:56,252328260.17894456
2025-01-01 00:06:57,251677968.79950958
2025-01-01 00:06:58,252887050.5566922
2025-01-01 00:06:59,252180880.15660453
2025-01-01 00:07:00,249775779.2359822
2025-01-01 00:07:01,246765657.80362377
2025-01-01 00:07:02,254784208.6313608
2025-01-01 00:07:03,256233995.43835387
2025-01-01 00:07:04,253564860.19230726
2025-01-01 00:07:05,255417235.09206736
2025-01-01 00:07:06,253464841.64266518
2025-01-01 00:07:07,255730653.7749722
2025-01-01 00:07:08,249500287.34296212
2025-01-01 00:07:09,248049553.22715807
2025-01-01 00:07:10,247925046.58121267
2025-01-01 00:07:11,249735249.3460543
2025-01-01 00:07:12,246924912.6266908
2025-01-01 00:07:13,249222922.2255694
2025-01-01 00:07:14,249861260.79396182
2025-01-01 00:07:15,252845880.88008684
2025-01-01 00:07:16,251528904.6370914
2025-01-01 00:07:17,248950645.06680036
2025-01-01 00:07:18,245968436.44284582
2025-01-01 00:07:19,242407197.08578673
2025-01-01 00:07:20,243280539.0370546
2025-01-01 00:07:21,247323630.18834656
2025-01-01 00:07:22,249190334.2997481
2025-01-01 00:07:23,251944968.37747192
2025-01-01 00:07:24,244668427.77348244
2025-01-01 00:07:25,245497165.79663503
2025-01-01 00:07:26,243919421.3794451
2025-01-01 00:07:27,245437617.0272086
2025-01-01 00:07:28,245403391.55322623
2025-01-01 00:07:29,241377498.00667292
2025-01-01 00:07:30,249317639.22271135
2025-01-01 00:07:31,245238980.8224908
2025-01-01 00:07:32,248228064.6056254
2025-01-01 00:07:33,250417677.75800827
2025-01-01 00:07:34,250088983.7624411
2025-01-01 00:07:35,247829381.58467606
2025-01-01 00:07:36,251652853.77602765
2025-01-01 00:07:37,249895664.71981674
2025-01-01 00:07:38,250599236.42618355
2025-01-01 00:07:39,250272542.67096636
2025-01-01 00:07:40,250279108.32871908
2025-01-01 00:07:41,249736639.6402808
2025-01-01 00:07:42,248303354.56573334
2025-01-01 00:07:43,247621512.20474163
2025-01-01 00:07:44,248094883.0095426
2025-01-01 00:07:45,249876906.2325507
2025-01-01 00:07:46,253076272.79910776
2025-01-01 00:07:47,253625993.03452453
2025-01-01 00:07:48,249577356.7265537
2025-01-01 00:07:49,249923540.42564443
2025-01-01 00:07:50,253018429.7669581
2025-01-01 00:07:51,249003643.37804934
2025-01-01 00:07:52,245688182.09312427
2025-01-01 00:07:53,248276006.1988564
2025-01-01 00:07:54,245997458.2889356
2025-01-01 00:07:55,248612862.67140043
2025-01-01 00:07:56,249062999.19497314
2025-01-01 00:07:57,248834941.89398608
2025-01-01 00:07:58,249122794.512376
2025-01-01 00:07:59,248896692.54737318
2025-01-01 00:08:00,244629750.65176636
2025-01-01 00:08:01,250855495.1451572
2025-01-01 00:08:02,251050500.44739902
2025-01-01 00:08:03,243059284.14089635
2025-01-01 00:08:04,248872768.2437841
2025-01-01 00:08:05,250095891.04763246
2025-01-01 00:08:06,246786435.9954972
2025-01-01 00:08:07,248817874.0446084
2025-01-01 00:08:08,252484585.37603357
2025-01-01 00:08:09,249591485.61140057
2025-01-01 00:08:10,252956370.92363688
2025-01-01 00:08:11,246030806.58344004
2025-01-01 00:08:12,246726000.70679063
2025-01-01 00:08:13,248871825.81456092
2025-01-01 00:08:14,247422825.98729992
2025-01-01 00:08:15,252006832.62282497
2025-01-01 00:08:16,249364485.149231
2025-01-01 00:08:17,250093470.8210333
2025-01-01 00:08:18,251911722.89170787
2025-01-01 00:08:19,250050605.84813496
2025-01-01 00:08:20,247122853.48001558
2025-01-01 00:08:21,246520374.13129392
2025-01-01 00:08:22,251227984.92325422
2025-01-01 00:08:23,249722561.59866264
2025-01-01 00:08:24,249696999.57974443
2025-01-01 00:08:25,251268972.90736565
2025-01-01 00:08:26,252896805.2177255
2025-01-01 00:08:27,249569354.29322344
2025-01-01 00:08:28,250205196.16486502
2025-01-01 00:08:29,250375035.24708644
2025-01-01 00:08:30,250639427.71859753
2025-01-01 00:08:31,246094248.82074198
2025-01-01 00:08:32,245592401.9121477
2025-01-01 00:08:33,244801876.28869668
2025-01-01 00:08:34,245298029.04013127
2025-01-01 00:08:35,252681945.56941977
2025-01-01 00:08:36,245042559.85610518
2025-01-01 00:08:37,247690012.32910386
2025-01-01 00:08:38,252042993.6124234
2025-01-01 00:08:39,251538822.0856163
2025-01-01 00:08:40,249562430.82923868
2025-01-01 00:08:41,245289689.00065252
2025-01-01 00:08:42,249860279.1544189
2025-01-01 00:08:43,249007363.01020607
2025-01-01 00:08:44,249425155.5172639
2025-01-01 00:08:45,247286338.7308122
2025-01-01 00:08:46,249997526.10935342
2025-01-01 00:08:47,246441049.19744983
2025-01-01 00:08:48,247348350.6808227
2025-01-01 00:08:49,242720304.66481248
2025-01-01 00:08:50,250039833.05210203
2025-01-01 00:08:51,250032467.13633734
2025-01-01 00:08:52,248911386.06741822
2025-01-01 00:08:53,247546329.01796287
2025-01-01 00:08:54,244151060.85594776
2025-01-01 00:08:55,244130391.08216107
2025-01-01 00:08:56,243491434.89439085
2025-01-01 00:08:57,243559097.3727077
2025-01-01 00:08:58,250139752.2326513
2025-01-01 00:08:59,249130438.9445089
2025-01-01 00:09:00,251265778.0685099
2025-01-01 00:09:01,246695543.56751904
2025-01-01 00:09:02,253099766.37807462
2025-01-01 00:09:03,248054163.65287077
2025-01-01 00:09:04,248989443.4319832
2025-01-01 00:09:05,249973043.14492613
2025-01-01 00:09:06,254455472.97433347
2025-01-01 00:09:07,250381847.4555334
2025-01-01 00:09:08,251296832.7969038
2025-01-01 00:09:09,252014077.10882732
2025-01-01 00:09:10,244234082.49801117
2025-01-01 00:09:11,247551435.83870336
2025-01-01 00:09:12,242271002.6782371
2025-01-01 00:09:13,247521674.88667327
2025-01-01 00:09:14,248093102.82290325
2025-01-01 00:09:15,247827391.26736897
2025-01-01 00:09:16,251911170.06598768
2025-01-01 00:09:17,253193448.40780842
2025-01-01 00:09:18,248056080.18263775
2025-01-01 00:09:19,247063386.90645748
2025-01-01 00:09:20,250027561.85462534
2025-01-01 00:09:21,248707692.57607186
2025-01-01 00:09:22,248232717.4434083
2025-01-01 00:09:23,247000740.35789543
2025-01-01 00:09:24,247111173.313638
2025-01-01 00:09:25,248581564.3838897
2025-01-01 00:09:26,246580036.02518398
2025-01-01 00:09:27,252119426.99200562
2025-01-01 00:09:28,251363437.6356357
2025-01-01 00:09:29,251533460.10155576
2025-01-01 00:09:30,251715148.72421607
2025-01-01 00:09:31,251291614.5580632
2025-01-01 00:09:32,246929225.95653898
2025-01-01 00:09:33,248961832.86089614
2025-01-01 00:09:34,249916685.34062558
2025-01-01 00:09:35,248808665.58986667
2025-01-01 00:09:36,247570970.08195522
2025-01-01 00:09:37,247326226.10428166
2025-01-01 00:09:38,244809927.865076
2025-01-01 00:09:39,247376789.06256166
2025-01-01 00:09:40,245961668.93877727
2025-01-01 00:09:41,246034846.0268756
2025-01-01 00:09:42,245773777.4236434
2025-01-01 00:09:43,246836537.92641667
2025-01-01 00:09:44,247561128.54487765
2025-01-01 00:09:45,249108887.33937988
2025-01-01 00:09:46,249572435.2186977
2025-01-01 00:09:47,248959488.13206154
2025-01-01 00:09:48,243832370.8712286
2025-01-01 00:09:49,247616371.7015645
2025-01-01 00:09:50,248673443.10667533
2025-01-01 00:09:51,244877245.06986764
2025-01-01 00:09:52,247656069.82361418
2025-01-01 00:09:53,244365008.87663475
2025-01-01 00:09:54,246625992.5094149
2025-01-01 00:09:55,247758419.05695665
2025-01-01 00:09:56,244308263.36540872
2025-01-01 00:09:57,245097722.90625608
2025-01-01 00:09:58,248778399.54127136
2025-01-01 00:09:59,247998101.8186022
2025-01-01 00:10:00,245126792.00447327
2025-01-01 00:10:01,248861753.83711395
2025-01-01 00:10:02,252597807.20706168
2025-01-01 00:10:03,245425543.94936928
2025-01-01 00:10:04,244437620.43592608
2025-01-01 00:10:05,246166346.49027708
2025-01-01 00:10:06,250056282.48754987
2025-01-01 00:10:07,250041260.57054782
2025-01-01 00:10:08,251610963.6940438
2025-01-01 00:10:09,252994342.10225797
2025-01-01 00:10:10,253058162.4942249
2025-01-01 00:10:11,252880196.9401319
2025-01-01 00:10:12,254038539.40905857
2025-01-01 00:10:13,253954054.05922452
2025-01-01 00:10:14,250135248.72937477
2025-01-01 00:10:15,254586926.2539219
2025-01-01 00:10:16,255006318.48137778
2025-01-01 00:10:17,250631318.93804142
2025-01-01 00:10:18,249395220.24253199
2025-01-01 00:10:19,249432607.97575873
2025-01-01 00:10:20,248572031.4685552
2025-01-01 00:10:21,253297229.13389128
2025-01-01 00:10:22,250703277.020923
2025-01-01 00:10:23,249767298.7903576
2025-01-01 00:10:24,252159033.19169855
2025-01-01 00:10:25,254396030.9669353
2025-01-01 00:10:26,252909059.33452383
2025-01-01 00:10:27,251577702.54017964
2025-01-01 00:10:28,250173201.64028582
2025-01-01 00:10:29,249535688.14497975
2025-01-01 00:10:30,248130348.69672573
2025-01-01 00:10:31,248922698.7293729
2025-01-01 00:10:32,250737247.4110008
2025-01-01 00:10:33,250168876.40165454
2025-01-01 00:10:34,251653361.56606644
2025-01-01 00:10:35,250268304.10791364
2025-01-01 00:10:36,254290284.73038897
2025-01-01 00:10:37,253366486.32644096
2025-01-01 00:10:38,253795946.77572867
2025-01-01 00:10:39,253687465.02378464
2025-01-01 00:10:40,253975337.8763554
2025-01-01 00:10:41,257312658.9321148
2025-01-01 00:10:42,253218566.9396848
2025-01-01 00:10:43,248417178.13065007
2025-01-01 00:10:44,248731847.99631873
2025-01-01 00:10:45,249735533.481998
2025-01-01 00:10:46,250737425.20356312
2025-01-01 00:10:47,251853918.67078432
2025-01-01 00:10:48,250613963.5811702
2025-01-01 00:10:49,246590651.52408278
2025-01-01 00:10:50,248099373.9885529
2025-01-01 00:10:51,252778722.0398178
2025-01-01 00:10:52,250285672.0495049
2025-01-01 00:10:53,255408341.36017123
2025-01-01 00:10:54,253958421.3837819
2025-01-01 00:10:55,252274749.2473934
2025-01-01 00:10:56,250671538.1903839
2025-01-01 00:10:57,246730205.1203502
2025-01-01 00:10:58,248355083.42387027
2025-01-01 00:10:59,248343539.61652857
2025-01-01 00:11:00,252083799.22252584
2025-01-01 00:11:01,253654998.0685545
2025-01-01 00:11:02,249222022.34292537
2025-01-01 00:11:03,253751730.1819088
2025-01-01 00:11:04,247870875.60075223
2025-01-01 00:11:05,248560826.14095432
2025-01-01 00:11:06,249425875.46254298
2025-01-01 00:11:07,250156479.36872688
2025-01-01 00:11:08,251150140.11173683
2025-01-01 00:11:09,247393609.78483364
2025-01-01 00:11:10,248637506.21460122
2025-01-01 00:11:11,249653380.01033705
2025-01-01 00:11:12,243723679.93919533
2025-01-01 00:11:13,247894874.25739527
2025-01-01 00:11:14,249007065.87839454
2025-01-01 00:11:15,247080477.8515594
2025-01-01 00:11:16,252251134.5579478
2025-01-01 00:11:17,253349832.50865436
2025-01-01 00:11:18,246383276.02975005
2025-01-01 00:11:19,253549023.98810735
2025-01-01 00:11:20,249619365.80181283
2025-01-01 00:11:21,254020627.1192683
2025-01-01 00:11:22,250172166.721856
2025-01-01 00:11:23,247642517.593584
2025-01-01 00:11:24,249005032.29545075
2025-01-01 00:11:25,245896660.03909475
2025-01-01 00:11:26,250878958.33955032
2025-01-01 00:11:27,251889199.240454
2025-01-01 00:11:28,250606143.72282407
2025-01-01 00:11:29,246780247.92304063
2025-01-01 00:11:30,249154038.2311382
2025-01-01 00:11:31,250279675.8191539
2025-01-01 00:11:32,252148290.58588135
2025-01-01 00:11:33,249927047.06190738
2025-01-01 00:11:34,254562522.2853182
2025-01-01 00:11:35,251916667.1604187
2025-01-01 00:11:36,249803173.19001803
2025-01-01 00:11:37,249514307.04943663
2025-01-01 00:11:38,253411820.31740686
2025-01-01 00:11:39,256151717.8373763
2025-01-01 00:11:40,251508213.9004819
2025-01-01 00:11:41,253663969.87734377
2025-01-01 00:11:42,251141728.76440376
2025-01-01 00:11:43,253401012.13357183
2025-01-01 00:11:44,251239450.56176877
2025-01-01 00:11:45,249544096.94507968
2025-01-01 00:11:46,255271547.80889305
2025-01-01 00:11:47,252146781.89015445
2025-01-01 00:11:48,250119026.2063069
2025-01-01 00:11:49,250122358.1500451
2025-01-01 00:11:50,249644148.57560542
2025-01-01 00:11:51,252081028.65858018
2025-01-01 00:11:52,251058870.65732917
2025-01-01 00:11:53,247704498.61644465
2025-01-01 00:11:54,249193521.2818148
2025-01-01 00:11:55,249586723.18294543
2025-01-01 00:11:56,249488569.36954644
2025-01-01 00:11:57,249275827.42286018
2025-01-01 00:11:58,249023927.34622368
2025-01-01 00:11:59,248569048.70601875
2025-01-01 00:12:00,246848107.83780652
2025-01-01 00:12:01,249616695.11571336
2025-01-01 00:12:02,248134526.45031497
2025-01-01 00:12:03,250351248.60806605
2025-01-01 00:12:04,249479422.17334208
2025-01-01 00:12:05,253839591.1828759
2025-01-01 00:12:06,252866543.27358314
2025-01-01 00:12:07,253395991.84083
2025-01-01 00:12:08,253656745.170465
2025-01-01 00:12:09,246061942.00313824
2025-01-01 00:12:10,251406398.8726084
2025-01-01 00:12:11,259453150.44173366
2025-01-01 00:12:12,253629907.80283213
2025-01-01 00:12:13,248716548.57789055
2025-01-01 00:12:14,252693129.65524432
2025-01-01 00:12:15,254199132.95722428
2025-01-01 00:12:16,253349925.71364477
2025-01-01 00:12:17,253265110.42562538
2025-01-01 00:12:18,250208957.50679392
2025-01-01 00:12:19,251255874.5071342
2025-01-01 00:12:20,246576219.51464444
2025-01-01 00:12:21,252830447.25327408
2025-01-01 00:12:22,251790634.68979302
2025-01-01 00:12:23,251800612.71212775
2025-01-01 00:12:24,251837683.0534039
2025-01-01 00:12:25,249738382.990643
2025-01-01 00:12:26,249143341.67507583
2025-01-01 00:12:27,253710894.959449
2025-01-01 00:12:28,252602579.12983865
2025-01-01 00:12:29,252075297.52304277
2025-01-01 00:12:30,252242558.9165273
2025-01-01 00:12:31,246192962.23852393
2025-01-01 00:12:32,247791023.94426218
2025-01-01 00:12:33,247076732.03477475
2025-01-01 00:12:34,251306383.54581994
2025-01-01 00:12:35,248651331.24398154
2025-01-01 00:12:36,249793746.91152588
2025-01-01 00:12:37,250440912.04389086
2025-01-01 00:12:38,254198088.45984313
2025-01-01 00:12:39,250079076.1222206
2025-01-01 00:12:40,251932571.22877777
2025-01-01 00:12:41,249638666.05972272
2025-01-01 00:12:42,249696766.4535539
2025-01-01 00:12:43,250426368.21059045
2025-01-01 00:12:44,250160370.97646222
2025-01-01 00:12:45,249990848.46064374
2025-01-01 00:12:46,251462389.625216
2025-01-01 00:12:47,254350083.09005502
2025-01-01 00:12:48,254285237.90754843
2025-01-01 00:12:49,250391464.3283083
2025-01-01 00:12:50,255621631.97668427
2025-01-01 00:12:51,257583919.58586094
2025-01-01 00:12:52,255997846.68098572
2025-01-01 00:12:53,255505933.94603333
2025-01-01 00:12:54,258301595.48777056
2025-01-01 00:12:55,254109834.42451128
2025-01-01 00:12:56,249309802.5001391
2025-01-01 00:12:57,250083675.4306274
2025-01-01 00:12:58,252403846.83582488
2025-01-01 00:12:59,249688910.90696958
2025-01-01 00:13:00,250412312.2369747
2025-01-01 00:13:01,248471828.95289212
2025-01-01 00:13:02,248085006.17433605
2025-01-01 00:13:03,251789254.7919455
2025-01-01 00:13:04,251321222.33593896
2025-01-01 00:13:05,253335509.59350008
2025-01-01 00:13:06,250085616.12659082
2025-01-01 00:13:07,251174772.52078947
2025-01-01 00:13:08,247651855.86480537
2025-01-01 00:13:09,251574678.81236517
2025-01-01 00:13:10,247662870.9400452
2025-01-01 00:13:11,246944016.06189808
2025-01-01 00:13:12,248130399.48302618
2025-01-01 00:13:13,248722432.89811468
2025-01-01 00:13:14,252252822.20469195
2025-01-01 00:13:15,251441220.93820852
2025-01-01 00:13:16,252742724.14321512
2025-01-01 00:13:17,251315102.61885637
2025-01-01 00:13:18,250060045.4446253
2025-01-01 00:13:19,249167580.03700215
2025-01-01 00:13:20,249612165.47462344
2025-01-01 00:13:21,251445929.55561596
2025-01-01 00:13:22,249989617.09679702
2025-01-01 00:13:23,248935068.01117405
2025-01-01 00:13:24,248084945.4091599
2025-01-01 00:13:25,248289584.88407987
2025-01-01 00:13:26,248524482.9708431
2025-01-01 00:13:27,254991889.7582513
2025-01-01 00:13:28,253616780.9604667
2025-01-01 00:13:29,253184234.69562253
2025-01-01 00:13:30,254546044.62990597
2025-01-01 00:13:31,254035760.83039775
2025-01-01 00:13:32,251145987.18734443
2025-01-01 00:13:33,252926135.00844663
2025-01-01 00:13:34,252011866.53408536
2025-01-01 00:13:35,251719926.13119528
2025-01-01 00:13:36,246831036.64077044
2025-01-01 00:13:37,253763584.8098598
2025-01-01 00:13:38,249989943.8375312
2025-01-01 00:13:39,249184115.49462894
2025-01-01 00:13:40,248092058.05103737
2025-01-01 00:13:41,250132288.08756754
2025-01-01 00:13:42,248900621.72092074
2025-01-01 00:13:43,246732001.77184686
2025-01-01 00:13:44,249480625.12856904
2025-01-01 00:13:45,246204465.58389837
2025-01-01 00:13:46,253779768.77424407
2025-01-01 00:13:47,254437485.53428918
2025-01-01 00:13:48,250060580.87218776
2025-01-01 00:13:49,251346104.50516722
2025-01-01 00:13:50,255673391.42456514
2025-01-01 00:13:51,247296619.10661525
2025-01-01 00:13:52,251373346.49360627
2025-01-01 00:13:53,251538379.73199984
2025-01-01 00:13:54,250129010.18003732
2025-01-01 00:13:55,253242123.19029403
2025-01-01 00:13:56,253985289.86360294
2025-01-01 00:13:57,252479112.4998053
2025-01-01 00:13:58,249990076.0313087
2025-01-01 00:13:59,252691068.68306518
2025-01-01 00:14:00,251572345.41973525
2025-01-01 00:14:01,251707768.54161772
2025-01-01 00:14:02,253757300.46589297
2025-01-01 00:14:03,255041854.83180073
2025-01-01 00:14:04,251618377.13120985
2025-01-01 00:14:05,251474530.83307868
2025-01-01 00:14:06,250738855.5688417
2025-01-01 00:14:07,249680395.77616787
2025-01-01 00:14:08,251413996.91571245
2025-01-01 00:14:09,250630395.01704815
2025-01-01 00:14:10,251157336.2086758
2025-01-01 00:14:11,254739676.1832979
2025-01-01 00:14:12,255720340.76685986
2025-01-01 00:14:13,253660472.29582
2025-01-01 00:14:14,250624321.0373698
2025-01-01 00:14:15,252343589.396148
2025-01-01 00:14:16,255028069.13321933
2025-01-01 00:14:17,256490271.07288998
2025-01-01 00:14:18,254789051.7027181
2025-01-01 00:14:19,257212275.7268678
2025-01-01 00:14:20,260972732.34724072
2025-01-01 00:14:21,252199467.62421
2025-01-01 00:14:22,249599166.0359325
2025-01-01 00:14:23,248456901.5143627
2025-01-01 00:14:24,252098149.79348177
2025-01-01 00:14:25,248083990.0584683
2025-01-01 00:14:26,253443456.39571726
2025-01-01 00:14:27,248345276.62041
2025-01-01 00:14:28,249740763.9906819
2025-01-01 00:14:29,254425144.31725568
2025-01-01 00:14:30,249543440.19701466
2025-01-01 00:14:31,246739303.16207793
2025-01-01 00:14:32,248570354.01968777
2025-01-01 00:14:33,251043841.71495825
2025-01-01 00:14:34,248912234.8892131
2025-01-01 00:14:35,249571253.11180243
2025-01-01 00:14:36,251599686.48852873
2025-01-01 00:14:37,244409593.1579134
2025-01-01 00:14:38,245476100.26708344
2025-01-01 00:14:39,251181351.36567298
2025-01-01 00:14:40,244983148.8234913
2025-01-01 00:14:41,246584027.70930526
2025-01-01 00:14:42,245826104.34056392
2025-01-01 00:14:43,247865108.92327827
2025-01-01 00:14:44,250678793.9387391
2025-01-01 00:14:45,250977478.70141348
2025-01-01 00:14:46,253150295.33275515
2025-01-01 00:14:47,252094646.03058177
2025-01-01 00:14:48,251311828.82025313
2025-01-01 00:14:49,244533086.7556113
2025-01-01 00:14:50,246760395.8724076
2025-01-01 00:14:51,248617471.19532356
2025-01-01 00:14:52,250520624.9750938
2025-01-01 00:14:53,250116583.08857545
2025-01-01 00:14:54,246280574.17935044
2025-01-01 00:14:55,246104850.51088175
2025-01-01 00:14:56,245421817.11704144
2025-01-01 00:14:57,240403365.06718063
2025-01-01 00:14:58,243000553.06088233
2025-01-01 00:14:59,246900696.35254896
2025-01-01 00:15:00,251580013.00842193
2025-01-01 00:15:01,245733998.5121505
2025-01-01 00:15:02,249329840.9514989
2025-01-01 00:15:03,247646845.18891022
2025-01-01 00:15:04,251268559.8012208
2025-01-01 00:15:05,250860841.36013073
2025-01-01 00:15:06,252011049.31061128
2025-01-01 00:15:07,249969876.3049198
2025-01-01 00:15:08,247525769.1899785
2025-01-01 00:15:09,251000474.3215518
2025-01-01 00:15:10,250431160.66073456
2025-01-01 00:15:11,254020495.91300943
2025-01-01 00:15:12,254437978.07611623
2025-01-01 00:15:13,253004828.13397458
2025-01-01 00:15:14,248975443.34630516
2025-01-01 00:15:15,252970687.52093786
2025-01-01 00:15:16,254463400.65668595
2025-01-01 00:15:17,253427140.34853998
2025-01-01 00:15:18,249390762.96216172
2025-01-01 00:15:19,248627331.45508537
2025-01-01 00:15:20,247536604.3983895
2025-01-01 00:15:21,247641902.93088996
2025-01-01 00:15:22,246800846.7288014
2025-01-01 00:15:23,253432872.90433455
2025-01-01 00:15:24,255047052.1421387
2025-01-01 00:15:25,249897348.73709062
2025-01-01 00:15:26,253394835.4443619
2025-01-01 00:15:27,250210199.27329758
2025-01-01 00:15:28,248122955.0648268
2025-01-01 00:15:29,252905967.4012301
2025-01-01 00:15:30,252208465.7174953
2025-01-01 00:15:31,254149560.8983814
2025-01-01 00:15:32,251138796.49455634
2025-01-01 00:15:33,250193731.91177738
2025-01-01 00:15:34,250468343.83334112
2025-01-01 00:15:35,252678665.9086697
2025-01-01 00:15:36,249110911.00636485
2025-01-01 00:15:37,247319701.65022334
2025-01-01 00:15:38,250801298.2472651
2025-01-01 00:15:39,253986447.07046333
2025-01-01 00:15:40,251892489.98312134
2025-01-01 00:15:41,250468325.2969728
2025-01-01 00:15:42,246532017.7520166
2025-01-01 00:15:43,250334343.5830286
2025-01-01 00:15:44,250346164.45938876
2025-01-01 00:15:45,247781442.410512
2025-01-01 00:15:46,248935364.3525244
2025-01-01 00:15:47,250525047.7549887
2025-01-01 00:15:48,249483574.52724236
2025-01-01 00:15:49,248392221.4151553
2025-01-01 00:15:50,248528448.44044808
2025-01-01 00:15:51,247622137.79003444
2025-01-01 00:15:52,246629064.91722903
2025-01-01 00:15:53,247807778.9848678
2025-01-01 00:15:54,248187525.71939716
2025-01-01 00:15:55,252494505.0451174
2025-01-01 00:15:56,250516817.12986714
2025-01-01 00:15:57,246096462.99591258
2025-01-01 00:15:58,250968693.20909265
2025-01-01 00:15:59,248892612.1962702
2025-01-01 00:16:00,253686548.40748537
2025-01-01 00:16:01,245748771.43795812
2025-01-01 00:16:02,248308228.14157432
2025-01-01 00:16:03,244803949.4559041
2025-01-01 00:16:04,244534475.79016462
2025-01-01 00:16:05,247182883.7385326
2025-01-01 00:16:06,247803723.74951047
2025-01-01 00:16:07,247875192.7512442
2025-01-01 00:16:08,249168559.150934
2025-01-01 00:16:09,252087209.01033643
2025-01-01 00:16:10,249104386.8433296
2025-01-01 00:16:11,251835672.05682972
2025-01-01 00:16:12,250628470.6724225
2025-01-01 00:16:13,246909427.21697184
2025-01-01 00:16:14,251969991.97579202
2025-01-01 00:16:15,244372214.72093847
2025-01-01 00:16:16,252702625.1462846
2025-01-01 00:16:17,243829725.60884672
2025-01-01 00:16:18,244996733.27877644
2025-01-01 00:16:19,249966453.3778689
2025-01-01 00:16:20,252366119.7550325
2025-01-01 00:16:21,249293406.17708975
2025-01-01 00:16:22,248417117.0910272
2025-01-01 00:16:23,250760496.77723175
2025-01-01 00:16:24,248904318.89120147
2025-01-01 00:16:25,248424240.39380103
2025-01-01 00:16:26,249274826.16081032
2025-01-01 00:16:27,247669822.4053066
2025-01-01 00:16:28,247530629.77291963
2025-01-01 00:16:29,248717790.2447786
2025-01-01 00:16:30,254048508.29614908
2025-01-01 00:16:31,251039768.734644
2025-01-01 00:16:32,251130188.64667198
2025-01-01 00:16:33,252630024.674311
2025-01-01 00:16:34,249201414.4235859
2025-01-01 00:16:35,247458328.53720003
2025-01-01 00:16:36,247539972.637863
2025-01-01 00:16:37,249610411.32043782
2025-01-01 00:16:38,252118196.77371114
2025-01-01 00:16:39,249718070.2301664
2025-01-01 00:16:40,247777868.01946285
2025-01-01 00:16:41,250027532.77618968
2025-01-01 00:16:42,247727533.0017219
2025-01-01 00:16:43,244059034.01259592
2025-01-01 00:16:44,248050794.68063945
2025-01-01 00:16:45,245598253.70370844
2025-01-01 00:16:46,247880096.87284717
2025-01-01 00:16:47,247477648.3424723
2025-01-01 00:16:48,248662563.26535428
2025-01-01 00:16:49,245630750.79680812
2025-01-01 00:16:50,245687657.0534007
2025-01-01 00:16:51,248620407.94685504
2025-01-01 00:16:52,249409347.0461555
2025-01-01 00:16:53,249533459.77278128
2025-01-01 00:16:54,249626493.10197595
2025-01-01 00:16:55,250828247.22101918
2025-01-01 00:16:56,245050023.63882113
2025-01-01 00:16:57,246816605.7206795
2025-01-01 00:16:58,250059947.9158632
2025-01-01 00:16:59,244380265.0194143
2025-01-01 00:17:00,250855398.45985705
2025-01-01 00:17:01,249820874.0584132
2025-01-01 00:17:02,249450666.7500848
2025-01-01 00:17:03,246396488.73048508
2025-01-01 00:17:04,249293965.3957037
2025-01-01 00:17:05,248770633.2326709
2025-01-01 00:17:06,245109699.10452148
2025-01-01 00:17:07,251042905.6650346
2025-01-01 00:17:08,251495369.49610525
2025-01-01 00:17:09,249925973.4961447
2025-01-01 00:17:10,251869242.59257013
2025-01-01 00:17:11,252750787.84532616
2025-01-01 00:17:12,244651000.79131708
2025-01-01 00:17:13,249114640.62977892
2025-01-01 00:17:14,246706999.63752759
2025-01-01 00:17:15,247781766.0439873
2025-01-01 00:17:16,247805899.62866724
2025-01-01 00:17:17,246212513.30409586
2025-01-01 00:17:18,250473889.65477854
2025-01-01 00:17:19,250324779.25889292
2025-01-01 00:17:20,249412724.93805876
2025-01-01 00:17:21,248508089.65861937
2025-01-01 00:17:22,248866717.05319872
2025-01-01 00:17:23,246486806.76368734
2025-01-01 00:17:24,245119450.6742029
2025-01-01 00:17:25,245180367.9615957
2025-01-01 00:17:26,251528093.14593515
2025-01-01 00:17:27,246541501.38686213
2025-01-01 00:17:28,245169544.2970663
2025-01-01 00:17:29,248919002.70270753
2025-01-01 00:17:30,252327523.37870398
2025-01-01 00:17:31,250856445.38728002
2025-01-01 00:17:32,249612736.0793721
2025-01-01 00:17:33,253255617.31154472
2025-01-01 00:17:34,248554206.90724212
2025-01-01 00:17:35,252403275.29014236
2025-01-01 00:17:36,251069948.6829126
2025-01-01 00:17:37,251924461.52991784
2025-01-01 00:17:38,250706217.75507948
2025-01-01 00:17:39,251566131.8057646
2025-01-01 00:17:40,255057616.27968127
2025-01-01 00:17:41,252621303.72714454
2025-01-01 00:17:42,256211414.12733117
2025-01-01 00:17:43,254384605.41070253
2025-01-01 00:17:44,251481785.34892032
2025-01-01 00:17:45,248305759.48450086
2025-01-01 00:17:46,252694837.99396107
2025-01-01 00:17:47,245646029.96918142
2025-01-01 00:17:48,246979017.0992346
2025-01-01 00:17:49,251467913.65534523
2025-01-01 00:17:50,248290550.45978588
2025-01-01 00:17:51,247424286.57757524
2025-01-01 00:17:52,246915611.3317258
2025-01-01 00:17:53,248903230.0763704
2025-01-01 00:17:54,242567731.69034022
2025-01-01 00:17:55,245973642.89019924
2025-01-01 00:17:56,244349571.7292976
2025-01-01 00:17:57,248209481.65672415
2025-01-01 00:17:58,245425071.69812462
2025-01-01 00:17:59,244049395.1997653
2025-01-01 00:18:00,246515245.51193073
2025-01-01 00:18:01,250598945.86326778
2025-01-01 00:18:02,244959644.52226734
2025-01-01 00:18:03,244217675.9587503
2025-01-01 00:18:04,241776236.41769743
2025-01-01 00:18:05,242211445.11956233
2025-01-01 00:18:06,247447436.25857905
2025-01-01 00:18:07,243786920.38001055
2025-01-01 00:18:08,247685485.45863813
2025-01-01 00:18:09,243298521.91250598
2025-01-01 00:18:10,246290101.323214
2025-01-01 00:18:11,250253460.91278583
2025-01-01 00:18:12,247815910.16346693
2025-01-01 00:18:13,248557750.72745585
2025-01-01 00:18:14,250660274.08300874
2025-01-01 00:18:15,249546551.58525953
2025-01-01 00:18:16,247688298.21784744
2025-01-01 00:18:17,244697485.9754837
2025-01-01 00:18:18,245939816.96552372
2025-01-01 00:18:19,247920437.17251796
2025-01-01 00:18:20,248682899.60326546
2025-01-01 00:18:21,247832456.71351415
2025-01-01 00:18:22,248100053.79123095
2025-01-01 00:18:23,251483117.79424036
2025-01-01 00:18:24,248729531.31290093
2025-01-01 00:18:25,250463472.43785658
2025-01-01 00:18:26,250363985.04903674
2025-01-01 00:18:27,250488238.59688696
2025-01-01 00:18:28,248763931.4818273
2025-01-01 00:18:29,246091607.35445744
2025-01-01 00:18:30,243570670.23552918
2025-01-01 00:18:31,247238477.720236
2025-01-01 00:18:32,246793173.96589613
2025-01-01 00:18:33,251099740.34170046
2025-01-01 00:18:34,251537641.46894515
2025-01-01 00:18:35,247412961.19472212
2025-01-01 00:18:36,252723460.45677045
2025-01-01 00:18:37,252623653.367692
2025-01-01 00:18:38,245648335.0904225
2025-01-01 00:18:39,247785942.36584127
2025-01-01 00:18:40,254987942.97763017
2025-01-01 00:18:41,251181356.50895214
2025-01-01 00:18:42,251012256.59883085
2025-01-01 00:18:43,252256736.27556238
2025-01-01 00:18:44,246902144.44158596
2025-01-01 00:18:45,250536607.31174728
2025-01-01 00:18:46,248556399.7320487
2025-01-01 00:18:47,246089896.76240572
2025-01-01 00:18:48,245931096.66374493
2025-01-01 00:18:49,245866473.03225777
2025-01-01 00:18:50,250348950.47616896
2025-01-01 00:18:51,247568527.68992168
2025-01-01 00:18:52,249657540.05860436
2025-01-01 00:18:53,250421783.18040237
2025-01-01 00:18:54,245233448.9437344
2025-01-01 00:18:55,243245643.27616417
2025-01-01 00:18:56,242127053.83136654
2025-01-01 00:18:57,242279638.95670155
2025-01-01 00:18:58,246507135.1307729
2025-01-01 00:18:59,246669214.57218745
2025-01-01 00:19:00,248011874.314288
2025-01-01 00:19:01,249415935.19159278
2025-01-01 00:19:02,245337937.46755782
2025-01-01 00:19:03,245267404.734622
2025-01-01 00:19:04,247948802.6002589
2025-01-01 00:19:05,251396312.1138879
2025-01-01 00:19:06,247259781.56803876
2025-01-01 00:19:07,247780087.62540185
2025-01-01 00:19:08,251273723.2628906
2025-01-01 00:19:09,250110979.49008355
2025-01-01 00:19:10,250103682.2384467
2025-01-01 00:19:11,248849573.3321845
2025-01-01 00:19:12,250918678.6277596
2025-01-01 00:19:13,249107893.20861387
2025-01-01 00:19:14,250167222.77270538
2025-01-01 00:19:15,247956422.10522395
2025-01-01 00:19:16,243014817.33824608
2025-01-01 00:19:17,244949304.025826
2025-01-01 00:19:18,249799285.8523744
2025-01-01 00:19:19,248299437.84747547
2025-01-01 00:19:20,249120454.82716757
2025-01-01 00:19:21,248066672.5258261
2025-01-01 00:19:22,248165673.76862007
2025-01-01 00:19:23,249392010.68397278
2025-01-01 00:19:24,250060638.69011724
2025-01-01 00:19:25,251566684.69322905
2025-01-01 00:19:26,249884946.3189133
2025-01-01 00:19:27,244977652.3799062
2025-01-01 00:19:28,251872545.19708404
2025-01-01 00:19:29,249948059.7304241
2025-01-01 00:19:30,249079760.6808476
2025-01-01 00:19:31,252170392.10795656
2025-01-01 00:19:32,248955041.90622523
2025-01-01 00:19:33,247146440.91739523
2025-01-01 00:19:34,244713171.0691124
2025-01-01 00:19:35,251200397.0952726
2025-01-01 00:19:36,252664714.56607702
2025-01-01 00:19:37,249770105.1601523
2025-01-01 00:19:38,245598509.91465077
2025-01-01 00:19:39,248674572.25478733
2025-01-01 00:19:40,246315888.86077747
2025-01-01 00:19:41,250037145.8831603
2025-01-01 00:19:42,247198068.85123056
2025-01-01 00:19:43,249199655.42617568
2025-01-01 00:19:44,248694867.05006352
2025-01-01 00:19:45,250031788.4521271
2025-01-01 00:19:46,250668634.60689455
2025-01-01 00:19:47,250746070.54486865
2025-01-01 00:19:48,249578453.9707365
2025-01-01 00:19:49,251629239.09964025
2025-01-01 00:19:50,255862937.24894062
2025-01-01 00:19:51,250881288.3741648
2025-01-01 00:19:52,245796137.30121627
2025-01-01 00:19:53,253305260.9583574
2025-01-01 00:19:54,252957627.73689944
2025-01-01 00:19:55,253025829.2383869
2025-01-01 00:19:56,253914945.10839176
2025-01-01 00:19:57,249718372.32334065
2025-01-01 00:19:58,251712175.32069498
2025-01-01 00:19:59,248213382.02880928
2025-01-01 00:20:00,247335825.73750913
2025-01-01 00:20:01,248153077.27825484
2025-01-01 00:20:02,254881323.32185295
2025-01-01 00:20:03,249962846.18644017
2025-01-01 00:20:04,249522478.01569206
2025-01-01 00:20:05,249526125.8147291
2025-01-01 00:20:06,251847917.2761711
2025-01-01 00:20:07,252939848.72794136
2025-01-01 00:20:08,249043095.31739023
2025-01-01 00:20:09,247853144.64356065
2025-01-01 00:20:10,251648487.7099699
2025-01-01 00:20:11,249794790.96670434
2025-01-01 00:20:12,250835948.98985553
2025-01-01 00:20:13,247552035.37081912
2025-01-01 00:20:14,245695869.6564004
2025-01-01 00:20:15,243074263.53928146
2025-01-01 00:20:16,250897273.04295525
2025-01-01 00:20:17,253468946.25090477
2025-01-01 00:20:18,251964657.71996418
2025-01-01 00:20:19,250612972.03246954
2025-01-01 00:20:20,251756312.22190827
2025-01-01 00:20:21,246225543.87970582
2025-01-01 00:20:22,249880726.64252967
2025-01-01 00:20:23,250299118.41628337
2025-01-01 00:20:24,252223415.4619523
2025-01-01 00:20:25,249807353.825792
2025-01-01 00:20:26,245207604.83690447
2025-01-01 00:20:27,251083236.35275745
2025-01-01 00:20:28,245482490.4008367
2025-01-01 00:20:29,248658478.0626106
2025-01-01 00:20:30,244868603.78855476
2025-01-01 00:20:31,247278700.98354903
2025-01-01 00:20:32,250719431.90921617
2025-01-01 00:20:33,252785718.6347469
2025-01-01 00:20:34,250740093.40107864
2025-01-01 00:20:35,250530088.6670957
2025-01-01 00:20:36,252114802.3466276
2025-01-01 00:20:37,252884435.64376917
2025-01-01 00:20:38,254846439.26852664
2025-01-01 00:20:39,251932843.38915804
2025-01-01 00:20:40,247493758.9086978
2025-01-01 00:20:41,247398730.27961242
2025-01-01 00:20:42,251613720.24674803
2025-01-01 00:20:43,251185465.62111282
2025-01-01 00:20:44,248989226.05762663
2025-01-01 00:20:45,243725752.41398567
2025-01-01 00:20:46,247869544.22024292
2025-01-01 00:20:47,244090681.25650287
2025-01-01 00:20:48,247903911.7754005
2025-01-01 00:20:49,245595718.06797975
2025-01-01 00:20:50,245576818.0175487
2025-01-01 00:20:51,250285572.6580567
2025-01-01 00:20:52,249129241.29336944
2025-01-01 00:20:53,247342638.82164758
2025-01-01 00:20:54,248477400.12579516
2025-01-01 00:20:55,252151317.96569857
2025-01-01 00:20:56,247446299.66437516
2025-01-01 00:20:57,254322009.45135993
2025-01-01 00:20:58,253868266.76863393
2025-01-01 00:20:59,247875800.0275984
2025-01-01 00:21:00,246922328.11581492
2025-01-01 00:21:01,244650884.45069274
2025-01-01 00:21:02,248934173.0192384
2025-01-01 00:21:03,252031836.05078334
2025-01-01 00:21:04,253632667.01142037
2025-01-01 00:21:05,248806600.48507434
2025-01-01 00:21:06,249283036.58389267
2025-01-01 00:21:07,247947458.23899394
2025-01-01 00:21:08,250808416.088051
2025-01-01 00:21:09,247382884.25325254
2025-01-01 00:21:10,249087180.25708368
2025-01-01 00:21:11,249034008.09020606
2025-01-01 00:21:12,249554201.51937437
2025-01-01 00:21:13,249170008.83582047
2025-01-01 00:21:14,251291790.12035593
2025-01-01 00:21:15,245631508.83504748
2025-01-01 00:21:16,253330068.3968391
2025-01-01 00:21:17,249687068.29739222
2025-01-01 00:21:18,252114086.54166144
2025-01-01 00:21:19,248320584.47270152
2025-01-01 00:21:20,251719040.75222188
2025-01-01 00:21:21,253510460.8738636
2025-01-01 00:21:22,247563553.78117245
2025-01-01 00:21:23,243850495.5449546
2025-01-01 00:21:24,248415679.42408141
2025-01-01 00:21:25,251849692.3833686
2025-01-01 00:21:26,252174953.4831588
2025-01-01 00:21:27,252641975.73054752
2025-01-01 00:21:28,249414208.73087123
2025-01-01 00:21:29,248642230.4326352
2025-01-01 00:21:30,250702484.3107365
2025-01-01 00:21:31,253476204.67731076
2025-01-01 00:21:32,250418463.39895165
2025-01-01 00:21:33,254408842.10862327
2025-01-01 00:21:34,252649115.2607798
2025-01-01 00:21:35,256638941.96681052
2025-01-01 00:21:36,253731491.69910198
2025-01-01 00:21:37,250513437.1899819
2025-01-01 00:21:38,248530875.12078127
2025-01-01 00:21:39,249752337.8674912
2025-01-01 00:21:40,248361536.24134067
2025-01-01 00:21:41,249539447.6063284
2025-01-01 00:21:42,249299036.7556049
2025-01-01 00:21:43,249763240.2927261
2025-01-01 00:21:44,251194906.38637444
2025-01-01 00:21:45,249650073.16219226
2025-01-01 00:21:46,251749416.42278054
2025-01-01 00:21:47,250372500.52258286
2025-01-01 00:21:48,249965007.1207609
2025-01-01 00:21:49,247264613.06334066
2025-01-01 00:21:50,246346536.0518328
2025-01-01 00:21:51,246652090.13294294
2025-01-01 00:21:52,248342093.64090043
2025-01-01 00:21:53,247041906.09197053
2025-01-01 00:21:54,247994325.27088106
2025-01-01 00:21:55,246100004.3065301
2025-01-01 00:21:56,247084042.21313345
2025-01-01 00:21:57,246105636.37332484
2025-01-01 00:21:58,249545405.95454183
2025-01-01 00:21:59,247185266.00748736
2025-01-01 00:22:00,247688512.50317675
2025-01-01 00:22:01,251194656.12389696
2025-01-01 00:22:02,250793947.56767556
2025-01-01 00:22:03,245896459.92927355
2025-01-01 00:22:04,248574671.9214992
2025-01-01 00:22:05,249338302.01208615
2025-01-01 00:22:06,250944514.23331156
2025-01-01 00:22:07,251247402.31114423
2025-01-01 00:22:08,247843921.77628955
2025-01-01 00:22:09,249093594.77670705
2025-01-01 00:22:10,247249453.2614146
2025-01-01 00:22:11,248734314.33744237
2025-01-01 00:22:12,249205096.22995928
2025-01-01 00:22:13,250230643.05213076
2025-01-01 00:22:14,250605367.75292188
2025-01-01 00:22:15,251945951.51131853
2025-01-01 00:22:16,247630202.97843808
2025-01-01 00:22:17,245011179.79879746
2025-01-01 00:22:18,252019624.0799478
2025-01-01 00:22:19,252776505.7723825
2025-01-01 00:22:20,248409182.14621592
2025-01-01 00:22:21,248152125.36849093
2025-01-01 00:22:22,246656364.86313587
2025-01-01 00:22:23,249541521.31166005
2025-01-01 00:22:24,250826718.47862026
2025-01-01 00:22:25,249340607.58811462
2025-01-01 00:22:26,251635036.78336042
2025-01-01 00:22:27,252864956.39231452
2025-01-01 00:22:28,251187724.0567901
2025-01-01 00:22:29,246485451.27041462
2025-01-01 00:22:30,248615684.58198985
2025-01-01 00:22:31,251842050.4826113
2025-01-01 00:22:32,249440663.94800007
2025-01-01 00:22:33,249718601.9954736
2025-01-01 00:22:34,252656581.49150044
2025-01-01 00:22:35,249017974.32791203
2025-01-01 00:22:36,245452325.55582878
2025-01-01 00:22:37,246155251.2509545
2025-01-01 00:22:38,243762144.70902526
2025-01-01 00:22:39,246888480.58730468
2025-01-01 00:22:40,246195546.71294987
2025-01-01 00:22:41,247923144.50748292
2025-01-01 00:22:42,244392509.05660424
2025-01-01 00:22:43,244881343.7740346
2025-01-01 00:22:44,249179832.2825996
2025-01-01 00:22:45,244983678.63613543
2025-01-01 00:22:46,247173171.27650267
2025-01-01 00:22:47,252572627.62924165
2025-01-01 00:22:48,247268872.233989
2025-01-01 00:22:49,245570086.26373044
2025-01-01 00:22:50,248023351.69249818
2025-01-01 00:22:51,248857429.12248406
2025-01-01 00:22:52,249083093.6947832
2025-01-01 00:22:53,245650845.72075057
2025-01-01 00:22:54,246656500.7859458
2025-01-01 00:22:55,249970567.66016975
2025-01-01 00:22:56,252483127.1522412
2025-01-01 00:22:57,250076977.703794
2025-01-01 00:22:58,245646545.6817034
2025-01-01 00:22:59,246143068.91184902
2025-01-01 00:23:00,246807670.83304864
2025-01-01 00:23:01,246171763.9647993
2025-01-01 00:23:02,244894372.34220988
2025-01-01 00:23:03,241959209.1166926
2025-01-01 00:23:04,242114040.91432998
2025-01-01 00:23:05,246286992.22787803
2025-01-01 00:23:06,247246195.02478367
2025-01-01 00:23:07,249823705.19791538
2025-01-01 00:23:08,245855351.57498044
2025-01-01 00:23:09,250197421.8244543
2025-01-01 00:23:10,246017968.7745906
2025-01-01 00:23:11,248838876.6009382
2025-01-01 00:23:12,247123654.2954607
2025-01-01 00:23:13,245900504.48102534
2025-01-01 00:23:14,249478678.3161119
2025-01-01 00:23:15,249265481.557509
2025-01-01 00:23:16,242292426.39774838
2025-01-01 00:23:17,245783923.94028878
2025-01-01 00:23:18,246076671.1570652
2025-01-01 00:23:19,244791364.44176993
2025-01-01 00:23:20,246118496.83014226
2025-01-01 00:23:21,246713374.23288992
2025-01-01 00:23:22,246189527.18571335
2025-01-01 00:23:23,242016804.0625781
2025-01-01 00:23:24,244157037.16570693
2025-01-01 00:23:25,248008848.2304152
2025-01-01 00:23:26,242937303.5988599
2025-01-01 00:23:27,241699114.56957334
2025-01-01 00:23:28,245038762.50936127
2025-01-01 00:23:29,246057029.61868975
2025-01-01 00:23:30,245509781.89371973
2025-01-01 00:23:31,247936986.5523488
2025-01-01 00:23:32,246867397.36940762
2025-01-01 00:23:33,252373100.4975457
2025-01-01 00:23:34,250860493.8882479
2025-01-01 00:23:35,250883920.6758212
2025-01-01 00:23:36,250328350.15759748
2025-01-01 00:23:37,252508491.78380644
2025-01-01 00:23:38,250956450.3642657
2025-01-01 00:23:39,250580181.4232218
2025-01-01 00:23:40,249668922.82950583
2025-01-01 00:23:41,249165432.6564492
2025-01-01 00:23:42,253039401.26946715
2025-01-01 00:23:43,248363066.61539266
2025-01-01 00:23:44,249885513.6669581
2025-01-01 00:23:45,249537246.13050282
2025-01-01 00:23:46,248962133.06563982
2025-01-01 00:23:47,249163535.7270204
2025-01-01 00:23:48,252887434.35784566
2025-01-01 00:23:49,251085000.475392
2025-01-01 00:23:50,248086905.28572902
2025-01-01 00:23:51,249644626.1365793
2025-01-01 00:23:52,245844979.00306496
2025-01-01 00:23:53,248583882.69594592
2025-01-01 00:23:54,249653200.1878518
2025-01-01 00:23:55,247748453.23108342
2025-01-01 00:23:56,247797641.75598392
2025-01-01 00:23:57,245712319.87183386
2025-01-01 00:23:58,245943729.32926127
2025-01-01 00:23:59,245164785.43140376
2025-01-01 00:24:00,248677733.46066475
2025-01-01 00:24:01,248204400.4961883
2025-01-01 00:24:02,247177281.429246
2025-01-01 00:24:03,244825391.24293953
2025-01-01 00:24:04,244635117.45749316
2025-01-01 00:24:05,245621730.633128
2025-01-01 00:24:06,249470937.9951364
2025-01-01 00:24:07,244449770.63570103
2025-01-01 00:24:08,248467700.50543252
2025-01-01 00:24:09,250258310.76374424
2025-01-01 00:24:10,250796944.11941046
2025-01-01 00:24:11,248324632.445396
2025-01-01 00:24:12,249863528.16403723
2025-01-01 00:24:13,250646462.9863185
2025-01-01 00:24:14,248233278.76512644
2025-01-01 00:24:15,247265050.93344304
2025-01-01 00:24:16,249408252.97464198
2025-01-01 00:24:17,250102561.69928563
2025-01-01 00:24:18,250452966.8954333
2025-01-01 00:24:19,250869136.76328686
2025-01-01 00:24:20,252262486.2821265
2025-01-01 00:24:21,250967279.5149356
2025-01-01 00:24:22,251850828.75977242
2025-01-01 00:24:23,249685394.26594633
2025-01-01 00:24:24,248875063.07108536
2025-01-01 00:24:25,248610812.16272646
2025-01-01 00:24:26,245944335.96614817
2025-01-01 00:24:27,246627892.3927589
2025-01-01 00:24:28,247905171.42197928
2025-01-01 00:24:29,251049623.54314807
2025-01-01 00:24:30,248536970.68659085
2025-01-01 00:24:31,247408332.38312733
2025-01-01 00:24:32,244549473.35218662
2025-01-01 00:24:33,248733686.1729607
2025-01-01 00:24:34,250951864.45580065
2025-01-01 00:24:35,250095266.75459984
2025-01-01 00:24:36,249289897.76861614
2025-01-01 00:24:37,248710661.88888198
2025-01-01 00:24:38,252650195.6981906
2025-01-01 00:24:39,249149918.6580686
2025-01-01 00:24:40,251204089.39117873
2025-01-01 00:24:41,250332190.75925308
2025-01-01 00:24:42,251137079.26441976
2025-01-01 00:24:43,249668098.0777694
2025-01-01 00:24:44,250363518.18066692
2025-01-01 00:24:45,245595223.74677202
2025-01-01 00:24:46,245971646.09102082
2025-01-01 00:24:47,249123941.59939095
2025-01-01 00:24:48,249130577.68748876
2025-01-01 00:24:49,248419443.85446003
2025-01-01 00:24:50,250250962.28283995
2025-01-01 00:24:51,246340093.84122828
2025-01-01 00:24:52,248814948.38814068
2025-01-01 00:24:53,246956846.87682888
2025-01-01 00:24:54,245377105.60225856
2025-01-01 00:24:55,250283378.71204326
2025-01-01 00:24:56,251647965.93850315
2025-01-01 00:24:57,246047034.56969127
2025-01-01 00:24:58,251789267.72522458
2025-01-01 00:24:59,247103075.1495755
2025-01-01 00:25:00,249256330.99457014
2025-01-01 00:25:01,250500233.65731522
2025-01-01 00:25:02,245492572.33860794
2025-01-01 00:25:03,250792036.58982784
2025-01-01 00:25:04,245962019.17295706
2025-01-01 00:25:05,246397159.3780225
2025-01-01 00:25:06,245462131.9551213
2025-01-01 00:25:07,240499873.9768789
2025-01-01 00:25:08,243343539.5503484
2025-01-01 00:25:09,247377845.0885643
2025-01-01 00:25:10,245653534.26281604
2025-01-01 00:25:11,248344333.30827755
2025-01-01 00:25:12,246766761.4588081
2025-01-01 00:25:13,244012193.84990305
2025-01-01 00:25:14,248355765.86567527
2025-01-01 00:25:15,247496116.51194867
2025-01-01 00:25:16,244244930.02747977
2025-01-01 00:25:17,244852040.89351645
2025-01-01 00:25:18,246062343.47681788
2025-01-01 00:25:19,245756156.83290243
2025-01-01 00:25:20,245942090.3805983
2025-01-01 00:25:21,245335822.5801228
2025-01-01 00:25:22,247724959.85586149
2025-01-01 00:25:23,246941059.4643143
2025-01-01 00:25:24,250936625.45247707
2025-01-01 00:25:25,249353031.65325966
2025-01-01 00:25:26,248838067.32675338
2025-01-01 00:25:27,252672289.5868197
2025-01-01 00:25:28,249883489.87763992
2025-01-01 00:25:29,250918113.11180276
2025-01-01 00:25:30,251993427.3521992
2025-01-01 00:25:31,249753745.54524115
2025-01-01 00:25:32,248067040.5507087
2025-01-01 00:25:33,251692593.69464794
2025-01-01 00:25:34,247268672.02282643
2025-01-01 00:25:35,246777336.49083552
2025-01-01 00:25:36,251347628.86929867
2025-01-01 00:25:37,249328697.54594934
2025-01-01 00:25:38,249739971.70885196
2025-01-01 00:25:39,249048730.90765023
2025-01-01 00:25:40,250207295.67133412
2025-01-01 00:25:41,245519429.45532438
2025-01-01 00:25:42,249899547.55699682
2025-01-01 00:25:43,245235680.2688205
2025-01-01 00:25:44,250618521.00025317
2025-01-01 00:25:45,250443734.7855694
2025-01-01 00:25:46,249365926.3732941
2025-01-01 00:25:47,245051722.96667364
2025-01-01 00:25:48,245231935.50418386
2025-01-01 00:25:49,253326312.45330048
2025-01-01 00:25:50,248521085.3110473
2025-01-01 00:25:51,244449774.78036526
2025-01-01 00:25:52,245338141.49479145
2025-01-01 00:25:53,248518721.5717217
2025-01-01 00:25:54,240924224.90296257
2025-01-01 00:25:55,243899186.6853555
2025-01-01 00:25:56,247023700.3485015
2025-01-01 00:25:57,248355709.5363301
2025-01-01 00:25:58,245676620.01686266
2025-01-01 00:25:59,247039873.48419902
2025-01-01 00:26:00,247611807.88014758
2025-01-01 00:26:01,248083844.78755078
2025-01-01 00:26:02,249783000.32440528
2025-01-01 00:26:03,248364123.44885185
2025-01-01 00:26:04,247671003.0740944
2025-01-01 00:26:05,246868061.75748438
2025-01-01 00:26:06,246082135.9280367
2025-01-01 00:26:07,245906835.85087255
2025-01-01 00:26:08,247184907.66998547
2025-01-01 00:26:09,246468484.99488875
2025-01-01 00:26:10,247392312.59854478
2025-01-01 00:26:11,244267164.67684856
2025-01-01 00:26:12,247185734.3476213
2025-01-01 00:26:13,243922192.71843874
2025-01-01 00:26:14,246808231.4009607
2025-01-01 00:26:15,245132197.12224758
2025-01-01 00:26:16,245475710.25038883
2025-01-01 00:26:17,247902576.4477651
2025-01-01 00:26:18,245436203.55383244
2025-01-01 00:26:19,246377313.1526932
2025-01-01 00:26:20,250905108.1674204
2025-01-01 00:26:21,251245538.6183933
2025-01-01 00:26:22,253270790.15068397
2025-01-01 00:26:23,248120687.00842497
2025-01-01 00:26:24,245957203.63820738
2025-01-01 00:26:25,248770928.09920624
2025-01-01 00:26:26,246142862.4702294
2025-01-01 00:26:27,249086843.27278274
2025-01-01 00:26:28,247178806.88405058
2025-01-01 00:26:29,246670815.67991
2025-01-01 00:26:30,246338329.44089612
2025-01-01 00:26:31,248109479.81814435
2025-01-01 00:26:32,247762715.36315152
2025-01-01 00:26:33,243766709.65582934
2025-01-01 00:26:34,243987642.40009835
2025-01-01 00:26:35,246015066.31018448
2025-01-01 00:26:36,243782427.0431231
2025-01-01 00:26:37,247329429.00004515
2025-01-01 00:26:38,249886699.18887082
2025-01-01 00:26:39,248607185.4140573
2025-01-01 00:26:40,245871192.59853694
2025-01-01 00:26:41,251091404.05139577
2025-01-01 00:26:42,248678818.6384863
2025-01-01 00:26:43,248519843.25582224
2025-01-01 00:26:44,249000968.24580374
2025-01-01 00:26:45,252231933.01966807
2025-01-01 00:26:46,253125246.44786754
2025-01-01 00:26:47,249184485.78549102
2025-01-01 00:26:48,246267316.75555128
2025-01-01 00:26:49,245611999.29300302
2025-01-01 00:26:50,244470370.8303314
2025-01-01 00:26:51,241030950.57251927
2025-01-01 00:26:52,242586622.1991721
2025-01-01 00:26:53,249365315.1125807
2025-01-01 00:26:54,249854507.5925565
2025-01-01 00:26:55,248888956.01573563
2025-01-01 00:26:56,255115851.7650806
2025-01-01 00:26:57,252657901.90203688
2025-01-01 00:26:58,248671885.4406306
2025-01-01 00:26:59,250389558.409895
2025-01-01 00:27:00,247676041.9721752
2025-01-01 00:27:01,248391018.5500688
2025-01-01 00:27:02,245769075.3627189
2025-01-01 00:27:03,247822251.81985724
2025-01-01 00:27:04,245559202.55070713
2025-01-01 00:27:05,252611873.28540063
2025-01-01 00:27:06,248728517.1283188
2025-01-01 00:27:07,245804170.07381743
2025-01-01 00:27:08,244149302.56936646
2025-01-01 00:27:09,245828018.17729613
2025-01-01 00:27:10,247342443.22207814
2025-01-01 00:27:11,247003127.45585233
2025-01-01 00:27:12,247117891.9571189
2025-01-01 00:27:13,244897477.00805038
2025-01-01 00:27:14,246775995.74454984
2025-01-01 00:27:15,246302794.4873536
2025-01-01 00:27:16,242308564.96309868
2025-01-01 00:27:17,245868429.87584397
2025-01-01 00:27:18,248717168.85443813
2025-01-01 00:27:19,244163741.9314236
2025-01-01 00:27:20,245559047.41102722
2025-01-01 00:27:21,246776895.30455428
2025-01-01 00:27:22,244649686.06821755
2025-01-01 00:27:23,246188574.06449434
2025-01-01 00:27:24,245183686.30533996
2025-01-01 00:27:25,243075319.83535728
2025-01-01 00:27:26,247184645.5934035
2025-01-01 00:27:27,243782643.81133682
2025-01-01 00:27:28,241161416.86266154
2025-01-01 00:27:29,242820987.5847017
2025-01-01 00:27:30,243161689.12668353
2025-01-01 00:27:31,246390021.64469594
2025-01-01 00:27:32,245918237.06414288
2025-01-01 00:27:33,247702099.87510407
2025-01-01 00:27:34,247650416.6523323
2025-01-01 00:27:35,248068389.88228628
2025-01-01 00:27:36,247177893.54722914
2025-01-01 00:27:37,244114925.56924212
2025-01-01 00:27:38,243554949.42595375
2025-01-01 00:27:39,245643255.26558104
2025-01-01 00:27:40,243452041.84047362
2025-01-01 00:27:41,243554190.97565162
2025-01-01 00:27:42,245815314.8521344
2025-01-01 00:27:43,246230207.02825785
2025-01-01 00:27:44,245941704.16554472
2025-01-01 00:27:45,248695440.64680985
2025-01-01 00:27:46,251569680.45140594
2025-01-01 00:27:47,250624196.31137323
2025-01-01 00:27:48,246972834.85732237
2025-01-01 00:27:49,251084784.86853188
2025-01-01 00:27:50,250273876.46612033
2025-01-01 00:27:51,249972889.15095624
2025-01-01 00:27:52,247805160.50910297
2025-01-01 00:27:53,247571604.9881687
2025-01-01 00:27:54,250087079.351071
2025-01-01 00:27:55,250567066.1087979
2025-01-01 00:27:56,250895234.4707668
2025-01-01 00:27:57,246222709.3337774
2025-01-01 00:27:58,244965554.68106362
2025-01-01 00:27:59,249462384.94576278
2025-01-01 00:28:00,244265311.7892801
2025-01-01 00:28:01,248129792.84562472
2025-01-01 00:28:02,249770355.75663784
2025-01-01 00:28:03,246794249.0251271
2025-01-01 00:28:04,250306022.82861695
2025-01-01 00:28:05,250293474.24690333
2025-01-01 00:28:06,247382783.99733713
2025-01-01 00:28:07,248668233.59925002
2025-01-01 00:28:08,250411595.33075234
2025-01-01 00:28:09,249565075.72893906
2025-01-01 00:28:10,250095141.65662268
2025-01-01 00:28:11,250604492.38532782
2025-01-01 00:28:12,247818906.58670363
2025-01-01 00:28:13,249945579.01627287
2025-01-01 00:28:14,248504385.8971894
2025-01-01 00:28:15,248125146.14353496
2025-01-01 00:28:16,242918850.23914483
2025-01-01 00:28:17,243694980.17703518
2025-01-01 00:28:18,248157578.99358913
2025-01-01 00:28:19,245988708.7612201
2025-01-01 00:28:20,249023213.16440883
2025-01-01 00:28:21,249369757.3785944
2025-01-01 00:28:22,244956626.70762658
2025-01-01 00:28:23,247349027.4786095
2025-01-01 00:28:24,245535555.02933842
2025-01-01 00:28:25,250254233.0508213
2025-01-01 00:28:26,247001799.04721653
2025-01-01 00:28:27,245662069.8483398
2025-01-01 00:28:28,242642807.06869066
2025-01-01 00:28:29,246325570.7390558
2025-01-01 00:28:30,250280633.98269978
2025-01-01 00:28:31,247300832.8395963
2025-01-01 00:28:32,249038121.68449396
2025-01-01 00:28:33,248831259.0841383
2025-01-01 00:28:34,248291279.9527885
2025-01-01 00:28:35,251120590.2132997
2025-01-01 00:28:36,249624105.09395614
2025-01-01 00:28:37,252042141.92815652
2025-01-01 00:28:38,247616101.20018712
2025-01-01 00:28:39,250513485.26024002
2025-01-01 00:28:40,248493182.35039526
2025-01-01 00:28:41,246648384.05253887
2025-01-01 00:28:42,248853371.793517
2025-01-01 00:28:43,249337340.26260617
2025-01-01 00:28:44,247011091.90473244
2025-01-01 00:28:45,245621561.5238907
2025-01-01 00:28:46,242945242.2637719
2025-01-01 00:28:47,247686120.43961775
2025-01-01 00:28:48,245603397.70796463
2025-01-01 00:28:49,245459725.91494456
2025-01-01 00:28:50,246902750.97029462
2025-01-01 00:28:51,246323606.47096267
2025-01-01 00:28:52,245840108.19165632
2025-01-01 00:28:53,244344062.46526396
2025-01-01 00:28:54,245263845.95064154
2025-01-01 00:28:55,243677846.69015145
2025-01-01 00:28:56,247521086.97911763
2025-01-01 00:28:57,247909440.89662662
2025-01-01 00:28:58,248473056.64948225
2025-01-01 00:28:59,244726814.9448587
2025-01-01 00:29:00,247652586.94322982
2025-01-01 00:29:01,247226949.5171454
2025-01-01 00:29:02,246156151.32872698
2025-01-01 00:29:03,247585103.32293737
2025-01-01 00:29:04,247524696.02937025
2025-01-01 00:29:05,249833555.4920036
2025-01-01 00:29:06,249574482.51010466
2025-01-01 00:29:07,246812490.9814519
2025-01-01 00:29:08,249663497.59593278
2025-01-01 00:29:09,247130029.51586396
2025-01-01 00:29:10,244102796.503184
2025-01-01 00:29:11,248759776.7956636
2025-01-01 00:29:12,249888398.32767507
2025-01-01 00:29:13,246270749.1567353
2025-01-01 00:29:14,247916818.85870776
2025-01-01 00:29:15,242778155.58365592
2025-01-01 00:29:16,244575291.294198
2025-01-01 00:29:17,247111010.6711576
2025-01-01 00:29:18,247449349.9507007
2025-01-01 00:29:19,245819180.79732123
2025-01-01 00:29:20,252441610.09982282
2025-01-01 00:29:21,242267776.2621711
2025-01-01 00:29:22,242237401.6261938
2025-01-01 00:29:23,246579478.81963673
2025-01-01 00:29:24,248341321.4775251
2025-01-01 00:29:25,241558774.21627155
2025-01-01 00:29:26,243783235.7863731
2025-01-01 00:29:27,242787558.35230005
2025-01-01 00:29:28,241457605.6051401
2025-01-01 00:29:29,242688109.18537748
2025-01-01 00:29:30,242908785.41650772
2025-01-01 00:29:31,240426725.96225747
2025-01-01 00:29:32,244792799.076336
2025-01-01 00:29:33,249018671.6435751
2025-01-01 00:29:34,245064780.3746433
2025-01-01 00:29:35,248778978.833132
2025-01-01 00:29:36,248352483.64235258
2025-01-01 00:29:37,242572296.43816072
2025-01-01 00:29:38,247206460.11072314
2025-01-01 00:29:39,250152840.10034567
2025-01-01 00:29:40,245165286.83360776
2025-01-01 00:29:41,244079873.99847388
2025-01-01 00:29:42,246538868.33148634
2025-01-01 00:29:43,245382562.7424326
2025-01-01 00:29:44,249135436.6618257
2025-01-01 00:29:45,245512101.07353154
2025-01-01 00:29:46,242261643.0775347
2025-01-01 00:29:47,243644918.46983218
2025-01-01 00:29:48,250234863.7117693
2025-01-01 00:29:49,246487986.46292654
2025-01-01 00:29:50,248342263.5411066
2025-01-01 00:29:51,250571428.4265373
2025-01-01 00:29:52,246131612.92660925
2025-01-01 00:29:53,242846955.14670694
2025-01-01 00:29:54,248281110.73720494
2025-01-01 00:29:55,244323866.29501888
2025-01-01 00:29:56,244610131.3886793
2025-01-01 00:29:57,249003644.78795746
2025-01-01 00:29:58,245734176.78504848
2025-01-01 00:29:59,249258454.9974381
2025-01-01 00:30:00,248090122.7208842
2025-01-01 00:30:01,248407826.11579424
2025-01-01 00:30:02,245981361.20567143
2025-01-01 00:30:03,246901238.4579005
2025-01-01 00:30:04,252157462.26628882
2025-01-01 00:30:05,245775426.83097544
2025-01-01 00:30:06,249869678.19369557
2025-01-01 00:30:07,250180591.9040112
2025-01-01 00:30:08,243829696.06167763
2025-01-01 00:30:09,244688173.72569174
2025-01-01 00:30:10,245574280.39882326
2025-01-01 00:30:11,248592032.13704085
2025-01-01 00:30:12,245638148.08896178
2025-01-01 00:30:13,245205154.63422224
2025-01-01 00:30:14,244514603.06688341
2025-01-01 00:30:15,245401526.84894156
2025-01-01 00:30:16,246510980.98402873
2025-01-01 00:30:17,250445955.93328905
2025-01-01 00:30:18,253052130.67315617
2025-01-01 00:30:19,251383643.24321038
2025-01-01 00:30:20,248576899.41402623
2025-01-01 00:30:21,248717099.2015117
2025-01-01 00:30:22,246099207.79267988
2025-01-01 00:30:23,244423169.64373368
2025-01-01 00:30:24,243566223.21972373
2025-01-01 00:30:25,246587774.44898352
2025-01-01 00:30:26,247869193.9743726
2025-01-01 00:30:27,245117634.5672716
2025-01-01 00:30:28,252758390.1270368
2025-01-01 00:30:29,249716581.84836268
2025-01-01 00:30:30,249708625.33804348
2025-01-01 00:30:31,250389765.29334605
2025-01-01 00:30:32,248703334.32244524
2025-01-01 00:30:33,244908076.14997083
2025-01-01 00:30:34,248661659.82120764
2025-01-01 00:30:35,247274058.07833475
2025-01-01 00:30:36,249633723.33764982
2025-01-01 00:30:37,247926080.14886856
2025-01-01 00:30:38,248752860.8762973
2025-01-01 00:30:39,249237232.45325345
2025-01-01 00:30:40,249151140.44631308
2025-01-01 00:30:41,244635258.3292837
2025-01-01 00:30:42,247545629.13495648
2025-01-01 00:30:43,250129039.13008723
2025-01-01 00:30:44,246578793.78093094
2025-01-01 00:30:45,247354949.59054175
2025-01-01 00:30:46,248256181.26125118
2025-01-01 00:30:47,248697599.12187237
2025-01-01 00:30:48,249044305.26145053
2025-01-01 00:30:49,245722675.30349517
2025-01-01 00:30:50,249487079.69398767
2025-01-01 00:30:51,249883932.53369442
2025-01-01 00:30:52,249989388.6519212
2025-01-01 00:30:53,252476949.11227745
2025-01-01 00:30:54,250085534.66833702
2025-01-01 00:30:55,251636893.43434635
2025-01-01 00:30:56,247100532.48868325
2025-01-01 00:30:57,250611728.27716565
2025-01-01 00:30:58,250720998.9476155
2025-01-01 00:30:59,251770771.91002265
2025-01-01 00:31:00,244850118.3553285
2025-01-01 00:31:01,250041438.8134427
2025-01-01 00:31:02,247566674.15292078
2025-01-01 00:31:03,249093418.50167722
2025-01-01 00:31:04,252831687.96777454
2025-01-01 00:31:05,248841221.65919825
2025-01-01 00:31:06,253149028.4632796
2025-01-01 00:31:07,251412675.90251255
2025-01-01 00:31:08,252400934.23643976
2025-01-01 00:31:09,251922541.15603328
2025-01-01 00:31:10,251265989.01779652
2025-01-01 00:31:11,251503148.93268934
2025-01-01 00:31:12,248184160.62347797
2025-01-01 00:31:13,252636130.18137586
2025-01-01 00:31:14,248793599.58905023
2025-01-01 00:31:15,251864721.7750181
2025-01-01 00:31:16,252412625.2842243
2025-01-01 00:31:17,250095807.06416136
2025-01-01 00:31:18,254221668.76833716
2025-01-01 00:31:19,249374547.89175946
2025-01-01 00:31:20,243438278.45486158
2025-01-01 00:31:21,248169180.63210505
2025-01-01 00:31:22,253043986.45187438
2025-01-01 00:31:23,252065803.588373
2025-01-01 00:31:24,248775493.64543393
2025-01-01 00:31:25,249059888.0455982
2025-01-01 00:31:26,249929109.43856758
2025-01-01 00:31:27,252548270.97943416
2025-01-01 00:31:28,250391958.5707531
2025-01-01 00:31:29,252871794.66839734
2025-01-01 00:31:30,251196722.12585464
2025-01-01 00:31:31,252727956.21913794
2025-01-01 00:31:32,251323967.8388245
2025-01-01 00:31:33,251558005.09159827
2025-01-01 00:31:34,251395362.71517363
2025-01-01 00:31:35,248904518.3076146
2025-01-01 00:31:36,247048985.9143995
2025-01-01 00:31:37,249129443.72600532
2025-01-01 00:31:38,254167791.64631817
2025-01-01 00:31:39,252987180.86625332
2025-01-01 00:31:40,251612113.8449621
2025-01-01 00:31:41,249104891.65057334
2025-01-01 00:31:42,252965323.78656185
2025-01-01 00:31:43,255143153.67491555
2025-01-01 00:31:44,257156205.26636532
2025-01-01 00:31:45,251980517.9754594
2025-01-01 00:31:46,251776543.50181592
2025-01-01 00:31:47,250576217.80739284
2025-01-01 00:31:48,247431797.63255012
2025-01-01 00:31:49,251753649.06986398
2025-01-01 00:31:50,251933448.97449788
2025-01-01 00:31:51,253409903.13778412
2025-01-01 00:31:52,247773108.6787421
2025-01-01 00:31:53,247203357.95813888
2025-01-01 00:31:54,245259458.9078144
2025-01-01 00:31:55,247588248.00905633
2025-01-01 00:31:56,248928377.39365906
2025-01-01 00:31:57,248025369.9852119
2025-01-01 00:31:58,250188146.6693303
2025-01-01 00:31:59,251485557.48811623
2025-01-01 00:32:00,250168880.48635247
2025-01-01 00:32:01,249010398.4469206
2025-01-01 00:32:02,247319287.837538
2025-01-01 00:32:03,249630485.8651679
2025-01-01 00:32:04,249608681.61557937
2025-01-01 00:32:05,249967942.70648798
2025-01-01 00:32:06,245411070.72920159
2025-01-01 00:32:07,244401624.2534467
2025-01-01 00:32:08,249708152.04804468
2025-01-01 00:32:09,249162629.1493526
2025-01-01 00:32:10,248434545.16868043
2025-01-01 00:32:11,248394469.6274457
2025-01-01 00:32:12,248566838.4895457
2025-01-01 00:32:13,248222733.1133995
2025-01-01 00:32:14,246320777.52796385
2025-01-01 00:32:15,249972709.2110984
2025-01-01 00:32:16,246693441.05071878
2025-01-01 00:32:17,246553311.01959428
2025-01-01 00:32:18,245600725.7151541
2025-01-01 00:32:19,247378723.635386
2025-01-01 00:32:20,247826699.19432646
2025-01-01 00:32:21,249992093.03228873
2025-01-01 00:32:22,248104278.25984424
2025-01-01 00:32:23,253357970.1433887
2025-01-01 00:32:24,251738697.7220299
2025-01-01 00:32:25,251714927.56411543
2025-01-01 00:32:26,250443589.96342725
2025-01-01 00:32:27,250103035.7135164
2025-01-01 00:32:28,253722041.2166862
2025-01-01 00:32:29,253586473.72534505
2025-01-01 00:32:30,252729772.0782617
2025-01-01 00:32:31,249629639.53734833
2025-01-01 00:32:32,250667267.91313705
2025-01-01 00:32:33,248766126.54297197
2025-01-01 00:32:34,245086214.3957088
2025-01-01 00:32:35,246827616.7758854
2025-01-01 00:32:36,248920924.1875783
2025-01-01 00:32:37,250426412.97261798
2025-01-01 00:32:38,250808949.65558356
2025-01-01 00:32:39,252363111.60786045
2025-01-01 00:32:40,249407844.6468029
2025-01-01 00:32:41,252934532.05864444
2025-01-01 00:32:42,253931105.85331807
2025-01-01 00:32:43,254594455.7689968
2025-01-01 00:32:44,248553889.02746472
2025-01-01 00:32:45,247537904.78862494
2025-01-01 00:32:46,250674914.9884604
2025-01-01 00:32:47,249767455.92209637
2025-01-01 00:32:48,253149290.9174299
2025-01-01 00:32:49,248631059.94940087
2025-01-01 00:32:50,246091988.37930125
2025-01-01 00:32:51,249285332.64750195
2025-01-01 00:32:52,252284895.3694361
2025-01-01 00:32:53,252645994.12494636
2025-01-01 00:32:54,251052423.45104763
2025-01-01 00:32:55,260035281.33734608
2025-01-01 00:32:56,251488360.3838416
2025-01-01 00:32:57,251920263.30386898
2025-01-01 00:32:58,252586928.85473236
2025-01-01 00:32:59,249319972.31957394
2025-01-01 00:33:00,253285642.5955497
2025-01-01 00:33:01,247449756.0087093
2025-01-01 00:33:02,250471832.56058088
2025-01-01 00:33:03,245489348.233089
2025-01-01 00:33:04,249233920.33367828
2025-01-01 00:33:05,248255391.7462883
2025-01-01 00:33:06,254876098.12892926
2025-01-01 00:33:07,256188893.77675352
2025-01-01 00:33:08,255031145.6566724
2025-01-01 00:33:09,254461484.605808
2025-01-01 00:33:10,253723559.66011128
2025-01-01 00:33:11,247917043.77987435
2025-01-01 00:33:12,247592824.6525764
2025-01-01 00:33:13,249963321.8398817
2025-01-01 00:33:14,248788344.99934328
2025-01-01 00:33:15,254286941.84856203
2025-01-01 00:33:16,248555473.97825602
2025-01-01 00:33:17,248909461.80061427
2025-01-01 00:33:18,248263229.40034014
2025-01-01 00:33:19,247860233.1320394
2025-01-01 00:33:20,248742906.09011313
2025-01-01 00:33:21,250707010.79550508
2025-01-01 00:33:22,249490045.6971859
2025-01-01 00:33:23,246234914.3916408
2025-01-01 00:33:24,249705006.33602795
2025-01-01 00:33:25,245070908.01203093
2025-01-01 00:33:26,245973606.77376947
2025-01-01 00:33:27,249477701.02997175
2025-01-01 00:33:28,249562551.3422442
2025-01-01 00:33:29,248819679.44408187
2025-01-01 00:33:30,249362265.25599158
2025-01-01 00:33:31,250300501.8218487
2025-01-01 00:33:32,246736253.19168967
2025-01-01 00:33:33,251818971.40023148
2025-01-01 00:33:34,250576400.67080775
2025-01-01 00:33:35,251689285.4560406
2025-01-01 00:33:36,252620215.04941732
2025-01-01 00:33:37,245007950.637063
2025-01-01 00:33:38,249094176.40243647
2025-01-01 00:33:39,250180526.4074824
2025-01-01 00:33:40,251111043.57803696
2025-01-01 00:33:41,250666477.81247866
2025-01-01 00:33:42,248347490.94572318
2025-01-01 00:33:43,248947086.03606978
2025-01-01 00:33:44,249509637.755732
2025-01-01 00:33:45,252025166.14411888
2025-01-01 00:33:46,251085391.67317486
2025-01-01 00:33:47,256492984.7796543
2025-01-01 00:33:48,250749102.53946292
2025-01-01 00:33:49,250480654.70374104
2025-01-01 00:33:50,252141265.3997495
2025-01-01 00:33:51,253688633.88011777
2025-01-01 00:33:52,254849828.6499148
2025-01-01 00:33:53,254283461.2024476
2025-01-01 00:33:54,253932741.57098812
2025-01-01 00:33:55,250909229.86128363
2025-01-01 00:33:56,251234008.95880696
2025-01-01 00:33:57,253352260.05843243
2025-01-01 00:33:58,250784803.92266876
2025-01-01 00:33:59,247562895.78977793
2025-01-01 00:34:00,253847437.46017557
2025-01-01 00:34:01,249713829.58824688
2025-01-01 00:34:02,251034055.4201921
2025-01-01 00:34:03,247764584.51410282
2025-01-01 00:34:04,253131590.72703412
2025-01-01 00:34:05,250866507.65664127
2025-01-01 00:34:06,248400545.54572135
2025-01-01 00:34:07,251934027.96812007
2025-01-01 00:34:08,248734871.00297508
2025-01-01 00:34:09,248329651.7724839
2025-01-01 00:34:10,247359122.49539614
2025-01-01 00:34:11,248705570.2556754
2025-01-01 00:34:12,248527459.19998416
2025-01-01 00:34:13,247604853.72528774
2025-01-01 00:34:14,250418002.8417477
2025-01-01 00:34:15,248443357.52815458
2025-01-01 00:34:16,252801745.01975945
2025-01-01 00:34:17,251527808.8490304
2025-01-01 00:34:18,249696393.00347763
2025-01-01 00:34:19,251402197.47833225
2025-01-01 00:34:20,249256418.10626075
2025-01-01 00:34:21,246257815.28456536
2025-01-01 00:34:22,252396284.2778883
2025-01-01 00:34:23,246464578.68909284
2025-01-01 00:34:24,248895255.37421197
2025-01-01 00:34:25,252514846.7324393
2025-01-01 00:34:26,250301843.74746022
2025-01-01 00:34:27,251070533.60823965
2025-01-01 00:34:28,255109995.10440207
2025-01-01 00:34:29,251513405.55582374
2025-01-01 00:34:30,251003158.79122037
2025-01-01 00:34:31,245332637.12119424
2025-01-01 00:34:32,250942284.55544588
2025-01-01 00:34:33,248178994.69611758
2025-01-01 00:34:34,249966663.52907276
2025-01-01 00:34:35,248290562.07686198
2025-01-01 00:34:36,252545473.41180888
2025-01-01 00:34:37,251693813.56392887
2025-01-01 00:34:38,253536544.81799093
2025-01-01 00:34:39,255264829.55574012
2025-01-01 00:34:40,249688649.8244371
2025-01-01 00:34:41,251811030.02501324
2025-01-01 00:34:42,251470083.14119148
2025-01-01 00:34:43,252664486.7495943
2025-01-01 00:34:44,252595883.50436026
2025-01-01 00:34:45,247899751.1752659
2025-01-01 00:34:46,251625433.50556597
2025-01-01 00:34:47,251182348.6775952
2025-01-01 00:34:48,255062276.0651231
2025-01-01 00:34:49,254388234.80616337
2025-01-01 00:34:50,246910467.05030793
2025-01-01 00:34:51,252598229.00548306
2025-01-01 00:34:52,255301884.93545985
2025-01-01 00:34:53,253141324.1160799
2025-01-01 00:34:54,247288443.22262874
2025-01-01 00:34:55,249972686.30607322
2025-01-01 00:34:56,249927561.69871426
2025-01-01 00:34:57,248133524.27247947
2025-01-01 00:34:58,247757178.75714144
2025-01-01 00:34:59,244410324.8360284
2025-01-01 00:35:00,252697761.56232366
2025-01-01 00:35:01,251907575.26306516
2025-01-01 00:35:02,248116373.21416673
2025-01-01 00:35:03,251969825.11473426
2025-01-01 00:35:04,254869166.88420206
2025-01-01 00:35:05,255754326.27908367
2025-01-01 00:35:06,253194945.9739544
2025-01-01 00:35:07,249196952.49336064
2025-01-01 00:35:08,248172746.38370144
2025-01-01 00:35:09,251162783.8472682
2025-01-01 00:35:10,257334260.02178794
2025-01-01 00:35:11,253107610.17411596
2025-01-01 00:35:12,249530363.09311345
2025-01-01 00:35:13,251812037.11176568
2025-01-01 00:35:14,247783593.58925626
2025-01-01 00:35:15,248916912.76052642
2025-01-01 00:35:16,250078135.4856349
2025-01-01 00:35:17,250824460.40692866
2025-01-01 00:35:18,253403662.31850612
2025-01-01 00:35:19,248923015.80086178
2025-01-01 00:35:20,246034880.89101392
2025-01-01 00:35:21,249848087.86468375
2025-01-01 00:35:22,251533926.81595096
2025-01-01 00:35:23,248389621.57062224
2025-01-01 00:35:24,243530696.806346
2025-01-01 00:35:25,247586360.49763027
2025-01-01 00:35:26,244809792.68306145
2025-01-01 00:35:27,247622061.4402705
2025-01-01 00:35:28,250991399.712982
2025-01-01 00:35:29,248840215.07622492
2025-01-01 00:35:30,254355323.17172965
2025-01-01 00:35:31,253989092.27733156
2025-01-01 00:35:32,250420957.51529995
2025-01-01 00:35:33,246645596.69496202
2025-01-01 00:35:34,250766509.77968892
2025-01-01 00:35:35,252477679.6632659
2025-01-01 00:35:36,252124592.96602947
2025-01-01 00:35:37,250766340.3929746
2025-01-01 00:35:38,249345242.47054923
2025-01-01 00:35:39,248435442.23347044
2025-01-01 00:35:40,249531462.3696413
2025-01-01 00:35:41,250626646.2461663
2025-01-01 00:35:42,250940903.53600678
2025-01-01 00:35:43,245742901.33213162
2025-01-01 00:35:44,248719381.7442412
2025-01-01 00:35:45,249364795.61847183
2025-01-01 00:35:46,250158064.01636884
2025-01-01 00:35:47,247042115.3911034
2025-01-01 00:35:48,248451169.13791436
2025-01-01 00:35:49,252233520.2876866
2025-01-01 00:35:50,250033654.99905157
2025-01-01 00:35:51,252022107.31948435
2025-01-01 00:35:52,250342104.75945657
2025-01-01 00:35:53,249391478.79508573
2025-01-01 00:35:54,254498854.30312908
2025-01-01 00:35:55,248464173.43084568
2025-01-01 00:35:56,252343431.43711066
2025-01-01 00:35:57,249381470.77953455
2025-01-01 00:35:58,252745824.77095327
2025-01-01 00:35:59,251458447.21666846
2025-01-01 00:36:00,251578068.83787543
2025-01-01 00:36:01,250812023.2854362
2025-01-01 00:36:02,253167491.37603438
2025-01-01 00:36:03,252138139.83266526
2025-01-01 00:36:04,246788613.8465683
2025-01-01 00:36:05,249620091.3382222
2025-01-01 00:36:06,251537484.02044222
2025-01-01 00:36:07,255259995.71315107
2025-01-01 00:36:08,255345410.4097641
2025-01-01 00:36:09,249887948.93895102
2025-01-01 00:36:10,251565924.85674992
2025-01-01 00:36:11,248317336.57449013
2025-01-01 00:36:12,248754526.45613858
2025-01-01 00:36:13,247280215.32621914
2025-01-01 00:36:14,247427284.0511744
2025-01-01 00:36:15,248341468.04238707
2025-01-01 00:36:16,248597641.4256629
2025-01-01 00:36:17,249566600.13930514
2025-01-01 00:36:18,254788866.1024881
2025-01-01 00:36:19,250772447.91211662
2025-01-01 00:36:20,251112232.5776114
2025-01-01 00:36:21,252172951.85364538
2025-01-01 00:36:22,246574485.5495259
2025-01-01 00:36:23,247114418.94947755
2025-01-01 00:36:24,251523724.67581654
2025-01-01 00:36:25,247957855.05915773
2025-01-01 00:36:26,248020114.72764844
2025-01-01 00:36:27,247631921.3119059
2025-01-01 00:36:28,245794341.2482855
2025-01-01 00:36:29,244808450.59770173
2025-01-01 00:36:30,254076934.79139608
2025-01-01 00:36:31,249576117.03701106
2025-01-01 00:36:32,247421033.68884453
2025-01-01 00:36:33,245104825.72330922
2025-01-01 00:36:34,247552594.78924882
2025-01-01 00:36:35,249388118.91715887
2025-01-01 00:36:36,249167748.80579942
2025-01-01 00:36:37,246121577.7740058
2025-01-01 00:36:38,249857278.28313792
2025-01-01 00:36:39,250244383.33042327
2025-01-01 00:36:40,253748254.88303623
2025-01-01 00:36:41,249740606.02724195
2025-01-01 00:36:42,248633627.4787136
2025-01-01 00:36:43,247792262.98611274
2025-01-01 00:36:44,253040935.11294922
2025-01-01 00:36:45,251204483.194535
2025-01-01 00:36:46,251855628.79771397
2025-01-01 00:36:47,253271551.2585887
2025-01-01 00:36:48,251725144.3202317
2025-01-01 00:36:49,248537240.7600198
2025-01-01 00:36:50,247769318.1651616
2025-01-01 00:36:51,251727153.05619657
2025-01-01 00:36:52,252135071.59542495
2025-01-01 00:36:53,249941272.414796
2025-01-01 00:36:54,255740858.6896072
2025-01-01 00:36:55,253384142.73246327
2025-01-01 00:36:56,251971529.36909196
2025-01-01 00:36:57,247749901.14889443
2025-01-01 00:36:58,245656027.28729346
2025-01-01 00:36:59,249040487.34080788
2025-01-01 00:37:00,249283201.8831764
2025-01-01 00:37:01,250556521.51099366
2025-01-01 00:37:02,248419223.22967866
2025-01-01 00:37:03,247497533.88074076
2025-01-01 00:37:04,246908969.35041064
2025-01-01 00:37:05,253884228.37025246
2025-01-01 00:37:06,250034677.04174954
2025-01-01 00:37:07,248731384.00864264
2025-01-01 00:37:08,248206726.68646967
2025-01-01 00:37:09,246060468.65242797
2025-01-01 00:37:10,248616958.01965788
2025-01-01 00:37:11,247709829.76691356
2025-01-01 00:37:12,246578314.00254372
2025-01-01 00:37:13,241664224.76246497
2025-01-01 00:37:14,247468300.35799485
2025-01-01 00:37:15,247694908.08795717
2025-01-01 00:37:16,247285026.89286143
2025-01-01 00:37:17,249349656.14354768
2025-01-01 00:37:18,248250676.82914504
2025-01-01 00:37:19,246564577.11712483
2025-01-01 00:37:20,249363711.54900873
2025-01-01 00:37:21,244471543.8500448
2025-01-01 00:37:22,245320176.13740116
2025-01-01 00:37:23,241438941.27273005
2025-01-01 00:37:24,250157400.72533616
2025-01-01 00:37:25,245742140.62529427
2025-01-01 00:37:26,246697964.7413914
2025-01-01 00:37:27,248831565.5919737
2025-01-01 00:37:28,247591729.9830371
2025-01-01 00:37:29,244020265.0034512
2025-01-01 00:37:30,246241392.64233735
2025-01-01 00:37:31,247696490.8207633
2025-01-01 00:37:32,248334692.6598324
2025-01-01 00:37:33,246515900.7619377
2025-01-01 00:37:34,247209177.30789825
2025-01-01 00:37:35,242783715.87846458
2025-01-01 00:37:36,242088924.670908
2025-01-01 00:37:37,246244021.51651156
2025-01-01 00:37:38,247207045.33249226
2025-01-01 00:37:39,253457812.09861845
2025-01-01 00:37:40,252055877.5690879
2025-01-01 00:37:41,247349314.9372166
2025-01-01 00:37:42,249472338.814478
2025-01-01 00:37:43,251632773.62778628
2025-01-01 00:37:44,253720360.38231772
2025-01-01 00:37:45,253190042.2521053
2025-01-01 00:37:46,248041231.92251426
2025-01-01 00:37:47,244166268.25613
2025-01-01 00:37:48,247926032.62851843
2025-01-01 00:37:49,251603896.6445867
2025-01-01 00:37:50,247252481.16060403
2025-01-01 00:37:51,247795018.17823485
2025-01-01 00:37:52,242723018.607026
2025-01-01 00:37:53,244210116.49040702
2025-01-01 00:37:54,244021913.4422623
2025-01-01 00:37:55,247366144.37987372
2025-01-01 00:37:56,246892818.32900998
2025-01-01 00:37:57,245965790.91037667
2025-01-01 00:37:58,246260725.25222936
2025-01-01 00:37:59,244006993.91456193
2025-01-01 00:38:00,248401601.49990833
2025-01-01 00:38:01,248609861.06529754
2025-01-01 00:38:02,248798516.39171785
2025-01-01 00:38:03,248444005.76350334
2025-01-01 00:38:04,250195391.8446484
2025-01-01 00:38:05,247847912.02580756
2025-01-01 00:38:06,250859352.54264858
2025-01-01 00:38:07,251126864.2460841
2025-01-01 00:38:08,247769707.1464777
2025-01-01 00:38:09,250630631.5614279
2025-01-01 00:38:10,249170630.78172895
2025-01-01 00:38:11,252473749.7332685
2025-01-01 00:38:12,253722591.8934146
2025-01-01 00:38:13,251596030.32115638
2025-01-01 00:38:14,253156092.51074058
2025-01-01 00:38:15,250865855.39680117
2025-01-01 00:38:16,249258834.55350322
2025-01-01 00:38:17,253549073.19181803
2025-01-01 00:38:18,254056859.14983132
2025-01-01 00:38:19,251490786.96217656
2025-01-01 00:38:20,249590399.48019564
2025-01-01 00:38:21,252374867.5310394
2025-01-01 00:38:22,243917262.00258428
2025-01-01 00:38:23,249291684.0959101
2025-01-01 00:38:24,247320754.86989924
2025-01-01 00:38:25,246427894.7927619
2025-01-01 00:38:26,246461159.6094128
2025-01-01 00:38:27,249353800.60701165
2025-01-01 00:38:28,245478830.51296732
2025-01-01 00:38:29,246710764.86379844
2025-01-01 00:38:30,246161304.50201762
2025-01-01 00:38:31,242119776.47915274
2025-01-01 00:38:32,245540723.9432616
2025-01-01 00:38:33,249249888.8822738
2025-01-01 00:38:34,250807708.85255423
2025-01-01 00:38:35,247250774.22220328
2025-01-01 00:38:36,249665036.41834652
2025-01-01 00:38:37,248383874.79536188
2025-01-01 00:38:38,248928440.54238912
2025-01-01 00:38:39,248154372.95615357
2025-01-01 00:38:40,245316774.323152
2025-01-01 00:38:41,247060256.8685372
2025-01-01 00:38:42,246156820.26444075
2025-01-01 00:38:43,248389153.06959826
2025-01-01 00:38:44,246279621.62583846
2025-01-01 00:38:45,248952641.26398116
2025-01-01 00:38:46,248458518.1831935
2025-01-01 00:38:47,251565715.03718123
2025-01-01 00:38:48,248540364.8132433
2025-01-01 00:38:49,247160042.07841617
2025-01-01 00:38:50,245945103.85230204
2025-01-01 00:38:51,243125147.26081872
2025-01-01 00:38:52,246017533.92260388
2025-01-01 00:38:53,246342095.99895757
2025-01-01 00:38:54,247897035.74475744
2025-01-01 00:38:55,245514741.82069796
2025-01-01 00:38:56,249406002.7616383
2025-01-01 00:38:57,250860076.4786879
2025-01-01 00:38:58,251493353.14263907
2025-01-01 00:38:59,253641507.5354157
2025-01-01 00:39:00,245121408.48771334
2025-01-01 00:39:01,247976187.93178663
2025-01-01 00:39:02,249066198.59257945
2025-01-01 00:39:03,248934056.58450866
2025-01-01 00:39:04,247968450.23086053
2025-01-01 00:39:05,248718266.74767363
2025-01-01 00:39:06,247498038.12670326
2025-01-01 00:39:07,246215348.6195848
2025-01-01 00:39:08,246202931.58669665
2025-01-01 00:39:09,246719022.83217287
2025-01-01 00:39:10,247797686.75958347
2025-01-01 00:39:11,248438855.69323084
2025-01-01 00:39:12,244370210.01995072
2025-01-01 00:39:13,244745536.21099085
2025-01-01 00:39:14,242967380.03365543
2025-01-01 00:39:15,245213135.20969942
2025-01-01 00:39:16,247817577.28303954
2025-01-01 00:39:17,247353096.37629235
2025-01-01 00:39:18,245744166.75391468
2025-01-01 00:39:19,247831281.95059952
2025-01-01 00:39:20,246770997.16358408
2025-01-01 00:39:21,245245750.44328004
2025-01-01 00:39:22,241316997.77440235
2025-01-01 00:39:23,245689335.45941672
2025-01-01 00:39:24,249299435.49650443
2025-01-01 00:39:25,243947513.554936
2025-01-01 00:39:26,246236463.95316428
2025-01-01 00:39:27,247462474.57898745
2025-01-01 00:39:28,250455588.31371728
2025-01-01 00:39:29,252855674.71776038
2025-01-01 00:39:30,253329896.0601219
2025-01-01 00:39:31,250779096.89506215
2025-01-01 00:39:32,246177498.4012568
2025-01-01 00:39:33,248769072.3334772
2025-01-01 00:39:34,247611656.73405504
2025-01-01 00:39:35,244749953.01317722
2025-01-01 00:39:36,241650760.93993276
2025-01-01 00:39:37,247299696.95801127
2025-01-01 00:39:38,246954666.91530874
2025-01-01 00:39:39,244934362.67169544
2025-01-01 00:39:40,246509111.89812404
2025-01-01 00:39:41,246371784.03086138
2025-01-01 00:39:42,251802074.8131862
2025-01-01 00:39:43,250503684.8946952
2025-01-01 00:39:44,247608679.84909374
2025-01-01 00:39:45,249695512.89030868
2025-01-01 00:39:46,250199609.52117208
2025-01-01 00:39:47,249205682.28719547
2025-01-01 00:39:48,253452605.85893995
2025-01-01 00:39:49,253563937.67320243
2025-01-01 00:39:50,250736873.89896214
2025-01-01 00:39:51,251254142.45495403
2025-01-01 00:39:52,251744145.38932753
2025-01-01 00:39:53,250830448.90767723
2025-01-01 00:39:54,247826936.8757292
2025-01-01 00:39:55,249067915.32701436
2025-01-01 00:39:56,248512474.58532727
2025-01-01 00:39:57,250538907.07160962
2025-01-01 00:39:58,249463455.19281068
2025-01-01 00:39:59,251088386.0976546
2025-01-01 00:40:00,252017082.44075963
2025-01-01 00:40:01,248745570.98152444
2025-01-01 00:40:02,248539255.27820048
2025-01-01 00:40:03,254445388.71095437
2025-01-01 00:40:04,250156716.34005594
2025-01-01 00:40:05,252550646.4055784
2025-01-01 00:40:06,252599881.13605005
2025-01-01 00:40:07,249864282.31698802
2025-01-01 00:40:08,251477958.66278192
2025-01-01 00:40:09,250749126.66852286
2025-01-01 00:40:10,247117584.0092128
2025-01-01 00:40:11,246952957.04560158
2025-01-01 00:40:12,246895354.84306133
2025-01-01 00:40:13,250278034.25963658
2025-01-01 00:40:14,245675649.07715723
2025-01-01 00:40:15,250295929.57381693
2025-01-01 00:40:16,250682014.52172706
2025-01-01 00:40:17,245166568.59892374
2025-01-01 00:40:18,246624435.30523887
2025-01-01 00:40:19,247735549.0180694
2025-01-01 00:40:20,248449883.28904447
2025-01-01 00:40:21,247691547.52721488
2025-01-01 00:40:22,249293578.2837194
2025-01-01 00:40:23,248743006.69626018
2025-01-01 00:40:24,246570108.28387
2025-01-01 00:40:25,244315660.1760711
2025-01-01 00:40:26,248706711.22890007
2025-01-01 00:40:27,243929750.66827738
2025-01-01 00:40:28,245731927.620403
2025-01-01 00:40:29,247039867.39413676
2025-01-01 00:40:30,251351341.82667115
2025-01-01 00:40:31,244586566.12997174
2025-01-01 00:40:32,246883487.95956653
2025-01-01 00:40:33,245670748.7564463
2025-01-01 00:40:34,245500897.47765195
2025-01-01 00:40:35,241123497.85263404
2025-01-01 00:40:36,251796209.44747603
2025-01-01 00:40:37,251440123.54379493
2025-01-01 00:40:38,249186340.71949145
2025-01-01 00:40:39,247441317.17846403
2025-01-01 00:40:40,246328572.8892788
2025-01-01 00:40:41,243493666.41209325
2025-01-01 00:40:42,243882796.77414903
2025-01-01 00:40:43,244259066.7830932
2025-01-01 00:40:44,250248780.00365743
2025-01-01 00:40:45,251438965.50558066
2025-01-01 00:40:46,251996986.88906166
2025-01-01 00:40:47,255168511.71001145
2025-01-01 00:40:48,256615993.18052867
2025-01-01 00:40:49,253546235.58427146
2025-01-01 00:40:50,252173445.95316082
2025-01-01 00:40:51,252284227.40392035
2025-01-01 00:40:52,258823090.29964882
2025-01-01 00:40:53,252438123.32410517
2025-01-01 00:40:54,252679750.6966318
2025-01-01 00:40:55,252134591.97221982
2025-01-01 00:40:56,250989543.20874873
2025-01-01 00:40:57,251205174.93229955
2025-01-01 00:40:58,248371433.16818675
2025-01-01 00:40:59,246014884.18113604
2025-01-01 00:41:00,244782800.82576203
2025-01-01 00:41:01,252128815.22114047
2025-01-01 00:41:02,249685060.16093716
2025-01-01 00:41:03,250520890.0184707
2025-01-01 00:41:04,250513734.1503769
2025-01-01 00:41:05,247941573.9790379
2025-01-01 00:41:06,247440563.40511587
2025-01-01 00:41:07,245251469.80501178
2025-01-01 00:41:08,246563025.14283517
2025-01-01 00:41:09,249675321.10460934
2025-01-01 00:41:10,253274116.85820606
2025-01-01 00:41:11,249357202.32561105
2025-01-01 00:41:12,246675199.60053006
2025-01-01 00:41:13,248916978.00304928
2025-01-01 00:41:14,251571883.14581755
2025-01-01 00:41:15,248137702.66183156
2025-01-01 00:41:16,248831695.83295694
2025-01-01 00:41:17,248557308.24225748
2025-01-01 00:41:18,249309868.7211168
2025-01-01 00:41:19,248300114.8590529
2025-01-01 00:41:20,247397200.47993615
2025-01-01 00:41:21,250085282.00461343
2025-01-01 00:41:22,254526272.11896425
2025-01-01 00:41:23,249508411.31178775
2025-01-01 00:41:24,247831275.6773471
2025-01-01 00:41:25,251638255.13551047
2025-01-01 00:41:26,248118981.07751268
2025-01-01 00:41:27,251297584.38223645
2025-01-01 00:41:28,249756612.84864917
2025-01-01 00:41:29,252198711.17730874
2025-01-01 00:41:30,249451744.92655498
2025-01-01 00:41:31,247992572.44472164
2025-01-01 00:41:32,250698189.72347003
2025-01-01 00:41:33,245232103.71584946
2025-01-01 00:41:34,251510824.40768915
2025-01-01 00:41:35,249044054.92297292
2025-01-01 00:41:36,250859182.50128588
2025-01-01 00:41:37,253122939.98303175
2025-01-01 00:41:38,251767894.12433255
2025-01-01 00:41:39,251482272.33206627
2025-01-01 00:41:40,258320830.17272362
2025-01-01 00:41:41,253793927.17203063
2025-01-01 00:41:42,251522345.39060602
2025-01-01 00:41:43,253346394.5128806
2025-01-01 00:41:44,253215500.9270773
2025-01-01 00:41:45,250324988.62669307
2025-01-01 00:41:46,251009051.5273182
2025-01-01 00:41:47,258853148.0669126
2025-01-01 00:41:48,254543444.03254163
2025-01-01 00:41:49,255847541.6236065
2025-01-01 00:41:50,251120085.3594969
2025-01-01 00:41:51,254617352.84832138
2025-01-01 00:41:52,250661770.89578786
2025-01-01 00:41:53,252051139.87647974
2025-01-01 00:41:54,252222752.20317578
2025-01-01 00:41:55,253071582.71336767
2025-01-01 00:41:56,250271913.23327816
2025-01-01 00:41:57,253618114.3256349
2025-01-01 00:41:58,248439339.9399355
2025-01-01 00:41:59,246445909.23858732
2025-01-01 00:42:00,248909503.38048196
2025-01-01 00:42:01,249324723.4176606
2025-01-01 00:42:02,249480474.90774116
2025-01-01 00:42:03,251468393.46095932
2025-01-01 00:42:04,248317282.33759895
2025-01-01 00:42:05,247744990.7134801
2025-01-01 00:42:06,245408466.16693625
2025-01-01 00:42:07,245427451.2705133
2025-01-01 00:42:08,247029097.97037637
2025-01-01 00:42:09,246464140.3197993
2025-01-01 00:42:10,251026961.01353467
2025-01-01 00:42:11,248059796.36638314
2025-01-01 00:42:12,244146261.73493844
2025-01-01 00:42:13,245141371.64220393
2025-01-01 00:42:14,248151534.99279314
2025-01-01 00:42:15,248706726.99120313
2025-01-01 00:42:16,249484788.11134556
2025-01-01 00:42:17,251598225.58443603
2025-01-01 00:42:18,250847974.93533233
2025-01-01 00:42:19,249191702.8447442
2025-01-01 00:42:20,250369383.05598506
2025-01-01 00:42:21,252168106.8787584
2025-01-01 00:42:22,250141297.82944155
2025-01-01 00:42:23,253453961.69602555
2025-01-01 00:42:24,250991245.742744
2025-01-01 00:42:25,253994805.37908402
2025-01-01 00:42:26,254066217.65691534
2025-01-01 00:42:27,255937259.14254174
2025-01-01 00:42:28,253539433.87260824
2025-01-01 00:42:29,250769557.3352812
2025-01-01 00:42:30,247598499.41821858
2025-01-01 00:42:31,250044405.75962007
2025-01-01 00:42:32,248806655.0341464
2025-01-01 00:42:33,248361140.1419298
2025-01-01 00:42:34,253324286.87591073
2025-01-01 00:42:35,246831242.94241998
2025-01-01 00:42:36,245915006.8100348
2025-01-01 00:42:37,247995831.67206994
2025-01-01 00:42:38,240540391.69511726
2025-01-01 00:42:39,248513173.68964556
2025-01-01 00:42:40,245680740.28262436
2025-01-01 00:42:41,245171413.6707292
2025-01-01 00:42:42,246839980.50613853
2025-01-01 00:42:43,249344165.15937027
2025-01-01 00:42:44,253250196.6794657
2025-01-01 00:42:45,247236626.94405448
2025-01-01 00:42:46,249362233.43599567
2025-01-01 00:42:47,249040082.4077328
2025-01-01 00:42:48,247942417.73099476
2025-01-01 00:42:49,253935763.8784736
2025-01-01 00:42:50,252161186.74914786
2025-01-01 00:42:51,252343254.42826456
2025-01-01 00:42:52,252018137.87960738
2025-01-01 00:42:53,256870581.09655437
2025-01-01 00:42:54,251865884.34890246
2025-01-01 00:42:55,250269973.93681905
2025-01-01 00:42:56,248198963.09524712
2025-01-01 00:42:57,249147358.37346599
2025-01-01 00:42:58,251958960.63797227
2025-01-01 00:42:59,254929428.87789196
2025-01-01 00:43:00,258555487.887887
2025-01-01 00:43:01,253845549.897017
2025-01-01 00:43:02,253287087.5757867
2025-01-01 00:43:03,254098119.4839869
2025-01-01 00:43:04,253828055.12760705
2025-01-01 00:43:05,254315488.6881366
2025-01-01 00:43:06,252732744.49086785
2025-01-01 00:43:07,253628960.09359065
2025-01-01 00:43:08,251823204.04079473
2025-01-01 00:43:09,251313528.7804721
2025-01-01 00:43:10,248844736.17333242
2025-01-01 00:43:11,253689177.91502553
2025-01-01 00:43:12,249521565.3382388
2025-01-01 00:43:13,252715292.22996378
2025-01-01 00:43:14,254898660.15168855
2025-01-01 00:43:15,252760790.15595815
2025-01-01 00:43:16,250622109.18375376
2025-01-01 00:43:17,257813109.32948554
2025-01-01 00:43:18,251024562.51909554
2025-01-01 00:43:19,252978122.6000214
2025-01-01 00:43:20,255523211.1033565
2025-01-01 00:43:21,248452341.9679381
2025-01-01 00:43:22,246527749.55735594
2025-01-01 00:43:23,246315312.7323185
2025-01-01 00:43:24,249580473.40831444
2025-01-01 00:43:25,245976925.69196716
2025-01-01 00:43:26,249305124.34527054
2025-01-01 00:43:27,248506566.93308792
2025-01-01 00:43:28,252779127.7928218
2025-01-01 00:43:29,255017242.26433542
2025-01-01 00:43:30,251266319.9027902
2025-01-01 00:43:31,249098261.2845187
2025-01-01 00:43:32,252340227.69827515
2025-01-01 00:43:33,250010992.91870832
2025-01-01 00:43:34,251053005.4728515
2025-01-01 00:43:35,257055849.4960246
2025-01-01 00:43:36,249053158.84280527
2025-01-01 00:43:37,252973920.41436887
2025-01-01 00:43:38,245571137.29607272
2025-01-01 00:43:39,246732163.27271304
2025-01-01 00:43:40,251717592.79282695
2025-01-01 00:43:41,250449710.04333094
2025-01-01 00:43:42,251390633.4778162
2025-01-01 00:43:43,246784524.67051148
2025-01-01 00:43:44,246476543.48105153
2025-01-01 00:43:45,247731371.11341885
2025-01-01 00:43:46,245628836.7969546
2025-01-01 00:43:47,245567892.20588735
2025-01-01 00:43:48,249040124.57721275
2025-01-01 00:43:49,247682703.56694984
2025-01-01 00:43:50,252082482.5017171
2025-01-01 00:43:51,248994824.01402202
2025-01-01 00:43:52,249533452.33073696
2025-01-01 00:43:53,248645637.73928103
2025-01-01 00:43:54,248870638.5812193
2025-01-01 00:43:55,252538213.62764484
2025-01-01 00:43:56,250649552.66824383
2025-01-01 00:43:57,250418477.4960354
2025-01-01 00:43:58,249796940.43849987
2025-01-01 00:43:59,250530213.98269767
2025-01-01 00:44:00,243217817.85087752
2025-01-01 00:44:01,252579687.51601082
2025-01-01 00:44:02,254583796.5878509
2025-01-01 00:44:03,249463395.38710344
2025-01-01 00:44:04,254909969.20417047
2025-01-01 00:44:05,251864351.15526637
2025-01-01 00:44:06,249264920.54131585
2025-01-01 00:44:07,253314406.42484313
2025-01-01 00:44:08,252212729.72179714
2025-01-01 00:44:09,246917387.17528734
2025-01-01 00:44:10,248695243.46360686
2025-01-01 00:44:11,251377632.70334062
2025-01-01 00:44:12,250430235.3947046
2025-01-01 00:44:13,247400555.85758772
2025-01-01 00:44:14,246534986.73877266
2025-01-01 00:44:15,252696449.58426306
2025-01-01 00:44:16,253072172.13603598
2025-01-01 00:44:17,248387206.47294077
2025-01-01 00:44:18,247372912.46698987
2025-01-01 00:44:19,250766754.50205767
2025-01-01 00:44:20,247200263.37507898
2025-01-01 00:44:21,247255332.93471926
2025-01-01 00:44:22,246596325.41472548
2025-01-01 00:44:23,249974442.5512722
2025-01-01 00:44:24,249939440.37368008
2025-01-01 00:44:25,247543504.74529976
2025-01-01 00:44:26,249914569.46387416
2025-01-01 00:44:27,251490534.28593925
2025-01-01 00:44:28,245752396.46056935
2025-01-01 00:44:29,249314059.6624694
2025-01-01 00:44:30,248578114.14821163
2025-01-01 00:44:31,246380735.8003951
2025-01-01 00:44:32,252464757.76291937
2025-01-01 00:44:33,252333098.98248717
2025-01-01 00:44:34,253582082.84748572
2025-01-01 00:44:35,246579689.2088806
2025-01-01 00:44:36,248448682.46579245
2025-01-01 00:44:37,242990171.2519736
2025-01-01 00:44:38,242203406.30823648
2025-01-01 00:44:39,245112474.2932102
2025-01-01 00:44:40,245782446.22378224
2025-01-01 00:44:41,245877084.9732573
2025-01-01 00:44:42,246993191.42741933
2025-01-01 00:44:43,247289471.2691218
2025-01-01 00:44:44,242418339.69847903
2025-01-01 00:44:45,250609975.37610275
2025-01-01 00:44:46,251142063.19623235
2025-01-01 00:44:47,250846854.8574683
2025-01-01 00:44:48,250373402.06077623
2025-01-01 00:44:49,242848500.95614865
2025-01-01 00:44:50,249089037.60916972
2025-01-01 00:44:51,248523993.3110579
2025-01-01 00:44:52,249774923.0344566
2025-01-01 00:44:53,246076023.49923262
2025-01-01 00:44:54,249094837.73135117
2025-01-01 00:44:55,250266608.4801217
2025-01-01 00:44:56,249293762.29196304
2025-01-01 00:44:57,247920867.8730788
2025-01-01 00:44:58,248988011.99790522
2025-01-01 00:44:59,250314811.64929575
2025-01-01 00:45:00,256803279.18759894
2025-01-01 00:45:01,253705141.111976
2025-01-01 00:45:02,249687780.13450718
2025-01-01 00:45:03,250293364.6908459
2025-01-01 00:45:04,251857629.57574117
2025-01-01 00:45:05,253095795.5436984
2025-01-01 00:45:06,249530619.85386103
2025-01-01 00:45:07,250732289.17339066
2025-01-01 00:45:08,248106005.36653873
2025-01-01 00:45:09,247123413.09131306
2025-01-01 00:45:10,244743174.27954203
2025-01-01 00:45:11,247392772.7873802
2025-01-01 00:45:12,243539170.40636224
2025-01-01 00:45:13,245784159.08847728
2025-01-01 00:45:14,249493942.28320488
2025-01-01 00:45:15,252118101.80755356
2025-01-01 00:45:16,251487449.62804222
2025-01-01 00:45:17,246880595.5368798
2025-01-01 00:45:18,247827392.78661075
2025-01-01 00:45:19,246904315.05653396
2025-01-01 00:45:20,245621807.93984544
2025-01-01 00:45:21,249124755.44993776
2025-01-01 00:45:22,249405075.87913907
2025-01-01 00:45:23,247834452.46001384
2025-01-01 00:45:24,252239896.02217308
2025-01-01 00:45:25,251397914.24051508
2025-01-01 00:45:26,248241270.52641323
2025-01-01 00:45:27,254008061.5216766
2025-01-01 00:45:28,249619618.52494368
2025-01-01 00:45:29,249465058.2538111
2025-01-01 00:45:30,254371834.99233744
2025-01-01 00:45:31,250848660.5835351
2025-01-01 00:45:32,250660439.01901639
2025-01-01 00:45:33,248958924.55432385
2025-01-01 00:45:34,249250409.4195624
2025-01-01 00:45:35,249631075.23708323
2025-01-01 00:45:36,245550637.2310074
2025-01-01 00:45:37,246964100.35509735
2025-01-01 00:45:38,253516972.49275002
2025-01-01 00:45:39,251725810.38798717
2025-01-01 00:45:40,249085644.0419743
2025-01-01 00:45:41,247540029.53382725
2025-01-01 00:45:42,244918997.193608
2025-01-01 00:45:43,249922534.47074017
2025-01-01 00:45:44,249400184.84936035
2025-01-01 00:45:45,250091106.45394957
2025-01-01 00:45:46,251267502.52783585
2025-01-01 00:45:47,249078034.71345642
2025-01-01 00:45:48,246051385.31889543
2025-01-01 00:45:49,248041783.31454659
2025-01-01 00:45:50,245937412.28993168
2025-01-01 00:45:51,249933827.2471714
2025-01-01 00:45:52,249311764.14487436
2025-01-01 00:45:53,246364145.4949643
2025-01-01 00:45:54,245143894.6090666
2025-01-01 00:45:55,243466630.41273358
2025-01-01 00:45:56,245956958.68556777
2025-01-01 00:45:57,245154138.21106768
2025-01-01 00:45:58,245547862.55175623
2025-01-01 00:45:59,241242852.74259365
2025-01-01 00:46:00,244046067.33577338
2025-01-01 00:46:01,243717432.12348565
2025-01-01 00:46:02,247290332.50923568
2025-01-01 00:46:03,246173300.89136204
2025-01-01 00:46:04,249242765.27021903
2025-01-01 00:46:05,246470510.29492876
2025-01-01 00:46:06,247568473.43723392
2025-01-01 00:46:07,245241174.38386247
2025-01-01 00:46:08,246449425.63754377
2025-01-01 00:46:09,246206414.505401
2025-01-01 00:46:10,247036080.94092625
2025-01-01 00:46:11,245462802.78986207
2025-01-01 00:46:12,242928190.86272812
2025-01-01 00:46:13,243568896.3979301
2025-01-01 00:46:14,249574752.11043403
2025-01-01 00:46:15,248938980.83290014
2025-01-01 00:46:16,246947022.9171543
2025-01-01 00:46:17,246229537.0823713
2025-01-01 00:46:18,250738557.1178411
2025-01-01 00:46:19,249456343.7121551
2025-01-01 00:46:20,247559960.3417172
2025-01-01 00:46:21,249925247.19921175
2025-01-01 00:46:22,244143000.904598
2025-01-01 00:46:23,242637194.06968993
2025-01-01 00:46:24,248700729.5997496
2025-01-01 00:46:25,244596519.9243933
2025-01-01 00:46:26,247869263.52697447
2025-01-01 00:46:27,244767254.9951667
2025-01-01 00:46:28,251658036.88331833
2025-01-01 00:46:29,251348731.17009193
2025-01-01 00:46:30,245829472.46706316
2025-01-01 00:46:31,250207312.89030346
2025-01-01 00:46:32,250035202.34152302
2025-01-01 00:46:33,247960223.71396294
2025-01-01 00:46:34,248521225.98655525
2025-01-01 00:46:35,246337720.04843467
2025-01-01 00:46:36,252928831.2051299
2025-01-01 00:46:37,251531583.3827367
2025-01-01 00:46:38,250772633.62947586
2025-01-01 00:46:39,253345311.80537987
2025-01-01 00:46:40,249640065.93915293
2025-01-01 00:46:41,250385611.84856188
2025-01-01 00:46:42,249003967.54757276
2025-01-01 00:46:43,249069735.00334197
2025-01-01 00:46:44,251688961.88432154
2025-01-01 00:46:45,248680950.54471904
2025-01-01 00:46:46,246461779.74518195
2025-01-01 00:46:47,245557154.89042315
2025-01-01 00:46:48,247642156.45227614
2025-01-01 00:46:49,245179073.50690666
2025-01-01 00:46:50,244029880.26464117
2025-01-01 00:46:51,243803896.5519313
2025-01-01 00:46:52,240866809.16626483
2025-01-01 00:46:53,247603962.5618946
2025-01-01 00:46:54,245871603.06613123
2025-01-01 00:46:55,246670663.58404872
2025-01-01 00:46:56,244476593.05270872
2025-01-01 00:46:57,247543289.88541466
2025-01-01 00:46:58,247690338.4987786
2025-01-01 00:46:59,246713857.45049337
2025-01-01 00:47:00,245552500.76624042
2025-01-01 00:47:01,241817905.09713075
2025-01-01 00:47:02,244160105.98375306
2025-01-01 00:47:03,248279511.12509164
2025-01-01 00:47:04,244589265.1371023
2025-01-01 00:47:05,250728079.81995493
2025-01-01 00:47:06,246604223.77511713
2025-01-01 00:47:07,246071230.9332339
2025-01-01 00:47:08,251857260.97656107
2025-01-01 00:47:09,246927908.2643502
2025-01-01 00:47:10,249782327.20676443
2025-01-01 00:47:11,249621435.66411397
2025-01-01 00:47:12,254042535.98951483
2025-01-01 00:47:13,251801458.34576386
2025-01-01 00:47:14,250460061.50959283
2025-01-01 00:47:15,250059744.72008666
2025-01-01 00:47:16,244557457.02614877
2025-01-01 00:47:17,248580320.49261737
2025-01-01 00:47:18,245258785.95450422
2025-01-01 00:47:19,248176962.6031655
2025-01-01 00:47:20,248705540.00884932
2025-01-01 00:47:21,245580031.89047667
2025-01-01 00:47:22,247601135.5388864
2025-01-01 00:47:23,246263370.1194991
2025-01-01 00:47:24,248320600.57729542
2025-01-01 00:47:25,244014895.01230252
2025-01-01 00:47:26,243604868.39953092
2025-01-01 00:47:27,247681739.03742307
2025-01-01 00:47:28,252849907.01156995
2025-01-01 00:47:29,252352535.13647512
2025-01-01 00:47:30,255396453.78987962
2025-01-01 00:47:31,252263245.12665588
2025-01-01 00:47:32,249411514.60903484
2025-01-01 00:47:33,254231722.7698395
2025-01-01 00:47:34,256586522.463841
2025-01-01 00:47:35,248763618.53744903
2025-01-01 00:47:36,246368645.1493022
2025-01-01 00:47:37,244879511.11633903
2025-01-01 00:47:38,248735776.63864943
2025-01-01 00:47:39,250821078.79256684
2025-01-01 00:47:40,248443659.78576025
2025-01-01 00:47:41,247774457.6773198
2025-01-01 00:47:42,250591257.59441712
2025-01-01 00:47:43,249969606.05394816
2025-01-01 00:47:44,249985032.14602533
2025-01-01 00:47:45,250301505.41350076
2025-01-01 00:47:46,253221533.98355475
2025-01-01 00:47:47,245497252.9829997
2025-01-01 00:47:48,249195160.63944367
2025-01-01 00:47:49,252728328.18273446
2025-01-01 00:47:50,251502917.3181424
2025-01-01 00:47:51,247446188.68646148
2025-01-01 00:47:52,248890652.6899241
2025-01-01 00:47:53,253046402.5073088
2025-01-01 00:47:54,250362186.39420393
2025-01-01 00:47:55,251708403.56431198
2025-01-01 00:47:56,250148776.08055577
2025-01-01 00:47:57,248180729.17322478
2025-01-01 00:47:58,251180478.06049845
2025-01-01 00:47:59,248782084.70408663
2025-01-01 00:48:00,250716634.29558885
2025-01-01 00:48:01,251605026.42951223
2025-01-01 00:48:02,254576874.660067
2025-01-01 00:48:03,251825422.9684012
2025-01-01 00:48:04,252216880.37691593
2025-01-01 00:48:05,251103514.49550807
2025-01-01 00:48:06,249813394.50273162
2025-01-01 00:48:07,252757743.71058422
2025-01-01 00:48:08,249727635.82898232
2025-01-01 00:48:09,250169952.28523
2025-01-01 00:48:10,247271435.45948955
2025-01-01 00:48:11,252750542.9167536
2025-01-01 00:48:12,253576209.24922368
2025-01-01 00:48:13,250405400.5916187
2025-01-01 00:48:14,248440364.34232703
2025-01-01 00:48:15,247717351.81034136
2025-01-01 00:48:16,248368415.31894562
2025-01-01 00:48:17,250584618.69355687
2025-01-01 00:48:18,245031609.80357826
2025-01-01 00:48:19,244888240.6863877
2025-01-01 00:48:20,240923247.37316677
2025-01-01 00:48:21,246326600.42473662
2025-01-01 00:48:22,246699953.98857236
2025-01-01 00:48:23,246729466.897812
2025-01-01 00:48:24,248548903.20771664
2025-01-01 00:48:25,244826736.25820735
2025-01-01 00:48:26,250393240.13343275
2025-01-01 00:48:27,252064137.7930897
2025-01-01 00:48:28,250466545.81547728
2025-01-01 00:48:29,250414171.47952053
2025-01-01 00:48:30,251359159.0702008
2025-01-01 00:48:31,249323716.28796318
2025-01-01 00:48:32,250993510.58810997
2025-01-01 00:48:33,250354734.78800577
2025-01-01 00:48:34,246471455.2127839
2025-01-01 00:48:35,250560569.7383462
2025-01-01 00:48:36,248184978.55574468
2025-01-01 00:48:37,249021056.98980585
2025-01-01 00:48:38,247435067.6626982
2025-01-01 00:48:39,249594293.69786996
2025-01-01 00:48:40,250173601.23076013
2025-01-01 00:48:41,249083777.45885083
2025-01-01 00:48:42,248952097.20008916
2025-01-01 00:48:43,248324358.0778294
2025-01-01 00:48:44,248936963.55869544
2025-01-01 00:48:45,252122525.2241561
2025-01-01 00:48:46,246734164.62577143
2025-01-01 00:48:47,249720628.3434216
2025-01-01 00:48:48,249249362.8823704
2025-01-01 00:48:49,253365027.3587705
2025-01-01 00:48:50,254043341.52144656
2025-01-01 00:48:51,250257959.77494273
2025-01-01 00:48:52,250443177.7498471
2025-01-01 00:48:53,248018013.1176303
2025-01-01 00:48:54,248662299.7383056
2025-01-01 00:48:55,246411468.93748373
2025-01-01 00:48:56,248199282.8047082
2025-01-01 00:48:57,246331699.2480286
2025-01-01 00:48:58,247231147.1082553
2025-01-01 00:48:59,250614303.2862983
2025-01-01 00:49:00,253340140.44950753
2025-01-01 00:49:01,250410342.92691848
2025-01-01 00:49:02,250385670.54988152
2025-01-01 00:49:03,251167886.7007413
2025-01-01 00:49:04,248133585.16942707
2025-01-01 00:49:05,247426964.11934775
2025-01-01 00:49:06,245868735.92955363
2025-01-01 00:49:07,252664526.53736407
2025-01-01 00:49:08,249123370.8936402
2025-01-01 00:49:09,248802137.6439219
2025-01-01 00:49:10,252640803.0782527
2025-01-01 00:49:11,250048311.00029606
2025-01-01 00:49:12,250057360.17779237
2025-01-01 00:49:13,252122463.33564416
2025-01-01 00:49:14,253027577.58094049
2025-01-01 00:49:15,248029876.78630233
2025-01-01 00:49:16,251472679.25855657
2025-01-01 00:49:17,248679187.67422953
2025-01-01 00:49:18,254417527.11840582
2025-01-01 00:49:19,251143404.15383002
2025-01-01 00:49:20,251437359.0537475
2025-01-01 00:49:21,251623961.53516284
2025-01-01 00:49:22,251020519.74110463
2025-01-01 00:49:23,249806897.51598674
2025-01-01 00:49:24,246687637.3078776
2025-01-01 00:49:25,247411108.8274167
2025-01-01 00:49:26,251626527.52691883
2025-01-01 00:49:27,248876973.99254513
2025-01-01 00:49:28,254312106.80898675
2025-01-01 00:49:29,250955882.74193552
2025-01-01 00:49:30,250048752.93779105
2025-01-01 00:49:31,248038400.2339515
2025-01-01 00:49:32,253526131.54535812
2025-01-01 00:49:33,250973385.07745144
2025-01-01 00:49:34,248801653.19166872
2025-01-01 00:49:35,252866660.0483839
2025-01-01 00:49:36,253851361.2714678
2025-01-01 00:49:37,253047315.8314885
2025-01-01 00:49:38,249906593.24513718
2025-01-01 00:49:39,250753747.75116143
2025-01-01 00:49:40,247190473.38943028
2025-01-01 00:49:41,245860233.6019294
2025-01-01 00:49:42,246984563.61346325
2025-01-01 00:49:43,246805569.67547044
2025-01-01 00:49:44,247333716.33134675
2025-01-01 00:49:45,246226413.71680537
2025-01-01 00:49:46,248314439.98461238
2025-01-01 00:49:47,248360643.6060668
2025-01-01 00:49:48,244547713.92369458
2025-01-01 00:49:49,244611639.51574418
2025-01-01 00:49:50,248474086.5814547
2025-01-01 00:49:51,253621263.79657003
2025-01-01 00:49:52,251921660.08025515
2025-01-01 00:49:53,246832027.4837256
2025-01-01 00:49:54,251286724.16225982
2025-01-01 00:49:55,250371844.15174353
2025-01-01 00:49:56,253424315.55490476
2025-01-01 00:49:57,248966498.75938964
2025-01-01 00:49:58,250078329.110931
2025-01-01 00:49:59,249552064.32428712
2025-01-01 00:50:00,245469216.2649303
2025-01-01 00:50:01,245263737.96114603
2025-01-01 00:50:02,247311334.40566373
2025-01-01 00:50:03,252206892.58032554
2025-01-01 00:50:04,254128666.66754052
2025-01-01 00:50:05,249571549.1835258
2025-01-01 00:50:06,245843852.1012522
2025-01-01 00:50:07,246257067.52227962
2025-01-01 00:50:08,249053735.32433578
2025-01-01 00:50:09,248193872.03690347
2025-01-01 00:50:10,247609650.87220985
2025-01-01 00:50:11,249321677.25698492
2025-01-01 00:50:12,252777236.86368608
2025-01-01 00:50:13,250375177.04874063
2025-01-01 00:50:14,251489790.19169655
2025-01-01 00:50:15,249785299.9025067
2025-01-01 00:50:16,251822529.08423424
2025-01-01 00:50:17,246108476.48845264
2025-01-01 00:50:18,244861737.80931404
2025-01-01 00:50:19,250531122.21659148
2025-01-01 00:50:20,247101731.92068577
2025-01-01 00:50:21,249615651.83593756
2025-01-01 00:50:22,249046091.69742253
2025-01-01 00:50:23,247915053.09999
2025-01-01 00:50:24,252626035.44137573
2025-01-01 00:50:25,250723402.0573169
2025-01-01 00:50:26,248338367.8431942
2025-01-01 00:50:27,252021564.07199344
2025-01-01 00:50:28,252281452.47175327
2025-01-01 00:50:29,249747250.54346618
2025-01-01 00:50:30,250939205.14987758
2025-01-01 00:50:31,250655881.29457092
2025-01-01 00:50:32,249493706.2330837
2025-01-01 00:50:33,244855658.39002493
2025-01-01 00:50:34,249113565.1312393
2025-01-01 00:50:35,247487708.21502468
2025-01-01 00:50:36,248232352.94258893
2025-01-01 00:50:37,250555813.27253595
2025-01-01 00:50:38,250616641.9559545
2025-01-01 00:50:39,249555385.83103088
2025-01-01 00:50:40,250063018.99250048
2025-01-01 00:50:41,248248042.7119567
2025-01-01 00:50:42,251042352.38944694
2025-01-01 00:50:43,252677861.74663025
2025-01-01 00:50:44,252320092.23430124
2025-01-01 00:50:45,252785149.27131984
2025-01-01 00:50:46,254032498.7516924
2025-01-01 00:50:47,247721988.7691331
2025-01-01 00:50:48,252608638.2596027
2025-01-01 00:50:49,255324046.43536347
2025-01-01 00:50:50,249295619.92519212
2025-01-01 00:50:51,252877982.67218205
2025-01-01 00:50:52,251174410.75673968
2025-01-01 00:50:53,252546054.79282555
2025-01-01 00:50:54,253026377.13881177
2025-01-01 00:50:55,248789291.39657384
2025-01-01 00:50:56,251551917.862535
2025-01-01 00:50:57,257480735.43544525
2025-01-01 00:50:58,254146722.90457246
2025-01-01 00:50:59,251186696.24799487
2025-01-01 00:51:00,252571858.73344314
2025-01-01 00:51:01,252714906.80372107
2025-01-01 00:51:02,247307203.54366896
2025-01-01 00:51:03,249995988.88008448
2025-01-01 00:51:04,252298811.71690294
2025-01-01 00:51:05,248754307.25654542
2025-01-01 00:51:06,249371859.61871272
2025-01-01 00:51:07,248748523.61838475
2025-01-01 00:51:08,251752854.61268324
2025-01-01 00:51:09,246250235.31696296
2025-01-01 00:51:10,248882346.52467826
2025-01-01 00:51:11,252084109.96950942
2025-01-01 00:51:12,251076693.76787543
2025-01-01 00:51:13,248949871.9769008
2025-01-01 00:51:14,248101576.35387668
2025-01-01 00:51:15,247730187.5098633
2025-01-01 00:51:16,245896843.7976996
2025-01-01 00:51:17,248927384.88122267
2025-01-01 00:51:18,252457930.17654204
2025-01-01 00:51:19,251503472.94321817
2025-01-01 00:51:20,255462843.69515115
2025-01-01 00:51:21,249422818.4604867
2025-01-01 00:51:22,249820707.51535776
2025-01-01 00:51:23,251519447.3856841
2025-01-01 00:51:24,253424980.3888647
2025-01-01 00:51:25,252898472.4060615
2025-01-01 00:51:26,249418342.57544953
2025-01-01 00:51:27,248773387.44441113
2025-01-01 00:51:28,245489205.50547653
2025-01-01 00:51:29,249911463.74367326
2025-01-01 00:51:30,248793581.96223438
2025-01-01 00:51:31,247999787.55677238
2025-01-01 00:51:32,246621788.9681734
2025-01-01 00:51:33,246681040.90118778
2025-01-01 00:51:34,250593807.5431177
2025-01-01 00:51:35,251657084.1730754
2025-01-01 00:51:36,249356674.17076275
2025-01-01 00:51:37,252856616.7517929
2025-01-01 00:51:38,253171844.8956317
2025-01-01 00:51:39,253174884.45914158
2025-01-01 00:51:40,252221800.71713546
2025-01-01 00:51:41,252685166.17491788
2025-01-01 00:51:42,250167076.0977172
2025-01-01 00:51:43,249173388.77889642
2025-01-01 00:51:44,247847908.11143968
2025-01-01 00:51:45,248533498.52795237
2025-01-01 00:51:46,251181377.83850715
2025-01-01 00:51:47,251203356.64844698
2025-01-01 00:51:48,252640258.22568557
2025-01-01 00:51:49,249280994.07655737
2025-01-01 00:51:50,251437675.01758656
2025-01-01 00:51:51,247684213.67646715
2025-01-01 00:51:52,251517360.575805
2025-01-01 00:51:53,251862635.13833684
2025-01-01 00:51:54,250015614.18433902
2025-01-01 00:51:55,254419434.7243706
2025-01-01 00:51:56,250447309.8531903
2025-01-01 00:51:57,252545747.44472212
2025-01-01 00:51:58,249144671.29520473
2025-01-01 00:51:59,250207615.72548145
2025-01-01 00:52:00,252091038.73016283
2025-01-01 00:52:01,253108050.57300422
2025-01-01 00:52:02,257121104.02861482
2025-01-01 00:52:03,253931258.8001808
2025-01-01 00:52:04,247936438.49002457
2025-01-01 00:52:05,253188149.38325614
2025-01-01 00:52:06,250138678.7331394
2025-01-01 00:52:07,247495102.2280984
2025-01-01 00:52:08,253294631.83452934
2025-01-01 00:52:09,250214004.33356938
2025-01-01 00:52:10,249680502.06575117
2025-01-01 00:52:11,250726715.45346338
2025-01-01 00:52:12,250366308.480141
2025-01-01 00:52:13,252842800.59593993
2025-01-01 00:52:14,251577197.47458488
2025-01-01 00:52:15,251699123.45891908
2025-01-01 00:52:16,249111225.28013992
2025-01-01 00:52:17,248483571.96218148
2025-01-01 00:52:18,256772562.70670614
2025-01-01 00:52:19,249231269.53527343
2025-01-01 00:52:20,250912497.96751982
2025-01-01 00:52:21,251801805.4929498
2025-01-01 00:52:22,252004724.271098
2025-01-01 00:52:23,255772817.60046208
2025-01-01 00:52:24,251332405.24339452
2025-01-01 00:52:25,249300791.02144828
2025-01-01 00:52:26,249982653.83658737
2025-01-01 00:52:27,252081605.37979847
2025-01-01 00:52:28,247902855.94567376
2025-01-01 00:52:29,245811500.31665084
2025-01-01 00:52:30,252957630.66817063
2025-01-01 00:52:31,252071253.5112125
2025-01-01 00:52:32,248608808.9812415
2025-01-01 00:52:33,248171415.92745247
2025-01-01 00:52:34,252470299.12451807
2025-01-01 00:52:35,250164664.88861716
2025-01-01 00:52:36,245876427.27285993
2025-01-01 00:52:37,250600192.27945304
2025-01-01 00:52:38,253581528.19886437
2025-01-01 00:52:39,252212906.675843
2025-01-01 00:52:40,250247330.42463368
2025-01-01 00:52:41,250069626.51288813
2025-01-01 00:52:42,254254242.35088122
2025-01-01 00:52:43,250234660.9453748
2025-01-01 00:52:44,243966613.0808573
2025-01-01 00:52:45,245665514.81313673
2025-01-01 00:52:46,250552308.27138576
2025-01-01 00:52:47,251068737.42992958
2025-01-01 00:52:48,253070113.68141046
2025-01-01 00:52:49,249447725.00628552
2025-01-01 00:52:50,248383701.87897453
2025-01-01 00:52:51,250558701.93850797
2025-01-01 00:52:52,250052032.79707393
2025-01-01 00:52:53,245104684.91242865
2025-01-01 00:52:54,249167740.00270653
2025-01-01 00:52:55,250946700.04009733
2025-01-01 00:52:56,250598450.51254025
2025-01-01 00:52:57,250758266.65713567
2025-01-01 00:52:58,249666459.7096001
2025-01-01 00:52:59,252770763.26767293
2025-01-01 00:53:00,252235864.31586546
2025-01-01 00:53:01,247898250.5505992
2025-01-01 00:53:02,245065140.48198324
2025-01-01 00:53:03,245958381.49239352
2025-01-01 00:53:04,246848708.3975533
2025-01-01 00:53:05,249564669.59408
2025-01-01 00:53:06,252479286.41988847
2025-01-01 00:53:07,252564075.73883417
2025-01-01 00:53:08,251452064.11461142
2025-01-01 00:53:09,248868719.94040895
2025-01-01 00:53:10,251531728.27583012
2025-01-01 00:53:11,251372437.1909616
2025-01-01 00:53:12,252811286.18482852
2025-01-01 00:53:13,250720572.35631108
2025-01-01 00:53:14,252950466.7167148
2025-01-01 00:53:15,252951144.2575117
2025-01-01 00:53:16,248099433.61269006
2025-01-01 00:53:17,248338609.74943262
2025-01-01 00:53:18,252356500.36445442
2025-01-01 00:53:19,250524745.03276289
2025-01-01 00:53:20,247022326.047716
2025-01-01 00:53:21,248502486.1090392
2025-01-01 00:53:22,247643867.90524304
2025-01-01 00:53:23,246271169.82703683
2025-01-01 00:53:24,250860059.42867085
2025-01-01 00:53:25,249341880.69354376
2025-01-01 00:53:26,250597959.69703418
2025-01-01 00:53:27,250376201.473372
2025-01-01 00:53:28,252087677.517457
2025-01-01 00:53:29,245688104.9709773
2025-01-01 00:53:30,247811401.96139586
2025-01-01 00:53:31,243316009.62118956
2025-01-01 00:53:32,246282281.80913812
2025-01-01 00:53:33,249981445.4271259
2025-01-01 00:53:34,249759286.49501476
2025-01-01 00:53:35,251414994.83106053
2025-01-01 00:53:36,248072388.60574308
2025-01-01 00:53:37,243963981.78322625
2025-01-01 00:53:38,245633224.6569541
2025-01-01 00:53:39,246640968.56983498
2025-01-01 00:53:40,251476718.02422702
2025-01-01 00:53:41,248796815.2230992
2025-01-01 00:53:42,247930389.72692284
2025-01-01 00:53:43,249169670.6670941
2025-01-01 00:53:44,246928889.6949265
2025-01-01 00:53:45,242887219.313689
2025-01-01 00:53:46,248719087.4256512
2025-01-01 00:53:47,247758314.7855912
2025-01-01 00:53:48,251979398.6494733
2025-01-01 00:53:49,249825774.12368983
2025-01-01 00:53:50,246102444.2092257
2025-01-01 00:53:51,245072923.1871992
2025-01-01 00:53:52,249728519.07205495
2025-01-01 00:53:53,249857728.5824108
2025-01-01 00:53:54,247398432.55880895
2025-01-01 00:53:55,250539831.5282214
2025-01-01 00:53:56,250955507.55898649
2025-01-01 00:53:57,252111493.64970106
2025-01-01 00:53:58,254623104.0039602
2025-01-01 00:53:59,249444873.85308412
2025-01-01 00:54:00,246235976.92085513
2025-01-01 00:54:01,249316627.5878466
2025-01-01 00:54:02,250357617.6721499
2025-01-01 00:54:03,248806158.50308278
2025-01-01 00:54:04,252205938.13876122
2025-01-01 00:54:05,253547051.7965582
2025-01-01 00:54:06,250620845.39159968
2025-01-01 00:54:07,249264294.59978318
2025-01-01 00:54:08,249737670.68703228
2025-01-01 00:54:09,250245823.17845488
2025-01-01 00:54:10,251424210.9037946
2025-01-01 00:54:11,255851755.44030517
2025-01-01 00:54:12,251210742.35521564
2025-01-01 00:54:13,249912788.66746643
2025-01-01 00:54:14,254562529.144112
2025-01-01 00:54:15,246027385.3055337
2025-01-01 00:54:16,245775815.06943944
2025-01-01 00:54:17,246651325.3204075
2025-01-01 00:54:18,246943709.44750106
2025-01-01 00:54:19,248336094.531222
2025-01-01 00:54:20,244502505.87414074
2025-01-01 00:54:21,245261491.07883838
2025-01-01 00:54:22,250217234.13913423
2025-01-01 00:54:23,250957130.9733351
2025-01-01 00:54:24,248649748.73952997
2025-01-01 00:54:25,247046294.87653393
2025-01-01 00:54:26,248375472.23585942
2025-01-01 00:54:27,248028527.31459188
2025-01-01 00:54:28,251815371.8117651
2025-01-01 00:54:29,250664952.13414055
2025-01-01 00:54:30,249116240.25237963
2025-01-01 00:54:31,242082526.10049793
2025-01-01 00:54:32,246954122.88123408
2025-01-01 00:54:33,249336712.36680174
2025-01-01 00:54:34,248777111.0061044
2025-01-01 00:54:35,249472707.67840928
2025-01-01 00:54:36,249935934.689684
2025-01-01 00:54:37,247861567.31211442
2025-01-01 00:54:38,245564891.85930833
2025-01-01 00:54:39,247752347.12639076
2025-01-01 00:54:40,251738656.76085234
2025-01-01 00:54:41,251615319.02224305
2025-01-01 00:54:42,247668349.4754302
2025-01-01 00:54:43,248256179.11809558
2025-01-01 00:54:44,247090327.9859308
2025-01-01 00:54:45,250832573.04022846
2025-01-01 00:54:46,253099256.95890978
2025-01-01 00:54:47,251629708.12176582
2025-01-01 00:54:48,253998165.37595734
2025-01-01 00:54:49,254392662.481529
2025-01-01 00:54:50,253897889.9198055
2025-01-01 00:54:51,254364689.15222532
2025-01-01 00:54:52,247639135.818471
2025-01-01 00:54:53,251116220.64279208
2025-01-01 00:54:54,251155416.6822416
2025-01-01 00:54:55,249470181.8589392
2025-01-01 00:54:56,249947614.10272348
2025-01-01 00:54:57,252090232.5509328
2025-01-01 00:54:58,249175675.44429675
2025-01-01 00:54:59,248046843.7917425
2025-01-01 00:55:00,254466800.5369499
2025-01-01 00:55:01,248663001.5556134
2025-01-01 00:55:02,244382829.27334195
2025-01-01 00:55:03,241852226.15411612
2025-01-01 00:55:04,247344303.13705525
2025-01-01 00:55:05,248286514.1630905
2025-01-01 00:55:06,248323958.84111792
2025-01-01 00:55:07,249169695.73725784
2025-01-01 00:55:08,249456661.6772654
2025-01-01 00:55:09,248611741.19718453
2025-01-01 00:55:10,248004923.17819363
2025-01-01 00:55:11,249028091.87346655
2025-01-01 00:55:12,248551699.98828024
2025-01-01 00:55:13,248901550.805645
2025-01-01 00:55:14,248314096.4403451
2025-01-01 00:55:15,252601268.0941226
2025-01-01 00:55:16,250659780.5495171
2025-01-01 00:55:17,248398834.49715033
2025-01-01 00:55:18,244601367.08401752
2025-01-01 00:55:19,247217580.36693835
2025-01-01 00:55:20,255694469.58014306
2025-01-01 00:55:21,249282540.44037703
2025-01-01 00:55:22,249963239.05764258
2025-01-01 00:55:23,251191461.04530865
2025-01-01 00:55:24,252265654.73452955
2025-01-01 00:55:25,245673289.00953272
2025-01-01 00:55:26,252757987.21148384
2025-01-01 00:55:27,244243457.3216292
2025-01-01 00:55:28,247876038.58689725
2025-01-01 00:55:29,244805566.25025794
2025-01-01 00:55:30,247044874.3911934
2025-01-01 00:55:31,244650237.31774682
2025-01-01 00:55:32,248539889.30842432
2025-01-01 00:55:33,238906690.4183178
2025-01-01 00:55:34,243830548.3855793
2025-01-01 00:55:35,247233282.0431402
2025-01-01 00:55:36,244790432.8687664
2025-01-01 00:55:37,243621212.03779405
2025-01-01 00:55:38,249530153.0017123
2025-01-01 00:55:39,242617812.14605525
2025-01-01 00:55:40,249397824.6429865
2025-01-01 00:55:41,249814525.17038998
2025-01-01 00:55:42,249198724.6890203
2025-01-01 00:55:43,250848624.26324707
2025-01-01 00:55:44,252387767.69095328
2025-01-01 00:55:45,246929628.0155636
2025-01-01 00:55:46,251118401.0733955
2025-01-01 00:55:47,252758057.55494413
2025-01-01 00:55:48,248711701.9387065
2025-01-01 00:55:49,250077820.33247486
2025-01-01 00:55:50,248016181.87048963
2025-01-01 00:55:51,248606419.60402972
2025-01-01 00:55:52,250870107.54882157
2025-01-01 00:55:53,246969659.36786184
2025-01-01 00:55:54,241111771.15218607
2025-01-01 00:55:55,243578122.68238148
2025-01-01 00:55:56,247124293.00362602
2025-01-01 00:55:57,247516359.54372796
2025-01-01 00:55:58,244322436.37545708
2025-01-01 00:55:59,246233076.355521
2025-01-01 00:56:00,247589426.4966455
2025-01-01 00:56:01,248913612.08964235
2025-01-01 00:56:02,254017421.9631749
2025-01-01 00:56:03,252417346.11165977
2025-01-01 00:56:04,254257438.0781107
2025-01-01 00:56:05,248523399.2965759
2025-01-01 00:56:06,250589051.60618043
2025-01-01 00:56:07,252413755.79491115
2025-01-01 00:56:08,251458241.7047236
2025-01-01 00:56:09,249118293.61071113
2025-01-01 00:56:10,251114516.69353846
2025-01-01 00:56:11,256518083.9624127
2025-01-01 00:56:12,256534905.6662876
2025-01-01 00:56:13,254061240.79020038
2025-01-01 00:56:14,251394398.88386688
2025-01-01 00:56:15,254905969.37007785
2025-01-01 00:56:16,251806183.43185416
2025-01-01 00:56:17,248867164.82271594
2025-01-01 00:56:18,243419536.7100674
2025-01-01 00:56:19,251064923.35821894
2025-01-01 00:56:20,251341013.33478612
2025-01-01 00:56:21,251438370.08923128
2025-01-01 00:56:22,252442630.3413229
2025-01-01 00:56:23,249024055.0351041
2025-01-01 00:56:24,250140295.14231288
2025-01-01 00:56:25,249023487.41375318
2025-01-01 00:56:26,253571537.8874047
2025-01-01 00:56:27,250338306.49180117
2025-01-01 00:56:28,251956560.10576022
2025-01-01 00:56:29,252619209.37467083
2025-01-01 00:56:30,250468628.784934
2025-01-01 00:56:31,247062458.37154528
2025-01-01 00:56:32,246180911.15261677
2025-01-01 00:56:33,244558653.4602967
2025-01-01 00:56:34,247321117.35336775
2025-01-01 00:56:35,254855596.77948412
2025-01-01 00:56:36,247328943.07164314
2025-01-01 00:56:37,251134532.90872666
2025-01-01 00:56:38,247077140.45036164
2025-01-01 00:56:39,249404066.88119856
2025-01-01 00:56:40,246034882.303647
2025-01-01 00:56:41,244623195.81898418
2025-01-01 00:56:42,248930259.7816095
2025-01-01 00:56:43,249692803.68720546
2025-01-01 00:56:44,248096604.3409421
2025-01-01 00:56:45,251985645.8202603
2025-01-01 00:56:46,250548007.88079548
2025-01-01 00:56:47,251808933.6593639
2025-01-01 00:56:48,248338659.93134168
2025-01-01 00:56:49,248782174.39210403
2025-01-01 00:56:50,253424513.07967985
2025-01-01 00:56:51,245358772.92226088
2025-01-01 00:56:52,247091507.05353886
2025-01-01 00:56:53,248522722.0023203
2025-01-01 00:56:54,245762071.59847674
2025-01-01 00:56:55,250961058.5076257
2025-01-01 00:56:56,247378668.1077431
2025-01-01 00:56:57,244260413.77535376
2025-01-01 00:56:58,249981678.03625983
2025-01-01 00:56:59,243857926.43405285
2025-01-01 00:57:00,244365661.11381897
2025-01-01 00:57:01,247098528.07442167
2025-01-01 00:57:02,252996157.89350718
2025-01-01 00:57:03,254029876.2441089
2025-01-01 00:57:04,254450565.5966118
2025-01-01 00:57:05,251855385.62562487
2025-01-01 00:57:06,253657424.73641968
2025-01-01 00:57:07,249923316.29819274
2025-01-01 00:57:08,248048269.78249958
2025-01-01 00:57:09,250239433.3460011
2025-01-01 00:57:10,249989855.8830232
2025-01-01 00:57:11,248193934.59503543
2025-01-01 00:57:12,248672224.598467
2025-01-01 00:57:13,252116582.700663
2025-01-01 00:57:14,255590346.45397833
2025-01-01 00:57:15,252265509.01126483
2025-01-01 00:57:16,250884767.3426012
2025-01-01 00:57:17,247815058.84427452
2025-01-01 00:57:18,248907781.27659085
2025-01-01 00:57:19,249393947.7436952
2025-01-01 00:57:20,244570371.71456477
2025-01-01 00:57:21,247831219.31160575
2025-01-01 00:57:22,251413303.49887493
2025-01-01 00:57:23,252938113.74432334
2025-01-01 00:57:24,252238294.29188618
2025-01-01 00:57:25,251423616.47755432
2025-01-01 00:57:26,252967486.15339857
2025-01-01 00:57:27,250392823.06089762
2025-01-01 00:57:28,253429376.62655503
2025-01-01 00:57:29,258462644.92704812
2025-01-01 00:57:30,253928433.56698996
2025-01-01 00:57:31,252422133.9867472
2025-01-01 00:57:32,255179130.41405836
2025-01-01 00:57:33,252658396.40677497
2025-01-01 00:57:34,249892074.2793398
2025-01-01 00:57:35,251097631.04879674
2025-01-01 00:57:36,250256466.32027563
2025-01-01 00:57:37,249761847.85286933
2025-01-01 00:57:38,250383188.7756446
2025-01-01 00:57:39,250819002.8539998
2025-01-01 00:57:40,250574176.88303986
2025-01-01 00:57:41,250889754.46131736
2025-01-01 00:57:42,250834347.7330495
2025-01-01 00:57:43,251848802.33285683
2025-01-01 00:57:44,251965348.68346453
2025-01-01 00:57:45,249756753.33631214
2025-01-01 00:57:46,251249814.19412324
2025-01-01 00:57:47,248589607.26610395
2025-01-01 00:57:48,246722250.74871722
2025-01-01 00:57:49,248040178.04928663
2025-01-01 00:57:50,247377779.18287474
2025-01-01 00:57:51,247286436.9554436
2025-01-01 00:57:52,250360233.79432437
2025-01-01 00:57:53,251282839.21846834
2025-01-01 00:57:54,248385598.77884245
2025-01-01 00:57:55,246968980.2531484
2025-01-01 00:57:56,245094224.5946221
2025-01-01 00:57:57,248384247.7026078
2025-01-01 00:57:58,249456987.99622643
2025-01-01 00:57:59,252770845.80728343
2025-01-01 00:58:00,247785908.54468167
2025-01-01 00:58:01,247092618.3614538
2025-01-01 00:58:02,244587009.92815602
2025-01-01 00:58:03,249084027.12407452
2025-01-01 00:58:04,242319384.4085531
2025-01-01 00:58:05,246708710.1370648
2025-01-01 00:58:06,248876772.02934718
2025-01-01 00:58:07,244800162.2694528
2025-01-01 00:58:08,248202517.89353824
2025-01-01 00:58:09,246328127.5510185
2025-01-01 00:58:10,243605365.28118655
2025-01-01 00:58:11,246313904.26876804
2025-01-01 00:58:12,243579358.9071127
2025-01-01 00:58:13,247973076.20820537
2025-01-01 00:58:14,246756157.62183678
2025-01-01 00:58:15,247246337.8084508
2025-01-01 00:58:16,241865345.0849206
2025-01-01 00:58:17,245457683.85928342
2025-01-01 00:58:18,247044803.34295976
2025-01-01 00:58:19,246261982.8814577
2025-01-01 00:58:20,246539408.75920215
2025-01-01 00:58:21,244529539.60476726
2025-01-01 00:58:22,241512124.81508946
2025-01-01 00:58:23,241715550.24352255
2025-01-01 00:58:24,242801604.18229526
2025-01-01 00:58:25,244964672.60448572
2025-01-01 00:58:26,241257508.91875306
2025-01-01 00:58:27,249882691.0028074
2025-01-01 00:58:28,245434399.12568057
2025-01-01 00:58:29,243147965.4956852
2025-01-01 00:58:30,247315483.25849554
2025-01-01 00:58:31,246034232.3426371
2025-01-01 00:58:32,246134423.05967918
2025-01-01 00:58:33,246784249.0467333
2025-01-01 00:58:34,246969504.89748362
2025-01-01 00:58:35,247949688.99145442
2025-01-01 00:58:36,247616669.0253699
2025-01-01 00:58:37,250187289.3788018
2025-01-01 00:58:38,250327544.03548598
2025-01-01 00:58:39,245482889.46990442
2025-01-01 00:58:40,250805331.7042545
2025-01-01 00:58:41,248735740.2492644
2025-01-01 00:58:42,251860493.52805322
2025-01-01 00:58:43,252813580.36490974
2025-01-01 00:58:44,252974765.05977964
2025-01-01 00:58:45,245450939.2503187
2025-01-01 00:58:46,251652191.783714
2025-01-01 00:58:47,253655673.63749596
2025-01-01 00:58:48,249807880.66007152
2025-01-01 00:58:49,251631940.46889475
2025-01-01 00:58:50,254304677.98306835
2025-01-01 00:58:51,252147007.67916518
2025-01-01 00:58:52,252011752.80996266
2025-01-01 00:58:53,252194424.4142037
2025-01-01 00:58:54,247600105.62862408
2025-01-01 00:58:55,250849358.80647755
2025-01-01 00:58:56,250392715.04065892
2025-01-01 00:58:57,249991208.51454517
2025-01-01 00:58:58,249648279.80539304
2025-01-01 00:58:59,247713335.95838815
2025-01-01 00:59:00,250024088.71243596
2025-01-01 00:59:01,252433632.55388066
2025-01-01 00:59:02,248632255.27459463
2025-01-01 00:59:03,246988072.31093496
2025-01-01 00:59:04,244044665.87410024
2025-01-01 00:59:05,245954329.2469448
2025-01-01 00:59:06,245844302.32793874
2025-01-01 00:59:07,245705040.58490497
2025-01-01 00:59:08,249207933.6066163
2025-01-01 00:59:09,247008879.76416242
2025-01-01 00:59:10,247273022.7056845
2025-01-01 00:59:11,251443398.09886834
2025-01-01 00:59:12,248359932.01867542
2025-01-01 00:59:13,249771118.6049314
2025-01-01 00:59:14,250738829.83119118
2025-01-01 00:59:15,248512452.72915593
2025-01-01 00:59:16,246911639.14490426
2025-01-01 00:59:17,250041138.21167812
2025-01-01 00:59:18,251488188.38434455
2025-01-01 00:59:19,243933757.26118937
2025-01-01 00:59:20,247406250.81391183
2025-01-01 00:59:21,248069705.30832633
2025-01-01 00:59:22,244618237.22888494
2025-01-01 00:59:23,243594446.67432034
2025-01-01 00:59:24,247252421.65842384
2025-01-01 00:59:25,245737230.6203779
2025-01-01 00:59:26,250266860.13544258
2025-01-01 00:59:27,250346678.97130203
2025-01-01 00:59:28,252135778.55586663
2025-01-01 00:59:29,255134286.38229015
2025-01-01 00:59:30,253702640.17220417
2025-01-01 00:59:31,250555866.74134794
2025-01-01 00:59:32,251600923.79378057
2025-01-01 00:59:33,248749642.8183572
2025-01-01 00:59:34,251013568.63267937
2025-01-01 00:59:35,252408460.92681885
2025-01-01 00:59:36,252066156.56258145
2025-01-01 00:59:37,251562368.9648178
2025-01-01 00:59:38,250263335.05728325
2025-01-01 00:59:39,250661461.0563579
2025-01-01 00:59:40,249691612.87804854
2025-01-01 00:59:41,251184658.78549477
2025-01-01 00:59:42,250987949.27806875
2025-01-01 00:59:43,250615633.00111267
2025-01-01 00:59:44,251410648.61650738
2025-01-01 00:59:45,253813060.72681126
2025-01-01 00:59:46,254835268.67856154
2025-01-01 00:59:47,250898831.75101796
2025-01-01 00:59:48,251900609.23626924
2025-01-01 00:59:49,250197174.6404156
2025-01-01 00:59:50,249726544.35505137
2025-01-01 00:59:51,245949907.06878117
2025-01-01 00:59:52,250899561.0904676
2025-01-01 00:59:53,252518681.1462413
2025-01-01 00:59:54,243926904.41895273
2025-01-01 00:59:55,250541864.60719573
2025-01-01 00:59:56,252359431.83336395
2025-01-01 00:59:57,245775635.16242298
2025-01-01 00:59:58,245982984.58573437
2025-01-01 00:59:59,246609711.23928356
2025-01-01 01:00:00,246006625.73586625
2025-01-01 01:00:01,252324684.12882692
2025-01-01 01:00:02,248807090.33388165
2025-01-01 01:00:03,248762861.13480046
2025-01-01 01:00:04,251409325.09872347
2025-01-01 01:00:05,252971687.467204
2025-01-01 01:00:06,248278361.92081305
2025-01-01 01:00:07,243171157.85681653
2025-01-01 01:00:08,248730474.42655388
2025-01-01 01:00:09,249464298.58184865
2025-01-01 01:00:10,247875204.61946633
2025-01-01 01:00:11,245810898.69003153
2025-01-01 01:00:12,247823868.6321415
2025-01-01 01:00:13,248960013.28651074
2025-01-01 01:00:14,253381557.1930636
2025-01-01 01:00:15,251178794.52410942
2025-01-01 01:00:16,248448238.72878352
2025-01-01 01:00:17,251194772.50504586
2025-01-01 01:00:18,250083837.323441
2025-01-01 01:00:19,251227315.46480328
2025-01-01 01:00:20,247726738.86297935
2025-01-01 01:00:21,248998033.7722004
2025-01-01 01:00:22,248558614.99351704
2025-01-01 01:00:23,246328088.29015812
2025-01-01 01:00:24,250222097.93378624
2025-01-01 01:00:25,249187566.3871888
2025-01-01 01:00:26,244233912.7620812
2025-01-01 01:00:27,246963640.8537531
2025-01-01 01:00:28,245974728.96129376
2025-01-01 01:00:29,245174193.08414036
2025-01-01 01:00:30,251953620.4120427
2025-01-01 01:00:31,246005401.5952519
2025-01-01 01:00:32,247814893.10130382
2025-01-01 01:00:33,247008375.0975359
2025-01-01 01:00:34,247101864.2252675
2025-01-01 01:00:35,252023470.31712726
2025-01-01 01:00:36,254226203.94861588
2025-01-01 01:00:37,248015457.61131138
2025-01-01 01:00:38,247562958.42798862
2025-01-01 01:00:39,249859759.693853
2025-01-01 01:00:40,247658434.89138252
2025-01-01 01:00:41,248306270.35721317
2025-01-01 01:00:42,249029653.06066653
2025-01-01 01:00:43,248118001.8745349
2025-01-01 01:00:44,248637684.16439962
2025-01-01 01:00:45,249768141.41047135
2025-01-01 01:00:46,245451207.64147896
2025-01-01 01:00:47,251155485.0983066
2025-01-01 01:00:48,253832856.4856206
2025-01-01 01:00:49,252384583.81708142
2025-01-01 01:00:50,251794092.08334163
2025-01-01 01:00:51,248396544.65453395
2025-01-01 01:00:52,251692243.43432915
2025-01-01 01:00:53,253138781.93875462
2025-01-01 01:00:54,249760585.0583641
2025-01-01 01:00:55,251161108.52758265
2025-01-01 01:00:56,249638632.51755038
2025-01-01 01:00:57,251551195.9691671
2025-01-01 01:00:58,249878463.56839782
2025-01-01 01:00:59,250762459.78025237
2025-01-01 01:01:00,245900861.66106403
2025-01-01 01:01:01,244927340.37524632
2025-01-01 01:01:02,252398260.66558453
2025-01-01 01:01:03,253581288.07968205
2025-01-01 01:01:04,251372161.39329302
2025-01-01 01:01:05,250503129.31822646
2025-01-01 01:01:06,250453300.24222904
2025-01-01 01:01:07,246140018.40942502
2025-01-01 01:01:08,246961388.89539406
2025-01-01 01:01:09,246166383.07692164
2025-01-01 01:01:10,248352144.58670044
2025-01-01 01:01:11,248400329.46526843
2025-01-01 01:01:12,246052371.15555656
2025-01-01 01:01:13,247580122.42478162
2025-01-01 01:01:14,245493784.97553015
2025-01-01 01:01:15,249062312.97193426
2025-01-01 01:01:16,246982540.4637768
2025-01-01 01:01:17,243190710.79029572
2025-01-01 01:01:18,247232050.6510405
2025-01-01 01:01:19,248661891.68416348
2025-01-01 01:01:20,247498561.0989811
2025-01-01 01:01:21,247325614.55864605
2025-01-01 01:01:22,251847496.3583426
2025-01-01 01:01:23,251029240.85249424
2025-01-01 01:01:24,245964927.2345664
2025-01-01 01:01:25,250381756.89637864
2025-01-01 01:01:26,249645984.81055373
2025-01-01 01:01:27,249378589.87100163
2025-01-01 01:01:28,252314593.36284298
2025-01-01 01:01:29,250629595.17520905
2025-01-01 01:01:30,252655781.841112
2025-01-01 01:01:31,255788330.05769047
2025-01-01 01:01:32,252307256.6953465
2025-01-01 01:01:33,250532495.34908083
2025-01-01 01:01:34,254401588.51244178
2025-01-01 01:01:35,254062477.9582322
2025-01-01 01:01:36,253313695.88826284
2025-01-01 01:01:37,255430968.5277449
2025-01-01 01:01:38,250822374.4011675
2025-01-01 01:01:39,254901851.27570203
2025-01-01 01:01:40,249498490.6056652
2025-01-01 01:01:41,251279054.30254987
2025-01-01 01:01:42,246384533.76649067
2025-01-01 01:01:43,249373180.36845955
2025-01-01 01:01:44,248358287.7626768
2025-01-01 01:01:45,253050102.3121842
2025-01-01 01:01:46,253752298.5257724
2025-01-01 01:01:47,247650436.84053352
2025-01-01 01:01:48,247419669.80370262
2025-01-01 01:01:49,246827644.5626243
2025-01-01 01:01:50,245415684.25182915
2025-01-01 01:01:51,250444717.31687054
2025-01-01 01:01:52,249931981.7420378
2025-01-01 01:01:53,250041388.64530933
2025-01-01 01:01:54,247991898.15496856
2025-01-01 01:01:55,245164703.783616
2025-01-01 01:01:56,246624649.28529108
2025-01-01 01:01:57,251829347.03808132
2025-01-01 01:01:58,253685341.90844822
2025-01-01 01:01:59,253731452.44467834
2025-01-01 01:02:00,250931334.37615278
2025-01-01 01:02:01,251787060.8380772
2025-01-01 01:02:02,256030979.3861379
2025-01-01 01:02:03,257951526.22014484
2025-01-01 01:02:04,250568528.95291832
2025-01-01 01:02:05,248889835.46146983
2025-01-01 01:02:06,251064451.80906212
2025-01-01 01:02:07,248418524.05598366
2025-01-01 01:02:08,240860357.16359946
2025-01-01 01:02:09,243490386.50325382
2025-01-01 01:02:10,248531230.43217373
2025-01-01 01:02:11,253893839.08980653
2025-01-01 01:02:12,254749282.56842715
2025-01-01 01:02:13,248977798.82516715
2025-01-01 01:02:14,256873125.35750425
2025-01-01 01:02:15,248557422.7173861
2025-01-01 01:02:16,250409795.72210473
2025-01-01 01:02:17,251516998.28159872
2025-01-01 01:02:18,250715100.6605982
2025-01-01 01:02:19,248757671.67385766
2025-01-01 01:02:20,248006222.17411363
2025-01-01 01:02:21,249881963.99500886
2025-01-01 01:02:22,249365985.89763343
2025-01-01 01:02:23,249437423.72259566
2025-01-01 01:02:24,253000787.92527255
2025-01-01 01:02:25,249290883.0366141
2025-01-01 01:02:26,254898223.17784274
2025-01-01 01:02:27,253041926.10525298
2025-01-01 01:02:28,251524365.16782108
2025-01-01 01:02:29,253029720.1779813
2025-01-01 01:02:30,255093497.93134788
2025-01-01 01:02:31,253899640.8134162
2025-01-01 01:02:32,246712671.2662839
2025-01-01 01:02:33,251196916.24277857
2025-01-01 01:02:34,251827326.48385262
2025-01-01 01:02:35,248490533.17788094
2025-01-01 01:02:36,249199186.00384971
2025-01-01 01:02:37,246549710.72672287
2025-01-01 01:02:38,246355318.52403075
2025-01-01 01:02:39,246293390.46974745
2025-01-01 01:02:40,243370812.37428993
2025-01-01 01:02:41,243903310.71895617
2025-01-01 01:02:42,246456069.39372647
2025-01-01 01:02:43,245702106.33483565
2025-01-01 01:02:44,248143094.07153177
2025-01-01 01:02:45,253682378.9471846
2025-01-01 01:02:46,246741343.54269427
2025-01-01 01:02:47,252076196.49721438
2025-01-01 01:02:48,252690358.23029026
2025-01-01 01:02:49,250922335.4407786
2025-01-01 01:02:50,249671308.82003766
2025-01-01 01:02:51,248135703.17126504
2025-01-01 01:02:52,251495694.1807877
2025-01-01 01:02:53,245324396.0498967
2025-01-01 01:02:54,245398460.36130255
2025-01-01 01:02:55,246233874.30480853
2025-01-01 01:02:56,245134442.89225027
2025-01-01 01:02:57,242067382.2224553
2025-01-01 01:02:58,242610979.43708774
2025-01-01 01:02:59,247395162.51796523
2025-01-01 01:03:00,247685421.05348933
2025-01-01 01:03:01,251185145.49714202
2025-01-01 01:03:02,251023493.28695527
2025-01-01 01:03:03,247640554.96740276
2025-01-01 01:03:04,252956230.97540465
2025-01-01 01:03:05,249937703.14654556
2025-01-01 01:03:06,251325472.30159798
2025-01-01 01:03:07,249999314.30260858
2025-01-01 01:03:08,251728275.78714442
2025-01-01 01:03:09,248402497.70176435
2025-01-01 01:03:10,246855160.4445256
2025-01-01 01:03:11,248211603.08171785
2025-01-01 01:03:12,245445429.90502122
2025-01-01 01:03:13,249616974.65098768
2025-01-01 01:03:14,254203604.32031247
2025-01-01 01:03:15,251926547.84151545
2025-01-01 01:03:16,248325863.5209704
2025-01-01 01:03:17,255191643.32371837
2025-01-01 01:03:18,249979360.27121523
2025-01-01 01:03:19,252910459.58134782
2025-01-01 01:03:20,248465617.78875548
2025-01-01 01:03:21,251467469.57391316
2025-01-01 01:03:22,251198851.01442105
2025-01-01 01:03:23,250677456.9546942
2025-01-01 01:03:24,247905603.9416555
2025-01-01 01:03:25,245128088.03506413
2025-01-01 01:03:26,250247585.8603284
2025-01-01 01:03:27,244039684.1001402
2025-01-01 01:03:28,248855442.6762721
2025-01-01 01:03:29,247426408.155211
2025-01-01 01:03:30,241104680.78124994
2025-01-01 01:03:31,248286109.11359373
2025-01-01 01:03:32,248411765.88113376
2025-01-01 01:03:33,249185310.85632002
2025-01-01 01:03:34,247479848.3409104
2025-01-01 01:03:35,247865390.33806184
2025-01-01 01:03:36,251919937.1887453
2025-01-01 01:03:37,247289244.2954826
2025-01-01 01:03:38,250211402.94593352
2025-01-01 01:03:39,257006507.9279466
2025-01-01 01:03:40,249770811.49748665
2025-01-01 01:03:41,248489067.4882263
2025-01-01 01:03:42,248800779.33784196
2025-01-01 01:03:43,251310174.9334819
2025-01-01 01:03:44,249357268.9482753
2025-01-01 01:03:45,246903359.168472
2025-01-01 01:03:46,247528400.19522592
2025-01-01 01:03:47,246122520.20661253
2025-01-01 01:03:48,248600543.4156914
2025-01-01 01:03:49,253406000.2116157
2025-01-01 01:03:50,249114937.42367655
2025-01-01 01:03:51,248658210.48874387
2025-01-01 01:03:52,246877141.35481292
2025-01-01 01:03:53,249615614.9922017
2025-01-01 01:03:54,249770591.5357019
2025-01-01 01:03:55,246623224.16998267
2025-01-01 01:03:56,250305737.12881687
2025-01-01 01:03:57,247328543.31878388
2025-01-01 01:03:58,248420475.45367587
2025-01-01 01:03:59,249797916.81838834
2025-01-01 01:04:00,246606163.84192508
2025-01-01 01:04:01,247134314.815733
2025-01-01 01:04:02,246839982.28186464
2025-01-01 01:04:03,250406924.39742815
2025-01-01 01:04:04,253903096.66657594
2025-01-01 01:04:05,252238850.60487008
2025-01-01 01:04:06,254370415.4481329
2025-01-01 01:04:07,258253741.14259467
2025-01-01 01:04:08,258061267.5232287
2025-01-01 01:04:09,251044800.57630736
2025-01-01 01:04:10,248052157.65295178
2025-01-01 01:04:11,245898291.34844148
2025-01-01 01:04:12,247103017.1853381
2025-01-01 01:04:13,255389710.10952446
2025-01-01 01:04:14,252925390.112674
2025-01-01 01:04:15,251959087.11606988
2025-01-01 01:04:16,250779845.8151874
2025-01-01 01:04:17,255938800.959977
2025-01-01 01:04:18,251819107.30324945
2025-01-01 01:04:19,252546101.04501715
2025-01-01 01:04:20,247802749.59882355
2025-01-01 01:04:21,248637550.75090832
2025-01-01 01:04:22,254168832.69677693
2025-01-01 01:04:23,256624597.9834848
2025-01-01 01:04:24,253053651.34317163
2025-01-01 01:04:25,251625179.38069868
2025-01-01 01:04:26,252229203.0968465
2025-01-01 01:04:27,249972845.21534312
2025-01-01 01:04:28,246734617.43425104
2025-01-01 01:04:29,251030788.34153348
2025-01-01 01:04:30,250832778.48341548
2025-01-01 01:04:31,250086670.79324186
2025-01-01 01:04:32,250732552.5176875
2025-01-01 01:04:33,249602985.57982242
2025-01-01 01:04:34,252125995.76044977
2025-01-01 01:04:35,249826719.61218876
2025-01-01 01:04:36,249622792.26992813
2025-01-01 01:04:37,246732258.52788255
2025-01-01 01:04:38,247398628.92519432
2025-01-01 01:04:39,255270671.58628234
2025-01-01 01:04:40,254616510.00126585
2025-01-01 01:04:41,255240272.60776892
2025-01-01 01:04:42,254663005.3494946
2025-01-01 01:04:43,253899661.62769905
2025-01-01 01:04:44,247847238.05030715
2025-01-01 01:04:45,248573570.0059604
2025-01-01 01:04:46,253733752.19755962
2025-01-01 01:04:47,251008151.68297777
2025-01-01 01:04:48,257567263.96132398
2025-01-01 01:04:49,254556707.01192412
2025-01-01 01:04:50,256140367.90560386
2025-01-01 01:04:51,254965399.54552373
2025-01-01 01:04:52,254027059.25200915
2025-01-01 01:04:53,256096945.66425514
2025-01-01 01:04:54,254130129.82180315
2025-01-01 01:04:55,252919379.8399292
2025-01-01 01:04:56,251490531.6697059
2025-01-01 01:04:57,251692715.37707844
2025-01-01 01:04:58,252036671.87309656
2025-01-01 01:04:59,251932357.65748158
2025-01-01 01:05:00,251223881.32332617
2025-01-01 01:05:01,247703161.0757549
2025-01-01 01:05:02,254771457.38719538
2025-01-01 01:05:03,253034308.0911498
2025-01-01 01:05:04,251114345.69976428
2025-01-01 01:05:05,250051513.76944742
2025-01-01 01:05:06,253934390.33810136
2025-01-01 01:05:07,252587720.7110898
2025-01-01 01:05:08,252278767.95758858
2025-01-01 01:05:09,250320900.11363927
2025-01-01 01:05:10,248179436.55365342
2025-01-01 01:05:11,246505248.4705002
2025-01-01 01:05:12,249088617.5750011
2025-01-01 01:05:13,246984197.00195336
2025-01-01 01:05:14,248652427.4939984
2025-01-01 01:05:15,247220514.88050964
2025-01-01 01:05:16,251691190.44434136
2025-01-01 01:05:17,249365437.04950964
2025-01-01 01:05:18,244110166.51083627
2025-01-01 01:05:19,244021737.18799895
2025-01-01 01:05:20,247678104.72730526
2025-01-01 01:05:21,249935981.11038774
2025-01-01 01:05:22,256044557.52962258
2025-01-01 01:05:23,251756605.50925112
2025-01-01 01:05:24,250286153.76658946
2025-01-01 01:05:25,250883432.10494077
2025-01-01 01:05:26,253415780.9009166
2025-01-01 01:05:27,250753462.65792722
2025-01-01 01:05:28,251628548.19719177
2025-01-01 01:05:29,250782246.5670679
2025-01-01 01:05:30,249966346.3192019
2025-01-01 01:05:31,253353639.38328466
2025-01-01 01:05:32,255234052.70428064
2025-01-01 01:05:33,249887977.80214828
2025-01-01 01:05:34,248425522.27522266
2025-01-01 01:05:35,248641547.52055493
2025-01-01 01:05:36,248471882.28335473
2025-01-01 01:05:37,249334025.42858586
2025-01-01 01:05:38,250938046.89830723
2025-01-01 01:05:39,251136648.55152637
2025-01-01 01:05:40,246724479.9829414
2025-01-01 01:05:41,248147294.9271374
2025-01-01 01:05:42,251821383.59458897
2025-01-01 01:05:43,251314491.89047998
2025-01-01 01:05:44,252981278.31378496
2025-01-01 01:05:45,249922666.7490957
2025-01-01 01:05:46,246844180.5082848
2025-01-01 01:05:47,249599358.50099283
2025-01-01 01:05:48,247058329.4592261
2025-01-01 01:05:49,247416505.26344436
2025-01-01 01:05:50,248233095.1406375
2025-01-01 01:05:51,250196553.20182756
2025-01-01 01:05:52,247954142.57220182
2025-01-01 01:05:53,245809812.38158438
2025-01-01 01:05:54,249192227.34782487
2025-01-01 01:05:55,245351953.38854373
2025-01-01 01:05:56,249085454.07109523
2025-01-01 01:05:57,247828458.91397938
2025-01-01 01:05:58,247665510.61653537
2025-01-01 01:05:59,246503132.5369064
2025-01-01 01:06:00,246044478.3187313
2025-01-01 01:06:01,247823122.83873215
2025-01-01 01:06:02,246123597.9614148
2025-01-01 01:06:03,249117807.40561426
2025-01-01 01:06:04,250819981.1336408
2025-01-01 01:06:05,245808099.29782844
2025-01-01 01:06:06,244895840.45681202
2025-01-01 01:06:07,246930519.92437994
2025-01-01 01:06:08,248789488.27537897
2025-01-01 01:06:09,245813738.4433294
2025-01-01 01:06:10,248184138.1978311
2025-01-01 01:06:11,250694854.78057596
2025-01-01 01:06:12,250833265.70476583
2025-01-01 01:06:13,249944094.02462772
2025-01-01 01:06:14,245503299.4480207
2025-01-01 01:06:15,248661646.25521743
2025-01-01 01:06:16,242826435.4731864
2025-01-01 01:06:17,250922439.92125532
2025-01-01 01:06:18,252217074.418063
2025-01-01 01:06:19,245201896.35833868
2025-01-01 01:06:20,248412646.96659437
2025-01-01 01:06:21,248085250.6183419
2025-01-01 01:06:22,246858784.08747613
2025-01-01 01:06:23,250771135.83647043
2025-01-01 01:06:24,244227058.25979573
2025-01-01 01:06:25,246143512.26846156
2025-01-01 01:06:26,247361597.39418143
2025-01-01 01:06:27,250208328.38572097
2025-01-01 01:06:28,250158057.55630025
2025-01-01 01:06:29,250868381.53334337
2025-01-01 01:06:30,252992976.73393995
2025-01-01 01:06:31,253171176.1648312
2025-01-01 01:06:32,255133684.48500842
2025-01-01 01:06:33,251757454.6839569
2025-01-01 01:06:34,247239307.9933654
2025-01-01 01:06:35,245224399.5239678
2025-01-01 01:06:36,250300629.1489064
2025-01-01 01:06:37,250820622.20367697
2025-01-01 01:06:38,248680506.31161532
2025-01-01 01:06:39,254315322.90297854
2025-01-01 01:06:40,249465738.6780009
2025-01-01 01:06:41,244807102.24904487
2025-01-01 01:06:42,248123284.26313433
2025-01-01 01:06:43,245470064.2824855
2025-01-01 01:06:44,249236386.05852374
2025-01-01 01:06:45,250262572.71415123
2025-01-01 01:06:46,247441581.9628639
2025-01-01 01:06:47,248708478.9838391
2025-01-01 01:06:48,250856175.40899694
2025-01-01 01:06:49,249902672.41070342
2025-01-01 01:06:50,249017960.35398546
2025-01-01 01:06:51,248945805.231544
2025-01-01 01:06:52,249064649.44697016
2025-01-01 01:06:53,252319658.74564502
2025-01-01 01:06:54,255604045.0737919
2025-01-01 01:06:55,251642289.33121014
2025-01-01 01:06:56,252814073.94923282
2025-01-01 01:06:57,252722368.19694534
2025-01-01 01:06:58,251850944.5091886
2025-01-01 01:06:59,254813924.9733149
2025-01-01 01:07:00,255175309.58672523
2025-01-01 01:07:01,256412403.30819893
2025-01-01 01:07:02,259142173.74903637
2025-01-01 01:07:03,254503143.59247112
2025-01-01 01:07:04,248482376.03204688
2025-01-01 01:07:05,250863098.59601808
2025-01-01 01:07:06,251816798.28744927
2025-01-01 01:07:07,255620016.274308
2025-01-01 01:07:08,250805033.96148923
2025-01-01 01:07:09,249015034.68964437
2025-01-01 01:07:10,249944732.52381432
2025-01-01 01:07:11,248746418.35042712
2025-01-01 01:07:12,244682791.91441524
2025-01-01 01:07:13,243442945.20564926
2025-01-01 01:07:14,249514050.44821876
2025-01-01 01:07:15,249621204.22092813
2025-01-01 01:07:16,247707672.26464885
2025-01-01 01:07:17,252157799.50067917
2025-01-01 01:07:18,253666330.34308052
2025-01-01 01:07:19,252440294.89727837
2025-01-01 01:07:20,250922781.25821304
2025-01-01 01:07:21,249123676.68763182
2025-01-01 01:07:22,252124041.98608875
2025-01-01 01:07:23,249066059.433756
2025-01-01 01:07:24,248240319.42958936
2025-01-01 01:07:25,248176588.98847732
2025-01-01 01:07:26,249240538.33092785
2025-01-01 01:07:27,250099220.8143116
2025-01-01 01:07:28,251741146.84826964
2025-01-01 01:07:29,247816469.8478331
2025-01-01 01:07:30,251369944.76034307
2025-01-01 01:07:31,246192940.83291423
2025-01-01 01:07:32,248566528.97768617
2025-01-01 01:07:33,247195508.09199792
2025-01-01 01:07:34,248173239.68388245
2025-01-01 01:07:35,249290599.17395535
2025-01-01 01:07:36,248750834.15448353
2025-01-01 01:07:37,252055962.5378328
2025-01-01 01:07:38,250252578.4318823
2025-01-01 01:07:39,249139762.42924765
2025-01-01 01:07:40,250132725.39265472
2025-01-01 01:07:41,250499749.11700338
2025-01-01 01:07:42,246424606.49577335
2025-01-01 01:07:43,248897740.9561503
2025-01-01 01:07:44,246598861.0553013
2025-01-01 01:07:45,250267778.56182072
2025-01-01 01:07:46,249499811.02927268
2025-01-01 01:07:47,246230110.25770757
2025-01-01 01:07:48,247055147.81688815
2025-01-01 01:07:49,248464702.55449277
2025-01-01 01:07:50,248923360.01439616
2025-01-01 01:07:51,252371053.774571
2025-01-01 01:07:52,251105109.44727775
2025-01-01 01:07:53,251532533.4128329
2025-01-01 01:07:54,254693406.2085802
2025-01-01 01:07:55,255505899.49782988
2025-01-01 01:07:56,258279536.89657897
2025-01-01 01:07:57,251848429.51718655
2025-01-01 01:07:58,254777822.20829704
2025-01-01 01:07:59,253987615.5804459
2025-01-01 01:08:00,250422300.07742274
2025-01-01 01:08:01,248895014.41503945
2025-01-01 01:08:02,249684219.88009867
2025-01-01 01:08:03,252610708.7908331
2025-01-01 01:08:04,255625878.96917465
2025-01-01 01:08:05,253897399.73583165
2025-01-01 01:08:06,252927952.55162674
2025-01-01 01:08:07,250703601.24362287
2025-01-01 01:08:08,250031012.15874994
2025-01-01 01:08:09,255551326.87328932
2025-01-01 01:08:10,253216064.4274627
2025-01-01 01:08:11,252061696.58728322
2025-01-01 01:08:12,253668454.96605492
2025-01-01 01:08:13,249365644.08060166
2025-01-01 01:08:14,252202929.20784777
2025-01-01 01:08:15,252671191.5218293
2025-01-01 01:08:16,251735098.51576272
2025-01-01 01:08:17,247384413.7530723
2025-01-01 01:08:18,248392007.10797557
2025-01-01 01:08:19,251246018.3214789
2025-01-01 01:08:20,246519458.44438615
2025-01-01 01:08:21,248211564.04233715
2025-01-01 01:08:22,248242710.40551594
2025-01-01 01:08:23,252934592.80421394
2025-01-01 01:08:24,248334902.83458558
2025-01-01 01:08:25,251309304.0007825
2025-01-01 01:08:26,252134099.0345916
2025-01-01 01:08:27,252064110.43919706
2025-01-01 01:08:28,247532693.99536476
2025-01-01 01:08:29,244247863.93793055
2025-01-01 01:08:30,248885800.44123226
2025-01-01 01:08:31,248955793.05475077
2025-01-01 01:08:32,250557661.5790387
2025-01-01 01:08:33,245896462.03696793
2025-01-01 01:08:34,243403503.26072165
2025-01-01 01:08:35,249124516.500804
2025-01-01 01:08:36,252006975.8012205
2025-01-01 01:08:37,247201115.3685262
2025-01-01 01:08:38,248000667.41070533
2025-01-01 01:08:39,252100225.85393652
2025-01-01 01:08:40,249857458.26303354
2025-01-01 01:08:41,248762872.9633434
2025-01-01 01:08:42,248125212.50172722
2025-01-01 01:08:43,250481572.4735472
2025-01-01 01:08:44,249044024.01290917
2025-01-01 01:08:45,251587729.29442057
2025-01-01 01:08:46,251268943.54163414
2025-01-01 01:08:47,249173159.77451834
2025-01-01 01:08:48,254283358.10263523
2025-01-01 01:08:49,247650577.60247418
2025-01-01 01:08:50,253201777.87293413
2025-01-01 01:08:51,248394573.6275664
2025-01-01 01:08:52,249150931.63117582
2025-01-01 01:08:53,250567533.85747835
2025-01-01 01:08:54,246604862.15424863
2025-01-01 01:08:55,245499034.83519846
2025-01-01 01:08:56,247255978.83079445
2025-01-01 01:08:57,247794112.78142834
2025-01-01 01:08:58,252092297.2341923
2025-01-01 01:08:59,249792856.82234877
2025-01-01 01:09:00,250917011.70887154
2025-01-01 01:09:01,250270174.5670247
2025-01-01 01:09:02,249418541.74621585
2025-01-01 01:09:03,247621451.8580473
2025-01-01 01:09:04,247451744.46841428
2025-01-01 01:09:05,248762264.5492502
2025-01-01 01:09:06,249699201.68768385
2025-01-01 01:09:07,246034323.7390134
2025-01-01 01:09:08,248301557.48122433
2025-01-01 01:09:09,251540322.38261425
2025-01-01 01:09:10,248332681.41871485
2025-01-01 01:09:11,247452269.648752
2025-01-01 01:09:12,248513574.9115425
2025-01-01 01:09:13,248650175.88183945
2025-01-01 01:09:14,253699933.82709527
2025-01-01 01:09:15,251583924.39824092
2025-01-01 01:09:16,250386705.7836096
2025-01-01 01:09:17,253175049.76150575
2025-01-01 01:09:18,250752409.0648767
2025-01-01 01:09:19,251789863.84442487
2025-01-01 01:09:20,248268409.9731978
2025-01-01 01:09:21,249264594.70267582
2025-01-01 01:09:22,251000909.56014264
2025-01-01 01:09:23,249652917.11682492
2025-01-01 01:09:24,247030737.44477388
2025-01-01 01:09:25,248046032.06441242
2025-01-01 01:09:26,248023388.85467452
2025-01-01 01:09:27,250794621.90874892
2025-01-01 01:09:28,251105290.16473356
2025-01-01 01:09:29,248984549.08417353
2025-01-01 01:09:30,250505831.87860775
2025-01-01 01:09:31,253036959.82041246
2025-01-01 01:09:32,249854494.5725507
2025-01-01 01:09:33,251548196.5042163
2025-01-01 01:09:34,251772018.0858023
2025-01-01 01:09:35,251200553.82635656
2025-01-01 01:09:36,245387108.2300302
2025-01-01 01:09:37,245943760.05557114
2025-01-01 01:09:38,245257276.31712198
2025-01-01 01:09:39,248852672.402043
2025-01-01 01:09:40,244605123.2093114
2025-01-01 01:09:41,251713846.22073764
2025-01-01 01:09:42,254705431.80570984
2025-01-01 01:09:43,249181879.77838078
2025-01-01 01:09:44,251668665.68295974
2025-01-01 01:09:45,254491852.72234082
2025-01-01 01:09:46,251536276.97076717
2025-01-01 01:09:47,250459339.52700672
2025-01-01 01:09:48,253759694.4725101
2025-01-01 01:09:49,252585654.60836327
2025-01-01 01:09:50,252318610.33172846
2025-01-01 01:09:51,251050029.40134728
2025-01-01 01:09:52,250822987.75193614
2025-01-01 01:09:53,252520405.1225428
2025-01-01 01:09:54,250594088.5930304
2025-01-01 01:09:55,248583108.05474412
2025-01-01 01:09:56,249907972.3958539
2025-01-01 01:09:57,250416389.55013788
2025-01-01 01:09:58,247198715.57536045
2025-01-01 01:09:59,251196046.78449377
2025-01-01 01:10:00,250535496.73186082
2025-01-01 01:10:01,253010788.8878547
2025-01-01 01:10:02,250732856.97670236
2025-01-01 01:10:03,247233631.36323315
2025-01-01 01:10:04,249653927.47610804
2025-01-01 01:10:05,251821772.8085674
2025-01-01 01:10:06,254792503.52802593
2025-01-01 01:10:07,251380452.62642935
2025-01-01 01:10:08,249874855.61314407
2025-01-01 01:10:09,246701964.1666611
2025-01-01 01:10:10,243433209.17301935
2025-01-01 01:10:11,252519407.4659021
2025-01-01 01:10:12,250012155.7520015
2025-01-01 01:10:13,249050744.19365337
2025-01-01 01:10:14,251588239.58409083
2025-01-01 01:10:15,252845967.52675498
2025-01-01 01:10:16,251935298.54880035
2025-01-01 01:10:17,251035125.56501573
2025-01-01 01:10:18,248703733.43600476
2025-01-01 01:10:19,253116275.07765207
2025-01-01 01:10:20,249705069.01187035
2025-01-01 01:10:21,247579265.02401188
2025-01-01 01:10:22,254457818.2836667
2025-01-01 01:10:23,249598485.0342802
2025-01-01 01:10:24,248144340.5737791
2025-01-01 01:10:25,249899689.72120005
2025-01-01 01:10:26,248897868.07085967
2025-01-01 01:10:27,246651277.4176772
2025-01-01 01:10:28,246821978.55874893
2025-01-01 01:10:29,249466899.3183159
2025-01-01 01:10:30,248813339.27883133
2025-01-01 01:10:31,250149829.5505435
2025-01-01 01:10:32,250136299.17701292
2025-01-01 01:10:33,251958810.3726919
2025-01-01 01:10:34,248089406.76680776
2025-01-01 01:10:35,248212553.74198154
2025-01-01 01:10:36,248394277.38307312
2025-01-01 01:10:37,249963564.27197862
2025-01-01 01:10:38,249364159.07816172
2025-01-01 01:10:39,253579237.4997054
2025-01-01 01:10:40,253257569.29620728
2025-01-01 01:10:41,249054553.18008354
2025-01-01 01:10:42,249033791.3291214
2025-01-01 01:10:43,250183192.33669534
2025-01-01 01:10:44,252705819.23801547
2025-01-01 01:10:45,251747268.4059121
2025-01-01 01:10:46,256880982.14550337
2025-01-01 01:10:47,256597644.1094517
2025-01-01 01:10:48,254564987.17714113
2025-01-01 01:10:49,257569928.6055842
2025-01-01 01:10:50,255200851.33519205
2025-01-01 01:10:51,250550128.40049675
2025-01-01 01:10:52,244245031.3555073
2025-01-01 01:10:53,251967177.63731068
2025-01-01 01:10:54,253756800.6266065
2025-01-01 01:10:55,252950114.94145182
2025-01-01 01:10:56,251489273.68933436
2025-01-01 01:10:57,243569444.56009477
2025-01-01 01:10:58,246023763.38130033
2025-01-01 01:10:59,248007036.40376106
2025-01-01 01:11:00,243689149.53358036
2025-01-01 01:11:01,249135913.89704105
2025-01-01 01:11:02,246723627.34325725
2025-01-01 01:11:03,249575082.04354236
2025-01-01 01:11:04,246006771.98993617
2025-01-01 01:11:05,246634342.82445997
2025-01-01 01:11:06,244567407.17036155
2025-01-01 01:11:07,248017708.36465222
2025-01-01 01:11:08,247485423.32996476
2025-01-01 01:11:09,244855042.3563029
2025-01-01 01:11:10,249886812.05028844
2025-01-01 01:11:11,247902913.94369888
2025-01-01 01:11:12,247373200.88520482
2025-01-01 01:11:13,248500828.15734005
2025-01-01 01:11:14,252737219.63414118
2025-01-01 01:11:15,253874828.52089852
2025-01-01 01:11:16,252004416.98249507
2025-01-01 01:11:17,253159728.27142924
2025-01-01 01:11:18,252232497.20718378
2025-01-01 01:11:19,249320192.38857993
2025-01-01 01:11:20,248778582.97013336
2025-01-01 01:11:21,247390360.15942746
2025-01-01 01:11:22,249318948.5494586
2025-01-01 01:11:23,249897932.39580193
2025-01-01 01:11:24,252488553.80250734
2025-01-01 01:11:25,254302536.36595625
2025-01-01 01:11:26,251855188.13123417
2025-01-01 01:11:27,251334604.01590765
2025-01-01 01:11:28,250988348.2339028
2025-01-01 01:11:29,248261116.91727328
2025-01-01 01:11:30,253278607.82053176
2025-01-01 01:11:31,257967047.28785607
2025-01-01 01:11:32,248930650.41611317
2025-01-01 01:11:33,245315573.9064041
2025-01-01 01:11:34,248164144.43296707
2025-01-01 01:11:35,250768485.94884542
2025-01-01 01:11:36,251288031.31266066
2025-01-01 01:11:37,250837554.59387612
2025-01-01 01:11:38,249231173.34020844
2025-01-01 01:11:39,248338411.16179973
2025-01-01 01:11:40,250329169.66958964
2025-01-01 01:11:41,246226551.29854685
2025-01-01 01:11:42,247988924.85312718
2025-01-01 01:11:43,246589245.43787453
2025-01-01 01:11:44,249034617.58326283
2025-01-01 01:11:45,249298697.87448478
2025-01-01 01:11:46,251799190.46256328
2025-01-01 01:11:47,251433530.50565746
2025-01-01 01:11:48,252417045.12939578
2025-01-01 01:11:49,251102742.79675922
2025-01-01 01:11:50,249853499.6959106
2025-01-01 01:11:51,252552546.6674926
2025-01-01 01:11:52,253844966.691684
2025-01-01 01:11:53,252168457.81549636
2025-01-01 01:11:54,252537803.95467764
2025-01-01 01:11:55,254063175.1454448
2025-01-01 01:11:56,249196790.5466263
2025-01-01 01:11:57,251465984.38186812
2025-01-01 01:11:58,251403051.5536897
2025-01-01 01:11:59,248851538.12466523
2025-01-01 01:12:00,251635756.95113742
2025-01-01 01:12:01,252086593.0122227
2025-01-01 01:12:02,246132882.3751819
2025-01-01 01:12:03,249643320.5331241
2025-01-01 01:12:04,250847859.64763796
2025-01-01 01:12:05,250933742.63412806
2025-01-01 01:12:06,253072774.2323197
2025-01-01 01:12:07,250995957.73771852
2025-01-01 01:12:08,245233887.73971874
2025-01-01 01:12:09,247102520.43168747
2025-01-01 01:12:10,250221382.74128065
2025-01-01 01:12:11,246408739.03765714
2025-01-01 01:12:12,248874735.93416235
2025-01-01 01:12:13,245007281.52101147
2025-01-01 01:12:14,249389190.56896794
2025-01-01 01:12:15,251549938.41970554
2025-01-01 01:12:16,249398087.78683618
2025-01-01 01:12:17,249497590.85628194
2025-01-01 01:12:18,246981056.5042726
2025-01-01 01:12:19,247509586.44405547
2025-01-01 01:12:20,245601566.44413745
2025-01-01 01:12:21,249922457.88877243
2025-01-01 01:12:22,251995183.732879
2025-01-01 01:12:23,250377835.98073384
2025-01-01 01:12:24,250332248.68061462
2025-01-01 01:12:25,252454752.07420078
2025-01-01 01:12:26,249838747.67183897
2025-01-01 01:12:27,250847121.3971743
2025-01-01 01:12:28,255768528.32917848
2025-01-01 01:12:29,251890899.438431
2025-01-01 01:12:30,248965066.01032707
2025-01-01 01:12:31,248417278.36237988
2025-01-01 01:12:32,251115616.73588768
2025-01-01 01:12:33,251165620.8086306
2025-01-01 01:12:34,248134376.39282802
2025-01-01 01:12:35,247940737.26572788
2025-01-01 01:12:36,253077690.53878018
2025-01-01 01:12:37,249008038.1981652
2025-01-01 01:12:38,247586362.27331045
2025-01-01 01:12:39,251378368.79068345
2025-01-01 01:12:40,254382777.76596442
2025-01-01 01:12:41,250625437.87121922
2025-01-01 01:12:42,250837236.31823978
2025-01-01 01:12:43,244851368.4259624
2025-01-01 01:12:44,248696261.63592693
2025-01-01 01:12:45,248357773.51987508
2025-01-01 01:12:46,249725997.22823906
2025-01-01 01:12:47,242588244.7054355
2025-01-01 01:12:48,247420580.1410635
2025-01-01 01:12:49,249403341.35804188
2025-01-01 01:12:50,249476642.86917278
2025-01-01 01:12:51,253190438.53000858
2025-01-01 01:12:52,247752675.38613388
2025-01-01 01:12:53,248782645.6195962
2025-01-01 01:12:54,245877151.7419864
2025-01-01 01:12:55,249259262.2028078
2025-01-01 01:12:56,247841780.12344638
2025-01-01 01:12:57,248123491.34858868
2025-01-01 01:12:58,248835804.20473754
2025-01-01 01:12:59,246330030.8621556
2025-01-01 01:13:00,246781184.20198825
2025-01-01 01:13:01,245582656.4409872
2025-01-01 01:13:02,245421875.62598428
2025-01-01 01:13:03,246770624.5059644
2025-01-01 01:13:04,248673345.61107963
2025-01-01 01:13:05,253359663.60319254
2025-01-01 01:13:06,251088895.19838795
2025-01-01 01:13:07,249850572.0397843
2025-01-01 01:13:08,249934015.87662175
2025-01-01 01:13:09,246719556.70420083
2025-01-01 01:13:10,255810504.55771673
2025-01-01 01:13:11,248599175.33754286
2025-01-01 01:13:12,258783226.20642847
2025-01-01 01:13:13,254078239.78855413
2025-01-01 01:13:14,249472933.89869356
2025-01-01 01:13:15,252704012.9790439
2025-01-01 01:13:16,252153504.19404057
2025-01-01 01:13:17,249712450.33700597
2025-01-01 01:13:18,249877178.9844941
2025-01-01 01:13:19,250519676.58425474
2025-01-01 01:13:20,252924708.4626377
2025-01-01 01:13:21,252373633.12133583
2025-01-01 01:13:22,249530547.72346696
2025-01-01 01:13:23,250918269.30144542
2025-01-01 01:13:24,248234552.7605712
2025-01-01 01:13:25,247256743.40798014
2025-01-01 01:13:26,253928523.89910057
2025-01-01 01:13:27,247496566.97583032
2025-01-01 01:13:28,247618426.49527806
2025-01-01 01:13:29,245009289.73179907
2025-01-01 01:13:30,249815977.80093762
2025-01-01 01:13:31,246972970.3967487
2025-01-01 01:13:32,246289494.93108302
2025-01-01 01:13:33,249116084.58033514
2025-01-01 01:13:34,245602520.47391805
2025-01-01 01:13:35,247606589.0289765
2025-01-01 01:13:36,253312915.25746748
2025-01-01 01:13:37,251655902.76916465
2025-01-01 01:13:38,251203918.47140855
2025-01-01 01:13:39,250043543.34491837
2025-01-01 01:13:40,249529584.86870465
2025-01-01 01:13:41,252195961.3212566
2025-01-01 01:13:42,252577050.79945663
2025-01-01 01:13:43,252948972.26046488
2025-01-01 01:13:44,248874439.87963253
2025-01-01 01:13:45,246106843.7600743
2025-01-01 01:13:46,249771643.72286278
2025-01-01 01:13:47,249677119.27706024
2025-01-01 01:13:48,248922060.78561503
2025-01-01 01:13:49,246173652.4693988
2025-01-01 01:13:50,247802821.12583792
2025-01-01 01:13:51,251561466.27264026
2025-01-01 01:13:52,247698279.10465118
2025-01-01 01:13:53,246886566.55121484
2025-01-01 01:13:54,252093393.05100185
2025-01-01 01:13:55,248588340.41685987
2025-01-01 01:13:56,249491403.33131164
2025-01-01 01:13:57,248667549.6216558
2025-01-01 01:13:58,249676577.0660959
2025-01-01 01:13:59,248269083.03966594
2025-01-01 01:14:00,251851354.62213022
2025-01-01 01:14:01,249254928.45770806
2025-01-01 01:14:02,252133037.6612823
2025-01-01 01:14:03,251646979.70976067
2025-01-01 01:14:04,251979882.5354592
2025-01-01 01:14:05,248829231.05565533
2025-01-01 01:14:06,249653508.2032633
2025-01-01 01:14:07,250689675.01191947
2025-01-01 01:14:08,249357297.54870772
2025-01-01 01:14:09,249943251.70260346
2025-01-01 01:14:10,248537212.91518196
2025-01-01 01:14:11,250375698.89223868
2025-01-01 01:14:12,251972523.37191275
2025-01-01 01:14:13,253644594.66977042
2025-01-01 01:14:14,251202050.4146185
2025-01-01 01:14:15,251659072.71188736
2025-01-01 01:14:16,254476424.43314907
2025-01-01 01:14:17,251292320.71358728
2025-01-01 01:14:18,252520382.75904578
2025-01-01 01:14:19,253119050.51115444
2025-01-01 01:14:20,253941222.6507602
2025-01-01 01:14:21,253012032.82457936
2025-01-01 01:14:22,253551082.41965446
2025-01-01 01:14:23,251750094.21016148
2025-01-01 01:14:24,249343407.86393842
2025-01-01 01:14:25,253095592.79263794
2025-01-01 01:14:26,252067798.6635228
2025-01-01 01:14:27,251361120.3731016
2025-01-01 01:14:28,250379886.38573098
2025-01-01 01:14:29,248767491.36845773
2025-01-01 01:14:30,253675576.50627896
2025-01-01 01:14:31,250285370.96006313
2025-01-01 01:14:32,246828803.5268679
2025-01-01 01:14:33,253089489.97791412
2025-01-01 01:14:34,251236559.76828924
2025-01-01 01:14:35,249520826.9484283
2025-01-01 01:14:36,248512555.85306534
2025-01-01 01:14:37,252697578.47143772
2025-01-01 01:14:38,254840991.5829816
2025-01-01 01:14:39,249394104.0909913
2025-01-01 01:14:40,245603808.1411225
2025-01-01 01:14:41,251446246.03811646
2025-01-01 01:14:42,246407002.0104
2025-01-01 01:14:43,247450774.84566718
2025-01-01 01:14:44,246767469.27159455
2025-01-01 01:14:45,243527127.35316345
2025-01-01 01:14:46,249169243.6663152
2025-01-01 01:14:47,247523109.5222098
2025-01-01 01:14:48,247541735.14282683
2025-01-01 01:14:49,247417140.21962798
2025-01-01 01:14:50,246791028.00588953
2025-01-01 01:14:51,249212386.3216884
2025-01-01 01:14:52,251204473.28225964
2025-01-01 01:14:53,249898951.87769434
2025-01-01 01:14:54,248187258.4413886
2025-01-01 01:14:55,249343434.5172982
2025-01-01 01:14:56,250373156.96995667
2025-01-01 01:14:57,249813940.92626852
2025-01-01 01:14:58,254773155.15295595
2025-01-01 01:14:59,252548158.49385613
2025-01-01 01:15:00,252021455.77735245
2025-01-01 01:15:01,252230867.7420506
2025-01-01 01:15:02,251378072.17330828
2025-01-01 01:15:03,247947023.06401724
2025-01-01 01:15:04,243842088.6145277
2025-01-01 01:15:05,248562544.3823692
2025-01-01 01:15:06,250098981.97274196
2025-01-01 01:15:07,251583416.68531466
2025-01-01 01:15:08,250862750.28981617
2025-01-01 01:15:09,246236531.89906237
2025-01-01 01:15:10,252736396.6572657
2025-01-01 01:15:11,251792014.29724252
2025-01-01 01:15:12,252106613.1711059
2025-01-01 01:15:13,250267043.5540649
2025-01-01 01:15:14,254072019.06254157
2025-01-01 01:15:15,252237902.14733344
2025-01-01 01:15:16,255437758.9756814
2025-01-01 01:15:17,248818233.8839797
2025-01-01 01:15:18,250020454.6560226
2025-01-01 01:15:19,248272176.02172095
2025-01-01 01:15:20,249505019.4954447
2025-01-01 01:15:21,253002035.9734208
2025-01-01 01:15:22,249420230.27281994
2025-01-01 01:15:23,252989946.8743097
2025-01-01 01:15:24,251762697.94181553
2025-01-01 01:15:25,255473656.5369958
2025-01-01 01:15:26,254783014.06243554
2025-01-01 01:15:27,247624962.1942934
2025-01-01 01:15:28,254965401.18800658
2025-01-01 01:15:29,252189578.69499174
2025-01-01 01:15:30,249759120.60446626
2025-01-01 01:15:31,252363054.4756252
2025-01-01 01:15:32,250516763.60394958
2025-01-01 01:15:33,250790919.9891019
2025-01-01 01:15:34,253767108.10701206
2025-01-01 01:15:35,253321044.68801662
2025-01-01 01:15:36,253330356.5193337
2025-01-01 01:15:37,257120260.4913824
2025-01-01 01:15:38,254785532.07099685
2025-01-01 01:15:39,253125285.81725836
2025-01-01 01:15:40,253472531.37148073
2025-01-01 01:15:41,255145395.42325565
2025-01-01 01:15:42,249146752.29102066
2025-01-01 01:15:43,255533874.15721044
2025-01-01 01:15:44,249926356.06090608
2025-01-01 01:15:45,252386623.54418194
2025-01-01 01:15:46,254433064.736716
2025-01-01 01:15:47,253679158.2074875
2025-01-01 01:15:48,252065041.150212
2025-01-01 01:15:49,250347799.87605178
2025-01-01 01:15:50,250197428.86539733
2025-01-01 01:15:51,250697666.474588
2025-01-01 01:15:52,256242129.1478231
2025-01-01 01:15:53,253576397.99168283
2025-01-01 01:15:54,255837350.1401511
2025-01-01 01:15:55,255391746.01609102
2025-01-01 01:15:56,252875481.64414603
2025-01-01 01:15:57,250034607.04407734
2025-01-01 01:15:58,251165101.64783722
2025-01-01 01:15:59,252334731.69196805
2025-01-01 01:16:00,255167900.97872582
2025-01-01 01:16:01,252666613.0989215
2025-01-01 01:16:02,250572624.5795222
2025-01-01 01:16:03,252120273.38830012
2025-01-01 01:16:04,249670339.64910933
2025-01-01 01:16:05,253584288.37116843
2025-01-01 01:16:06,251902052.23361865
2025-01-01 01:16:07,252055707.79578647
2025-01-01 01:16:08,247336567.98515403
2025-01-01 01:16:09,249835267.7867706
2025-01-01 01:16:10,250877924.72305408
2025-01-01 01:16:11,252106673.63883203
2025-01-01 01:16:12,251479925.55674592
2025-01-01 01:16:13,254116827.01826522
2025-01-01 01:16:14,253414651.93970907
2025-01-01 01:16:15,246519234.56426266
2025-01-01 01:16:16,253518105.9687566
2025-01-01 01:16:17,249686476.71407235
2025-01-01 01:16:18,251844492.7820674
2025-01-01 01:16:19,250848923.37049496
2025-01-01 01:16:20,248879897.60678738
2025-01-01 01:16:21,245143345.70940447
2025-01-01 01:16:22,244138102.94787437
2025-01-01 01:16:23,247221767.06208757
2025-01-01 01:16:24,247420233.49076316
2025-01-01 01:16:25,244539834.3118386
2025-01-01 01:16:26,247667327.94921517
2025-01-01 01:16:27,246562896.85662067
2025-01-01 01:16:28,247709190.80592284
2025-01-01 01:16:29,248125399.37645853
2025-01-01 01:16:30,249617997.36468038
2025-01-01 01:16:31,249130495.22149232
2025-01-01 01:16:32,248004068.80431274
2025-01-01 01:16:33,246754119.0136635
2025-01-01 01:16:34,249131532.13743773
2025-01-01 01:16:35,251215202.62972718
2025-01-01 01:16:36,249791246.04082152
2025-01-01 01:16:37,250908343.35427916
2025-01-01 01:16:38,249134464.27208418
2025-01-01 01:16:39,249234562.02795932
2025-01-01 01:16:40,247774975.49187866
2025-01-01 01:16:41,249566690.88151467
2025-01-01 01:16:42,250818431.7692221
2025-01-01 01:16:43,248285329.84633785
2025-01-01 01:16:44,253314538.98527253
2025-01-01 01:16:45,256001933.97971997
2025-01-01 01:16:46,257721434.7214849
2025-01-01 01:16:47,254673682.90580726
2025-01-01 01:16:48,253472229.43375164
2025-01-01 01:16:49,254218505.11062166
2025-01-01 01:16:50,250509235.60408318
2025-01-01 01:16:51,248112436.4670577
2025-01-01 01:16:52,250986667.00576633
2025-01-01 01:16:53,252556874.76869208
2025-01-01 01:16:54,247210572.3151153
2025-01-01 01:16:55,250034388.5982429
2025-01-01 01:16:56,247095846.22189867
2025-01-01 01:16:57,248807188.38884878
2025-01-01 01:16:58,248059432.98973945
2025-01-01 01:16:59,247226698.96095794
2025-01-01 01:17:00,251236147.12126893
2025-01-01 01:17:01,249203850.52395067
2025-01-01 01:17:02,247709518.1237919
2025-01-01 01:17:03,248612776.81541833
2025-01-01 01:17:04,248540098.8881529
2025-01-01 01:17:05,246644660.62357315
2025-01-01 01:17:06,250072523.39903426
2025-01-01 01:17:07,248708544.7373929
2025-01-01 01:17:08,254805117.86695206
2025-01-01 01:17:09,247801613.22269395
2025-01-01 01:17:10,245221545.26312807
2025-01-01 01:17:11,245288415.58661225
2025-01-01 01:17:12,247048779.81088975
2025-01-01 01:17:13,246612806.11626354
2025-01-01 01:17:14,248060831.00272462
2025-01-01 01:17:15,251580158.65053222
2025-01-01 01:17:16,246898988.22511804
2025-01-01 01:17:17,249611016.0561857
2025-01-01 01:17:18,247331347.52453497
2025-01-01 01:17:19,247306804.49317878
2025-01-01 01:17:20,245310905.47565326
2025-01-01 01:17:21,246690425.29013133
2025-01-01 01:17:22,246488053.0175815
2025-01-01 01:17:23,245049765.98937902
2025-01-01 01:17:24,248659110.19327542
2025-01-01 01:17:25,249453129.44605485
2025-01-01 01:17:26,247415994.87117308
2025-01-01 01:17:27,244742401.28243402
2025-01-01 01:17:28,247939352.58557394
2025-01-01 01:17:29,249484715.49427724
2025-01-01 01:17:30,252410451.96878713
2025-01-01 01:17:31,244718713.7711853
2025-01-01 01:17:32,247042129.75773317
2025-01-01 01:17:33,246777719.9448292
2025-01-01 01:17:34,246596822.16348848
2025-01-01 01:17:35,245249263.74302414
2025-01-01 01:17:36,245682950.5218684
2025-01-01 01:17:37,244266431.1953249
2025-01-01 01:17:38,246699872.2885337
2025-01-01 01:17:39,248159046.78524566
2025-01-01 01:17:40,247239804.97037974
2025-01-01 01:17:41,246217300.02662206
2025-01-01 01:17:42,242215940.44070208
2025-01-01 01:17:43,242797976.58379084
2025-01-01 01:17:44,247509120.4581049
2025-01-01 01:17:45,246469794.8443463
2025-01-01 01:17:46,251680008.616132
2025-01-01 01:17:47,251372300.19865093
2025-01-01 01:17:48,246241650.98766297
2025-01-01 01:17:49,246178289.07841885
2025-01-01 01:17:50,250887223.494683
2025-01-01 01:17:51,251119716.6883103
2025-01-01 01:17:52,249032819.1951403
2025-01-01 01:17:53,251129753.03494385
2025-01-01 01:17:54,246461871.33581224
2025-01-01 01:17:55,250703491.1454848
2025-01-01 01:17:56,241991926.1005798
2025-01-01 01:17:57,247244545.38437477
2025-01-01 01:17:58,249098273.0669575
2025-01-01 01:17:59,251913652.10009098
2025-01-01 01:18:00,248492312.9666622
2025-01-01 01:18:01,249453148.5105108
2025-01-01 01:18:02,249249011.48918435
2025-01-01 01:18:03,251398563.79571757
2025-01-01 01:18:04,250945638.58954734
2025-01-01 01:18:05,251669739.45442897
2025-01-01 01:18:06,252888948.05835572
2025-01-01 01:18:07,250924969.35840517
2025-01-01 01:18:08,249939600.9492275
2025-01-01 01:18:09,252261442.19420168
2025-01-01 01:18:10,243980724.0072505
2025-01-01 01:18:11,247116555.42430162
2025-01-01 01:18:12,248422783.52255926
2025-01-01 01:18:13,252522770.8359171
2025-01-01 01:18:14,250107849.8241559
2025-01-01 01:18:15,250211082.14207834
2025-01-01 01:18:16,247316265.6445047
2025-01-01 01:18:17,248148994.87012735
2025-01-01 01:18:18,246779135.47686058
2025-01-01 01:18:19,245022269.06477973
2025-01-01 01:18:20,246478079.11552536
2025-01-01 01:18:21,247297695.6864404
2025-01-01 01:18:22,248916151.2262481
2025-01-01 01:18:23,243077937.56977934
2025-01-01 01:18:24,243201196.46715376
2025-01-01 01:18:25,244250646.11769357
2025-01-01 01:18:26,247491409.54248378
2025-01-01 01:18:27,248369740.0031051
2025-01-01 01:18:28,245377768.32377857
2025-01-01 01:18:29,245201522.3545068
2025-01-01 01:18:30,242831755.65414605
2025-01-01 01:18:31,245087376.21519595
2025-01-01 01:18:32,250289923.3014823
2025-01-01 01:18:33,250329928.95959798
2025-01-01 01:18:34,256744930.92683133
2025-01-01 01:18:35,248827117.8908999
2025-01-01 01:18:36,255334648.267557
2025-01-01 01:18:37,252721097.89395562
2025-01-01 01:18:38,248557669.80175394
2025-01-01 01:18:39,249176060.41188356
2025-01-01 01:18:40,248324583.640494
2025-01-01 01:18:41,251148122.72293603
2025-01-01 01:18:42,248386523.22233337
2025-01-01 01:18:43,247977472.25363582
2025-01-01 01:18:44,248537410.37558758
2025-01-01 01:18:45,246739641.58994386
2025-01-01 01:18:46,249021427.19423956
2025-01-01 01:18:47,245427252.0022196
2025-01-01 01:18:48,249321116.73935196
2025-01-01 01:18:49,250154176.74889705
2025-01-01 01:18:50,247819518.267891
2025-01-01 01:18:51,254862983.36376148
2025-01-01 01:18:52,248847488.48154503
2025-01-01 01:18:53,247866219.8942575
2025-01-01 01:18:54,244257463.40663773
2025-01-01 01:18:55,249709446.74590555
2025-01-01 01:18:56,250703595.9004679
2025-01-01 01:18:57,252856466.23814592
2025-01-01 01:18:58,253078295.53508055
2025-01-01 01:18:59,249797253.13627478
2025-01-01 01:19:00,247724600.49369055
2025-01-01 01:19:01,251354200.819791
2025-01-01 01:19:02,245018440.0159551
2025-01-01 01:19:03,249859453.7543695
2025-01-01 01:19:04,252018021.60714668
2025-01-01 01:19:05,249114620.75049895
2025-01-01 01:19:06,246638638.3989884
2025-01-01 01:19:07,244019314.43711692
2025-01-01 01:19:08,248317261.45701033
2025-01-01 01:19:09,250412925.7629329
2025-01-01 01:19:10,248035391.00775835
2025-01-01 01:19:11,249435167.31764793
2025-01-01 01:19:12,249391633.75264978
2025-01-01 01:19:13,246820916.49593714
2025-01-01 01:19:14,250919914.22078535
2025-01-01 01:19:15,249301896.8990964
2025-01-01 01:19:16,254448458.58759254
2025-01-01 01:19:17,247053972.398362
2025-01-01 01:19:18,249346500.43441978
2025-01-01 01:19:19,247910505.2173627
2025-01-01 01:19:20,249327917.01260886
2025-01-01 01:19:21,247645844.03526077
2025-01-01 01:19:22,253238623.9518364
2025-01-01 01:19:23,251752050.79525858
2025-01-01 01:19:24,251938339.28567347
2025-01-01 01:19:25,251425644.06547353
2025-01-01 01:19:26,248904355.8570138
2025-01-01 01:19:27,254102230.59850433
2025-01-01 01:19:28,251788907.66742733
2025-01-01 01:19:29,254104866.21051314
2025-01-01 01:19:30,249817157.19467685
2025-01-01 01:19:31,250762746.2209057
2025-01-01 01:19:32,252257470.20355356
2025-01-01 01:19:33,254780421.525571
2025-01-01 01:19:34,252148102.82165125
2025-01-01 01:19:35,252998917.01077378
2025-01-01 01:19:36,253445901.3765818
2025-01-01 01:19:37,249653006.86488444
2025-01-01 01:19:38,251670068.91171968
2025-01-01 01:19:39,253835563.32952595
2025-01-01 01:19:40,248084572.82976177
2025-01-01 01:19:41,244741479.58863705
2025-01-01 01:19:42,252471532.76759037
2025-01-01 01:19:43,249935411.63281953
2025-01-01 01:19:44,250597676.99209896
2025-01-01 01:19:45,250433713.68454608
2025-01-01 01:19:46,252988483.14098996
2025-01-01 01:19:47,247564621.19512072
2025-01-01 01:19:48,247684143.05899933
2025-01-01 01:19:49,246513101.79566553
2025-01-01 01:19:50,248033362.30227613
2025-01-01 01:19:51,251292024.15786496
2025-01-01 01:19:52,250731220.1865143
2025-01-01 01:19:53,244674396.2830187
2025-01-01 01:19:54,250209060.85730985
2025-01-01 01:19:55,250892542.74163523
2025-01-01 01:19:56,250532619.4896643
2025-01-01 01:19:57,252057656.61480653
2025-01-01 01:19:58,250040055.5427923
2025-01-01 01:19:59,245744042.92466807
2025-01-01 01:20:00,250254231.86165336
2025-01-01 01:20:01,248959047.03707492
2025-01-01 01:20:02,247490645.40174186
2025-01-01 01:20:03,250999975.79909906
2025-01-01 01:20:04,248075445.9337577
2025-01-01 01:20:05,249976520.70634195
2025-01-01 01:20:06,251389700.79021963
2025-01-01 01:20:07,254595366.16467538
2025-01-01 01:20:08,249409415.36457285
2025-01-01 01:20:09,253786922.06011602
2025-01-01 01:20:10,251603462.16031668
2025-01-01 01:20:11,250797278.3802843
2025-01-01 01:20:12,248761600.74533346
2025-01-01 01:20:13,250376830.96447107
2025-01-01 01:20:14,249104306.91655803
2025-01-01 01:20:15,247548144.60264242
2025-01-01 01:20:16,247848959.11623606
2025-01-01 01:20:17,246390193.6450693
2025-01-01 01:20:18,251391082.14417046
2025-01-01 01:20:19,249215397.63186955
2025-01-01 01:20:20,248155386.13099125
2025-01-01 01:20:21,247318136.24228835
2025-01-01 01:20:22,251040963.34044972
2025-01-01 01:20:23,248449249.57251805
2025-01-01 01:20:24,251891944.6954833
2025-01-01 01:20:25,250547325.88947263
2025-01-01 01:20:26,248725164.00654787
2025-01-01 01:20:27,253165623.25593078
2025-01-01 01:20:28,255790276.59112307
2025-01-01 01:20:29,254481898.312677
2025-01-01 01:20:30,257794336.73502082
2025-01-01 01:20:31,250502966.49288794
2025-01-01 01:20:32,253233500.2640948
2025-01-01 01:20:33,254497533.85835537
2025-01-01 01:20:34,254502933.1093565
2025-01-01 01:20:35,255437537.53564397
2025-01-01 01:20:36,256821494.99009028
2025-01-01 01:20:37,249683945.39788368
2025-01-01 01:20:38,248032209.1336575
2025-01-01 01:20:39,255375426.49628085
2025-01-01 01:20:40,250237934.8342638
2025-01-01 01:20:41,254054025.33716643
2025-01-01 01:20:42,246879341.51637727
2025-01-01 01:20:43,246760942.2555497
2025-01-01 01:20:44,245415320.38745663
2025-01-01 01:20:45,246065050.1272903
2025-01-01 01:20:46,247151594.60118958
2025-01-01 01:20:47,249959107.15116224
2025-01-01 01:20:48,249612319.60506484
2025-01-01 01:20:49,252049565.13386786
2025-01-01 01:20:50,247976640.31196746
2025-01-01 01:20:51,252776425.2559009
2025-01-01 01:20:52,250319604.53495684
2025-01-01 01:20:53,252876714.07188463
2025-01-01 01:20:54,248455277.39417866
2025-01-01 01:20:55,253325163.26198584
2025-01-01 01:20:56,247808148.77348894
2025-01-01 01:20:57,252246887.47978416
2025-01-01 01:20:58,245877952.55228412
2025-01-01 01:20:59,249930215.90169245
2025-01-01 01:21:00,247213288.44912386
2025-01-01 01:21:01,252253273.8643531
2025-01-01 01:21:02,251865764.42362458
2025-01-01 01:21:03,253426894.2103954
2025-01-01 01:21:04,247242217.54367682
2025-01-01 01:21:05,249520952.8066207
2025-01-01 01:21:06,250930089.07901368
2025-01-01 01:21:07,249379619.72377798
2025-01-01 01:21:08,245719214.8026488
2025-01-01 01:21:09,250622158.09022927
2025-01-01 01:21:10,254157839.88569728
2025-01-01 01:21:11,250512909.66967463
2025-01-01 01:21:12,251868419.55054116
2025-01-01 01:21:13,247002592.83536616
2025-01-01 01:21:14,252074049.20613045
2025-01-01 01:21:15,252150714.49421793
2025-01-01 01:21:16,252096001.54880264
2025-01-01 01:21:17,256583180.4586742
2025-01-01 01:21:18,252184461.54269624
2025-01-01 01:21:19,247783138.9736084
2025-01-01 01:21:20,250147649.88447315
2025-01-01 01:21:21,248914607.7715459
2025-01-01 01:21:22,247516337.9784235
2025-01-01 01:21:23,250534289.31463894
2025-01-01 01:21:24,250578211.5300135
2025-01-01 01:21:25,244905084.76829383
2025-01-01 01:21:26,251996935.6892607
2025-01-01 01:21:27,250926331.35087273
2025-01-01 01:21:28,250408761.39213106
2025-01-01 01:21:29,250950370.6321466
2025-01-01 01:21:30,250244825.79248887
2025-01-01 01:21:31,246830005.84261936
2025-01-01 01:21:32,247188663.0409481
2025-01-01 01:21:33,243644756.78578857
2025-01-01 01:21:34,249146944.23594755
2025-01-01 01:21:35,249064861.31892598
2025-01-01 01:21:36,252610247.51790047
2025-01-01 01:21:37,246553073.96360785
2025-01-01 01:21:38,248158491.744357
2025-01-01 01:21:39,246046231.15024516
2025-01-01 01:21:40,250340727.18675724
2025-01-01 01:21:41,252408865.4045936
2025-01-01 01:21:42,246378759.94532806
2025-01-01 01:21:43,249984549.2424074
2025-01-01 01:21:44,251360224.10476288
2025-01-01 01:21:45,246921354.69214556
2025-01-01 01:21:46,251243073.58354145
2025-01-01 01:21:47,243880811.77210096
2025-01-01 01:21:48,249631459.65865716
2025-01-01 01:21:49,249456240.42687812
2025-01-01 01:21:50,252557252.8586008
2025-01-01 01:21:51,250731877.08038676
2025-01-01 01:21:52,250584404.9407988
2025-01-01 01:21:53,253992621.94854054
2025-01-01 01:21:54,250908598.64682353
2025-01-01 01:21:55,250919863.09086132
2025-01-01 01:21:56,251926943.72672123
2025-01-01 01:21:57,248198483.47660264
2025-01-01 01:21:58,247918517.1640038
2025-01-01 01:21:59,246283052.84754696
2025-01-01 01:22:00,248061478.2871662
2025-01-01 01:22:01,245768141.4453482
2025-01-01 01:22:02,248368291.17534125
2025-01-01 01:22:03,251719056.43971512
2025-01-01 01:22:04,249921318.20382565
2025-01-01 01:22:05,244464699.4045652
2025-01-01 01:22:06,248455773.5953358
2025-01-01 01:22:07,243123681.87582707
2025-01-01 01:22:08,248829625.0119438
2025-01-01 01:22:09,243425636.70529762
2025-01-01 01:22:10,245528704.61111706
2025-01-01 01:22:11,248972402.9926574
2025-01-01 01:22:12,250014264.16139203
2025-01-01 01:22:13,248667925.25290203
2025-01-01 01:22:14,252341021.44099233
2025-01-01 01:22:15,250973529.4455586
2025-01-01 01:22:16,252533187.78390893
2025-01-01 01:22:17,253395768.15966484
2025-01-01 01:22:18,252426086.65950957
2025-01-01 01:22:19,249404639.58394957
2025-01-01 01:22:20,251559157.2426447
2025-01-01 01:22:21,255099889.95425466
2025-01-01 01:22:22,250852111.21389785
2025-01-01 01:22:23,252419604.77040994
2025-01-01 01:22:24,250353044.70476967
2025-01-01 01:22:25,250714827.52531755
2025-01-01 01:22:26,256701021.180319
2025-01-01 01:22:27,257857629.19973966
2025-01-01 01:22:28,252905126.6340366
2025-01-01 01:22:29,252297836.06278852
2025-01-01 01:22:30,246890868.49920204
2025-01-01 01:22:31,250732875.76829624
2025-01-01 01:22:32,251676166.9492571
2025-01-01 01:22:33,256176925.74586907
2025-01-01 01:22:34,252498506.8665519
2025-01-01 01:22:35,247726335.9975641
2025-01-01 01:22:36,252269614.381913
2025-01-01 01:22:37,252542486.10471678
2025-01-01 01:22:38,250193421.97284913
2025-01-01 01:22:39,249388175.84204662
2025-01-01 01:22:40,254450703.96914616
2025-01-01 01:22:41,252143907.7200721
2025-01-01 01:22:42,248318170.32333675
2025-01-01 01:22:43,254155492.4476941
2025-01-01 01:22:44,253755100.5435671
2025-01-01 01:22:45,250094334.28537795
2025-01-01 01:22:46,249185449.19396573
2025-01-01 01:22:47,247886494.089591
2025-01-01 01:22:48,243670882.94065526
2025-01-01 01:22:49,248096864.49795753
2025-01-01 01:22:50,249983495.2919755
2025-01-01 01:22:51,252375678.8920009
2025-01-01 01:22:52,252199175.12546727
2025-01-01 01:22:53,248447421.45058626
2025-01-01 01:22:54,250790047.15928385
2025-01-01 01:22:55,252737050.27522373
2025-01-01 01:22:56,248615057.3853629
2025-01-01 01:22:57,244941455.84885702
2025-01-01 01:22:58,247960046.7747232
2025-01-01 01:22:59,248485304.3585099
2025-01-01 01:23:00,247801328.6091218
2025-01-01 01:23:01,246917296.84647635
2025-01-01 01:23:02,249556367.35897407
2025-01-01 01:23:03,249239553.06254992
2025-01-01 01:23:04,253198622.81235963
2025-01-01 01:23:05,248262046.78846171
2025-01-01 01:23:06,249876542.1591097
2025-01-01 01:23:07,250365693.39112613
2025-01-01 01:23:08,250250993.92180344
2025-01-01 01:23:09,254932588.00805962
2025-01-01 01:23:10,252124400.10677165
2025-01-01 01:23:11,252259161.63130388
2025-01-01 01:23:12,248973425.23688713
2025-01-01 01:23:13,246524183.06299478
2025-01-01 01:23:14,248290280.09418106
2025-01-01 01:23:15,250567109.27070343
2025-01-01 01:23:16,248371909.86120912
2025-01-01 01:23:17,248552274.70147383
2025-01-01 01:23:18,248986604.00119933
2025-01-01 01:23:19,250684428.76917288
2025-01-01 01:23:20,250405161.23329416
2025-01-01 01:23:21,250664565.17313054
2025-01-01 01:23:22,247931552.1516455
2025-01-01 01:23:23,247092631.09116274
2025-01-01 01:23:24,252337310.8273463
2025-01-01 01:23:25,250186153.00545117
2025-01-01 01:23:26,246416591.73285007
2025-01-01 01:23:27,248886215.57991064
2025-01-01 01:23:28,249397768.21809572
2025-01-01 01:23:29,252084837.80170172
2025-01-01 01:23:30,244137561.8696702
2025-01-01 01:23:31,246135419.88603628
2025-01-01 01:23:32,248842028.97204158
2025-01-01 01:23:33,251383776.24744043
2025-01-01 01:23:34,250958578.1458345
2025-01-01 01:23:35,250494577.4656717
2025-01-01 01:23:36,252422772.91502616
2025-01-01 01:23:37,255353617.3767943
2025-01-01 01:23:38,248114587.015305
2025-01-01 01:23:39,250897164.77641377
2025-01-01 01:23:40,250567574.67391345
2025-01-01 01:23:41,248265546.1648037
2025-01-01 01:23:42,246965753.22678018
2025-01-01 01:23:43,246318961.18070564
2025-01-01 01:23:44,250073404.82791278
2025-01-01 01:23:45,247771256.42990267
2025-01-01 01:23:46,246987868.63447458
2025-01-01 01:23:47,244936158.021751
2025-01-01 01:23:48,249794383.16191953
2025-01-01 01:23:49,256542797.6413239
2025-01-01 01:23:50,253469412.95886153
2025-01-01 01:23:51,251796489.32066265
2025-01-01 01:23:52,253153994.6674984
2025-01-01 01:23:53,248992310.12664768
2025-01-01 01:23:54,253211614.00079474
2025-01-01 01:23:55,246290444.35371998
2025-01-01 01:23:56,249294864.01017222
2025-01-01 01:23:57,247225191.6137302
2025-01-01 01:23:58,248943363.749152
2025-01-01 01:23:59,247677617.90631902
2025-01-01 01:24:00,247777451.054234
2025-01-01 01:24:01,248632190.3171829
2025-01-01 01:24:02,252420081.2685658
2025-01-01 01:24:03,248100080.55545494
2025-01-01 01:24:04,249935805.33270323
2025-01-01 01:24:05,244918720.8691974
2025-01-01 01:24:06,246446257.35866612
2025-01-01 01:24:07,242348872.66927946
2025-01-01 01:24:08,254409667.2462374
2025-01-01 01:24:09,252013490.3819153
2025-01-01 01:24:10,252629839.25614116
2025-01-01 01:24:11,249593590.62580642
2025-01-01 01:24:12,251506348.46087724
2025-01-01 01:24:13,249416483.34987986
2025-01-01 01:24:14,253241686.3204253
2025-01-01 01:24:15,253903348.76203543
2025-01-01 01:24:16,248051430.7944286
2025-01-01 01:24:17,248436995.7762201
2025-01-01 01:24:18,244766722.8986502
2025-01-01 01:24:19,250628019.76674473
2025-01-01 01:24:20,249934825.0949488
2025-01-01 01:24:21,248594181.98662934
2025-01-01 01:24:22,249494038.47384837
2025-01-01 01:24:23,252353094.21224245
2025-01-01 01:24:24,248785996.5538455
2025-01-01 01:24:25,252144150.02584246
2025-01-01 01:24:26,254842769.06787544
2025-01-01 01:24:27,251842247.42820153
2025-01-01 01:24:28,250496213.53175008
2025-01-01 01:24:29,254305978.37122515
2025-01-01 01:24:30,251524506.97187942
2025-01-01 01:24:31,253277063.9228247
2025-01-01 01:24:32,253055690.29852268
2025-01-01 01:24:33,254622680.42245886
2025-01-01 01:24:34,251705993.35346925
2025-01-01 01:24:35,251138048.47501433
2025-01-01 01:24:36,248254319.6426459
2025-01-01 01:24:37,253607863.9617399
2025-01-01 01:24:38,247721095.32945433
2025-01-01 01:24:39,253188501.6065735
2025-01-01 01:24:40,247386038.09970665
2025-01-01 01:24:41,247063261.19761887
2025-01-01 01:24:42,248970003.37705868
2025-01-01 01:24:43,249904745.396454
2025-01-01 01:24:44,251901336.0735162
2025-01-01 01:24:45,253298988.60459253
2025-01-01 01:24:46,251828416.235262
2025-01-01 01:24:47,249164795.43294463
2025-01-01 01:24:48,252466229.74675664
2025-01-01 01:24:49,246223016.58995003
2025-01-01 01:24:50,246952533.11535272
2025-01-01 01:24:51,249831683.98100498
2025-01-01 01:24:52,246973634.2455617
2025-01-01 01:24:53,248792057.12750718
2025-01-01 01:24:54,242221427.14547044
2025-01-01 01:24:55,246454110.83718047
2025-01-01 01:24:56,249864903.42880735
2025-01-01 01:24:57,247873328.86532658
2025-01-01 01:24:58,247776317.18709016
2025-01-01 01:24:59,251491265.19836318
2025-01-01 01:25:00,250378545.80812746
2025-01-01 01:25:01,251941466.4506212
2025-01-01 01:25:02,252167725.0900202
2025-01-01 01:25:03,252140263.51625216
2025-01-01 01:25:04,250195883.33683258
2025-01-01 01:25:05,252253637.05861673
2025-01-01 01:25:06,251066467.24627626
2025-01-01 01:25:07,249247213.858077
2025-01-01 01:25:08,245019729.2101757
2025-01-01 01:25:09,251683152.54446405
2025-01-01 01:25:10,252989526.8635728
2025-01-01 01:25:11,249030949.56998667
2025-01-01 01:25:12,246735066.36674392
2025-01-01 01:25:13,246274374.60675356
2025-01-01 01:25:14,248541380.5534208
2025-01-01 01:25:15,251108407.18536747
2025-01-01 01:25:16,250770768.9449462
2025-01-01 01:25:17,250026717.12113532
2025-01-01 01:25:18,253987717.75507793
2025-01-01 01:25:19,254738812.57111588
2025-01-01 01:25:20,256048734.65447053
2025-01-01 01:25:21,252732391.9554974
2025-01-01 01:25:22,247403382.35912442
2025-01-01 01:25:23,247894622.37890622
2025-01-01 01:25:24,252502192.22091073
2025-01-01 01:25:25,255778733.90792137
2025-01-01 01:25:26,251951003.22254893
2025-01-01 01:25:27,254517030.28856993
2025-01-01 01:25:28,253382247.18397215
2025-01-01 01:25:29,252443773.65644777
2025-01-01 01:25:30,248765177.6114726
2025-01-01 01:25:31,249825657.18513888
2025-01-01 01:25:32,247016900.6873748
2025-01-01 01:25:33,250227805.02752903
2025-01-01 01:25:34,246996821.71464065
2025-01-01 01:25:35,250770675.48373
2025-01-01 01:25:36,249175132.953912
2025-01-01 01:25:37,251761076.34324488
2025-01-01 01:25:38,247121813.62860975
2025-01-01 01:25:39,247527563.23347968
2025-01-01 01:25:40,244559028.2364201
2025-01-01 01:25:41,245030557.274089
2025-01-01 01:25:42,251947900.81652355
2025-01-01 01:25:43,250719846.8596107
2025-01-01 01:25:44,248787250.61211026
2025-01-01 01:25:45,246420177.44619715
2025-01-01 01:25:46,247974135.83120486
2025-01-01 01:25:47,250244306.54496518
2025-01-01 01:25:48,246659779.27511904
2025-01-01 01:25:49,251511156.3569526
2025-01-01 01:25:50,246259601.1933938
2025-01-01 01:25:51,245739057.40197915
2025-01-01 01:25:52,248267223.64889428
2025-01-01 01:25:53,250317977.88005224
2025-01-01 01:25:54,249209499.8848297
2025-01-01 01:25:55,250799873.14333993
2025-01-01 01:25:56,248905797.02878496
2025-01-01 01:25:57,250206361.6918176
2025-01-01 01:25:58,246262464.49616882
2025-01-01 01:25:59,247693197.9072724
2025-01-01 01:26:00,250002539.83544007
2025-01-01 01:26:01,248311458.18254116
2025-01-01 01:26:02,248923094.15760884
2025-01-01 01:26:03,251410948.1763071
2025-01-01 01:26:04,250645893.54626423
2025-01-01 01:26:05,246354256.6211927
2025-01-01 01:26:06,250568161.77916336
2025-01-01 01:26:07,251845629.97366083
2025-01-01 01:26:08,248185896.08326966
2025-01-01 01:26:09,248856792.82017735
2025-01-01 01:26:10,245360538.69232184
2025-01-01 01:26:11,246989839.58092776
2025-01-01 01:26:12,250983505.63638997
2025-01-01 01:26:13,251684846.18287584
2025-01-01 01:26:14,246847851.34859884
2025-01-01 01:26:15,250760050.3702597
2025-01-01 01:26:16,250640323.69506186
2025-01-01 01:26:17,250291268.1952521
2025-01-01 01:26:18,250101300.20882207
2025-01-01 01:26:19,253025399.9690467
2025-01-01 01:26:20,251533110.9839253
2025-01-01 01:26:21,254020585.1927558
2025-01-01 01:26:22,250227885.35054496
2025-01-01 01:26:23,249263814.4173061
2025-01-01 01:26:24,243894252.03511655
2025-01-01 01:26:25,248408925.53872436
2025-01-01 01:26:26,253322541.92887557
2025-01-01 01:26:27,248326647.23414382
2025-01-01 01:26:28,247018685.55867895
2025-01-01 01:26:29,244694986.84600693
2025-01-01 01:26:30,248793338.08668253
2025-01-01 01:26:31,251903142.8548551
2025-01-01 01:26:32,247581874.5345059
2025-01-01 01:26:33,247857631.55559653
2025-01-01 01:26:34,250741004.42384678
2025-01-01 01:26:35,251329942.72995257
2025-01-01 01:26:36,246215180.10807267
2025-01-01 01:26:37,251097209.88808566
2025-01-01 01:26:38,250330976.40634698
2025-01-01 01:26:39,250464078.82121184
2025-01-01 01:26:40,249519994.78843755
2025-01-01 01:26:41,247275676.4905662
2025-01-01 01:26:42,250539782.75868848
2025-01-01 01:26:43,248335195.73440027
2025-01-01 01:26:44,252924371.55275455
2025-01-01 01:26:45,251822212.28002164
2025-01-01 01:26:46,250711400.07638404
2025-01-01 01:26:47,252586003.9868312
2025-01-01 01:26:48,248078596.39610705
2025-01-01 01:26:49,247871003.79180264
2025-01-01 01:26:50,249841238.16263673
2025-01-01 01:26:51,249278616.25002152
2025-01-01 01:26:52,251291929.486586
2025-01-01 01:26:53,250341834.33373982
2025-01-01 01:26:54,252164171.60615402
2025-01-01 01:26:55,253257611.54555312
2025-01-01 01:26:56,249363988.318064
2025-01-01 01:26:57,250321292.62339368
2025-01-01 01:26:58,250474301.0632328
2025-01-01 01:26:59,250274888.35286748
2025-01-01 01:27:00,256304493.81453037
2025-01-01 01:27:01,251927379.4851988
2025-01-01 01:27:02,251723091.26226082
2025-01-01 01:27:03,246410960.40972117
2025-01-01 01:27:04,248161036.58481553
2025-01-01 01:27:05,245515372.2353998
2025-01-01 01:27:06,248847941.04402772
2025-01-01 01:27:07,253599333.97527128
2025-01-01 01:27:08,250809421.65642136
2025-01-01 01:27:09,254125487.02967888
2025-01-01 01:27:10,249081184.01877618
2025-01-01 01:27:11,247672288.42833084
2025-01-01 01:27:12,247813785.89252383
2025-01-01 01:27:13,251596072.29813355
2025-01-01 01:27:14,253287229.05610174
2025-01-01 01:27:15,255963346.533812
2025-01-01 01:27:16,253960533.05962595
2025-01-01 01:27:17,252492093.26797336
2025-01-01 01:27:18,248286877.3315586
2025-01-01 01:27:19,249798777.6345217
2025-01-01 01:27:20,248558278.35593027
2025-01-01 01:27:21,252233537.91846693
2025-01-01 01:27:22,246182620.14089486
2025-01-01 01:27:23,245232200.1787161
2025-01-01 01:27:24,247778958.24344522
2025-01-01 01:27:25,249261608.8159257
2025-01-01 01:27:26,244192124.81815156
2025-01-01 01:27:27,248026531.3326063
2025-01-01 01:27:28,248427710.99619132
2025-01-01 01:27:29,250394270.1044425
2025-01-01 01:27:30,250040262.0833047
2025-01-01 01:27:31,248877372.6897116
2025-01-01 01:27:32,252321749.30047587
2025-01-01 01:27:33,251259751.48209637
2025-01-01 01:27:34,246938875.0830667
2025-01-01 01:27:35,249468936.1559449
2025-01-01 01:27:36,252981090.1682222
2025-01-01 01:27:37,257605542.62941605
2025-01-01 01:27:38,253992905.38825607
2025-01-01 01:27:39,256058319.51952767
2025-01-01 01:27:40,253535572.68110672
2025-01-01 01:27:41,251929562.42315722
2025-01-01 01:27:42,255336388.50470197
2025-01-01 01:27:43,253706336.45341513
2025-01-01 01:27:44,248776415.57923654
2025-01-01 01:27:45,251183997.73619512
2025-01-01 01:27:46,246498976.70690462
2025-01-01 01:27:47,252458438.04840752
2025-01-01 01:27:48,252796990.2614659
2025-01-01 01:27:49,249843119.9933466
2025-01-01 01:27:50,244105207.23652825
2025-01-01 01:27:51,246785295.46949267
2025-01-01 01:27:52,247312396.26094157
2025-01-01 01:27:53,252411668.43747032
2025-01-01 01:27:54,248981187.86338
2025-01-01 01:27:55,248592509.4443055
2025-01-01 01:27:56,245747970.07675353
2025-01-01 01:27:57,244247362.7905856
2025-01-01 01:27:58,247543831.6063173
2025-01-01 01:27:59,247305570.64877483
2025-01-01 01:28:00,245652858.69646323
2025-01-01 01:28:01,248728570.38410985
2025-01-01 01:28:02,250395966.6806786
2025-01-01 01:28:03,250408134.600003
2025-01-01 01:28:04,250550641.38021225
2025-01-01 01:28:05,250241246.86171854
2025-01-01 01:28:06,249954439.29057637
2025-01-01 01:28:07,248662641.95922303
2025-01-01 01:28:08,248396182.0649738
2025-01-01 01:28:09,248059222.05068055
2025-01-01 01:28:10,251180168.61431715
2025-01-01 01:28:11,254260076.27843136
2025-01-01 01:28:12,255719126.23632124
2025-01-01 01:28:13,249402882.75362128
2025-01-01 01:28:14,246985661.8752283
2025-01-01 01:28:15,250224655.3871164
2025-01-01 01:28:16,251543737.65771833
2025-01-01 01:28:17,248204031.16816396
2025-01-01 01:28:18,246664446.71653244
2025-01-01 01:28:19,249334960.0099509
2025-01-01 01:28:20,245303056.85015357
2025-01-01 01:28:21,249035791.12913576
2025-01-01 01:28:22,250430870.50030407
2025-01-01 01:28:23,251263756.25202036
2025-01-01 01:28:24,252335256.40624702
2025-01-01 01:28:25,248268323.49499455
2025-01-01 01:28:26,248502164.96740997
2025-01-01 01:28:27,253157370.5251476
2025-01-01 01:28:28,251496090.2914627
2025-01-01 01:28:29,249101965.18112662
2025-01-01 01:28:30,248817556.92275602
2025-01-01 01:28:31,252276038.08769983
2025-01-01 01:28:32,248673321.40284
2025-01-01 01:28:33,250761454.75377506
2025-01-01 01:28:34,249390371.69654784
2025-01-01 01:28:35,250233206.71673173
2025-01-01 01:28:36,249137144.02783352
2025-01-01 01:28:37,248473024.4847042
2025-01-01 01:28:38,250014985.7337501
2025-01-01 01:28:39,248644698.57502353
2025-01-01 01:28:40,246056766.58411267
2025-01-01 01:28:41,248388010.01815227
2025-01-01 01:28:42,247918103.6430291
2025-01-01 01:28:43,251900063.5940847
2025-01-01 01:28:44,250123737.22277427
2025-01-01 01:28:45,251983179.63689896
2025-01-01 01:28:46,251522181.58869165
2025-01-01 01:28:47,246811030.04626402
2025-01-01 01:28:48,244439207.5438209
2025-01-01 01:28:49,251924444.63628817
2025-01-01 01:28:50,248227272.93930438
2025-01-01 01:28:51,251693990.228413
2025-01-01 01:28:52,248095275.46512526
2025-01-01 01:28:53,248387766.0397293
2025-01-01 01:28:54,251258347.7028993
2025-01-01 01:28:55,251957096.0682895
2025-01-01 01:28:56,249895754.3099932
2025-01-01 01:28:57,250862684.28748825
2025-01-01 01:28:58,256581257.52639353
2025-01-01 01:28:59,251970367.7535308
2025-01-01 01:29:00,252664376.35853255
2025-01-01 01:29:01,252723704.06190476
2025-01-01 01:29:02,250901148.88771406
2025-01-01 01:29:03,246637811.97912157
2025-01-01 01:29:04,246662573.12363905
2025-01-01 01:29:05,249666701.7695454
2025-01-01 01:29:06,246769076.91651466
2025-01-01 01:29:07,246478042.675697
2025-01-01 01:29:08,246762724.29334038
2025-01-01 01:29:09,247013323.30711192
2025-01-01 01:29:10,247049921.13794288
2025-01-01 01:29:11,246210545.79475275
2025-01-01 01:29:12,246869392.94662443
2025-01-01 01:29:13,241995425.29008067
2025-01-01 01:29:14,245986866.09546074
2025-01-01 01:29:15,248730435.69333005
2025-01-01 01:29:16,246690938.83889946
2025-01-01 01:29:17,240853484.54993892
2025-01-01 01:29:18,244962972.4912438
2025-01-01 01:29:19,244472881.87280446
2025-01-01 01:29:20,248993326.41650563
2025-01-01 01:29:21,247482688.68581545
2025-01-01 01:29:22,248379322.77088112
2025-01-01 01:29:23,246201556.7702556
2025-01-01 01:29:24,247443767.2713393
2025-01-01 01:29:25,248561641.56182787
2025-01-01 01:29:26,250971367.7349755
2025-01-01 01:29:27,251666661.57370308
2025-01-01 01:29:28,249222980.40763506
2025-01-01 01:29:29,250052254.15006316
2025-01-01 01:29:30,248648425.86272424
2025-01-01 01:29:31,244149392.4383194
2025-01-01 01:29:32,244388493.68528098
2025-01-01 01:29:33,248057446.00309935
2025-01-01 01:29:34,248689876.56704393
2025-01-01 01:29:35,245461275.95416874
2025-01-01 01:29:36,249808820.4061687
2025-01-01 01:29:37,248364712.44332096
2025-01-01 01:29:38,251296806.7907859
2025-01-01 01:29:39,249950404.84261245
2025-01-01 01:29:40,250306872.58447778
2025-01-01 01:29:41,253186802.3101315
2025-01-01 01:29:42,248213212.66377527
2025-01-01 01:29:43,247385985.470567
2025-01-01 01:29:44,248779564.59206417
2025-01-01 01:29:45,249625121.96507668
2025-01-01 01:29:46,251661625.59399435
2025-01-01 01:29:47,253551990.49061868
2025-01-01 01:29:48,255037283.03691968
2025-01-01 01:29:49,253741918.33374697
2025-01-01 01:29:50,253550885.29882777
2025-01-01 01:29:51,251066639.83238742
2025-01-01 01:29:52,252523397.64843145
2025-01-01 01:29:53,252757621.088479
2025-01-01 01:29:54,251118102.66504836
2025-01-01 01:29:55,249130371.4124497
2025-01-01 01:29:56,250199454.51248622
2025-01-01 01:29:57,255049754.5788512
2025-01-01 01:29:58,255326330.49559718
2025-01-01 01:29:59,254619052.56643787
2025-01-01 01:30:00,248769728.86451858
2025-01-01 01:30:01,248654343.3627412
2025-01-01 01:30:02,250855627.38572025
2025-01-01 01:30:03,249529276.4911046
2025-01-01 01:30:04,247499006.7835606
2025-01-01 01:30:05,246119336.16075748
2025-01-01 01:30:06,248179592.70270786
2025-01-01 01:30:07,252950124.48631042
2025-01-01 01:30:08,255230696.39666027
2025-01-01 01:30:09,253452335.3736531
2025-01-01 01:30:10,248345819.15593752
2025-01-01 01:30:11,246079398.70726296
2025-01-01 01:30:12,253024721.1447404
2025-01-01 01:30:13,256407985.99291703
2025-01-01 01:30:14,255187905.68867734
2025-01-01 01:30:15,249099986.77029398
2025-01-01 01:30:16,250211578.53423846
2025-01-01 01:30:17,248837937.9488979
2025-01-01 01:30:18,248743594.48669928
2025-01-01 01:30:19,244588092.59989995
2025-01-01 01:30:20,247993077.26570442
2025-01-01 01:30:21,246553160.7790672
2025-01-01 01:30:22,248509678.0595777
2025-01-01 01:30:23,250864665.83370474
2025-01-01 01:30:24,248097024.49106953
2025-01-01 01:30:25,252021271.56514144
2025-01-01 01:30:26,249883191.92530343
2025-01-01 01:30:27,248282245.34638503
2025-01-01 01:30:28,247039609.75903374
2025-01-01 01:30:29,249061612.82922038
2025-01-01 01:30:30,254255069.09342766
2025-01-01 01:30:31,250388859.8429494
2025-01-01 01:30:32,252055576.19600222
2025-01-01 01:30:33,248948898.42292923
2025-01-01 01:30:34,246069854.6697813
2025-01-01 01:30:35,247117670.08719745
2025-01-01 01:30:36,246070696.78171957
2025-01-01 01:30:37,248888042.82248113
2025-01-01 01:30:38,251302436.92842215
2025-01-01 01:30:39,251251101.25775063
2025-01-01 01:30:40,254156501.91450095
2025-01-01 01:30:41,252777204.89692456
2025-01-01 01:30:42,253287244.25246036
2025-01-01 01:30:43,252829174.14681742
2025-01-01 01:30:44,247268099.54238978
2025-01-01 01:30:45,249092059.07543674
2025-01-01 01:30:46,252437326.80961874
2025-01-01 01:30:47,253906764.07809678
2025-01-01 01:30:48,247700770.8268593
2025-01-01 01:30:49,246029453.7041318
2025-01-01 01:30:50,249686844.1965944
2025-01-01 01:30:51,253938929.90437144
2025-01-01 01:30:52,249287678.96830323
2025-01-01 01:30:53,249272805.57495397
2025-01-01 01:30:54,246978783.8299253
2025-01-01 01:30:55,251959322.8988051
2025-01-01 01:30:56,252516335.83679542
2025-01-01 01:30:57,250457663.4257346
2025-01-01 01:30:58,252194210.5459102
2025-01-01 01:30:59,252155929.17529103
2025-01-01 01:31:00,254518932.94983894
2025-01-01 01:31:01,251241494.53319114
2025-01-01 01:31:02,249391308.50613764
2025-01-01 01:31:03,250988893.78350395
2025-01-01 01:31:04,246902339.32455522
2025-01-01 01:31:05,246736292.3553037
2025-01-01 01:31:06,247087220.75413153
2025-01-01 01:31:07,248852279.7891237
2025-01-01 01:31:08,248990190.33576405
2025-01-01 01:31:09,249029921.3564722
2025-01-01 01:31:10,249780120.4842972
2025-01-01 01:31:11,251200170.7086847
2025-01-01 01:31:12,252895283.10945752
2025-01-01 01:31:13,251142052.86338437
2025-01-01 01:31:14,248193611.77029988
2025-01-01 01:31:15,247875182.46506262
2025-01-01 01:31:16,251185468.34894097
2025-01-01 01:31:17,245038024.9627251
2025-01-01 01:31:18,246484716.57019672
2025-01-01 01:31:19,247696330.84520411
2025-01-01 01:31:20,247648967.2360558
2025-01-01 01:31:21,251529727.55921382
2025-01-01 01:31:22,249022831.96060306
2025-01-01 01:31:23,248026679.683152
2025-01-01 01:31:24,249721322.4651332
2025-01-01 01:31:25,248709989.88631254
2025-01-01 01:31:26,243592108.61678547
2025-01-01 01:31:27,249369104.3924946
2025-01-01 01:31:28,248540897.5008895
2025-01-01 01:31:29,250177325.46226215
2025-01-01 01:31:30,246387556.87915
2025-01-01 01:31:31,246593478.3901339
2025-01-01 01:31:32,244466289.62312752
2025-01-01 01:31:33,245379248.02354154
2025-01-01 01:31:34,246120221.07367194
2025-01-01 01:31:35,247099872.31859213
2025-01-01 01:31:36,251530019.60530764
2025-01-01 01:31:37,250115480.60981387
2025-01-01 01:31:38,248798682.7534478
2025-01-01 01:31:39,251755089.99333215
2025-01-01 01:31:40,245916033.08622962
2025-01-01 01:31:41,249401339.40984288
2025-01-01 01:31:42,252188584.46244302
2025-01-01 01:31:43,252838039.27226928
2025-01-01 01:31:44,252561086.50696206
2025-01-01 01:31:45,243477912.46362704
2025-01-01 01:31:46,249492378.7433745
2025-01-01 01:31:47,248895882.7531451
2025-01-01 01:31:48,248612026.03750917
2025-01-01 01:31:49,247538135.06204188
2025-01-01 01:31:50,255079570.52160874
2025-01-01 01:31:51,250793051.5435719
2025-01-01 01:31:52,246738539.00507855
2025-01-01 01:31:53,247336905.22825235
2025-01-01 01:31:54,244068946.340778
2025-01-01 01:31:55,248488513.9143198
2025-01-01 01:31:56,245755692.8666945
2025-01-01 01:31:57,247521881.67056558
2025-01-01 01:31:58,245969333.441074
2025-01-01 01:31:59,246379225.4105456
2025-01-01 01:32:00,244279495.87266448
2025-01-01 01:32:01,248224067.15958276
2025-01-01 01:32:02,249443041.34604955
2025-01-01 01:32:03,246701975.69386345
2025-01-01 01:32:04,249582176.42230737
2025-01-01 01:32:05,248813558.21545458
2025-01-01 01:32:06,253019538.74097762
2025-01-01 01:32:07,251654047.28596333
2025-01-01 01:32:08,257057378.41103473
2025-01-01 01:32:09,251001801.99605712
2025-01-01 01:32:10,252110851.33082905
2025-01-01 01:32:11,247140805.5069569
2025-01-01 01:32:12,252090367.57559353
2025-01-01 01:32:13,254994331.48349544
2025-01-01 01:32:14,253935131.13070822
2025-01-01 01:32:15,252039870.60006875
2025-01-01 01:32:16,250851929.41618425
2025-01-01 01:32:17,249520930.0484039
2025-01-01 01:32:18,251247381.47480184
2025-01-01 01:32:19,250721196.0264958
2025-01-01 01:32:20,253206068.84748212
2025-01-01 01:32:21,251129250.966208
2025-01-01 01:32:22,249167843.46720397
2025-01-01 01:32:23,246432938.3869417
2025-01-01 01:32:24,247192440.9969106
2025-01-01 01:32:25,251659272.34935498
2025-01-01 01:32:26,252641850.81080177
2025-01-01 01:32:27,249629226.90607774
2025-01-01 01:32:28,248770431.19099563
2025-01-01 01:32:29,253168626.8382955
2025-01-01 01:32:30,253315444.77562875
2025-01-01 01:32:31,253905472.16533378
2025-01-01 01:32:32,249224206.19432524
2025-01-01 01:32:33,249014825.62615457
2025-01-01 01:32:34,247718587.88119516
2025-01-01 01:32:35,248933271.6639037
2025-01-01 01:32:36,252668638.03817979
2025-01-01 01:32:37,253043430.42341223
2025-01-01 01:32:38,251663982.24613294
2025-01-01 01:32:39,253234817.16712013
2025-01-01 01:32:40,251032978.68140453
2025-01-01 01:32:41,251009450.64895314
2025-01-01 01:32:42,249998342.33946058
2025-01-01 01:32:43,248664882.4079557
2025-01-01 01:32:44,249775740.9863889
2025-01-01 01:32:45,252015998.47680426
2025-01-01 01:32:46,250952862.30692908
2025-01-01 01:32:47,252629533.3657372
2025-01-01 01:32:48,252466870.58760563
2025-01-01 01:32:49,249788279.18473053
2025-01-01 01:32:50,249736242.8465776
2025-01-01 01:32:51,250053556.42993164
2025-01-01 01:32:52,248295624.05585513
2025-01-01 01:32:53,254825172.10389596
2025-01-01 01:32:54,249440846.69392577
2025-01-01 01:32:55,247612399.84492114
2025-01-01 01:32:56,247471346.2614054
2025-01-01 01:32:57,250233823.17571577
2025-01-01 01:32:58,244443086.77932078
2025-01-01 01:32:59,247836798.1418396
2025-01-01 01:33:00,247812903.92074606
2025-01-01 01:33:01,245158436.82493415
2025-01-01 01:33:02,248723108.05168492
2025-01-01 01:33:03,250163311.952786
2025-01-01 01:33:04,248018995.27367005
2025-01-01 01:33:05,248446213.48271084
2025-01-01 01:33:06,252317514.14544487
2025-01-01 01:33:07,251133862.15312856
2025-01-01 01:33:08,250155917.53495845
2025-01-01 01:33:09,252328647.9971448
2025-01-01 01:33:10,253896021.54243493
2025-01-01 01:33:11,253173131.97430122
2025-01-01 01:33:12,252158225.25172278
2025-01-01 01:33:13,248930468.63552353
2025-01-01 01:33:14,248929261.7136507
2025-01-01 01:33:15,249081208.38120157
2025-01-01 01:33:16,250299566.64065412
2025-01-01 01:33:17,250416476.86169198
2025-01-01 01:33:18,254574152.7316677
2025-01-01 01:33:19,256911880.7358127
2025-01-01 01:33:20,256945770.254988
2025-01-01 01:33:21,250619861.14176217
2025-01-01 01:33:22,250373811.07032433
2025-01-01 01:33:23,250976095.95896482
2025-01-01 01:33:24,251944434.8066918
2025-01-01 01:33:25,249584201.82750252
2025-01-01 01:33:26,246466544.21725088
2025-01-01 01:33:27,249178367.4601693
2025-01-01 01:33:28,250512160.61936793
2025-01-01 01:33:29,252729223.9839162
2025-01-01 01:33:30,251931400.2332021
2025-01-01 01:33:31,248624376.65232208
2025-01-01 01:33:32,245262453.56576145
2025-01-01 01:33:33,247260301.17025948
2025-01-01 01:33:34,248309043.8819754
2025-01-01 01:33:35,247753205.26407996
2025-01-01 01:33:36,253798244.02802932
2025-01-01 01:33:37,251013782.15453678
2025-01-01 01:33:38,249533975.99577692
2025-01-01 01:33:39,251062889.42080665
2025-01-01 01:33:40,249596468.36961475
2025-01-01 01:33:41,248516387.0536553
2025-01-01 01:33:42,248431360.86219692
2025-01-01 01:33:43,247577426.78444356
2025-01-01 01:33:44,251018530.32754114
2025-01-01 01:33:45,250132160.34524065
2025-01-01 01:33:46,246174624.9125972
2025-01-01 01:33:47,248272827.54022235
2025-01-01 01:33:48,245877925.31972173
2025-01-01 01:33:49,244545339.6676785
2025-01-01 01:33:50,241810336.41274735
2025-01-01 01:33:51,248118067.34347373
2025-01-01 01:33:52,248297837.8346861
2025-01-01 01:33:53,247633621.85936877
2025-01-01 01:33:54,241453298.15355217
2025-01-01 01:33:55,243520655.99056187
2025-01-01 01:33:56,245059693.2924018
2025-01-01 01:33:57,243638042.9323108
2025-01-01 01:33:58,242491917.20972157
2025-01-01 01:33:59,247666441.49822515
2025-01-01 01:34:00,249347493.91631794
2025-01-01 01:34:01,249951769.18364722
2025-01-01 01:34:02,245657219.3671873
2025-01-01 01:34:03,245119596.68885902
2025-01-01 01:34:04,249759832.47455588
2025-01-01 01:34:05,244474257.16808993
2025-01-01 01:34:06,242933848.2032608
2025-01-01 01:34:07,246871075.76485324
2025-01-01 01:34:08,249635005.4328932
2025-01-01 01:34:09,245453976.7311335
2025-01-01 01:34:10,249161280.75804317
2025-01-01 01:34:11,243704344.33602804
2025-01-01 01:34:12,243468535.22563106
2025-01-01 01:34:13,244530541.84174743
2025-01-01 01:34:14,249103395.44014186
2025-01-01 01:34:15,244489385.35667366
2025-01-01 01:34:16,245906248.05238894
2025-01-01 01:34:17,242039547.12496033
2025-01-01 01:34:18,243794640.70922858
2025-01-01 01:34:19,244179655.17406538
2025-01-01 01:34:20,251714516.91775382
2025-01-01 01:34:21,252239576.18904477
2025-01-01 01:34:22,247395452.43793237
2025-01-01 01:34:23,248986298.8601808
2025-01-01 01:34:24,247650857.509464
2025-01-01 01:34:25,249934872.66882038
2025-01-01 01:34:26,252622726.51659623
2025-01-01 01:34:27,251239234.3424144
2025-01-01 01:34:28,249937361.96787632
2025-01-01 01:34:29,249738467.23871884
2025-01-01 01:34:30,246892539.99573794
2025-01-01 01:34:31,249622408.23730552
2025-01-01 01:34:32,250056956.4911966
2025-01-01 01:34:33,245189307.19887248
2025-01-01 01:34:34,246980552.6951377
2025-01-01 01:34:35,244811861.53393084
2025-01-01 01:34:36,247724896.5182953
2025-01-01 01:34:37,248099195.22405198
2025-01-01 01:34:38,245468067.35138398
2025-01-01 01:34:39,247374890.1269755
2025-01-01 01:34:40,244906672.1639847
2025-01-01 01:34:41,248730583.4059598
2025-01-01 01:34:42,248997133.44773135
2025-01-01 01:34:43,247169878.3565853
2025-01-01 01:34:44,249147372.04757512
2025-01-01 01:34:45,250605700.5882467
2025-01-01 01:34:46,251289821.6973117
2025-01-01 01:34:47,248715306.70558605
2025-01-01 01:34:48,249731646.9748539
2025-01-01 01:34:49,251412230.64849693
2025-01-01 01:34:50,253233591.73917744
2025-01-01 01:34:51,250113939.68172616
2025-01-01 01:34:52,252666682.2279767
2025-01-01 01:34:53,246575340.27012116
2025-01-01 01:34:54,248274553.48286822
2025-01-01 01:34:55,251770819.64792615
2025-01-01 01:34:56,254061629.7804945
2025-01-01 01:34:57,253502279.0466046
2025-01-01 01:34:58,252898498.66762507
2025-01-01 01:34:59,254744562.55046698
2025-01-01 01:35:00,253133377.65108553
2025-01-01 01:35:01,246569051.2144638
2025-01-01 01:35:02,251529199.50310388
2025-01-01 01:35:03,250487469.86069638
2025-01-01 01:35:04,249443318.68094197
2025-01-01 01:35:05,248113130.43215796
2025-01-01 01:35:06,252126711.1103725
2025-01-01 01:35:07,250873341.10056055
2025-01-01 01:35:08,247910711.89872128
2025-01-01 01:35:09,245120664.7111776
2025-01-01 01:35:10,243711588.2431017
2025-01-01 01:35:11,246979948.24511352
2025-01-01 01:35:12,240017786.1844977
2025-01-01 01:35:13,244012172.1630776
2025-01-01 01:35:14,247180347.6004716
2025-01-01 01:35:15,247523309.5673866
2025-01-01 01:35:16,246946729.42324632
2025-01-01 01:35:17,243057522.47767305
2025-01-01 01:35:18,251327501.1077858
2025-01-01 01:35:19,251642415.773018
2025-01-01 01:35:20,250379246.47866294
2025-01-01 01:35:21,248369471.59926602
2025-01-01 01:35:22,249164811.74006912
2025-01-01 01:35:23,245342416.6287532
2025-01-01 01:35:24,245899625.05093354
2025-01-01 01:35:25,250848280.16477787
2025-01-01 01:35:26,250744803.07536304
2025-01-01 01:35:27,246381290.98674563
2025-01-01 01:35:28,250752981.68610606
2025-01-01 01:35:29,246203821.33010116
2025-01-01 01:35:30,248230234.52962208
2025-01-01 01:35:31,252270219.3105997
2025-01-01 01:35:32,249130780.734954
2025-01-01 01:35:33,246558164.95504314
2025-01-01 01:35:34,251308002.71183398
2025-01-01 01:35:35,251326693.12621328
2025-01-01 01:35:36,249623355.83138976
2025-01-01 01:35:37,250081620.44425172
2025-01-01 01:35:38,249030771.0651068
2025-01-01 01:35:39,248955180.86876747
2025-01-01 01:35:40,249380977.46028143
2025-01-01 01:35:41,248661918.8263885
2025-01-01 01:35:42,246725351.58634493
2025-01-01 01:35:43,248603428.86871332
2025-01-01 01:35:44,251471394.2991575
2025-01-01 01:35:45,250981118.78503367
2025-01-01 01:35:46,253026231.15228015
2025-01-01 01:35:47,251029195.87383986
2025-01-01 01:35:48,250431218.98305163
2025-01-01 01:35:49,251954132.288658
2025-01-01 01:35:50,249630133.1820705
2025-01-01 01:35:51,247301271.5941495
2025-01-01 01:35:52,247755191.3925954
2025-01-01 01:35:53,250189086.03319415
2025-01-01 01:35:54,248702232.08263725
2025-01-01 01:35:55,252765233.96988705
2025-01-01 01:35:56,250881387.1766579
2025-01-01 01:35:57,249969551.74066624
2025-01-01 01:35:58,250884029.26503477
2025-01-01 01:35:59,252326640.205094
2025-01-01 01:36:00,251371676.8906761
2025-01-01 01:36:01,252016703.13699287
2025-01-01 01:36:02,252161541.6956265
2025-01-01 01:36:03,252693542.06121805
2025-01-01 01:36:04,255611659.82287458
2025-01-01 01:36:05,255406213.71925136
2025-01-01 01:36:06,249550407.74343798
2025-01-01 01:36:07,251248515.68552276
2025-01-01 01:36:08,252039703.65078747
2025-01-01 01:36:09,251291797.40704238
2025-01-01 01:36:10,257540831.48593235
2025-01-01 01:36:11,255444002.97534683
2025-01-01 01:36:12,252839303.10160214
2025-01-01 01:36:13,255153351.62827888
2025-01-01 01:36:14,248123780.78386974
2025-01-01 01:36:15,248971726.39659858
2025-01-01 01:36:16,248638299.6677503
2025-01-01 01:36:17,250347327.2021356
2025-01-01 01:36:18,250973917.72470745
2025-01-01 01:36:19,252653772.1276809
2025-01-01 01:36:20,250769843.0175451
2025-01-01 01:36:21,250520849.3227583
2025-01-01 01:36:22,250333294.1689232
2025-01-01 01:36:23,253638506.03016907
2025-01-01 01:36:24,255282283.19318715
2025-01-01 01:36:25,253633637.44704747
2025-01-01 01:36:26,251042822.95025313
2025-01-01 01:36:27,253624967.0959296
2025-01-01 01:36:28,250198168.6659874
2025-01-01 01:36:29,250219121.58731902
2025-01-01 01:36:30,250524143.1275681
2025-01-01 01:36:31,246624391.11144885
2025-01-01 01:36:32,252318896.00910836
2025-01-01 01:36:33,249581132.74187964
2025-01-01 01:36:34,247898634.48897722
2025-01-01 01:36:35,252279708.66589022
2025-01-01 01:36:36,250818743.91247675
2025-01-01 01:36:37,248057943.28025877
2025-01-01 01:36:38,249678612.44880897
2025-01-01 01:36:39,244212228.40931204
2025-01-01 01:36:40,245629373.02605042
2025-01-01 01:36:41,246489633.45876563
2025-01-01 01:36:42,247435509.59445292
2025-01-01 01:36:43,245791465.1734718
2025-01-01 01:36:44,243880565.58959487
2025-01-01 01:36:45,248193564.92076713
2025-01-01 01:36:46,250186384.12051496
2025-01-01 01:36:47,247086408.8070348
2025-01-01 01:36:48,246022056.43214256
2025-01-01 01:36:49,245804671.7110965
2025-01-01 01:36:50,247844851.77461374
2025-01-01 01:36:51,246961616.04958525
2025-01-01 01:36:52,249398125.79512635
2025-01-01 01:36:53,250059359.04866782
2025-01-01 01:36:54,250035608.58631772
2025-01-01 01:36:55,246501102.02746418
2025-01-01 01:36:56,246097490.61121148
2025-01-01 01:36:57,247917601.17622015
2025-01-01 01:36:58,248730349.1040102
2025-01-01 01:36:59,249549858.0723779
2025-01-01 01:37:00,250260426.282729
2025-01-01 01:37:01,248981945.80714425
2025-01-01 01:37:02,251226935.41681656
2025-01-01 01:37:03,250906515.3354504
2025-01-01 01:37:04,251706276.6495874
2025-01-01 01:37:05,245374286.46466014
2025-01-01 01:37:06,248241891.94895098
2025-01-01 01:37:07,246482981.41737905
2025-01-01 01:37:08,248161126.79271463
2025-01-01 01:37:09,247842762.95331892
2025-01-01 01:37:10,247507699.35825157
2025-01-01 01:37:11,248049588.97434607
2025-01-01 01:37:12,250427368.65116784
2025-01-01 01:37:13,243490853.08599478
2025-01-01 01:37:14,248535839.51403743
2025-01-01 01:37:15,248753232.02754772
2025-01-01 01:37:16,249253871.24778444
2025-01-01 01:37:17,248753277.17303935
2025-01-01 01:37:18,251437498.78989273
2025-01-01 01:37:19,251674374.66572845
2025-01-01 01:37:20,254527561.08522227
2025-01-01 01:37:21,253146747.4731371
2025-01-01 01:37:22,248574526.63896856
2025-01-01 01:37:23,250630572.76394922
2025-01-01 01:37:24,247917968.26434258
2025-01-01 01:37:25,247563655.08604813
2025-01-01 01:37:26,250500322.37079722
2025-01-01 01:37:27,249321476.90260354
2025-01-01 01:37:28,253296119.77482456
2025-01-01 01:37:29,246831438.38105026
2025-01-01 01:37:30,247644104.94230378
2025-01-01 01:37:31,246607456.68999335
2025-01-01 01:37:32,247429094.56508914
2025-01-01 01:37:33,246049155.85056916
2025-01-01 01:37:34,246159473.14748427
2025-01-01 01:37:35,245248233.40277907
2025-01-01 01:37:36,251400203.74003962
2025-01-01 01:37:37,250698029.83258796
2025-01-01 01:37:38,250105363.18721098
2025-01-01 01:37:39,249496526.47111815
2025-01-01 01:37:40,247585668.9890825
2025-01-01 01:37:41,253687177.9678986
2025-01-01 01:37:42,248292222.6524852
2025-01-01 01:37:43,245562745.5375761
2025-01-01 01:37:44,251443476.1873845
2025-01-01 01:37:45,248659462.05020374
2025-01-01 01:37:46,249911631.1809139
2025-01-01 01:37:47,250067132.54868737
2025-01-01 01:37:48,247711459.96747965
2025-01-01 01:37:49,251103423.1214926
2025-01-01 01:37:50,251407211.11308357
2025-01-01 01:37:51,251377889.66093376
2025-01-01 01:37:52,250714035.28054088
2025-01-01 01:37:53,253524579.818868
2025-01-01 01:37:54,254800155.66232213
2025-01-01 01:37:55,254587369.35179332
2025-01-01 01:37:56,253770079.65923804
2025-01-01 01:37:57,254976248.91402757
2025-01-01 01:37:58,253652966.5979415
2025-01-01 01:37:59,249121396.60899812
2025-01-01 01:38:00,246701350.35339352
2025-01-01 01:38:01,249060801.45634496
2025-01-01 01:38:02,246641109.67220494
2025-01-01 01:38:03,244945837.96037295
2025-01-01 01:38:04,246852821.10452864
2025-01-01 01:38:05,248813023.10212687
2025-01-01 01:38:06,249192371.02870375
2025-01-01 01:38:07,246447685.1305535
2025-01-01 01:38:08,249977068.40277806
2025-01-01 01:38:09,251939923.49885777
2025-01-01 01:38:10,250449575.48304138
2025-01-01 01:38:11,247913281.16110253
2025-01-01 01:38:12,247966663.2695189
2025-01-01 01:38:13,247662298.88203543
2025-01-01 01:38:14,250951396.8202973
2025-01-01 01:38:15,253204297.17756996
2025-01-01 01:38:16,249686889.56119603
2025-01-01 01:38:17,250367436.39394262
2025-01-01 01:38:18,251270743.74582207
2025-01-01 01:38:19,252339692.31245375
2025-01-01 01:38:20,247849055.98276874
2025-01-01 01:38:21,249710994.90091002
2025-01-01 01:38:22,250043110.7367185
2025-01-01 01:38:23,248940035.65131608
2025-01-01 01:38:24,251279093.52005464
2025-01-01 01:38:25,250523438.23111185
2025-01-01 01:38:26,246979987.9036209
2025-01-01 01:38:27,249880505.39237702
2025-01-01 01:38:28,250394901.34130666
2025-01-01 01:38:29,246939208.64692792
2025-01-01 01:38:30,246100575.67653167
2025-01-01 01:38:31,246195751.4460273
2025-01-01 01:38:32,253782553.942915
2025-01-01 01:38:33,250858342.66951495
2025-01-01 01:38:34,244370879.32933718
2025-01-01 01:38:35,247056988.8563996
2025-01-01 01:38:36,248259330.98813128
2025-01-01 01:38:37,250739559.1952436
2025-01-01 01:38:38,248536538.1849606
2025-01-01 01:38:39,253403926.13897347
2025-01-01 01:38:40,251723051.76280499
2025-01-01 01:38:41,251556674.55984622
2025-01-01 01:38:42,254292831.8500326
2025-01-01 01:38:43,254390591.56021994
2025-01-01 01:38:44,252089413.2555777
2025-01-01 01:38:45,250501622.75785714
2025-01-01 01:38:46,254909613.06212285
2025-01-01 01:38:47,251759168.7061158
2025-01-01 01:38:48,248733241.87263644
2025-01-01 01:38:49,245542218.77081
2025-01-01 01:38:50,252128271.9189994
2025-01-01 01:38:51,253501377.71116623
2025-01-01 01:38:52,251588835.3198361
2025-01-01 01:38:53,250011601.263961
2025-01-01 01:38:54,250984872.52874476
2025-01-01 01:38:55,250291076.86060706
2025-01-01 01:38:56,250896294.13730654
2025-01-01 01:38:57,250262065.06298512
2025-01-01 01:38:58,249785924.6331018
2025-01-01 01:38:59,247738580.1495293
2025-01-01 01:39:00,245289545.10144284
2025-01-01 01:39:01,250165914.2408371
2025-01-01 01:39:02,246373269.1430805
2025-01-01 01:39:03,249667970.74675196
2025-01-01 01:39:04,252663523.84651053
2025-01-01 01:39:05,248707762.9704927
2025-01-01 01:39:06,248966651.1700052
2025-01-01 01:39:07,250914900.79283902
2025-01-01 01:39:08,247222493.1760693
2025-01-01 01:39:09,251510071.63541725
2025-01-01 01:39:10,246728788.6270724
2025-01-01 01:39:11,248810883.6047386
2025-01-01 01:39:12,251652003.90848804
2025-01-01 01:39:13,251152166.87568226
2025-01-01 01:39:14,249698935.35208577
2025-01-01 01:39:15,253393977.9370412
2025-01-01 01:39:16,252721396.584825
2025-01-01 01:39:17,251751758.66981953
2025-01-01 01:39:18,255401682.00576228
2025-01-01 01:39:19,253080599.48800838
2025-01-01 01:39:20,251194076.93758786
2025-01-01 01:39:21,247393552.94950566
2025-01-01 01:39:22,251672946.61250618
2025-01-01 01:39:23,247275174.50334108
2025-01-01 01:39:24,252875407.93476364
2025-01-01 01:39:25,248845030.32911652
2025-01-01 01:39:26,250836830.0949678
2025-01-01 01:39:27,252427118.2645798
2025-01-01 01:39:28,253108728.00163725
2025-01-01 01:39:29,249960695.1333244
2025-01-01 01:39:30,252111624.44215643
2025-01-01 01:39:31,252162283.89275056
2025-01-01 01:39:32,254096702.27354127
2025-01-01 01:39:33,250597913.24691468
2025-01-01 01:39:34,248810902.04504836
2025-01-01 01:39:35,250102475.79483894
2025-01-01 01:39:36,250202766.07176402
2025-01-01 01:39:37,256196076.87059307
2025-01-01 01:39:38,247937492.4358026
2025-01-01 01:39:39,250970908.7486608
2025-01-01 01:39:40,249595082.43138224
2025-01-01 01:39:41,248243944.81481522
2025-01-01 01:39:42,250231324.0344156
2025-01-01 01:39:43,248842216.76851758
2025-01-01 01:39:44,250757052.18705207
2025-01-01 01:39:45,252496975.2513143
2025-01-01 01:39:46,248539617.22460553
2025-01-01 01:39:47,250231732.54503036
2025-01-01 01:39:48,248766287.6175682
2025-01-01 01:39:49,249041655.09178892
2025-01-01 01:39:50,245398252.78568333
2025-01-01 01:39:51,251346185.7653356
2025-01-01 01:39:52,253551508.79986012
2025-01-01 01:39:53,247931282.3909886
2025-01-01 01:39:54,248216976.30043218
2025-01-01 01:39:55,251745781.37991557
2025-01-01 01:39:56,250130393.1742441
2025-01-01 01:39:57,249632313.2742391
2025-01-01 01:39:58,250548027.23683405
2025-01-01 01:39:59,247407413.9235645
2025-01-01 01:40:00,247006008.13978416
2025-01-01 01:40:01,248714164.8564939
2025-01-01 01:40:02,248909635.7817716
2025-01-01 01:40:03,249113792.19033188
2025-01-01 01:40:04,247216374.881119
2025-01-01 01:40:05,246832582.88412434
2025-01-01 01:40:06,246460331.86809838
2025-01-01 01:40:07,251729275.18543747
2025-01-01 01:40:08,245777506.66442353
2025-01-01 01:40:09,247279414.383469
2025-01-01 01:40:10,246854675.95759472
2025-01-01 01:40:11,245482363.29702467
2025-01-01 01:40:12,249492484.6217027
2025-01-01 01:40:13,250233416.0892233
2025-01-01 01:40:14,246363140.54569265
2025-01-01 01:40:15,246545419.72446713
2025-01-01 01:40:16,249428101.98085135
2025-01-01 01:40:17,248144773.81004146
2025-01-01 01:40:18,248426624.42290202
2025-01-01 01:40:19,248760917.2491375
2025-01-01 01:40:20,246099956.310838
2025-01-01 01:40:21,250638901.62626466
2025-01-01 01:40:22,249984213.79500723
2025-01-01 01:40:23,246443335.03738108
2025-01-01 01:40:24,248528089.1820048
2025-01-01 01:40:25,245952041.86227512
2025-01-01 01:40:26,251794002.46125898
2025-01-01 01:40:27,249852449.55979306
2025-01-01 01:40:28,251201283.7453758
2025-01-01 01:40:29,252039732.00026304
2025-01-01 01:40:30,245926232.0352145
2025-01-01 01:40:31,252709189.95054764
2025-01-01 01:40:32,249933491.61492097
2025-01-01 01:40:33,251286786.06785524
2025-01-01 01:40:34,251706450.60850257
2025-01-01 01:40:35,250164442.55020815
2025-01-01 01:40:36,248892603.86038676
2025-01-01 01:40:37,249296970.03116053
2025-01-01 01:40:38,249926224.06727242
2025-01-01 01:40:39,252560743.79101756
2025-01-01 01:40:40,248802924.44712722
2025-01-01 01:40:41,253404577.92347753
2025-01-01 01:40:42,253049683.27785173
2025-01-01 01:40:43,247155236.52214232
2025-01-01 01:40:44,250706492.80717224
2025-01-01 01:40:45,251378198.84917372
2025-01-01 01:40:46,254509122.37906504
2025-01-01 01:40:47,250520522.50438374
2025-01-01 01:40:48,251365272.22294626
2025-01-01 01:40:49,247529652.62381712
2025-01-01 01:40:50,247761097.6668484
2025-01-01 01:40:51,250615771.49132153
2025-01-01 01:40:52,249804350.31695923
2025-01-01 01:40:53,247618785.89963362
2025-01-01 01:40:54,247458870.4020507
2025-01-01 01:40:55,246709576.91440073
2025-01-01 01:40:56,246057563.3797298
2025-01-01 01:40:57,251339959.80263263
2025-01-01 01:40:58,251173885.1574073
2025-01-01 01:40:59,252409930.6209164
2025-01-01 01:41:00,250332435.5032646
2025-01-01 01:41:01,252818845.80895075
2025-01-01 01:41:02,250311235.38684642
2025-01-01 01:41:03,253016491.3216404
2025-01-01 01:41:04,251340853.12983006
2025-01-01 01:41:05,255197325.22575668
2025-01-01 01:41:06,250092175.9040357
2025-01-01 01:41:07,250871307.2556857
2025-01-01 01:41:08,250489928.42382723
2025-01-01 01:41:09,252456063.19709623
2025-01-01 01:41:10,250440611.37073368
2025-01-01 01:41:11,252765223.59326282
2025-01-01 01:41:12,252056347.78989044
2025-01-01 01:41:13,250531364.64902672
2025-01-01 01:41:14,249843502.81225306
2025-01-01 01:41:15,248958716.02415538
2025-01-01 01:41:16,246702447.98763815
2025-01-01 01:41:17,252097953.65703666
2025-01-01 01:41:18,245170077.11308542
2025-01-01 01:41:19,247479437.48144734
2025-01-01 01:41:20,249622016.84090087
2025-01-01 01:41:21,250365652.5401093
2025-01-01 01:41:22,247358057.10467046
2025-01-01 01:41:23,248925848.2172281
2025-01-01 01:41:24,250128474.96207815
2025-01-01 01:41:25,250232760.60080117
2025-01-01 01:41:26,255079935.95697552
2025-01-01 01:41:27,254055281.30649418
2025-01-01 01:41:28,252787946.02393374
2025-01-01 01:41:29,251797918.5241129
2025-01-01 01:41:30,254563219.5466187
2025-01-01 01:41:31,252063440.68490943
2025-01-01 01:41:32,251342312.2513659
2025-01-01 01:41:33,249449970.11442956
2025-01-01 01:41:34,248265766.09078074
2025-01-01 01:41:35,249451661.07823572
2025-01-01 01:41:36,247212232.03526643
2025-01-01 01:41:37,250149384.53493142
2025-01-01 01:41:38,248901851.603232
2025-01-01 01:41:39,243976722.51045242
2025-01-01 01:41:40,246714190.09464717
2025-01-01 01:41:41,248698570.1620979
2025-01-01 01:41:42,247303599.56009942
2025-01-01 01:41:43,247693965.37313423
2025-01-01 01:41:44,248669598.39843276
2025-01-01 01:41:45,248280832.98706043
2025-01-01 01:41:46,246768410.95355847
2025-01-01 01:41:47,248256836.53038412
2025-01-01 01:41:48,244643536.06357053
2025-01-01 01:41:49,244648483.6018908
2025-01-01 01:41:50,247557414.00361875
2025-01-01 01:41:51,243664574.153001
2025-01-01 01:41:52,244850793.63494697
2025-01-01 01:41:53,247118614.4821877
2025-01-01 01:41:54,250818003.80189633
2025-01-01 01:41:55,246655115.92347956
2025-01-01 01:41:56,244330807.87791914
2025-01-01 01:41:57,245802474.60280225
2025-01-01 01:41:58,251205755.41996187
2025-01-01 01:41:59,249737842.4115823
2025-01-01 01:42:00,247830688.26187992
2025-01-01 01:42:01,249202862.51523066
2025-01-01 01:42:02,245580298.9296617
2025-01-01 01:42:03,245741807.81661654
2025-01-01 01:42:04,249539278.716411
2025-01-01 01:42:05,246244538.99482432
2025-01-01 01:42:06,247564516.04161066
2025-01-01 01:42:07,246519405.4514832
2025-01-01 01:42:08,246435022.9080046
2025-01-01 01:42:09,241410427.04724258
2025-01-01 01:42:10,242799754.51393512
2025-01-01 01:42:11,250079163.90186346
2025-01-01 01:42:12,249876234.08832678
2025-01-01 01:42:13,246365257.25398314
2025-01-01 01:42:14,249394188.91198146
2025-01-01 01:42:15,253612544.3755136
2025-01-01 01:42:16,246448595.66101605
2025-01-01 01:42:17,244467042.42883244
2025-01-01 01:42:18,248855297.35826004
2025-01-01 01:42:19,249437029.2906351
2025-01-01 01:42:20,249940793.4645342
2025-01-01 01:42:21,249525987.05434683
2025-01-01 01:42:22,252592983.83520582
2025-01-01 01:42:23,251245025.17157635
2025-01-01 01:42:24,250281819.07890758
2025-01-01 01:42:25,247222145.73752627
2025-01-01 01:42:26,244727131.9949823
2025-01-01 01:42:27,248881239.36143073
2025-01-01 01:42:28,248860824.69687244
2025-01-01 01:42:29,246060007.4401382
2025-01-01 01:42:30,252198619.0314856
2025-01-01 01:42:31,246105545.58550483
2025-01-01 01:42:32,246533900.40213162
2025-01-01 01:42:33,243085554.44220656
2025-01-01 01:42:34,248493007.319772
2025-01-01 01:42:35,248458203.12831438
2025-01-01 01:42:36,247307175.07485315
2025-01-01 01:42:37,252032520.84561247
2025-01-01 01:42:38,248633160.83279824
2025-01-01 01:42:39,246217362.85601854
2025-01-01 01:42:40,247491914.66141838
2025-01-01 01:42:41,250358370.13290983
2025-01-01 01:42:42,245445855.83282605
2025-01-01 01:42:43,247146187.5267678
2025-01-01 01:42:44,250663606.32939905
2025-01-01 01:42:45,248508797.3827458
2025-01-01 01:42:46,250162749.60619557
2025-01-01 01:42:47,252408945.7533646
2025-01-01 01:42:48,249474183.04157692
2025-01-01 01:42:49,243968349.1238584
2025-01-01 01:42:50,245001761.60994396
2025-01-01 01:42:51,244623492.06929958
2025-01-01 01:42:52,249209843.66385436
2025-01-01 01:42:53,251596763.5924926
2025-01-01 01:42:54,254006696.23086378
2025-01-01 01:42:55,253224694.8258271
2025-01-01 01:42:56,251642674.1332498
2025-01-01 01:42:57,249971354.27895138
2025-01-01 01:42:58,251031628.4058681
2025-01-01 01:42:59,246428238.42729378
2025-01-01 01:43:00,242359649.31497347
2025-01-01 01:43:01,245743518.04527032
2025-01-01 01:43:02,248849498.80912063
2025-01-01 01:43:03,246902993.47903693
2025-01-01 01:43:04,241756943.71652207
2025-01-01 01:43:05,244655856.16706356
2025-01-01 01:43:06,247106999.94744483
2025-01-01 01:43:07,253325795.19698447
2025-01-01 01:43:08,245748305.3974547
2025-01-01 01:43:09,246621871.57475364
2025-01-01 01:43:10,247066222.81545243
2025-01-01 01:43:11,249406668.57296765
2025-01-01 01:43:12,248139034.65390557
2025-01-01 01:43:13,252410758.8821116
2025-01-01 01:43:14,249137862.18247333
2025-01-01 01:43:15,248674748.48086295
2025-01-01 01:43:16,251472265.31299385
2025-01-01 01:43:17,252024578.9422288
2025-01-01 01:43:18,251809347.52007943
2025-01-01 01:43:19,248856528.33700806
2025-01-01 01:43:20,245629617.29491964
2025-01-01 01:43:21,247822110.91410318
2025-01-01 01:43:22,246191609.51975846
2025-01-01 01:43:23,245982492.61556247
2025-01-01 01:43:24,248885500.88232568
2025-01-01 01:43:25,249353542.6099861
2025-01-01 01:43:26,249501960.75292844
2025-01-01 01:43:27,248963477.3279631
2025-01-01 01:43:28,247875499.1759024
2025-01-01 01:43:29,246631376.0574385
2025-01-01 01:43:30,245089876.99892804
2025-01-01 01:43:31,248684622.57460397
2025-01-01 01:43:32,248554701.59428933
2025-01-01 01:43:33,246250611.97116065
2025-01-01 01:43:34,244048170.81244892
2025-01-01 01:43:35,246719490.65149966
2025-01-01 01:43:36,248411384.62377965
2025-01-01 01:43:37,251416951.64006978
2025-01-01 01:43:38,252126670.36655238
2025-01-01 01:43:39,252886811.6079011
2025-01-01 01:43:40,248688933.14567685
2025-01-01 01:43:41,249503945.84281456
2025-01-01 01:43:42,250119885.7013942
2025-01-01 01:43:43,249036148.64365226
2025-01-01 01:43:44,249399721.72239503
2025-01-01 01:43:45,250809936.53310543
2025-01-01 01:43:46,251406548.86150604
2025-01-01 01:43:47,251264605.95001662
2025-01-01 01:43:48,245946891.42530388
2025-01-01 01:43:49,251209533.67829862
2025-01-01 01:43:50,247615740.807355
2025-01-01 01:43:51,248472088.4691078
2025-01-01 01:43:52,249193782.11960065
2025-01-01 01:43:53,248308882.2831014
2025-01-01 01:43:54,250409598.47272098
2025-01-01 01:43:55,245858553.55132207
2025-01-01 01:43:56,250895186.24707672
2025-01-01 01:43:57,251576722.8422901
2025-01-01 01:43:58,250879611.69268057
2025-01-01 01:43:59,251499584.66360933
2025-01-01 01:44:00,252472952.923732
2025-01-01 01:44:01,252248214.63730767
2025-01-01 01:44:02,255272245.11416897
2025-01-01 01:44:03,253235781.4571724
2025-01-01 01:44:04,252480908.37281597
2025-01-01 01:44:05,251284507.62499416
2025-01-01 01:44:06,252736079.7193669
2025-01-01 01:44:07,249996836.72930315
2025-01-01 01:44:08,256774615.35592374
2025-01-01 01:44:09,250687415.8190949
2025-01-01 01:44:10,252463538.262552
2025-01-01 01:44:11,248650653.39756438
2025-01-01 01:44:12,252561885.09988534
2025-01-01 01:44:13,249278752.67369744
2025-01-01 01:44:14,253058304.63890925
2025-01-01 01:44:15,254563597.0377798
2025-01-01 01:44:16,251852075.67189446
2025-01-01 01:44:17,250255835.30070162
2025-01-01 01:44:18,250183832.81866226
2025-01-01 01:44:19,248239712.52348837
2025-01-01 01:44:20,251158159.8911116
2025-01-01 01:44:21,244709485.32717738
2025-01-01 01:44:22,250728767.8532075
2025-01-01 01:44:23,251079850.76232216
2025-01-01 01:44:24,249785641.9693344
2025-01-01 01:44:25,247762637.73283792
2025-01-01 01:44:26,248862093.48635384
2025-01-01 01:44:27,249744198.1613174
2025-01-01 01:44:28,250962191.61695534
2025-01-01 01:44:29,247030071.15637866
2025-01-01 01:44:30,249410455.14546204
2025-01-01 01:44:31,247972511.4846151
2025-01-01 01:44:32,250377217.1897772
2025-01-01 01:44:33,255303576.72088575
2025-01-01 01:44:34,254668142.47263846
2025-01-01 01:44:35,255653247.4952346
2025-01-01 01:44:36,252917328.17118463
2025-01-01 01:44:37,252833887.17127582
2025-01-01 01:44:38,249398895.25943637
2025-01-01 01:44:39,244881863.21539524
2025-01-01 01:44:40,251059948.64520836
2025-01-01 01:44:41,250039044.8859298
2025-01-01 01:44:42,252000126.1894713
2025-01-01 01:44:43,248282123.81203958
2025-01-01 01:44:44,247677992.4406983
2025-01-01 01:44:45,244840795.01364794
2025-01-01 01:44:46,249665216.07286903
2025-01-01 01:44:47,246376467.2135576
2025-01-01 01:44:48,247263851.79455337
2025-01-01 01:44:49,249352546.86370263
2025-01-01 01:44:50,250286381.7385123
2025-01-01 01:44:51,250199107.0909544
2025-01-01 01:44:52,250806420.5975552
2025-01-01 01:44:53,253059106.97727814
2025-01-01 01:44:54,248875470.66307524
2025-01-01 01:44:55,248056793.58246562
2025-01-01 01:44:56,248163802.96306217
2025-01-01 01:44:57,249607413.48633564
2025-01-01 01:44:58,252439055.38645685
2025-01-01 01:44:59,251100243.52820075
2025-01-01 01:45:00,251317211.53635225
2025-01-01 01:45:01,250632759.1058689
2025-01-01 01:45:02,247921028.14705414
2025-01-01 01:45:03,247115951.45889807
2025-01-01 01:45:04,245503577.81803542
2025-01-01 01:45:05,245555344.3579256
2025-01-01 01:45:06,247582596.7024666
2025-01-01 01:45:07,251096565.37771115
2025-01-01 01:45:08,250928092.05406228
2025-01-01 01:45:09,251857366.35345894
2025-01-01 01:45:10,245901368.11783576
2025-01-01 01:45:11,245279692.89650264
2025-01-01 01:45:12,247085025.26189023
2025-01-01 01:45:13,250268603.98303506
2025-01-01 01:45:14,249711861.2444192
2025-01-01 01:45:15,245356252.7348149
2025-01-01 01:45:16,244895669.86867794
2025-01-01 01:45:17,246357522.22934297
2025-01-01 01:45:18,250395563.03240898
2025-01-01 01:45:19,246995151.87285307
2025-01-01 01:45:20,243704456.9048285
2025-01-01 01:45:21,251066055.94188386
2025-01-01 01:45:22,251976384.27360472
2025-01-01 01:45:23,252541256.4159542
2025-01-01 01:45:24,253838428.48775384
2025-01-01 01:45:25,251650837.76392204
2025-01-01 01:45:26,250570759.65970853
2025-01-01 01:45:27,250705646.16618595
2025-01-01 01:45:28,247865651.4280874
2025-01-01 01:45:29,247860406.30153456
2025-01-01 01:45:30,249238615.8543095
2025-01-01 01:45:31,252549437.89353183
2025-01-01 01:45:32,251923563.38445097
2025-01-01 01:45:33,249306987.23436764
2025-01-01 01:45:34,247355853.02332494
2025-01-01 01:45:35,249096678.6963527
2025-01-01 01:45:36,247841924.76511362
2025-01-01 01:45:37,249482940.59826732
2025-01-01 01:45:38,248322509.24874642
2025-01-01 01:45:39,247534136.35826293
2025-01-01 01:45:40,248516496.76449233
2025-01-01 01:45:41,250023434.58576524
2025-01-01 01:45:42,248951617.06470573
2025-01-01 01:45:43,247408787.41629785
2025-01-01 01:45:44,247127805.74266344
2025-01-01 01:45:45,250682465.4623297
2025-01-01 01:45:46,248256358.49824902
2025-01-01 01:45:47,248806030.6474172
2025-01-01 01:45:48,249857074.9642513
2025-01-01 01:45:49,248976597.57812288
2025-01-01 01:45:50,251592627.3826126
2025-01-01 01:45:51,249649228.33915898
2025-01-01 01:45:52,249845708.79436797
2025-01-01 01:45:53,250666185.5763223
2025-01-01 01:45:54,249933541.0498461
2025-01-01 01:45:55,250578347.7083087
2025-01-01 01:45:56,250810933.38849133
2025-01-01 01:45:57,247486743.91737494
2025-01-01 01:45:58,254471803.45497328
2025-01-01 01:45:59,251522614.75072283
2025-01-01 01:46:00,251220503.01049513
2025-01-01 01:46:01,246334721.2702538
2025-01-01 01:46:02,243464257.28152552
2025-01-01 01:46:03,244999968.57792485
2025-01-01 01:46:04,247229943.11593813
2025-01-01 01:46:05,247869012.13048896
2025-01-01 01:46:06,247015756.85146418
2025-01-01 01:46:07,248061780.84390375
2025-01-01 01:46:08,251809921.17452753
2025-01-01 01:46:09,250338507.64865655
2025-01-01 01:46:10,249401050.19238126
2025-01-01 01:46:11,247617785.275349
2025-01-01 01:46:12,248015645.11269772
2025-01-01 01:46:13,252596218.420068
2025-01-01 01:46:14,246492441.602335
2025-01-01 01:46:15,247528566.784159
2025-01-01 01:46:16,251225290.48434082
2025-01-01 01:46:17,248739808.05469
2025-01-01 01:46:18,248520151.25704655
2025-01-01 01:46:19,248849530.42637518
2025-01-01 01:46:20,246577817.36396465
2025-01-01 01:46:21,253425583.15246788
2025-01-01 01:46:22,252403782.60573196
2025-01-01 01:46:23,250958856.9549005
2025-01-01 01:46:24,253133860.1951511
2025-01-01 01:46:25,251573772.52616516
2025-01-01 01:46:26,252911782.53752786
2025-01-01 01:46:27,250956734.3883309
2025-01-01 01:46:28,249394917.31781435
2025-01-01 01:46:29,250728852.1750461
2025-01-01 01:46:30,249790819.79126477
2025-01-01 01:46:31,247872078.3364761
2025-01-01 01:46:32,247469591.481321
2025-01-01 01:46:33,245944653.13868567
2025-01-01 01:46:34,244786130.6235254
2025-01-01 01:46:35,243862627.04734054
2025-01-01 01:46:36,240603373.39002216
2025-01-01 01:46:37,244958530.24206373
2025-01-01 01:46:38,248662275.82580632
2025-01-01 01:46:39,248114444.8290088
2025-01-01 01:46:40,246769838.7998362
2025-01-01 01:46:41,249237426.15787613
2025-01-01 01:46:42,250186670.95890668
2025-01-01 01:46:43,245721361.44885918
2025-01-01 01:46:44,247586037.78216457
2025-01-01 01:46:45,253276704.06907144
2025-01-01 01:46:46,246305649.38885617
2025-01-01 01:46:47,245741886.2692839
2025-01-01 01:46:48,248067663.57262677
2025-01-01 01:46:49,245134585.47926074
2025-01-01 01:46:50,243154048.7372049
2025-01-01 01:46:51,244390266.71847478
2025-01-01 01:46:52,243256316.8152992
2025-01-01 01:46:53,247030564.30470315
2025-01-01 01:46:54,243848104.0086399
2025-01-01 01:46:55,248999130.10303134
2025-01-01 01:46:56,246933183.3619717
2025-01-01 01:46:57,242263873.8974083
2025-01-01 01:46:58,243518630.35157475
2025-01-01 01:46:59,251153060.10663697
2025-01-01 01:47:00,248221105.67987603
2025-01-01 01:47:01,248312079.3734588
2025-01-01 01:47:02,245654129.9453529
2025-01-01 01:47:03,244808161.6069767
2025-01-01 01:47:04,252591760.64513212
2025-01-01 01:47:05,248206630.79164934
2025-01-01 01:47:06,252398668.6743956
2025-01-01 01:47:07,251388157.7623506
2025-01-01 01:47:08,248130316.36012056
2025-01-01 01:47:09,250857011.55294192
2025-01-01 01:47:10,248273999.88053092
2025-01-01 01:47:11,245853240.80919507
2025-01-01 01:47:12,247354248.83480027
2025-01-01 01:47:13,246741392.985733
2025-01-01 01:47:14,247261022.85572323
2025-01-01 01:47:15,245456820.53850123
2025-01-01 01:47:16,244489245.3131606
2025-01-01 01:47:17,249698320.4195076
2025-01-01 01:47:18,251354645.15407056
2025-01-01 01:47:19,249615357.97173202
2025-01-01 01:47:20,249976703.68832406
2025-01-01 01:47:21,250532558.67970255
2025-01-01 01:47:22,251142826.29463106
2025-01-01 01:47:23,247723397.82460767
2025-01-01 01:47:24,248821330.77681646
2025-01-01 01:47:25,251445968.71550584
2025-01-01 01:47:26,254878938.36551848
2025-01-01 01:47:27,250580216.96344712
2025-01-01 01:47:28,251957205.1475443
2025-01-01 01:47:29,248287218.87701342
2025-01-01 01:47:30,243821517.72182623
2025-01-01 01:47:31,242194250.46370906
2025-01-01 01:47:32,245416696.1570727
2025-01-01 01:47:33,244170472.90436038
2025-01-01 01:47:34,248610926.42906624
2025-01-01 01:47:35,248635444.11895418
2025-01-01 01:47:36,251126169.98907197
2025-01-01 01:47:37,255657523.58219287
2025-01-01 01:47:38,249300378.89332107
2025-01-01 01:47:39,247679531.6239595
2025-01-01 01:47:40,249242210.36572725
2025-01-01 01:47:41,249073559.47847828
2025-01-01 01:47:42,246795461.20110625
2025-01-01 01:47:43,246172286.1542512
2025-01-01 01:47:44,249794166.40221918
2025-01-01 01:47:45,248371974.2644662
2025-01-01 01:47:46,245346003.25286102
2025-01-01 01:47:47,248288010.7398587
2025-01-01 01:47:48,246796082.42042923
2025-01-01 01:47:49,251462967.1202165
2025-01-01 01:47:50,250764017.4637854
2025-01-01 01:47:51,247131513.161723
2025-01-01 01:47:52,241172047.81888723
2025-01-01 01:47:53,241840640.3956551
2025-01-01 01:47:54,247610902.38354337
2025-01-01 01:47:55,244581065.5016203
2025-01-01 01:47:56,245499035.7293418
2025-01-01 01:47:57,250952366.5039769
2025-01-01 01:47:58,244991590.28018856
2025-01-01 01:47:59,247893494.8395463
2025-01-01 01:48:00,247615226.98968747
2025-01-01 01:48:01,246327312.53132352
2025-01-01 01:48:02,246693688.36871853
2025-01-01 01:48:03,248462780.74271595
2025-01-01 01:48:04,250249927.0522403
2025-01-01 01:48:05,247607700.01803485
2025-01-01 01:48:06,244681383.16366276
2025-01-01 01:48:07,247301782.12147257
2025-01-01 01:48:08,248813405.02878356
2025-01-01 01:48:09,248585520.6502374
2025-01-01 01:48:10,246282184.80810755
2025-01-01 01:48:11,244317593.56967813
2025-01-01 01:48:12,242699734.24030104
2025-01-01 01:48:13,247460512.82668942
2025-01-01 01:48:14,246693668.25877568
2025-01-01 01:48:15,250458536.37154686
2025-01-01 01:48:16,247154125.33077598
2025-01-01 01:48:17,249433202.6174343
2025-01-01 01:48:18,253103431.13973886
2025-01-01 01:48:19,250550491.63234434
2025-01-01 01:48:20,253585178.27224842
2025-01-01 01:48:21,251987740.87686253
2025-01-01 01:48:22,252933174.3461271
2025-01-01 01:48:23,247835106.653758
2025-01-01 01:48:24,251460489.78395993
2025-01-01 01:48:25,244016281.5821286
2025-01-01 01:48:26,241773297.5866047
2025-01-01 01:48:27,246679510.1969228
2025-01-01 01:48:28,244955583.86157063
2025-01-01 01:48:29,250067865.02013528
2025-01-01 01:48:30,243384086.77117786
2025-01-01 01:48:31,249313837.4213022
2025-01-01 01:48:32,248669395.9128397
2025-01-01 01:48:33,246764166.63587588
2025-01-01 01:48:34,248250312.82522103
2025-01-01 01:48:35,251825576.9018606
2025-01-01 01:48:36,250490528.49697545
2025-01-01 01:48:37,249768075.48649594
2025-01-01 01:48:38,245823479.0413062
2025-01-01 01:48:39,248385160.9537187
2025-01-01 01:48:40,247463310.54766688
2025-01-01 01:48:41,248793196.14463565
2025-01-01 01:48:42,246354709.25621668
2025-01-01 01:48:43,249966176.53430074
2025-01-01 01:48:44,251471257.74409688
2025-01-01 01:48:45,247287840.04333556
2025-01-01 01:48:46,247961454.72851822
2025-01-01 01:48:47,248580229.3243005
2025-01-01 01:48:48,250683063.34911084
2025-01-01 01:48:49,245844402.27545473
2025-01-01 01:48:50,246979674.2949293
2025-01-01 01:48:51,252877296.32609627
2025-01-01 01:48:52,251176330.89650825
2025-01-01 01:48:53,252456150.24506152
2025-01-01 01:48:54,246645430.13741696
2025-01-01 01:48:55,245005532.18125606
2025-01-01 01:48:56,246397535.2865309
2025-01-01 01:48:57,249975792.9408788
2025-01-01 01:48:58,246334160.78207573
2025-01-01 01:48:59,246898873.68768722
2025-01-01 01:49:00,246287009.85774776
2025-01-01 01:49:01,247486158.9360189
2025-01-01 01:49:02,246756155.77989265
2025-01-01 01:49:03,250473519.5364392
2025-01-01 01:49:04,250315508.73985907
2025-01-01 01:49:05,249186531.37980074
2025-01-01 01:49:06,250009421.46124634
2025-01-01 01:49:07,251659252.36859313
2025-01-01 01:49:08,248459665.08236963
2025-01-01 01:49:09,249849027.01048306
2025-01-01 01:49:10,246931839.60364512
2025-01-01 01:49:11,247956057.39687744
2025-01-01 01:49:12,247123369.1000998
2025-01-01 01:49:13,253475440.49745557
2025-01-01 01:49:14,248894384.15687618
2025-01-01 01:49:15,248492558.9587583
2025-01-01 01:49:16,244510329.9692637
2025-01-01 01:49:17,248481030.85622916
2025-01-01 01:49:18,246069613.7512632
2025-01-01 01:49:19,243486960.7837836
2025-01-01 01:49:20,245423776.59403518
2025-01-01 01:49:21,246371678.10967913
2025-01-01 01:49:22,251713865.96327922
2025-01-01 01:49:23,245651562.9368996
2025-01-01 01:49:24,246603460.775088
2025-01-01 01:49:25,248999237.35827997
2025-01-01 01:49:26,253194315.12477967
2025-01-01 01:49:27,252613666.03017268
2025-01-01 01:49:28,246140769.5138887
2025-01-01 01:49:29,248127451.81187803
2025-01-01 01:49:30,249746732.8122939
2025-01-01 01:49:31,245573168.57265142
2025-01-01 01:49:32,249688652.48997644
2025-01-01 01:49:33,247704867.98563161
2025-01-01 01:49:34,248624377.64208153
2025-01-01 01:49:35,245926983.12997255
2025-01-01 01:49:36,248642399.53082415
2025-01-01 01:49:37,248508827.6422539
2025-01-01 01:49:38,251168251.38014883
2025-01-01 01:49:39,247831996.69867098
2025-01-01 01:49:40,251425359.233177
2025-01-01 01:49:41,250947426.75388533
2025-01-01 01:49:42,252448438.903195
2025-01-01 01:49:43,250903425.60908812
2025-01-01 01:49:44,249565596.4988655
2025-01-01 01:49:45,253308532.84226033
2025-01-01 01:49:46,252593924.94004622
2025-01-01 01:49:47,250084080.19796026
2025-01-01 01:49:48,252989528.41467327
2025-01-01 01:49:49,245873186.05412838
2025-01-01 01:49:50,247503238.43708885
2025-01-01 01:49:51,248214950.169252
2025-01-01 01:49:52,251556812.17586517
2025-01-01 01:49:53,248416040.37369144
2025-01-01 01:49:54,251691057.63891092
2025-01-01 01:49:55,253836750.51848695
2025-01-01 01:49:56,250824357.97995824
2025-01-01 01:49:57,255954521.23730046
2025-01-01 01:49:58,250758068.39926007
2025-01-01 01:49:59,246625347.1693799
2025-01-01 01:50:00,250072555.60947123
2025-01-01 01:50:01,246811594.72876972
2025-01-01 01:50:02,248625445.74011007
2025-01-01 01:50:03,250787014.94797042
2025-01-01 01:50:04,248705462.38965198
2025-01-01 01:50:05,250588210.55679256
2025-01-01 01:50:06,247283895.6434898
2025-01-01 01:50:07,248847058.61096245
2025-01-01 01:50:08,252372886.6826541
2025-01-01 01:50:09,251725621.3038818
2025-01-01 01:50:10,251388932.5092032
2025-01-01 01:50:11,248051953.38612884
2025-01-01 01:50:12,245341343.81234527
2025-01-01 01:50:13,249685985.123102
2025-01-01 01:50:14,252388178.38085288
2025-01-01 01:50:15,250996937.24968892
2025-01-01 01:50:16,250030805.33660978
2025-01-01 01:50:17,246916009.5858533
2025-01-01 01:50:18,250392871.6209175
2025-01-01 01:50:19,251824607.4278295
2025-01-01 01:50:20,248485366.2223004
2025-01-01 01:50:21,254788843.26960725
2025-01-01 01:50:22,251429110.60160714
2025-01-01 01:50:23,245875912.03908595
2025-01-01 01:50:24,247960011.3055394
2025-01-01 01:50:25,249542142.72307763
2025-01-01 01:50:26,254233095.7665663
2025-01-01 01:50:27,249539259.25744352
2025-01-01 01:50:28,250199178.919067
2025-01-01 01:50:29,247581459.0122818
2025-01-01 01:50:30,248762192.55037358
2025-01-01 01:50:31,252036136.30743074
2025-01-01 01:50:32,254822487.37765166
2025-01-01 01:50:33,254084395.03942373
2025-01-01 01:50:34,250020684.05250067
2025-01-01 01:50:35,251849994.8322651
2025-01-01 01:50:36,249974624.53186473
2025-01-01 01:50:37,253545937.89403316
2025-01-01 01:50:38,253657720.38495198
2025-01-01 01:50:39,250773130.52694535
2025-01-01 01:50:40,249258478.75853378
2025-01-01 01:50:41,247478588.33654574
2025-01-01 01:50:42,250795489.65182948
2025-01-01 01:50:43,252617149.25927207
2025-01-01 01:50:44,249797191.607081
2025-01-01 01:50:45,249892778.54035026
2025-01-01 01:50:46,252216528.75858217
2025-01-01 01:50:47,248101126.15668005
2025-01-01 01:50:48,248857753.54710314
2025-01-01 01:50:49,249450651.2459857
2025-01-01 01:50:50,250127389.9968237
2025-01-01 01:50:51,247945757.21772525
2025-01-01 01:50:52,247283440.20928127
2025-01-01 01:50:53,246009758.32060885
2025-01-01 01:50:54,249843240.33965185
2025-01-01 01:50:55,254332336.78873694
2025-01-01 01:50:56,249878034.94902164
2025-01-01 01:50:57,251088637.13306165
2025-01-01 01:50:58,251682372.76031595
2025-01-01 01:50:59,250863976.88115177
2025-01-01 01:51:00,244998623.6989971
2025-01-01 01:51:01,249162178.86116374
2025-01-01 01:51:02,248665243.85933644
2025-01-01 01:51:03,249554423.25135845
2025-01-01 01:51:04,248580552.80898225
2025-01-01 01:51:05,246774463.12370193
2025-01-01 01:51:06,248962165.52895293
2025-01-01 01:51:07,250430067.1966903
2025-01-01 01:51:08,253390398.8936163
2025-01-01 01:51:09,251581449.9467242
2025-01-01 01:51:10,249475630.6504778
2025-01-01 01:51:11,246592190.8127839
2025-01-01 01:51:12,247158657.33813736
2025-01-01 01:51:13,252388596.0963089
2025-01-01 01:51:14,253092561.0419672
2025-01-01 01:51:15,250495797.3336386
2025-01-01 01:51:16,249369699.09868002
2025-01-01 01:51:17,245899954.49921024
2025-01-01 01:51:18,247653706.93300793
2025-01-01 01:51:19,247089695.26866895
2025-01-01 01:51:20,249264176.51386145
2025-01-01 01:51:21,246142012.26044315
2025-01-01 01:51:22,246719285.23316818
2025-01-01 01:51:23,250278484.7653393
2025-01-01 01:51:24,246902570.46542957
2025-01-01 01:51:25,249145750.59672007
2025-01-01 01:51:26,249066384.6169473
2025-01-01 01:51:27,244371305.37025315
2025-01-01 01:51:28,248575597.26096588
2025-01-01 01:51:29,250680415.7046854
2025-01-01 01:51:30,247642431.80791345
2025-01-01 01:51:31,245927650.81140533
2025-01-01 01:51:32,248184909.7968143
2025-01-01 01:51:33,247993706.90892828
2025-01-01 01:51:34,250194670.58222836
2025-01-01 01:51:35,248677772.67688963
2025-01-01 01:51:36,250478024.99665612
2025-01-01 01:51:37,247532028.54319078
2025-01-01 01:51:38,242488682.94909698
2025-01-01 01:51:39,246757653.79523546
2025-01-01 01:51:40,250406037.86005887
2025-01-01 01:51:41,249161981.85518625
2025-01-01 01:51:42,253096542.61547986
2025-01-01 01:51:43,252625595.15928388
2025-01-01 01:51:44,250790417.26006562
2025-01-01 01:51:45,244719588.687356
2025-01-01 01:51:46,241841405.34976086
2025-01-01 01:51:47,244945206.29750878
2025-01-01 01:51:48,245679637.5800104
2025-01-01 01:51:49,250870851.98780096
2025-01-01 01:51:50,249509757.38926172
2025-01-01 01:51:51,249563574.4741703
2025-01-01 01:51:52,248747001.05714056
2025-01-01 01:51:53,253408784.6698685
2025-01-01 01:51:54,253728832.46161383
2025-01-01 01:51:55,254514938.09965268
2025-01-01 01:51:56,254134985.98266777
2025-01-01 01:51:57,251827005.9300412
2025-01-01 01:51:58,252046891.64890352
2025-01-01 01:51:59,248992051.82079914
2025-01-01 01:52:00,250885078.91901553
2025-01-01 01:52:01,251934980.31564558
2025-01-01 01:52:02,250825888.08540913
2025-01-01 01:52:03,245588448.30970338
2025-01-01 01:52:04,253273965.83311567
2025-01-01 01:52:05,250010216.92822725
2025-01-01 01:52:06,247481797.936598
2025-01-01 01:52:07,246317197.8232249
2025-01-01 01:52:08,247795073.5231907
2025-01-01 01:52:09,250930899.27828532
2025-01-01 01:52:10,253923398.49340624
2025-01-01 01:52:11,250869252.8985548
2025-01-01 01:52:12,249400671.25098994
2025-01-01 01:52:13,243819319.86233577
2025-01-01 01:52:14,248238580.95797276
2025-01-01 01:52:15,247863919.21706492
2025-01-01 01:52:16,251524877.30307803
2025-01-01 01:52:17,250652529.7672124
2025-01-01 01:52:18,251468976.08134896
2025-01-01 01:52:19,250665440.59441003
2025-01-01 01:52:20,247714681.9703339
2025-01-01 01:52:21,243494008.06936136
2025-01-01 01:52:22,249762271.499274
2025-01-01 01:52:23,251184184.33696297
2025-01-01 01:52:24,247458424.25932732
2025-01-01 01:52:25,249097493.39241078
2025-01-01 01:52:26,249581968.4436219
2025-01-01 01:52:27,248610799.30788675
2025-01-01 01:52:28,249897686.9991402
2025-01-01 01:52:29,249399364.0424196
2025-01-01 01:52:30,252999485.4685783
2025-01-01 01:52:31,249134420.44874045
2025-01-01 01:52:32,247091687.8409853
2025-01-01 01:52:33,251096851.28759885
2025-01-01 01:52:34,248450666.0667339
2025-01-01 01:52:35,250604793.05118862
2025-01-01 01:52:36,249260919.46089947
2025-01-01 01:52:37,247513422.7510116
2025-01-01 01:52:38,248454690.7144122
2025-01-01 01:52:39,248229670.56378546
2025-01-01 01:52:40,249144053.13446513
2025-01-01 01:52:41,249078450.3048035
2025-01-01 01:52:42,245937353.73053095
2025-01-01 01:52:43,247276488.9533819
2025-01-01 01:52:44,244495884.93180364
2025-01-01 01:52:45,245469442.9168412
2025-01-01 01:52:46,248081243.46292424
2025-01-01 01:52:47,246886617.29179966
2025-01-01 01:52:48,251206492.23333567
2025-01-01 01:52:49,250999863.45551133
2025-01-01 01:52:50,248015497.3554054
2025-01-01 01:52:51,250334948.86941662
2025-01-01 01:52:52,251245332.4461203
2025-01-01 01:52:53,251113030.5663637
2025-01-01 01:52:54,250598991.51682475
2025-01-01 01:52:55,244714475.73996648
2025-01-01 01:52:56,248596017.93438104
2025-01-01 01:52:57,247446674.91708878
2025-01-01 01:52:58,247148442.75489485
2025-01-01 01:52:59,248137032.45454597
2025-01-01 01:53:00,247017538.99819687
2025-01-01 01:53:01,249199055.4486456
2025-01-01 01:53:02,248037626.13986692
2025-01-01 01:53:03,247138877.82936853
2025-01-01 01:53:04,245665117.71083423
2025-01-01 01:53:05,249224572.63695288
2025-01-01 01:53:06,246749434.75938472
2025-01-01 01:53:07,247975084.75800714
2025-01-01 01:53:08,251679307.61621848
2025-01-01 01:53:09,246506646.52745762
2025-01-01 01:53:10,247536550.83960074
2025-01-01 01:53:11,248778612.82108098
2025-01-01 01:53:12,246784723.70231158
2025-01-01 01:53:13,251317261.961417
2025-01-01 01:53:14,248679221.8101691
2025-01-01 01:53:15,246092020.23718172
2025-01-01 01:53:16,248289966.06588316
2025-01-01 01:53:17,254884851.1682827
2025-01-01 01:53:18,247115350.54946944
2025-01-01 01:53:19,246896117.06764573
2025-01-01 01:53:20,246104127.83775246
2025-01-01 01:53:21,243897384.33391905
2025-01-01 01:53:22,247959513.41141516
2025-01-01 01:53:23,251464621.06734362
2025-01-01 01:53:24,249656428.0871098
2025-01-01 01:53:25,249713876.13541174
2025-01-01 01:53:26,252592238.1191631
2025-01-01 01:53:27,252267646.40615967
2025-01-01 01:53:28,244326478.21414593
2025-01-01 01:53:29,246345751.04374108
2025-01-01 01:53:30,250599610.48886818
2025-01-01 01:53:31,250869328.64774552
2025-01-01 01:53:32,246167824.0766696
2025-01-01 01:53:33,249485678.27832448
2025-01-01 01:53:34,246991721.06681725
2025-01-01 01:53:35,245515058.2261149
2025-01-01 01:53:36,248981446.10904366
2025-01-01 01:53:37,247302512.78318155
2025-01-01 01:53:38,246359139.80109763
2025-01-01 01:53:39,248109936.7668694
2025-01-01 01:53:40,248082335.6636829
2025-01-01 01:53:41,250036898.01532164
2025-01-01 01:53:42,249047843.7946267
2025-01-01 01:53:43,250955330.37127462
2025-01-01 01:53:44,247571701.5615828
2025-01-01 01:53:45,246961382.57193434
2025-01-01 01:53:46,250283809.2117836
2025-01-01 01:53:47,249818727.94126683
2025-01-01 01:53:48,245382884.4951322
2025-01-01 01:53:49,247498329.84513432
2025-01-01 01:53:50,245275930.0882608
2025-01-01 01:53:51,246018153.40212125
2025-01-01 01:53:52,245363828.7312142
2025-01-01 01:53:53,245211260.51877037
2025-01-01 01:53:54,245546644.0033524
2025-01-01 01:53:55,246181232.994717
2025-01-01 01:53:56,244702713.60039532
2025-01-01 01:53:57,243970880.01065186
2025-01-01 01:53:58,245651420.79102042
2025-01-01 01:53:59,244294988.41614985
2025-01-01 01:54:00,242928448.6966717
2025-01-01 01:54:01,244657361.65406725
2025-01-01 01:54:02,247889943.24831128
2025-01-01 01:54:03,244757553.13315403
2025-01-01 01:54:04,244305351.8193574
2025-01-01 01:54:05,244210108.7711926
2025-01-01 01:54:06,244754015.44731995
2025-01-01 01:54:07,242938525.5523812
2025-01-01 01:54:08,243712525.39243868
2025-01-01 01:54:09,241189589.21719694
2025-01-01 01:54:10,238372139.3663609
2025-01-01 01:54:11,243993686.64164922
2025-01-01 01:54:12,243726660.5033092
2025-01-01 01:54:13,247953383.6075616
2025-01-01 01:54:14,248607247.14355728
2025-01-01 01:54:15,250121123.15237302
2025-01-01 01:54:16,245315674.50756574
2025-01-01 01:54:17,245302252.47800353
2025-01-01 01:54:18,244320279.12858212
2025-01-01 01:54:19,245810109.51192456
2025-01-01 01:54:20,246412576.22208467
2025-01-01 01:54:21,249399748.1677161
2025-01-01 01:54:22,250432823.04298192
2025-01-01 01:54:23,248401855.82187313
2025-01-01 01:54:24,248870376.2408295
2025-01-01 01:54:25,247875206.56401375
2025-01-01 01:54:26,243886564.96672046
2025-01-01 01:54:27,243885748.38179737
2025-01-01 01:54:28,247414354.76656806
2025-01-01 01:54:29,248817658.2797205
2025-01-01 01:54:30,245057893.02651647
2025-01-01 01:54:31,245528878.16944256
2025-01-01 01:54:32,248984103.10026702
2025-01-01 01:54:33,246290966.42959303
2025-01-01 01:54:34,250201223.92203757
2025-01-01 01:54:35,248850738.20260003
2025-01-01 01:54:36,248776173.0470138
2025-01-01 01:54:37,253069005.33916906
2025-01-01 01:54:38,248450904.30139133
2025-01-01 01:54:39,249794135.5830999
2025-01-01 01:54:40,247983090.73134533
2025-01-01 01:54:41,244926249.97728127
2025-01-01 01:54:42,243184668.64278072
2025-01-01 01:54:43,244309616.50033897
2025-01-01 01:54:44,245922925.86102393
2025-01-01 01:54:45,248640955.37709817
2025-01-01 01:54:46,248698871.23289573
2025-01-01 01:54:47,242059714.79810795
2025-01-01 01:54:48,245676501.91716895
2025-01-01 01:54:49,248211048.1465488
2025-01-01 01:54:50,247085559.70638645
2025-01-01 01:54:51,249433722.32151797
2025-01-01 01:54:52,250543189.02302292
2025-01-01 01:54:53,252842188.4747613
2025-01-01 01:54:54,249247288.5076095
2025-01-01 01:54:55,249241880.5131865
2025-01-01 01:54:56,244059023.90548545
2025-01-01 01:54:57,249520841.54835394
2025-01-01 01:54:58,250636329.39260516
2025-01-01 01:54:59,248181867.21837357
2025-01-01 01:55:00,248008305.8974251
2025-01-01 01:55:01,251394903.68135738
2025-01-01 01:55:02,253298690.2353232
2025-01-01 01:55:03,246718944.23048708
2025-01-01 01:55:04,246563250.0434367
2025-01-01 01:55:05,249912911.1604052
2025-01-01 01:55:06,250151697.20530048
2025-01-01 01:55:07,255276971.10276404
2025-01-01 01:55:08,247175674.05934277
2025-01-01 01:55:09,245425382.2973351
2025-01-01 01:55:10,252470225.56877708
2025-01-01 01:55:11,250526263.32531872
2025-01-01 01:55:12,248618581.63077885
2025-01-01 01:55:13,248437334.88460112
2025-01-01 01:55:14,246988244.76205572
2025-01-01 01:55:15,250347599.80445778
2025-01-01 01:55:16,248718858.74077362
2025-01-01 01:55:17,251743378.91591585
2025-01-01 01:55:18,253540558.0509723
2025-01-01 01:55:19,251956124.0373341
2025-01-01 01:55:20,252369571.6565053
2025-01-01 01:55:21,254359353.47611302
2025-01-01 01:55:22,253266522.193765
2025-01-01 01:55:23,248992688.38410625
2025-01-01 01:55:24,250259203.92983425
2025-01-01 01:55:25,247700166.48549336
2025-01-01 01:55:26,245897027.09997436
2025-01-01 01:55:27,249700674.34702104
2025-01-01 01:55:28,248737029.46560296
2025-01-01 01:55:29,251023930.23041806
2025-01-01 01:55:30,253202597.0038694
2025-01-01 01:55:31,252309317.13765585
2025-01-01 01:55:32,246800365.75360465
2025-01-01 01:55:33,249372088.17342615
2025-01-01 01:55:34,247983083.77752528
2025-01-01 01:55:35,248097417.19150135
2025-01-01 01:55:36,241631868.95978287
2025-01-01 01:55:37,244892309.01536575
2025-01-01 01:55:38,248136235.2076967
2025-01-01 01:55:39,250526570.03092918
2025-01-01 01:55:40,249094481.85768905
2025-01-01 01:55:41,252730466.01808074
2025-01-01 01:55:42,255341533.1651795
2025-01-01 01:55:43,250037468.38022834
2025-01-01 01:55:44,252262015.32795584
2025-01-01 01:55:45,249247331.64658755
2025-01-01 01:55:46,253688899.5582831
2025-01-01 01:55:47,246285328.83565822
2025-01-01 01:55:48,247740421.77833235
2025-01-01 01:55:49,245480483.18333805
2025-01-01 01:55:50,243367021.67858768
2025-01-01 01:55:51,243574644.81068382
2025-01-01 01:55:52,248424365.3725116
2025-01-01 01:55:53,246640998.16826364
2025-01-01 01:55:54,247391243.9545293
2025-01-01 01:55:55,248027629.84903803
2025-01-01 01:55:56,246129436.73503104
2025-01-01 01:55:57,248086825.47590253
2025-01-01 01:55:58,242649787.1162137
2025-01-01 01:55:59,247702147.069087
2025-01-01 01:56:00,246069716.92843127
2025-01-01 01:56:01,249215583.69392642
2025-01-01 01:56:02,252229019.3304525
2025-01-01 01:56:03,249601291.67199647
2025-01-01 01:56:04,249001050.19577494
2025-01-01 01:56:05,255436375.79583538
2025-01-01 01:56:06,250995059.18492195
2025-01-01 01:56:07,252097958.91189516
2025-01-01 01:56:08,249303519.98001423
2025-01-01 01:56:09,247511847.15471935
2025-01-01 01:56:10,248961218.4469397
2025-01-01 01:56:11,243205234.07047948
2025-01-01 01:56:12,245364502.8488727
2025-01-01 01:56:13,249263176.77217412
2025-01-01 01:56:14,248975348.11216974
2025-01-01 01:56:15,244837966.26594085
2025-01-01 01:56:16,250565024.9172859
2025-01-01 01:56:17,253710988.5950431
2025-01-01 01:56:18,253586951.17111984
2025-01-01 01:56:19,252188536.34565312
2025-01-01 01:56:20,248659268.61893603
2025-01-01 01:56:21,251182392.3647644
2025-01-01 01:56:22,247379811.92536062
2025-01-01 01:56:23,244952631.79026005
2025-01-01 01:56:24,249559814.9791367
2025-01-01 01:56:25,254244842.49128637
2025-01-01 01:56:26,247981603.01577717
2025-01-01 01:56:27,247866762.31760883
2025-01-01 01:56:28,250274211.26106584
2025-01-01 01:56:29,252353307.85361022
2025-01-01 01:56:30,251819505.229264
2025-01-01 01:56:31,254145474.89687175
2025-01-01 01:56:32,256057391.51384297
2025-01-01 01:56:33,252185381.45050842
2025-01-01 01:56:34,249011888.1731487
2025-01-01 01:56:35,251469996.14944252
2025-01-01 01:56:36,248834242.7311927
2025-01-01 01:56:37,251474781.46498725
2025-01-01 01:56:38,253806909.14885598
2025-01-01 01:56:39,247504709.1237866
2025-01-01 01:56:40,249038169.38395903
2025-01-01 01:56:41,246201932.08690035
2025-01-01 01:56:42,250849490.65580985
2025-01-01 01:56:43,251736079.00069237
2025-01-01 01:56:44,250015766.8889915
2025-01-01 01:56:45,250255988.10125938
2025-01-01 01:56:46,250503792.40096572
2025-01-01 01:56:47,250242475.10201168
2025-01-01 01:56:48,248711249.692592
2025-01-01 01:56:49,249587115.96851754
2025-01-01 01:56:50,245882227.50418118
2025-01-01 01:56:51,246534318.5839647
2025-01-01 01:56:52,246034378.8730361
2025-01-01 01:56:53,250598592.99239087
2025-01-01 01:56:54,249130650.52016917
2025-01-01 01:56:55,248137125.05938655
2025-01-01 01:56:56,254780995.97303572
2025-01-01 01:56:57,254897667.24006858
2025-01-01 01:56:58,250608089.9117287
2025-01-01 01:56:59,252675269.67401865
2025-01-01 01:57:00,254358315.3762538
2025-01-01 01:57:01,246271843.765031
2025-01-01 01:57:02,247694021.27765626
2025-01-01 01:57:03,250618970.03149444
2025-01-01 01:57:04,248913318.92820835
2025-01-01 01:57:05,254571219.68258524
2025-01-01 01:57:06,251281900.69733137
2025-01-01 01:57:07,250563968.26210493
2025-01-01 01:57:08,251147439.4801162
2025-01-01 01:57:09,248626994.70415282
2025-01-01 01:57:10,248267371.88128936
2025-01-01 01:57:11,248837283.5234095
2025-01-01 01:57:12,250357641.19012037
2025-01-01 01:57:13,249221617.63469648
2025-01-01 01:57:14,248020250.77110648
2025-01-01 01:57:15,247981217.91889024
2025-01-01 01:57:16,251907416.20549944
2025-01-01 01:57:17,245568070.13554317
2025-01-01 01:57:18,251715098.90096876
2025-01-01 01:57:19,250555304.21715504
2025-01-01 01:57:20,246721098.96703842
2025-01-01 01:57:21,251005735.10494542
2025-01-01 01:57:22,247711642.60739443
2025-01-01 01:57:23,247702746.88963947
2025-01-01 01:57:24,249231519.847046
2025-01-01 01:57:25,253235827.80107334
2025-01-01 01:57:26,257140036.33047742
2025-01-01 01:57:27,251081969.76432374
2025-01-01 01:57:28,250883333.49784988
2025-01-01 01:57:29,252990980.20617294
2025-01-01 01:57:30,249918518.28380004
2025-01-01 01:57:31,249928050.13528323
2025-01-01 01:57:32,250624165.5556123
2025-01-01 01:57:33,247044174.20566097
2025-01-01 01:57:34,247778021.40297446
2025-01-01 01:57:35,251109195.76142168
2025-01-01 01:57:36,251981867.0286695
2025-01-01 01:57:37,252160232.31695545
2025-01-01 01:57:38,250937216.87657943
2025-01-01 01:57:39,250305100.11151546
2025-01-01 01:57:40,250724281.37089446
2025-01-01 01:57:41,253852936.25513986
2025-01-01 01:57:42,252800742.01023945
2025-01-01 01:57:43,251420938.79606092
2025-01-01 01:57:44,246611672.54601878
2025-01-01 01:57:45,248209197.58380115
2025-01-01 01:57:46,251875455.65731215
2025-01-01 01:57:47,253165178.76553917
2025-01-01 01:57:48,253270457.46179464
2025-01-01 01:57:49,252488950.24801096
2025-01-01 01:57:50,249674889.77720314
2025-01-01 01:57:51,247191157.1708397
2025-01-01 01:57:52,245877632.99366635
2025-01-01 01:57:53,245880652.20911357
2025-01-01 01:57:54,245516119.04617313
2025-01-01 01:57:55,253800281.0065127
2025-01-01 01:57:56,249786161.9948917
2025-01-01 01:57:57,243341885.4668962
2025-01-01 01:57:58,246942976.4408351
2025-01-01 01:57:59,250363287.07528356
2025-01-01 01:58:00,248965069.25945505
2025-01-01 01:58:01,246312299.29098117
2025-01-01 01:58:02,249255045.60532045
2025-01-01 01:58:03,243465716.6819952
2025-01-01 01:58:04,249364457.43708646
2025-01-01 01:58:05,247744363.81622764
2025-01-01 01:58:06,250232390.78439018
2025-01-01 01:58:07,247388911.83255056
2025-01-01 01:58:08,248788946.33835444
2025-01-01 01:58:09,250751544.06778982
2025-01-01 01:58:10,248336148.7819584
2025-01-01 01:58:11,249006221.2685698
2025-01-01 01:58:12,247677635.83807755
2025-01-01 01:58:13,248003236.34311643
2025-01-01 01:58:14,248163874.68398443
2025-01-01 01:58:15,245789943.83029658
2025-01-01 01:58:16,249375681.81561437
2025-01-01 01:58:17,250152182.23519695
2025-01-01 01:58:18,252563191.28913766
2025-01-01 01:58:19,251859301.96365735
2025-01-01 01:58:20,249286938.23847243
2025-01-01 01:58:21,247526926.10444137
2025-01-01 01:58:22,246155840.44165915
2025-01-01 01:58:23,252791410.43795335
2025-01-01 01:58:24,251854596.82311466
2025-01-01 01:58:25,246641891.02960518
2025-01-01 01:58:26,248701683.05432525
2025-01-01 01:58:27,245366349.38346013
2025-01-01 01:58:28,249787373.53891757
2025-01-01 01:58:29,250668843.2704441
2025-01-01 01:58:30,247492158.6365799
2025-01-01 01:58:31,245068525.69604418
2025-01-01 01:58:32,246010814.13817883
2025-01-01 01:58:33,250370431.08957824
2025-01-01 01:58:34,253173996.4623748
2025-01-01 01:58:35,251133274.40789363
2025-01-01 01:58:36,252588535.13933536
2025-01-01 01:58:37,248033071.5888467
2025-01-01 01:58:38,243761352.14675468
2025-01-01 01:58:39,245368791.585518
2025-01-01 01:58:40,248170020.8877892
2025-01-01 01:58:41,250647398.6764231
2025-01-01 01:58:42,248440953.26361912
2025-01-01 01:58:43,249853751.78519824
2025-01-01 01:58:44,251579431.0190331
2025-01-01 01:58:45,256254998.91089293
2025-01-01 01:58:46,252599122.25547397
2025-01-01 01:58:47,250105461.08829477
2025-01-01 01:58:48,245130348.8117719
2025-01-01 01:58:49,246566054.86057106
2025-01-01 01:58:50,248545673.16808698
2025-01-01 01:58:51,247572677.9790839
2025-01-01 01:58:52,246274039.6777408
2025-01-01 01:58:53,246318903.150036
2025-01-01 01:58:54,247542527.2600978
2025-01-01 01:58:55,250045167.39726114
2025-01-01 01:58:56,248987326.0361983
2025-01-01 01:58:57,244126149.15893847
2025-01-01 01:58:58,249451491.80904537
2025-01-01 01:58:59,252973731.54240814
2025-01-01 01:59:00,250641431.0194541
2025-01-01 01:59:01,249098664.06204674
2025-01-01 01:59:02,251268964.40972543
2025-01-01 01:59:03,250909344.2573794
2025-01-01 01:59:04,245593531.31130138
2025-01-01 01:59:05,250481484.94739234
2025-01-01 01:59:06,249335325.19574782
2025-01-01 01:59:07,248768586.44589537
2025-01-01 01:59:08,245940224.97453806
2025-01-01 01:59:09,243069341.6723716
2025-01-01 01:59:10,245090844.35694057
2025-01-01 01:59:11,246573807.93157244
2025-01-01 01:59:12,246251962.15426058
2025-01-01 01:59:13,250187435.36796954
2025-01-01 01:59:14,250417748.92954618
2025-01-01 01:59:15,253431596.4691532
2025-01-01 01:59:16,250221535.34659356
2025-01-01 01:59:17,249327161.7370674
2025-01-01 01:59:18,245324523.56878003
2025-01-01 01:59:19,248974083.47489455
2025-01-01 01:59:20,247879967.84338793
2025-01-01 01:59:21,246730364.44246736
2025-01-01 01:59:22,240897881.46496084
2025-01-01 01:59:23,244514921.38749835
2025-01-01 01:59:24,248972648.62193334
2025-01-01 01:59:25,245779067.28487596
2025-01-01 01:59:26,246690904.82676893
2025-01-01 01:59:27,247629841.50001103
2025-01-01 01:59:28,248142725.78683904
2025-01-01 01:59:29,247173920.5406402
2025-01-01 01:59:30,244504958.53899884
2025-01-01 01:59:31,252575020.93433142
2025-01-01 01:59:32,253984968.6611806
2025-01-01 01:59:33,247533412.4939518
2025-01-01 01:59:34,249362719.301751
2025-01-01 01:59:35,252454397.6148152
2025-01-01 01:59:36,251627381.19612187
2025-01-01 01:59:37,250538890.71323556
2025-01-01 01:59:38,254722116.65144458
2025-01-01 01:59:39,248452127.17694086
2025-01-01 01:59:40,248401776.59891742
2025-01-01 01:59:41,247466573.23002636
2025-01-01 01:59:42,251117014.16648337
2025-01-01 01:59:43,250769573.98515514
2025-01-01 01:59:44,247592177.09573296
2025-01-01 01:59:45,251045851.62956026
2025-01-01 01:59:46,247826504.0929009
2025-01-01 01:59:47,249029455.0311992
2025-01-01 01:59:48,248459483.1650884
2025-01-01 01:59:49,246958573.65076607
2025-01-01 01:59:50,243707785.8411649
2025-01-01 01:59:51,247576035.43590176
2025-01-01 01:59:52,244632196.10556826
2025-01-01 01:59:53,246844417.1289493
2025-01-01 01:59:54,250219336.9535016
2025-01-01 01:59:55,249114454.21633017
2025-01-01 01:59:56,250745949.08686778
2025-01-01 01:59:57,250108311.5991587
2025-01-01 01:59:58,248932564.56957623
2025-01-01 01:59:59,244058505.9850373
