date,OT
2025-01-01 00:00:00,253559969.12067655
2025-01-01 00:00:01,253208649.49230838
2025-01-01 00:00:02,247070187.1714267
2025-01-01 00:00:03,251104657.51251262
2025-01-01 00:00:04,249138549.23654708
2025-01-01 00:00:05,255528211.6338516
2025-01-01 00:00:06,252656054.33253235
2025-01-01 00:00:07,253987948.75050077
2025-01-01 00:00:08,251726247.36821654
2025-01-01 00:00:09,256880951.8797719
2025-01-01 00:00:10,253574019.36867085
2025-01-01 00:00:11,255818563.77019182
2025-01-01 00:00:12,255437877.24841422
2025-01-01 00:00:13,258106484.8481251
2025-01-01 00:00:14,253895476.2074718
2025-01-01 00:00:15,250207392.75350133
2025-01-01 00:00:16,258265529.83357492
2025-01-01 00:00:17,255132278.5101575
2025-01-01 00:00:18,254000576.01782805
2025-01-01 00:00:19,257548692.31319463
2025-01-01 00:00:20,261777622.0712853
2025-01-01 00:00:21,255447996.60036358
2025-01-01 00:00:22,262150908.6408626
2025-01-01 00:00:23,256578696.56595796
2025-01-01 00:00:24,257747092.28499842
2025-01-01 00:00:25,255685785.7794138
2025-01-01 00:00:26,248145192.35279438
2025-01-01 00:00:27,258645334.53113756
2025-01-01 00:00:28,258004250.38027555
2025-01-01 00:00:29,253927015.77409285
2025-01-01 00:00:30,255219224.107333
2025-01-01 00:00:31,261890485.82538554
2025-01-01 00:00:32,253677966.34450775
2025-01-01 00:00:33,252007114.41459286
2025-01-01 00:00:34,259025987.3033636
2025-01-01 00:00:35,253999867.84439182
2025-01-01 00:00:36,251879305.70375016
2025-01-01 00:00:37,250368120.4162221
2025-01-01 00:00:38,256070405.25934172
2025-01-01 00:00:39,256032926.32163897
2025-01-01 00:00:40,256619689.10869172
2025-01-01 00:00:41,256563282.00621903
2025-01-01 00:00:42,258569368.63630277
2025-01-01 00:00:43,252461436.9858
2025-01-01 00:00:44,253212666.16613913
2025-01-01 00:00:45,256802796.39819577
2025-01-01 00:00:46,254168057.7900591
2025-01-01 00:00:47,260313671.53269354
2025-01-01 00:00:48,259450405.77482507
2025-01-01 00:00:49,257800247.71180457
2025-01-01 00:00:50,256992841.32192257
2025-01-01 00:00:51,254789368.4011969
2025-01-01 00:00:52,256623558.2479052
2025-01-01 00:00:53,255515181.79311955
2025-01-01 00:00:54,255944348.63282818
2025-01-01 00:00:55,254046576.12832233
2025-01-01 00:00:56,256571480.07814857
2025-01-01 00:00:57,257617259.7323333
2025-01-01 00:00:58,260180288.88320306
2025-01-01 00:00:59,258109150.43443754
2025-01-01 00:01:00,245912705.987213
2025-01-01 00:01:01,248796762.6143717
2025-01-01 00:01:02,252739208.98814708
2025-01-01 00:01:03,255165307.80207944
2025-01-01 00:01:04,257739981.59220627
2025-01-01 00:01:05,250499603.90763146
2025-01-01 00:01:06,250364467.07528454
2025-01-01 00:01:07,252323872.2211155
2025-01-01 00:01:08,250869996.19293174
2025-01-01 00:01:09,255240875.7129546
2025-01-01 00:01:10,255008676.3071135
2025-01-01 00:01:11,261086337.9530024
2025-01-01 00:01:12,261936584.28449953
2025-01-01 00:01:13,257766102.4849978
2025-01-01 00:01:14,258632788.55346146
2025-01-01 00:01:15,261859259.93326873
2025-01-01 00:01:16,253907825.55881736
2025-01-01 00:01:17,257509821.16296437
2025-01-01 00:01:18,255637477.91087934
2025-01-01 00:01:19,251989147.41936266
2025-01-01 00:01:20,258754512.83290517
2025-01-01 00:01:21,262944998.0528567
2025-01-01 00:01:22,262078288.6253354
2025-01-01 00:01:23,250436032.2072319
2025-01-01 00:01:24,257305735.2999324
2025-01-01 00:01:25,253003477.60451433
2025-01-01 00:01:26,250360574.97467658
2025-01-01 00:01:27,253456743.5222308
2025-01-01 00:01:28,254207754.5951255
2025-01-01 00:01:29,252174500.51914415
2025-01-01 00:01:30,253112860.4059906
2025-01-01 00:01:31,255981307.38366398
2025-01-01 00:01:32,255370173.41738242
2025-01-01 00:01:33,256974872.12226564
2025-01-01 00:01:34,255350980.1507219
2025-01-01 00:01:35,256057560.9759838
2025-01-01 00:01:36,251473788.86609557
2025-01-01 00:01:37,248044174.52675694
2025-01-01 00:01:38,251962961.86395198
2025-01-01 00:01:39,249024311.5871718
2025-01-01 00:01:40,246291310.50701818
2025-01-01 00:01:41,256085652.81477723
2025-01-01 00:01:42,252999628.22709313
2025-01-01 00:01:43,247825692.91234097
2025-01-01 00:01:44,245195624.25716442
2025-01-01 00:01:45,246737065.33271337
2025-01-01 00:01:46,253789561.76039237
2025-01-01 00:01:47,252369937.27912387
2025-01-01 00:01:48,251281115.621224
2025-01-01 00:01:49,247572298.47758624
2025-01-01 00:01:50,253095416.6285012
2025-01-01 00:01:51,246005906.94469172
2025-01-01 00:01:52,248524072.28077573
2025-01-01 00:01:53,249569106.34112364
2025-01-01 00:01:54,250643183.54944998
2025-01-01 00:01:55,254072882.9835334
2025-01-01 00:01:56,253281807.8350113
2025-01-01 00:01:57,250394275.46387872
2025-01-01 00:01:58,251993986.56799906
2025-01-01 00:01:59,245839096.21280736
2025-01-01 00:02:00,247791559.06081024
2025-01-01 00:02:01,245516704.8616106
2025-01-01 00:02:02,242174484.22813994
2025-01-01 00:02:03,245376283.11439693
2025-01-01 00:02:04,242401309.1074276
2025-01-01 00:02:05,239540112.21618629
2025-01-01 00:02:06,245614352.9557268
2025-01-01 00:02:07,236824841.62772885
2025-01-01 00:02:08,243192802.9776637
2025-01-01 00:02:09,246313206.8351806
2025-01-01 00:02:10,243618145.72272545
2025-01-01 00:02:11,243872695.827949
2025-01-01 00:02:12,244222651.5812465
2025-01-01 00:02:13,247167383.6049502
2025-01-01 00:02:14,252515426.91668078
2025-01-01 00:02:15,247284752.33670026
2025-01-01 00:02:16,250307551.06246614
2025-01-01 00:02:17,250758250.38064182
2025-01-01 00:02:18,248034253.6138208
2025-01-01 00:02:19,248689687.90846935
2025-01-01 00:02:20,246322057.85013843
2025-01-01 00:02:21,248110094.17128986
2025-01-01 00:02:22,250698859.16941422
2025-01-01 00:02:23,252584159.7362313
2025-01-01 00:02:24,254905804.3252642
2025-01-01 00:02:25,255500055.74752352
2025-01-01 00:02:26,253697728.5444712
2025-01-01 00:02:27,252862211.89825305
2025-01-01 00:02:28,251126544.31291714
2025-01-01 00:02:29,250698624.70358157
2025-01-01 00:02:30,256635995.3806326
2025-01-01 00:02:31,249056894.85166925
2025-01-01 00:02:32,251553361.82590383
2025-01-01 00:02:33,250745502.73846707
2025-01-01 00:02:34,249220074.75356814
2025-01-01 00:02:35,251998397.70572975
2025-01-01 00:02:36,250458238.01035032
2025-01-01 00:02:37,257068384.38997307
2025-01-01 00:02:38,258912745.84052324
2025-01-01 00:02:39,252924798.37078735
2025-01-01 00:02:40,250249821.10572442
2025-01-01 00:02:41,244738371.07760745
2025-01-01 00:02:42,243463331.80880687
2025-01-01 00:02:43,242186439.87840813
2025-01-01 00:02:44,246954843.60298428
2025-01-01 00:02:45,245607575.33967352
2025-01-01 00:02:46,247577514.83637923
2025-01-01 00:02:47,243658598.19525668
2025-01-01 00:02:48,237021077.06732035
2025-01-01 00:02:49,239915431.6926
2025-01-01 00:02:50,246664054.4154575
2025-01-01 00:02:51,249216202.04487237
2025-01-01 00:02:52,249550909.1958437
2025-01-01 00:02:53,245414984.66060886
2025-01-01 00:02:54,252274984.75625065
2025-01-01 00:02:55,254491415.1985355
2025-01-01 00:02:56,250819491.1828218
2025-01-01 00:02:57,248495761.30594164
2025-01-01 00:02:58,250990267.20103848
2025-01-01 00:02:59,249407537.8450775
2025-01-01 00:03:00,247115113.69193885
2025-01-01 00:03:01,251551597.5546765
2025-01-01 00:03:02,248451342.2042844
2025-01-01 00:03:03,253131862.62383544
2025-01-01 00:03:04,258337625.89437857
2025-01-01 00:03:05,256236470.12576556
2025-01-01 00:03:06,249350969.66414586
2025-01-01 00:03:07,244479837.10318556
2025-01-01 00:03:08,251558624.03749985
2025-01-01 00:03:09,245265677.16401008
2025-01-01 00:03:10,249329260.6547226
2025-01-01 00:03:11,245388220.5831719
2025-01-01 00:03:12,246319654.75003847
2025-01-01 00:03:13,241263978.35797924
2025-01-01 00:03:14,245666458.5950274
2025-01-01 00:03:15,247430600.15023094
2025-01-01 00:03:16,247394457.68503833
2025-01-01 00:03:17,257195877.0687112
2025-01-01 00:03:18,255453200.29063544
2025-01-01 00:03:19,255432435.7848966
2025-01-01 00:03:20,249577769.76830631
2025-01-01 00:03:21,252702323.1978967
2025-01-01 00:03:22,245880752.42518675
2025-01-01 00:03:23,250580585.96281478
2025-01-01 00:03:24,249106383.20979592
2025-01-01 00:03:25,245917316.15527737
2025-01-01 00:03:26,256542295.42643496
2025-01-01 00:03:27,250910726.05681223
2025-01-01 00:03:28,247374148.55461293
2025-01-01 00:03:29,247764506.250562
2025-01-01 00:03:30,250285816.7938523
2025-01-01 00:03:31,248942228.69404188
2025-01-01 00:03:32,252770129.16352373
2025-01-01 00:03:33,248592449.5615044
2025-01-01 00:03:34,249639807.2773268
2025-01-01 00:03:35,251493905.99784282
2025-01-01 00:03:36,250917733.9568379
2025-01-01 00:03:37,252828992.29904205
2025-01-01 00:03:38,253502305.44752595
2025-01-01 00:03:39,245139701.75684348
2025-01-01 00:03:40,245921478.3464571
2025-01-01 00:03:41,243152583.4924373
2025-01-01 00:03:42,241980618.00471112
2025-01-01 00:03:43,245196681.12558532
2025-01-01 00:03:44,246549764.95428592
2025-01-01 00:03:45,245858083.74875456
2025-01-01 00:03:46,243430121.8566462
2025-01-01 00:03:47,242583433.8938274
2025-01-01 00:03:48,244200942.03762448
2025-01-01 00:03:49,246914929.11867714
2025-01-01 00:03:50,251028271.0103529
2025-01-01 00:03:51,249706222.74067727
2025-01-01 00:03:52,250530796.64501002
2025-01-01 00:03:53,246602063.88195455
2025-01-01 00:03:54,244612911.66043305
2025-01-01 00:03:55,246311844.0702133
2025-01-01 00:03:56,248941052.817171
2025-01-01 00:03:57,250777816.85790524
2025-01-01 00:03:58,257380449.8132581
2025-01-01 00:03:59,250284473.1910376
2025-01-01 00:04:00,247255292.36596617
2025-01-01 00:04:01,247664292.62009525
2025-01-01 00:04:02,247052608.82786036
2025-01-01 00:04:03,247288852.05040297
2025-01-01 00:04:04,250148703.7648543
2025-01-01 00:04:05,257391034.628307
2025-01-01 00:04:06,249726869.88412136
2025-01-01 00:04:07,251053060.7452406
2025-01-01 00:04:08,259912788.04635057
2025-01-01 00:04:09,249744879.91776097
2025-01-01 00:04:10,254346387.19718578
2025-01-01 00:04:11,255172916.7654987
2025-01-01 00:04:12,254791646.43127114
2025-01-01 00:04:13,256301831.0935728
2025-01-01 00:04:14,252004671.85000592
2025-01-01 00:04:15,253438437.2999872
2025-01-01 00:04:16,252450516.38922143
2025-01-01 00:04:17,251506142.2613552
2025-01-01 00:04:18,256837502.20978355
2025-01-01 00:04:19,259075154.96494716
2025-01-01 00:04:20,258179114.99304694
2025-01-01 00:04:21,260696057.96114865
2025-01-01 00:04:22,255195824.55675492
2025-01-01 00:04:23,259786253.99711245
2025-01-01 00:04:24,256702661.27462527
2025-01-01 00:04:25,254089629.21579984
2025-01-01 00:04:26,253118916.88518506
2025-01-01 00:04:27,258948134.44281703
2025-01-01 00:04:28,260073639.23868024
2025-01-01 00:04:29,258744298.72479585
2025-01-01 00:04:30,250135581.07041195
2025-01-01 00:04:31,254033671.3278963
2025-01-01 00:04:32,255013486.72871175
2025-01-01 00:04:33,251677309.9498821
2025-01-01 00:04:34,253446183.44768536
2025-01-01 00:04:35,258945956.26412898
2025-01-01 00:04:36,257702077.04011592
2025-01-01 00:04:37,256848157.68957344
2025-01-01 00:04:38,260599426.43118837
2025-01-01 00:04:39,265471754.62051746
2025-01-01 00:04:40,259830937.84675553
2025-01-01 00:04:41,259658914.5279736
2025-01-01 00:04:42,258757790.72557804
2025-01-01 00:04:43,257017551.43918353
2025-01-01 00:04:44,256505639.55743337
2025-01-01 00:04:45,252881455.27471796
2025-01-01 00:04:46,252818087.72616956
2025-01-01 00:04:47,253662331.61444756
2025-01-01 00:04:48,252353485.94996288
2025-01-01 00:04:49,247874688.70386943
2025-01-01 00:04:50,256443349.15809634
2025-01-01 00:04:51,253411725.86696962
2025-01-01 00:04:52,247189570.8748059
2025-01-01 00:04:53,248722185.67535323
2025-01-01 00:04:54,244573797.9318327
2025-01-01 00:04:55,251091017.52064964
2025-01-01 00:04:56,253224709.83935103
2025-01-01 00:04:57,247629254.23176876
2025-01-01 00:04:58,251525647.86535788
2025-01-01 00:04:59,256258726.8937509
2025-01-01 00:05:00,251467321.8040575
2025-01-01 00:05:01,255161852.91902435
2025-01-01 00:05:02,258067716.8277025
2025-01-01 00:05:03,251724889.78319153
2025-01-01 00:05:04,257914534.6151232
2025-01-01 00:05:05,255442455.98105136
2025-01-01 00:05:06,259629495.1799754
2025-01-01 00:05:07,250468502.48998943
2025-01-01 00:05:08,250737225.15922055
2025-01-01 00:05:09,252737312.53775918
2025-01-01 00:05:10,253041791.3750249
2025-01-01 00:05:11,258343389.70822978
2025-01-01 00:05:12,262191084.5626145
2025-01-01 00:05:13,252169034.60470143
2025-01-01 00:05:14,253982963.97489765
2025-01-01 00:05:15,249456065.505889
2025-01-01 00:05:16,254777691.47009644
2025-01-01 00:05:17,251300090.43043935
2025-01-01 00:05:18,256048064.0999043
2025-01-01 00:05:19,249554826.94945067
2025-01-01 00:05:20,255151334.82155353
2025-01-01 00:05:21,248819346.40124315
2025-01-01 00:05:22,244566635.31303662
2025-01-01 00:05:23,249151725.21827084
2025-01-01 00:05:24,251462789.19673705
2025-01-01 00:05:25,251326040.8305082
2025-01-01 00:05:26,251440865.45684934
2025-01-01 00:05:27,251672107.24701464
2025-01-01 00:05:28,252849893.04749364
2025-01-01 00:05:29,250629808.3058258
2025-01-01 00:05:30,252002304.78598565
2025-01-01 00:05:31,250356892.06453243
2025-01-01 00:05:32,252201719.40230295
2025-01-01 00:05:33,257012811.97552827
2025-01-01 00:05:34,254811078.0624347
2025-01-01 00:05:35,246247964.79149744
2025-01-01 00:05:36,251439197.5345934
2025-01-01 00:05:37,251455183.96043473
2025-01-01 00:05:38,250292742.51891798
2025-01-01 00:05:39,255811722.55150387
2025-01-01 00:05:40,255657620.70013976
2025-01-01 00:05:41,259093706.96145776
2025-01-01 00:05:42,252559353.87875968
2025-01-01 00:05:43,252087205.72882295
2025-01-01 00:05:44,256595316.5347794
2025-01-01 00:05:45,261683758.48454684
2025-01-01 00:05:46,262002924.23656866
2025-01-01 00:05:47,256628253.24208394
2025-01-01 00:05:48,264310574.69959557
2025-01-01 00:05:49,261524580.12388366
2025-01-01 00:05:50,262376234.11285686
2025-01-01 00:05:51,257651255.44803563
2025-01-01 00:05:52,256947289.37587184
2025-01-01 00:05:53,260492821.62696385
2025-01-01 00:05:54,257063447.16902846
2025-01-01 00:05:55,257665633.72884616
2025-01-01 00:05:56,255018354.52303055
2025-01-01 00:05:57,256152488.05390468
2025-01-01 00:05:58,258831026.99243376
2025-01-01 00:05:59,254305449.64838123
2025-01-01 00:06:00,255110064.67660126
2025-01-01 00:06:01,251602876.89189762
2025-01-01 00:06:02,256850718.46572533
2025-01-01 00:06:03,254826182.21479777
2025-01-01 00:06:04,256943719.41525844
2025-01-01 00:06:05,256192010.21586162
2025-01-01 00:06:06,254430449.29520464
2025-01-01 00:06:07,257264271.7399258
2025-01-01 00:06:08,259668272.25745213
2025-01-01 00:06:09,263696781.5084853
2025-01-01 00:06:10,256874698.81264213
2025-01-01 00:06:11,260445505.54149795
2025-01-01 00:06:12,255297797.05436978
2025-01-01 00:06:13,247489380.1373273
2025-01-01 00:06:14,247901830.06563812
2025-01-01 00:06:15,247641411.4748253
2025-01-01 00:06:16,252098120.14460728
2025-01-01 00:06:17,253647390.310255
2025-01-01 00:06:18,254817056.68590632
2025-01-01 00:06:19,256791041.6887488
2025-01-01 00:06:20,254790669.01979297
2025-01-01 00:06:21,255599739.50624794
2025-01-01 00:06:22,255423122.6312204
2025-01-01 00:06:23,247580900.45937842
2025-01-01 00:06:24,255072582.764211
2025-01-01 00:06:25,247223171.00488317
2025-01-01 00:06:26,250819345.20035827
2025-01-01 00:06:27,253203226.1480067
2025-01-01 00:06:28,255017329.44780132
2025-01-01 00:06:29,253986618.9424995
2025-01-01 00:06:30,252139629.6607835
2025-01-01 00:06:31,255879435.1829009
2025-01-01 00:06:32,255146253.30665228
2025-01-01 00:06:33,253902018.67236203
2025-01-01 00:06:34,254095304.39721242
2025-01-01 00:06:35,253070639.3382592
2025-01-01 00:06:36,253080667.32723284
2025-01-01 00:06:37,252727540.29002476
2025-01-01 00:06:38,249295568.20092192
2025-01-01 00:06:39,251624106.25354666
2025-01-01 00:06:40,250399823.39999574
2025-01-01 00:06:41,247079749.18264234
2025-01-01 00:06:42,250971178.53922713
2025-01-01 00:06:43,253482343.817955
2025-01-01 00:06:44,253367462.44238988
2025-01-01 00:06:45,252772611.987197
2025-01-01 00:06:46,246442337.7422013
2025-01-01 00:06:47,246045287.67455542
2025-01-01 00:06:48,244399504.99100053
2025-01-01 00:06:49,247917668.68268156
2025-01-01 00:06:50,253022809.56564686
2025-01-01 00:06:51,249464034.2875912
2025-01-01 00:06:52,250250256.16872653
2025-01-01 00:06:53,247796700.48228002
2025-01-01 00:06:54,244555844.54171538
2025-01-01 00:06:55,248867999.90728867
2025-01-01 00:06:56,248744252.9083677
2025-01-01 00:06:57,249896153.70464355
2025-01-01 00:06:58,253945497.99165326
2025-01-01 00:06:59,255065560.98121905
2025-01-01 00:07:00,251602553.9101596
2025-01-01 00:07:01,249678563.20169097
2025-01-01 00:07:02,247835422.3905476
2025-01-01 00:07:03,250623740.05120888
2025-01-01 00:07:04,248299899.0894903
2025-01-01 00:07:05,240817621.47873905
2025-01-01 00:07:06,248641443.73424837
2025-01-01 00:07:07,243540944.37346044
2025-01-01 00:07:08,253705471.89039496
2025-01-01 00:07:09,246601374.33985177
2025-01-01 00:07:10,243312183.0211469
2025-01-01 00:07:11,247410029.18240076
2025-01-01 00:07:12,244737902.82413825
2025-01-01 00:07:13,239986356.59478408
2025-01-01 00:07:14,244434773.95532772
2025-01-01 00:07:15,248583568.33974063
2025-01-01 00:07:16,250362050.79952288
2025-01-01 00:07:17,246096697.9875377
2025-01-01 00:07:18,244530894.40259042
2025-01-01 00:07:19,243439968.92528707
2025-01-01 00:07:20,244333876.52734995
2025-01-01 00:07:21,242436476.2552526
2025-01-01 00:07:22,241604062.79928657
2025-01-01 00:07:23,248662962.4163436
2025-01-01 00:07:24,248804874.6477839
2025-01-01 00:07:25,249930881.1305309
2025-01-01 00:07:26,251874283.59051454
2025-01-01 00:07:27,250064777.57591814
2025-01-01 00:07:28,248941727.91541338
2025-01-01 00:07:29,256725467.3617706
2025-01-01 00:07:30,252914834.20576504
2025-01-01 00:07:31,253389813.08474672
2025-01-01 00:07:32,245753347.48872048
2025-01-01 00:07:33,248397479.34911555
2025-01-01 00:07:34,253419499.74106285
2025-01-01 00:07:35,249702040.24641612
2025-01-01 00:07:36,251308172.29457375
2025-01-01 00:07:37,256943694.93948865
2025-01-01 00:07:38,251898048.19778475
2025-01-01 00:07:39,248129035.03319514
2025-01-01 00:07:40,247152344.33637694
2025-01-01 00:07:41,248374496.9878727
2025-01-01 00:07:42,249372674.2193868
2025-01-01 00:07:43,246675580.95216417
2025-01-01 00:07:44,248235415.9481615
2025-01-01 00:07:45,242711878.5423063
2025-01-01 00:07:46,245718284.03877157
2025-01-01 00:07:47,250641721.29287168
2025-01-01 00:07:48,248172304.24345088
2025-01-01 00:07:49,248307159.10445702
2025-01-01 00:07:50,247020791.06716418
2025-01-01 00:07:51,246149795.6476545
2025-01-01 00:07:52,247582325.2132559
2025-01-01 00:07:53,247360384.73053315
2025-01-01 00:07:54,247516495.5965233
2025-01-01 00:07:55,243221984.8696219
2025-01-01 00:07:56,248488451.7898423
2025-01-01 00:07:57,247585411.54353213
2025-01-01 00:07:58,253368181.69915524
2025-01-01 00:07:59,249305989.8788074
2025-01-01 00:08:00,247405826.1535665
2025-01-01 00:08:01,252002256.44713646
2025-01-01 00:08:02,253168401.15417778
2025-01-01 00:08:03,254707655.9921077
2025-01-01 00:08:04,250255701.88954714
2025-01-01 00:08:05,252691680.18925098
2025-01-01 00:08:06,250125647.71828112
2025-01-01 00:08:07,251928069.79014108
2025-01-01 00:08:08,246774933.86219487
2025-01-01 00:08:09,250200704.28987947
2025-01-01 00:08:10,255929684.90093017
2025-01-01 00:08:11,257622994.49139345
2025-01-01 00:08:12,255145344.81260115
2025-01-01 00:08:13,253557537.27064553
2025-01-01 00:08:14,260466105.02709597
2025-01-01 00:08:15,253106072.21280283
2025-01-01 00:08:16,251353429.71496835
2025-01-01 00:08:17,251752633.3237122
2025-01-01 00:08:18,256592957.3487425
2025-01-01 00:08:19,254704578.28832263
2025-01-01 00:08:20,256312453.572388
2025-01-01 00:08:21,253845221.90483496
2025-01-01 00:08:22,250012764.94212732
2025-01-01 00:08:23,250152916.64589325
2025-01-01 00:08:24,248424533.48282424
2025-01-01 00:08:25,245184156.70664513
2025-01-01 00:08:26,249744369.2933665
2025-01-01 00:08:27,250965490.95842046
2025-01-01 00:08:28,249214732.75117353
2025-01-01 00:08:29,253104300.3472563
2025-01-01 00:08:30,245001906.99302846
2025-01-01 00:08:31,238356762.33433878
2025-01-01 00:08:32,247982590.45512158
2025-01-01 00:08:33,248243004.09117642
2025-01-01 00:08:34,248315046.06561407
2025-01-01 00:08:35,248397639.84702688
2025-01-01 00:08:36,253900027.76193374
2025-01-01 00:08:37,252782498.30785957
2025-01-01 00:08:38,253168154.71501696
2025-01-01 00:08:39,252854161.9525754
2025-01-01 00:08:40,253823108.8840613
2025-01-01 00:08:41,254714898.8806131
2025-01-01 00:08:42,251694255.95935947
2025-01-01 00:08:43,251963910.0436949
2025-01-01 00:08:44,251404021.9806102
2025-01-01 00:08:45,245371862.6941793
2025-01-01 00:08:46,247356186.53194457
2025-01-01 00:08:47,247884483.37072998
2025-01-01 00:08:48,248019898.88898346
2025-01-01 00:08:49,251053380.9827764
2025-01-01 00:08:50,247515223.56067085
2025-01-01 00:08:51,247849052.27883998
2025-01-01 00:08:52,243968475.9368264
2025-01-01 00:08:53,247969551.6418906
2025-01-01 00:08:54,251630564.80330828
2025-01-01 00:08:55,255530763.52793527
2025-01-01 00:08:56,254369610.81494257
2025-01-01 00:08:57,243689142.39760226
2025-01-01 00:08:58,246179375.93146735
2025-01-01 00:08:59,247726500.96217796
2025-01-01 00:09:00,247987907.9086353
2025-01-01 00:09:01,244647772.41755018
2025-01-01 00:09:02,249472158.8416876
2025-01-01 00:09:03,249492734.20045152
2025-01-01 00:09:04,251438189.07649836
2025-01-01 00:09:05,258995161.1918767
2025-01-01 00:09:06,259931869.39615965
2025-01-01 00:09:07,251732535.54076245
2025-01-01 00:09:08,257265834.9461167
2025-01-01 00:09:09,251069060.2059334
2025-01-01 00:09:10,251024346.0338204
2025-01-01 00:09:11,249774518.67079616
2025-01-01 00:09:12,244131064.2418846
2025-01-01 00:09:13,238759785.21699652
2025-01-01 00:09:14,243906822.75444204
2025-01-01 00:09:15,243476515.46569592
2025-01-01 00:09:16,239526343.79515997
2025-01-01 00:09:17,242454870.99191052
2025-01-01 00:09:18,240115065.1486005
2025-01-01 00:09:19,242121970.57499328
2025-01-01 00:09:20,239706291.40137
2025-01-01 00:09:21,246692244.48775616
2025-01-01 00:09:22,248917017.37400195
2025-01-01 00:09:23,243899291.2602339
2025-01-01 00:09:24,244962811.99483895
2025-01-01 00:09:25,245918117.01732594
2025-01-01 00:09:26,243988912.74758568
2025-01-01 00:09:27,246368997.8064782
2025-01-01 00:09:28,249003614.38005233
2025-01-01 00:09:29,248208200.7542001
2025-01-01 00:09:30,249823506.1641059
2025-01-01 00:09:31,246037920.1033371
2025-01-01 00:09:32,246390917.6972886
2025-01-01 00:09:33,244597768.59398448
2025-01-01 00:09:34,243373580.90793145
2025-01-01 00:09:35,245927874.62085152
2025-01-01 00:09:36,246417459.71090847
2025-01-01 00:09:37,240002527.60736963
2025-01-01 00:09:38,240977110.58183858
2025-01-01 00:09:39,243926743.0020801
2025-01-01 00:09:40,247491138.4910746
2025-01-01 00:09:41,245498605.5443934
2025-01-01 00:09:42,243782747.63550553
2025-01-01 00:09:43,245143461.6985066
2025-01-01 00:09:44,241839798.69434303
2025-01-01 00:09:45,251305317.31815836
2025-01-01 00:09:46,245879186.84097257
2025-01-01 00:09:47,243590333.2285409
2025-01-01 00:09:48,251300138.11557853
2025-01-01 00:09:49,251046876.59197667
2025-01-01 00:09:50,260373550.1057978
2025-01-01 00:09:51,259859169.16258407
2025-01-01 00:09:52,256798746.4815045
2025-01-01 00:09:53,261534030.2847892
2025-01-01 00:09:54,253862374.47927102
2025-01-01 00:09:55,253359690.2241178
2025-01-01 00:09:56,250195420.30070373
2025-01-01 00:09:57,248151321.3944736
2025-01-01 00:09:58,254700708.74547127
2025-01-01 00:09:59,251233758.74764815
2025-01-01 00:10:00,251017285.8853722
2025-01-01 00:10:01,245126833.92734015
2025-01-01 00:10:02,248685825.60508376
2025-01-01 00:10:03,242234006.34449843
2025-01-01 00:10:04,247973491.0601984
2025-01-01 00:10:05,245057571.19877866
2025-01-01 00:10:06,255576994.97500017
2025-01-01 00:10:07,250586267.41812408
2025-01-01 00:10:08,248261647.58879405
2025-01-01 00:10:09,245493068.0048899
2025-01-01 00:10:10,245063956.44846293
2025-01-01 00:10:11,238919785.9431275
2025-01-01 00:10:12,243296215.88934198
2025-01-01 00:10:13,247371100.43956944
2025-01-01 00:10:14,246710346.39464495
2025-01-01 00:10:15,242494671.48875612
2025-01-01 00:10:16,249936803.3534073
2025-01-01 00:10:17,255340882.65084574
2025-01-01 00:10:18,248186124.05710837
2025-01-01 00:10:19,240455675.12036416
2025-01-01 00:10:20,243556400.73839334
2025-01-01 00:10:21,239260805.29946455
2025-01-01 00:10:22,242968260.89946353
2025-01-01 00:10:23,239825017.78531936
2025-01-01 00:10:24,241583334.0563513
2025-01-01 00:10:25,249351038.2639795
2025-01-01 00:10:26,251235046.81636688
2025-01-01 00:10:27,253635829.93993056
2025-01-01 00:10:28,254745299.00498065
2025-01-01 00:10:29,251090390.98374957
2025-01-01 00:10:30,246811917.60344824
2025-01-01 00:10:31,245986307.05781978
2025-01-01 00:10:32,245147949.0544292
2025-01-01 00:10:33,242071126.23224145
2025-01-01 00:10:34,237552724.6625261
2025-01-01 00:10:35,242394514.9014163
2025-01-01 00:10:36,243602448.20704362
2025-01-01 00:10:37,237619081.5918261
2025-01-01 00:10:38,246992320.80215335
2025-01-01 00:10:39,245100892.45311782
2025-01-01 00:10:40,249113788.80474627
2025-01-01 00:10:41,254596907.68291226
2025-01-01 00:10:42,258649861.3307739
2025-01-01 00:10:43,255876946.19842455
2025-01-01 00:10:44,252196069.66546303
2025-01-01 00:10:45,251627476.17798823
2025-01-01 00:10:46,252795309.75565752
2025-01-01 00:10:47,257157453.1302748
2025-01-01 00:10:48,255873413.46945187
2025-01-01 00:10:49,258037852.1817131
2025-01-01 00:10:50,255528127.46903008
2025-01-01 00:10:51,250010551.59538794
2025-01-01 00:10:52,248676479.21498212
2025-01-01 00:10:53,250221743.16467977
2025-01-01 00:10:54,244521282.91956615
2025-01-01 00:10:55,243563341.1451506
2025-01-01 00:10:56,248045691.55384842
2025-01-01 00:10:57,246506927.14175433
2025-01-01 00:10:58,249122523.27914405
2025-01-01 00:10:59,246881368.45716098
2025-01-01 00:11:00,248284037.35234076
2025-01-01 00:11:01,256135988.28314787
2025-01-01 00:11:02,258450511.1636296
2025-01-01 00:11:03,258187025.9196928
2025-01-01 00:11:04,256272404.51082912
2025-01-01 00:11:05,261609520.04773277
2025-01-01 00:11:06,251758808.84227535
2025-01-01 00:11:07,248390186.38529116
2025-01-01 00:11:08,252074395.44967952
2025-01-01 00:11:09,256387756.3671997
2025-01-01 00:11:10,248916963.42372346
2025-01-01 00:11:11,241095087.7082994
2025-01-01 00:11:12,250432071.12479195
2025-01-01 00:11:13,249281276.57393906
2025-01-01 00:11:14,247133674.79128692
2025-01-01 00:11:15,245336265.16205096
2025-01-01 00:11:16,248933372.09812853
2025-01-01 00:11:17,243315432.00578767
2025-01-01 00:11:18,242983115.87554464
2025-01-01 00:11:19,239898800.9274294
2025-01-01 00:11:20,244528725.61802134
2025-01-01 00:11:21,242247265.8488275
2025-01-01 00:11:22,247164945.15161934
2025-01-01 00:11:23,251118375.35313407
2025-01-01 00:11:24,248787346.49229568
2025-01-01 00:11:25,246999523.68353683
2025-01-01 00:11:26,244952497.61739227
2025-01-01 00:11:27,247897051.59373966
2025-01-01 00:11:28,253389226.372311
2025-01-01 00:11:29,246573643.81062827
2025-01-01 00:11:30,248145816.27931374
2025-01-01 00:11:31,242521642.37238184
2025-01-01 00:11:32,245868420.04908156
2025-01-01 00:11:33,250201745.0819808
2025-01-01 00:11:34,248685224.98132643
2025-01-01 00:11:35,251987898.41653752
2025-01-01 00:11:36,252171871.71093246
2025-01-01 00:11:37,250561896.2906808
2025-01-01 00:11:38,248118968.01551756
2025-01-01 00:11:39,251793541.93064567
2025-01-01 00:11:40,254112196.342606
2025-01-01 00:11:41,258297449.87635195
2025-01-01 00:11:42,259141801.61244553
2025-01-01 00:11:43,251765803.57857347
2025-01-01 00:11:44,251621902.9329775
2025-01-01 00:11:45,254259446.8480745
2025-01-01 00:11:46,254525140.73845735
2025-01-01 00:11:47,248730978.37418458
2025-01-01 00:11:48,248179142.6910206
2025-01-01 00:11:49,249921018.29367426
2025-01-01 00:11:50,253802445.74741256
2025-01-01 00:11:51,251082111.46874624
2025-01-01 00:11:52,253908457.30215436
2025-01-01 00:11:53,252357112.9594436
2025-01-01 00:11:54,252889464.64210743
2025-01-01 00:11:55,252336936.9973027
2025-01-01 00:11:56,245048832.9542443
2025-01-01 00:11:57,247439927.2727512
2025-01-01 00:11:58,248972667.50968197
2025-01-01 00:11:59,245175010.33299506
2025-01-01 00:12:00,244933152.3131657
2025-01-01 00:12:01,245877546.00821608
2025-01-01 00:12:02,249612871.36867896
2025-01-01 00:12:03,246459520.4346458
2025-01-01 00:12:04,244070893.68588594
2025-01-01 00:12:05,247742348.62027493
2025-01-01 00:12:06,248967106.07316753
2025-01-01 00:12:07,248210864.95939448
2025-01-01 00:12:08,254240401.20690212
2025-01-01 00:12:09,248840839.06899422
2025-01-01 00:12:10,246605563.7765985
2025-01-01 00:12:11,246729061.8570478
2025-01-01 00:12:12,243653835.75071722
2025-01-01 00:12:13,246442937.31550896
2025-01-01 00:12:14,248580036.64804688
2025-01-01 00:12:15,248344023.92287394
2025-01-01 00:12:16,244944122.62202263
2025-01-01 00:12:17,244322301.2608796
2025-01-01 00:12:18,246634826.06959313
2025-01-01 00:12:19,245823935.8230712
2025-01-01 00:12:20,250666257.9727563
2025-01-01 00:12:21,252260228.99311396
2025-01-01 00:12:22,248782529.18567228
2025-01-01 00:12:23,253410434.79141945
2025-01-01 00:12:24,258540306.54911095
2025-01-01 00:12:25,251885345.661869
2025-01-01 00:12:26,256878395.70901814
2025-01-01 00:12:27,257799924.6574932
2025-01-01 00:12:28,251573105.43959308
2025-01-01 00:12:29,250213776.28773326
2025-01-01 00:12:30,252012602.20707148
2025-01-01 00:12:31,254350191.98077565
2025-01-01 00:12:32,252696326.4815904
2025-01-01 00:12:33,253638053.99649867
2025-01-01 00:12:34,255658655.30826205
2025-01-01 00:12:35,256459454.31794485
2025-01-01 00:12:36,260055443.92760703
2025-01-01 00:12:37,256614617.46756253
2025-01-01 00:12:38,252870090.0090962
2025-01-01 00:12:39,257243350.9324246
2025-01-01 00:12:40,253709561.93845904
2025-01-01 00:12:41,258850145.7954494
2025-01-01 00:12:42,258405841.50556174
2025-01-01 00:12:43,260428319.7549612
2025-01-01 00:12:44,254730694.95671666
2025-01-01 00:12:45,255264005.13567227
2025-01-01 00:12:46,249214312.8786779
2025-01-01 00:12:47,252854947.34338203
2025-01-01 00:12:48,257766750.69990665
2025-01-01 00:12:49,258358190.23342445
2025-01-01 00:12:50,249761482.8678577
2025-01-01 00:12:51,248725624.87132403
2025-01-01 00:12:52,249702467.31152314
2025-01-01 00:12:53,254000220.93905818
2025-01-01 00:12:54,253086388.45887503
2025-01-01 00:12:55,252371450.79578865
2025-01-01 00:12:56,248172248.7496154
2025-01-01 00:12:57,255574161.32198045
2025-01-01 00:12:58,251405229.3306031
2025-01-01 00:12:59,249268857.9844796
2025-01-01 00:13:00,258856879.27327716
2025-01-01 00:13:01,255027904.26499087
2025-01-01 00:13:02,254131221.07957792
2025-01-01 00:13:03,246238849.21839112
2025-01-01 00:13:04,245196189.84567592
2025-01-01 00:13:05,253465774.3981702
2025-01-01 00:13:06,252114005.97894272
2025-01-01 00:13:07,251986294.10970557
2025-01-01 00:13:08,249539297.18040967
2025-01-01 00:13:09,251632196.30648792
2025-01-01 00:13:10,250092980.2289627
2025-01-01 00:13:11,253982995.47140118
2025-01-01 00:13:12,251762904.46651363
2025-01-01 00:13:13,250472184.92663798
2025-01-01 00:13:14,249429770.84298286
2025-01-01 00:13:15,247512018.93400913
2025-01-01 00:13:16,250562908.7669638
2025-01-01 00:13:17,248908659.20205465
2025-01-01 00:13:18,240175166.0501127
2025-01-01 00:13:19,232795510.1167563
2025-01-01 00:13:20,238207238.71872565
2025-01-01 00:13:21,243153731.93569735
2025-01-01 00:13:22,239393797.9889572
2025-01-01 00:13:23,244372800.3758224
2025-01-01 00:13:24,246382892.28655276
2025-01-01 00:13:25,243166541.44506106
2025-01-01 00:13:26,240070880.76617992
2025-01-01 00:13:27,243530216.26237592
2025-01-01 00:13:28,247587759.65083236
2025-01-01 00:13:29,249194025.49966207
2025-01-01 00:13:30,249561740.03750676
2025-01-01 00:13:31,247120082.93852
2025-01-01 00:13:32,240585060.2489154
2025-01-01 00:13:33,245932701.62650287
2025-01-01 00:13:34,251487541.5186384
2025-01-01 00:13:35,243659743.94543946
2025-01-01 00:13:36,250309161.39240617
2025-01-01 00:13:37,245838070.36507913
2025-01-01 00:13:38,245420330.67945498
2025-01-01 00:13:39,244944765.25496453
2025-01-01 00:13:40,243412022.05435774
2025-01-01 00:13:41,248301346.42689517
2025-01-01 00:13:42,250315935.04851595
2025-01-01 00:13:43,246360312.650379
2025-01-01 00:13:44,252383918.5264783
2025-01-01 00:13:45,251497908.62555915
2025-01-01 00:13:46,240981546.35334617
2025-01-01 00:13:47,255626243.67730653
2025-01-01 00:13:48,247122586.25026062
2025-01-01 00:13:49,247422774.08941072
2025-01-01 00:13:50,250002647.5915222
2025-01-01 00:13:51,248223086.6992868
2025-01-01 00:13:52,239147610.0045604
2025-01-01 00:13:53,254918137.39401823
2025-01-01 00:13:54,254332303.44553727
2025-01-01 00:13:55,243964046.24510932
2025-01-01 00:13:56,241047376.36112463
2025-01-01 00:13:57,241490181.5859728
2025-01-01 00:13:58,238560500.63081262
2025-01-01 00:13:59,247809832.1968091
2025-01-01 00:14:00,248048995.50754023
2025-01-01 00:14:01,251174740.3662489
2025-01-01 00:14:02,242880303.77460337
2025-01-01 00:14:03,247755898.01726416
2025-01-01 00:14:04,250092362.89019692
2025-01-01 00:14:05,249020283.0410285
2025-01-01 00:14:06,257587499.9055825
2025-01-01 00:14:07,251289019.1936465
2025-01-01 00:14:08,245459655.4381951
2025-01-01 00:14:09,242491130.53783843
2025-01-01 00:14:10,251729830.23866528
2025-01-01 00:14:11,246508750.44340613
2025-01-01 00:14:12,243305815.0873626
2025-01-01 00:14:13,244015086.2090411
2025-01-01 00:14:14,247771003.43724146
2025-01-01 00:14:15,246994731.15060073
2025-01-01 00:14:16,244401967.03420746
2025-01-01 00:14:17,250085549.30279297
2025-01-01 00:14:18,250231283.00757366
2025-01-01 00:14:19,251742608.59151468
2025-01-01 00:14:20,241013530.03066266
2025-01-01 00:14:21,243040756.0562396
2025-01-01 00:14:22,243508884.02551708
2025-01-01 00:14:23,243981244.7327879
2025-01-01 00:14:24,235825143.32917866
2025-01-01 00:14:25,235969911.83681574
2025-01-01 00:14:26,236341724.4159607
2025-01-01 00:14:27,239238039.93864045
2025-01-01 00:14:28,238352302.67674685
2025-01-01 00:14:29,237436089.07440716
2025-01-01 00:14:30,241910931.99428132
2025-01-01 00:14:31,246531323.52459374
2025-01-01 00:14:32,238828270.9935295
2025-01-01 00:14:33,246022336.40775147
2025-01-01 00:14:34,245099917.78338075
2025-01-01 00:14:35,247129982.90263182
2025-01-01 00:14:36,238402040.90072688
2025-01-01 00:14:37,242699154.11886883
2025-01-01 00:14:38,245911246.45725313
2025-01-01 00:14:39,247936312.70559284
2025-01-01 00:14:40,248072288.56242204
2025-01-01 00:14:41,246724589.1208845
2025-01-01 00:14:42,242847553.79633293
2025-01-01 00:14:43,239164406.8677863
2025-01-01 00:14:44,245359558.01895306
2025-01-01 00:14:45,247670770.5888182
2025-01-01 00:14:46,246353065.70390436
2025-01-01 00:14:47,250243585.84166408
2025-01-01 00:14:48,247930764.84697348
2025-01-01 00:14:49,244196203.18240595
2025-01-01 00:14:50,242172935.15043616
2025-01-01 00:14:51,246930080.81558424
2025-01-01 00:14:52,247002057.74846518
2025-01-01 00:14:53,250578533.4847935
2025-01-01 00:14:54,251326449.14535627
2025-01-01 00:14:55,250502530.23082656
2025-01-01 00:14:56,246226973.56238154
2025-01-01 00:14:57,248348756.58108854
2025-01-01 00:14:58,242037857.3488715
2025-01-01 00:14:59,242019757.6027758
2025-01-01 00:15:00,244842597.48706222
2025-01-01 00:15:01,244475359.42341074
2025-01-01 00:15:02,246501264.0066484
2025-01-01 00:15:03,244779532.01137212
2025-01-01 00:15:04,246101133.34870154
2025-01-01 00:15:05,253127158.46696618
2025-01-01 00:15:06,248266208.55605164
2025-01-01 00:15:07,247385434.0071962
2025-01-01 00:15:08,245571410.24794716
2025-01-01 00:15:09,245693517.3440677
2025-01-01 00:15:10,247629386.70742348
2025-01-01 00:15:11,252759339.27502844
2025-01-01 00:15:12,254475243.69750205
2025-01-01 00:15:13,251828893.48075604
2025-01-01 00:15:14,255501259.44766614
2025-01-01 00:15:15,250277442.74870747
2025-01-01 00:15:16,254863386.76597917
2025-01-01 00:15:17,249489733.03786442
2025-01-01 00:15:18,246836094.99091494
2025-01-01 00:15:19,239824251.82431915
2025-01-01 00:15:20,242712245.2093024
2025-01-01 00:15:21,239478078.1734553
2025-01-01 00:15:22,247130845.28860894
2025-01-01 00:15:23,248481772.07802495
2025-01-01 00:15:24,249040183.10984635
2025-01-01 00:15:25,248220216.59185612
2025-01-01 00:15:26,248504016.83502355
2025-01-01 00:15:27,247743601.8687397
2025-01-01 00:15:28,243398927.78822786
2025-01-01 00:15:29,247125115.24381784
2025-01-01 00:15:30,247322876.6930779
2025-01-01 00:15:31,245961969.5587537
2025-01-01 00:15:32,241697651.35552076
2025-01-01 00:15:33,245929793.3697353
2025-01-01 00:15:34,240565632.40289596
2025-01-01 00:15:35,245308464.35624698
2025-01-01 00:15:36,243102362.25355858
2025-01-01 00:15:37,241966047.94293034
2025-01-01 00:15:38,243449376.3916082
2025-01-01 00:15:39,243157497.78891358
2025-01-01 00:15:40,249488007.33658776
2025-01-01 00:15:41,248527937.61527732
2025-01-01 00:15:42,253700514.54337886
2025-01-01 00:15:43,248618134.9258634
2025-01-01 00:15:44,245599113.62051663
2025-01-01 00:15:45,246428816.28115514
2025-01-01 00:15:46,255749264.9099372
2025-01-01 00:15:47,253313218.35030463
2025-01-01 00:15:48,245705863.5680421
2025-01-01 00:15:49,251202510.86161852
2025-01-01 00:15:50,246784908.99704298
2025-01-01 00:15:51,249048496.3004344
2025-01-01 00:15:52,249727005.39079598
2025-01-01 00:15:53,255057758.35106555
2025-01-01 00:15:54,257068511.79780665
2025-01-01 00:15:55,247346440.76753512
2025-01-01 00:15:56,251719172.71591678
2025-01-01 00:15:57,248709359.775645
2025-01-01 00:15:58,243773752.05737075
2025-01-01 00:15:59,246662735.9930576
2025-01-01 00:16:00,244778373.92060632
2025-01-01 00:16:01,244714914.9767606
2025-01-01 00:16:02,245454557.43313074
2025-01-01 00:16:03,250162013.94056726
2025-01-01 00:16:04,248160792.03323102
2025-01-01 00:16:05,244130663.3602262
2025-01-01 00:16:06,245655661.0026164
2025-01-01 00:16:07,242230546.23564985
2025-01-01 00:16:08,246929255.72183186
2025-01-01 00:16:09,250887525.56329313
2025-01-01 00:16:10,248692585.33748803
2025-01-01 00:16:11,244751658.94737938
2025-01-01 00:16:12,240794894.86013654
2025-01-01 00:16:13,246780133.38557798
2025-01-01 00:16:14,247729613.8176041
2025-01-01 00:16:15,246767568.51403207
2025-01-01 00:16:16,248989783.58150727
2025-01-01 00:16:17,244315282.53728402
2025-01-01 00:16:18,246364435.50013563
2025-01-01 00:16:19,245061035.02576572
2025-01-01 00:16:20,242818321.25409052
2025-01-01 00:16:21,247725780.3925188
2025-01-01 00:16:22,243185329.0226288
2025-01-01 00:16:23,248527964.23073733
2025-01-01 00:16:24,249030809.68617815
2025-01-01 00:16:25,248607784.87690687
2025-01-01 00:16:26,245224041.01598182
2025-01-01 00:16:27,249417233.92156565
2025-01-01 00:16:28,247206590.20537484
2025-01-01 00:16:29,249723741.35293603
2025-01-01 00:16:30,250179274.48222145
2025-01-01 00:16:31,248304396.7983317
2025-01-01 00:16:32,252781470.0395604
2025-01-01 00:16:33,247946187.18480957
2025-01-01 00:16:34,247183930.3778977
2025-01-01 00:16:35,249258050.93913072
2025-01-01 00:16:36,252830879.27648556
2025-01-01 00:16:37,254390341.5592365
2025-01-01 00:16:38,249333254.0221545
2025-01-01 00:16:39,253034901.8859806
2025-01-01 00:16:40,259618492.32196915
2025-01-01 00:16:41,252719422.6111942
2025-01-01 00:16:42,249948632.40216774
2025-01-01 00:16:43,250221774.46743488
2025-01-01 00:16:44,255713442.93807283
2025-01-01 00:16:45,255898224.17621964
2025-01-01 00:16:46,252499967.74175268
2025-01-01 00:16:47,246694317.96049547
2025-01-01 00:16:48,248979550.03635
2025-01-01 00:16:49,249932551.02449667
2025-01-01 00:16:50,254023379.6924995
2025-01-01 00:16:51,257403293.97895834
2025-01-01 00:16:52,254168262.1234388
2025-01-01 00:16:53,255118333.7863406
2025-01-01 00:16:54,246632320.20248938
2025-01-01 00:16:55,245964408.94282183
2025-01-01 00:16:56,250847200.54530203
2025-01-01 00:16:57,250932337.528983
2025-01-01 00:16:58,246225829.33571017
2025-01-01 00:16:59,250113045.2826492
2025-01-01 00:17:00,252476008.02990928
2025-01-01 00:17:01,255921066.96518818
2025-01-01 00:17:02,254025739.6731415
2025-01-01 00:17:03,255080925.57492408
2025-01-01 00:17:04,257120819.41052952
2025-01-01 00:17:05,252354727.46945447
2025-01-01 00:17:06,243863208.45833597
2025-01-01 00:17:07,240436986.32041857
2025-01-01 00:17:08,235715277.78777885
2025-01-01 00:17:09,237003825.69465092
2025-01-01 00:17:10,241025607.22948307
2025-01-01 00:17:11,244542023.17962655
2025-01-01 00:17:12,244061219.54811373
2025-01-01 00:17:13,244667550.76083723
2025-01-01 00:17:14,241500356.78136078
2025-01-01 00:17:15,241516033.22274786
2025-01-01 00:17:16,242680567.52437428
2025-01-01 00:17:17,243116837.1025294
2025-01-01 00:17:18,248066379.4329141
2025-01-01 00:17:19,248622413.6807923
2025-01-01 00:17:20,253927123.07341707
2025-01-01 00:17:21,249342914.56347024
2025-01-01 00:17:22,247312609.44249403
2025-01-01 00:17:23,245302709.75170606
2025-01-01 00:17:24,245621327.6894348
2025-01-01 00:17:25,241427485.75710335
2025-01-01 00:17:26,246365648.98610163
2025-01-01 00:17:27,242141350.9056408
2025-01-01 00:17:28,244845763.9369874
2025-01-01 00:17:29,249690502.5235485
2025-01-01 00:17:30,251579800.11779365
2025-01-01 00:17:31,250964981.46328282
2025-01-01 00:17:32,255882669.62433818
2025-01-01 00:17:33,249720224.1913858
2025-01-01 00:17:34,253310970.36628693
2025-01-01 00:17:35,254097120.90421453
2025-01-01 00:17:36,250434842.8087526
2025-01-01 00:17:37,245839157.58770946
2025-01-01 00:17:38,239769939.11302862
2025-01-01 00:17:39,236939623.98144686
2025-01-01 00:17:40,244017101.04551354
2025-01-01 00:17:41,248320445.4399852
2025-01-01 00:17:42,237124711.79867727
2025-01-01 00:17:43,244281392.209635
2025-01-01 00:17:44,240983856.26730487
2025-01-01 00:17:45,246891159.33726066
2025-01-01 00:17:46,248445897.45602617
2025-01-01 00:17:47,246058642.7142473
2025-01-01 00:17:48,248961739.1454865
2025-01-01 00:17:49,246932562.58066845
2025-01-01 00:17:50,255147387.85571602
2025-01-01 00:17:51,241850054.1871483
2025-01-01 00:17:52,245037983.69792208
2025-01-01 00:17:53,247643623.12241814
2025-01-01 00:17:54,240505998.2759169
2025-01-01 00:17:55,243516201.58417335
2025-01-01 00:17:56,245149273.19395155
2025-01-01 00:17:57,246776620.14135125
2025-01-01 00:17:58,247760853.40765098
2025-01-01 00:17:59,253909054.21353865
2025-01-01 00:18:00,253485902.90731886
2025-01-01 00:18:01,252333075.58550292
2025-01-01 00:18:02,252745572.04454207
2025-01-01 00:18:03,255440045.89232168
2025-01-01 00:18:04,250494931.58936253
2025-01-01 00:18:05,246720714.0532048
2025-01-01 00:18:06,245728438.58876696
2025-01-01 00:18:07,253198286.26510936
2025-01-01 00:18:08,257098203.52012253
2025-01-01 00:18:09,253702463.16538623
2025-01-01 00:18:10,251590226.14304242
2025-01-01 00:18:11,250670931.35980645
2025-01-01 00:18:12,253255847.39853594
2025-01-01 00:18:13,256773325.21962467
2025-01-01 00:18:14,254053538.927986
2025-01-01 00:18:15,250329807.31588578
2025-01-01 00:18:16,250288930.38740352
2025-01-01 00:18:17,239422978.79193392
2025-01-01 00:18:18,244006270.6197848
2025-01-01 00:18:19,246066096.21974418
2025-01-01 00:18:20,243998416.22096437
2025-01-01 00:18:21,251096111.1985339
2025-01-01 00:18:22,251976833.76038754
2025-01-01 00:18:23,248967950.4389701
2025-01-01 00:18:24,245171477.29524505
2025-01-01 00:18:25,244142793.55540475
2025-01-01 00:18:26,247347617.97078976
2025-01-01 00:18:27,253138759.16738448
2025-01-01 00:18:28,253224800.23158094
2025-01-01 00:18:29,244013273.92660642
2025-01-01 00:18:30,240854910.68176883
2025-01-01 00:18:31,249488818.58487403
2025-01-01 00:18:32,252158792.0654904
2025-01-01 00:18:33,246529207.02717757
2025-01-01 00:18:34,248033440.1060693
2025-01-01 00:18:35,244959447.54325888
2025-01-01 00:18:36,247709340.5664009
2025-01-01 00:18:37,247391215.08197194
2025-01-01 00:18:38,247753374.75986817
2025-01-01 00:18:39,249275389.7928478
2025-01-01 00:18:40,252177036.60891062
2025-01-01 00:18:41,242622830.5471252
2025-01-01 00:18:42,251460935.6095366
2025-01-01 00:18:43,247995863.6565575
2025-01-01 00:18:44,250868729.79822215
2025-01-01 00:18:45,245897198.6973138
2025-01-01 00:18:46,252401582.63732746
2025-01-01 00:18:47,257267751.75801164
2025-01-01 00:18:48,254529756.99491435
2025-01-01 00:18:49,265740465.88709894
2025-01-01 00:18:50,259870037.80997202
2025-01-01 00:18:51,246301965.60817307
2025-01-01 00:18:52,249789918.53880325
2025-01-01 00:18:53,251514695.49053127
2025-01-01 00:18:54,255253086.40869185
2025-01-01 00:18:55,256668126.25629404
2025-01-01 00:18:56,259044281.41449988
2025-01-01 00:18:57,252367406.533486
2025-01-01 00:18:58,252025606.9696595
2025-01-01 00:18:59,251680370.84525737
2025-01-01 00:19:00,249821631.91067025
2025-01-01 00:19:01,246792222.1904048
2025-01-01 00:19:02,246742129.5446145
2025-01-01 00:19:03,247723273.2481259
2025-01-01 00:19:04,254342763.43675923
2025-01-01 00:19:05,251497146.44570917
2025-01-01 00:19:06,249764345.1896604
2025-01-01 00:19:07,249559779.64064458
2025-01-01 00:19:08,239095327.91790822
2025-01-01 00:19:09,236422102.83998385
2025-01-01 00:19:10,246619437.8321163
2025-01-01 00:19:11,242478424.2154176
2025-01-01 00:19:12,236453403.97093105
2025-01-01 00:19:13,242945079.00927737
2025-01-01 00:19:14,239862185.42497158
2025-01-01 00:19:15,248884579.19630173
2025-01-01 00:19:16,248667669.76831195
2025-01-01 00:19:17,247756693.44881225
2025-01-01 00:19:18,248847156.2965499
2025-01-01 00:19:19,252386728.2963024
2025-01-01 00:19:20,258524636.29985642
2025-01-01 00:19:21,255394291.07334036
2025-01-01 00:19:22,246841979.15889764
2025-01-01 00:19:23,240502905.08531702
2025-01-01 00:19:24,249546936.13492623
2025-01-01 00:19:25,255485932.85542142
2025-01-01 00:19:26,241635712.41900492
2025-01-01 00:19:27,248021143.82605326
2025-01-01 00:19:28,242234293.57527584
2025-01-01 00:19:29,249066119.46792692
2025-01-01 00:19:30,246702028.7670714
2025-01-01 00:19:31,248720918.39041126
2025-01-01 00:19:32,246558542.22108975
2025-01-01 00:19:33,253576766.69821945
2025-01-01 00:19:34,250545897.6790294
2025-01-01 00:19:35,254744546.99727267
2025-01-01 00:19:36,248086906.06768847
2025-01-01 00:19:37,249906265.82609364
2025-01-01 00:19:38,248474016.299763
2025-01-01 00:19:39,248496413.4255765
2025-01-01 00:19:40,250021263.82870984
2025-01-01 00:19:41,252852280.17082682
2025-01-01 00:19:42,244148699.89587805
2025-01-01 00:19:43,247152824.41447586
2025-01-01 00:19:44,244956662.14211202
2025-01-01 00:19:45,249061413.12347904
2025-01-01 00:19:46,253158112.92869762
2025-01-01 00:19:47,252383921.35510024
2025-01-01 00:19:48,247759291.42877543
2025-01-01 00:19:49,245208435.68870533
2025-01-01 00:19:50,247674953.84446535
2025-01-01 00:19:51,242065306.89562193
2025-01-01 00:19:52,240782105.05381027
2025-01-01 00:19:53,246047993.97653732
2025-01-01 00:19:54,247623273.624165
2025-01-01 00:19:55,250375194.0308291
2025-01-01 00:19:56,250343854.54323637
2025-01-01 00:19:57,254018816.61707968
2025-01-01 00:19:58,248030557.5375437
2025-01-01 00:19:59,245845743.2337093
2025-01-01 00:20:00,248115619.99584478
2025-01-01 00:20:01,244801712.64873344
2025-01-01 00:20:02,241667562.05659932
2025-01-01 00:20:03,240143814.39691964
2025-01-01 00:20:04,244543383.01794383
2025-01-01 00:20:05,237292502.64777964
2025-01-01 00:20:06,238934216.9242534
2025-01-01 00:20:07,244003588.49916187
2025-01-01 00:20:08,245599103.7350416
2025-01-01 00:20:09,243185025.81378424
2025-01-01 00:20:10,247591732.9194076
2025-01-01 00:20:11,253490956.40872723
2025-01-01 00:20:12,254071699.82948518
2025-01-01 00:20:13,253101377.20374063
2025-01-01 00:20:14,255083839.89386493
2025-01-01 00:20:15,253416583.34264684
2025-01-01 00:20:16,249930162.5646733
2025-01-01 00:20:17,256715479.9713894
2025-01-01 00:20:18,254339915.06802067
2025-01-01 00:20:19,249834375.8024091
2025-01-01 00:20:20,240115190.63948232
2025-01-01 00:20:21,245577612.90063876
2025-01-01 00:20:22,242327709.6168572
2025-01-01 00:20:23,249160800.42430553
2025-01-01 00:20:24,246087032.12942827
2025-01-01 00:20:25,240720512.7685586
2025-01-01 00:20:26,244359574.28042865
2025-01-01 00:20:27,245428042.4396013
2025-01-01 00:20:28,243620994.35541496
2025-01-01 00:20:29,245248071.69746327
2025-01-01 00:20:30,247026929.4893758
2025-01-01 00:20:31,248929519.4687236
2025-01-01 00:20:32,251112295.9569325
2025-01-01 00:20:33,253624746.68644768
2025-01-01 00:20:34,250590113.13378164
2025-01-01 00:20:35,250810530.3938951
2025-01-01 00:20:36,251800174.85378015
2025-01-01 00:20:37,253848660.89606565
2025-01-01 00:20:38,257349081.2816392
2025-01-01 00:20:39,259241395.7407373
2025-01-01 00:20:40,252996378.9438791
2025-01-01 00:20:41,250055016.04777852
2025-01-01 00:20:42,251288126.21738392
2025-01-01 00:20:43,251116969.48896793
2025-01-01 00:20:44,249900895.4134147
2025-01-01 00:20:45,248370667.57439947
2025-01-01 00:20:46,255057405.29228616
2025-01-01 00:20:47,257519803.32380617
2025-01-01 00:20:48,254730816.41579255
2025-01-01 00:20:49,258658445.5724817
2025-01-01 00:20:50,248973860.65171555
2025-01-01 00:20:51,253620856.41970384
2025-01-01 00:20:52,249110088.98203704
2025-01-01 00:20:53,249854555.3164745
2025-01-01 00:20:54,251185533.16116482
2025-01-01 00:20:55,254801761.36345813
2025-01-01 00:20:56,253527315.0755538
2025-01-01 00:20:57,254008457.77418613
2025-01-01 00:20:58,256392598.81636143
2025-01-01 00:20:59,256269167.62989935
2025-01-01 00:21:00,259459751.70895484
2025-01-01 00:21:01,255702973.31340793
2025-01-01 00:21:02,254922446.97432557
2025-01-01 00:21:03,251938130.07491872
2025-01-01 00:21:04,259783328.98105282
2025-01-01 00:21:05,253608170.39010316
2025-01-01 00:21:06,255106424.98988727
2025-01-01 00:21:07,257927301.70467508
2025-01-01 00:21:08,250393688.76165122
2025-01-01 00:21:09,251929901.9494165
2025-01-01 00:21:10,250412948.966469
2025-01-01 00:21:11,251605300.782511
2025-01-01 00:21:12,245453202.09481928
2025-01-01 00:21:13,251019898.30378512
2025-01-01 00:21:14,255328030.80958706
2025-01-01 00:21:15,257064997.55562776
2025-01-01 00:21:16,254388936.64879334
2025-01-01 00:21:17,253121382.7239551
2025-01-01 00:21:18,255158952.18910533
2025-01-01 00:21:19,253838935.90703884
2025-01-01 00:21:20,252762755.97263792
2025-01-01 00:21:21,252368354.73859197
2025-01-01 00:21:22,257030861.70666802
2025-01-01 00:21:23,255272747.0157654
2025-01-01 00:21:24,258480106.85784334
2025-01-01 00:21:25,255539323.11139578
2025-01-01 00:21:26,251393522.95490676
2025-01-01 00:21:27,254497377.44331354
2025-01-01 00:21:28,255093958.63502595
2025-01-01 00:21:29,249912412.1298398
2025-01-01 00:21:30,249255964.91517535
2025-01-01 00:21:31,254314512.4484911
2025-01-01 00:21:32,240719367.97126547
2025-01-01 00:21:33,246797075.62074986
2025-01-01 00:21:34,254844314.1290222
2025-01-01 00:21:35,250600926.7812508
2025-01-01 00:21:36,250244964.3005343
2025-01-01 00:21:37,250948285.66032925
2025-01-01 00:21:38,253916258.10015422
2025-01-01 00:21:39,244433904.17425713
2025-01-01 00:21:40,244618637.8387149
2025-01-01 00:21:41,240544777.0426074
2025-01-01 00:21:42,245711565.00400865
2025-01-01 00:21:43,250337373.77510738
2025-01-01 00:21:44,242169797.89220068
2025-01-01 00:21:45,248984720.61601046
2025-01-01 00:21:46,250705817.51516876
2025-01-01 00:21:47,251799310.57015914
2025-01-01 00:21:48,260781227.50235662
2025-01-01 00:21:49,255952483.70706555
2025-01-01 00:21:50,256381634.9604872
2025-01-01 00:21:51,248165733.86206368
2025-01-01 00:21:52,249767110.33830565
2025-01-01 00:21:53,253738472.0864718
2025-01-01 00:21:54,249328593.22542685
2025-01-01 00:21:55,247553341.07784188
2025-01-01 00:21:56,251402082.1602403
2025-01-01 00:21:57,249405923.62783104
2025-01-01 00:21:58,247173305.52702355
2025-01-01 00:21:59,244772526.97185326
2025-01-01 00:22:00,246390220.5688778
2025-01-01 00:22:01,249961970.54849836
2025-01-01 00:22:02,248310634.38157186
2025-01-01 00:22:03,249804927.0428214
2025-01-01 00:22:04,248320197.48915786
2025-01-01 00:22:05,241848055.89676943
2025-01-01 00:22:06,245384695.21500248
2025-01-01 00:22:07,249405193.84361255
2025-01-01 00:22:08,250218324.879595
2025-01-01 00:22:09,248605654.30410883
2025-01-01 00:22:10,243829810.97342962
2025-01-01 00:22:11,243878941.89177814
2025-01-01 00:22:12,250046459.13397053
2025-01-01 00:22:13,244784434.45483232
2025-01-01 00:22:14,244446639.76919106
2025-01-01 00:22:15,252051100.81102702
2025-01-01 00:22:16,254663360.0836785
2025-01-01 00:22:17,256451973.96464393
2025-01-01 00:22:18,246630998.0362346
2025-01-01 00:22:19,245468142.51820114
2025-01-01 00:22:20,246782945.61289817
2025-01-01 00:22:21,245819234.37811747
2025-01-01 00:22:22,248396489.3221446
2025-01-01 00:22:23,252577019.38866922
2025-01-01 00:22:24,246988346.2090463
2025-01-01 00:22:25,240404312.55074078
2025-01-01 00:22:26,240290899.8288517
2025-01-01 00:22:27,242593708.072327
2025-01-01 00:22:28,248360106.99355188
2025-01-01 00:22:29,244696160.72698295
2025-01-01 00:22:30,251138056.30845377
2025-01-01 00:22:31,250758383.51535708
2025-01-01 00:22:32,250386501.03725627
2025-01-01 00:22:33,251710938.059442
2025-01-01 00:22:34,249092719.235653
2025-01-01 00:22:35,246396326.47239727
2025-01-01 00:22:36,252460567.5509081
2025-01-01 00:22:37,251533926.27311587
2025-01-01 00:22:38,250977951.1008601
2025-01-01 00:22:39,243900237.02591908
2025-01-01 00:22:40,239178988.85074714
2025-01-01 00:22:41,243928249.08751437
2025-01-01 00:22:42,250821886.20858324
2025-01-01 00:22:43,247944189.90689883
2025-01-01 00:22:44,249391884.7413736
2025-01-01 00:22:45,248610997.86392218
2025-01-01 00:22:46,245127245.97377837
2025-01-01 00:22:47,250125331.98657024
2025-01-01 00:22:48,253653081.46091774
2025-01-01 00:22:49,247589553.89365748
2025-01-01 00:22:50,249983815.34966803
2025-01-01 00:22:51,250624664.06405064
2025-01-01 00:22:52,249960472.8114714
2025-01-01 00:22:53,246276080.28740406
2025-01-01 00:22:54,251653710.71974823
2025-01-01 00:22:55,257191063.36232358
2025-01-01 00:22:56,261562731.4078665
2025-01-01 00:22:57,258247925.64906853
2025-01-01 00:22:58,255502624.52050287
2025-01-01 00:22:59,252204615.8598821
2025-01-01 00:23:00,255061216.58432654
2025-01-01 00:23:01,252924441.56320038
2025-01-01 00:23:02,252955365.54953742
2025-01-01 00:23:03,253310378.07460076
2025-01-01 00:23:04,257550794.72638953
2025-01-01 00:23:05,250414703.31132406
2025-01-01 00:23:06,253496108.34452027
2025-01-01 00:23:07,249439107.6775553
2025-01-01 00:23:08,253915987.57734528
2025-01-01 00:23:09,260204712.704259
2025-01-01 00:23:10,254176196.92891684
2025-01-01 00:23:11,252901323.75246003
2025-01-01 00:23:12,256629972.85340565
2025-01-01 00:23:13,255506236.00565815
2025-01-01 00:23:14,252511279.13312417
2025-01-01 00:23:15,254543651.4562764
2025-01-01 00:23:16,251527907.44648176
2025-01-01 00:23:17,257487729.54984725
2025-01-01 00:23:18,256205794.4302437
2025-01-01 00:23:19,242278509.9431892
2025-01-01 00:23:20,245661259.38587174
2025-01-01 00:23:21,245702068.46531868
2025-01-01 00:23:22,240570277.71797517
2025-01-01 00:23:23,246969553.99456328
2025-01-01 00:23:24,248143901.79043016
2025-01-01 00:23:25,248429228.21628213
2025-01-01 00:23:26,248368783.81292444
2025-01-01 00:23:27,249611505.91152728
2025-01-01 00:23:28,250798460.11308065
2025-01-01 00:23:29,244036081.09456468
2025-01-01 00:23:30,246461862.7889049
2025-01-01 00:23:31,248824263.0406287
2025-01-01 00:23:32,249262971.49868536
2025-01-01 00:23:33,251896157.71357876
2025-01-01 00:23:34,255928388.46571544
2025-01-01 00:23:35,248699132.01812118
2025-01-01 00:23:36,241221027.32408553
2025-01-01 00:23:37,245202692.56516826
2025-01-01 00:23:38,249004501.42882663
2025-01-01 00:23:39,245421492.58809513
2025-01-01 00:23:40,250654005.0129911
2025-01-01 00:23:41,244520810.82479435
2025-01-01 00:23:42,244586643.4001325
2025-01-01 00:23:43,245899685.9524066
2025-01-01 00:23:44,249901255.52626136
2025-01-01 00:23:45,253581984.1560515
2025-01-01 00:23:46,257291452.955415
2025-01-01 00:23:47,253791476.9746692
2025-01-01 00:23:48,253769599.04919636
2025-01-01 00:23:49,249643126.95993158
2025-01-01 00:23:50,252190856.19226235
2025-01-01 00:23:51,255921440.79297623
2025-01-01 00:23:52,255968039.28580198
2025-01-01 00:23:53,248832884.1109892
2025-01-01 00:23:54,254291310.65239152
2025-01-01 00:23:55,254432992.74062157
2025-01-01 00:23:56,256572349.4628553
2025-01-01 00:23:57,250639895.17958474
2025-01-01 00:23:58,247906342.34103778
2025-01-01 00:23:59,254091803.7061667
2025-01-01 00:24:00,246876911.23200443
2025-01-01 00:24:01,246642776.95795476
2025-01-01 00:24:02,253557280.9604698
2025-01-01 00:24:03,243126779.93885767
2025-01-01 00:24:04,250004940.3912369
2025-01-01 00:24:05,245223264.557598
2025-01-01 00:24:06,246340518.94623622
2025-01-01 00:24:07,250764740.17350256
2025-01-01 00:24:08,252954920.73725244
2025-01-01 00:24:09,248461957.65416178
2025-01-01 00:24:10,253222898.2198417
2025-01-01 00:24:11,250489982.3691785
2025-01-01 00:24:12,248629510.25402275
2025-01-01 00:24:13,249702152.40329638
2025-01-01 00:24:14,250084744.05526227
2025-01-01 00:24:15,256580725.17942014
2025-01-01 00:24:16,257230069.50912258
2025-01-01 00:24:17,254222577.91561538
2025-01-01 00:24:18,250677948.74961963
2025-01-01 00:24:19,251673288.27909136
2025-01-01 00:24:20,249562321.6955862
2025-01-01 00:24:21,254601794.00084394
2025-01-01 00:24:22,254674178.78838456
2025-01-01 00:24:23,248580058.58584285
2025-01-01 00:24:24,250849831.6535197
2025-01-01 00:24:25,250931936.16883287
2025-01-01 00:24:26,259851851.68466023
2025-01-01 00:24:27,250259271.8814808
2025-01-01 00:24:28,246619714.67378613
2025-01-01 00:24:29,257108152.21603525
2025-01-01 00:24:30,257119278.04826427
2025-01-01 00:24:31,260913543.4518121
2025-01-01 00:24:32,256987823.3593438
2025-01-01 00:24:33,255330370.10632324
2025-01-01 00:24:34,253385480.8988283
2025-01-01 00:24:35,253022023.4347337
2025-01-01 00:24:36,253850351.25578225
2025-01-01 00:24:37,249431551.19007632
2025-01-01 00:24:38,250601091.54971224
2025-01-01 00:24:39,248150830.38984153
2025-01-01 00:24:40,248039744.3032616
2025-01-01 00:24:41,245738567.18669844
2025-01-01 00:24:42,245243770.5103157
2025-01-01 00:24:43,251971015.09045002
2025-01-01 00:24:44,249546366.61436576
2025-01-01 00:24:45,252133510.92134258
2025-01-01 00:24:46,250937194.42048904
2025-01-01 00:24:47,254884527.3617476
2025-01-01 00:24:48,253602513.16456333
2025-01-01 00:24:49,248798174.91110998
2025-01-01 00:24:50,256431218.21404564
2025-01-01 00:24:51,254764682.68133432
2025-01-01 00:24:52,256414574.44401157
2025-01-01 00:24:53,257443783.59213123
2025-01-01 00:24:54,255248484.85451844
2025-01-01 00:24:55,255014814.42177898
2025-01-01 00:24:56,253326232.4547145
2025-01-01 00:24:57,251981596.99321333
2025-01-01 00:24:58,250383691.04841125
2025-01-01 00:24:59,254253932.9535134
2025-01-01 00:25:00,256546224.90115184
2025-01-01 00:25:01,253471350.89890617
2025-01-01 00:25:02,254344711.0229656
2025-01-01 00:25:03,249791141.67666465
2025-01-01 00:25:04,249399332.1547655
2025-01-01 00:25:05,250873774.17928657
2025-01-01 00:25:06,249353638.44740778
2025-01-01 00:25:07,251302955.48661047
2025-01-01 00:25:08,261188957.67447135
2025-01-01 00:25:09,250772803.40585572
2025-01-01 00:25:10,245802777.05916
2025-01-01 00:25:11,252286688.17429274
2025-01-01 00:25:12,251765721.15902057
2025-01-01 00:25:13,250969548.41218075
2025-01-01 00:25:14,252325856.25132698
2025-01-01 00:25:15,248006822.33928138
2025-01-01 00:25:16,248339646.0873969
2025-01-01 00:25:17,248613540.58640382
2025-01-01 00:25:18,252422408.67119405
2025-01-01 00:25:19,256781343.24969777
2025-01-01 00:25:20,260289552.07634476
2025-01-01 00:25:21,251553237.85082942
2025-01-01 00:25:22,249695970.15479234
2025-01-01 00:25:23,253117445.39324355
2025-01-01 00:25:24,255218150.94336283
2025-01-01 00:25:25,259491186.7286787
2025-01-01 00:25:26,256491720.97724226
2025-01-01 00:25:27,255201391.25518268
2025-01-01 00:25:28,261672315.6606347
2025-01-01 00:25:29,257034390.52926114
2025-01-01 00:25:30,254859764.39484194
2025-01-01 00:25:31,250267322.40417185
2025-01-01 00:25:32,255752847.88552335
2025-01-01 00:25:33,252976194.74855834
2025-01-01 00:25:34,250403965.704445
2025-01-01 00:25:35,257960792.0498945
2025-01-01 00:25:36,252320684.77149233
2025-01-01 00:25:37,245669393.30667993
2025-01-01 00:25:38,255484562.37339905
2025-01-01 00:25:39,256078356.26651922
2025-01-01 00:25:40,254336521.16577923
2025-01-01 00:25:41,253308250.27035508
2025-01-01 00:25:42,253147820.6938534
2025-01-01 00:25:43,251219764.76507688
2025-01-01 00:25:44,256252899.76257613
2025-01-01 00:25:45,247204417.25937417
2025-01-01 00:25:46,244756734.7786985
2025-01-01 00:25:47,253525055.0392334
2025-01-01 00:25:48,249291580.5672933
2025-01-01 00:25:49,251067884.6686808
2025-01-01 00:25:50,243511236.09504953
2025-01-01 00:25:51,248512134.90444797
2025-01-01 00:25:52,248295561.65280336
2025-01-01 00:25:53,254934413.1968719
2025-01-01 00:25:54,254340410.90626192
2025-01-01 00:25:55,249997800.10930705
2025-01-01 00:25:56,252244325.6315023
2025-01-01 00:25:57,250353209.42283216
2025-01-01 00:25:58,256214878.168832
2025-01-01 00:25:59,259892869.4864137
2025-01-01 00:26:00,253195731.08419013
2025-01-01 00:26:01,254613112.68113446
2025-01-01 00:26:02,252712616.07074484
2025-01-01 00:26:03,259570567.8299348
2025-01-01 00:26:04,259079010.7662683
2025-01-01 00:26:05,257647738.2511921
2025-01-01 00:26:06,255195016.73388618
2025-01-01 00:26:07,253696564.23993093
2025-01-01 00:26:08,249308803.7429725
2025-01-01 00:26:09,248509867.3660227
2025-01-01 00:26:10,257788766.3830395
2025-01-01 00:26:11,259676043.96225214
2025-01-01 00:26:12,258713971.894618
2025-01-01 00:26:13,261381523.87414196
2025-01-01 00:26:14,259860606.645693
2025-01-01 00:26:15,251065098.91139308
2025-01-01 00:26:16,250796519.7618712
2025-01-01 00:26:17,251346523.31844494
2025-01-01 00:26:18,246994615.78269053
2025-01-01 00:26:19,250718626.72341582
2025-01-01 00:26:20,249656924.91801542
2025-01-01 00:26:21,250236708.87083882
2025-01-01 00:26:22,242774695.9177332
2025-01-01 00:26:23,253452197.97408935
2025-01-01 00:26:24,253846755.9528242
2025-01-01 00:26:25,256226623.2728448
2025-01-01 00:26:26,254219067.7172148
2025-01-01 00:26:27,255141590.27505434
2025-01-01 00:26:28,253839552.44515958
2025-01-01 00:26:29,252041439.17630857
2025-01-01 00:26:30,255396789.45287392
2025-01-01 00:26:31,256465583.3305394
2025-01-01 00:26:32,259016286.22217345
2025-01-01 00:26:33,257181880.79023048
2025-01-01 00:26:34,257030806.49650428
2025-01-01 00:26:35,257301034.89823955
2025-01-01 00:26:36,254229587.21850955
2025-01-01 00:26:37,249979486.5169931
2025-01-01 00:26:38,257370326.21324056
2025-01-01 00:26:39,254838008.27075994
2025-01-01 00:26:40,251635767.08360028
2025-01-01 00:26:41,257353428.1794457
2025-01-01 00:26:42,258418962.42798567
2025-01-01 00:26:43,260851000.93187362
2025-01-01 00:26:44,259785730.05684394
2025-01-01 00:26:45,265989599.49399045
2025-01-01 00:26:46,263653010.06331924
2025-01-01 00:26:47,253363970.10383758
2025-01-01 00:26:48,256598429.86997342
2025-01-01 00:26:49,258721932.32094082
2025-01-01 00:26:50,260550247.6612171
2025-01-01 00:26:51,260180341.50319523
2025-01-01 00:26:52,258757782.6002157
2025-01-01 00:26:53,253026896.51927632
2025-01-01 00:26:54,259005498.05331638
2025-01-01 00:26:55,256840110.1199313
2025-01-01 00:26:56,260122763.98882544
2025-01-01 00:26:57,264511829.63566998
2025-01-01 00:26:58,262419807.9745372
2025-01-01 00:26:59,261516510.69823015
2025-01-01 00:27:00,256431363.73924607
2025-01-01 00:27:01,258655230.8417081
2025-01-01 00:27:02,261550980.1751057
2025-01-01 00:27:03,257855055.40709004
2025-01-01 00:27:04,258624370.37757605
2025-01-01 00:27:05,262626408.20529896
2025-01-01 00:27:06,258807198.4441724
2025-01-01 00:27:07,252713249.5152016
2025-01-01 00:27:08,259968093.84914014
2025-01-01 00:27:09,261826686.44255728
2025-01-01 00:27:10,259702917.21052125
2025-01-01 00:27:11,255618195.62490997
2025-01-01 00:27:12,261474203.73379418
2025-01-01 00:27:13,258809089.59121415
2025-01-01 00:27:14,264631299.56368107
2025-01-01 00:27:15,253824732.8654618
2025-01-01 00:27:16,257603202.62705955
2025-01-01 00:27:17,256319647.7745307
2025-01-01 00:27:18,261127543.25570518
2025-01-01 00:27:19,266212772.2524897
2025-01-01 00:27:20,264053111.5917663
2025-01-01 00:27:21,263377991.8453881
2025-01-01 00:27:22,261013515.08180255
2025-01-01 00:27:23,257114470.19250885
2025-01-01 00:27:24,263863818.184906
2025-01-01 00:27:25,257814705.26960674
2025-01-01 00:27:26,260729123.9382862
2025-01-01 00:27:27,254715878.59940472
2025-01-01 00:27:28,249620185.96344933
2025-01-01 00:27:29,253594944.46643454
2025-01-01 00:27:30,257975761.3435022
2025-01-01 00:27:31,257765791.59352967
2025-01-01 00:27:32,257904427.45656878
2025-01-01 00:27:33,252947995.97918972
2025-01-01 00:27:34,256705527.160306
2025-01-01 00:27:35,254287874.34453988
2025-01-01 00:27:36,257645288.60279757
2025-01-01 00:27:37,248114195.63010076
2025-01-01 00:27:38,248195792.79795495
2025-01-01 00:27:39,250899192.47201124
2025-01-01 00:27:40,255473318.22598335
2025-01-01 00:27:41,254444779.11044964
2025-01-01 00:27:42,253835006.564379
2025-01-01 00:27:43,254623693.54000884
2025-01-01 00:27:44,260400611.87478456
2025-01-01 00:27:45,251781307.0716595
2025-01-01 00:27:46,252958034.06537765
2025-01-01 00:27:47,251916769.3362956
2025-01-01 00:27:48,251711462.03710055
2025-01-01 00:27:49,252175775.51324713
2025-01-01 00:27:50,252000896.1536546
2025-01-01 00:27:51,250408873.2738858
2025-01-01 00:27:52,256449484.7042065
2025-01-01 00:27:53,254065721.30786663
2025-01-01 00:27:54,247025346.32534185
2025-01-01 00:27:55,249144506.35454386
2025-01-01 00:27:56,244157512.32697722
2025-01-01 00:27:57,250740874.36012995
2025-01-01 00:27:58,243671033.15119222
2025-01-01 00:27:59,252827263.63449273
2025-01-01 00:28:00,254760999.56035
2025-01-01 00:28:01,247512654.73533
2025-01-01 00:28:02,247953713.26215082
2025-01-01 00:28:03,254868946.5102343
2025-01-01 00:28:04,252028191.43073407
2025-01-01 00:28:05,248960768.07337067
2025-01-01 00:28:06,252288082.03558218
2025-01-01 00:28:07,251177644.61757952
2025-01-01 00:28:08,253298203.57834068
2025-01-01 00:28:09,246597712.08526218
2025-01-01 00:28:10,252539552.79509774
2025-01-01 00:28:11,252788668.81188923
2025-01-01 00:28:12,255612345.2466627
2025-01-01 00:28:13,259573601.8127186
2025-01-01 00:28:14,250207517.12905666
2025-01-01 00:28:15,250666030.9615372
2025-01-01 00:28:16,247553459.13494194
2025-01-01 00:28:17,245633906.88477692
2025-01-01 00:28:18,242720604.14834642
2025-01-01 00:28:19,240990649.20094997
2025-01-01 00:28:20,253201917.17110538
2025-01-01 00:28:21,250174881.42039657
2025-01-01 00:28:22,253008419.40604597
2025-01-01 00:28:23,250476543.56428346
2025-01-01 00:28:24,249649143.15603483
2025-01-01 00:28:25,256121011.383726
2025-01-01 00:28:26,262450674.99940524
2025-01-01 00:28:27,262124163.08892852
2025-01-01 00:28:28,258357812.071416
2025-01-01 00:28:29,249747894.9945139
2025-01-01 00:28:30,252019627.3357342
2025-01-01 00:28:31,250931096.7133083
2025-01-01 00:28:32,251791306.62518856
2025-01-01 00:28:33,254580570.02420992
2025-01-01 00:28:34,257429707.7941046
2025-01-01 00:28:35,252757347.76983336
2025-01-01 00:28:36,252747792.9322572
2025-01-01 00:28:37,250571494.5848881
2025-01-01 00:28:38,249322161.98198193
2025-01-01 00:28:39,258017238.94026917
2025-01-01 00:28:40,258378812.30924496
2025-01-01 00:28:41,254850813.97983867
2025-01-01 00:28:42,255385316.03756565
2025-01-01 00:28:43,253110460.56939313
2025-01-01 00:28:44,258125761.55297303
2025-01-01 00:28:45,256247474.02063575
2025-01-01 00:28:46,257036909.12286538
2025-01-01 00:28:47,252762601.38896215
2025-01-01 00:28:48,254789866.28813437
2025-01-01 00:28:49,252241039.8237307
2025-01-01 00:28:50,250092154.763297
2025-01-01 00:28:51,255313728.19217175
2025-01-01 00:28:52,249735381.56664973
2025-01-01 00:28:53,251767210.84400606
2025-01-01 00:28:54,252972453.0812482
2025-01-01 00:28:55,248059587.5086774
2025-01-01 00:28:56,254417864.61318588
2025-01-01 00:28:57,261305350.39874622
2025-01-01 00:28:58,259168125.21567863
2025-01-01 00:28:59,255851589.5013252
2025-01-01 00:29:00,259015847.08736163
2025-01-01 00:29:01,252613118.18214744
2025-01-01 00:29:02,257774970.12343156
2025-01-01 00:29:03,259985739.507003
2025-01-01 00:29:04,254179229.22842127
2025-01-01 00:29:05,255987265.9586158
2025-01-01 00:29:06,252720530.58824578
2025-01-01 00:29:07,252951485.9113019
2025-01-01 00:29:08,262522493.60709083
2025-01-01 00:29:09,250130205.15703875
2025-01-01 00:29:10,253233129.0645052
2025-01-01 00:29:11,255791240.86702767
2025-01-01 00:29:12,252692289.11613026
2025-01-01 00:29:13,253956460.4940888
2025-01-01 00:29:14,251995307.74410096
2025-01-01 00:29:15,251535486.41693488
2025-01-01 00:29:16,254828178.51118535
2025-01-01 00:29:17,257571673.89812413
2025-01-01 00:29:18,257071817.9680075
2025-01-01 00:29:19,258395998.65263426
2025-01-01 00:29:20,258552598.96181405
2025-01-01 00:29:21,258960167.44808775
2025-01-01 00:29:22,259133660.63011563
2025-01-01 00:29:23,255396548.95377454
2025-01-01 00:29:24,254128321.5776193
2025-01-01 00:29:25,258831254.19657654
2025-01-01 00:29:26,254755703.08172017
2025-01-01 00:29:27,258704094.5600752
2025-01-01 00:29:28,263774863.60673448
2025-01-01 00:29:29,258912000.84810224
2025-01-01 00:29:30,256002111.161044
2025-01-01 00:29:31,259927457.73834804
2025-01-01 00:29:32,254913376.14077157
2025-01-01 00:29:33,256867754.8995706
2025-01-01 00:29:34,258494463.60530284
2025-01-01 00:29:35,248202035.74996457
2025-01-01 00:29:36,260706105.6911125
2025-01-01 00:29:37,259244815.74016726
2025-01-01 00:29:38,260368767.09168202
2025-01-01 00:29:39,262476373.51083586
2025-01-01 00:29:40,257472095.4804643
2025-01-01 00:29:41,260592685.03401062
2025-01-01 00:29:42,263242501.792678
2025-01-01 00:29:43,264256912.29758057
2025-01-01 00:29:44,261059636.3205891
2025-01-01 00:29:45,256784153.9149331
2025-01-01 00:29:46,259821716.9505083
2025-01-01 00:29:47,255598552.39021364
2025-01-01 00:29:48,259128997.36493227
2025-01-01 00:29:49,265430121.039622
2025-01-01 00:29:50,253531520.54721203
2025-01-01 00:29:51,260533775.74439764
2025-01-01 00:29:52,261454859.63442525
2025-01-01 00:29:53,251038086.09572798
2025-01-01 00:29:54,259047948.82255647
2025-01-01 00:29:55,255572054.18426883
2025-01-01 00:29:56,256884864.88112903
2025-01-01 00:29:57,258406633.68598008
2025-01-01 00:29:58,260943102.89015222
2025-01-01 00:29:59,251971825.79534546
2025-01-01 00:30:00,256123936.70357051
2025-01-01 00:30:01,257035059.70279458
2025-01-01 00:30:02,253422806.1902072
2025-01-01 00:30:03,254834687.36486202
2025-01-01 00:30:04,254808433.1282853
2025-01-01 00:30:05,246619336.18789363
2025-01-01 00:30:06,252001145.78287458
2025-01-01 00:30:07,246031180.27065784
2025-01-01 00:30:08,253174146.53027707
2025-01-01 00:30:09,252673439.94662315
2025-01-01 00:30:10,251095509.25690427
2025-01-01 00:30:11,256739434.77377635
2025-01-01 00:30:12,255737446.73480177
2025-01-01 00:30:13,254064530.01574484
2025-01-01 00:30:14,256169939.74939123
2025-01-01 00:30:15,244088855.22233096
2025-01-01 00:30:16,247640810.3536246
2025-01-01 00:30:17,251516328.5801418
2025-01-01 00:30:18,252337373.60035092
2025-01-01 00:30:19,251172869.4372723
2025-01-01 00:30:20,261388765.77287328
2025-01-01 00:30:21,252022875.4275563
2025-01-01 00:30:22,254872549.0736206
2025-01-01 00:30:23,257440493.24838716
2025-01-01 00:30:24,248986723.37572816
2025-01-01 00:30:25,249226565.9835416
2025-01-01 00:30:26,247994258.41947097
2025-01-01 00:30:27,249039788.26363617
2025-01-01 00:30:28,246065252.9754393
2025-01-01 00:30:29,256623990.93043724
2025-01-01 00:30:30,256588292.2848932
2025-01-01 00:30:31,252233543.4372767
2025-01-01 00:30:32,258031874.84262252
2025-01-01 00:30:33,249680662.98503253
2025-01-01 00:30:34,253192689.88969132
2025-01-01 00:30:35,254536789.81139138
2025-01-01 00:30:36,253282601.10777727
2025-01-01 00:30:37,253031381.43524167
2025-01-01 00:30:38,255227383.01645222
2025-01-01 00:30:39,252788600.2059072
2025-01-01 00:30:40,254137163.7610314
2025-01-01 00:30:41,251040428.9070807
2025-01-01 00:30:42,253326487.07203543
2025-01-01 00:30:43,252947967.0368505
2025-01-01 00:30:44,254154418.16343856
2025-01-01 00:30:45,249268270.5147222
2025-01-01 00:30:46,257784304.5307045
2025-01-01 00:30:47,256456578.19554707
2025-01-01 00:30:48,250455423.33142385
2025-01-01 00:30:49,253094105.59081152
2025-01-01 00:30:50,254906766.12907556
2025-01-01 00:30:51,252679527.48551852
2025-01-01 00:30:52,247808273.9963511
2025-01-01 00:30:53,252138504.03196192
2025-01-01 00:30:54,250185049.48181862
2025-01-01 00:30:55,252991863.02662793
2025-01-01 00:30:56,254619848.51966146
2025-01-01 00:30:57,257491475.73286018
2025-01-01 00:30:58,255386673.93630886
2025-01-01 00:30:59,252315533.54111475
2025-01-01 00:31:00,250052173.0391588
2025-01-01 00:31:01,256000949.36557025
2025-01-01 00:31:02,252608260.70307758
2025-01-01 00:31:03,252276052.3459242
2025-01-01 00:31:04,254702475.3868518
2025-01-01 00:31:05,259180610.7890134
2025-01-01 00:31:06,256763479.33465514
2025-01-01 00:31:07,257545934.51176924
2025-01-01 00:31:08,251566572.03438863
2025-01-01 00:31:09,257271575.33722085
2025-01-01 00:31:10,261458780.07915145
2025-01-01 00:31:11,253801444.3152151
2025-01-01 00:31:12,251314144.7864973
2025-01-01 00:31:13,254260266.25107124
2025-01-01 00:31:14,253633752.0510874
2025-01-01 00:31:15,258425005.2899565
2025-01-01 00:31:16,248438733.7095891
2025-01-01 00:31:17,255591583.14795148
2025-01-01 00:31:18,253930000.18628618
2025-01-01 00:31:19,255752194.34037808
2025-01-01 00:31:20,259448010.49979013
2025-01-01 00:31:21,253048247.61097142
2025-01-01 00:31:22,254809774.2632035
2025-01-01 00:31:23,248162850.37980878
2025-01-01 00:31:24,244827684.26238772
2025-01-01 00:31:25,255087753.7498818
2025-01-01 00:31:26,254751662.1544637
2025-01-01 00:31:27,261204453.36525336
2025-01-01 00:31:28,250648008.58867738
2025-01-01 00:31:29,247390517.05929342
2025-01-01 00:31:30,251443100.4900166
2025-01-01 00:31:31,247779371.49828905
2025-01-01 00:31:32,251729278.44918922
2025-01-01 00:31:33,252863360.11380082
2025-01-01 00:31:34,252061965.79008928
2025-01-01 00:31:35,250544207.56858826
2025-01-01 00:31:36,253392807.17197835
2025-01-01 00:31:37,251825571.73239183
2025-01-01 00:31:38,252868070.60301545
2025-01-01 00:31:39,250480624.2004247
2025-01-01 00:31:40,252331254.38242543
2025-01-01 00:31:41,254380849.64449263
2025-01-01 00:31:42,259093422.8975293
2025-01-01 00:31:43,257126686.41526216
2025-01-01 00:31:44,256163711.23163027
2025-01-01 00:31:45,250731751.59067842
2025-01-01 00:31:46,251684618.4695405
2025-01-01 00:31:47,251854111.2800549
2025-01-01 00:31:48,249299434.94846565
2025-01-01 00:31:49,250034859.4168886
2025-01-01 00:31:50,247121617.45912227
2025-01-01 00:31:51,251940550.43996468
2025-01-01 00:31:52,256795786.29410663
2025-01-01 00:31:53,252750259.57239085
2025-01-01 00:31:54,257503077.58912596
2025-01-01 00:31:55,249767782.01782098
2025-01-01 00:31:56,253485812.6584668
2025-01-01 00:31:57,255642343.44711804
2025-01-01 00:31:58,254063201.3401796
2025-01-01 00:31:59,256997156.68204772
2025-01-01 00:32:00,249122250.13607576
2025-01-01 00:32:01,250078861.96582058
2025-01-01 00:32:02,246935443.07523915
2025-01-01 00:32:03,249887151.68355885
2025-01-01 00:32:04,249867402.1880215
2025-01-01 00:32:05,251474064.53738767
2025-01-01 00:32:06,248657899.6369194
2025-01-01 00:32:07,251367641.69544676
2025-01-01 00:32:08,247311991.70916578
2025-01-01 00:32:09,246760238.29569522
2025-01-01 00:32:10,249941311.42191282
2025-01-01 00:32:11,248032329.29423848
2025-01-01 00:32:12,253456637.63400626
2025-01-01 00:32:13,259126356.6013804
2025-01-01 00:32:14,252225316.94824967
2025-01-01 00:32:15,253741909.64352602
2025-01-01 00:32:16,255780598.1636875
2025-01-01 00:32:17,257004331.3212109
2025-01-01 00:32:18,256539578.5186547
2025-01-01 00:32:19,253878955.46108803
2025-01-01 00:32:20,253210469.65723282
2025-01-01 00:32:21,257321702.06547517
2025-01-01 00:32:22,255092295.9783443
2025-01-01 00:32:23,258647578.11784512
2025-01-01 00:32:24,258959313.08070886
2025-01-01 00:32:25,253356940.08308655
2025-01-01 00:32:26,257134875.90452677
2025-01-01 00:32:27,254415519.7782511
2025-01-01 00:32:28,251033455.32654428
2025-01-01 00:32:29,252655308.55570114
2025-01-01 00:32:30,247486945.77701145
2025-01-01 00:32:31,249046380.32540426
2025-01-01 00:32:32,258740453.3580002
2025-01-01 00:32:33,257785741.78901136
2025-01-01 00:32:34,256542427.0162257
2025-01-01 00:32:35,248234742.6407232
2025-01-01 00:32:36,247338638.2267877
2025-01-01 00:32:37,256520923.64908504
2025-01-01 00:32:38,254843797.73294178
2025-01-01 00:32:39,252216308.27371883
2025-01-01 00:32:40,253338084.25267124
2025-01-01 00:32:41,256379918.76289517
2025-01-01 00:32:42,252689711.13518682
2025-01-01 00:32:43,252482349.3887461
2025-01-01 00:32:44,252856110.68914068
2025-01-01 00:32:45,246642493.11907452
2025-01-01 00:32:46,245841042.60691312
2025-01-01 00:32:47,251557187.61806473
2025-01-01 00:32:48,254028146.5773073
2025-01-01 00:32:49,255612194.7321176
2025-01-01 00:32:50,253416759.8582394
2025-01-01 00:32:51,253964391.6306136
2025-01-01 00:32:52,257812001.32467073
2025-01-01 00:32:53,252506611.88379034
2025-01-01 00:32:54,256097104.17749646
2025-01-01 00:32:55,254357741.77396116
2025-01-01 00:32:56,254079188.85262507
2025-01-01 00:32:57,253311187.46345693
2025-01-01 00:32:58,255881034.48453376
2025-01-01 00:32:59,258798360.234734
2025-01-01 00:33:00,255795130.27238226
2025-01-01 00:33:01,254312883.81474042
2025-01-01 00:33:02,252299011.6472797
2025-01-01 00:33:03,252066416.55260456
2025-01-01 00:33:04,254315885.9605569
2025-01-01 00:33:05,252373010.6867938
2025-01-01 00:33:06,255084903.23433715
2025-01-01 00:33:07,251353865.7641948
2025-01-01 00:33:08,259545228.55475762
2025-01-01 00:33:09,248337674.79651988
2025-01-01 00:33:10,243723727.04903683
2025-01-01 00:33:11,243976391.14173263
2025-01-01 00:33:12,246659770.5955478
2025-01-01 00:33:13,250132892.7175282
2025-01-01 00:33:14,249526130.61304784
2025-01-01 00:33:15,248192272.04511845
2025-01-01 00:33:16,244852001.58869928
2025-01-01 00:33:17,239207601.85349628
2025-01-01 00:33:18,240158600.88996577
2025-01-01 00:33:19,247066637.25049204
2025-01-01 00:33:20,253663408.6371123
2025-01-01 00:33:21,253335969.55069014
2025-01-01 00:33:22,255561821.22845304
2025-01-01 00:33:23,250368218.4902873
2025-01-01 00:33:24,249228119.04691708
2025-01-01 00:33:25,251284494.89595005
2025-01-01 00:33:26,253661194.59677795
2025-01-01 00:33:27,252444268.8511681
2025-01-01 00:33:28,247123999.47867924
2025-01-01 00:33:29,252050625.91268507
2025-01-01 00:33:30,250373019.10164252
2025-01-01 00:33:31,242448308.90262848
2025-01-01 00:33:32,252988174.3898468
2025-01-01 00:33:33,250945145.44799814
2025-01-01 00:33:34,251406103.44696277
2025-01-01 00:33:35,253495882.0548959
2025-01-01 00:33:36,245329278.24680293
2025-01-01 00:33:37,248388574.3813771
2025-01-01 00:33:38,256767755.23165634
2025-01-01 00:33:39,255334306.74688044
2025-01-01 00:33:40,252255845.1630257
2025-01-01 00:33:41,250237009.08070758
2025-01-01 00:33:42,251548875.75724298
2025-01-01 00:33:43,256392089.2133701
2025-01-01 00:33:44,252788525.70498294
2025-01-01 00:33:45,257717280.02186045
2025-01-01 00:33:46,259041891.12168843
2025-01-01 00:33:47,252129068.66641378
2025-01-01 00:33:48,254009425.64395836
2025-01-01 00:33:49,252775882.09659234
2025-01-01 00:33:50,255672199.19173658
2025-01-01 00:33:51,258156869.15452307
2025-01-01 00:33:52,246691470.19140202
2025-01-01 00:33:53,247151917.86342484
2025-01-01 00:33:54,248396956.840912
2025-01-01 00:33:55,246588152.84477124
2025-01-01 00:33:56,247995770.76876038
2025-01-01 00:33:57,248324612.2591745
2025-01-01 00:33:58,252078197.87955576
2025-01-01 00:33:59,256403715.9935983
2025-01-01 00:34:00,257900129.70806628
2025-01-01 00:34:01,256329937.1159983
2025-01-01 00:34:02,254483403.60295105
2025-01-01 00:34:03,259626675.6369846
2025-01-01 00:34:04,259554948.7154167
2025-01-01 00:34:05,257767498.56573814
2025-01-01 00:34:06,258196498.42693934
2025-01-01 00:34:07,262930266.5640289
2025-01-01 00:34:08,251579568.77944162
2025-01-01 00:34:09,255295286.46495965
2025-01-01 00:34:10,253848761.76330772
2025-01-01 00:34:11,251939724.97269443
2025-01-01 00:34:12,253313024.0355622
2025-01-01 00:34:13,257308449.92280436
2025-01-01 00:34:14,252492206.29698628
2025-01-01 00:34:15,253772276.46562642
2025-01-01 00:34:16,250669985.55902138
2025-01-01 00:34:17,249995723.23165286
2025-01-01 00:34:18,258730543.82141253
2025-01-01 00:34:19,253594739.9301017
2025-01-01 00:34:20,250656118.00302076
2025-01-01 00:34:21,249508072.19641092
2025-01-01 00:34:22,245428377.80389118
2025-01-01 00:34:23,253228349.64562616
2025-01-01 00:34:24,247136455.59910265
2025-01-01 00:34:25,257445257.4420734
2025-01-01 00:34:26,254814492.00420365
2025-01-01 00:34:27,255359456.13875857
2025-01-01 00:34:28,257691636.5443285
2025-01-01 00:34:29,252865959.87705186
2025-01-01 00:34:30,250122314.76988018
2025-01-01 00:34:31,252145492.02941817
2025-01-01 00:34:32,247833527.9179655
2025-01-01 00:34:33,247431468.17977914
2025-01-01 00:34:34,251537568.6424127
2025-01-01 00:34:35,250749219.84331557
2025-01-01 00:34:36,253276190.0840387
2025-01-01 00:34:37,248267092.06861323
2025-01-01 00:34:38,256521435.1060399
2025-01-01 00:34:39,258621877.31764472
2025-01-01 00:34:40,252633397.4312415
2025-01-01 00:34:41,256371801.13028172
2025-01-01 00:34:42,247327605.71927655
2025-01-01 00:34:43,257352755.65487063
2025-01-01 00:34:44,253209244.63384336
2025-01-01 00:34:45,252713166.51774168
2025-01-01 00:34:46,252237618.13290504
2025-01-01 00:34:47,247121361.16613737
2025-01-01 00:34:48,253852433.05354744
2025-01-01 00:34:49,249989653.6400129
2025-01-01 00:34:50,258498774.78381267
2025-01-01 00:34:51,256789915.74286646
2025-01-01 00:34:52,257560243.37750933
2025-01-01 00:34:53,253748606.87714
2025-01-01 00:34:54,257657495.26142827
2025-01-01 00:34:55,251553039.89657205
2025-01-01 00:34:56,254254848.78063434
2025-01-01 00:34:57,252726056.4885969
2025-01-01 00:34:58,253786145.3569485
2025-01-01 00:34:59,253476615.45570144
2025-01-01 00:35:00,249974937.3867153
2025-01-01 00:35:01,252176408.52608976
2025-01-01 00:35:02,256392878.17866126
2025-01-01 00:35:03,253014315.29530054
2025-01-01 00:35:04,254255770.93094715
2025-01-01 00:35:05,259678756.91600922
2025-01-01 00:35:06,256247418.2196902
2025-01-01 00:35:07,262360904.60035256
2025-01-01 00:35:08,261890261.61867785
2025-01-01 00:35:09,259907482.26457754
2025-01-01 00:35:10,262743996.66517138
2025-01-01 00:35:11,253125704.74632865
2025-01-01 00:35:12,252759669.25462627
2025-01-01 00:35:13,256015297.51840326
2025-01-01 00:35:14,251252604.10576084
2025-01-01 00:35:15,260356518.45874235
2025-01-01 00:35:16,252875571.78086627
2025-01-01 00:35:17,252160010.04878354
2025-01-01 00:35:18,252231104.7347589
2025-01-01 00:35:19,256924614.0600585
2025-01-01 00:35:20,255316914.99576256
2025-01-01 00:35:21,255467851.4998368
2025-01-01 00:35:22,253223575.54426208
2025-01-01 00:35:23,249989141.66651776
2025-01-01 00:35:24,253731986.7485662
2025-01-01 00:35:25,252952094.78796324
2025-01-01 00:35:26,253740774.8026335
2025-01-01 00:35:27,249608551.0662865
2025-01-01 00:35:28,245794100.5032949
2025-01-01 00:35:29,248942975.74058008
2025-01-01 00:35:30,251626827.49236363
2025-01-01 00:35:31,249544699.15329993
2025-01-01 00:35:32,246533552.20533878
2025-01-01 00:35:33,248799753.1092333
2025-01-01 00:35:34,253983060.48659196
2025-01-01 00:35:35,257719433.9037469
2025-01-01 00:35:36,252130763.01668206
2025-01-01 00:35:37,248572044.8985676
2025-01-01 00:35:38,249154040.74763
2025-01-01 00:35:39,249340585.89124787
2025-01-01 00:35:40,251117954.75063446
2025-01-01 00:35:41,247151428.0656088
2025-01-01 00:35:42,249101913.99027917
2025-01-01 00:35:43,248036992.80930915
2025-01-01 00:35:44,251367487.49961454
2025-01-01 00:35:45,253595695.1609892
2025-01-01 00:35:46,247545030.6392063
2025-01-01 00:35:47,248141678.80151263
2025-01-01 00:35:48,252282442.9983357
2025-01-01 00:35:49,252126526.68483725
2025-01-01 00:35:50,255067000.93746987
2025-01-01 00:35:51,251467619.12138435
2025-01-01 00:35:52,254903997.20057485
2025-01-01 00:35:53,249819800.7550477
2025-01-01 00:35:54,252418678.04496905
2025-01-01 00:35:55,256926438.2000688
2025-01-01 00:35:56,253974504.33664834
2025-01-01 00:35:57,252856796.76533118
2025-01-01 00:35:58,259116338.9496346
2025-01-01 00:35:59,255426486.70917788
2025-01-01 00:36:00,252566970.12049425
2025-01-01 00:36:01,255710975.40854135
2025-01-01 00:36:02,255578336.1267213
2025-01-01 00:36:03,261083215.98421252
2025-01-01 00:36:04,253008271.7501773
2025-01-01 00:36:05,249749500.09070697
2025-01-01 00:36:06,251569777.2037397
2025-01-01 00:36:07,255623581.9492913
2025-01-01 00:36:08,254074157.97864905
2025-01-01 00:36:09,254733400.8509729
2025-01-01 00:36:10,258807185.67392433
2025-01-01 00:36:11,263504222.31814173
2025-01-01 00:36:12,257018880.5218063
2025-01-01 00:36:13,259776297.946687
2025-01-01 00:36:14,256219388.95837185
2025-01-01 00:36:15,262368859.56156856
2025-01-01 00:36:16,260659955.40850008
2025-01-01 00:36:17,251600845.8092756
2025-01-01 00:36:18,251775907.973019
2025-01-01 00:36:19,257477609.009949
2025-01-01 00:36:20,256733860.50006822
2025-01-01 00:36:21,255667328.87430316
2025-01-01 00:36:22,251410898.62812442
2025-01-01 00:36:23,245118261.95391542
2025-01-01 00:36:24,248194109.2952452
2025-01-01 00:36:25,251874267.27367938
2025-01-01 00:36:26,248770997.06561738
2025-01-01 00:36:27,247947996.38257426
2025-01-01 00:36:28,253100484.40098944
2025-01-01 00:36:29,251298337.4520263
2025-01-01 00:36:30,250813532.0520123
2025-01-01 00:36:31,252727136.9854757
2025-01-01 00:36:32,248933928.65459192
2025-01-01 00:36:33,241282576.13746065
2025-01-01 00:36:34,250953762.82883534
2025-01-01 00:36:35,248259365.06593007
2025-01-01 00:36:36,251013599.38497353
2025-01-01 00:36:37,254219871.56821114
2025-01-01 00:36:38,254038181.43192255
2025-01-01 00:36:39,253972091.01717955
2025-01-01 00:36:40,260066608.70936686
2025-01-01 00:36:41,254845891.91732857
2025-01-01 00:36:42,259394057.81162667
2025-01-01 00:36:43,248346904.35642505
2025-01-01 00:36:44,247921691.8004413
2025-01-01 00:36:45,250991202.9778834
2025-01-01 00:36:46,248743145.39409533
2025-01-01 00:36:47,247903496.010872
2025-01-01 00:36:48,244391716.22172216
2025-01-01 00:36:49,253065354.5611267
2025-01-01 00:36:50,259980929.72463018
2025-01-01 00:36:51,252512648.69219902
2025-01-01 00:36:52,252525036.30173033
2025-01-01 00:36:53,254855919.01930365
2025-01-01 00:36:54,254920585.27927384
2025-01-01 00:36:55,250628324.9413427
2025-01-01 00:36:56,249160917.107793
2025-01-01 00:36:57,255767839.07987374
2025-01-01 00:36:58,251119544.3865663
2025-01-01 00:36:59,254698210.51041573
2025-01-01 00:37:00,253139234.35415608
2025-01-01 00:37:01,250870346.48682174
2025-01-01 00:37:02,248649625.86332193
2025-01-01 00:37:03,248220170.27661377
2025-01-01 00:37:04,243328115.84225327
2025-01-01 00:37:05,250782637.07195356
2025-01-01 00:37:06,252848379.20822656
2025-01-01 00:37:07,250197710.2497476
2025-01-01 00:37:08,261310090.29388908
2025-01-01 00:37:09,260124405.02229038
2025-01-01 00:37:10,254247325.70542482
2025-01-01 00:37:11,255056720.30033475
2025-01-01 00:37:12,256117212.62651554
2025-01-01 00:37:13,252865369.16795695
2025-01-01 00:37:14,261846632.30198613
2025-01-01 00:37:15,262562977.78178033
2025-01-01 00:37:16,259635498.58819625
2025-01-01 00:37:17,255123789.91991547
2025-01-01 00:37:18,251351640.19780722
2025-01-01 00:37:19,255248268.2749769
2025-01-01 00:37:20,250724320.5461432
2025-01-01 00:37:21,244082395.59236836
2025-01-01 00:37:22,253641689.9788651
2025-01-01 00:37:23,247209449.65846002
2025-01-01 00:37:24,249082981.65496764
2025-01-01 00:37:25,253561267.7786903
2025-01-01 00:37:26,254191462.69019938
2025-01-01 00:37:27,247593125.7026282
2025-01-01 00:37:28,249567510.49590185
2025-01-01 00:37:29,254886981.41919395
2025-01-01 00:37:30,254968949.8721982
2025-01-01 00:37:31,253704113.2927029
2025-01-01 00:37:32,251105320.5876319
2025-01-01 00:37:33,257854568.05436298
2025-01-01 00:37:34,255593713.6948055
2025-01-01 00:37:35,252810499.16179335
2025-01-01 00:37:36,246914392.60518336
2025-01-01 00:37:37,257086016.9337502
2025-01-01 00:37:38,247838259.56539476
2025-01-01 00:37:39,252800764.9517581
2025-01-01 00:37:40,257320548.26002648
2025-01-01 00:37:41,257103332.76981327
2025-01-01 00:37:42,252563570.86761272
2025-01-01 00:37:43,255631401.94672224
2025-01-01 00:37:44,250334835.70428506
2025-01-01 00:37:45,249688827.03370535
2025-01-01 00:37:46,251245937.5785884
2025-01-01 00:37:47,257379619.47135454
2025-01-01 00:37:48,248604559.61116257
2025-01-01 00:37:49,252668224.91620132
2025-01-01 00:37:50,254292486.3742769
2025-01-01 00:37:51,244602231.3744702
2025-01-01 00:37:52,247302552.805053
2025-01-01 00:37:53,246608081.92652166
2025-01-01 00:37:54,247470707.6272507
2025-01-01 00:37:55,253826940.94441968
2025-01-01 00:37:56,249181173.14826077
2025-01-01 00:37:57,253916621.75824013
2025-01-01 00:37:58,249338976.2430861
2025-01-01 00:37:59,251612314.74454963
2025-01-01 00:38:00,248637594.42025504
2025-01-01 00:38:01,250906008.7691473
2025-01-01 00:38:02,257706149.64552215
2025-01-01 00:38:03,253762180.21926615
2025-01-01 00:38:04,253512560.43374586
2025-01-01 00:38:05,250875868.89465728
2025-01-01 00:38:06,249621810.76278147
2025-01-01 00:38:07,254405508.15247706
2025-01-01 00:38:08,248379755.70363688
2025-01-01 00:38:09,245619835.1314806
2025-01-01 00:38:10,256694201.3542539
2025-01-01 00:38:11,254875437.5978501
2025-01-01 00:38:12,252423356.53757665
2025-01-01 00:38:13,254333326.7492135
2025-01-01 00:38:14,253225693.26352096
2025-01-01 00:38:15,248526726.49960732
2025-01-01 00:38:16,244607666.35922483
2025-01-01 00:38:17,250795800.68889073
2025-01-01 00:38:18,249467508.22725427
2025-01-01 00:38:19,254991212.21341512
2025-01-01 00:38:20,251111975.12073478
2025-01-01 00:38:21,252258149.97918677
2025-01-01 00:38:22,248705682.47037226
2025-01-01 00:38:23,247949421.57312062
2025-01-01 00:38:24,249595400.99744982
2025-01-01 00:38:25,249648556.09606865
2025-01-01 00:38:26,250140948.8604636
2025-01-01 00:38:27,253091647.6718362
2025-01-01 00:38:28,249169649.200192
2025-01-01 00:38:29,249900754.89654782
2025-01-01 00:38:30,253781353.46712452
2025-01-01 00:38:31,250980778.57908174
2025-01-01 00:38:32,257944192.26962373
2025-01-01 00:38:33,255799972.7757665
2025-01-01 00:38:34,253286595.7015706
2025-01-01 00:38:35,259808457.6504075
2025-01-01 00:38:36,258060817.10103217
2025-01-01 00:38:37,253452480.67762396
2025-01-01 00:38:38,257341507.1720051
2025-01-01 00:38:39,251181683.55494025
2025-01-01 00:38:40,265151685.00704613
2025-01-01 00:38:41,260965572.6806286
2025-01-01 00:38:42,258929012.93931937
2025-01-01 00:38:43,249202986.7378674
2025-01-01 00:38:44,252684743.91001928
2025-01-01 00:38:45,249315889.20145985
2025-01-01 00:38:46,251512111.22347605
2025-01-01 00:38:47,252929750.96215925
2025-01-01 00:38:48,258574301.43275952
2025-01-01 00:38:49,255687761.97924626
2025-01-01 00:38:50,258271393.0579871
2025-01-01 00:38:51,253580814.5390679
2025-01-01 00:38:52,249349443.12404194
2025-01-01 00:38:53,252984988.16482878
2025-01-01 00:38:54,252936020.9443039
2025-01-01 00:38:55,252777823.65361053
2025-01-01 00:38:56,253602128.85243073
2025-01-01 00:38:57,255004483.31757933
2025-01-01 00:38:58,258679812.72592577
2025-01-01 00:38:59,253840832.48475373
2025-01-01 00:39:00,255091711.11224988
2025-01-01 00:39:01,246776025.96195722
2025-01-01 00:39:02,251525126.9942478
2025-01-01 00:39:03,247593929.5273015
2025-01-01 00:39:04,253498542.7074189
2025-01-01 00:39:05,249878262.25957543
2025-01-01 00:39:06,244686252.53142956
2025-01-01 00:39:07,246809554.55501226
2025-01-01 00:39:08,251943955.81698337
2025-01-01 00:39:09,253104932.1202704
2025-01-01 00:39:10,256496329.05431235
2025-01-01 00:39:11,255097077.3395502
2025-01-01 00:39:12,252389730.35145456
2025-01-01 00:39:13,252905052.89637578
2025-01-01 00:39:14,253755496.07122
2025-01-01 00:39:15,250960420.9439208
2025-01-01 00:39:16,252124663.98549122
2025-01-01 00:39:17,251615164.140404
2025-01-01 00:39:18,246311682.9531391
2025-01-01 00:39:19,240013003.10784563
2025-01-01 00:39:20,240428938.94819555
2025-01-01 00:39:21,239315063.2804377
2025-01-01 00:39:22,243329763.64938986
2025-01-01 00:39:23,249040745.63064024
2025-01-01 00:39:24,252079691.9501563
2025-01-01 00:39:25,259288185.98584986
2025-01-01 00:39:26,257830277.45865592
2025-01-01 00:39:27,253608097.38311717
2025-01-01 00:39:28,252835471.53400287
2025-01-01 00:39:29,246988779.4294068
2025-01-01 00:39:30,243398500.52716157
2025-01-01 00:39:31,251557525.02009228
2025-01-01 00:39:32,248889163.2130253
2025-01-01 00:39:33,253394715.9731083
2025-01-01 00:39:34,249605757.18836755
2025-01-01 00:39:35,252720843.95836145
2025-01-01 00:39:36,251264153.66541368
2025-01-01 00:39:37,253022631.8437326
2025-01-01 00:39:38,249690409.82661137
2025-01-01 00:39:39,250563036.74652463
2025-01-01 00:39:40,249964618.53217396
2025-01-01 00:39:41,253754019.4637768
2025-01-01 00:39:42,253840679.37719056
2025-01-01 00:39:43,251184828.13741595
2025-01-01 00:39:44,244223915.0568571
2025-01-01 00:39:45,246652785.97110638
2025-01-01 00:39:46,247834756.8061572
2025-01-01 00:39:47,249513859.52106875
2025-01-01 00:39:48,248859410.0468449
2025-01-01 00:39:49,250980877.4463545
2025-01-01 00:39:50,255331752.64771718
2025-01-01 00:39:51,256965900.5779358
2025-01-01 00:39:52,258484041.54439595
2025-01-01 00:39:53,253966194.43376768
2025-01-01 00:39:54,249220336.28939152
2025-01-01 00:39:55,256204630.96771526
2025-01-01 00:39:56,256833584.1618732
2025-01-01 00:39:57,251984081.61786118
2025-01-01 00:39:58,251352668.46028572
2025-01-01 00:39:59,253475374.77851257
2025-01-01 00:40:00,253361698.08089745
2025-01-01 00:40:01,263234713.71716368
2025-01-01 00:40:02,259106988.91162837
2025-01-01 00:40:03,253300670.21705645
2025-01-01 00:40:04,250563681.11157507
2025-01-01 00:40:05,253864946.2971066
2025-01-01 00:40:06,250747307.14303133
2025-01-01 00:40:07,250924143.7310352
2025-01-01 00:40:08,254669590.06636262
2025-01-01 00:40:09,252790199.40943727
2025-01-01 00:40:10,260032186.42132333
2025-01-01 00:40:11,260945828.46824414
2025-01-01 00:40:12,256827299.8233683
2025-01-01 00:40:13,258803448.89688012
2025-01-01 00:40:14,260026743.1465254
2025-01-01 00:40:15,259895149.1791736
2025-01-01 00:40:16,256553407.1558782
2025-01-01 00:40:17,248860597.05744538
2025-01-01 00:40:18,252461795.97836864
2025-01-01 00:40:19,252013669.24407375
2025-01-01 00:40:20,257706469.07116908
2025-01-01 00:40:21,255558745.83142668
2025-01-01 00:40:22,254492051.00831524
2025-01-01 00:40:23,252641767.587756
2025-01-01 00:40:24,261639553.65896708
2025-01-01 00:40:25,256431302.94993353
2025-01-01 00:40:26,254798909.66425547
2025-01-01 00:40:27,248120305.19061682
2025-01-01 00:40:28,245506136.84077644
2025-01-01 00:40:29,248555307.32417765
2025-01-01 00:40:30,251864954.92352197
2025-01-01 00:40:31,251541126.8023945
2025-01-01 00:40:32,252260095.622074
2025-01-01 00:40:33,252551128.93151227
2025-01-01 00:40:34,242699793.1619194
2025-01-01 00:40:35,250399606.26102266
2025-01-01 00:40:36,248857468.98634306
2025-01-01 00:40:37,254994974.56279916
2025-01-01 00:40:38,255329732.60990092
2025-01-01 00:40:39,246381890.7395439
2025-01-01 00:40:40,243976705.6689934
2025-01-01 00:40:41,249222113.62145936
2025-01-01 00:40:42,252337569.02140567
2025-01-01 00:40:43,249416626.4237024
2025-01-01 00:40:44,254424493.62949127
2025-01-01 00:40:45,254213799.2914295
2025-01-01 00:40:46,247062754.51588818
2025-01-01 00:40:47,252013174.32175392
2025-01-01 00:40:48,254765748.52025443
2025-01-01 00:40:49,251230520.55885318
2025-01-01 00:40:50,250041820.58177185
2025-01-01 00:40:51,249174466.6851014
2025-01-01 00:40:52,249677318.10935584
2025-01-01 00:40:53,252602247.07258248
2025-01-01 00:40:54,251302188.30235708
2025-01-01 00:40:55,252556690.4481202
2025-01-01 00:40:56,250962489.95878386
2025-01-01 00:40:57,250604377.50145864
2025-01-01 00:40:58,257527043.84894058
2025-01-01 00:40:59,252129135.76370373
2025-01-01 00:41:00,254482700.1794988
2025-01-01 00:41:01,257102460.0232281
2025-01-01 00:41:02,252602397.75365835
2025-01-01 00:41:03,250205306.1791239
2025-01-01 00:41:04,251421286.34906885
2025-01-01 00:41:05,253439889.15935552
2025-01-01 00:41:06,258596147.13546762
2025-01-01 00:41:07,256293768.58768955
2025-01-01 00:41:08,253015373.50691342
2025-01-01 00:41:09,255660178.42494512
2025-01-01 00:41:10,250438187.51409298
2025-01-01 00:41:11,252159971.3077594
2025-01-01 00:41:12,254443093.08782658
2025-01-01 00:41:13,254266055.3513092
2025-01-01 00:41:14,265426021.8569739
2025-01-01 00:41:15,257734227.32210475
2025-01-01 00:41:16,256713560.14793718
2025-01-01 00:41:17,248812121.43655238
2025-01-01 00:41:18,242031704.7761787
2025-01-01 00:41:19,245864289.475031
2025-01-01 00:41:20,248576738.78349897
2025-01-01 00:41:21,253025602.0130978
2025-01-01 00:41:22,252236405.45111993
2025-01-01 00:41:23,250364171.96773618
2025-01-01 00:41:24,252500853.64821008
2025-01-01 00:41:25,256161531.49089906
2025-01-01 00:41:26,248478797.00040585
2025-01-01 00:41:27,248199174.743856
2025-01-01 00:41:28,245981986.05417928
2025-01-01 00:41:29,248833942.7323367
2025-01-01 00:41:30,244130455.649572
2025-01-01 00:41:31,251284005.68143025
2025-01-01 00:41:32,250374262.05453494
2025-01-01 00:41:33,245745708.98870933
2025-01-01 00:41:34,252280568.95520923
2025-01-01 00:41:35,250334933.81315294
2025-01-01 00:41:36,249464781.79420593
2025-01-01 00:41:37,245271937.59637204
2025-01-01 00:41:38,246455661.8353481
2025-01-01 00:41:39,241091219.68298495
2025-01-01 00:41:40,244600350.82001877
2025-01-01 00:41:41,248210790.65598223
2025-01-01 00:41:42,247744352.50052738
2025-01-01 00:41:43,245534491.6156323
2025-01-01 00:41:44,249384229.08015764
2025-01-01 00:41:45,253496755.37687972
2025-01-01 00:41:46,254256797.33427614
2025-01-01 00:41:47,254418234.47463593
2025-01-01 00:41:48,252386674.38928723
2025-01-01 00:41:49,250217950.3072598
2025-01-01 00:41:50,243099771.8646363
2025-01-01 00:41:51,256878542.42474577
2025-01-01 00:41:52,257855259.2747842
2025-01-01 00:41:53,246912944.74250162
2025-01-01 00:41:54,250615485.7691631
2025-01-01 00:41:55,245813625.45015508
2025-01-01 00:41:56,251214594.72732794
2025-01-01 00:41:57,251619116.3704875
2025-01-01 00:41:58,255023535.370251
2025-01-01 00:41:59,246698838.12457192
2025-01-01 00:42:00,243022797.92743638
2025-01-01 00:42:01,247442978.22399676
2025-01-01 00:42:02,247135764.30658078
2025-01-01 00:42:03,248604366.98188186
2025-01-01 00:42:04,248823001.29677287
2025-01-01 00:42:05,250221833.9987744
2025-01-01 00:42:06,255135450.95990503
2025-01-01 00:42:07,251420868.9892348
2025-01-01 00:42:08,251978421.2276927
2025-01-01 00:42:09,251716787.7702773
2025-01-01 00:42:10,248127528.44184116
2025-01-01 00:42:11,244579723.23813328
2025-01-01 00:42:12,252012376.34415567
2025-01-01 00:42:13,249684819.67903426
2025-01-01 00:42:14,251903069.79657543
2025-01-01 00:42:15,246517716.16120458
2025-01-01 00:42:16,249187056.93728998
2025-01-01 00:42:17,254034662.3005794
2025-01-01 00:42:18,253397962.80348536
2025-01-01 00:42:19,254929936.40989426
2025-01-01 00:42:20,251461028.477484
2025-01-01 00:42:21,250461309.46816537
2025-01-01 00:42:22,247076332.28127316
2025-01-01 00:42:23,248353848.6044872
2025-01-01 00:42:24,250397004.60631594
2025-01-01 00:42:25,251712290.04455245
2025-01-01 00:42:26,248653526.51581544
2025-01-01 00:42:27,250581688.0068537
2025-01-01 00:42:28,256522604.60647085
2025-01-01 00:42:29,253355756.52278885
2025-01-01 00:42:30,253794951.23059678
2025-01-01 00:42:31,255601869.8402504
2025-01-01 00:42:32,254250792.0825351
2025-01-01 00:42:33,248048712.37815088
2025-01-01 00:42:34,253637997.68130365
2025-01-01 00:42:35,251577348.34621122
2025-01-01 00:42:36,249943949.0807058
2025-01-01 00:42:37,250042601.9492834
2025-01-01 00:42:38,252209082.687566
2025-01-01 00:42:39,258100179.55450714
2025-01-01 00:42:40,255992795.92609128
2025-01-01 00:42:41,248041112.2039354
2025-01-01 00:42:42,253974034.85209724
2025-01-01 00:42:43,249068809.49686047
2025-01-01 00:42:44,251525347.2487948
2025-01-01 00:42:45,258817256.58531785
2025-01-01 00:42:46,251700396.487769
2025-01-01 00:42:47,253877878.84600085
2025-01-01 00:42:48,260918748.7204399
2025-01-01 00:42:49,257347798.71976116
2025-01-01 00:42:50,261751257.2972155
2025-01-01 00:42:51,260912487.4949871
2025-01-01 00:42:52,261460873.21591768
2025-01-01 00:42:53,263272057.78110057
2025-01-01 00:42:54,261473546.087223
2025-01-01 00:42:55,261581080.61544544
2025-01-01 00:42:56,262597329.01847836
2025-01-01 00:42:57,258756299.11707982
2025-01-01 00:42:58,260705383.50480273
2025-01-01 00:42:59,258288371.6861138
2025-01-01 00:43:00,258875906.422807
2025-01-01 00:43:01,261215643.74257377
2025-01-01 00:43:02,257506851.60817784
2025-01-01 00:43:03,259182825.83153677
2025-01-01 00:43:04,254734898.27626282
2025-01-01 00:43:05,258201999.52928442
2025-01-01 00:43:06,256052498.66796157
2025-01-01 00:43:07,259783561.13303062
2025-01-01 00:43:08,259877768.56790468
2025-01-01 00:43:09,253972784.96764603
2025-01-01 00:43:10,257208308.35861307
2025-01-01 00:43:11,257126520.783022
2025-01-01 00:43:12,260231366.03890544
2025-01-01 00:43:13,262054724.35421598
2025-01-01 00:43:14,262205655.44101647
2025-01-01 00:43:15,259683690.72016048
2025-01-01 00:43:16,260680703.20410743
2025-01-01 00:43:17,261754428.13252085
2025-01-01 00:43:18,260541133.33929354
2025-01-01 00:43:19,258443614.2765917
2025-01-01 00:43:20,265455561.12195116
2025-01-01 00:43:21,262728562.11098498
2025-01-01 00:43:22,245723307.23375127
2025-01-01 00:43:23,255749992.7930312
2025-01-01 00:43:24,252976925.08980072
2025-01-01 00:43:25,260581610.80850688
2025-01-01 00:43:26,256572106.70766017
2025-01-01 00:43:27,251865295.970867
2025-01-01 00:43:28,260637095.5716029
2025-01-01 00:43:29,258706681.96440828
2025-01-01 00:43:30,255399406.55063218
2025-01-01 00:43:31,254187194.61387354
2025-01-01 00:43:32,258129028.82354727
2025-01-01 00:43:33,256860717.87241143
2025-01-01 00:43:34,252779784.92991632
2025-01-01 00:43:35,248526867.94702733
2025-01-01 00:43:36,249607653.73218283
2025-01-01 00:43:37,244421228.88179484
2025-01-01 00:43:38,250367883.05892333
2025-01-01 00:43:39,256865126.58122182
2025-01-01 00:43:40,260557527.86212587
2025-01-01 00:43:41,252314777.17800817
2025-01-01 00:43:42,252599688.8203799
2025-01-01 00:43:43,249958126.031991
2025-01-01 00:43:44,250930709.95052677
2025-01-01 00:43:45,250396691.44494155
2025-01-01 00:43:46,251787987.70169124
2025-01-01 00:43:47,249998364.62940857
2025-01-01 00:43:48,250501671.97279325
2025-01-01 00:43:49,256418115.5424835
2025-01-01 00:43:50,264346869.36203933
2025-01-01 00:43:51,264273813.8858458
2025-01-01 00:43:52,257854559.0669996
2025-01-01 00:43:53,255597758.70692375
2025-01-01 00:43:54,252423161.7377477
2025-01-01 00:43:55,250853424.17618266
2025-01-01 00:43:56,250749004.96425608
2025-01-01 00:43:57,257960858.92336714
2025-01-01 00:43:58,254041098.6502443
2025-01-01 00:43:59,254634207.11240906
2025-01-01 00:44:00,253121304.63803622
2025-01-01 00:44:01,257065055.63295287
2025-01-01 00:44:02,254205003.53316402
2025-01-01 00:44:03,259477965.94313785
2025-01-01 00:44:04,255085150.36596146
2025-01-01 00:44:05,255640025.57502592
2025-01-01 00:44:06,257679244.1406983
2025-01-01 00:44:07,254328592.57315794
2025-01-01 00:44:08,256832401.6109259
2025-01-01 00:44:09,257719928.27552912
2025-01-01 00:44:10,252204075.73381773
2025-01-01 00:44:11,261035639.61876398
2025-01-01 00:44:12,256232296.80323857
2025-01-01 00:44:13,256051440.98762366
2025-01-01 00:44:14,259423323.2979309
2025-01-01 00:44:15,254120773.41065013
2025-01-01 00:44:16,254861632.70926726
2025-01-01 00:44:17,250959371.88752124
2025-01-01 00:44:18,255507970.06983703
2025-01-01 00:44:19,256398353.36570513
2025-01-01 00:44:20,257039540.78048536
2025-01-01 00:44:21,258060690.97725594
2025-01-01 00:44:22,257919976.1768318
2025-01-01 00:44:23,259285184.11162806
2025-01-01 00:44:24,261735546.40136352
2025-01-01 00:44:25,259586437.71267816
2025-01-01 00:44:26,260065655.62953985
2025-01-01 00:44:27,256907436.91843408
2025-01-01 00:44:28,254409243.2393618
2025-01-01 00:44:29,255433724.31904346
2025-01-01 00:44:30,254874066.6047147
2025-01-01 00:44:31,252777893.60000134
2025-01-01 00:44:32,250739660.48569354
2025-01-01 00:44:33,249845711.18320355
2025-01-01 00:44:34,255624366.81432974
2025-01-01 00:44:35,253009707.73735616
2025-01-01 00:44:36,257288637.73080048
2025-01-01 00:44:37,253256802.6027152
2025-01-01 00:44:38,247904503.2167387
2025-01-01 00:44:39,253627594.57911533
2025-01-01 00:44:40,254525206.8767363
2025-01-01 00:44:41,251219378.15846378
2025-01-01 00:44:42,250757109.4099203
2025-01-01 00:44:43,254847173.60211515
2025-01-01 00:44:44,250281533.02690133
2025-01-01 00:44:45,255926039.3653244
2025-01-01 00:44:46,252075205.96976748
2025-01-01 00:44:47,259316445.86477205
2025-01-01 00:44:48,254896584.607166
2025-01-01 00:44:49,258679325.3301853
2025-01-01 00:44:50,257799484.40684074
2025-01-01 00:44:51,252647963.08053246
2025-01-01 00:44:52,256009324.66737005
2025-01-01 00:44:53,261970650.22246897
2025-01-01 00:44:54,257932139.0961941
2025-01-01 00:44:55,254721222.55566454
2025-01-01 00:44:56,258218445.697456
2025-01-01 00:44:57,252158782.7372291
2025-01-01 00:44:58,250007072.80263895
2025-01-01 00:44:59,252629096.60015202
2025-01-01 00:45:00,255547186.25423038
2025-01-01 00:45:01,256944612.8375107
2025-01-01 00:45:02,256268803.88885775
2025-01-01 00:45:03,254551169.51060244
2025-01-01 00:45:04,250710151.14766395
2025-01-01 00:45:05,252406616.71665066
2025-01-01 00:45:06,254426686.86328396
2025-01-01 00:45:07,250782307.90754196
2025-01-01 00:45:08,256606141.6901871
2025-01-01 00:45:09,258238484.75159457
2025-01-01 00:45:10,257171574.2608585
2025-01-01 00:45:11,259381505.9589774
2025-01-01 00:45:12,262557728.7904107
2025-01-01 00:45:13,257158773.2234093
2025-01-01 00:45:14,247608883.0912777
2025-01-01 00:45:15,244510400.94436303
2025-01-01 00:45:16,243499499.77149844
2025-01-01 00:45:17,247889992.41390502
2025-01-01 00:45:18,254558439.30349103
2025-01-01 00:45:19,249493348.26749736
2025-01-01 00:45:20,252237236.05515352
2025-01-01 00:45:21,250200812.92969462
2025-01-01 00:45:22,253166747.50811762
2025-01-01 00:45:23,245996324.33361286
2025-01-01 00:45:24,242471012.52587798
2025-01-01 00:45:25,249022363.81531522
2025-01-01 00:45:26,249155463.87089035
2025-01-01 00:45:27,250254196.62581044
2025-01-01 00:45:28,256590575.41221365
2025-01-01 00:45:29,256227587.6523836
2025-01-01 00:45:30,249911027.46864727
2025-01-01 00:45:31,249447455.0834957
2025-01-01 00:45:32,251493041.83341336
2025-01-01 00:45:33,255313138.18921807
2025-01-01 00:45:34,258552466.946991
2025-01-01 00:45:35,254595922.13635597
2025-01-01 00:45:36,255889276.25547284
2025-01-01 00:45:37,255516770.70629466
2025-01-01 00:45:38,259522822.27258274
2025-01-01 00:45:39,252636910.97793254
2025-01-01 00:45:40,252873902.89538008
2025-01-01 00:45:41,250009042.47581366
2025-01-01 00:45:42,253757195.05228698
2025-01-01 00:45:43,253733333.92130417
2025-01-01 00:45:44,254193772.87032875
2025-01-01 00:45:45,248498731.4797413
2025-01-01 00:45:46,252761746.3647075
2025-01-01 00:45:47,253673217.1847052
2025-01-01 00:45:48,253340877.04155263
2025-01-01 00:45:49,249099559.2466529
2025-01-01 00:45:50,251015204.1712231
2025-01-01 00:45:51,249808438.56463662
2025-01-01 00:45:52,243595714.81433704
2025-01-01 00:45:53,256201319.28437877
2025-01-01 00:45:54,250613497.70214748
2025-01-01 00:45:55,252442116.2995277
2025-01-01 00:45:56,257885040.43725243
2025-01-01 00:45:57,248013461.1832591
2025-01-01 00:45:58,251750139.5646309
2025-01-01 00:45:59,254836294.80999798
2025-01-01 00:46:00,257727986.2086184
2025-01-01 00:46:01,254787718.21941426
2025-01-01 00:46:02,253708029.25340876
2025-01-01 00:46:03,253263328.1825274
2025-01-01 00:46:04,261130479.93353483
2025-01-01 00:46:05,260671199.57477552
2025-01-01 00:46:06,255625218.1585496
2025-01-01 00:46:07,256511069.68317208
2025-01-01 00:46:08,250678913.44800046
2025-01-01 00:46:09,257751228.4612476
2025-01-01 00:46:10,256301562.1038503
2025-01-01 00:46:11,251155733.8952257
2025-01-01 00:46:12,248488484.56251562
2025-01-01 00:46:13,250676270.3168879
2025-01-01 00:46:14,252036264.46685666
2025-01-01 00:46:15,243288662.19743258
2025-01-01 00:46:16,247637828.9453819
2025-01-01 00:46:17,250913084.9152134
2025-01-01 00:46:18,251467208.38315332
2025-01-01 00:46:19,248949773.66770628
2025-01-01 00:46:20,246884941.07036558
2025-01-01 00:46:21,251892275.6754455
2025-01-01 00:46:22,244501395.8628747
2025-01-01 00:46:23,241402270.81889725
2025-01-01 00:46:24,240666254.8783156
2025-01-01 00:46:25,245151200.5521222
2025-01-01 00:46:26,242143395.13326102
2025-01-01 00:46:27,246453359.13013014
2025-01-01 00:46:28,248926148.11766362
2025-01-01 00:46:29,248394195.77751005
2025-01-01 00:46:30,249675053.51145974
2025-01-01 00:46:31,253109606.54178417
2025-01-01 00:46:32,248003609.65393883
2025-01-01 00:46:33,247957307.00314152
2025-01-01 00:46:34,247403380.9728321
2025-01-01 00:46:35,248682853.41827095
2025-01-01 00:46:36,250124069.83491793
2025-01-01 00:46:37,247619240.80196604
2025-01-01 00:46:38,249907887.43398526
2025-01-01 00:46:39,247142162.71197438
2025-01-01 00:46:40,241719670.52181116
2025-01-01 00:46:41,246214738.53644693
2025-01-01 00:46:42,244969784.1023144
2025-01-01 00:46:43,251236079.23439932
2025-01-01 00:46:44,250938888.51238534
2025-01-01 00:46:45,247832839.75601125
2025-01-01 00:46:46,249628187.28195453
2025-01-01 00:46:47,251232131.68870053
2025-01-01 00:46:48,252462270.5212455
2025-01-01 00:46:49,254600525.702489
2025-01-01 00:46:50,252685607.96061364
2025-01-01 00:46:51,248917166.32841372
2025-01-01 00:46:52,250063040.93640482
2025-01-01 00:46:53,245034029.81767887
2025-01-01 00:46:54,247289624.90505183
2025-01-01 00:46:55,251759731.76663637
2025-01-01 00:46:56,250204183.47302938
2025-01-01 00:46:57,247859806.009973
2025-01-01 00:46:58,250493216.3599715
2025-01-01 00:46:59,247071783.8165333
2025-01-01 00:47:00,246890949.1561676
2025-01-01 00:47:01,244854837.9602894
2025-01-01 00:47:02,252114642.22055838
2025-01-01 00:47:03,245682547.40049952
2025-01-01 00:47:04,253184426.68553644
2025-01-01 00:47:05,253106538.54275507
2025-01-01 00:47:06,246980903.74230424
2025-01-01 00:47:07,243983143.15885636
2025-01-01 00:47:08,247144432.37922207
2025-01-01 00:47:09,247456547.96647614
2025-01-01 00:47:10,245240639.19255513
2025-01-01 00:47:11,244219553.6756667
2025-01-01 00:47:12,243900180.05373487
2025-01-01 00:47:13,247404767.54355314
2025-01-01 00:47:14,246938231.8467092
2025-01-01 00:47:15,245448126.9275798
2025-01-01 00:47:16,244902328.72278148
2025-01-01 00:47:17,242052364.31645608
2025-01-01 00:47:18,246601058.15868518
2025-01-01 00:47:19,249626956.42452127
2025-01-01 00:47:20,249390691.42458174
2025-01-01 00:47:21,248288575.2484276
2025-01-01 00:47:22,249205334.2175891
2025-01-01 00:47:23,249695116.50489858
2025-01-01 00:47:24,252927799.33827704
2025-01-01 00:47:25,250859796.90066415
2025-01-01 00:47:26,249796062.3279737
2025-01-01 00:47:27,247844038.64902833
2025-01-01 00:47:28,248512946.56579602
2025-01-01 00:47:29,239750482.89426377
2025-01-01 00:47:30,245393005.2052874
2025-01-01 00:47:31,248003829.40235248
2025-01-01 00:47:32,247171828.6418418
2025-01-01 00:47:33,239988671.8008006
2025-01-01 00:47:34,241453656.19775838
2025-01-01 00:47:35,247683279.64420724
2025-01-01 00:47:36,250000976.82886145
2025-01-01 00:47:37,246978542.44172186
2025-01-01 00:47:38,251555550.7286508
2025-01-01 00:47:39,246127663.38560915
2025-01-01 00:47:40,248618510.58650064
2025-01-01 00:47:41,250607071.9338568
2025-01-01 00:47:42,250103193.44730943
2025-01-01 00:47:43,245889880.11249012
2025-01-01 00:47:44,248213322.34279406
2025-01-01 00:47:45,241696010.67990878
2025-01-01 00:47:46,250546957.22654697
2025-01-01 00:47:47,250503983.88675648
2025-01-01 00:47:48,253026946.338377
2025-01-01 00:47:49,252843434.14777595
2025-01-01 00:47:50,252834465.9999575
2025-01-01 00:47:51,255646769.20957527
2025-01-01 00:47:52,247324379.1187424
2025-01-01 00:47:53,248592975.5543666
2025-01-01 00:47:54,251101247.1457193
2025-01-01 00:47:55,249159112.84349385
2025-01-01 00:47:56,254466995.09171277
2025-01-01 00:47:57,242886140.5217094
2025-01-01 00:47:58,247740121.501849
2025-01-01 00:47:59,245866164.19195342
2025-01-01 00:48:00,254231742.25351614
2025-01-01 00:48:01,250995934.10408217
2025-01-01 00:48:02,249559514.53133047
2025-01-01 00:48:03,252166425.0712456
2025-01-01 00:48:04,253442584.29790536
2025-01-01 00:48:05,247783057.63791695
2025-01-01 00:48:06,252175301.01296598
2025-01-01 00:48:07,254047520.80036268
2025-01-01 00:48:08,251983812.23295745
2025-01-01 00:48:09,247275198.71008918
2025-01-01 00:48:10,254540814.88018027
2025-01-01 00:48:11,248293398.63182032
2025-01-01 00:48:12,246663630.95921496
2025-01-01 00:48:13,249034278.87658882
2025-01-01 00:48:14,242981650.27265987
2025-01-01 00:48:15,244873763.1972567
2025-01-01 00:48:16,243001204.58013088
2025-01-01 00:48:17,253097161.98023215
2025-01-01 00:48:18,251137021.2428724
2025-01-01 00:48:19,247603560.429357
2025-01-01 00:48:20,244874909.3093711
2025-01-01 00:48:21,245702521.4918399
2025-01-01 00:48:22,247598615.79036623
2025-01-01 00:48:23,246333964.50840428
2025-01-01 00:48:24,245876724.79713956
2025-01-01 00:48:25,246975972.4633991
2025-01-01 00:48:26,245276924.6405537
2025-01-01 00:48:27,245446137.1345019
2025-01-01 00:48:28,249603935.12596965
2025-01-01 00:48:29,252001337.61413145
2025-01-01 00:48:30,250395585.53893676
2025-01-01 00:48:31,248263115.15674344
2025-01-01 00:48:32,252749549.81269547
2025-01-01 00:48:33,249495894.92724362
2025-01-01 00:48:34,250951518.5755713
2025-01-01 00:48:35,256917846.2450618
2025-01-01 00:48:36,257913970.11765322
2025-01-01 00:48:37,250725789.11798245
2025-01-01 00:48:38,253080586.61775205
2025-01-01 00:48:39,260180855.93464002
2025-01-01 00:48:40,252391763.86512598
2025-01-01 00:48:41,249269006.83978465
2025-01-01 00:48:42,262435295.1797564
2025-01-01 00:48:43,258250814.88717252
2025-01-01 00:48:44,255764205.14864686
2025-01-01 00:48:45,259946256.31814915
2025-01-01 00:48:46,259158760.72315586
2025-01-01 00:48:47,258806183.3194538
2025-01-01 00:48:48,253152036.49269596
2025-01-01 00:48:49,252518151.59585294
2025-01-01 00:48:50,251988109.87055504
2025-01-01 00:48:51,249407953.92095333
2025-01-01 00:48:52,241036407.60063446
2025-01-01 00:48:53,247064804.81261587
2025-01-01 00:48:54,245004417.79036555
2025-01-01 00:48:55,246731245.4390294
2025-01-01 00:48:56,242932812.91337097
2025-01-01 00:48:57,244677424.62869546
2025-01-01 00:48:58,240312095.94372422
2025-01-01 00:48:59,240322750.44364542
2025-01-01 00:49:00,239201788.42111364
2025-01-01 00:49:01,246101358.86114994
2025-01-01 00:49:02,250559531.79696235
2025-01-01 00:49:03,248233734.29969296
2025-01-01 00:49:04,250659721.7473609
2025-01-01 00:49:05,245561562.07260346
2025-01-01 00:49:06,245363533.99101108
2025-01-01 00:49:07,244031773.8825406
2025-01-01 00:49:08,252037555.78179833
2025-01-01 00:49:09,248267658.40643066
2025-01-01 00:49:10,245114584.7284547
2025-01-01 00:49:11,247114689.2174238
2025-01-01 00:49:12,245205931.28440487
2025-01-01 00:49:13,245986372.3206845
2025-01-01 00:49:14,242897672.4459326
2025-01-01 00:49:15,247950873.84030193
2025-01-01 00:49:16,248634193.51003358
2025-01-01 00:49:17,251052225.7319112
2025-01-01 00:49:18,250793134.73656794
2025-01-01 00:49:19,249910625.33930835
2025-01-01 00:49:20,248160233.29886866
2025-01-01 00:49:21,245682770.99357828
2025-01-01 00:49:22,245608687.91510347
2025-01-01 00:49:23,242838557.43225148
2025-01-01 00:49:24,246419941.46532398
2025-01-01 00:49:25,248806086.67238992
2025-01-01 00:49:26,252715575.2374256
2025-01-01 00:49:27,251796278.75828555
2025-01-01 00:49:28,248110953.4987786
2025-01-01 00:49:29,249898233.08692393
2025-01-01 00:49:30,254294111.61061308
2025-01-01 00:49:31,257635896.85296574
2025-01-01 00:49:32,253918612.37283275
2025-01-01 00:49:33,254742955.7425189
2025-01-01 00:49:34,250639348.08418435
2025-01-01 00:49:35,247653940.8850208
2025-01-01 00:49:36,243603629.36944467
2025-01-01 00:49:37,244873008.88985464
2025-01-01 00:49:38,243884227.62788332
2025-01-01 00:49:39,252587199.02249095
2025-01-01 00:49:40,247466070.6732416
2025-01-01 00:49:41,242129181.16372976
2025-01-01 00:49:42,242084256.90626565
2025-01-01 00:49:43,248817896.16699234
2025-01-01 00:49:44,250697241.4277866
2025-01-01 00:49:45,249941578.2071337
2025-01-01 00:49:46,248018941.20302087
2025-01-01 00:49:47,243096836.18863028
2025-01-01 00:49:48,243982511.8944982
2025-01-01 00:49:49,247487533.45932072
2025-01-01 00:49:50,246576962.38628614
2025-01-01 00:49:51,246968005.09188324
2025-01-01 00:49:52,247937699.52878892
2025-01-01 00:49:53,239957444.60216564
2025-01-01 00:49:54,246216930.89326528
2025-01-01 00:49:55,240473025.0428179
2025-01-01 00:49:56,246728016.08215013
2025-01-01 00:49:57,246594835.73146737
2025-01-01 00:49:58,248350569.15933502
2025-01-01 00:49:59,245678209.05803502
2025-01-01 00:50:00,249660395.3190811
2025-01-01 00:50:01,250451787.990763
2025-01-01 00:50:02,258374590.83442447
2025-01-01 00:50:03,255121334.0717277
2025-01-01 00:50:04,251615670.54900524
2025-01-01 00:50:05,246568601.3143386
2025-01-01 00:50:06,250759571.1589879
2025-01-01 00:50:07,250554512.85118532
2025-01-01 00:50:08,250333518.69994748
2025-01-01 00:50:09,245527384.5494685
2025-01-01 00:50:10,247717885.8863681
2025-01-01 00:50:11,246898481.68264508
2025-01-01 00:50:12,255603084.27250537
2025-01-01 00:50:13,250686182.6704012
2025-01-01 00:50:14,252734499.5927042
2025-01-01 00:50:15,250298048.6065876
2025-01-01 00:50:16,257350196.89835826
2025-01-01 00:50:17,250869443.4005256
2025-01-01 00:50:18,250992830.16259095
2025-01-01 00:50:19,249712889.9739705
2025-01-01 00:50:20,251782114.42409202
2025-01-01 00:50:21,251911803.32209933
2025-01-01 00:50:22,258336572.53987986
2025-01-01 00:50:23,250311318.80252314
2025-01-01 00:50:24,244012743.78444168
2025-01-01 00:50:25,240911743.37776694
2025-01-01 00:50:26,252369212.77586588
2025-01-01 00:50:27,248790451.22227216
2025-01-01 00:50:28,250455588.97138834
2025-01-01 00:50:29,244020170.13934118
2025-01-01 00:50:30,249428066.34578347
2025-01-01 00:50:31,245098167.19495302
2025-01-01 00:50:32,247588842.1283089
2025-01-01 00:50:33,249963363.61922887
2025-01-01 00:50:34,242678947.1411389
2025-01-01 00:50:35,250575520.39296433
2025-01-01 00:50:36,247124927.30283338
2025-01-01 00:50:37,243308704.73507547
2025-01-01 00:50:38,242703052.25977153
2025-01-01 00:50:39,243728745.32799414
2025-01-01 00:50:40,247974076.0351642
2025-01-01 00:50:41,245435945.94919977
2025-01-01 00:50:42,248875415.8158322
2025-01-01 00:50:43,250997692.79869315
2025-01-01 00:50:44,244585861.6602436
2025-01-01 00:50:45,243781310.62980357
2025-01-01 00:50:46,242743463.9832104
2025-01-01 00:50:47,247066275.36607766
2025-01-01 00:50:48,250729999.8198646
2025-01-01 00:50:49,251670992.6013541
2025-01-01 00:50:50,248400010.421366
2025-01-01 00:50:51,243091401.6556212
2025-01-01 00:50:52,248507467.71524838
2025-01-01 00:50:53,250314238.20663485
2025-01-01 00:50:54,253253878.0515415
2025-01-01 00:50:55,248847789.61832944
2025-01-01 00:50:56,248968932.85901934
2025-01-01 00:50:57,251007983.35233095
2025-01-01 00:50:58,245831676.00122124
2025-01-01 00:50:59,244385025.96539137
2025-01-01 00:51:00,249682222.47523955
2025-01-01 00:51:01,245342784.84145126
2025-01-01 00:51:02,249556011.32910168
2025-01-01 00:51:03,247838694.76591462
2025-01-01 00:51:04,244394455.95417556
2025-01-01 00:51:05,247730303.92842567
2025-01-01 00:51:06,245828064.98883748
2025-01-01 00:51:07,247281246.06801066
2025-01-01 00:51:08,250691041.27107677
2025-01-01 00:51:09,249589745.59711304
2025-01-01 00:51:10,245014198.49478543
2025-01-01 00:51:11,247558118.58172
2025-01-01 00:51:12,250781541.7279553
2025-01-01 00:51:13,246923063.97945914
2025-01-01 00:51:14,250883295.82092047
2025-01-01 00:51:15,246918100.70201835
2025-01-01 00:51:16,248381517.4827205
2025-01-01 00:51:17,242323954.07187277
2025-01-01 00:51:18,245799238.37158003
2025-01-01 00:51:19,248087077.14474484
2025-01-01 00:51:20,250655683.53422806
2025-01-01 00:51:21,250094157.0082382
2025-01-01 00:51:22,251492133.12925214
2025-01-01 00:51:23,244795488.13424662
2025-01-01 00:51:24,246783570.9010128
2025-01-01 00:51:25,247471283.33534694
2025-01-01 00:51:26,246705228.05481324
2025-01-01 00:51:27,243853754.22027117
2025-01-01 00:51:28,246273263.64527562
2025-01-01 00:51:29,237441421.62602383
2025-01-01 00:51:30,242389877.83095717
2025-01-01 00:51:31,243241612.3543494
2025-01-01 00:51:32,242468417.74912128
2025-01-01 00:51:33,242327740.88410452
2025-01-01 00:51:34,243648907.15359572
2025-01-01 00:51:35,244663643.390787
2025-01-01 00:51:36,242856198.86747646
2025-01-01 00:51:37,241903172.5373793
2025-01-01 00:51:38,243483569.1689964
2025-01-01 00:51:39,237081459.65413815
2025-01-01 00:51:40,245360301.11016
2025-01-01 00:51:41,246016109.68873182
2025-01-01 00:51:42,246680860.5620995
2025-01-01 00:51:43,245730931.4553354
2025-01-01 00:51:44,243139693.16863585
2025-01-01 00:51:45,244724684.68273154
2025-01-01 00:51:46,245242050.9171602
2025-01-01 00:51:47,249139567.1842638
2025-01-01 00:51:48,248310243.45969126
2025-01-01 00:51:49,248980873.1514745
2025-01-01 00:51:50,247049971.89288178
2025-01-01 00:51:51,245793246.65267175
2025-01-01 00:51:52,250360483.04909217
2025-01-01 00:51:53,248036430.16908336
2025-01-01 00:51:54,252753989.25471064
2025-01-01 00:51:55,253091277.05161154
2025-01-01 00:51:56,251788878.94878426
2025-01-01 00:51:57,254126988.15865496
2025-01-01 00:51:58,254901698.22676125
2025-01-01 00:51:59,253039063.2571134
2025-01-01 00:52:00,253355846.078131
2025-01-01 00:52:01,242792656.9403944
2025-01-01 00:52:02,242197222.6071639
2025-01-01 00:52:03,243370412.66765437
2025-01-01 00:52:04,246899415.72233102
2025-01-01 00:52:05,246049091.03349882
2025-01-01 00:52:06,250497518.55466774
2025-01-01 00:52:07,253653609.21108776
2025-01-01 00:52:08,249851974.75951737
2025-01-01 00:52:09,247018150.12605765
2025-01-01 00:52:10,246990861.55881378
2025-01-01 00:52:11,244284418.18449527
2025-01-01 00:52:12,247840866.28461954
2025-01-01 00:52:13,243260241.53060827
2025-01-01 00:52:14,249262095.47976032
2025-01-01 00:52:15,253927585.08210045
2025-01-01 00:52:16,251632848.587265
2025-01-01 00:52:17,252331904.80577105
2025-01-01 00:52:18,246825936.14891538
2025-01-01 00:52:19,247043636.54944336
2025-01-01 00:52:20,248079728.01405275
2025-01-01 00:52:21,248323929.11721718
2025-01-01 00:52:22,249007616.37764436
2025-01-01 00:52:23,251323356.57085878
2025-01-01 00:52:24,250374485.18372366
2025-01-01 00:52:25,251889403.2648227
2025-01-01 00:52:26,255803342.26073956
2025-01-01 00:52:27,253310939.70618168
2025-01-01 00:52:28,249039678.94489232
2025-01-01 00:52:29,244873408.1959833
2025-01-01 00:52:30,250336067.7104106
2025-01-01 00:52:31,249991431.6638142
2025-01-01 00:52:32,252095399.506934
2025-01-01 00:52:33,246826281.55287695
2025-01-01 00:52:34,250716277.57485068
2025-01-01 00:52:35,251557782.79852256
2025-01-01 00:52:36,247628328.42193165
2025-01-01 00:52:37,247790577.82655582
2025-01-01 00:52:38,250147417.19409767
2025-01-01 00:52:39,253927756.1223962
2025-01-01 00:52:40,247243903.8845955
2025-01-01 00:52:41,252050329.79476756
2025-01-01 00:52:42,254387417.20806548
2025-01-01 00:52:43,251241350.94072607
2025-01-01 00:52:44,254800830.49591666
2025-01-01 00:52:45,252060030.76783282
2025-01-01 00:52:46,250259449.92512223
2025-01-01 00:52:47,245823062.65609986
2025-01-01 00:52:48,251286483.42701855
2025-01-01 00:52:49,246997947.2870232
2025-01-01 00:52:50,247807617.16265306
2025-01-01 00:52:51,248267838.51039955
2025-01-01 00:52:52,258146793.06186873
2025-01-01 00:52:53,251873965.81776693
2025-01-01 00:52:54,246339008.99508443
2025-01-01 00:52:55,250108729.64529335
2025-01-01 00:52:56,251020727.43729922
2025-01-01 00:52:57,253489030.76189026
2025-01-01 00:52:58,253705923.47372848
2025-01-01 00:52:59,250395833.12283868
2025-01-01 00:53:00,256275310.02962542
2025-01-01 00:53:01,255264235.14494535
2025-01-01 00:53:02,255189599.72191897
2025-01-01 00:53:03,251685133.49619296
2025-01-01 00:53:04,253955219.85569575
2025-01-01 00:53:05,252347673.2960821
2025-01-01 00:53:06,250622856.8604083
2025-01-01 00:53:07,243304685.87162158
2025-01-01 00:53:08,246019874.2114976
2025-01-01 00:53:09,250467886.52337456
2025-01-01 00:53:10,247722081.81223413
2025-01-01 00:53:11,247605720.6264204
2025-01-01 00:53:12,248807275.18198454
2025-01-01 00:53:13,249834862.56133845
2025-01-01 00:53:14,254612733.3320178
2025-01-01 00:53:15,248756135.88824946
2025-01-01 00:53:16,255313931.23038834
2025-01-01 00:53:17,255514675.07424104
2025-01-01 00:53:18,255631944.42799023
2025-01-01 00:53:19,255501361.86076498
2025-01-01 00:53:20,254399443.31832656
2025-01-01 00:53:21,257083304.89578974
2025-01-01 00:53:22,259125440.3581911
2025-01-01 00:53:23,256638999.40738246
2025-01-01 00:53:24,255748629.78130066
2025-01-01 00:53:25,259269702.81333253
2025-01-01 00:53:26,257898616.00826725
2025-01-01 00:53:27,256247589.4566469
2025-01-01 00:53:28,243959877.54216504
2025-01-01 00:53:29,246871089.13329756
2025-01-01 00:53:30,243290414.32607618
2025-01-01 00:53:31,241659233.13590974
2025-01-01 00:53:32,241909757.24630198
2025-01-01 00:53:33,249567276.77659228
2025-01-01 00:53:34,250439029.6207189
2025-01-01 00:53:35,251905336.88353935
2025-01-01 00:53:36,253019114.95969534
2025-01-01 00:53:37,250274006.98922792
2025-01-01 00:53:38,248692854.3491199
2025-01-01 00:53:39,256213833.090962
2025-01-01 00:53:40,257829560.41597798
2025-01-01 00:53:41,250153976.75966778
2025-01-01 00:53:42,255245102.20928824
2025-01-01 00:53:43,254447191.2831159
2025-01-01 00:53:44,253271608.16084096
2025-01-01 00:53:45,251878905.3493465
2025-01-01 00:53:46,260831253.6287599
2025-01-01 00:53:47,259353493.0729438
2025-01-01 00:53:48,257291987.33129668
2025-01-01 00:53:49,251136132.40375206
2025-01-01 00:53:50,255619733.28137037
2025-01-01 00:53:51,253282289.9498701
2025-01-01 00:53:52,256754596.4484584
2025-01-01 00:53:53,259784587.15332273
2025-01-01 00:53:54,251658686.61548758
2025-01-01 00:53:55,254861773.13287044
2025-01-01 00:53:56,254035259.22915697
2025-01-01 00:53:57,255034359.54473662
2025-01-01 00:53:58,250274115.78561395
2025-01-01 00:53:59,248854246.90850505
2025-01-01 00:54:00,248182154.88276336
2025-01-01 00:54:01,249389877.42028758
2025-01-01 00:54:02,246335967.54471636
2025-01-01 00:54:03,248204195.98203397
2025-01-01 00:54:04,245739333.65721178
2025-01-01 00:54:05,247797498.75945935
2025-01-01 00:54:06,254627038.76608065
2025-01-01 00:54:07,250627139.69357583
2025-01-01 00:54:08,250996672.15876344
2025-01-01 00:54:09,249652457.0142192
2025-01-01 00:54:10,252655663.14907664
2025-01-01 00:54:11,257607363.05310866
2025-01-01 00:54:12,252841446.79519114
2025-01-01 00:54:13,248068939.2228387
2025-01-01 00:54:14,245076945.47190794
2025-01-01 00:54:15,249247562.30694583
2025-01-01 00:54:16,249772022.38866356
2025-01-01 00:54:17,253341472.40978926
2025-01-01 00:54:18,254882851.82406843
2025-01-01 00:54:19,254429443.48446417
2025-01-01 00:54:20,251066523.51343244
2025-01-01 00:54:21,255792084.37360284
2025-01-01 00:54:22,259813104.53685227
2025-01-01 00:54:23,257482128.10583937
2025-01-01 00:54:24,251384763.72978857
2025-01-01 00:54:25,252637950.0362191
2025-01-01 00:54:26,249399915.99049425
2025-01-01 00:54:27,249601761.80711186
2025-01-01 00:54:28,246843497.68885204
2025-01-01 00:54:29,241365020.2564818
2025-01-01 00:54:30,241231670.9721749
2025-01-01 00:54:31,240753047.32374662
2025-01-01 00:54:32,244441166.63643625
2025-01-01 00:54:33,247580406.62762913
2025-01-01 00:54:34,249093419.7905026
2025-01-01 00:54:35,247673548.15942645
2025-01-01 00:54:36,245591920.3522899
2025-01-01 00:54:37,240171047.74618655
2025-01-01 00:54:38,244806963.19274694
2025-01-01 00:54:39,245258000.55860144
2025-01-01 00:54:40,246995225.10718817
2025-01-01 00:54:41,248405817.25031644
2025-01-01 00:54:42,245156954.27828085
2025-01-01 00:54:43,248926764.45978212
2025-01-01 00:54:44,248533459.30603427
2025-01-01 00:54:45,248095992.0232058
2025-01-01 00:54:46,251480150.92097786
2025-01-01 00:54:47,250979967.39918563
2025-01-01 00:54:48,248337347.2449439
2025-01-01 00:54:49,250883217.37041453
2025-01-01 00:54:50,257187039.08497354
2025-01-01 00:54:51,262422736.86619636
2025-01-01 00:54:52,258426381.0864668
2025-01-01 00:54:53,259007657.396593
2025-01-01 00:54:54,253933624.848195
2025-01-01 00:54:55,253103631.67947254
2025-01-01 00:54:56,259008688.0074059
2025-01-01 00:54:57,255826897.41851255
2025-01-01 00:54:58,252831406.52567545
2025-01-01 00:54:59,255553865.1878801
2025-01-01 00:55:00,249360650.63206115
2025-01-01 00:55:01,255087031.30499816
2025-01-01 00:55:02,251229834.4756714
2025-01-01 00:55:03,253372949.60565305
2025-01-01 00:55:04,246697803.0934979
2025-01-01 00:55:05,248272494.98969424
2025-01-01 00:55:06,248319982.23204482
2025-01-01 00:55:07,253768530.21367788
2025-01-01 00:55:08,255550099.91760743
2025-01-01 00:55:09,248650785.19488814
2025-01-01 00:55:10,253661106.39117733
2025-01-01 00:55:11,256153614.40378228
2025-01-01 00:55:12,253627405.59576878
2025-01-01 00:55:13,255759174.49413055
2025-01-01 00:55:14,259284459.4834619
2025-01-01 00:55:15,258466434.642688
2025-01-01 00:55:16,255903520.49400416
2025-01-01 00:55:17,255091008.09401616
2025-01-01 00:55:18,257246105.8610961
2025-01-01 00:55:19,247943618.04364008
2025-01-01 00:55:20,249106641.21185392
2025-01-01 00:55:21,249558290.69718584
2025-01-01 00:55:22,251633036.71378797
2025-01-01 00:55:23,257845053.52164614
2025-01-01 00:55:24,256298017.4747222
2025-01-01 00:55:25,259463731.1496431
2025-01-01 00:55:26,253735889.5520365
2025-01-01 00:55:27,254590424.85311285
2025-01-01 00:55:28,254098693.74793062
2025-01-01 00:55:29,249336278.09499604
2025-01-01 00:55:30,253264278.39453027
2025-01-01 00:55:31,255037975.77930298
2025-01-01 00:55:32,251737032.53084433
2025-01-01 00:55:33,247827590.72768477
2025-01-01 00:55:34,252419281.89435294
2025-01-01 00:55:35,253648623.37441263
2025-01-01 00:55:36,253307235.46113268
2025-01-01 00:55:37,247848676.09158072
2025-01-01 00:55:38,247146093.5497139
2025-01-01 00:55:39,256966992.50557277
2025-01-01 00:55:40,256345886.7853183
2025-01-01 00:55:41,257726294.34904683
2025-01-01 00:55:42,252863453.44596794
2025-01-01 00:55:43,254290453.45684516
2025-01-01 00:55:44,259123698.2146047
2025-01-01 00:55:45,254737977.2040199
2025-01-01 00:55:46,251817442.62411848
2025-01-01 00:55:47,252163807.5409701
2025-01-01 00:55:48,254294064.641811
2025-01-01 00:55:49,255657151.58695048
2025-01-01 00:55:50,253592064.5194119
2025-01-01 00:55:51,253420866.21795532
2025-01-01 00:55:52,261589753.9411758
2025-01-01 00:55:53,251827621.52262557
2025-01-01 00:55:54,253162243.67133874
2025-01-01 00:55:55,247474720.63562918
2025-01-01 00:55:56,246795463.94674936
2025-01-01 00:55:57,248227144.97251853
2025-01-01 00:55:58,248634049.6243479
2025-01-01 00:55:59,255886621.91291496
2025-01-01 00:56:00,251213260.85009286
2025-01-01 00:56:01,257577946.73313266
2025-01-01 00:56:02,251534149.50573507
2025-01-01 00:56:03,246766636.6322128
2025-01-01 00:56:04,247641506.658837
2025-01-01 00:56:05,251021442.8110089
2025-01-01 00:56:06,249802420.2339402
2025-01-01 00:56:07,250074293.85192108
2025-01-01 00:56:08,251084348.46773025
2025-01-01 00:56:09,248168286.97214988
2025-01-01 00:56:10,250145446.33328706
2025-01-01 00:56:11,253395893.37721735
2025-01-01 00:56:12,251062908.1610241
2025-01-01 00:56:13,245888663.99041626
2025-01-01 00:56:14,248471643.71270627
2025-01-01 00:56:15,256587074.43812817
2025-01-01 00:56:16,256112805.4488131
2025-01-01 00:56:17,262687899.1120343
2025-01-01 00:56:18,261318598.05186695
2025-01-01 00:56:19,257028008.11515272
2025-01-01 00:56:20,254334324.3810773
2025-01-01 00:56:21,253801158.23730648
2025-01-01 00:56:22,252368086.9719642
2025-01-01 00:56:23,252660536.40352356
2025-01-01 00:56:24,255673624.92143184
2025-01-01 00:56:25,249946952.61839798
2025-01-01 00:56:26,252200844.1084413
2025-01-01 00:56:27,255719604.9988779
2025-01-01 00:56:28,260842001.07950073
2025-01-01 00:56:29,257068616.95378485
2025-01-01 00:56:30,254578503.7756059
2025-01-01 00:56:31,252905884.69376963
2025-01-01 00:56:32,248820098.5199801
2025-01-01 00:56:33,242975368.28876626
2025-01-01 00:56:34,248913938.32610402
2025-01-01 00:56:35,250542553.32375896
2025-01-01 00:56:36,255327075.1807563
2025-01-01 00:56:37,250876394.42630008
2025-01-01 00:56:38,249134527.01017058
2025-01-01 00:56:39,254808105.3202327
2025-01-01 00:56:40,252877192.81809905
2025-01-01 00:56:41,248264133.56838655
2025-01-01 00:56:42,252003126.4334034
2025-01-01 00:56:43,247569880.78197354
2025-01-01 00:56:44,250727527.22982705
2025-01-01 00:56:45,245852914.70427456
2025-01-01 00:56:46,247927713.4215613
2025-01-01 00:56:47,250881894.28823262
2025-01-01 00:56:48,250872739.1382372
2025-01-01 00:56:49,250381861.5580635
2025-01-01 00:56:50,256152622.89874226
2025-01-01 00:56:51,252941113.1683123
2025-01-01 00:56:52,249149791.94428816
2025-01-01 00:56:53,255201956.14012983
2025-01-01 00:56:54,250424385.202959
2025-01-01 00:56:55,252339949.64096564
2025-01-01 00:56:56,255998831.99606028
2025-01-01 00:56:57,247510405.06098843
2025-01-01 00:56:58,248355507.61956346
2025-01-01 00:56:59,258380097.2241347
2025-01-01 00:57:00,248462446.290911
2025-01-01 00:57:01,247377384.51446468
2025-01-01 00:57:02,245545465.36584303
2025-01-01 00:57:03,257150045.03950787
2025-01-01 00:57:04,256039217.9971268
2025-01-01 00:57:05,250979675.17725646
2025-01-01 00:57:06,256013173.88335156
2025-01-01 00:57:07,248153156.47377837
2025-01-01 00:57:08,251542150.76593482
2025-01-01 00:57:09,246390762.8359625
2025-01-01 00:57:10,245221658.00093943
2025-01-01 00:57:11,251594763.207313
2025-01-01 00:57:12,259244273.1131564
2025-01-01 00:57:13,257060793.2948642
2025-01-01 00:57:14,254615605.523315
2025-01-01 00:57:15,259555682.4960968
2025-01-01 00:57:16,257752971.19956666
2025-01-01 00:57:17,254132883.16270563
2025-01-01 00:57:18,253906769.55839854
2025-01-01 00:57:19,249598777.2055587
2025-01-01 00:57:20,250754095.833845
2025-01-01 00:57:21,248391023.13873672
2025-01-01 00:57:22,248331511.49341348
2025-01-01 00:57:23,246483481.61994454
2025-01-01 00:57:24,253198104.14120093
2025-01-01 00:57:25,248592166.29787672
2025-01-01 00:57:26,247550633.36622652
2025-01-01 00:57:27,251726289.69665584
2025-01-01 00:57:28,254455391.2888623
2025-01-01 00:57:29,243873682.63418692
2025-01-01 00:57:30,245814954.33887857
2025-01-01 00:57:31,245243090.46315512
2025-01-01 00:57:32,250062331.1126328
2025-01-01 00:57:33,242371591.51968855
2025-01-01 00:57:34,248076751.90564486
2025-01-01 00:57:35,252168706.19311658
2025-01-01 00:57:36,248460890.56508845
2025-01-01 00:57:37,252590494.71094614
2025-01-01 00:57:38,244499757.30480266
2025-01-01 00:57:39,244024595.02763122
2025-01-01 00:57:40,247392624.81969216
2025-01-01 00:57:41,241930708.796388
2025-01-01 00:57:42,249398686.7864105
2025-01-01 00:57:43,253175309.0499128
2025-01-01 00:57:44,252732158.9334565
2025-01-01 00:57:45,250099086.75875795
2025-01-01 00:57:46,251270857.54892915
2025-01-01 00:57:47,247449666.37134483
2025-01-01 00:57:48,242041510.61955145
2025-01-01 00:57:49,252605537.44407025
2025-01-01 00:57:50,253079887.61880553
2025-01-01 00:57:51,251974160.26629618
2025-01-01 00:57:52,257955531.92043054
2025-01-01 00:57:53,256993336.7361873
2025-01-01 00:57:54,253210960.09339318
2025-01-01 00:57:55,250878848.0095459
2025-01-01 00:57:56,252208861.00460985
2025-01-01 00:57:57,253427659.58110657
2025-01-01 00:57:58,256327228.97766644
2025-01-01 00:57:59,248194885.77513266
2025-01-01 00:58:00,244489250.81509423
2025-01-01 00:58:01,250612999.1321136
2025-01-01 00:58:02,246545905.1789012
2025-01-01 00:58:03,246577965.80498278
2025-01-01 00:58:04,244540853.94543564
2025-01-01 00:58:05,249574039.2973221
2025-01-01 00:58:06,251431687.43164232
2025-01-01 00:58:07,247308209.93601173
2025-01-01 00:58:08,250202416.71822032
2025-01-01 00:58:09,247644610.6504086
2025-01-01 00:58:10,252709611.2033828
2025-01-01 00:58:11,251517084.37052867
2025-01-01 00:58:12,248494441.93893623
2025-01-01 00:58:13,256062305.3854979
2025-01-01 00:58:14,256785343.8412744
2025-01-01 00:58:15,256942065.05533022
2025-01-01 00:58:16,256627153.38561657
2025-01-01 00:58:17,255479507.52107817
2025-01-01 00:58:18,250889812.7956245
2025-01-01 00:58:19,254521413.40534082
2025-01-01 00:58:20,258235699.19665533
2025-01-01 00:58:21,255916316.0445314
2025-01-01 00:58:22,252237480.53293094
2025-01-01 00:58:23,256361241.74967107
2025-01-01 00:58:24,251145514.1603874
2025-01-01 00:58:25,251670692.1216073
2025-01-01 00:58:26,251609393.7095061
2025-01-01 00:58:27,250454464.18670052
2025-01-01 00:58:28,252050417.233791
2025-01-01 00:58:29,252021949.77156296
2025-01-01 00:58:30,254579265.5385926
2025-01-01 00:58:31,251485806.23925182
2025-01-01 00:58:32,252659537.87414584
2025-01-01 00:58:33,252536549.7657649
2025-01-01 00:58:34,256705018.5356752
2025-01-01 00:58:35,259666191.49168128
2025-01-01 00:58:36,248710102.24593875
2025-01-01 00:58:37,250062745.73847666
2025-01-01 00:58:38,253876309.37570158
2025-01-01 00:58:39,251675018.0133122
2025-01-01 00:58:40,248840972.51635012
2025-01-01 00:58:41,245388779.8339224
2025-01-01 00:58:42,246025054.8022718
2025-01-01 00:58:43,252733943.0774141
2025-01-01 00:58:44,257382970.58553645
2025-01-01 00:58:45,251840602.12635404
2025-01-01 00:58:46,255426588.06729695
2025-01-01 00:58:47,248616031.0519831
2025-01-01 00:58:48,248010947.8023769
2025-01-01 00:58:49,251413000.08168855
2025-01-01 00:58:50,245214251.71502596
2025-01-01 00:58:51,247567877.45489463
2025-01-01 00:58:52,244400817.48943704
2025-01-01 00:58:53,244838950.69878826
2025-01-01 00:58:54,249473767.8164206
2025-01-01 00:58:55,251452020.28008544
2025-01-01 00:58:56,250288469.6197102
2025-01-01 00:58:57,244889898.85688624
2025-01-01 00:58:58,243226011.98274925
2025-01-01 00:58:59,243786020.90473852
2025-01-01 00:59:00,239338005.81931064
2025-01-01 00:59:01,243985990.00311196
2025-01-01 00:59:02,254397089.59086192
2025-01-01 00:59:03,253851243.0062069
2025-01-01 00:59:04,248192672.07417944
2025-01-01 00:59:05,251739549.71391276
2025-01-01 00:59:06,247627397.2426102
2025-01-01 00:59:07,252484483.41385803
2025-01-01 00:59:08,250896699.42452338
2025-01-01 00:59:09,252207711.06341636
2025-01-01 00:59:10,253215048.7201975
2025-01-01 00:59:11,251238164.2348646
2025-01-01 00:59:12,248807715.09656915
2025-01-01 00:59:13,244173224.58318132
2025-01-01 00:59:14,252270089.1983377
2025-01-01 00:59:15,249045872.52838293
2025-01-01 00:59:16,255826287.1429779
2025-01-01 00:59:17,249072066.45280302
2025-01-01 00:59:18,247441423.10830057
2025-01-01 00:59:19,255354636.885942
2025-01-01 00:59:20,251015349.46934816
2025-01-01 00:59:21,248320125.94542995
2025-01-01 00:59:22,255249506.67670873
2025-01-01 00:59:23,252770416.7391471
2025-01-01 00:59:24,252299028.32169318
2025-01-01 00:59:25,247368683.01779214
2025-01-01 00:59:26,252524596.00039265
2025-01-01 00:59:27,248548325.16135412
2025-01-01 00:59:28,244706393.9611353
2025-01-01 00:59:29,246974755.82544848
2025-01-01 00:59:30,248507201.86042464
2025-01-01 00:59:31,247550821.21432725
2025-01-01 00:59:32,245507676.22730064
2025-01-01 00:59:33,250454708.64179015
2025-01-01 00:59:34,247710677.6505093
2025-01-01 00:59:35,253083035.60964623
2025-01-01 00:59:36,249843699.96158966
2025-01-01 00:59:37,246577843.22692713
2025-01-01 00:59:38,253475098.49012157
2025-01-01 00:59:39,250015976.4699374
2025-01-01 00:59:40,247219023.06806895
2025-01-01 00:59:41,244126112.93572992
2025-01-01 00:59:42,246304845.48397318
2025-01-01 00:59:43,248190204.53679287
2025-01-01 00:59:44,250001732.3532561
2025-01-01 00:59:45,245432397.1765325
2025-01-01 00:59:46,253964129.68086997
2025-01-01 00:59:47,243312177.79626557
2025-01-01 00:59:48,248297336.35748154
2025-01-01 00:59:49,246096285.65396133
2025-01-01 00:59:50,246143315.2789641
2025-01-01 00:59:51,247011567.23868826
2025-01-01 00:59:52,242648216.48030692
2025-01-01 00:59:53,243850609.9580918
2025-01-01 00:59:54,242880070.3055831
2025-01-01 00:59:55,247868363.18610996
2025-01-01 00:59:56,245520696.0224532
2025-01-01 00:59:57,245743514.3630273
2025-01-01 00:59:58,251854302.15643328
2025-01-01 00:59:59,255768097.29704836
2025-01-01 01:00:00,258269167.15937614
2025-01-01 01:00:01,255410705.7283809
2025-01-01 01:00:02,255075279.50533587
2025-01-01 01:00:03,249610806.4846735
2025-01-01 01:00:04,248217200.006085
2025-01-01 01:00:05,256518432.77126864
2025-01-01 01:00:06,254178433.13396224
2025-01-01 01:00:07,254645239.95073658
2025-01-01 01:00:08,246171154.05536062
2025-01-01 01:00:09,249615092.10797203
2025-01-01 01:00:10,251425341.0841734
2025-01-01 01:00:11,249506383.9971094
2025-01-01 01:00:12,244744528.68757272
2025-01-01 01:00:13,247634452.9607495
2025-01-01 01:00:14,247745255.06435248
2025-01-01 01:00:15,243867682.23322588
2025-01-01 01:00:16,247056631.99081346
2025-01-01 01:00:17,248619379.91598916
2025-01-01 01:00:18,251615279.57627913
2025-01-01 01:00:19,246877877.90005267
2025-01-01 01:00:20,251209339.63765538
2025-01-01 01:00:21,255471271.48996243
2025-01-01 01:00:22,248625216.00223136
2025-01-01 01:00:23,243113549.89137408
2025-01-01 01:00:24,243890190.7190848
2025-01-01 01:00:25,245413255.74453184
2025-01-01 01:00:26,244078755.82990026
2025-01-01 01:00:27,250353226.2478334
2025-01-01 01:00:28,252556435.2626884
2025-01-01 01:00:29,251165988.76038778
2025-01-01 01:00:30,245165071.94685802
2025-01-01 01:00:31,253519598.62693456
2025-01-01 01:00:32,260146114.3642441
2025-01-01 01:00:33,254496839.82698753
2025-01-01 01:00:34,257730527.77135536
2025-01-01 01:00:35,251408403.00394258
2025-01-01 01:00:36,249615432.95659703
2025-01-01 01:00:37,251655350.8374691
2025-01-01 01:00:38,252091692.9782561
2025-01-01 01:00:39,258450183.08738327
2025-01-01 01:00:40,248546045.40385118
2025-01-01 01:00:41,252728241.58494997
2025-01-01 01:00:42,247034671.56558374
2025-01-01 01:00:43,244945929.72482178
2025-01-01 01:00:44,248937369.93960828
2025-01-01 01:00:45,247324044.58888415
2025-01-01 01:00:46,248977962.54137757
2025-01-01 01:00:47,250014732.46059686
2025-01-01 01:00:48,252831038.79400325
2025-01-01 01:00:49,254818461.80022377
2025-01-01 01:00:50,248556872.4236632
2025-01-01 01:00:51,246986869.17649457
2025-01-01 01:00:52,248453046.29767498
2025-01-01 01:00:53,244168977.07897714
2025-01-01 01:00:54,245497421.98641798
2025-01-01 01:00:55,244854408.28299353
2025-01-01 01:00:56,244760242.58456117
2025-01-01 01:00:57,245601606.37840182
2025-01-01 01:00:58,246930066.45508105
2025-01-01 01:00:59,249665609.55749992
2025-01-01 01:01:00,240140280.7828631
2025-01-01 01:01:01,238890399.19384184
2025-01-01 01:01:02,242872141.323468
2025-01-01 01:01:03,245420162.95514897
2025-01-01 01:01:04,251427201.98855203
2025-01-01 01:01:05,247471668.2443568
2025-01-01 01:01:06,249164735.80785167
2025-01-01 01:01:07,250889956.4090857
2025-01-01 01:01:08,246514082.8310623
2025-01-01 01:01:09,246508907.54710007
2025-01-01 01:01:10,247934752.98819157
2025-01-01 01:01:11,248167310.56707385
2025-01-01 01:01:12,247755519.3338794
2025-01-01 01:01:13,245751694.3976375
2025-01-01 01:01:14,245469417.1047445
2025-01-01 01:01:15,248992993.9255062
2025-01-01 01:01:16,246449680.9998459
2025-01-01 01:01:17,247394968.65655974
2025-01-01 01:01:18,251526219.17238775
2025-01-01 01:01:19,255122664.16032615
2025-01-01 01:01:20,254836737.81106427
2025-01-01 01:01:21,252986648.58229357
2025-01-01 01:01:22,245529165.92816472
2025-01-01 01:01:23,251214787.8074502
2025-01-01 01:01:24,253137161.66411042
2025-01-01 01:01:25,247520203.29309472
2025-01-01 01:01:26,243049061.78919238
2025-01-01 01:01:27,248236252.5954868
2025-01-01 01:01:28,251031410.39085904
2025-01-01 01:01:29,254548058.8080386
2025-01-01 01:01:30,257199544.5227235
2025-01-01 01:01:31,251030502.60058263
2025-01-01 01:01:32,245317533.88755125
2025-01-01 01:01:33,234927586.62991264
2025-01-01 01:01:34,245863040.91513422
2025-01-01 01:01:35,248881213.5676062
2025-01-01 01:01:36,254099554.2674168
2025-01-01 01:01:37,248978154.45162222
2025-01-01 01:01:38,243224373.4366584
2025-01-01 01:01:39,242951969.57807183
2025-01-01 01:01:40,247914889.72130492
2025-01-01 01:01:41,251419462.47240412
2025-01-01 01:01:42,243282255.87595353
2025-01-01 01:01:43,241372509.55299076
2025-01-01 01:01:44,240530235.37107766
2025-01-01 01:01:45,244390766.7726062
2025-01-01 01:01:46,239939179.44578835
2025-01-01 01:01:47,242309159.99934995
2025-01-01 01:01:48,246592296.201959
2025-01-01 01:01:49,241285093.66913977
2025-01-01 01:01:50,246102147.9385631
2025-01-01 01:01:51,242417807.22973773
2025-01-01 01:01:52,248782404.90598047
2025-01-01 01:01:53,250265938.8682746
2025-01-01 01:01:54,241997491.98881772
2025-01-01 01:01:55,238019103.20926663
2025-01-01 01:01:56,238175809.38114542
2025-01-01 01:01:57,252044636.15099257
2025-01-01 01:01:58,250979841.3724352
2025-01-01 01:01:59,244368970.74195305
2025-01-01 01:02:00,245985825.27381587
2025-01-01 01:02:01,245627789.0105198
2025-01-01 01:02:02,241531712.44316536
2025-01-01 01:02:03,242321576.28496134
2025-01-01 01:02:04,244167107.01891407
2025-01-01 01:02:05,245068759.83552572
2025-01-01 01:02:06,245273958.07079256
2025-01-01 01:02:07,246987308.7983583
2025-01-01 01:02:08,247452257.13915214
2025-01-01 01:02:09,246294939.47563425
2025-01-01 01:02:10,249720839.020501
2025-01-01 01:02:11,247952130.569347
2025-01-01 01:02:12,247086899.7105008
2025-01-01 01:02:13,245692805.68471596
2025-01-01 01:02:14,248800183.0196631
2025-01-01 01:02:15,253186555.72665602
2025-01-01 01:02:16,247882365.98342973
2025-01-01 01:02:17,252037487.35856608
2025-01-01 01:02:18,253109709.9257795
2025-01-01 01:02:19,250345255.43492508
2025-01-01 01:02:20,252793091.81758437
2025-01-01 01:02:21,250764956.95895118
2025-01-01 01:02:22,247587203.14642322
2025-01-01 01:02:23,248173130.1935988
2025-01-01 01:02:24,249940622.8537764
2025-01-01 01:02:25,256554840.67213547
2025-01-01 01:02:26,255938255.0567443
2025-01-01 01:02:27,250887946.52113664
2025-01-01 01:02:28,249814471.81192744
2025-01-01 01:02:29,244040179.4786285
2025-01-01 01:02:30,246752418.21351936
2025-01-01 01:02:31,242165001.69857046
2025-01-01 01:02:32,240415038.94199103
2025-01-01 01:02:33,246490137.9542971
2025-01-01 01:02:34,247805341.72674742
2025-01-01 01:02:35,251147915.91873744
2025-01-01 01:02:36,243924166.0510479
2025-01-01 01:02:37,244420046.231362
2025-01-01 01:02:38,251172633.69070497
2025-01-01 01:02:39,251535305.1071279
2025-01-01 01:02:40,254734861.0566405
2025-01-01 01:02:41,252672076.83087325
2025-01-01 01:02:42,250650870.63313422
2025-01-01 01:02:43,248914844.254914
2025-01-01 01:02:44,248712961.66763204
2025-01-01 01:02:45,248412865.49918732
2025-01-01 01:02:46,251298598.4136685
2025-01-01 01:02:47,252883519.16765532
2025-01-01 01:02:48,254496715.17404205
2025-01-01 01:02:49,252831014.67609048
2025-01-01 01:02:50,251928255.86665276
2025-01-01 01:02:51,251080960.32341745
2025-01-01 01:02:52,257996923.3622669
2025-01-01 01:02:53,253094104.9426365
2025-01-01 01:02:54,253069554.8742433
2025-01-01 01:02:55,247883692.34224594
2025-01-01 01:02:56,248921252.5348239
2025-01-01 01:02:57,250746593.4427537
2025-01-01 01:02:58,248470731.6035301
2025-01-01 01:02:59,255302424.80283597
2025-01-01 01:03:00,250941977.15551946
2025-01-01 01:03:01,247641224.75060138
2025-01-01 01:03:02,247963269.67862752
2025-01-01 01:03:03,247628000.21520978
2025-01-01 01:03:04,245017984.15153643
2025-01-01 01:03:05,252391222.9681673
2025-01-01 01:03:06,251109071.77563423
2025-01-01 01:03:07,253176703.54222447
2025-01-01 01:03:08,255031734.0888787
2025-01-01 01:03:09,255949008.82452384
2025-01-01 01:03:10,254137969.53115252
2025-01-01 01:03:11,248950712.6121307
2025-01-01 01:03:12,256094687.5985219
2025-01-01 01:03:13,250596655.76636508
2025-01-01 01:03:14,247553483.76347047
2025-01-01 01:03:15,240544637.15780547
2025-01-01 01:03:16,252828817.433322
2025-01-01 01:03:17,255274653.57874188
2025-01-01 01:03:18,253355998.6658529
2025-01-01 01:03:19,250922882.9732483
2025-01-01 01:03:20,253049561.15599817
2025-01-01 01:03:21,256450430.65682784
2025-01-01 01:03:22,254417852.00017875
2025-01-01 01:03:23,251703487.98627675
2025-01-01 01:03:24,255113919.71699414
2025-01-01 01:03:25,256247901.79699722
2025-01-01 01:03:26,253043004.53845736
2025-01-01 01:03:27,246401327.5385005
2025-01-01 01:03:28,248376971.7856703
2025-01-01 01:03:29,248555546.56580716
2025-01-01 01:03:30,253395946.4336858
2025-01-01 01:03:31,251211331.37302148
2025-01-01 01:03:32,244422303.0738849
2025-01-01 01:03:33,248985953.0742251
2025-01-01 01:03:34,249459495.8841608
2025-01-01 01:03:35,245174427.19114205
2025-01-01 01:03:36,250142624.6602632
2025-01-01 01:03:37,249537580.91443706
2025-01-01 01:03:38,250525038.56741804
2025-01-01 01:03:39,247134044.92104745
2025-01-01 01:03:40,252546236.61308596
2025-01-01 01:03:41,247855485.20877364
2025-01-01 01:03:42,252413196.8205338
2025-01-01 01:03:43,249154286.99777022
2025-01-01 01:03:44,253706272.75808057
2025-01-01 01:03:45,255825248.51607287
2025-01-01 01:03:46,258535133.7544389
2025-01-01 01:03:47,258149131.1666541
2025-01-01 01:03:48,254902761.9778144
2025-01-01 01:03:49,262941585.49206713
2025-01-01 01:03:50,256649353.0038597
2025-01-01 01:03:51,258791717.84519622
2025-01-01 01:03:52,258274761.63816664
2025-01-01 01:03:53,258780682.70718905
2025-01-01 01:03:54,255999209.2185894
2025-01-01 01:03:55,254185961.28280386
2025-01-01 01:03:56,255645374.60537302
2025-01-01 01:03:57,259253468.9571421
2025-01-01 01:03:58,253725524.86599672
2025-01-01 01:03:59,247894573.4252411
2025-01-01 01:04:00,251402409.5270315
2025-01-01 01:04:01,258631571.09675103
2025-01-01 01:04:02,254402523.01471627
2025-01-01 01:04:03,251391014.67812544
2025-01-01 01:04:04,249574430.19976473
2025-01-01 01:04:05,248991959.93540615
2025-01-01 01:04:06,249768188.05648872
2025-01-01 01:04:07,245816915.8217979
2025-01-01 01:04:08,251015832.06367832
2025-01-01 01:04:09,256633032.5871577
2025-01-01 01:04:10,253312650.82077515
2025-01-01 01:04:11,253255410.23587084
2025-01-01 01:04:12,255487226.3830821
2025-01-01 01:04:13,250785258.12819317
2025-01-01 01:04:14,240884785.82990956
2025-01-01 01:04:15,241201310.86899528
2025-01-01 01:04:16,249929962.92886436
2025-01-01 01:04:17,246508545.00513196
2025-01-01 01:04:18,245249802.15240976
2025-01-01 01:04:19,252306113.99004465
2025-01-01 01:04:20,251762697.6518877
2025-01-01 01:04:21,250974626.35171905
2025-01-01 01:04:22,249458023.79667476
2025-01-01 01:04:23,248052892.83586353
2025-01-01 01:04:24,250518550.95837164
2025-01-01 01:04:25,249451315.1457031
2025-01-01 01:04:26,248088624.6264363
2025-01-01 01:04:27,253683542.14316332
2025-01-01 01:04:28,252228132.90224802
2025-01-01 01:04:29,251166108.9140025
2025-01-01 01:04:30,251440336.86918646
2025-01-01 01:04:31,250832222.64300185
2025-01-01 01:04:32,252359992.88356835
2025-01-01 01:04:33,254424219.92185247
2025-01-01 01:04:34,256856491.54883048
2025-01-01 01:04:35,254418997.3753064
2025-01-01 01:04:36,250461561.15407848
2025-01-01 01:04:37,250574278.30270353
2025-01-01 01:04:38,253066686.42000842
2025-01-01 01:04:39,246231638.0325692
2025-01-01 01:04:40,255448960.73563722
2025-01-01 01:04:41,255337964.92802504
2025-01-01 01:04:42,256192454.54803604
2025-01-01 01:04:43,258492733.6314704
2025-01-01 01:04:44,257832207.26826677
2025-01-01 01:04:45,255129308.2738903
2025-01-01 01:04:46,254291551.6083658
2025-01-01 01:04:47,252262589.42251205
2025-01-01 01:04:48,262026940.5006502
2025-01-01 01:04:49,254729303.56766483
2025-01-01 01:04:50,251653946.54590273
2025-01-01 01:04:51,252385082.26059002
2025-01-01 01:04:52,246255558.36271724
2025-01-01 01:04:53,252732871.29635447
2025-01-01 01:04:54,253599956.70494753
2025-01-01 01:04:55,262971152.68799463
2025-01-01 01:04:56,256502220.2039672
2025-01-01 01:04:57,257778943.1843794
2025-01-01 01:04:58,259667765.59489062
2025-01-01 01:04:59,258992356.86118755
2025-01-01 01:05:00,255408768.82510018
2025-01-01 01:05:01,253035865.92165995
2025-01-01 01:05:02,258799031.11642307
2025-01-01 01:05:03,252682506.27308226
2025-01-01 01:05:04,251762984.2139313
2025-01-01 01:05:05,256851943.54303622
2025-01-01 01:05:06,256348341.8068399
2025-01-01 01:05:07,255526680.72912002
2025-01-01 01:05:08,250046638.9810572
2025-01-01 01:05:09,254010782.6318181
2025-01-01 01:05:10,256518799.0564482
2025-01-01 01:05:11,249043369.20376137
2025-01-01 01:05:12,248333432.33167034
2025-01-01 01:05:13,253646792.5772713
2025-01-01 01:05:14,250841762.70423084
2025-01-01 01:05:15,251366223.39541098
2025-01-01 01:05:16,246656563.75643447
2025-01-01 01:05:17,245950187.95269698
2025-01-01 01:05:18,248373790.900725
2025-01-01 01:05:19,251341014.29885232
2025-01-01 01:05:20,253871012.31005454
2025-01-01 01:05:21,250352114.46462837
2025-01-01 01:05:22,255130593.22972003
2025-01-01 01:05:23,253044497.23988
2025-01-01 01:05:24,252115003.6357267
2025-01-01 01:05:25,250310602.45682055
2025-01-01 01:05:26,251902943.02743042
2025-01-01 01:05:27,256264577.39289162
2025-01-01 01:05:28,250475677.9425652
2025-01-01 01:05:29,252480864.67876783
2025-01-01 01:05:30,251042097.62839672
2025-01-01 01:05:31,252920295.86010814
2025-01-01 01:05:32,254664209.4546878
2025-01-01 01:05:33,249937360.72596037
2025-01-01 01:05:34,254592987.9553514
2025-01-01 01:05:35,251967179.75083357
2025-01-01 01:05:36,254059056.28296658
2025-01-01 01:05:37,255524048.01568446
2025-01-01 01:05:38,258280549.11156413
2025-01-01 01:05:39,260449491.23078912
2025-01-01 01:05:40,253382859.01973268
2025-01-01 01:05:41,252004276.87946647
2025-01-01 01:05:42,253786176.29942438
2025-01-01 01:05:43,249628295.28155634
2025-01-01 01:05:44,251070731.66564897
2025-01-01 01:05:45,255113420.8686526
2025-01-01 01:05:46,246515922.0294554
2025-01-01 01:05:47,251114835.84056076
2025-01-01 01:05:48,248903644.97270092
2025-01-01 01:05:49,247709467.2855792
2025-01-01 01:05:50,259877147.7687924
2025-01-01 01:05:51,256379204.94961962
2025-01-01 01:05:52,247804409.3149938
2025-01-01 01:05:53,253475253.098798
2025-01-01 01:05:54,246570731.58525056
2025-01-01 01:05:55,247853811.13552284
2025-01-01 01:05:56,247011044.750162
2025-01-01 01:05:57,248481291.6181163
2025-01-01 01:05:58,253902765.06042665
2025-01-01 01:05:59,253904577.6626117
2025-01-01 01:06:00,250698706.3045026
2025-01-01 01:06:01,252120224.28464842
2025-01-01 01:06:02,259785077.5869465
2025-01-01 01:06:03,254101936.75546724
2025-01-01 01:06:04,254047384.32979047
2025-01-01 01:06:05,242540101.3167002
2025-01-01 01:06:06,241434346.69337693
2025-01-01 01:06:07,242556893.61091846
2025-01-01 01:06:08,249891730.11125514
2025-01-01 01:06:09,247312988.92183805
2025-01-01 01:06:10,252556559.06304947
2025-01-01 01:06:11,246451971.22380614
2025-01-01 01:06:12,246077241.83041137
2025-01-01 01:06:13,246886197.48245037
2025-01-01 01:06:14,246196598.5518682
2025-01-01 01:06:15,246018158.4733391
2025-01-01 01:06:16,242694268.33932993
2025-01-01 01:06:17,247806985.6063521
2025-01-01 01:06:18,250954854.8577759
2025-01-01 01:06:19,249654784.54488674
2025-01-01 01:06:20,251657467.57122543
2025-01-01 01:06:21,253459443.24747598
2025-01-01 01:06:22,249213431.0541178
2025-01-01 01:06:23,253558024.84691775
2025-01-01 01:06:24,256428588.5649442
2025-01-01 01:06:25,252829096.2891897
2025-01-01 01:06:26,248316074.6218591
2025-01-01 01:06:27,243848628.6587158
2025-01-01 01:06:28,249601269.7966107
2025-01-01 01:06:29,248092234.75897488
2025-01-01 01:06:30,253050614.18331844
2025-01-01 01:06:31,246430140.96097976
2025-01-01 01:06:32,252671057.97497788
2025-01-01 01:06:33,252199347.9437642
2025-01-01 01:06:34,254289324.4104307
2025-01-01 01:06:35,251729130.62878343
2025-01-01 01:06:36,254784937.00198305
2025-01-01 01:06:37,251912983.77095792
2025-01-01 01:06:38,252791754.04533726
2025-01-01 01:06:39,253262379.0121097
2025-01-01 01:06:40,259936431.91999853
2025-01-01 01:06:41,253157186.30696937
2025-01-01 01:06:42,252422951.49123582
2025-01-01 01:06:43,244446816.20570827
2025-01-01 01:06:44,242655787.62500355
2025-01-01 01:06:45,246240790.7597526
2025-01-01 01:06:46,243170798.7103382
2025-01-01 01:06:47,244509179.3101992
2025-01-01 01:06:48,242320696.01308468
2025-01-01 01:06:49,238870778.86519727
2025-01-01 01:06:50,246451917.29786348
2025-01-01 01:06:51,250916665.91753256
2025-01-01 01:06:52,245513769.50106713
2025-01-01 01:06:53,243499669.81486976
2025-01-01 01:06:54,242965338.72754845
2025-01-01 01:06:55,250019983.29353774
2025-01-01 01:06:56,253579515.78349456
2025-01-01 01:06:57,257177665.7010878
2025-01-01 01:06:58,250651473.0537192
2025-01-01 01:06:59,259945586.6184353
2025-01-01 01:07:00,259974560.9738402
2025-01-01 01:07:01,252790510.26423895
2025-01-01 01:07:02,254241870.88763303
2025-01-01 01:07:03,253057884.60579878
2025-01-01 01:07:04,251790798.2609504
2025-01-01 01:07:05,253804064.1937805
2025-01-01 01:07:06,247445089.86416078
2025-01-01 01:07:07,244828853.6458431
2025-01-01 01:07:08,250778051.3072512
2025-01-01 01:07:09,249176566.2203934
2025-01-01 01:07:10,251175888.07157698
2025-01-01 01:07:11,248818821.3518506
2025-01-01 01:07:12,252238069.30965385
2025-01-01 01:07:13,252411976.14681187
2025-01-01 01:07:14,255240680.03315824
2025-01-01 01:07:15,257167364.90939367
2025-01-01 01:07:16,261011217.16315356
2025-01-01 01:07:17,253084376.47240588
2025-01-01 01:07:18,253681984.92531157
2025-01-01 01:07:19,257305624.12175915
2025-01-01 01:07:20,260779623.4941943
2025-01-01 01:07:21,254053960.8114759
2025-01-01 01:07:22,247674538.26416385
2025-01-01 01:07:23,240024622.14200932
2025-01-01 01:07:24,240344959.35889208
2025-01-01 01:07:25,249618991.25299716
2025-01-01 01:07:26,242940817.47564995
2025-01-01 01:07:27,250001193.8563457
2025-01-01 01:07:28,252319827.61200562
2025-01-01 01:07:29,249694805.29385692
2025-01-01 01:07:30,248536002.34221357
2025-01-01 01:07:31,246737794.99772808
2025-01-01 01:07:32,248414181.8853295
2025-01-01 01:07:33,244904074.34569716
2025-01-01 01:07:34,244779278.96902475
2025-01-01 01:07:35,248147048.01499283
2025-01-01 01:07:36,253613442.978045
2025-01-01 01:07:37,253388553.18013975
2025-01-01 01:07:38,245437198.51862717
2025-01-01 01:07:39,245803393.57666618
2025-01-01 01:07:40,244984711.5133389
2025-01-01 01:07:41,250713136.21290755
2025-01-01 01:07:42,244432181.76874143
2025-01-01 01:07:43,244341283.10351843
2025-01-01 01:07:44,242687182.6493125
2025-01-01 01:07:45,249854688.09201485
2025-01-01 01:07:46,246524878.67096716
2025-01-01 01:07:47,247941824.51580855
2025-01-01 01:07:48,249798119.64228702
2025-01-01 01:07:49,244642738.50351673
2025-01-01 01:07:50,238543616.78451914
2025-01-01 01:07:51,241936568.3046972
2025-01-01 01:07:52,250236303.69180682
2025-01-01 01:07:53,248666627.9664623
2025-01-01 01:07:54,248274282.5846699
2025-01-01 01:07:55,239181065.25200346
2025-01-01 01:07:56,240824793.78926745
2025-01-01 01:07:57,246182815.27582076
2025-01-01 01:07:58,243750030.19922134
2025-01-01 01:07:59,241577954.98843917
2025-01-01 01:08:00,246479236.70689943
2025-01-01 01:08:01,248295888.54272425
2025-01-01 01:08:02,250756376.09326896
2025-01-01 01:08:03,243951873.88128126
2025-01-01 01:08:04,247936008.25678822
2025-01-01 01:08:05,254793404.47926733
2025-01-01 01:08:06,244870297.62855035
2025-01-01 01:08:07,248888499.66664475
2025-01-01 01:08:08,243589589.1384116
2025-01-01 01:08:09,249027233.92903316
2025-01-01 01:08:10,250852999.0916104
2025-01-01 01:08:11,248113651.81360543
2025-01-01 01:08:12,245186175.02597773
2025-01-01 01:08:13,244543518.5869328
2025-01-01 01:08:14,246239760.97164994
2025-01-01 01:08:15,250940333.04085314
2025-01-01 01:08:16,249290398.13596955
2025-01-01 01:08:17,245755454.10329506
2025-01-01 01:08:18,246599860.1887868
2025-01-01 01:08:19,248957088.049292
2025-01-01 01:08:20,248604450.673668
2025-01-01 01:08:21,245369187.96400186
2025-01-01 01:08:22,249445062.451613
2025-01-01 01:08:23,249061070.693896
2025-01-01 01:08:24,244970155.79333675
2025-01-01 01:08:25,248372819.88283485
2025-01-01 01:08:26,256969578.66451886
2025-01-01 01:08:27,257411976.66325662
2025-01-01 01:08:28,252031787.84998453
2025-01-01 01:08:29,254567448.90540722
2025-01-01 01:08:30,252773136.9085968
2025-01-01 01:08:31,260149634.45767534
2025-01-01 01:08:32,255493815.1957931
2025-01-01 01:08:33,254529193.3426206
2025-01-01 01:08:34,254945336.5266918
2025-01-01 01:08:35,251285208.59749553
2025-01-01 01:08:36,247711001.68322846
2025-01-01 01:08:37,247613064.12961766
2025-01-01 01:08:38,249475313.72768208
2025-01-01 01:08:39,250014430.39843526
2025-01-01 01:08:40,255923571.09740168
2025-01-01 01:08:41,255905500.4169886
2025-01-01 01:08:42,255699746.8679974
2025-01-01 01:08:43,259367327.1707894
2025-01-01 01:08:44,257785418.89160532
2025-01-01 01:08:45,250750706.81508625
2025-01-01 01:08:46,253809499.93450212
2025-01-01 01:08:47,260668655.16098732
2025-01-01 01:08:48,257197689.31134877
2025-01-01 01:08:49,260346546.16991884
2025-01-01 01:08:50,262040571.44758552
2025-01-01 01:08:51,260998025.69077292
2025-01-01 01:08:52,259420209.7341322
2025-01-01 01:08:53,258041222.37128103
2025-01-01 01:08:54,260187963.65299204
2025-01-01 01:08:55,255021217.798635
2025-01-01 01:08:56,257474674.10462922
2025-01-01 01:08:57,259518206.69635525
2025-01-01 01:08:58,256617946.27910057
2025-01-01 01:08:59,258196626.27843535
2025-01-01 01:09:00,257735583.10192856
2025-01-01 01:09:01,254159353.7960416
2025-01-01 01:09:02,253794508.05025408
2025-01-01 01:09:03,256281839.04918295
2025-01-01 01:09:04,252014763.11758596
2025-01-01 01:09:05,257181645.048503
2025-01-01 01:09:06,253978940.0565078
2025-01-01 01:09:07,258721630.47712183
2025-01-01 01:09:08,253414592.3821079
2025-01-01 01:09:09,252462596.2622922
2025-01-01 01:09:10,249533535.42758942
2025-01-01 01:09:11,248146779.28332004
2025-01-01 01:09:12,253249541.02031916
2025-01-01 01:09:13,247794193.11679614
2025-01-01 01:09:14,250091240.6287125
2025-01-01 01:09:15,249389160.01773396
2025-01-01 01:09:16,249972868.55981928
2025-01-01 01:09:17,252282691.41422424
2025-01-01 01:09:18,251589465.42132163
2025-01-01 01:09:19,257112140.14028975
2025-01-01 01:09:20,253468056.50936222
2025-01-01 01:09:21,250053592.9139778
2025-01-01 01:09:22,250996244.46147755
2025-01-01 01:09:23,252738530.04580724
2025-01-01 01:09:24,258027775.65621
2025-01-01 01:09:25,252506913.62458748
2025-01-01 01:09:26,249359102.14367324
2025-01-01 01:09:27,249567894.61253902
2025-01-01 01:09:28,252181095.8875012
2025-01-01 01:09:29,256879350.9919451
2025-01-01 01:09:30,256753040.52303547
2025-01-01 01:09:31,255010524.97756884
2025-01-01 01:09:32,252925639.311733
2025-01-01 01:09:33,257988553.71024275
2025-01-01 01:09:34,257607863.23276535
2025-01-01 01:09:35,253404112.6970915
2025-01-01 01:09:36,249500028.0563954
2025-01-01 01:09:37,251761114.47417223
2025-01-01 01:09:38,247959013.36253974
2025-01-01 01:09:39,251653342.69688627
2025-01-01 01:09:40,250964769.35456577
2025-01-01 01:09:41,255002574.7897571
2025-01-01 01:09:42,256297369.51046926
2025-01-01 01:09:43,255449328.19791028
2025-01-01 01:09:44,251964150.2851873
2025-01-01 01:09:45,252792057.79427958
2025-01-01 01:09:46,251458993.4745145
2025-01-01 01:09:47,254829548.05582812
2025-01-01 01:09:48,246143438.6737701
2025-01-01 01:09:49,251226270.07053962
2025-01-01 01:09:50,245811219.70415735
2025-01-01 01:09:51,249702469.5623377
2025-01-01 01:09:52,251629600.56510475
2025-01-01 01:09:53,253264408.631886
2025-01-01 01:09:54,250895751.2988791
2025-01-01 01:09:55,248526699.3871801
2025-01-01 01:09:56,252835068.67329198
2025-01-01 01:09:57,251197833.26735434
2025-01-01 01:09:58,245582612.46676466
2025-01-01 01:09:59,254598313.04769522
2025-01-01 01:10:00,253694289.69743693
2025-01-01 01:10:01,250366449.81415337
2025-01-01 01:10:02,248514755.16416213
2025-01-01 01:10:03,258467420.29606593
2025-01-01 01:10:04,256475224.1440465
2025-01-01 01:10:05,255603692.09877807
2025-01-01 01:10:06,252332415.5337077
2025-01-01 01:10:07,250631588.87048122
2025-01-01 01:10:08,253965197.56249562
2025-01-01 01:10:09,255988245.9233804
2025-01-01 01:10:10,258243350.00846985
2025-01-01 01:10:11,258028714.19818076
2025-01-01 01:10:12,255894227.16539958
2025-01-01 01:10:13,257791080.65456057
2025-01-01 01:10:14,254515713.50369614
2025-01-01 01:10:15,253709573.75161925
2025-01-01 01:10:16,251029115.1154379
2025-01-01 01:10:17,254973666.18878278
2025-01-01 01:10:18,250440287.29428738
2025-01-01 01:10:19,250822400.2731222
2025-01-01 01:10:20,250217594.18428338
2025-01-01 01:10:21,250378932.45520627
2025-01-01 01:10:22,250327814.23122197
2025-01-01 01:10:23,254619525.58857048
2025-01-01 01:10:24,254079094.2606018
2025-01-01 01:10:25,250869649.95491144
2025-01-01 01:10:26,247875227.0745008
2025-01-01 01:10:27,253478747.38390964
2025-01-01 01:10:28,257543055.9814822
2025-01-01 01:10:29,257395773.3526795
2025-01-01 01:10:30,259281748.79171365
2025-01-01 01:10:31,258899794.83493152
2025-01-01 01:10:32,263071016.0663557
2025-01-01 01:10:33,255329786.20518044
2025-01-01 01:10:34,256997168.83079782
2025-01-01 01:10:35,257930669.11445385
2025-01-01 01:10:36,253864930.8448257
2025-01-01 01:10:37,257653414.60599574
2025-01-01 01:10:38,253088745.84371734
2025-01-01 01:10:39,250063783.60635063
2025-01-01 01:10:40,257882148.00475088
2025-01-01 01:10:41,256393995.58813512
2025-01-01 01:10:42,254225255.1010406
2025-01-01 01:10:43,259045494.7508406
2025-01-01 01:10:44,254033493.5616229
2025-01-01 01:10:45,250163305.63696283
2025-01-01 01:10:46,248055715.23744857
2025-01-01 01:10:47,252257216.73220325
2025-01-01 01:10:48,256916165.50594062
2025-01-01 01:10:49,253527909.12337604
2025-01-01 01:10:50,253432371.89222145
2025-01-01 01:10:51,253340945.9114546
2025-01-01 01:10:52,252691711.6873601
2025-01-01 01:10:53,252087909.65964362
2025-01-01 01:10:54,257849454.5239464
2025-01-01 01:10:55,257993445.44941777
2025-01-01 01:10:56,257610308.79719874
2025-01-01 01:10:57,257216776.24868152
2025-01-01 01:10:58,248016680.736725
2025-01-01 01:10:59,250904857.13837552
2025-01-01 01:11:00,253507253.41490853
2025-01-01 01:11:01,252584867.24544674
2025-01-01 01:11:02,248932956.9257243
2025-01-01 01:11:03,254030284.4758098
2025-01-01 01:11:04,254123198.79924417
2025-01-01 01:11:05,251731157.67201033
2025-01-01 01:11:06,257497999.79202908
2025-01-01 01:11:07,252527141.58491564
2025-01-01 01:11:08,250268527.14828238
2025-01-01 01:11:09,244833645.76370513
2025-01-01 01:11:10,247802185.96731266
2025-01-01 01:11:11,242117161.4302293
2025-01-01 01:11:12,247876099.7988702
2025-01-01 01:11:13,247268677.58261415
2025-01-01 01:11:14,251286942.47512886
2025-01-01 01:11:15,250103781.53345937
2025-01-01 01:11:16,248253848.27324343
2025-01-01 01:11:17,247671057.3153623
2025-01-01 01:11:18,250746156.77893326
2025-01-01 01:11:19,250874684.35173106
2025-01-01 01:11:20,249146675.5510928
2025-01-01 01:11:21,248946348.2727224
2025-01-01 01:11:22,249630317.2139451
2025-01-01 01:11:23,249667445.04093096
2025-01-01 01:11:24,251533814.17754826
2025-01-01 01:11:25,250824736.26827413
2025-01-01 01:11:26,250416967.58122906
2025-01-01 01:11:27,250983747.69639575
2025-01-01 01:11:28,249363884.4340712
2025-01-01 01:11:29,252601286.77780086
2025-01-01 01:11:30,254746023.55462867
2025-01-01 01:11:31,252803732.46741056
2025-01-01 01:11:32,247902667.1469228
2025-01-01 01:11:33,251321758.65235603
2025-01-01 01:11:34,252008817.9189588
2025-01-01 01:11:35,250183039.81741703
2025-01-01 01:11:36,248799085.7663044
2025-01-01 01:11:37,248037255.85184565
2025-01-01 01:11:38,245300479.4666549
2025-01-01 01:11:39,252909033.45044625
2025-01-01 01:11:40,256788918.00331712
2025-01-01 01:11:41,254995352.15409288
2025-01-01 01:11:42,255940757.2017908
2025-01-01 01:11:43,254728411.06478062
2025-01-01 01:11:44,255000859.03468606
2025-01-01 01:11:45,252124281.71025023
2025-01-01 01:11:46,253662078.20729142
2025-01-01 01:11:47,246608432.15048134
2025-01-01 01:11:48,250526847.40755466
2025-01-01 01:11:49,248732672.40531096
2025-01-01 01:11:50,252056511.3842131
2025-01-01 01:11:51,254711378.48159105
2025-01-01 01:11:52,257095673.2115492
2025-01-01 01:11:53,253318929.74115545
2025-01-01 01:11:54,257400748.83343095
2025-01-01 01:11:55,256435424.7177498
2025-01-01 01:11:56,251994135.1192583
2025-01-01 01:11:57,252553646.45299414
2025-01-01 01:11:58,252222870.53058973
2025-01-01 01:11:59,256079075.4001746
2025-01-01 01:12:00,255062764.60902336
2025-01-01 01:12:01,257422775.52740324
2025-01-01 01:12:02,254774410.16704053
2025-01-01 01:12:03,257309262.58256385
2025-01-01 01:12:04,253315758.21951175
2025-01-01 01:12:05,254399258.54908416
2025-01-01 01:12:06,259168124.91318068
2025-01-01 01:12:07,251175617.01632166
2025-01-01 01:12:08,255517110.1597398
2025-01-01 01:12:09,257161549.68431693
2025-01-01 01:12:10,260281961.9047259
2025-01-01 01:12:11,251158025.29782286
2025-01-01 01:12:12,252845824.4973126
2025-01-01 01:12:13,254663002.12721673
2025-01-01 01:12:14,257161281.82905686
2025-01-01 01:12:15,256781880.83379155
2025-01-01 01:12:16,257060588.91590965
2025-01-01 01:12:17,255661375.0888655
2025-01-01 01:12:18,250508601.4388244
2025-01-01 01:12:19,253864747.9972842
2025-01-01 01:12:20,253711382.10227492
2025-01-01 01:12:21,253484180.2112587
2025-01-01 01:12:22,256554905.48216584
2025-01-01 01:12:23,255392265.12651384
2025-01-01 01:12:24,248222132.0405997
2025-01-01 01:12:25,249443314.4419254
2025-01-01 01:12:26,246678335.34520742
2025-01-01 01:12:27,246030760.22950882
2025-01-01 01:12:28,246217119.45665628
2025-01-01 01:12:29,246818873.684113
2025-01-01 01:12:30,247841394.41742718
2025-01-01 01:12:31,248098816.7172718
2025-01-01 01:12:32,256828944.97303277
2025-01-01 01:12:33,251731356.68385747
2025-01-01 01:12:34,253090893.21798182
2025-01-01 01:12:35,250553451.38364828
2025-01-01 01:12:36,249001836.14485285
2025-01-01 01:12:37,247872811.22581044
2025-01-01 01:12:38,258153811.80284202
2025-01-01 01:12:39,257414787.0005909
2025-01-01 01:12:40,254064915.01605886
2025-01-01 01:12:41,254501614.02841514
2025-01-01 01:12:42,254004759.49878454
2025-01-01 01:12:43,255759998.5017232
2025-01-01 01:12:44,248729139.46502194
2025-01-01 01:12:45,246575156.33422372
2025-01-01 01:12:46,250305673.58697316
2025-01-01 01:12:47,249321690.347846
2025-01-01 01:12:48,242112776.19046995
2025-01-01 01:12:49,248141964.5253127
2025-01-01 01:12:50,249601664.90875053
2025-01-01 01:12:51,253643933.54180175
2025-01-01 01:12:52,251877134.51526725
2025-01-01 01:12:53,247925799.55135897
2025-01-01 01:12:54,241925513.05816415
2025-01-01 01:12:55,246179675.47302032
2025-01-01 01:12:56,250843766.79550225
2025-01-01 01:12:57,252745586.03027162
2025-01-01 01:12:58,251600730.67385566
2025-01-01 01:12:59,251029121.08209056
2025-01-01 01:13:00,251734049.3438669
2025-01-01 01:13:01,251974198.99509624
2025-01-01 01:13:02,249790523.1695977
2025-01-01 01:13:03,251237326.15952668
2025-01-01 01:13:04,257696213.49449882
2025-01-01 01:13:05,257965451.42914057
2025-01-01 01:13:06,247404657.6163737
2025-01-01 01:13:07,246996156.0275724
2025-01-01 01:13:08,251551951.33945835
2025-01-01 01:13:09,254447322.89039075
2025-01-01 01:13:10,253089772.2659156
2025-01-01 01:13:11,257069562.4418122
2025-01-01 01:13:12,250901170.97585607
2025-01-01 01:13:13,254938821.58742508
2025-01-01 01:13:14,247173962.5184764
2025-01-01 01:13:15,245264480.7823044
2025-01-01 01:13:16,245823962.13441187
2025-01-01 01:13:17,247409215.3645661
2025-01-01 01:13:18,244056836.8268423
2025-01-01 01:13:19,250813834.38053945
2025-01-01 01:13:20,246804189.30474752
2025-01-01 01:13:21,247737108.64940494
2025-01-01 01:13:22,243902404.1896373
2025-01-01 01:13:23,247316593.25733745
2025-01-01 01:13:24,251228759.06197077
2025-01-01 01:13:25,254029938.95381495
2025-01-01 01:13:26,250906128.44319367
2025-01-01 01:13:27,256624114.08666775
2025-01-01 01:13:28,246368491.96798995
2025-01-01 01:13:29,252549114.60806853
2025-01-01 01:13:30,249387908.4727996
2025-01-01 01:13:31,256894603.37709078
2025-01-01 01:13:32,254193177.43915507
2025-01-01 01:13:33,245489533.17946962
2025-01-01 01:13:34,249602422.95223817
2025-01-01 01:13:35,249298194.46518922
2025-01-01 01:13:36,247321481.51371166
2025-01-01 01:13:37,249301336.65423
2025-01-01 01:13:38,248960240.24662894
2025-01-01 01:13:39,254544324.97349444
2025-01-01 01:13:40,254063555.28898984
2025-01-01 01:13:41,256369143.41607827
2025-01-01 01:13:42,245796464.219683
2025-01-01 01:13:43,243132746.84565657
2025-01-01 01:13:44,253196882.05292186
2025-01-01 01:13:45,250780324.27616382
2025-01-01 01:13:46,248783429.0655337
2025-01-01 01:13:47,252004983.7826873
2025-01-01 01:13:48,251477779.34554052
2025-01-01 01:13:49,258307787.70110375
2025-01-01 01:13:50,255884913.42865837
2025-01-01 01:13:51,247386903.20832574
2025-01-01 01:13:52,248908386.13965935
2025-01-01 01:13:53,253216356.59007734
2025-01-01 01:13:54,250293310.38483542
2025-01-01 01:13:55,251959059.2104787
2025-01-01 01:13:56,247421787.18646392
2025-01-01 01:13:57,245019422.23899004
2025-01-01 01:13:58,249590360.59931076
2025-01-01 01:13:59,249151577.10296807
2025-01-01 01:14:00,248214458.05444
2025-01-01 01:14:01,248582664.48074755
2025-01-01 01:14:02,250874076.4157792
2025-01-01 01:14:03,251871693.6753217
2025-01-01 01:14:04,253822214.63978386
2025-01-01 01:14:05,246847060.0045639
2025-01-01 01:14:06,249384098.44977832
2025-01-01 01:14:07,249601546.77318496
2025-01-01 01:14:08,246284400.35612947
2025-01-01 01:14:09,254684789.56742728
2025-01-01 01:14:10,258119325.9127567
2025-01-01 01:14:11,256517864.13148603
2025-01-01 01:14:12,252517727.5700371
2025-01-01 01:14:13,252805669.37034655
2025-01-01 01:14:14,256857241.86078095
2025-01-01 01:14:15,252085978.25901687
2025-01-01 01:14:16,257302354.6701861
2025-01-01 01:14:17,254011698.3854223
2025-01-01 01:14:18,251793109.807777
2025-01-01 01:14:19,251266252.72701678
2025-01-01 01:14:20,251038142.05462548
2025-01-01 01:14:21,244932214.95418856
2025-01-01 01:14:22,250567919.11198616
2025-01-01 01:14:23,253779834.69801256
2025-01-01 01:14:24,252848416.7605311
2025-01-01 01:14:25,255908847.03540906
2025-01-01 01:14:26,252361310.34503523
2025-01-01 01:14:27,251384056.94554332
2025-01-01 01:14:28,252270755.2672955
2025-01-01 01:14:29,258396624.8509978
2025-01-01 01:14:30,252140381.02577797
2025-01-01 01:14:31,254012331.84616104
2025-01-01 01:14:32,253942599.7573444
2025-01-01 01:14:33,248460734.7723595
2025-01-01 01:14:34,248053401.205043
2025-01-01 01:14:35,247399858.40111423
2025-01-01 01:14:36,246218754.8853708
2025-01-01 01:14:37,247807831.01150244
2025-01-01 01:14:38,249569471.72401306
2025-01-01 01:14:39,250682744.6623629
2025-01-01 01:14:40,251153113.3659446
2025-01-01 01:14:41,255406172.94561163
2025-01-01 01:14:42,249486013.74201462
2025-01-01 01:14:43,249041605.56392252
2025-01-01 01:14:44,249032193.20946574
2025-01-01 01:14:45,250552702.4979665
2025-01-01 01:14:46,253177848.60958
2025-01-01 01:14:47,252194190.22388956
2025-01-01 01:14:48,261353029.45138574
2025-01-01 01:14:49,258940384.28872046
2025-01-01 01:14:50,256696552.71379906
2025-01-01 01:14:51,258954914.49541986
2025-01-01 01:14:52,255945620.53125083
2025-01-01 01:14:53,254162290.70328426
2025-01-01 01:14:54,258703757.9820526
2025-01-01 01:14:55,254057283.295645
2025-01-01 01:14:56,254227538.65807953
2025-01-01 01:14:57,260802693.0374208
2025-01-01 01:14:58,261201622.29666674
2025-01-01 01:14:59,256681311.8764303
2025-01-01 01:15:00,249332648.730202
2025-01-01 01:15:01,253139669.2612334
2025-01-01 01:15:02,257132910.39737123
2025-01-01 01:15:03,250221924.7164285
2025-01-01 01:15:04,251580982.04785436
2025-01-01 01:15:05,256864803.94154206
2025-01-01 01:15:06,255600388.79342937
2025-01-01 01:15:07,256128384.87105545
2025-01-01 01:15:08,253379590.60213417
2025-01-01 01:15:09,259500722.89474156
2025-01-01 01:15:10,258725177.7822439
2025-01-01 01:15:11,258094104.63611585
2025-01-01 01:15:12,247941623.81370825
2025-01-01 01:15:13,251507664.52923834
2025-01-01 01:15:14,248062480.73990628
2025-01-01 01:15:15,245531993.92694387
2025-01-01 01:15:16,248833363.82545438
2025-01-01 01:15:17,254574878.16752654
2025-01-01 01:15:18,255708507.94100353
2025-01-01 01:15:19,257119452.48770097
2025-01-01 01:15:20,256242592.2559778
2025-01-01 01:15:21,247153921.837933
2025-01-01 01:15:22,250360324.25383654
2025-01-01 01:15:23,253457664.93587872
2025-01-01 01:15:24,257815232.85338882
2025-01-01 01:15:25,257000085.09716645
2025-01-01 01:15:26,258463424.87143192
2025-01-01 01:15:27,253142472.14579427
2025-01-01 01:15:28,245511071.31325626
2025-01-01 01:15:29,247523798.9976695
2025-01-01 01:15:30,245386285.87038055
2025-01-01 01:15:31,256256600.22503144
2025-01-01 01:15:32,253679244.4431212
2025-01-01 01:15:33,253130329.81498417
2025-01-01 01:15:34,253232486.6686313
2025-01-01 01:15:35,258005058.96421146
2025-01-01 01:15:36,260181516.10025144
2025-01-01 01:15:37,256077803.24343458
2025-01-01 01:15:38,259307088.357109
2025-01-01 01:15:39,260748452.50944418
2025-01-01 01:15:40,261814426.9791437
2025-01-01 01:15:41,266323061.87425548
2025-01-01 01:15:42,252100374.95316282
2025-01-01 01:15:43,253492012.56459492
2025-01-01 01:15:44,254644970.5800678
2025-01-01 01:15:45,254858347.6038648
2025-01-01 01:15:46,259278914.7838521
2025-01-01 01:15:47,256085620.91969997
2025-01-01 01:15:48,251985409.00437546
2025-01-01 01:15:49,254895894.4816377
2025-01-01 01:15:50,258663200.74820578
2025-01-01 01:15:51,246033067.5718269
2025-01-01 01:15:52,256489832.76672062
2025-01-01 01:15:53,260467582.56438807
2025-01-01 01:15:54,257073724.02015972
2025-01-01 01:15:55,254679558.35940757
2025-01-01 01:15:56,258947646.11308894
2025-01-01 01:15:57,254468652.69519457
2025-01-01 01:15:58,256530929.0045425
2025-01-01 01:15:59,254787430.83507016
2025-01-01 01:16:00,252503323.84091416
2025-01-01 01:16:01,257726546.40890142
2025-01-01 01:16:02,251695756.84233677
2025-01-01 01:16:03,255153353.15949142
2025-01-01 01:16:04,252985039.2936196
2025-01-01 01:16:05,253399028.10581133
2025-01-01 01:16:06,247789780.9704373
2025-01-01 01:16:07,248013523.75854185
2025-01-01 01:16:08,253413776.8322198
2025-01-01 01:16:09,250643738.17050546
2025-01-01 01:16:10,254026218.07679406
2025-01-01 01:16:11,250844946.54150966
2025-01-01 01:16:12,250377064.17366007
2025-01-01 01:16:13,249943001.36529547
2025-01-01 01:16:14,253963679.89979717
2025-01-01 01:16:15,254658203.5573292
2025-01-01 01:16:16,257298025.5757948
2025-01-01 01:16:17,253476172.68349314
2025-01-01 01:16:18,253540987.09053504
2025-01-01 01:16:19,258847396.71497482
2025-01-01 01:16:20,257904528.94788086
2025-01-01 01:16:21,247686629.93268755
2025-01-01 01:16:22,253955909.0752273
2025-01-01 01:16:23,254760573.9375067
2025-01-01 01:16:24,258902086.24883962
2025-01-01 01:16:25,257919819.35052535
2025-01-01 01:16:26,250945922.61901015
2025-01-01 01:16:27,254931305.63628075
2025-01-01 01:16:28,258536180.4785207
2025-01-01 01:16:29,257801013.60370007
2025-01-01 01:16:30,257854160.29708084
2025-01-01 01:16:31,253167435.41672987
2025-01-01 01:16:32,249309411.90461907
2025-01-01 01:16:33,245811323.35281926
2025-01-01 01:16:34,248576889.12535378
2025-01-01 01:16:35,251109413.26138344
2025-01-01 01:16:36,252307418.81100038
2025-01-01 01:16:37,251534539.44918236
2025-01-01 01:16:38,253495458.98468933
2025-01-01 01:16:39,255330639.41850287
2025-01-01 01:16:40,251006719.42645204
2025-01-01 01:16:41,248871956.93940338
2025-01-01 01:16:42,254534665.58013043
2025-01-01 01:16:43,255979819.4419518
2025-01-01 01:16:44,253438805.24468842
2025-01-01 01:16:45,251496696.34074417
2025-01-01 01:16:46,250698493.69058284
2025-01-01 01:16:47,250072889.2973766
2025-01-01 01:16:48,245301714.41214225
2025-01-01 01:16:49,245366678.0838339
2025-01-01 01:16:50,248630541.3176169
2025-01-01 01:16:51,249193615.8264798
2025-01-01 01:16:52,252120296.30034432
2025-01-01 01:16:53,251655924.2095118
2025-01-01 01:16:54,253967079.38928375
2025-01-01 01:16:55,253415390.58171293
2025-01-01 01:16:56,254071250.1474227
2025-01-01 01:16:57,254334173.76567104
2025-01-01 01:16:58,246197135.70010754
2025-01-01 01:16:59,252302814.09239978
2025-01-01 01:17:00,259820019.012167
2025-01-01 01:17:01,255718788.49771383
2025-01-01 01:17:02,254944262.3463219
2025-01-01 01:17:03,257024675.83571616
2025-01-01 01:17:04,255488856.3857612
2025-01-01 01:17:05,249641290.36589473
2025-01-01 01:17:06,251093951.14210293
2025-01-01 01:17:07,247598533.41747567
2025-01-01 01:17:08,252688620.47145286
2025-01-01 01:17:09,255071442.26801756
2025-01-01 01:17:10,252433086.08080405
2025-01-01 01:17:11,253661530.02756163
2025-01-01 01:17:12,254037974.4838101
2025-01-01 01:17:13,251003230.48839438
2025-01-01 01:17:14,249843729.3073639
2025-01-01 01:17:15,250990192.64332855
2025-01-01 01:17:16,253943563.49075496
2025-01-01 01:17:17,248841018.80764955
2025-01-01 01:17:18,254053476.66931266
2025-01-01 01:17:19,254669481.6562431
2025-01-01 01:17:20,257795037.51835728
2025-01-01 01:17:21,257876594.15702274
2025-01-01 01:17:22,260655763.0940697
2025-01-01 01:17:23,259275210.0225807
2025-01-01 01:17:24,256437904.56209898
2025-01-01 01:17:25,261944770.2445741
2025-01-01 01:17:26,263212923.00341612
2025-01-01 01:17:27,256118750.14314863
2025-01-01 01:17:28,251968429.04077584
2025-01-01 01:17:29,253781970.23544544
2025-01-01 01:17:30,256927675.71772674
2025-01-01 01:17:31,256726319.90499032
2025-01-01 01:17:32,251307493.75106642
2025-01-01 01:17:33,253792927.52358744
2025-01-01 01:17:34,260720103.55484873
2025-01-01 01:17:35,261763206.5871312
2025-01-01 01:17:36,259643498.78039956
2025-01-01 01:17:37,256782724.6011502
2025-01-01 01:17:38,256865286.40057713
2025-01-01 01:17:39,259327505.76686612
2025-01-01 01:17:40,254599764.73842198
2025-01-01 01:17:41,252818066.00952494
2025-01-01 01:17:42,258939858.5088802
2025-01-01 01:17:43,256263873.00665465
2025-01-01 01:17:44,259672728.2282718
2025-01-01 01:17:45,260227307.89394337
2025-01-01 01:17:46,253148679.84112242
2025-01-01 01:17:47,251745123.29717526
2025-01-01 01:17:48,253589542.79473984
2025-01-01 01:17:49,251313804.6485028
2025-01-01 01:17:50,245832551.73338875
2025-01-01 01:17:51,255388584.73623168
2025-01-01 01:17:52,250346487.90448317
2025-01-01 01:17:53,251550398.76868796
2025-01-01 01:17:54,253242777.83706748
2025-01-01 01:17:55,255068769.165503
2025-01-01 01:17:56,253497778.9171553
2025-01-01 01:17:57,254455197.37822723
2025-01-01 01:17:58,252628154.04110643
2025-01-01 01:17:59,250319401.51976416
2025-01-01 01:18:00,243936253.62863168
2025-01-01 01:18:01,247385776.1848749
2025-01-01 01:18:02,247378755.98784104
2025-01-01 01:18:03,254788940.24588862
2025-01-01 01:18:04,248732752.88978493
2025-01-01 01:18:05,248648667.63502777
2025-01-01 01:18:06,242213550.95139098
2025-01-01 01:18:07,238717457.93171066
2025-01-01 01:18:08,237973902.38813567
2025-01-01 01:18:09,246836631.631174
2025-01-01 01:18:10,250795545.5785541
2025-01-01 01:18:11,250904409.1648002
2025-01-01 01:18:12,246765605.25177956
2025-01-01 01:18:13,245728130.2319261
2025-01-01 01:18:14,243492234.10511878
2025-01-01 01:18:15,247161408.39860964
2025-01-01 01:18:16,244197846.30721915
2025-01-01 01:18:17,251814569.4456589
2025-01-01 01:18:18,248612365.60698763
2025-01-01 01:18:19,249062274.60794252
2025-01-01 01:18:20,245298891.0430149
2025-01-01 01:18:21,244102563.89516416
2025-01-01 01:18:22,245345521.35688227
2025-01-01 01:18:23,253090812.23886824
2025-01-01 01:18:24,251190445.4032292
2025-01-01 01:18:25,258471733.5174064
2025-01-01 01:18:26,250345121.95076695
2025-01-01 01:18:27,252604649.67378902
2025-01-01 01:18:28,249146546.70622075
2025-01-01 01:18:29,246415340.1245285
2025-01-01 01:18:30,247680703.288499
2025-01-01 01:18:31,245737704.95093596
2025-01-01 01:18:32,249973402.94060358
2025-01-01 01:18:33,242064446.70260954
2025-01-01 01:18:34,247045767.38316154
2025-01-01 01:18:35,250425987.5571306
2025-01-01 01:18:36,249824460.67564616
2025-01-01 01:18:37,244924066.60309097
2025-01-01 01:18:38,248442290.03266627
2025-01-01 01:18:39,247319289.23434952
2025-01-01 01:18:40,253093806.4649863
2025-01-01 01:18:41,245643791.69075528
2025-01-01 01:18:42,245665039.7589292
2025-01-01 01:18:43,244107111.70279047
2025-01-01 01:18:44,241755833.6565071
2025-01-01 01:18:45,244646076.79559138
2025-01-01 01:18:46,247937557.2629715
2025-01-01 01:18:47,251303450.45582
2025-01-01 01:18:48,246686151.99872783
2025-01-01 01:18:49,248347769.15938345
2025-01-01 01:18:50,242900742.3914227
2025-01-01 01:18:51,245811584.66952637
2025-01-01 01:18:52,242758848.9037962
2025-01-01 01:18:53,241110179.43243042
2025-01-01 01:18:54,238549789.23579893
2025-01-01 01:18:55,240656938.3875467
2025-01-01 01:18:56,247998861.68196008
2025-01-01 01:18:57,248938364.89890692
2025-01-01 01:18:58,246575397.71007758
2025-01-01 01:18:59,244275229.0779772
2025-01-01 01:19:00,247751248.49759686
2025-01-01 01:19:01,252079452.49752447
2025-01-01 01:19:02,255318285.16976383
2025-01-01 01:19:03,252584845.67080176
2025-01-01 01:19:04,252361432.9729844
2025-01-01 01:19:05,248931669.6506139
2025-01-01 01:19:06,243964281.156972
2025-01-01 01:19:07,251217821.3989191
2025-01-01 01:19:08,248972900.10589403
2025-01-01 01:19:09,250601016.44008136
2025-01-01 01:19:10,245097360.71932092
2025-01-01 01:19:11,245492745.77719826
2025-01-01 01:19:12,247211091.05299184
2025-01-01 01:19:13,247349186.50604412
2025-01-01 01:19:14,244400778.02103043
2025-01-01 01:19:15,249020491.01194552
2025-01-01 01:19:16,250309596.90226156
2025-01-01 01:19:17,244048127.55240074
2025-01-01 01:19:18,244509404.69981742
2025-01-01 01:19:19,245715952.91412812
2025-01-01 01:19:20,243050912.7738187
2025-01-01 01:19:21,249342680.20666787
2025-01-01 01:19:22,251934254.97896624
2025-01-01 01:19:23,255471965.76047736
2025-01-01 01:19:24,252532922.12416273
2025-01-01 01:19:25,250799647.75504687
2025-01-01 01:19:26,247184630.27650797
2025-01-01 01:19:27,251575186.43290952
2025-01-01 01:19:28,250095721.19326276
2025-01-01 01:19:29,250853849.49547642
2025-01-01 01:19:30,253267097.68234286
2025-01-01 01:19:31,254813404.58447993
2025-01-01 01:19:32,257387904.20654276
2025-01-01 01:19:33,257883077.9201926
2025-01-01 01:19:34,252924233.49468207
2025-01-01 01:19:35,250239136.78554982
2025-01-01 01:19:36,253602482.54271483
2025-01-01 01:19:37,255415513.88103834
2025-01-01 01:19:38,256901071.60501975
2025-01-01 01:19:39,253648095.66540226
2025-01-01 01:19:40,257725867.8322369
2025-01-01 01:19:41,253556623.3223517
2025-01-01 01:19:42,250783693.58714554
2025-01-01 01:19:43,252421785.55550072
2025-01-01 01:19:44,253194552.3916129
2025-01-01 01:19:45,254195073.97556844
2025-01-01 01:19:46,254494940.0413434
2025-01-01 01:19:47,256166922.53498787
2025-01-01 01:19:48,251706965.28353256
2025-01-01 01:19:49,248987376.02231905
2025-01-01 01:19:50,242946198.81176913
2025-01-01 01:19:51,247447761.9623849
2025-01-01 01:19:52,248401859.3638557
2025-01-01 01:19:53,250981472.33497274
2025-01-01 01:19:54,248592882.00242737
2025-01-01 01:19:55,251511187.1543013
2025-01-01 01:19:56,253473694.8373511
2025-01-01 01:19:57,248283878.61392367
2025-01-01 01:19:58,253473774.46979862
2025-01-01 01:19:59,246165499.14967892
2025-01-01 01:20:00,250133397.39362893
2025-01-01 01:20:01,250182937.24901924
2025-01-01 01:20:02,253238457.65297848
2025-01-01 01:20:03,256068828.09948912
2025-01-01 01:20:04,256943976.50139764
2025-01-01 01:20:05,250338162.6931805
2025-01-01 01:20:06,243668428.60199448
2025-01-01 01:20:07,250642391.05634353
2025-01-01 01:20:08,247957086.58078638
2025-01-01 01:20:09,247314531.84289604
2025-01-01 01:20:10,255949339.0831576
2025-01-01 01:20:11,255878850.08864033
2025-01-01 01:20:12,255796879.8554366
2025-01-01 01:20:13,252368872.41824752
2025-01-01 01:20:14,255203613.57020193
2025-01-01 01:20:15,251305834.9602552
2025-01-01 01:20:16,254327257.45157403
2025-01-01 01:20:17,252203491.32346746
2025-01-01 01:20:18,255329772.1746376
2025-01-01 01:20:19,253655405.11881772
2025-01-01 01:20:20,248685871.20837948
2025-01-01 01:20:21,254609542.54011357
2025-01-01 01:20:22,254783019.92885643
2025-01-01 01:20:23,254463737.52176714
2025-01-01 01:20:24,255480322.69709074
2025-01-01 01:20:25,253932030.183003
2025-01-01 01:20:26,250237904.87121004
2025-01-01 01:20:27,254722416.83213815
2025-01-01 01:20:28,250569482.29751742
2025-01-01 01:20:29,250200910.5837915
2025-01-01 01:20:30,252209396.43211204
2025-01-01 01:20:31,249504157.55146152
2025-01-01 01:20:32,250242750.53838575
2025-01-01 01:20:33,255464668.51271453
2025-01-01 01:20:34,254037856.0266072
2025-01-01 01:20:35,255331761.70638034
2025-01-01 01:20:36,255187915.26580843
2025-01-01 01:20:37,253734909.8427767
2025-01-01 01:20:38,246756753.64644668
2025-01-01 01:20:39,254014561.65293804
2025-01-01 01:20:40,248784566.0483281
2025-01-01 01:20:41,247219150.7270936
2025-01-01 01:20:42,249084299.585581
2025-01-01 01:20:43,249089750.65457162
2025-01-01 01:20:44,250337685.09224138
2025-01-01 01:20:45,250295207.28889656
2025-01-01 01:20:46,250248546.369402
2025-01-01 01:20:47,250750183.04717106
2025-01-01 01:20:48,253770818.129261
2025-01-01 01:20:49,257796852.4807884
2025-01-01 01:20:50,260657730.84221292
2025-01-01 01:20:51,252464470.961806
2025-01-01 01:20:52,251845639.8951739
2025-01-01 01:20:53,252520079.6302579
2025-01-01 01:20:54,249978419.7858362
2025-01-01 01:20:55,251739097.4917953
2025-01-01 01:20:56,254032047.80476153
2025-01-01 01:20:57,255039224.11811072
2025-01-01 01:20:58,251601642.4027348
2025-01-01 01:20:59,251696650.50638834
2025-01-01 01:21:00,254985228.6082196
2025-01-01 01:21:01,248636988.98072925
2025-01-01 01:21:02,247445669.6609277
2025-01-01 01:21:03,245953286.55891263
2025-01-01 01:21:04,245561377.7585222
2025-01-01 01:21:05,246481412.18732873
2025-01-01 01:21:06,244443776.2518792
2025-01-01 01:21:07,245758424.50004348
2025-01-01 01:21:08,242227882.16340178
2025-01-01 01:21:09,247220030.13337144
2025-01-01 01:21:10,245762867.66837257
2025-01-01 01:21:11,243052473.07874742
2025-01-01 01:21:12,247527678.94157842
2025-01-01 01:21:13,249339245.7115906
2025-01-01 01:21:14,242076841.270592
2025-01-01 01:21:15,240534645.40583718
2025-01-01 01:21:16,243268409.70795637
2025-01-01 01:21:17,245145409.7825681
2025-01-01 01:21:18,245781906.13548577
2025-01-01 01:21:19,243862233.4348165
2025-01-01 01:21:20,247012758.23419565
2025-01-01 01:21:21,248025440.22033545
2025-01-01 01:21:22,254157137.21618432
2025-01-01 01:21:23,250746808.82225674
2025-01-01 01:21:24,249887765.21497038
2025-01-01 01:21:25,252037727.17623633
2025-01-01 01:21:26,250989529.10702884
2025-01-01 01:21:27,252404771.837756
2025-01-01 01:21:28,254166013.0214259
2025-01-01 01:21:29,257694739.42899185
2025-01-01 01:21:30,249595383.032698
2025-01-01 01:21:31,252803026.12744525
2025-01-01 01:21:32,254761853.53576422
2025-01-01 01:21:33,254905316.79485956
2025-01-01 01:21:34,256317979.882735
2025-01-01 01:21:35,255733171.223279
2025-01-01 01:21:36,251144769.75813612
2025-01-01 01:21:37,253008366.90198958
2025-01-01 01:21:38,255045200.84218258
2025-01-01 01:21:39,257150730.62878218
2025-01-01 01:21:40,255031400.11794493
2025-01-01 01:21:41,255857292.90408108
2025-01-01 01:21:42,255325952.81806606
2025-01-01 01:21:43,245827841.3452572
2025-01-01 01:21:44,246212035.32419533
2025-01-01 01:21:45,249300522.4067174
2025-01-01 01:21:46,252391696.67813894
2025-01-01 01:21:47,252384926.60634348
2025-01-01 01:21:48,252035550.43527377
2025-01-01 01:21:49,243881206.5469301
2025-01-01 01:21:50,248283507.46854085
2025-01-01 01:21:51,253484107.0353832
2025-01-01 01:21:52,248841696.136099
2025-01-01 01:21:53,249933650.50020748
2025-01-01 01:21:54,248825774.97551575
2025-01-01 01:21:55,256723590.25722745
2025-01-01 01:21:56,253812529.39968273
2025-01-01 01:21:57,250421312.85325468
2025-01-01 01:21:58,252137763.2706344
2025-01-01 01:21:59,251498511.70768398
2025-01-01 01:22:00,256907035.612202
2025-01-01 01:22:01,260414332.23391414
2025-01-01 01:22:02,258302855.65903977
2025-01-01 01:22:03,260209078.12363112
2025-01-01 01:22:04,256536607.09431005
2025-01-01 01:22:05,257528466.7412716
2025-01-01 01:22:06,254577744.04323027
2025-01-01 01:22:07,255658681.05980554
2025-01-01 01:22:08,258766283.77167618
2025-01-01 01:22:09,257217620.66805422
2025-01-01 01:22:10,252539926.08494446
2025-01-01 01:22:11,258889111.94063348
2025-01-01 01:22:12,260274778.65104082
2025-01-01 01:22:13,249497606.7653215
2025-01-01 01:22:14,247374804.55434343
2025-01-01 01:22:15,248925325.23071894
2025-01-01 01:22:16,240240418.79611012
2025-01-01 01:22:17,240544524.29909635
2025-01-01 01:22:18,241022255.09460187
2025-01-01 01:22:19,247730433.13640848
2025-01-01 01:22:20,244528395.2550235
2025-01-01 01:22:21,245322076.91312942
2025-01-01 01:22:22,242336929.69688854
2025-01-01 01:22:23,242300567.09246492
2025-01-01 01:22:24,241991415.9726768
2025-01-01 01:22:25,243169080.89717072
2025-01-01 01:22:26,240221168.27687567
2025-01-01 01:22:27,242987388.7488993
2025-01-01 01:22:28,250036152.37661597
2025-01-01 01:22:29,250816799.29105848
2025-01-01 01:22:30,246906424.63669974
2025-01-01 01:22:31,245685767.26693755
2025-01-01 01:22:32,247981754.5537144
2025-01-01 01:22:33,243331482.32344773
2025-01-01 01:22:34,240672410.1915652
2025-01-01 01:22:35,244113709.3281459
2025-01-01 01:22:36,247025471.3743261
2025-01-01 01:22:37,248159006.25317863
2025-01-01 01:22:38,242265998.4960692
2025-01-01 01:22:39,245122918.5322336
2025-01-01 01:22:40,244909719.09380734
2025-01-01 01:22:41,247544662.66537565
2025-01-01 01:22:42,248453246.1471481
2025-01-01 01:22:43,250255020.46888322
2025-01-01 01:22:44,247822660.80166936
2025-01-01 01:22:45,247325945.45733353
2025-01-01 01:22:46,242912754.99915174
2025-01-01 01:22:47,241211066.86276743
2025-01-01 01:22:48,245596106.56785026
2025-01-01 01:22:49,243460899.83455658
2025-01-01 01:22:50,244579179.88622013
2025-01-01 01:22:51,244225715.62281972
2025-01-01 01:22:52,242287246.80717278
2025-01-01 01:22:53,244320568.60156807
2025-01-01 01:22:54,238224783.5059543
2025-01-01 01:22:55,246422277.42226624
2025-01-01 01:22:56,248031803.4143129
2025-01-01 01:22:57,245579112.33899722
2025-01-01 01:22:58,248433934.4858199
2025-01-01 01:22:59,248345039.7210927
2025-01-01 01:23:00,246708566.83660167
2025-01-01 01:23:01,246550710.94158393
2025-01-01 01:23:02,246703485.2516572
2025-01-01 01:23:03,246207903.91822812
2025-01-01 01:23:04,240784434.74734104
2025-01-01 01:23:05,243010492.15830243
2025-01-01 01:23:06,248090756.61710358
2025-01-01 01:23:07,246974747.1711662
2025-01-01 01:23:08,246448540.44895145
2025-01-01 01:23:09,242897058.5856878
2025-01-01 01:23:10,243576947.30518416
2025-01-01 01:23:11,244767560.77431402
2025-01-01 01:23:12,248213957.61306393
2025-01-01 01:23:13,249452803.94624114
2025-01-01 01:23:14,241740992.42622834
2025-01-01 01:23:15,247594700.1209115
2025-01-01 01:23:16,247858236.7663339
2025-01-01 01:23:17,247941718.00421554
2025-01-01 01:23:18,249069236.00159734
2025-01-01 01:23:19,249132025.59618822
2025-01-01 01:23:20,242296415.9058265
2025-01-01 01:23:21,244378391.97988978
2025-01-01 01:23:22,239917672.51693273
2025-01-01 01:23:23,244644247.06557837
2025-01-01 01:23:24,242725976.38557273
2025-01-01 01:23:25,246678069.79073793
2025-01-01 01:23:26,243368720.20727515
2025-01-01 01:23:27,243571131.73387006
2025-01-01 01:23:28,249480398.65279317
2025-01-01 01:23:29,248399398.66204166
2025-01-01 01:23:30,244959208.6785133
2025-01-01 01:23:31,247554056.27981144
2025-01-01 01:23:32,242731645.46880707
2025-01-01 01:23:33,255248708.9189999
2025-01-01 01:23:34,254009288.70238385
2025-01-01 01:23:35,258857143.592556
2025-01-01 01:23:36,256018594.35210007
2025-01-01 01:23:37,255431943.3892615
2025-01-01 01:23:38,253907296.2265409
2025-01-01 01:23:39,248810971.3888243
2025-01-01 01:23:40,246603688.5511048
2025-01-01 01:23:41,250861185.38334087
2025-01-01 01:23:42,251472237.53982052
2025-01-01 01:23:43,251599049.08274528
2025-01-01 01:23:44,255691343.95404035
2025-01-01 01:23:45,255583426.7253167
2025-01-01 01:23:46,258342073.96089458
2025-01-01 01:23:47,255364310.21757743
2025-01-01 01:23:48,253758783.94564006
2025-01-01 01:23:49,255582265.8237439
2025-01-01 01:23:50,258934668.97486088
2025-01-01 01:23:51,255881668.93536982
2025-01-01 01:23:52,258139849.21284553
2025-01-01 01:23:53,257296454.14611787
2025-01-01 01:23:54,258505056.93701962
2025-01-01 01:23:55,259255956.10872006
2025-01-01 01:23:56,264573082.2134501
2025-01-01 01:23:57,262842817.1046835
2025-01-01 01:23:58,259050947.93371335
2025-01-01 01:23:59,257986812.12927386
2025-01-01 01:24:00,256143909.5982605
2025-01-01 01:24:01,258884078.4934391
2025-01-01 01:24:02,253414793.24861756
2025-01-01 01:24:03,253604662.83979076
2025-01-01 01:24:04,250276145.89050335
2025-01-01 01:24:05,257252557.39609566
2025-01-01 01:24:06,256709530.1378713
2025-01-01 01:24:07,258611013.0569441
2025-01-01 01:24:08,260119728.64790004
2025-01-01 01:24:09,259584288.83765373
2025-01-01 01:24:10,260085478.5926349
2025-01-01 01:24:11,255991028.92624068
2025-01-01 01:24:12,253198412.26497465
2025-01-01 01:24:13,249873957.5821128
2025-01-01 01:24:14,245772080.24255377
2025-01-01 01:24:15,253639174.8191063
2025-01-01 01:24:16,255773613.19472674
2025-01-01 01:24:17,252933003.73443982
2025-01-01 01:24:18,253289388.48278266
2025-01-01 01:24:19,253476792.8652973
2025-01-01 01:24:20,254948003.6585883
2025-01-01 01:24:21,250709201.12586373
2025-01-01 01:24:22,253292750.7685654
2025-01-01 01:24:23,253196775.27429393
2025-01-01 01:24:24,248291014.52322903
2025-01-01 01:24:25,244621360.65575486
2025-01-01 01:24:26,247939431.8330951
2025-01-01 01:24:27,252003921.90012372
2025-01-01 01:24:28,252974294.4475329
2025-01-01 01:24:29,249079564.55375278
2025-01-01 01:24:30,252071852.06415308
2025-01-01 01:24:31,250815133.76684508
2025-01-01 01:24:32,251657648.81597897
2025-01-01 01:24:33,247609890.0048837
2025-01-01 01:24:34,248634553.8744554
2025-01-01 01:24:35,247097519.1941361
2025-01-01 01:24:36,247717440.6522745
2025-01-01 01:24:37,248265989.64221013
2025-01-01 01:24:38,249497873.90750226
2025-01-01 01:24:39,245198653.15673178
2025-01-01 01:24:40,236621196.90491635
2025-01-01 01:24:41,243027484.03152326
2025-01-01 01:24:42,241099485.27787036
2025-01-01 01:24:43,247507346.4840616
2025-01-01 01:24:44,244742299.4517601
2025-01-01 01:24:45,245485050.98690838
2025-01-01 01:24:46,243091666.52366185
2025-01-01 01:24:47,244515030.23340502
2025-01-01 01:24:48,247087886.31096286
2025-01-01 01:24:49,251812360.83930254
2025-01-01 01:24:50,247029610.65225554
2025-01-01 01:24:51,251512262.40750566
2025-01-01 01:24:52,248165300.64470318
2025-01-01 01:24:53,251293898.92616564
2025-01-01 01:24:54,250981732.89688474
2025-01-01 01:24:55,243126148.9291901
2025-01-01 01:24:56,239992808.18302396
2025-01-01 01:24:57,245453461.38494462
2025-01-01 01:24:58,245164665.628904
2025-01-01 01:24:59,246539878.03418294
2025-01-01 01:25:00,246823812.93419895
2025-01-01 01:25:01,243024892.13328135
2025-01-01 01:25:02,244666429.3257836
2025-01-01 01:25:03,245203852.6800643
2025-01-01 01:25:04,239889340.58229187
2025-01-01 01:25:05,249539599.94214073
2025-01-01 01:25:06,252840043.70199272
2025-01-01 01:25:07,252985936.4856511
2025-01-01 01:25:08,251613439.28489077
2025-01-01 01:25:09,253237606.7225632
2025-01-01 01:25:10,255530731.3293215
2025-01-01 01:25:11,257512263.96107903
2025-01-01 01:25:12,256155929.90420464
2025-01-01 01:25:13,252568398.49627978
2025-01-01 01:25:14,251202738.96364507
2025-01-01 01:25:15,250933011.00198185
2025-01-01 01:25:16,249821318.32252526
2025-01-01 01:25:17,246506589.30288047
2025-01-01 01:25:18,244564654.8820887
2025-01-01 01:25:19,254019530.53725538
2025-01-01 01:25:20,250722234.93592536
2025-01-01 01:25:21,249086149.14388546
2025-01-01 01:25:22,243901286.3278049
2025-01-01 01:25:23,250234426.57100987
2025-01-01 01:25:24,251657162.7620424
2025-01-01 01:25:25,255064829.78834173
2025-01-01 01:25:26,254765118.51452324
2025-01-01 01:25:27,249368890.63961917
2025-01-01 01:25:28,251991159.65160036
2025-01-01 01:25:29,254445998.85172465
2025-01-01 01:25:30,255739797.0357497
2025-01-01 01:25:31,252153156.76480076
2025-01-01 01:25:32,252041537.17075315
2025-01-01 01:25:33,252212324.67737445
2025-01-01 01:25:34,250077512.07001182
2025-01-01 01:25:35,252953423.65396574
2025-01-01 01:25:36,254202663.2772895
2025-01-01 01:25:37,253858021.91163749
2025-01-01 01:25:38,252009957.27420014
2025-01-01 01:25:39,254428602.14059693
2025-01-01 01:25:40,254738936.5667268
2025-01-01 01:25:41,252054063.1507447
2025-01-01 01:25:42,258194268.51920524
2025-01-01 01:25:43,253439993.139551
2025-01-01 01:25:44,253338827.85633433
2025-01-01 01:25:45,255887282.01067716
2025-01-01 01:25:46,263742586.89142972
2025-01-01 01:25:47,259940990.52382898
2025-01-01 01:25:48,254679501.20287696
2025-01-01 01:25:49,251141577.77145284
2025-01-01 01:25:50,244031684.36649048
2025-01-01 01:25:51,253538591.32828802
2025-01-01 01:25:52,254741536.16489458
2025-01-01 01:25:53,251985776.4247836
2025-01-01 01:25:54,256614741.66801873
2025-01-01 01:25:55,253902944.88179642
2025-01-01 01:25:56,252387298.644363
2025-01-01 01:25:57,258190156.75550964
2025-01-01 01:25:58,257771893.77045488
2025-01-01 01:25:59,251749788.17950252
2025-01-01 01:26:00,254460280.78765175
2025-01-01 01:26:01,253622320.997697
2025-01-01 01:26:02,257001995.32381976
2025-01-01 01:26:03,255517301.07191998
2025-01-01 01:26:04,252534253.04783833
2025-01-01 01:26:05,254689535.49589697
2025-01-01 01:26:06,253579301.71146017
2025-01-01 01:26:07,248513882.9169764
2025-01-01 01:26:08,242092800.1109669
2025-01-01 01:26:09,251938596.08303502
2025-01-01 01:26:10,252073566.7961444
2025-01-01 01:26:11,253788246.0583396
2025-01-01 01:26:12,256583222.21215713
2025-01-01 01:26:13,257789678.48166576
2025-01-01 01:26:14,260138405.28772652
2025-01-01 01:26:15,262554445.58437192
2025-01-01 01:26:16,264528223.63898757
2025-01-01 01:26:17,259657920.42471638
2025-01-01 01:26:18,256199824.37575528
2025-01-01 01:26:19,252208884.0688948
2025-01-01 01:26:20,253140925.109863
2025-01-01 01:26:21,253844812.50329736
2025-01-01 01:26:22,257582714.1782365
2025-01-01 01:26:23,253304638.28299525
2025-01-01 01:26:24,248747390.34632513
2025-01-01 01:26:25,253692479.4678107
2025-01-01 01:26:26,256486675.6344827
2025-01-01 01:26:27,250359855.98444587
2025-01-01 01:26:28,250641870.58306107
2025-01-01 01:26:29,248396779.56415108
2025-01-01 01:26:30,248343648.91387758
2025-01-01 01:26:31,251589834.01700607
2025-01-01 01:26:32,253351606.22581044
2025-01-01 01:26:33,250271736.75630912
2025-01-01 01:26:34,250589514.13388148
2025-01-01 01:26:35,250432529.7793139
2025-01-01 01:26:36,249904931.52487034
2025-01-01 01:26:37,253927675.59873572
2025-01-01 01:26:38,251964467.67989618
2025-01-01 01:26:39,255117713.3877227
2025-01-01 01:26:40,251067551.0336141
2025-01-01 01:26:41,248380377.20829743
2025-01-01 01:26:42,246664986.88320917
2025-01-01 01:26:43,252183431.92858902
2025-01-01 01:26:44,256548156.45906183
2025-01-01 01:26:45,255358719.48841304
2025-01-01 01:26:46,254143347.48281452
2025-01-01 01:26:47,247975909.6994867
2025-01-01 01:26:48,250440425.44596776
2025-01-01 01:26:49,252420807.47845557
2025-01-01 01:26:50,259846547.76881507
2025-01-01 01:26:51,255864468.99051043
2025-01-01 01:26:52,256764222.01388505
2025-01-01 01:26:53,250018706.02980763
2025-01-01 01:26:54,246949083.13284668
2025-01-01 01:26:55,250894227.68370515
2025-01-01 01:26:56,250390241.2143043
2025-01-01 01:26:57,248085772.1036282
2025-01-01 01:26:58,243773056.32401475
2025-01-01 01:26:59,250274829.6892005
2025-01-01 01:27:00,251539875.65258738
2025-01-01 01:27:01,252881182.7061727
2025-01-01 01:27:02,253492821.20487532
2025-01-01 01:27:03,253048326.62334046
2025-01-01 01:27:04,252100256.0004017
2025-01-01 01:27:05,242524342.58610263
2025-01-01 01:27:06,247625435.92759085
2025-01-01 01:27:07,250704915.7441379
2025-01-01 01:27:08,253820318.08158264
2025-01-01 01:27:09,251027671.87424615
2025-01-01 01:27:10,247468255.43413252
2025-01-01 01:27:11,252460118.9810719
2025-01-01 01:27:12,251752183.53136188
2025-01-01 01:27:13,252500513.0743575
2025-01-01 01:27:14,255905846.9356105
2025-01-01 01:27:15,245241568.92972952
2025-01-01 01:27:16,244345559.73445368
2025-01-01 01:27:17,244075415.0646608
2025-01-01 01:27:18,243824307.67951337
2025-01-01 01:27:19,249567008.9174546
2025-01-01 01:27:20,251576426.47032663
2025-01-01 01:27:21,255145369.9380936
2025-01-01 01:27:22,253437558.01275164
2025-01-01 01:27:23,256198488.61206993
2025-01-01 01:27:24,251557570.23665318
2025-01-01 01:27:25,254740756.54796797
2025-01-01 01:27:26,248998804.28771213
2025-01-01 01:27:27,245498696.9579122
2025-01-01 01:27:28,240878005.7705526
2025-01-01 01:27:29,249858116.44835758
2025-01-01 01:27:30,243583607.78491715
2025-01-01 01:27:31,245351102.10204038
2025-01-01 01:27:32,251720678.50969052
2025-01-01 01:27:33,252956047.39112878
2025-01-01 01:27:34,251128551.70032525
2025-01-01 01:27:35,254205952.38191253
2025-01-01 01:27:36,249623325.6162377
2025-01-01 01:27:37,250489469.19000173
2025-01-01 01:27:38,252449890.4947586
2025-01-01 01:27:39,250971298.70956996
2025-01-01 01:27:40,251754034.70080984
2025-01-01 01:27:41,246148516.59984016
2025-01-01 01:27:42,246900848.28116506
2025-01-01 01:27:43,252372787.5533468
2025-01-01 01:27:44,251813471.72513142
2025-01-01 01:27:45,251007632.09877822
2025-01-01 01:27:46,254727367.33411148
2025-01-01 01:27:47,250733254.71560293
2025-01-01 01:27:48,252974452.62277687
2025-01-01 01:27:49,253075410.51839054
2025-01-01 01:27:50,245080873.78712118
2025-01-01 01:27:51,240531779.97700188
2025-01-01 01:27:52,245889707.6240055
2025-01-01 01:27:53,242555885.90056324
2025-01-01 01:27:54,245701664.3722427
2025-01-01 01:27:55,243615738.79953447
2025-01-01 01:27:56,248625193.92115793
2025-01-01 01:27:57,254834937.81231663
2025-01-01 01:27:58,247290689.08754835
2025-01-01 01:27:59,250996280.34491524
2025-01-01 01:28:00,252210556.756846
2025-01-01 01:28:01,258141224.25419918
2025-01-01 01:28:02,252814574.89913192
2025-01-01 01:28:03,253310587.71943298
2025-01-01 01:28:04,248856306.45732817
2025-01-01 01:28:05,250204653.98706985
2025-01-01 01:28:06,243475649.30773386
2025-01-01 01:28:07,240689536.6190929
2025-01-01 01:28:08,243549316.16923296
2025-01-01 01:28:09,242841319.7366526
2025-01-01 01:28:10,251936212.88478518
2025-01-01 01:28:11,249208129.8450321
2025-01-01 01:28:12,248140474.32922325
2025-01-01 01:28:13,244661916.15731806
2025-01-01 01:28:14,247963385.1284525
2025-01-01 01:28:15,247914022.69246373
2025-01-01 01:28:16,249941512.6145459
2025-01-01 01:28:17,254414613.5137744
2025-01-01 01:28:18,248427404.27225634
2025-01-01 01:28:19,244629950.60886714
2025-01-01 01:28:20,249775192.44479755
2025-01-01 01:28:21,248700373.70478895
2025-01-01 01:28:22,251240767.1017145
2025-01-01 01:28:23,247429281.56444487
2025-01-01 01:28:24,252128504.66291094
2025-01-01 01:28:25,244515503.61912814
2025-01-01 01:28:26,241565625.61726788
2025-01-01 01:28:27,243698272.44328916
2025-01-01 01:28:28,242937545.2647464
2025-01-01 01:28:29,249332648.9809924
2025-01-01 01:28:30,245620040.57193917
2025-01-01 01:28:31,241921030.00712997
2025-01-01 01:28:32,242931964.2057426
2025-01-01 01:28:33,248194385.4573019
2025-01-01 01:28:34,246187030.21089822
2025-01-01 01:28:35,242361728.75340617
2025-01-01 01:28:36,245801704.55196458
2025-01-01 01:28:37,248366840.68527755
2025-01-01 01:28:38,251117608.32784057
2025-01-01 01:28:39,248488714.7517338
2025-01-01 01:28:40,248324406.33730128
2025-01-01 01:28:41,243641893.58659133
2025-01-01 01:28:42,241629661.54611787
2025-01-01 01:28:43,245403150.51608196
2025-01-01 01:28:44,244418001.32409844
2025-01-01 01:28:45,250410346.51566496
2025-01-01 01:28:46,250048886.40761328
2025-01-01 01:28:47,241053948.1361211
2025-01-01 01:28:48,242425327.288227
2025-01-01 01:28:49,248968906.3796286
2025-01-01 01:28:50,249045556.32194388
2025-01-01 01:28:51,245003936.7997342
2025-01-01 01:28:52,245966491.72671187
2025-01-01 01:28:53,242806588.58539847
2025-01-01 01:28:54,244670876.71707758
2025-01-01 01:28:55,249929087.76317835
2025-01-01 01:28:56,248165594.6161727
2025-01-01 01:28:57,253346666.8462079
2025-01-01 01:28:58,251064611.6870694
2025-01-01 01:28:59,246135901.97553912
2025-01-01 01:29:00,250764027.0098991
2025-01-01 01:29:01,248858601.07363352
2025-01-01 01:29:02,247625929.71191135
2025-01-01 01:29:03,245950132.82130003
2025-01-01 01:29:04,252546330.72466823
2025-01-01 01:29:05,248135121.03060475
2025-01-01 01:29:06,244807024.72672147
2025-01-01 01:29:07,244496660.42405805
2025-01-01 01:29:08,244825829.36756262
2025-01-01 01:29:09,258698704.76590586
2025-01-01 01:29:10,252045781.25784156
2025-01-01 01:29:11,250324624.30911982
2025-01-01 01:29:12,246183069.0125971
2025-01-01 01:29:13,248508201.94105744
2025-01-01 01:29:14,248233895.56618348
2025-01-01 01:29:15,255565965.44657168
2025-01-01 01:29:16,253998788.74459863
2025-01-01 01:29:17,249643628.61091286
2025-01-01 01:29:18,252749512.91764683
2025-01-01 01:29:19,243543672.14177456
2025-01-01 01:29:20,246622109.93513873
2025-01-01 01:29:21,247102353.0970815
2025-01-01 01:29:22,246142161.6184143
2025-01-01 01:29:23,248719523.27775216
2025-01-01 01:29:24,249127852.5282496
2025-01-01 01:29:25,250339895.82157573
2025-01-01 01:29:26,247873972.91100025
2025-01-01 01:29:27,248782878.70021087
2025-01-01 01:29:28,245900234.5382669
2025-01-01 01:29:29,246541128.69123766
2025-01-01 01:29:30,251546027.8923665
2025-01-01 01:29:31,248383361.20312306
2025-01-01 01:29:32,254071745.39816788
2025-01-01 01:29:33,257330290.62552306
2025-01-01 01:29:34,260000843.09919202
2025-01-01 01:29:35,252309395.48059723
2025-01-01 01:29:36,244639006.53133532
2025-01-01 01:29:37,245507153.1018084
2025-01-01 01:29:38,251556850.12343928
2025-01-01 01:29:39,246844269.3406987
2025-01-01 01:29:40,244689103.06696853
2025-01-01 01:29:41,251267121.21385208
2025-01-01 01:29:42,241395585.67904988
2025-01-01 01:29:43,245232381.71432877
2025-01-01 01:29:44,240529071.08342698
2025-01-01 01:29:45,247239247.06262368
2025-01-01 01:29:46,251702177.25462225
2025-01-01 01:29:47,253897952.78259772
2025-01-01 01:29:48,251014270.69357488
2025-01-01 01:29:49,245456109.55264512
2025-01-01 01:29:50,246121478.04736015
2025-01-01 01:29:51,244970786.13254234
2025-01-01 01:29:52,250289211.06204417
2025-01-01 01:29:53,249934822.55492473
2025-01-01 01:29:54,253436661.0389261
2025-01-01 01:29:55,245882348.06106085
2025-01-01 01:29:56,239307326.68761447
2025-01-01 01:29:57,246799154.43450773
2025-01-01 01:29:58,246027141.58588788
2025-01-01 01:29:59,246791381.17583898
2025-01-01 01:30:00,249749453.93332383
2025-01-01 01:30:01,251237431.25566489
2025-01-01 01:30:02,247016584.56998122
2025-01-01 01:30:03,243227762.52714995
2025-01-01 01:30:04,247903645.2781811
2025-01-01 01:30:05,246180711.02966496
2025-01-01 01:30:06,247718542.988694
2025-01-01 01:30:07,250884251.63635203
2025-01-01 01:30:08,245851006.64477795
2025-01-01 01:30:09,248155110.48611915
2025-01-01 01:30:10,246759429.73278052
2025-01-01 01:30:11,256030341.7317891
2025-01-01 01:30:12,257240237.16748253
2025-01-01 01:30:13,258968466.45992902
2025-01-01 01:30:14,255093992.43868485
2025-01-01 01:30:15,258029539.80378515
2025-01-01 01:30:16,260723090.89121065
2025-01-01 01:30:17,257700747.56472787
2025-01-01 01:30:18,254162287.33124444
2025-01-01 01:30:19,260179567.75763834
2025-01-01 01:30:20,262059586.18254134
2025-01-01 01:30:21,253146728.53234333
2025-01-01 01:30:22,252002986.0857312
2025-01-01 01:30:23,256495111.14042798
2025-01-01 01:30:24,250871639.7281978
2025-01-01 01:30:25,254817819.9194963
2025-01-01 01:30:26,257507345.90666252
2025-01-01 01:30:27,256820484.03380212
2025-01-01 01:30:28,254224472.0805638
2025-01-01 01:30:29,261272907.60956568
2025-01-01 01:30:30,255438842.43876165
2025-01-01 01:30:31,252450164.8622627
2025-01-01 01:30:32,251577848.70005524
2025-01-01 01:30:33,254034193.2471347
2025-01-01 01:30:34,253874080.01743823
2025-01-01 01:30:35,254623926.86929253
2025-01-01 01:30:36,246899663.247641
2025-01-01 01:30:37,251060852.62599662
2025-01-01 01:30:38,252409332.73339397
2025-01-01 01:30:39,250565902.28353888
2025-01-01 01:30:40,255715568.07726392
2025-01-01 01:30:41,250115277.37007418
2025-01-01 01:30:42,253571639.42317492
2025-01-01 01:30:43,244688303.98013324
2025-01-01 01:30:44,250627049.78347754
2025-01-01 01:30:45,247852416.30383918
2025-01-01 01:30:46,247150315.042657
2025-01-01 01:30:47,250796428.0747192
2025-01-01 01:30:48,254320926.71353075
2025-01-01 01:30:49,254895890.41498765
2025-01-01 01:30:50,250923998.7805695
2025-01-01 01:30:51,248340197.0388195
2025-01-01 01:30:52,251322281.6546313
2025-01-01 01:30:53,251953508.5755515
2025-01-01 01:30:54,252038187.25740895
2025-01-01 01:30:55,254944862.4608567
2025-01-01 01:30:56,248847638.1384553
2025-01-01 01:30:57,250199227.17052943
2025-01-01 01:30:58,254542181.90193114
2025-01-01 01:30:59,258804302.23498842
2025-01-01 01:31:00,258857458.30135876
2025-01-01 01:31:01,255197514.69356835
2025-01-01 01:31:02,252966492.75615346
2025-01-01 01:31:03,247235305.23501268
2025-01-01 01:31:04,248443151.95969102
2025-01-01 01:31:05,242082283.49951333
2025-01-01 01:31:06,247129609.38981268
2025-01-01 01:31:07,256995320.7679182
2025-01-01 01:31:08,257098146.80600813
2025-01-01 01:31:09,257086617.03008512
2025-01-01 01:31:10,254426057.8587646
2025-01-01 01:31:11,255364557.5529854
2025-01-01 01:31:12,245331780.6844034
2025-01-01 01:31:13,247748547.59517986
2025-01-01 01:31:14,251473464.0528877
2025-01-01 01:31:15,255246019.8118879
2025-01-01 01:31:16,253110415.7591335
2025-01-01 01:31:17,255175030.42325372
2025-01-01 01:31:18,249549327.4145074
2025-01-01 01:31:19,247934991.49370563
2025-01-01 01:31:20,248971325.10167468
2025-01-01 01:31:21,250581799.10534272
2025-01-01 01:31:22,254692162.2013733
2025-01-01 01:31:23,252968773.23808348
2025-01-01 01:31:24,250268426.84696385
2025-01-01 01:31:25,248336035.9600183
2025-01-01 01:31:26,245769742.5808192
2025-01-01 01:31:27,248211987.98362458
2025-01-01 01:31:28,247325000.38838044
2025-01-01 01:31:29,252612997.05869988
2025-01-01 01:31:30,252275722.63726053
2025-01-01 01:31:31,252760870.10615993
2025-01-01 01:31:32,254088138.9049955
2025-01-01 01:31:33,255772401.61119062
2025-01-01 01:31:34,250385038.8723431
2025-01-01 01:31:35,252100429.87406087
2025-01-01 01:31:36,254268750.17798465
2025-01-01 01:31:37,257891362.62621197
2025-01-01 01:31:38,255242464.62631345
2025-01-01 01:31:39,259302773.86684793
2025-01-01 01:31:40,253403315.55721694
2025-01-01 01:31:41,257657435.39150116
2025-01-01 01:31:42,255719032.1302087
2025-01-01 01:31:43,255685738.17062953
2025-01-01 01:31:44,255185594.85496736
2025-01-01 01:31:45,253220435.51930892
2025-01-01 01:31:46,251730611.07250577
2025-01-01 01:31:47,252828112.31428513
2025-01-01 01:31:48,257727283.01524875
2025-01-01 01:31:49,257328701.93987218
2025-01-01 01:31:50,258521057.82194212
2025-01-01 01:31:51,254913089.3920801
2025-01-01 01:31:52,255672493.86620826
2025-01-01 01:31:53,257487851.95402434
2025-01-01 01:31:54,255047517.82320908
2025-01-01 01:31:55,252761968.86202615
2025-01-01 01:31:56,253178724.17474064
2025-01-01 01:31:57,256140337.07151976
2025-01-01 01:31:58,259027620.78271645
2025-01-01 01:31:59,258128369.4653639
2025-01-01 01:32:00,255325812.7324998
2025-01-01 01:32:01,256675588.1885756
2025-01-01 01:32:02,257322309.43699506
2025-01-01 01:32:03,253020559.8884604
2025-01-01 01:32:04,251724879.7230559
2025-01-01 01:32:05,249760884.45287496
2025-01-01 01:32:06,251945967.62476066
2025-01-01 01:32:07,258562762.43326464
2025-01-01 01:32:08,251929696.9482766
2025-01-01 01:32:09,245771292.56317222
2025-01-01 01:32:10,255225768.68374473
2025-01-01 01:32:11,256424800.0270227
2025-01-01 01:32:12,254752319.6388338
2025-01-01 01:32:13,254407994.6917309
2025-01-01 01:32:14,249100092.4465161
2025-01-01 01:32:15,247992036.54599842
2025-01-01 01:32:16,250468410.43456516
2025-01-01 01:32:17,250532249.35435992
2025-01-01 01:32:18,246057501.99822614
2025-01-01 01:32:19,253709493.68752554
2025-01-01 01:32:20,247018070.38376683
2025-01-01 01:32:21,254371406.55736676
2025-01-01 01:32:22,252797664.7164378
2025-01-01 01:32:23,249083506.67439845
2025-01-01 01:32:24,249859400.1539641
2025-01-01 01:32:25,250150767.80577782
2025-01-01 01:32:26,251684058.48696148
2025-01-01 01:32:27,249370928.23381862
2025-01-01 01:32:28,252219097.45802712
2025-01-01 01:32:29,255171542.18811357
2025-01-01 01:32:30,247728070.88569152
2025-01-01 01:32:31,245705929.79855427
2025-01-01 01:32:32,246947821.89244235
2025-01-01 01:32:33,246884306.90767926
2025-01-01 01:32:34,241827565.74719316
2025-01-01 01:32:35,243515686.5594554
2025-01-01 01:32:36,251571749.212555
2025-01-01 01:32:37,254628154.65550557
2025-01-01 01:32:38,247901639.4938144
2025-01-01 01:32:39,250209906.81370223
2025-01-01 01:32:40,250683342.09654585
2025-01-01 01:32:41,244171239.11471754
2025-01-01 01:32:42,252932578.86115316
2025-01-01 01:32:43,250252122.5764358
2025-01-01 01:32:44,252851801.65103975
2025-01-01 01:32:45,258425971.19775018
2025-01-01 01:32:46,263019203.8458281
2025-01-01 01:32:47,256780173.3675833
2025-01-01 01:32:48,258521173.86990994
2025-01-01 01:32:49,249089925.11566338
2025-01-01 01:32:50,254624117.49187958
2025-01-01 01:32:51,254345262.76640463
2025-01-01 01:32:52,254406749.3674602
2025-01-01 01:32:53,251374787.69520476
2025-01-01 01:32:54,251431654.9608393
2025-01-01 01:32:55,252025093.7184719
2025-01-01 01:32:56,253790182.02166843
2025-01-01 01:32:57,255734886.5949025
2025-01-01 01:32:58,253349150.1119588
2025-01-01 01:32:59,250115109.29931593
2025-01-01 01:33:00,254422400.82987335
2025-01-01 01:33:01,260048259.89772233
2025-01-01 01:33:02,250943553.35187265
2025-01-01 01:33:03,249734834.1024581
2025-01-01 01:33:04,243259852.6602651
2025-01-01 01:33:05,251879548.50239384
2025-01-01 01:33:06,250574383.10171437
2025-01-01 01:33:07,255051561.5826389
2025-01-01 01:33:08,252086551.997656
2025-01-01 01:33:09,254084197.86314335
2025-01-01 01:33:10,243822334.36871865
2025-01-01 01:33:11,243180825.4788866
2025-01-01 01:33:12,248769881.736137
2025-01-01 01:33:13,253622006.92041278
2025-01-01 01:33:14,250303865.18953493
2025-01-01 01:33:15,252596702.1166998
2025-01-01 01:33:16,251934346.3239202
2025-01-01 01:33:17,251608029.33361447
2025-01-01 01:33:18,254732499.20200032
2025-01-01 01:33:19,254834255.02187857
2025-01-01 01:33:20,254515318.72537908
2025-01-01 01:33:21,245986259.46279663
2025-01-01 01:33:22,248430611.05158994
2025-01-01 01:33:23,251270676.75435138
2025-01-01 01:33:24,249768918.7368378
2025-01-01 01:33:25,248289325.18235797
2025-01-01 01:33:26,249840751.5298777
2025-01-01 01:33:27,248847638.383113
2025-01-01 01:33:28,255343410.1346129
2025-01-01 01:33:29,251809330.0036726
2025-01-01 01:33:30,253539699.31915617
2025-01-01 01:33:31,250215119.83135498
2025-01-01 01:33:32,252499995.74910724
2025-01-01 01:33:33,257326148.28087297
2025-01-01 01:33:34,257647170.50005218
2025-01-01 01:33:35,250009028.70740446
2025-01-01 01:33:36,249842834.67442948
2025-01-01 01:33:37,249138509.96362635
2025-01-01 01:33:38,246019223.73172146
2025-01-01 01:33:39,250995060.9348034
2025-01-01 01:33:40,247473275.04034546
2025-01-01 01:33:41,250002591.0966342
2025-01-01 01:33:42,251991454.1023045
2025-01-01 01:33:43,259794139.3499841
2025-01-01 01:33:44,252583372.60255486
2025-01-01 01:33:45,253931858.94513318
2025-01-01 01:33:46,250284692.0273596
2025-01-01 01:33:47,255086201.5740231
2025-01-01 01:33:48,242078771.7868625
2025-01-01 01:33:49,248292424.97579253
2025-01-01 01:33:50,249921253.2913416
2025-01-01 01:33:51,249201517.49208617
2025-01-01 01:33:52,253455117.21489674
2025-01-01 01:33:53,252759581.91563767
2025-01-01 01:33:54,253678712.83996373
2025-01-01 01:33:55,252932534.90563348
2025-01-01 01:33:56,245402223.32913345
2025-01-01 01:33:57,251254475.0199877
2025-01-01 01:33:58,249278496.3654949
2025-01-01 01:33:59,251248856.39198327
2025-01-01 01:34:00,253766412.87813163
2025-01-01 01:34:01,253426896.1626167
2025-01-01 01:34:02,248929923.54982653
2025-01-01 01:34:03,251715165.8683588
2025-01-01 01:34:04,248171957.44092077
2025-01-01 01:34:05,246579129.6634952
2025-01-01 01:34:06,243038043.64634562
2025-01-01 01:34:07,251519002.53530404
2025-01-01 01:34:08,241308750.9345678
2025-01-01 01:34:09,242396199.14022115
2025-01-01 01:34:10,243214263.09665185
2025-01-01 01:34:11,246621304.23538655
2025-01-01 01:34:12,236185657.79576874
2025-01-01 01:34:13,238097634.7903561
2025-01-01 01:34:14,239500912.49984142
2025-01-01 01:34:15,240576161.94914863
2025-01-01 01:34:16,235039979.543164
2025-01-01 01:34:17,244239372.66696885
2025-01-01 01:34:18,247359394.87059113
2025-01-01 01:34:19,251928268.4681575
2025-01-01 01:34:20,246023594.05149764
2025-01-01 01:34:21,252442569.98246965
2025-01-01 01:34:22,244659781.36625746
2025-01-01 01:34:23,237691999.36931363
2025-01-01 01:34:24,236093670.73857993
2025-01-01 01:34:25,239334721.89839903
2025-01-01 01:34:26,236205256.8381505
2025-01-01 01:34:27,237529372.53873187
2025-01-01 01:34:28,237737505.18253928
2025-01-01 01:34:29,246190558.5776749
2025-01-01 01:34:30,244682778.96738708
2025-01-01 01:34:31,243208176.5198691
2025-01-01 01:34:32,246809222.91089973
2025-01-01 01:34:33,239275031.8155886
2025-01-01 01:34:34,240528528.8378618
2025-01-01 01:34:35,247038752.71669132
2025-01-01 01:34:36,250286846.61605713
2025-01-01 01:34:37,249530740.63109854
2025-01-01 01:34:38,249692790.38639432
2025-01-01 01:34:39,250328664.84632632
2025-01-01 01:34:40,252252922.254891
2025-01-01 01:34:41,248319448.40539655
2025-01-01 01:34:42,253257605.06802636
2025-01-01 01:34:43,256750651.77838588
2025-01-01 01:34:44,256682948.1990153
2025-01-01 01:34:45,250294804.16362184
2025-01-01 01:34:46,250147205.53381902
2025-01-01 01:34:47,246198694.97739273
2025-01-01 01:34:48,244999088.69821683
2025-01-01 01:34:49,244242445.09392792
2025-01-01 01:34:50,244320822.51196697
2025-01-01 01:34:51,240757447.26721314
2025-01-01 01:34:52,240580260.65812373
2025-01-01 01:34:53,243205280.95556527
2025-01-01 01:34:54,242048380.29533404
2025-01-01 01:34:55,246927521.65464208
2025-01-01 01:34:56,246742313.60909107
2025-01-01 01:34:57,248152430.61298224
2025-01-01 01:34:58,245996535.16204217
2025-01-01 01:34:59,247715924.55827522
2025-01-01 01:35:00,242259878.89355657
2025-01-01 01:35:01,245142163.68576673
2025-01-01 01:35:02,243289094.85574603
2025-01-01 01:35:03,240257624.84252572
2025-01-01 01:35:04,245427332.6708244
2025-01-01 01:35:05,241718295.31988442
2025-01-01 01:35:06,235568236.15588927
2025-01-01 01:35:07,237291354.79539946
2025-01-01 01:35:08,241393995.0438571
2025-01-01 01:35:09,244033071.24100956
2025-01-01 01:35:10,243019007.49052128
2025-01-01 01:35:11,251256504.18058193
2025-01-01 01:35:12,246616142.54029155
2025-01-01 01:35:13,246783344.07480726
2025-01-01 01:35:14,249308841.2486859
2025-01-01 01:35:15,248942580.11643705
2025-01-01 01:35:16,248864525.67154264
2025-01-01 01:35:17,248067584.75065908
2025-01-01 01:35:18,243570227.90639803
2025-01-01 01:35:19,246546046.40785238
2025-01-01 01:35:20,246526134.12530446
2025-01-01 01:35:21,243689433.1730582
2025-01-01 01:35:22,243485342.60189807
2025-01-01 01:35:23,242723015.4122617
2025-01-01 01:35:24,241541333.8649114
2025-01-01 01:35:25,248683714.07834366
2025-01-01 01:35:26,248407327.48196387
2025-01-01 01:35:27,245296591.28958428
2025-01-01 01:35:28,249700860.82436866
2025-01-01 01:35:29,241072212.35560793
2025-01-01 01:35:30,246590568.8642115
2025-01-01 01:35:31,250320689.37138775
2025-01-01 01:35:32,247575078.71071994
2025-01-01 01:35:33,249049419.7942844
2025-01-01 01:35:34,247169943.74223578
2025-01-01 01:35:35,254935634.2774636
2025-01-01 01:35:36,252848891.0002743
2025-01-01 01:35:37,252632513.59615877
2025-01-01 01:35:38,249544694.22835246
2025-01-01 01:35:39,251886424.8033433
2025-01-01 01:35:40,255208965.3905641
2025-01-01 01:35:41,253694311.28141424
2025-01-01 01:35:42,250039587.71447468
2025-01-01 01:35:43,253095113.184173
2025-01-01 01:35:44,252665465.5805878
2025-01-01 01:35:45,256676621.82115054
2025-01-01 01:35:46,260605223.360767
2025-01-01 01:35:47,259807675.88221806
2025-01-01 01:35:48,250216470.26046684
2025-01-01 01:35:49,253086886.7786594
2025-01-01 01:35:50,252216627.87023523
2025-01-01 01:35:51,251320673.8161689
2025-01-01 01:35:52,255139987.69476166
2025-01-01 01:35:53,253805132.1857156
2025-01-01 01:35:54,253670000.39450067
2025-01-01 01:35:55,253851549.9380719
2025-01-01 01:35:56,254271881.12225485
2025-01-01 01:35:57,255441453.9008858
2025-01-01 01:35:58,255067267.21401173
2025-01-01 01:35:59,249808777.14894724
2025-01-01 01:36:00,253231021.04728696
2025-01-01 01:36:01,254037137.850999
2025-01-01 01:36:02,254551645.20745894
2025-01-01 01:36:03,245932546.85344344
2025-01-01 01:36:04,250285106.23880813
2025-01-01 01:36:05,247124001.4971445
2025-01-01 01:36:06,254042854.06540385
2025-01-01 01:36:07,247732391.2403099
2025-01-01 01:36:08,251166321.63969916
2025-01-01 01:36:09,245805414.7163566
2025-01-01 01:36:10,250109236.40673718
2025-01-01 01:36:11,253511840.72325304
2025-01-01 01:36:12,254069235.88400787
2025-01-01 01:36:13,254431563.79044557
2025-01-01 01:36:14,256860698.10560367
2025-01-01 01:36:15,257939225.9363649
2025-01-01 01:36:16,259095348.8775167
2025-01-01 01:36:17,256540002.48602825
2025-01-01 01:36:18,258399116.4476638
2025-01-01 01:36:19,257628493.10980165
2025-01-01 01:36:20,259676176.01277742
2025-01-01 01:36:21,253571360.7283724
2025-01-01 01:36:22,255612371.0391703
2025-01-01 01:36:23,259712061.30380505
2025-01-01 01:36:24,261378689.57345107
2025-01-01 01:36:25,268447560.52087635
2025-01-01 01:36:26,257107666.5085293
2025-01-01 01:36:27,251266445.5109052
2025-01-01 01:36:28,255963673.09363177
2025-01-01 01:36:29,254456019.37808716
2025-01-01 01:36:30,249554104.89977565
2025-01-01 01:36:31,249334000.6260387
2025-01-01 01:36:32,253974823.8510965
2025-01-01 01:36:33,256832078.57553044
2025-01-01 01:36:34,257800233.9773693
2025-01-01 01:36:35,251680238.25994715
2025-01-01 01:36:36,247632049.29387757
2025-01-01 01:36:37,252586476.08455068
2025-01-01 01:36:38,254664954.11003324
2025-01-01 01:36:39,251887255.83496034
2025-01-01 01:36:40,247015995.47061506
2025-01-01 01:36:41,248270876.9200417
2025-01-01 01:36:42,247095875.74742362
2025-01-01 01:36:43,251399370.03527394
2025-01-01 01:36:44,252926572.24346384
2025-01-01 01:36:45,247801521.2056389
2025-01-01 01:36:46,252076761.43152732
2025-01-01 01:36:47,248870538.86393914
2025-01-01 01:36:48,250616705.483696
2025-01-01 01:36:49,251802985.44228208
2025-01-01 01:36:50,257839980.92533603
2025-01-01 01:36:51,255214666.11269715
2025-01-01 01:36:52,254506190.25078595
2025-01-01 01:36:53,248137641.77402937
2025-01-01 01:36:54,253904332.75160104
2025-01-01 01:36:55,251786504.1615414
2025-01-01 01:36:56,249505786.5937497
2025-01-01 01:36:57,248425383.1999067
2025-01-01 01:36:58,251797775.3758314
2025-01-01 01:36:59,255410402.64436105
2025-01-01 01:37:00,255431088.38170338
2025-01-01 01:37:01,254066699.5708125
2025-01-01 01:37:02,256270136.64044443
2025-01-01 01:37:03,257686964.69961652
2025-01-01 01:37:04,255481161.47867313
2025-01-01 01:37:05,249631074.30631498
2025-01-01 01:37:06,252630795.5434295
2025-01-01 01:37:07,259277826.29214653
2025-01-01 01:37:08,249083635.3440027
2025-01-01 01:37:09,249925379.7545789
2025-01-01 01:37:10,255570801.66727155
2025-01-01 01:37:11,252311056.18016046
2025-01-01 01:37:12,254969775.42238075
2025-01-01 01:37:13,251154270.13534555
2025-01-01 01:37:14,249792010.75554737
2025-01-01 01:37:15,251601776.532465
2025-01-01 01:37:16,253529610.5168318
2025-01-01 01:37:17,247058650.00619814
2025-01-01 01:37:18,252186874.1770704
2025-01-01 01:37:19,245711835.45028543
2025-01-01 01:37:20,246634019.78423825
2025-01-01 01:37:21,250161991.4392304
2025-01-01 01:37:22,259457368.03329965
2025-01-01 01:37:23,247915347.4730865
2025-01-01 01:37:24,254180411.93749014
2025-01-01 01:37:25,251087001.94605625
2025-01-01 01:37:26,246328387.1556532
2025-01-01 01:37:27,253137872.79244936
2025-01-01 01:37:28,258451845.7444128
2025-01-01 01:37:29,255050466.25272918
2025-01-01 01:37:30,249401496.4657372
2025-01-01 01:37:31,248372961.47667348
2025-01-01 01:37:32,248833561.3604213
2025-01-01 01:37:33,255551160.39624953
2025-01-01 01:37:34,252449884.35108188
2025-01-01 01:37:35,255475781.43145165
2025-01-01 01:37:36,244622523.5445263
2025-01-01 01:37:37,247382449.42977598
2025-01-01 01:37:38,247333665.1807167
2025-01-01 01:37:39,250704270.61447844
2025-01-01 01:37:40,243988414.61736628
2025-01-01 01:37:41,246024858.7928336
2025-01-01 01:37:42,250023510.84190467
2025-01-01 01:37:43,245655277.1691713
2025-01-01 01:37:44,242608142.17165354
2025-01-01 01:37:45,239095763.56271645
2025-01-01 01:37:46,241443878.84132084
2025-01-01 01:37:47,247460422.9079032
2025-01-01 01:37:48,238927981.59282848
2025-01-01 01:37:49,242474553.94779807
2025-01-01 01:37:50,249163431.2213664
2025-01-01 01:37:51,255085172.48203316
2025-01-01 01:37:52,247290801.53503582
2025-01-01 01:37:53,246538789.08291882
2025-01-01 01:37:54,246761234.5426205
2025-01-01 01:37:55,242713924.02273977
2025-01-01 01:37:56,238197695.6642411
2025-01-01 01:37:57,243197572.8860325
2025-01-01 01:37:58,244323702.67577153
2025-01-01 01:37:59,243786917.99093577
2025-01-01 01:38:00,240686514.24364635
2025-01-01 01:38:01,243412667.27255607
2025-01-01 01:38:02,242853257.67179164
2025-01-01 01:38:03,247979538.73281676
2025-01-01 01:38:04,244746400.69236648
2025-01-01 01:38:05,251114760.215919
2025-01-01 01:38:06,247110618.42491654
2025-01-01 01:38:07,249440737.51694667
2025-01-01 01:38:08,249719032.9425066
2025-01-01 01:38:09,263461014.06014895
2025-01-01 01:38:10,256338197.811956
2025-01-01 01:38:11,250738525.33342233
2025-01-01 01:38:12,249939377.16944402
2025-01-01 01:38:13,248301335.51142535
2025-01-01 01:38:14,248474341.8435082
2025-01-01 01:38:15,250170420.02194467
2025-01-01 01:38:16,253082052.64390108
2025-01-01 01:38:17,252684341.5751282
2025-01-01 01:38:18,255667029.80283025
2025-01-01 01:38:19,254083896.22957292
2025-01-01 01:38:20,255798929.84414345
2025-01-01 01:38:21,247965852.97864568
2025-01-01 01:38:22,246989999.62477684
2025-01-01 01:38:23,244613377.21551898
2025-01-01 01:38:24,250696878.08449817
2025-01-01 01:38:25,256278450.0112821
2025-01-01 01:38:26,255280761.26572797
2025-01-01 01:38:27,251182144.1316206
2025-01-01 01:38:28,250148981.8114178
2025-01-01 01:38:29,249436586.65717158
2025-01-01 01:38:30,249628024.54592112
2025-01-01 01:38:31,252808888.8266111
2025-01-01 01:38:32,249459140.36805788
2025-01-01 01:38:33,251843290.51783425
2025-01-01 01:38:34,252652962.45173612
2025-01-01 01:38:35,249418853.88165337
2025-01-01 01:38:36,241508944.72418985
2025-01-01 01:38:37,243876436.06223172
2025-01-01 01:38:38,247813743.73221207
2025-01-01 01:38:39,245521057.03492817
2025-01-01 01:38:40,246625463.9495037
2025-01-01 01:38:41,248716341.97052664
2025-01-01 01:38:42,243970900.9631406
2025-01-01 01:38:43,248077110.31525287
2025-01-01 01:38:44,247300702.91933316
2025-01-01 01:38:45,246896709.9401543
2025-01-01 01:38:46,244410462.1140932
2025-01-01 01:38:47,254427682.29927334
2025-01-01 01:38:48,248457364.87104386
2025-01-01 01:38:49,246713223.51086566
2025-01-01 01:38:50,247521940.89688784
2025-01-01 01:38:51,246627109.14713898
2025-01-01 01:38:52,249070648.11259717
2025-01-01 01:38:53,247026255.05196193
2025-01-01 01:38:54,253470960.93830988
2025-01-01 01:38:55,252249014.7493336
2025-01-01 01:38:56,253553575.57721436
2025-01-01 01:38:57,255649744.3871458
2025-01-01 01:38:58,254128384.36802667
2025-01-01 01:38:59,252263799.1017973
2025-01-01 01:39:00,256214251.2813143
2025-01-01 01:39:01,258455782.68484586
2025-01-01 01:39:02,260934541.38528523
2025-01-01 01:39:03,256826818.10032046
2025-01-01 01:39:04,254371967.84658772
2025-01-01 01:39:05,255895422.69195953
2025-01-01 01:39:06,256148254.53330377
2025-01-01 01:39:07,253183850.66791326
2025-01-01 01:39:08,254006817.5099759
2025-01-01 01:39:09,250234093.85438937
2025-01-01 01:39:10,251306951.81310692
2025-01-01 01:39:11,253981131.41184968
2025-01-01 01:39:12,253188159.74046266
2025-01-01 01:39:13,257696993.3059063
2025-01-01 01:39:14,255720829.37059078
2025-01-01 01:39:15,252891500.87972757
2025-01-01 01:39:16,249221932.19726977
2025-01-01 01:39:17,253136720.09951186
2025-01-01 01:39:18,257363653.2236196
2025-01-01 01:39:19,258585339.93639502
2025-01-01 01:39:20,258196848.65185535
2025-01-01 01:39:21,253235367.42466787
2025-01-01 01:39:22,247153053.76142532
2025-01-01 01:39:23,238284782.91556802
2025-01-01 01:39:24,245832372.89712635
2025-01-01 01:39:25,247763517.0678277
2025-01-01 01:39:26,248669303.58335868
2025-01-01 01:39:27,248186897.1611975
2025-01-01 01:39:28,250349128.709624
2025-01-01 01:39:29,246099922.07380673
2025-01-01 01:39:30,242934672.36933157
2025-01-01 01:39:31,244719424.8993874
2025-01-01 01:39:32,249411800.79067272
2025-01-01 01:39:33,253050744.354995
2025-01-01 01:39:34,253016555.5863532
2025-01-01 01:39:35,256115992.50526887
2025-01-01 01:39:36,254610291.05643773
2025-01-01 01:39:37,254746577.8824735
2025-01-01 01:39:38,254205755.0691179
2025-01-01 01:39:39,257220736.4212891
2025-01-01 01:39:40,260328452.04618296
2025-01-01 01:39:41,257941231.28829688
2025-01-01 01:39:42,254512639.55364266
2025-01-01 01:39:43,261328971.97960937
2025-01-01 01:39:44,257655940.42488283
2025-01-01 01:39:45,251622320.40647176
2025-01-01 01:39:46,253688740.5474872
2025-01-01 01:39:47,253287343.1694843
2025-01-01 01:39:48,252029219.12262535
2025-01-01 01:39:49,255774149.02824238
2025-01-01 01:39:50,246235185.07301652
2025-01-01 01:39:51,256879576.56063282
2025-01-01 01:39:52,245373139.365548
2025-01-01 01:39:53,253217444.60364062
2025-01-01 01:39:54,252750729.6118456
2025-01-01 01:39:55,248545755.57193583
2025-01-01 01:39:56,246450011.8997339
2025-01-01 01:39:57,245164364.829644
2025-01-01 01:39:58,244836889.09042576
2025-01-01 01:39:59,252135872.1639008
2025-01-01 01:40:00,253632607.3275586
2025-01-01 01:40:01,245700081.05892792
2025-01-01 01:40:02,245565967.6388077
2025-01-01 01:40:03,248948065.5409534
2025-01-01 01:40:04,248336796.32481834
2025-01-01 01:40:05,245842832.63415
2025-01-01 01:40:06,247769352.04067558
2025-01-01 01:40:07,247472496.8835253
2025-01-01 01:40:08,252597911.37091815
2025-01-01 01:40:09,254276946.76312605
2025-01-01 01:40:10,248680942.24602464
2025-01-01 01:40:11,247243592.2038085
2025-01-01 01:40:12,247279895.8066787
2025-01-01 01:40:13,244685650.6395152
2025-01-01 01:40:14,252546156.9070112
2025-01-01 01:40:15,251942779.0455993
2025-01-01 01:40:16,256373425.622588
2025-01-01 01:40:17,258008320.2860651
2025-01-01 01:40:18,257900082.88740045
2025-01-01 01:40:19,256940045.41907817
2025-01-01 01:40:20,253219514.40460998
2025-01-01 01:40:21,254438706.31986284
2025-01-01 01:40:22,250487371.50649232
2025-01-01 01:40:23,253510863.0493114
2025-01-01 01:40:24,252497729.61913005
2025-01-01 01:40:25,251593378.72958985
2025-01-01 01:40:26,243307355.07717872
2025-01-01 01:40:27,245659550.18708974
2025-01-01 01:40:28,252900623.19203207
2025-01-01 01:40:29,242914745.75277698
2025-01-01 01:40:30,250405613.84582907
2025-01-01 01:40:31,252625610.19205078
2025-01-01 01:40:32,250927564.97430947
2025-01-01 01:40:33,254537865.51345548
2025-01-01 01:40:34,253186429.07509455
2025-01-01 01:40:35,249219578.78135437
2025-01-01 01:40:36,248239057.35747486
2025-01-01 01:40:37,255679650.74733457
2025-01-01 01:40:38,255195602.5317231
2025-01-01 01:40:39,248295640.73701295
2025-01-01 01:40:40,255427994.40289217
2025-01-01 01:40:41,255508483.51039895
2025-01-01 01:40:42,252762948.97810113
2025-01-01 01:40:43,248424085.14334875
2025-01-01 01:40:44,249506604.70167986
2025-01-01 01:40:45,253694995.31591645
2025-01-01 01:40:46,253273761.74576965
2025-01-01 01:40:47,250465138.4002318
2025-01-01 01:40:48,246120354.89356732
2025-01-01 01:40:49,252259568.05961052
2025-01-01 01:40:50,254493988.3825946
2025-01-01 01:40:51,252158845.72043252
2025-01-01 01:40:52,246023003.54219732
2025-01-01 01:40:53,248947916.0258479
2025-01-01 01:40:54,249406324.29168817
2025-01-01 01:40:55,251989741.90015724
2025-01-01 01:40:56,252685372.73206037
2025-01-01 01:40:57,255560775.82481703
2025-01-01 01:40:58,252824062.57978436
2025-01-01 01:40:59,246484947.5618603
2025-01-01 01:41:00,249905747.07469115
2025-01-01 01:41:01,254399389.97153875
2025-01-01 01:41:02,252868312.95785487
2025-01-01 01:41:03,254072661.73555765
2025-01-01 01:41:04,247661324.5524186
2025-01-01 01:41:05,247694720.54507333
2025-01-01 01:41:06,244991158.8659197
2025-01-01 01:41:07,250365532.64888608
2025-01-01 01:41:08,249203950.12324023
2025-01-01 01:41:09,249795167.1983283
2025-01-01 01:41:10,253035664.68592998
2025-01-01 01:41:11,247487661.7328837
2025-01-01 01:41:12,247485979.89212066
2025-01-01 01:41:13,247638097.82183307
2025-01-01 01:41:14,242782667.9552818
2025-01-01 01:41:15,250602294.85625678
2025-01-01 01:41:16,254386830.9102827
2025-01-01 01:41:17,254043128.5143486
2025-01-01 01:41:18,255559615.15775654
2025-01-01 01:41:19,252462604.0791145
2025-01-01 01:41:20,251760442.18796778
2025-01-01 01:41:21,250817442.5868965
2025-01-01 01:41:22,249759111.68578842
2025-01-01 01:41:23,252089419.40776822
2025-01-01 01:41:24,247014056.91251785
2025-01-01 01:41:25,249184080.06494156
2025-01-01 01:41:26,249905791.42679507
2025-01-01 01:41:27,248822250.59841767
2025-01-01 01:41:28,248926980.17231396
2025-01-01 01:41:29,253807601.69920722
2025-01-01 01:41:30,260401477.07478446
2025-01-01 01:41:31,253267482.1747005
2025-01-01 01:41:32,253115472.28161362
2025-01-01 01:41:33,254233318.62262693
2025-01-01 01:41:34,253249203.68935364
2025-01-01 01:41:35,253137299.36724395
2025-01-01 01:41:36,247488898.8061175
2025-01-01 01:41:37,254795624.94470793
2025-01-01 01:41:38,246453214.54625446
2025-01-01 01:41:39,247268007.03382015
2025-01-01 01:41:40,237306972.0507774
2025-01-01 01:41:41,241451745.7879083
2025-01-01 01:41:42,245846840.69406557
2025-01-01 01:41:43,249978436.83350128
2025-01-01 01:41:44,252831266.2138278
2025-01-01 01:41:45,252039174.55277678
2025-01-01 01:41:46,251657217.7441285
2025-01-01 01:41:47,249099481.88827276
2025-01-01 01:41:48,245932175.46703362
2025-01-01 01:41:49,247399602.16174495
2025-01-01 01:41:50,254444899.3921751
2025-01-01 01:41:51,254146606.46754873
2025-01-01 01:41:52,253541387.78288233
2025-01-01 01:41:53,256057964.14944687
2025-01-01 01:41:54,258297457.17340028
2025-01-01 01:41:55,250834827.55049044
2025-01-01 01:41:56,253148626.0259644
2025-01-01 01:41:57,250585120.41652557
2025-01-01 01:41:58,247272928.16311455
2025-01-01 01:41:59,252943437.07220015
2025-01-01 01:42:00,249889269.6454923
2025-01-01 01:42:01,247807529.84590346
2025-01-01 01:42:02,246682704.82574916
2025-01-01 01:42:03,250415266.80708012
2025-01-01 01:42:04,252195758.07911497
2025-01-01 01:42:05,249033210.3096325
2025-01-01 01:42:06,249117383.5842137
2025-01-01 01:42:07,241131404.92399725
2025-01-01 01:42:08,240796419.4217875
2025-01-01 01:42:09,247522228.1673523
2025-01-01 01:42:10,252422887.05987448
2025-01-01 01:42:11,251269073.1437615
2025-01-01 01:42:12,253661093.2608928
2025-01-01 01:42:13,252534830.5788775
2025-01-01 01:42:14,255273861.2987232
2025-01-01 01:42:15,250535257.8711081
2025-01-01 01:42:16,261338933.1028593
2025-01-01 01:42:17,260472142.15062466
2025-01-01 01:42:18,253484825.68636155
2025-01-01 01:42:19,253833376.8402881
2025-01-01 01:42:20,255338443.92835546
2025-01-01 01:42:21,253278246.388184
2025-01-01 01:42:22,252714648.1397431
2025-01-01 01:42:23,249358078.0861894
2025-01-01 01:42:24,251867866.39817
2025-01-01 01:42:25,253876594.4736042
2025-01-01 01:42:26,247028254.0483813
2025-01-01 01:42:27,245578121.7210979
2025-01-01 01:42:28,246646542.9048494
2025-01-01 01:42:29,251878418.548823
2025-01-01 01:42:30,244188455.58327758
2025-01-01 01:42:31,247765614.23173735
2025-01-01 01:42:32,247389757.47753465
2025-01-01 01:42:33,245382757.07962292
2025-01-01 01:42:34,244595352.56360415
2025-01-01 01:42:35,249843041.9463193
2025-01-01 01:42:36,247504416.41219732
2025-01-01 01:42:37,250229209.7537538
2025-01-01 01:42:38,251299244.1828601
2025-01-01 01:42:39,247632146.82363468
2025-01-01 01:42:40,247959739.23074508
2025-01-01 01:42:41,252692564.3852328
2025-01-01 01:42:42,253303247.85073027
2025-01-01 01:42:43,249278835.09192815
2025-01-01 01:42:44,251070191.48790187
2025-01-01 01:42:45,246655191.69627258
2025-01-01 01:42:46,248960748.94908997
2025-01-01 01:42:47,255788643.11072084
2025-01-01 01:42:48,248714988.74896497
2025-01-01 01:42:49,239362187.44706458
2025-01-01 01:42:50,246365064.51921195
2025-01-01 01:42:51,249014587.1376035
2025-01-01 01:42:52,254879547.11234578
2025-01-01 01:42:53,251094690.4456605
2025-01-01 01:42:54,249667936.01931384
2025-01-01 01:42:55,247030815.06879607
2025-01-01 01:42:56,241720605.88739532
2025-01-01 01:42:57,239215737.65695575
2025-01-01 01:42:58,245085817.6623842
2025-01-01 01:42:59,251741141.2707097
2025-01-01 01:43:00,245858005.19937494
2025-01-01 01:43:01,241920007.92171803
2025-01-01 01:43:02,245962504.4346558
2025-01-01 01:43:03,245595816.34207097
2025-01-01 01:43:04,249384465.8001435
2025-01-01 01:43:05,251459524.604591
2025-01-01 01:43:06,246485471.92676687
2025-01-01 01:43:07,245536722.4090742
2025-01-01 01:43:08,250850272.5056869
2025-01-01 01:43:09,251631871.5726975
2025-01-01 01:43:10,250565459.972584
2025-01-01 01:43:11,242904561.99794334
2025-01-01 01:43:12,244889489.92658153
2025-01-01 01:43:13,245930059.13951674
2025-01-01 01:43:14,247056411.13601997
2025-01-01 01:43:15,246772273.72688866
2025-01-01 01:43:16,239229819.12220892
2025-01-01 01:43:17,244639670.55784452
2025-01-01 01:43:18,239784739.22315243
2025-01-01 01:43:19,243520233.42189932
2025-01-01 01:43:20,250790111.4098213
2025-01-01 01:43:21,244531658.5215587
2025-01-01 01:43:22,252410657.48268282
2025-01-01 01:43:23,250895275.96390143
2025-01-01 01:43:24,242545834.10752457
2025-01-01 01:43:25,248038543.96282896
2025-01-01 01:43:26,245401627.20915395
2025-01-01 01:43:27,248765984.81603834
2025-01-01 01:43:28,258352883.42917556
2025-01-01 01:43:29,250850031.0210429
2025-01-01 01:43:30,243628339.78716207
2025-01-01 01:43:31,243149580.85244417
2025-01-01 01:43:32,241915973.94758174
2025-01-01 01:43:33,246962917.260611
2025-01-01 01:43:34,251962089.5476619
2025-01-01 01:43:35,248051764.8671157
2025-01-01 01:43:36,247545895.83604774
2025-01-01 01:43:37,250149659.84185982
2025-01-01 01:43:38,245232231.46428427
2025-01-01 01:43:39,242180158.42524981
2025-01-01 01:43:40,248994232.56041792
2025-01-01 01:43:41,251157041.340055
2025-01-01 01:43:42,248350595.42462203
2025-01-01 01:43:43,242657549.11138994
2025-01-01 01:43:44,243045062.32776475
2025-01-01 01:43:45,241362817.73494557
2025-01-01 01:43:46,244750769.77216578
2025-01-01 01:43:47,242361677.29683894
2025-01-01 01:43:48,239349422.64414895
2025-01-01 01:43:49,247871071.30678123
2025-01-01 01:43:50,245441218.111534
2025-01-01 01:43:51,248355313.0982491
2025-01-01 01:43:52,243303270.07377765
2025-01-01 01:43:53,251605263.2966239
2025-01-01 01:43:54,249421797.02574414
2025-01-01 01:43:55,250795542.33729142
2025-01-01 01:43:56,247019343.98214054
2025-01-01 01:43:57,241511278.83064055
2025-01-01 01:43:58,238831006.0236681
2025-01-01 01:43:59,241676294.98263523
2025-01-01 01:44:00,244823359.42341796
2025-01-01 01:44:01,242342370.56525853
2025-01-01 01:44:02,247259563.72189376
2025-01-01 01:44:03,244126017.0852256
2025-01-01 01:44:04,243194071.78229448
2025-01-01 01:44:05,252833907.08137903
2025-01-01 01:44:06,247435854.2529362
2025-01-01 01:44:07,249349143.97117972
2025-01-01 01:44:08,252674546.35040393
2025-01-01 01:44:09,249512830.25893918
2025-01-01 01:44:10,245227411.10337755
2025-01-01 01:44:11,246671536.6277076
2025-01-01 01:44:12,242697984.877801
2025-01-01 01:44:13,240901352.55621773
2025-01-01 01:44:14,246985853.22015607
2025-01-01 01:44:15,247708110.9711371
2025-01-01 01:44:16,247062942.3807659
2025-01-01 01:44:17,242165522.19429833
2025-01-01 01:44:18,245144325.58180216
2025-01-01 01:44:19,238001265.29141107
2025-01-01 01:44:20,246546124.30616543
2025-01-01 01:44:21,246803231.98497626
2025-01-01 01:44:22,249696402.71856132
2025-01-01 01:44:23,250016690.3751251
2025-01-01 01:44:24,253933451.069478
2025-01-01 01:44:25,252698261.36142182
2025-01-01 01:44:26,245413336.30900955
2025-01-01 01:44:27,244609781.51369363
2025-01-01 01:44:28,246223447.73768237
2025-01-01 01:44:29,247398418.54617134
2025-01-01 01:44:30,245269380.0327361
2025-01-01 01:44:31,243107846.54328564
2025-01-01 01:44:32,243326822.38722646
2025-01-01 01:44:33,250383055.29401806
2025-01-01 01:44:34,255499632.68941793
2025-01-01 01:44:35,253110350.90334463
2025-01-01 01:44:36,243533332.69041014
2025-01-01 01:44:37,247358276.56603578
2025-01-01 01:44:38,249925778.55832952
2025-01-01 01:44:39,247341972.24986836
2025-01-01 01:44:40,249093442.01269868
2025-01-01 01:44:41,250078171.06403217
2025-01-01 01:44:42,247706625.0613907
2025-01-01 01:44:43,246340093.018237
2025-01-01 01:44:44,245842240.03698364
2025-01-01 01:44:45,243910351.12205282
2025-01-01 01:44:46,243132168.0234223
2025-01-01 01:44:47,246728387.72218803
2025-01-01 01:44:48,245112312.5197555
2025-01-01 01:44:49,241777416.3130971
2025-01-01 01:44:50,242762967.0327997
2025-01-01 01:44:51,242671095.79613316
2025-01-01 01:44:52,247534018.76280713
2025-01-01 01:44:53,244038649.34399098
2025-01-01 01:44:54,242576284.3229195
2025-01-01 01:44:55,245160846.83834562
2025-01-01 01:44:56,244976922.07310864
2025-01-01 01:44:57,244641549.30647963
2025-01-01 01:44:58,249660431.1759229
2025-01-01 01:44:59,246443047.24989343
2025-01-01 01:45:00,245777417.5397808
2025-01-01 01:45:01,244333326.75684595
2025-01-01 01:45:02,244324339.8450195
2025-01-01 01:45:03,243865678.62551054
2025-01-01 01:45:04,243569142.3155804
2025-01-01 01:45:05,241311116.00800794
2025-01-01 01:45:06,239179433.96286136
2025-01-01 01:45:07,241701260.96050444
2025-01-01 01:45:08,242700852.41632843
2025-01-01 01:45:09,245593004.7759666
2025-01-01 01:45:10,244029835.56976506
2025-01-01 01:45:11,248919092.87402996
2025-01-01 01:45:12,246749012.48096013
2025-01-01 01:45:13,244723859.60858718
2025-01-01 01:45:14,247886357.35590377
2025-01-01 01:45:15,247598731.52325508
2025-01-01 01:45:16,243615530.5054317
2025-01-01 01:45:17,238302522.7178987
2025-01-01 01:45:18,248304449.81287837
2025-01-01 01:45:19,240813469.18467808
2025-01-01 01:45:20,242383529.1951009
2025-01-01 01:45:21,241906547.2926077
2025-01-01 01:45:22,242635520.66491684
2025-01-01 01:45:23,245808974.76186237
2025-01-01 01:45:24,240181227.2377574
2025-01-01 01:45:25,246439645.6293607
2025-01-01 01:45:26,250355106.13333282
2025-01-01 01:45:27,249361514.18158078
2025-01-01 01:45:28,246244117.1867804
2025-01-01 01:45:29,246653297.17128772
2025-01-01 01:45:30,240037866.3945721
2025-01-01 01:45:31,242234248.32754245
2025-01-01 01:45:32,239219543.79032195
2025-01-01 01:45:33,245458430.5687813
2025-01-01 01:45:34,245205766.22531098
2025-01-01 01:45:35,251344895.461948
2025-01-01 01:45:36,249897868.45284742
2025-01-01 01:45:37,245048095.68111706
2025-01-01 01:45:38,247021422.90145093
2025-01-01 01:45:39,246269040.85426122
2025-01-01 01:45:40,253703770.8407397
2025-01-01 01:45:41,253307195.880584
2025-01-01 01:45:42,258077521.27764526
2025-01-01 01:45:43,258622513.35763177
2025-01-01 01:45:44,253957191.92323303
2025-01-01 01:45:45,246005611.54805654
2025-01-01 01:45:46,247672144.10937777
2025-01-01 01:45:47,248741850.89549884
2025-01-01 01:45:48,249009971.090195
2025-01-01 01:45:49,250420282.93937257
2025-01-01 01:45:50,250927744.54339632
2025-01-01 01:45:51,251152442.82877755
2025-01-01 01:45:52,247707969.9062506
2025-01-01 01:45:53,255162253.0474933
2025-01-01 01:45:54,251058557.67562208
2025-01-01 01:45:55,252544208.95021668
2025-01-01 01:45:56,250102839.15986475
2025-01-01 01:45:57,247596208.01302117
2025-01-01 01:45:58,248042274.02589005
2025-01-01 01:45:59,253594357.6859472
2025-01-01 01:46:00,250042739.07230344
2025-01-01 01:46:01,252122506.98087883
2025-01-01 01:46:02,249875738.38360733
2025-01-01 01:46:03,249424959.45676184
2025-01-01 01:46:04,248691582.0267859
2025-01-01 01:46:05,251847930.39841408
2025-01-01 01:46:06,247155610.52753764
2025-01-01 01:46:07,249140523.96569604
2025-01-01 01:46:08,243698941.981208
2025-01-01 01:46:09,246784755.9796528
2025-01-01 01:46:10,255466175.89141625
2025-01-01 01:46:11,254437495.6748261
2025-01-01 01:46:12,255000390.11570787
2025-01-01 01:46:13,255901556.6147027
2025-01-01 01:46:14,255988720.64509305
2025-01-01 01:46:15,254185466.75180823
2025-01-01 01:46:16,250944481.38840652
2025-01-01 01:46:17,248391114.6866667
2025-01-01 01:46:18,250370267.71415004
2025-01-01 01:46:19,256053000.78709206
2025-01-01 01:46:20,254408870.29522765
2025-01-01 01:46:21,249293859.2247483
2025-01-01 01:46:22,247861973.85643208
2025-01-01 01:46:23,254909371.66111326
2025-01-01 01:46:24,255658668.26443198
2025-01-01 01:46:25,256785732.90747863
2025-01-01 01:46:26,253297065.9358489
2025-01-01 01:46:27,248429055.88215125
2025-01-01 01:46:28,251482022.64177325
2025-01-01 01:46:29,251072394.234282
2025-01-01 01:46:30,251931827.01179284
2025-01-01 01:46:31,247147850.38511035
2025-01-01 01:46:32,246080606.27253598
2025-01-01 01:46:33,250695219.23215234
2025-01-01 01:46:34,249551418.9495634
2025-01-01 01:46:35,251166045.44023994
2025-01-01 01:46:36,245772348.31514943
2025-01-01 01:46:37,248745853.28826833
2025-01-01 01:46:38,249689404.58501312
2025-01-01 01:46:39,255099437.25216272
2025-01-01 01:46:40,256434148.02086863
2025-01-01 01:46:41,259833263.25329927
2025-01-01 01:46:42,260701299.36255854
2025-01-01 01:46:43,261437729.19401273
2025-01-01 01:46:44,260994268.6036311
2025-01-01 01:46:45,257196720.5403562
2025-01-01 01:46:46,258338412.5163502
2025-01-01 01:46:47,250038359.90302286
2025-01-01 01:46:48,252472319.60875887
2025-01-01 01:46:49,250850032.95538446
2025-01-01 01:46:50,254234856.7025283
2025-01-01 01:46:51,249129804.6250613
2025-01-01 01:46:52,250840373.6638602
2025-01-01 01:46:53,255517636.58616802
2025-01-01 01:46:54,258188984.6087106
2025-01-01 01:46:55,253481980.31742048
2025-01-01 01:46:56,257354502.80881742
2025-01-01 01:46:57,257157189.62693882
2025-01-01 01:46:58,258269013.2569578
2025-01-01 01:46:59,256815694.54163855
2025-01-01 01:47:00,252647306.39140818
2025-01-01 01:47:01,247913233.8264617
2025-01-01 01:47:02,246589137.0445852
2025-01-01 01:47:03,250688591.5947196
2025-01-01 01:47:04,253446839.0150696
2025-01-01 01:47:05,248570394.24308005
2025-01-01 01:47:06,251628204.5766138
2025-01-01 01:47:07,254933597.8372028
2025-01-01 01:47:08,252845690.50336996
2025-01-01 01:47:09,255349122.64656758
2025-01-01 01:47:10,245173030.2917058
2025-01-01 01:47:11,247567233.4742185
2025-01-01 01:47:12,251099944.44866607
2025-01-01 01:47:13,247403373.3240831
2025-01-01 01:47:14,253123011.31262666
2025-01-01 01:47:15,246651435.73228398
2025-01-01 01:47:16,242897296.4039822
2025-01-01 01:47:17,243909019.36742103
2025-01-01 01:47:18,242671869.87830883
2025-01-01 01:47:19,247153436.70147285
2025-01-01 01:47:20,238625746.74582994
2025-01-01 01:47:21,244862253.88912317
2025-01-01 01:47:22,245998618.24990058
2025-01-01 01:47:23,245440478.9024311
2025-01-01 01:47:24,244273224.7307431
2025-01-01 01:47:25,239550719.1908
2025-01-01 01:47:26,241176346.67413676
2025-01-01 01:47:27,243313896.08128303
2025-01-01 01:47:28,249633222.87431946
2025-01-01 01:47:29,245055211.90393665
2025-01-01 01:47:30,249295051.19977057
2025-01-01 01:47:31,253630828.82052457
2025-01-01 01:47:32,247737251.86574212
2025-01-01 01:47:33,249719627.54332343
2025-01-01 01:47:34,253649893.87276182
2025-01-01 01:47:35,255848815.680175
2025-01-01 01:47:36,257806279.9356767
2025-01-01 01:47:37,253179485.2748926
2025-01-01 01:47:38,250587410.83859786
2025-01-01 01:47:39,252655646.93722263
2025-01-01 01:47:40,254802601.10795006
2025-01-01 01:47:41,258589077.18956196
2025-01-01 01:47:42,250018272.18707967
2025-01-01 01:47:43,251979898.65311864
2025-01-01 01:47:44,250584533.14683628
2025-01-01 01:47:45,253987506.89567077
2025-01-01 01:47:46,254244140.88689083
2025-01-01 01:47:47,251493548.90824544
2025-01-01 01:47:48,247838731.25936952
2025-01-01 01:47:49,245697001.67347038
2025-01-01 01:47:50,248123471.7996549
2025-01-01 01:47:51,244788087.09947407
2025-01-01 01:47:52,250340670.74218366
2025-01-01 01:47:53,250639164.28145877
2025-01-01 01:47:54,254371458.16558677
2025-01-01 01:47:55,250461644.41487873
2025-01-01 01:47:56,248058921.68072388
2025-01-01 01:47:57,248119289.27061218
2025-01-01 01:47:58,248849418.07313588
2025-01-01 01:47:59,253279174.4534834
2025-01-01 01:48:00,251013610.07724154
2025-01-01 01:48:01,247234934.62183434
2025-01-01 01:48:02,244288642.24375048
2025-01-01 01:48:03,254602068.9937377
2025-01-01 01:48:04,253617762.6611816
2025-01-01 01:48:05,249947819.18431818
2025-01-01 01:48:06,255417618.44236588
2025-01-01 01:48:07,253699298.9932096
2025-01-01 01:48:08,253963908.17945758
2025-01-01 01:48:09,251056890.50617003
2025-01-01 01:48:10,251783585.90885547
2025-01-01 01:48:11,252851639.5865663
2025-01-01 01:48:12,252956212.098582
2025-01-01 01:48:13,251884536.67161593
2025-01-01 01:48:14,255658906.66328868
2025-01-01 01:48:15,259986176.78761274
2025-01-01 01:48:16,255037624.55124435
2025-01-01 01:48:17,258249271.42414254
2025-01-01 01:48:18,262618148.57750416
2025-01-01 01:48:19,262787653.6841386
2025-01-01 01:48:20,258847930.79723203
2025-01-01 01:48:21,251782629.0115254
2025-01-01 01:48:22,253358684.8121422
2025-01-01 01:48:23,252032176.3786369
2025-01-01 01:48:24,249267985.63509327
2025-01-01 01:48:25,248380908.49846414
2025-01-01 01:48:26,250673118.13623202
2025-01-01 01:48:27,247180048.00770813
2025-01-01 01:48:28,249229732.65753716
2025-01-01 01:48:29,246461167.3817999
2025-01-01 01:48:30,245492471.07980955
2025-01-01 01:48:31,241071026.87432235
2025-01-01 01:48:32,241759279.86591795
2025-01-01 01:48:33,244040955.7024923
2025-01-01 01:48:34,248040693.0326535
2025-01-01 01:48:35,246063995.01172745
2025-01-01 01:48:36,247294614.89688492
2025-01-01 01:48:37,257357242.5914772
2025-01-01 01:48:38,251882766.05476314
2025-01-01 01:48:39,255867392.1433856
2025-01-01 01:48:40,251697572.0952187
2025-01-01 01:48:41,254731855.61817718
2025-01-01 01:48:42,258297359.9500974
2025-01-01 01:48:43,252142791.76352647
2025-01-01 01:48:44,254163806.03468952
2025-01-01 01:48:45,257532548.50630128
2025-01-01 01:48:46,257185335.8096014
2025-01-01 01:48:47,258481317.86547038
2025-01-01 01:48:48,252998032.76454258
2025-01-01 01:48:49,254521473.68077385
2025-01-01 01:48:50,253333159.8699724
2025-01-01 01:48:51,254039745.28435993
2025-01-01 01:48:52,250531795.8851474
2025-01-01 01:48:53,253849528.89244688
2025-01-01 01:48:54,247038077.05872533
2025-01-01 01:48:55,252515833.4188618
2025-01-01 01:48:56,248837692.5716557
2025-01-01 01:48:57,246400766.46016222
2025-01-01 01:48:58,255808259.3924437
2025-01-01 01:48:59,259531859.0721663
2025-01-01 01:49:00,255755826.89068598
2025-01-01 01:49:01,253795485.67188793
2025-01-01 01:49:02,252024189.59042734
2025-01-01 01:49:03,259342004.9546521
2025-01-01 01:49:04,253611232.20133504
2025-01-01 01:49:05,251361299.80417627
2025-01-01 01:49:06,254492793.36437395
2025-01-01 01:49:07,256902078.3347778
2025-01-01 01:49:08,251987402.17838532
2025-01-01 01:49:09,247982945.23296225
2025-01-01 01:49:10,252031965.2024109
2025-01-01 01:49:11,247839891.0111018
2025-01-01 01:49:12,253525602.5661929
2025-01-01 01:49:13,245689877.71477532
2025-01-01 01:49:14,251538466.13816223
2025-01-01 01:49:15,253269716.94954228
2025-01-01 01:49:16,253157784.91385937
2025-01-01 01:49:17,245502454.1295752
2025-01-01 01:49:18,245565356.210981
2025-01-01 01:49:19,248081900.59723347
2025-01-01 01:49:20,249620997.63794866
2025-01-01 01:49:21,251311694.7717599
2025-01-01 01:49:22,254691700.085511
2025-01-01 01:49:23,251444000.2773772
2025-01-01 01:49:24,247139675.05931032
2025-01-01 01:49:25,249041705.1668164
2025-01-01 01:49:26,249941327.31600258
2025-01-01 01:49:27,245136409.27514008
2025-01-01 01:49:28,252481500.08285666
2025-01-01 01:49:29,252042253.468132
2025-01-01 01:49:30,254554415.70524454
2025-01-01 01:49:31,257869227.52193004
2025-01-01 01:49:32,250680873.03407902
2025-01-01 01:49:33,248388464.4045447
2025-01-01 01:49:34,256876594.20821455
2025-01-01 01:49:35,258505669.52477947
2025-01-01 01:49:36,245756072.44028652
2025-01-01 01:49:37,253068152.42899483
2025-01-01 01:49:38,257362130.7142257
2025-01-01 01:49:39,256094213.31895465
2025-01-01 01:49:40,248387623.79063702
2025-01-01 01:49:41,246139622.54071975
2025-01-01 01:49:42,247099038.3280532
2025-01-01 01:49:43,251541885.50514573
2025-01-01 01:49:44,249681446.60347024
2025-01-01 01:49:45,255874390.92317164
2025-01-01 01:49:46,251890773.27405083
2025-01-01 01:49:47,255609994.74244818
2025-01-01 01:49:48,248582948.09627205
2025-01-01 01:49:49,244698781.79084936
2025-01-01 01:49:50,252747854.74036163
2025-01-01 01:49:51,254036008.0011369
2025-01-01 01:49:52,252991631.2314308
2025-01-01 01:49:53,253686153.17849344
2025-01-01 01:49:54,256895758.15367424
2025-01-01 01:49:55,257109843.10519052
2025-01-01 01:49:56,248929975.13144654
2025-01-01 01:49:57,248518916.7212493
2025-01-01 01:49:58,245916333.46652544
2025-01-01 01:49:59,248705462.87810794
2025-01-01 01:50:00,249373380.01162335
2025-01-01 01:50:01,248826909.20329243
2025-01-01 01:50:02,248113202.47891036
2025-01-01 01:50:03,246538951.87894887
2025-01-01 01:50:04,246629337.26790288
2025-01-01 01:50:05,242728536.38844207
2025-01-01 01:50:06,253662067.3083062
2025-01-01 01:50:07,254126584.7435234
2025-01-01 01:50:08,252517002.77183136
2025-01-01 01:50:09,255922421.1002156
2025-01-01 01:50:10,254671649.10752216
2025-01-01 01:50:11,259104189.76446635
2025-01-01 01:50:12,258100412.89740548
2025-01-01 01:50:13,261758247.1299711
2025-01-01 01:50:14,256855849.71200842
2025-01-01 01:50:15,256293619.07077602
2025-01-01 01:50:16,253508492.51816636
2025-01-01 01:50:17,253822158.18050826
2025-01-01 01:50:18,254349827.8504885
2025-01-01 01:50:19,254182755.07978797
2025-01-01 01:50:20,254790210.83500537
2025-01-01 01:50:21,257509521.24666673
2025-01-01 01:50:22,256121508.90293834
2025-01-01 01:50:23,254584480.44711167
2025-01-01 01:50:24,250626551.8284963
2025-01-01 01:50:25,255751425.85687172
2025-01-01 01:50:26,253178102.3392068
2025-01-01 01:50:27,255615022.1840271
2025-01-01 01:50:28,252776083.2448239
2025-01-01 01:50:29,251614347.1919786
2025-01-01 01:50:30,256689221.21929517
2025-01-01 01:50:31,253699717.57683924
2025-01-01 01:50:32,253166470.8844346
2025-01-01 01:50:33,255979009.12726435
2025-01-01 01:50:34,250129971.65940487
2025-01-01 01:50:35,257915740.99656826
2025-01-01 01:50:36,255461978.04004532
2025-01-01 01:50:37,258607356.50572404
2025-01-01 01:50:38,256563168.048011
2025-01-01 01:50:39,254297551.54816303
2025-01-01 01:50:40,257846546.5308245
2025-01-01 01:50:41,258020703.50170833
2025-01-01 01:50:42,260176992.57169533
2025-01-01 01:50:43,254933870.57578275
2025-01-01 01:50:44,252735715.2219329
2025-01-01 01:50:45,250672583.09899172
2025-01-01 01:50:46,255829887.18695924
2025-01-01 01:50:47,254429596.59464577
2025-01-01 01:50:48,251872474.53522196
2025-01-01 01:50:49,250749134.3388083
2025-01-01 01:50:50,247276081.7412136
2025-01-01 01:50:51,249102332.07057536
2025-01-01 01:50:52,253739879.36661798
2025-01-01 01:50:53,246934567.65690735
2025-01-01 01:50:54,248574879.11201224
2025-01-01 01:50:55,253443770.2932737
2025-01-01 01:50:56,247415178.58074075
2025-01-01 01:50:57,250756797.76010293
2025-01-01 01:50:58,250910968.37142232
2025-01-01 01:50:59,253423175.57751995
2025-01-01 01:51:00,248562674.0202024
2025-01-01 01:51:01,242420380.7918975
2025-01-01 01:51:02,246169719.2356869
2025-01-01 01:51:03,246988608.34273547
2025-01-01 01:51:04,244487586.91117382
2025-01-01 01:51:05,245899448.24160376
2025-01-01 01:51:06,249331094.94431847
2025-01-01 01:51:07,249173436.59148175
2025-01-01 01:51:08,247599679.61578605
2025-01-01 01:51:09,255104257.05180842
2025-01-01 01:51:10,254731566.59614232
2025-01-01 01:51:11,251437973.16621295
2025-01-01 01:51:12,256148531.26588333
2025-01-01 01:51:13,253392667.38476634
2025-01-01 01:51:14,255942615.79954308
2025-01-01 01:51:15,254482619.95737448
2025-01-01 01:51:16,255129651.83921552
2025-01-01 01:51:17,257018520.15577516
2025-01-01 01:51:18,253010027.65641806
2025-01-01 01:51:19,253538615.8926158
2025-01-01 01:51:20,249922712.8091843
2025-01-01 01:51:21,251701955.08515918
2025-01-01 01:51:22,251367176.10207507
2025-01-01 01:51:23,250002922.53232056
2025-01-01 01:51:24,252847042.3523795
2025-01-01 01:51:25,250199464.02969164
2025-01-01 01:51:26,252815378.44205922
2025-01-01 01:51:27,251537515.32890055
2025-01-01 01:51:28,248042655.09281686
2025-01-01 01:51:29,247940026.0411112
2025-01-01 01:51:30,249742563.38905162
2025-01-01 01:51:31,245768869.82031465
2025-01-01 01:51:32,251675810.33197713
2025-01-01 01:51:33,248218108.0339824
2025-01-01 01:51:34,246097406.86480108
2025-01-01 01:51:35,243888851.24825537
2025-01-01 01:51:36,245244242.1394844
2025-01-01 01:51:37,243221349.30144513
2025-01-01 01:51:38,247644733.21101013
2025-01-01 01:51:39,243417198.51263678
2025-01-01 01:51:40,246048856.67946473
2025-01-01 01:51:41,246651187.9666832
2025-01-01 01:51:42,247774664.90287954
2025-01-01 01:51:43,248567972.5196287
2025-01-01 01:51:44,247343908.10395142
2025-01-01 01:51:45,244166758.8850969
2025-01-01 01:51:46,247254318.99037722
2025-01-01 01:51:47,254519991.2280168
2025-01-01 01:51:48,251094384.91507262
2025-01-01 01:51:49,251008056.40347973
2025-01-01 01:51:50,247130869.6956876
2025-01-01 01:51:51,244602872.40106845
2025-01-01 01:51:52,251652806.68105152
2025-01-01 01:51:53,253910334.49407586
2025-01-01 01:51:54,255709159.22414044
2025-01-01 01:51:55,249072166.2394999
2025-01-01 01:51:56,247352537.20216405
2025-01-01 01:51:57,252857325.28922653
2025-01-01 01:51:58,248149512.59004375
2025-01-01 01:51:59,248177855.9023096
2025-01-01 01:52:00,245232107.88377765
2025-01-01 01:52:01,246220196.38305393
2025-01-01 01:52:02,242424094.14245686
2025-01-01 01:52:03,244222460.2774113
2025-01-01 01:52:04,245617359.74205384
2025-01-01 01:52:05,252446239.06567994
2025-01-01 01:52:06,249258847.6354176
2025-01-01 01:52:07,252770174.96167627
2025-01-01 01:52:08,241436618.81972185
2025-01-01 01:52:09,243720710.1470758
2025-01-01 01:52:10,250323193.58522636
2025-01-01 01:52:11,249669765.2789262
2025-01-01 01:52:12,253097980.3129567
2025-01-01 01:52:13,254910980.89411297
2025-01-01 01:52:14,254018737.84254894
2025-01-01 01:52:15,249670617.63014317
2025-01-01 01:52:16,254515556.9557428
2025-01-01 01:52:17,249582265.27885473
2025-01-01 01:52:18,250990008.28239423
2025-01-01 01:52:19,254314175.61284888
2025-01-01 01:52:20,253685851.10872573
2025-01-01 01:52:21,251786953.69683465
2025-01-01 01:52:22,247333858.7147846
2025-01-01 01:52:23,249180266.43960002
2025-01-01 01:52:24,246484528.95775518
2025-01-01 01:52:25,246793096.10656127
2025-01-01 01:52:26,241858111.2249922
2025-01-01 01:52:27,244877426.57680973
2025-01-01 01:52:28,244962009.44353676
2025-01-01 01:52:29,242573345.3233579
2025-01-01 01:52:30,238777784.5235123
2025-01-01 01:52:31,244758235.06229335
2025-01-01 01:52:32,244798693.4743094
2025-01-01 01:52:33,248692088.18303013
2025-01-01 01:52:34,244063854.22317362
2025-01-01 01:52:35,246302741.71462953
2025-01-01 01:52:36,246052180.9460024
2025-01-01 01:52:37,246828306.00686157
2025-01-01 01:52:38,249511272.28794485
2025-01-01 01:52:39,250724362.9668037
2025-01-01 01:52:40,249319478.8020328
2025-01-01 01:52:41,252752811.26190022
2025-01-01 01:52:42,251114639.1021657
2025-01-01 01:52:43,257798604.90716782
2025-01-01 01:52:44,258987539.12742358
2025-01-01 01:52:45,253767306.6679663
2025-01-01 01:52:46,255114345.40520805
2025-01-01 01:52:47,252454931.70124882
2025-01-01 01:52:48,256431794.3068063
2025-01-01 01:52:49,252186911.19817504
2025-01-01 01:52:50,254004369.34885418
2025-01-01 01:52:51,253483217.99479344
2025-01-01 01:52:52,246700116.8304232
2025-01-01 01:52:53,253584317.10330933
2025-01-01 01:52:54,252532171.34572515
2025-01-01 01:52:55,251901041.92111722
2025-01-01 01:52:56,258072952.97415566
2025-01-01 01:52:57,250424985.6076358
2025-01-01 01:52:58,253643672.14596224
2025-01-01 01:52:59,248021812.1863536
2025-01-01 01:53:00,247874469.15149486
2025-01-01 01:53:01,249844180.06732538
2025-01-01 01:53:02,255423054.05648857
2025-01-01 01:53:03,258854229.52030784
2025-01-01 01:53:04,258780599.52178684
2025-01-01 01:53:05,256155053.20796457
2025-01-01 01:53:06,250206324.67707402
2025-01-01 01:53:07,244299817.98788595
2025-01-01 01:53:08,246544891.17161575
2025-01-01 01:53:09,247882109.82025793
2025-01-01 01:53:10,245130482.61921996
2025-01-01 01:53:11,244023092.7078428
2025-01-01 01:53:12,244855621.97748095
2025-01-01 01:53:13,238753176.01448205
2025-01-01 01:53:14,240400911.21478507
2025-01-01 01:53:15,243963029.61091986
2025-01-01 01:53:16,245255610.43758807
2025-01-01 01:53:17,240801315.99679044
2025-01-01 01:53:18,251538466.00142696
2025-01-01 01:53:19,251123988.18167368
2025-01-01 01:53:20,245862063.46893322
2025-01-01 01:53:21,245954337.89225626
2025-01-01 01:53:22,246963512.6610565
2025-01-01 01:53:23,244235369.25872758
2025-01-01 01:53:24,245915342.38444182
2025-01-01 01:53:25,253161512.13083503
2025-01-01 01:53:26,258041044.280636
2025-01-01 01:53:27,250820147.3101908
2025-01-01 01:53:28,248720656.72311872
2025-01-01 01:53:29,249137655.87094167
2025-01-01 01:53:30,246642426.4490088
2025-01-01 01:53:31,250447177.54562953
2025-01-01 01:53:32,251511604.36291775
2025-01-01 01:53:33,246868152.23105896
2025-01-01 01:53:34,243329292.98568252
2025-01-01 01:53:35,246201888.72370273
2025-01-01 01:53:36,247348306.83360723
2025-01-01 01:53:37,245842171.963317
2025-01-01 01:53:38,247517273.13648644
2025-01-01 01:53:39,245933496.1901277
2025-01-01 01:53:40,246447729.32559043
2025-01-01 01:53:41,250078084.12277335
2025-01-01 01:53:42,253568193.2270536
2025-01-01 01:53:43,258419778.96452862
2025-01-01 01:53:44,247252239.65297392
2025-01-01 01:53:45,244581543.82048634
2025-01-01 01:53:46,249631205.8202866
2025-01-01 01:53:47,244611254.78469875
2025-01-01 01:53:48,250992990.62999126
2025-01-01 01:53:49,248840420.0213754
2025-01-01 01:53:50,251376423.43731567
2025-01-01 01:53:51,255434440.5362317
2025-01-01 01:53:52,258954874.71106845
2025-01-01 01:53:53,257769788.18338284
2025-01-01 01:53:54,252375766.10383257
2025-01-01 01:53:55,245147403.56134552
2025-01-01 01:53:56,251614198.06610683
2025-01-01 01:53:57,255581257.2811201
2025-01-01 01:53:58,250852928.5098757
2025-01-01 01:53:59,255088168.96090776
2025-01-01 01:54:00,257945328.71787578
2025-01-01 01:54:01,255830430.4790081
2025-01-01 01:54:02,249758714.6509186
2025-01-01 01:54:03,256579296.28020793
2025-01-01 01:54:04,252054726.88568354
2025-01-01 01:54:05,245186739.900003
2025-01-01 01:54:06,248696603.7543252
2025-01-01 01:54:07,254605719.54968965
2025-01-01 01:54:08,254629319.26829425
2025-01-01 01:54:09,254625128.08451447
2025-01-01 01:54:10,256931812.22835028
2025-01-01 01:54:11,256384721.88368452
2025-01-01 01:54:12,259670750.59984198
2025-01-01 01:54:13,255470041.94978943
2025-01-01 01:54:14,258689113.58756486
2025-01-01 01:54:15,257082698.44767982
2025-01-01 01:54:16,253724644.0826393
2025-01-01 01:54:17,256664930.41653484
2025-01-01 01:54:18,254178210.750586
2025-01-01 01:54:19,258490748.04675
2025-01-01 01:54:20,257485231.3154006
2025-01-01 01:54:21,252295444.50783125
2025-01-01 01:54:22,249987136.35438433
2025-01-01 01:54:23,247164958.67841604
2025-01-01 01:54:24,250684111.6886426
2025-01-01 01:54:25,250208589.30181295
2025-01-01 01:54:26,250295376.2044972
2025-01-01 01:54:27,244679448.76032105
2025-01-01 01:54:28,243931522.91617298
2025-01-01 01:54:29,241823719.2872093
2025-01-01 01:54:30,244882661.66418543
2025-01-01 01:54:31,250407287.42130977
2025-01-01 01:54:32,249602103.33127543
2025-01-01 01:54:33,251126801.47640458
2025-01-01 01:54:34,257374834.27578083
2025-01-01 01:54:35,249560860.34650707
2025-01-01 01:54:36,251246598.28283074
2025-01-01 01:54:37,255757997.02112636
2025-01-01 01:54:38,258788227.1764838
2025-01-01 01:54:39,250944263.90099308
2025-01-01 01:54:40,255344200.78828317
2025-01-01 01:54:41,247248227.6623141
2025-01-01 01:54:42,245985108.3394824
2025-01-01 01:54:43,250574280.44732478
2025-01-01 01:54:44,257012612.86740738
2025-01-01 01:54:45,257086103.74487942
2025-01-01 01:54:46,261766807.97011614
2025-01-01 01:54:47,266177633.65765768
2025-01-01 01:54:48,264487562.56341586
2025-01-01 01:54:49,255545737.06772226
2025-01-01 01:54:50,254964589.150386
2025-01-01 01:54:51,253139696.31946474
2025-01-01 01:54:52,249640338.609217
2025-01-01 01:54:53,247432648.52270204
2025-01-01 01:54:54,255254708.5189517
2025-01-01 01:54:55,258513642.35749134
2025-01-01 01:54:56,254049809.4751665
2025-01-01 01:54:57,252194470.61266327
2025-01-01 01:54:58,258234644.33104163
2025-01-01 01:54:59,255962056.0852245
2025-01-01 01:55:00,250514721.01405126
2025-01-01 01:55:01,251733147.86917764
2025-01-01 01:55:02,253212368.5179131
2025-01-01 01:55:03,253704921.35154745
2025-01-01 01:55:04,256417675.26435432
2025-01-01 01:55:05,253954294.65343568
2025-01-01 01:55:06,251080330.70948386
2025-01-01 01:55:07,253954810.7540977
2025-01-01 01:55:08,249503615.08525202
2025-01-01 01:55:09,252365279.94087464
2025-01-01 01:55:10,250958697.88311392
2025-01-01 01:55:11,249415523.5493854
2025-01-01 01:55:12,248574328.9046659
2025-01-01 01:55:13,248673825.29693988
2025-01-01 01:55:14,251644124.4727348
2025-01-01 01:55:15,253146892.76522222
2025-01-01 01:55:16,250452207.47815165
2025-01-01 01:55:17,249351871.74247584
2025-01-01 01:55:18,254831599.49456513
2025-01-01 01:55:19,256324127.74695423
2025-01-01 01:55:20,259104752.4199048
2025-01-01 01:55:21,252040230.2303737
2025-01-01 01:55:22,253475099.9065882
2025-01-01 01:55:23,246787323.65429825
2025-01-01 01:55:24,249016296.0596872
2025-01-01 01:55:25,249570813.12609535
2025-01-01 01:55:26,244630021.52399713
2025-01-01 01:55:27,243415581.3513462
2025-01-01 01:55:28,251609236.28300497
2025-01-01 01:55:29,257229278.91648304
2025-01-01 01:55:30,256088801.8517462
2025-01-01 01:55:31,252162680.92474547
2025-01-01 01:55:32,256431033.18032718
2025-01-01 01:55:33,255336307.93233532
2025-01-01 01:55:34,254967107.79156092
2025-01-01 01:55:35,257540986.75223213
2025-01-01 01:55:36,254179860.1976907
2025-01-01 01:55:37,249072702.5322849
2025-01-01 01:55:38,248112651.6543718
2025-01-01 01:55:39,247732759.13702947
2025-01-01 01:55:40,248192914.655443
2025-01-01 01:55:41,250912702.48536238
2025-01-01 01:55:42,246041307.2068177
2025-01-01 01:55:43,245680395.80793992
2025-01-01 01:55:44,246939721.61701277
2025-01-01 01:55:45,239475238.6655073
2025-01-01 01:55:46,248659187.99996778
2025-01-01 01:55:47,254440712.34351397
2025-01-01 01:55:48,251543456.2362898
2025-01-01 01:55:49,251447158.995521
2025-01-01 01:55:50,253321048.38999477
2025-01-01 01:55:51,250112616.4616535
2025-01-01 01:55:52,249352772.5028589
2025-01-01 01:55:53,244786635.7892426
2025-01-01 01:55:54,252180497.30573875
2025-01-01 01:55:55,244177924.40696666
2025-01-01 01:55:56,249743236.76904806
2025-01-01 01:55:57,254943315.59361398
2025-01-01 01:55:58,256524765.8748485
2025-01-01 01:55:59,254400306.08600044
2025-01-01 01:56:00,248535134.36949196
2025-01-01 01:56:01,250927834.2450125
2025-01-01 01:56:02,255631972.44775346
2025-01-01 01:56:03,256810694.52005523
2025-01-01 01:56:04,257473682.77841178
2025-01-01 01:56:05,254436874.08168626
2025-01-01 01:56:06,252807704.5809041
2025-01-01 01:56:07,256375956.13071153
2025-01-01 01:56:08,252833629.4428609
2025-01-01 01:56:09,251302411.80183658
2025-01-01 01:56:10,250237229.76696625
2025-01-01 01:56:11,251478744.80126575
2025-01-01 01:56:12,249455539.00485992
2025-01-01 01:56:13,246855517.73310181
2025-01-01 01:56:14,247386538.47896057
2025-01-01 01:56:15,247499373.49631545
2025-01-01 01:56:16,245201637.48118103
2025-01-01 01:56:17,240577081.07303098
2025-01-01 01:56:18,244194771.81602633
2025-01-01 01:56:19,252367771.8099625
2025-01-01 01:56:20,256710591.74836046
2025-01-01 01:56:21,251956302.81981176
2025-01-01 01:56:22,256812314.1178512
2025-01-01 01:56:23,249162460.54109615
2025-01-01 01:56:24,250869970.17400518
2025-01-01 01:56:25,253596875.44885582
2025-01-01 01:56:26,250821380.33367845
2025-01-01 01:56:27,250264730.61559865
2025-01-01 01:56:28,248449396.86040744
2025-01-01 01:56:29,244689893.49117783
2025-01-01 01:56:30,248087257.5186986
2025-01-01 01:56:31,252379593.48694676
2025-01-01 01:56:32,249719884.7970294
2025-01-01 01:56:33,245996376.82567117
2025-01-01 01:56:34,249193873.37276658
2025-01-01 01:56:35,253173415.0861339
2025-01-01 01:56:36,250803818.69574195
2025-01-01 01:56:37,246780526.9622113
2025-01-01 01:56:38,253774632.46652043
2025-01-01 01:56:39,250616627.6242111
2025-01-01 01:56:40,246829140.87124026
2025-01-01 01:56:41,249202727.35911748
2025-01-01 01:56:42,255834781.5132147
2025-01-01 01:56:43,256963826.15500534
2025-01-01 01:56:44,260797725.1010252
2025-01-01 01:56:45,256139281.2537024
2025-01-01 01:56:46,252926324.65549377
2025-01-01 01:56:47,255394007.78164053
2025-01-01 01:56:48,254957763.4996149
2025-01-01 01:56:49,251031424.7078495
2025-01-01 01:56:50,252496748.0333562
2025-01-01 01:56:51,253041407.3550246
2025-01-01 01:56:52,250575122.3019488
2025-01-01 01:56:53,253080350.17690054
2025-01-01 01:56:54,255671689.86569414
2025-01-01 01:56:55,257124115.66154152
2025-01-01 01:56:56,252762918.03516233
2025-01-01 01:56:57,252876284.8619681
2025-01-01 01:56:58,252477133.1696693
2025-01-01 01:56:59,250744386.34667605
2025-01-01 01:57:00,249807445.39158967
2025-01-01 01:57:01,253464002.7546693
2025-01-01 01:57:02,252360645.5973395
2025-01-01 01:57:03,252840687.817692
2025-01-01 01:57:04,249434854.75303623
2025-01-01 01:57:05,248756280.40021455
2025-01-01 01:57:06,248034387.19932002
2025-01-01 01:57:07,251790976.37181622
2025-01-01 01:57:08,251539349.60247898
2025-01-01 01:57:09,250126844.49556673
2025-01-01 01:57:10,253932421.4699436
2025-01-01 01:57:11,247701268.797774
2025-01-01 01:57:12,250848559.91994753
2025-01-01 01:57:13,254014441.58088
2025-01-01 01:57:14,253438545.5556103
2025-01-01 01:57:15,250590888.91131067
2025-01-01 01:57:16,247763176.27969366
2025-01-01 01:57:17,251800215.6422408
2025-01-01 01:57:18,248145274.26882523
2025-01-01 01:57:19,248452767.1599053
2025-01-01 01:57:20,243409946.7865899
2025-01-01 01:57:21,240588756.7034524
2025-01-01 01:57:22,247678791.97857746
2025-01-01 01:57:23,251256670.30319256
2025-01-01 01:57:24,253810934.0777246
2025-01-01 01:57:25,249308963.64011914
2025-01-01 01:57:26,252569306.66100287
2025-01-01 01:57:27,254151790.95061648
2025-01-01 01:57:28,252316168.5468449
2025-01-01 01:57:29,257618617.29773137
2025-01-01 01:57:30,256815326.86555418
2025-01-01 01:57:31,256983712.8055078
2025-01-01 01:57:32,258678142.7913802
2025-01-01 01:57:33,253216150.60423756
2025-01-01 01:57:34,257506824.39093453
2025-01-01 01:57:35,258081162.21709043
2025-01-01 01:57:36,251353244.35543042
2025-01-01 01:57:37,253002884.30148703
2025-01-01 01:57:38,262026720.65051228
2025-01-01 01:57:39,253826555.00910094
2025-01-01 01:57:40,251425162.15560862
2025-01-01 01:57:41,253792009.2739705
2025-01-01 01:57:42,251837160.33871406
2025-01-01 01:57:43,255993163.98457086
2025-01-01 01:57:44,252566219.03317228
2025-01-01 01:57:45,257952357.67876512
2025-01-01 01:57:46,249584266.0114604
2025-01-01 01:57:47,250549445.8126841
2025-01-01 01:57:48,254521524.0874586
2025-01-01 01:57:49,249382195.35613188
2025-01-01 01:57:50,252010126.0203128
2025-01-01 01:57:51,256664069.22344595
2025-01-01 01:57:52,254775417.88059536
2025-01-01 01:57:53,250437946.6081964
2025-01-01 01:57:54,256591080.7733335
2025-01-01 01:57:55,249868579.91378292
2025-01-01 01:57:56,247407758.85653785
2025-01-01 01:57:57,251808152.21477586
2025-01-01 01:57:58,256436417.20035067
2025-01-01 01:57:59,252739768.23128122
2025-01-01 01:58:00,252398079.51510376
2025-01-01 01:58:01,251926567.40335223
2025-01-01 01:58:02,252672819.17324272
2025-01-01 01:58:03,253408766.95684254
2025-01-01 01:58:04,254170074.55214843
2025-01-01 01:58:05,256999626.81317994
2025-01-01 01:58:06,251869916.489376
2025-01-01 01:58:07,251455657.12348527
2025-01-01 01:58:08,253741243.84655806
2025-01-01 01:58:09,256052087.82272622
2025-01-01 01:58:10,247162900.7702113
2025-01-01 01:58:11,248291017.18252787
2025-01-01 01:58:12,247537717.3980787
2025-01-01 01:58:13,238361019.24971443
2025-01-01 01:58:14,239784137.4742111
2025-01-01 01:58:15,244065766.86270818
2025-01-01 01:58:16,246777009.78743997
2025-01-01 01:58:17,242983834.2639987
2025-01-01 01:58:18,240506655.83279714
2025-01-01 01:58:19,247631381.802541
2025-01-01 01:58:20,245580773.95167676
2025-01-01 01:58:21,244490540.8892264
2025-01-01 01:58:22,252146394.62324068
2025-01-01 01:58:23,243170747.7418786
2025-01-01 01:58:24,247157574.37489992
2025-01-01 01:58:25,250672610.95543745
2025-01-01 01:58:26,249154804.8906252
2025-01-01 01:58:27,243490597.3061741
2025-01-01 01:58:28,245704157.97510487
2025-01-01 01:58:29,251427153.5107091
2025-01-01 01:58:30,254077300.83609477
2025-01-01 01:58:31,258418092.03032517
2025-01-01 01:58:32,255567807.23505744
2025-01-01 01:58:33,256477409.52567348
2025-01-01 01:58:34,257091527.79696342
2025-01-01 01:58:35,248935430.6318046
2025-01-01 01:58:36,251471108.93186346
2025-01-01 01:58:37,256933914.31958845
2025-01-01 01:58:38,256777257.43656084
2025-01-01 01:58:39,257896683.8186434
2025-01-01 01:58:40,252446925.51014578
2025-01-01 01:58:41,248620595.0202384
2025-01-01 01:58:42,241434754.64965013
2025-01-01 01:58:43,249813375.15441102
2025-01-01 01:58:44,254005908.50605476
2025-01-01 01:58:45,248882710.4592374
2025-01-01 01:58:46,248456670.25808325
2025-01-01 01:58:47,249916498.6806836
2025-01-01 01:58:48,253449318.84143898
2025-01-01 01:58:49,253111786.5186343
2025-01-01 01:58:50,251089416.2285349
2025-01-01 01:58:51,255223378.99627745
2025-01-01 01:58:52,252629894.26405147
2025-01-01 01:58:53,253475426.19990146
2025-01-01 01:58:54,244995971.30888104
2025-01-01 01:58:55,239744309.14240292
2025-01-01 01:58:56,251351636.00852683
2025-01-01 01:58:57,250019525.64422572
2025-01-01 01:58:58,254648076.52104354
2025-01-01 01:58:59,252809536.0231937
2025-01-01 01:59:00,249008709.7932237
2025-01-01 01:59:01,248292628.63912573
2025-01-01 01:59:02,252189832.59852666
2025-01-01 01:59:03,254019353.89213303
2025-01-01 01:59:04,248875265.78136566
2025-01-01 01:59:05,247125016.79758862
2025-01-01 01:59:06,245669100.68131438
2025-01-01 01:59:07,248198198.7111485
2025-01-01 01:59:08,252291579.20596573
2025-01-01 01:59:09,256040973.35477126
2025-01-01 01:59:10,254696837.8866477
2025-01-01 01:59:11,252673401.1302242
2025-01-01 01:59:12,250634404.91854364
2025-01-01 01:59:13,249453415.18813804
2025-01-01 01:59:14,252139604.25182176
2025-01-01 01:59:15,250062586.4598287
2025-01-01 01:59:16,253445378.22943494
2025-01-01 01:59:17,256606062.32914597
2025-01-01 01:59:18,254415709.01905197
2025-01-01 01:59:19,258346081.7003379
2025-01-01 01:59:20,258674480.40573436
2025-01-01 01:59:21,253805975.8432046
2025-01-01 01:59:22,251176291.56156272
2025-01-01 01:59:23,257323382.09983027
2025-01-01 01:59:24,249267506.09377632
2025-01-01 01:59:25,251141808.29591987
2025-01-01 01:59:26,245254813.69912723
2025-01-01 01:59:27,249952304.7938137
2025-01-01 01:59:28,245867246.2113782
2025-01-01 01:59:29,250444745.2782988
2025-01-01 01:59:30,245610463.623686
2025-01-01 01:59:31,240681877.8294519
2025-01-01 01:59:32,239997982.14798012
2025-01-01 01:59:33,243595603.51898652
2025-01-01 01:59:34,244389415.14749423
2025-01-01 01:59:35,241150272.87381598
2025-01-01 01:59:36,240695013.29750073
2025-01-01 01:59:37,244159927.06025007
2025-01-01 01:59:38,243109233.01535967
2025-01-01 01:59:39,245287022.07040715
2025-01-01 01:59:40,241459038.72314012
2025-01-01 01:59:41,245392876.5506089
2025-01-01 01:59:42,249034112.4007764
2025-01-01 01:59:43,246626174.01288843
2025-01-01 01:59:44,251551946.04175448
2025-01-01 01:59:45,244789735.1696438
2025-01-01 01:59:46,248972605.37333024
2025-01-01 01:59:47,249296373.02243373
2025-01-01 01:59:48,246619237.45756304
2025-01-01 01:59:49,247620320.03002334
2025-01-01 01:59:50,248968039.19333705
2025-01-01 01:59:51,245878249.06114566
2025-01-01 01:59:52,246674799.70215118
2025-01-01 01:59:53,252058991.09664825
2025-01-01 01:59:54,255620369.49293634
2025-01-01 01:59:55,249528493.746232
2025-01-01 01:59:56,246215501.43803233
2025-01-01 01:59:57,242252087.9000913
2025-01-01 01:59:58,248120662.6372423
2025-01-01 01:59:59,251476367.72666374
