date,OT
2025-01-01 00:00:00,254404504.98397502
2025-01-01 00:00:01,252948804.03267705
2025-01-01 00:00:02,252793485.72542688
2025-01-01 00:00:03,254799383.86837
2025-01-01 00:00:04,255839803.93889248
2025-01-01 00:00:05,255482923.67867497
2025-01-01 00:00:06,258553497.13855106
2025-01-01 00:00:07,258010700.0906491
2025-01-01 00:00:08,251953738.7520824
2025-01-01 00:00:09,254728757.27223247
2025-01-01 00:00:10,252315828.17794326
2025-01-01 00:00:11,254847239.9051398
2025-01-01 00:00:12,255065680.2258389
2025-01-01 00:00:13,257007776.11221072
2025-01-01 00:00:14,252970484.2439294
2025-01-01 00:00:15,250548842.87194204
2025-01-01 00:00:16,251321990.1359581
2025-01-01 00:00:17,254465959.63867867
2025-01-01 00:00:18,247555781.26893595
2025-01-01 00:00:19,249912357.17792517
2025-01-01 00:00:20,251813706.21222505
2025-01-01 00:00:21,253500524.28309202
2025-01-01 00:00:22,250175086.30134916
2025-01-01 00:00:23,248331970.65660796
2025-01-01 00:00:24,248153524.61727354
2025-01-01 00:00:25,250812677.47457156
2025-01-01 00:00:26,251313308.33008626
2025-01-01 00:00:27,252551939.16935077
2025-01-01 00:00:28,251687767.20296836
2025-01-01 00:00:29,255083912.20515013
2025-01-01 00:00:30,251900702.6062535
2025-01-01 00:00:31,250682748.36065537
2025-01-01 00:00:32,250908942.9011962
2025-01-01 00:00:33,250281733.44496998
2025-01-01 00:00:34,244482152.38741785
2025-01-01 00:00:35,249102722.46007612
2025-01-01 00:00:36,251539105.28791964
2025-01-01 00:00:37,255336213.4282142
2025-01-01 00:00:38,253313134.7086905
2025-01-01 00:00:39,251303839.2995818
2025-01-01 00:00:40,252549814.4113546
2025-01-01 00:00:41,251885123.6847731
2025-01-01 00:00:42,253124754.99953887
2025-01-01 00:00:43,251550942.22791946
2025-01-01 00:00:44,251756987.25629207
2025-01-01 00:00:45,250959509.33653715
2025-01-01 00:00:46,253180174.47981822
2025-01-01 00:00:47,257365547.6371498
2025-01-01 00:00:48,251734031.96669334
2025-01-01 00:00:49,253131273.07512736
2025-01-01 00:00:50,260146150.11420527
2025-01-01 00:00:51,257161254.10821092
2025-01-01 00:00:52,257422372.67690495
2025-01-01 00:00:53,254991568.6244944
2025-01-01 00:00:54,251842212.16031557
2025-01-01 00:00:55,253020724.2708163
2025-01-01 00:00:56,248497584.40755203
2025-01-01 00:00:57,251339512.3008785
2025-01-01 00:00:58,253651539.12807074
2025-01-01 00:00:59,253924718.09601858
2025-01-01 00:01:00,253001777.54705215
2025-01-01 00:01:01,253140512.34078205
2025-01-01 00:01:02,257304984.09743184
2025-01-01 00:01:03,258946065.4998315
2025-01-01 00:01:04,259154842.73800057
2025-01-01 00:01:05,252970473.0472107
2025-01-01 00:01:06,254816482.46286175
2025-01-01 00:01:07,256235695.9221176
2025-01-01 00:01:08,254719539.98912498
2025-01-01 00:01:09,255051297.30945316
2025-01-01 00:01:10,256574662.4956322
2025-01-01 00:01:11,258367683.8017709
2025-01-01 00:01:12,258778187.3941422
2025-01-01 00:01:13,262963949.04448903
2025-01-01 00:01:14,260397768.43472883
2025-01-01 00:01:15,264338167.63172895
2025-01-01 00:01:16,264961766.18436125
2025-01-01 00:01:17,258112707.38452548
2025-01-01 00:01:18,255322726.57279715
2025-01-01 00:01:19,255497297.56375927
2025-01-01 00:01:20,258933442.57744917
2025-01-01 00:01:21,258563718.381226
2025-01-01 00:01:22,256991106.91390967
2025-01-01 00:01:23,252751414.76546457
2025-01-01 00:01:24,256011516.77536115
2025-01-01 00:01:25,257987744.4991368
2025-01-01 00:01:26,259072689.63372326
2025-01-01 00:01:27,260976796.52560782
2025-01-01 00:01:28,259839238.16550383
2025-01-01 00:01:29,260689366.4793616
2025-01-01 00:01:30,259446888.9255354
2025-01-01 00:01:31,255675100.54283234
2025-01-01 00:01:32,255764877.23801586
2025-01-01 00:01:33,256180957.78253672
2025-01-01 00:01:34,253746914.2128744
2025-01-01 00:01:35,254076803.855743
2025-01-01 00:01:36,255277982.49730182
2025-01-01 00:01:37,252285789.5296505
2025-01-01 00:01:38,257595972.9112933
2025-01-01 00:01:39,257296422.5623153
2025-01-01 00:01:40,256345637.22594702
2025-01-01 00:01:41,257335686.39293134
2025-01-01 00:01:42,252520850.71426928
2025-01-01 00:01:43,255660791.637153
2025-01-01 00:01:44,258572304.3563861
2025-01-01 00:01:45,255606702.06042403
2025-01-01 00:01:46,255924102.27492377
2025-01-01 00:01:47,254197628.5915264
2025-01-01 00:01:48,255610914.77789533
2025-01-01 00:01:49,255441928.91478947
2025-01-01 00:01:50,258841998.04199186
2025-01-01 00:01:51,255234190.60548604
2025-01-01 00:01:52,252645224.29553825
2025-01-01 00:01:53,255106772.6324837
2025-01-01 00:01:54,258248340.6259825
2025-01-01 00:01:55,253221593.59770444
2025-01-01 00:01:56,258686667.8727086
2025-01-01 00:01:57,260625121.2247308
2025-01-01 00:01:58,259106705.18390974
2025-01-01 00:01:59,255710434.27263027
2025-01-01 00:02:00,255369771.01598978
2025-01-01 00:02:01,255615081.66757643
2025-01-01 00:02:02,250262025.25184026
2025-01-01 00:02:03,255619663.0454138
2025-01-01 00:02:04,255029437.2939449
2025-01-01 00:02:05,251680454.00687504
2025-01-01 00:02:06,253391175.8947704
2025-01-01 00:02:07,248703830.6837951
2025-01-01 00:02:08,254390937.59194362
2025-01-01 00:02:09,257770617.5398422
2025-01-01 00:02:10,254854199.43720466
2025-01-01 00:02:11,256755198.34240457
2025-01-01 00:02:12,259781998.18847737
2025-01-01 00:02:13,256455539.1392021
2025-01-01 00:02:14,261168044.42449257
2025-01-01 00:02:15,259659485.49902424
2025-01-01 00:02:16,256032583.7540823
2025-01-01 00:02:17,255936575.7256536
2025-01-01 00:02:18,257584380.6244804
2025-01-01 00:02:19,259518091.45182467
2025-01-01 00:02:20,254123413.18216085
2025-01-01 00:02:21,251261938.89080724
2025-01-01 00:02:22,249734788.84664762
2025-01-01 00:02:23,252970191.72825646
2025-01-01 00:02:24,251858905.91443154
2025-01-01 00:02:25,253959097.30388775
2025-01-01 00:02:26,252255849.2517175
2025-01-01 00:02:27,254831181.411485
2025-01-01 00:02:28,254152495.02429485
2025-01-01 00:02:29,254594307.2275464
2025-01-01 00:02:30,256622617.36762348
2025-01-01 00:02:31,255973476.25674677
2025-01-01 00:02:32,250000448.77634013
2025-01-01 00:02:33,249901699.83909118
2025-01-01 00:02:34,249312742.51855212
2025-01-01 00:02:35,248891826.84610465
2025-01-01 00:02:36,253060079.59556517
2025-01-01 00:02:37,250348813.70630604
2025-01-01 00:02:38,251495216.03265327
2025-01-01 00:02:39,254319735.85513607
2025-01-01 00:02:40,257333574.11920598
2025-01-01 00:02:41,256524398.53389397
2025-01-01 00:02:42,255275577.98451746
2025-01-01 00:02:43,250027541.45539665
2025-01-01 00:02:44,251719432.76614603
2025-01-01 00:02:45,249513022.6236805
2025-01-01 00:02:46,248653953.90496895
2025-01-01 00:02:47,249837395.25784564
2025-01-01 00:02:48,248294631.9157087
2025-01-01 00:02:49,249088247.64523092
2025-01-01 00:02:50,249747441.26801193
2025-01-01 00:02:51,250919871.36423415
2025-01-01 00:02:52,248913096.96516576
2025-01-01 00:02:53,251819282.93580836
2025-01-01 00:02:54,253188389.49303505
2025-01-01 00:02:55,251283560.47997603
2025-01-01 00:02:56,250702118.0374295
2025-01-01 00:02:57,251682354.3973064
2025-01-01 00:02:58,251746161.4952972
2025-01-01 00:02:59,250736531.0497055
2025-01-01 00:03:00,248823590.1884733
2025-01-01 00:03:01,248868989.56403148
2025-01-01 00:03:02,250068784.0388008
2025-01-01 00:03:03,251910428.09103817
2025-01-01 00:03:04,247967928.18138215
2025-01-01 00:03:05,248484566.5579546
2025-01-01 00:03:06,251738990.93653062
2025-01-01 00:03:07,253707014.58751023
2025-01-01 00:03:08,253756615.83066767
2025-01-01 00:03:09,248871700.06639054
2025-01-01 00:03:10,249560074.91232753
2025-01-01 00:03:11,254472095.0533557
2025-01-01 00:03:12,251991566.5207709
2025-01-01 00:03:13,246889381.97171363
2025-01-01 00:03:14,247107449.56056827
2025-01-01 00:03:15,244126924.74715585
2025-01-01 00:03:16,244737618.99476552
2025-01-01 00:03:17,249042645.83770236
2025-01-01 00:03:18,246225005.5658168
2025-01-01 00:03:19,245332225.04043704
2025-01-01 00:03:20,250181985.3887132
2025-01-01 00:03:21,248950598.0577285
2025-01-01 00:03:22,253594057.8920239
2025-01-01 00:03:23,254323423.0955743
2025-01-01 00:03:24,255885914.47457418
2025-01-01 00:03:25,254282103.1110061
2025-01-01 00:03:26,255221233.69187352
2025-01-01 00:03:27,247882605.5671143
2025-01-01 00:03:28,248739302.0828763
2025-01-01 00:03:29,250947988.3095056
2025-01-01 00:03:30,249096085.8676592
2025-01-01 00:03:31,248835364.96950582
2025-01-01 00:03:32,249693981.94393638
2025-01-01 00:03:33,254997781.1157255
2025-01-01 00:03:34,255035222.93877494
2025-01-01 00:03:35,251102519.53998694
2025-01-01 00:03:36,248774123.41581807
2025-01-01 00:03:37,249544853.3987202
2025-01-01 00:03:38,249520840.87642902
2025-01-01 00:03:39,251113634.35321063
2025-01-01 00:03:40,255610661.5119371
2025-01-01 00:03:41,253586442.1253235
2025-01-01 00:03:42,250940051.08284658
2025-01-01 00:03:43,249887612.43990415
2025-01-01 00:03:44,249160497.03832072
2025-01-01 00:03:45,248366742.45171684
2025-01-01 00:03:46,247761492.2894029
2025-01-01 00:03:47,244755371.4839462
2025-01-01 00:03:48,244978658.6883413
2025-01-01 00:03:49,245814902.8263124
2025-01-01 00:03:50,243390695.9333624
2025-01-01 00:03:51,243705224.30859455
2025-01-01 00:03:52,248141486.88405237
2025-01-01 00:03:53,244355035.14118454
2025-01-01 00:03:54,252756869.37447745
2025-01-01 00:03:55,250397883.96599853
2025-01-01 00:03:56,242871420.82033518
2025-01-01 00:03:57,242143454.25811633
2025-01-01 00:03:58,246851539.7027802
2025-01-01 00:03:59,243817802.53852674
2025-01-01 00:04:00,241793619.23434398
2025-01-01 00:04:01,238535629.3824798
2025-01-01 00:04:02,242464037.2539717
2025-01-01 00:04:03,241696239.60036698
2025-01-01 00:04:04,242379491.55161437
2025-01-01 00:04:05,246871252.10229102
2025-01-01 00:04:06,247166484.30288273
2025-01-01 00:04:07,248169376.86891425
2025-01-01 00:04:08,247170091.8413627
2025-01-01 00:04:09,251315776.8602714
2025-01-01 00:04:10,249154485.46710742
2025-01-01 00:04:11,248958402.95033872
2025-01-01 00:04:12,245659587.7292559
2025-01-01 00:04:13,244639293.8407264
2025-01-01 00:04:14,247318818.03138265
2025-01-01 00:04:15,242590025.3413944
2025-01-01 00:04:16,243631608.47447705
2025-01-01 00:04:17,239305269.80383068
2025-01-01 00:04:18,239813526.39886892
2025-01-01 00:04:19,241660537.45960754
2025-01-01 00:04:20,246724847.10558194
2025-01-01 00:04:21,245884824.60390013
2025-01-01 00:04:22,247831286.70815745
2025-01-01 00:04:23,247694473.9375582
2025-01-01 00:04:24,254453026.50274652
2025-01-01 00:04:25,249021306.05063507
2025-01-01 00:04:26,252023740.45103773
2025-01-01 00:04:27,254847358.22537324
2025-01-01 00:04:28,254206093.92200252
2025-01-01 00:04:29,246728325.488687
2025-01-01 00:04:30,247835804.84038463
2025-01-01 00:04:31,249164119.4365227
2025-01-01 00:04:32,248648608.78558466
2025-01-01 00:04:33,248026976.98815417
2025-01-01 00:04:34,246773791.57104906
2025-01-01 00:04:35,246294470.7011935
2025-01-01 00:04:36,250759479.90269095
2025-01-01 00:04:37,248942624.3531259
2025-01-01 00:04:38,248930879.5254442
2025-01-01 00:04:39,247992398.9817021
2025-01-01 00:04:40,244441674.87568915
2025-01-01 00:04:41,252970167.69663128
2025-01-01 00:04:42,247823154.14575532
2025-01-01 00:04:43,246553343.42264724
2025-01-01 00:04:44,246009976.94213742
2025-01-01 00:04:45,248458660.41501814
2025-01-01 00:04:46,249338023.09494352
2025-01-01 00:04:47,249108513.65003407
2025-01-01 00:04:48,247613839.23521385
2025-01-01 00:04:49,239018129.87295592
2025-01-01 00:04:50,237034108.71114123
2025-01-01 00:04:51,243535794.24040264
2025-01-01 00:04:52,241256822.04722124
2025-01-01 00:04:53,241297660.7579294
2025-01-01 00:04:54,239214084.9808543
2025-01-01 00:04:55,242368191.38093346
2025-01-01 00:04:56,246979013.41474518
2025-01-01 00:04:57,245509083.81149134
2025-01-01 00:04:58,244651632.7183558
2025-01-01 00:04:59,246525857.90694058
2025-01-01 00:05:00,250100577.51331398
2025-01-01 00:05:01,248789645.33095074
2025-01-01 00:05:02,245422099.2758992
2025-01-01 00:05:03,241592253.4614631
2025-01-01 00:05:04,254993639.42763647
2025-01-01 00:05:05,248463195.1684007
2025-01-01 00:05:06,250936911.95786402
2025-01-01 00:05:07,249504856.7023821
2025-01-01 00:05:08,244988442.58068448
2025-01-01 00:05:09,248415113.59484547
2025-01-01 00:05:10,252617893.39228618
2025-01-01 00:05:11,244677662.93789452
2025-01-01 00:05:12,243518302.79695913
2025-01-01 00:05:13,246611944.05311278
2025-01-01 00:05:14,244198154.09793717
2025-01-01 00:05:15,245985802.1201627
2025-01-01 00:05:16,246586893.77664053
2025-01-01 00:05:17,240904897.74467653
2025-01-01 00:05:18,241207080.75851643
2025-01-01 00:05:19,246202052.91586363
2025-01-01 00:05:20,244136381.91864946
2025-01-01 00:05:21,248486875.13527933
2025-01-01 00:05:22,244972494.38483742
2025-01-01 00:05:23,248424849.03126103
2025-01-01 00:05:24,245733634.791888
2025-01-01 00:05:25,248033587.7133583
2025-01-01 00:05:26,245098603.35258996
2025-01-01 00:05:27,253080393.42620793
2025-01-01 00:05:28,248062673.74386403
2025-01-01 00:05:29,253713632.73123518
2025-01-01 00:05:30,250468018.35712266
2025-01-01 00:05:31,250366998.70014888
2025-01-01 00:05:32,238423189.97407916
2025-01-01 00:05:33,241961268.28089666
2025-01-01 00:05:34,242597922.8204801
2025-01-01 00:05:35,244193560.4374048
2025-01-01 00:05:36,247430077.27566668
2025-01-01 00:05:37,248433384.8437143
2025-01-01 00:05:38,251426921.09396228
2025-01-01 00:05:39,246656923.43416753
2025-01-01 00:05:40,245941831.18984073
2025-01-01 00:05:41,248520214.05878496
2025-01-01 00:05:42,244443612.53214753
2025-01-01 00:05:43,250698535.14485988
2025-01-01 00:05:44,254068466.46106896
2025-01-01 00:05:45,253926480.298922
2025-01-01 00:05:46,252214576.16979784
2025-01-01 00:05:47,248632307.04247007
2025-01-01 00:05:48,250844350.57481757
2025-01-01 00:05:49,249327653.94083765
2025-01-01 00:05:50,248923590.17195427
2025-01-01 00:05:51,251796088.3187193
2025-01-01 00:05:52,251055968.2472043
2025-01-01 00:05:53,246364148.61108756
2025-01-01 00:05:54,255858546.17855978
2025-01-01 00:05:55,253992381.5547727
2025-01-01 00:05:56,248979727.7244313
2025-01-01 00:05:57,246486861.13493738
2025-01-01 00:05:58,246668808.937447
2025-01-01 00:05:59,247807624.25145748
2025-01-01 00:06:00,254086969.17104942
2025-01-01 00:06:01,255115802.34337488
2025-01-01 00:06:02,254133549.8165374
2025-01-01 00:06:03,255508910.15980858
2025-01-01 00:06:04,254684451.46411046
2025-01-01 00:06:05,251660347.29329726
2025-01-01 00:06:06,251291833.1314579
2025-01-01 00:06:07,250236589.5468363
2025-01-01 00:06:08,256092890.89815968
2025-01-01 00:06:09,255221707.1685409
2025-01-01 00:06:10,255718867.32495454
2025-01-01 00:06:11,254746889.26714987
2025-01-01 00:06:12,256028710.02367273
2025-01-01 00:06:13,257669137.87106636
2025-01-01 00:06:14,249394284.93861386
2025-01-01 00:06:15,249482249.46265373
2025-01-01 00:06:16,251607457.76695716
2025-01-01 00:06:17,248800351.88554165
2025-01-01 00:06:18,253861981.7641419
2025-01-01 00:06:19,253577826.41582638
2025-01-01 00:06:20,254458594.83258584
2025-01-01 00:06:21,256339208.80572748
2025-01-01 00:06:22,255933281.35683054
2025-01-01 00:06:23,250339923.36134565
2025-01-01 00:06:24,249826727.44725016
2025-01-01 00:06:25,258674632.2902062
2025-01-01 00:06:26,250824006.631354
2025-01-01 00:06:27,252781082.10097742
2025-01-01 00:06:28,246722775.49222463
2025-01-01 00:06:29,242960945.7078601
2025-01-01 00:06:30,246927552.76505944
2025-01-01 00:06:31,251232849.83300072
2025-01-01 00:06:32,250178475.97808555
2025-01-01 00:06:33,253262475.88405818
2025-01-01 00:06:34,248987545.93572596
2025-01-01 00:06:35,250354310.60779023
2025-01-01 00:06:36,250207833.2970467
2025-01-01 00:06:37,253609847.9138774
2025-01-01 00:06:38,249434500.5622331
2025-01-01 00:06:39,247189368.07835063
2025-01-01 00:06:40,244565282.82607588
2025-01-01 00:06:41,243543683.75280944
2025-01-01 00:06:42,240048848.1903168
2025-01-01 00:06:43,248685547.257984
2025-01-01 00:06:44,251233223.61392194
2025-01-01 00:06:45,246242349.010432
2025-01-01 00:06:46,247087226.4476436
2025-01-01 00:06:47,246814647.5291825
2025-01-01 00:06:48,248765214.75587934
2025-01-01 00:06:49,250715938.72065693
2025-01-01 00:06:50,249315347.9946719
2025-01-01 00:06:51,250973719.93648154
2025-01-01 00:06:52,251737684.86807716
2025-01-01 00:06:53,254322579.48943812
2025-01-01 00:06:54,251406433.73428112
2025-01-01 00:06:55,248123951.3879691
2025-01-01 00:06:56,252666015.7308761
2025-01-01 00:06:57,248466772.88709724
2025-01-01 00:06:58,253351902.60383114
2025-01-01 00:06:59,253408804.54617876
2025-01-01 00:07:00,253395936.64534196
2025-01-01 00:07:01,252664889.55980095
2025-01-01 00:07:02,249477714.82824293
2025-01-01 00:07:03,248659780.80464616
2025-01-01 00:07:04,248601690.83728305
2025-01-01 00:07:05,250008272.01126924
2025-01-01 00:07:06,245187543.511027
2025-01-01 00:07:07,243062271.18096444
2025-01-01 00:07:08,245461252.85264236
2025-01-01 00:07:09,247597078.49847746
2025-01-01 00:07:10,245446523.841317
2025-01-01 00:07:11,245133020.40859616
2025-01-01 00:07:12,246008136.08630973
2025-01-01 00:07:13,250795575.14526722
2025-01-01 00:07:14,246166141.83947673
2025-01-01 00:07:15,252491555.72580332
2025-01-01 00:07:16,253645139.11193228
2025-01-01 00:07:17,247709816.41271442
2025-01-01 00:07:18,252607636.81497452
2025-01-01 00:07:19,248482914.57417747
2025-01-01 00:07:20,252456066.77378055
2025-01-01 00:07:21,250801198.7786829
2025-01-01 00:07:22,247672634.06804478
2025-01-01 00:07:23,255345861.97463375
2025-01-01 00:07:24,249824582.4888528
2025-01-01 00:07:25,249840171.1275818
2025-01-01 00:07:26,251898390.06921637
2025-01-01 00:07:27,252539844.84486604
2025-01-01 00:07:28,250097443.73794228
2025-01-01 00:07:29,252334428.60119602
2025-01-01 00:07:30,251459941.46125066
2025-01-01 00:07:31,250685456.80418548
2025-01-01 00:07:32,253478386.6590343
2025-01-01 00:07:33,257790951.87980545
2025-01-01 00:07:34,253819549.05362296
2025-01-01 00:07:35,257059202.74112725
2025-01-01 00:07:36,255176382.0560153
2025-01-01 00:07:37,256134324.79455775
2025-01-01 00:07:38,255744193.84883425
2025-01-01 00:07:39,254884167.67369813
2025-01-01 00:07:40,254298589.46164006
2025-01-01 00:07:41,256155591.4812825
2025-01-01 00:07:42,250639657.98969036
2025-01-01 00:07:43,253621787.66876763
2025-01-01 00:07:44,253068286.2285181
2025-01-01 00:07:45,254920268.24637616
2025-01-01 00:07:46,254603166.1084885
2025-01-01 00:07:47,254694510.71776474
2025-01-01 00:07:48,248630548.29162708
2025-01-01 00:07:49,247950769.31952724
2025-01-01 00:07:50,250965157.90112153
2025-01-01 00:07:51,251913965.13905612
2025-01-01 00:07:52,254126055.61471695
2025-01-01 00:07:53,253920823.43625998
2025-01-01 00:07:54,253503224.84576032
2025-01-01 00:07:55,251740954.58312935
2025-01-01 00:07:56,255046818.1472994
2025-01-01 00:07:57,251009349.10951117
2025-01-01 00:07:58,250054716.68941447
2025-01-01 00:07:59,248118458.20935503
2025-01-01 00:08:00,247675660.35426965
2025-01-01 00:08:01,246674634.14391044
2025-01-01 00:08:02,249430428.1964654
2025-01-01 00:08:03,246520667.399314
2025-01-01 00:08:04,247166001.70929563
2025-01-01 00:08:05,248255390.50728536
2025-01-01 00:08:06,250669874.37247097
2025-01-01 00:08:07,251097599.63020542
2025-01-01 00:08:08,251294155.8802378
2025-01-01 00:08:09,244628209.0555426
2025-01-01 00:08:10,248958587.74579835
2025-01-01 00:08:11,247405604.51772377
2025-01-01 00:08:12,249236147.12760627
2025-01-01 00:08:13,251439176.26402107
2025-01-01 00:08:14,253585952.9474503
2025-01-01 00:08:15,254106782.17114583
2025-01-01 00:08:16,248552948.9504445
2025-01-01 00:08:17,246106094.49658602
2025-01-01 00:08:18,249893291.31149215
2025-01-01 00:08:19,247633580.33836585
2025-01-01 00:08:20,245059650.69431385
2025-01-01 00:08:21,252643853.3224549
2025-01-01 00:08:22,253311490.31459028
2025-01-01 00:08:23,245982072.7677152
2025-01-01 00:08:24,250375011.51716346
2025-01-01 00:08:25,254670476.36794063
2025-01-01 00:08:26,250408327.18318802
2025-01-01 00:08:27,247876601.238562
2025-01-01 00:08:28,248847852.9780956
2025-01-01 00:08:29,252255349.88638264
2025-01-01 00:08:30,255291081.73970315
2025-01-01 00:08:31,253735791.34561977
2025-01-01 00:08:32,250016916.18460098
2025-01-01 00:08:33,250226548.09609583
2025-01-01 00:08:34,250255727.96812117
2025-01-01 00:08:35,249174399.93879727
2025-01-01 00:08:36,248528675.455246
2025-01-01 00:08:37,250280222.2874111
2025-01-01 00:08:38,249180451.13466406
2025-01-01 00:08:39,255006743.34024632
2025-01-01 00:08:40,249993382.02534136
2025-01-01 00:08:41,247595983.13722223
2025-01-01 00:08:42,246077358.09552547
2025-01-01 00:08:43,249608370.70498633
2025-01-01 00:08:44,252303263.557779
2025-01-01 00:08:45,249137356.21670607
2025-01-01 00:08:46,246851035.8533
2025-01-01 00:08:47,250822458.51822177
2025-01-01 00:08:48,249888599.02467424
2025-01-01 00:08:49,244462011.33080354
2025-01-01 00:08:50,243809996.15569532
2025-01-01 00:08:51,244792476.93610284
2025-01-01 00:08:52,247616974.94723308
2025-01-01 00:08:53,247551897.9839143
2025-01-01 00:08:54,250404000.4361176
2025-01-01 00:08:55,250253904.28573495
2025-01-01 00:08:56,247260042.35019594
2025-01-01 00:08:57,251216430.4414514
2025-01-01 00:08:58,252338667.18141258
2025-01-01 00:08:59,254616543.66660252
2025-01-01 00:09:00,258618007.9310236
2025-01-01 00:09:01,260688448.62638924
2025-01-01 00:09:02,257456839.75852752
2025-01-01 00:09:03,253683492.92878315
2025-01-01 00:09:04,251451909.6775698
2025-01-01 00:09:05,254654926.42779213
2025-01-01 00:09:06,253822402.9650188
2025-01-01 00:09:07,253930057.704781
2025-01-01 00:09:08,252217521.13146022
2025-01-01 00:09:09,249956588.72038156
2025-01-01 00:09:10,252924211.8793194
2025-01-01 00:09:11,248604237.35048562
2025-01-01 00:09:12,253744184.7710136
2025-01-01 00:09:13,254948369.18947464
2025-01-01 00:09:14,246741699.47015333
2025-01-01 00:09:15,245311708.78468832
2025-01-01 00:09:16,246925894.08836818
2025-01-01 00:09:17,245622096.01448706
2025-01-01 00:09:18,245581829.3527973
2025-01-01 00:09:19,247397081.21522507
2025-01-01 00:09:20,246584431.5958134
2025-01-01 00:09:21,247999935.9010957
2025-01-01 00:09:22,253833252.70164153
2025-01-01 00:09:23,256237683.3481544
2025-01-01 00:09:24,258443152.82642287
2025-01-01 00:09:25,253519292.98709205
2025-01-01 00:09:26,254763263.9400679
2025-01-01 00:09:27,253856836.12875822
2025-01-01 00:09:28,253746363.06941682
2025-01-01 00:09:29,253658271.46749267
2025-01-01 00:09:30,248531507.79290435
2025-01-01 00:09:31,255452564.50942123
2025-01-01 00:09:32,250358529.1870063
2025-01-01 00:09:33,250753873.86233422
2025-01-01 00:09:34,248246353.04520792
2025-01-01 00:09:35,248891859.08039325
2025-01-01 00:09:36,248333061.0241027
2025-01-01 00:09:37,246996256.37228644
2025-01-01 00:09:38,243840328.34233403
2025-01-01 00:09:39,244568785.9407375
2025-01-01 00:09:40,244444171.47472098
2025-01-01 00:09:41,244386747.06858695
2025-01-01 00:09:42,248383183.15911227
2025-01-01 00:09:43,247828240.3797
2025-01-01 00:09:44,255687622.0316326
2025-01-01 00:09:45,256644981.22844976
2025-01-01 00:09:46,257236547.97054133
2025-01-01 00:09:47,253010273.92260358
2025-01-01 00:09:48,249374799.59377196
2025-01-01 00:09:49,248259312.50050622
2025-01-01 00:09:50,253037252.312884
2025-01-01 00:09:51,251746567.2408855
2025-01-01 00:09:52,251413356.6376638
2025-01-01 00:09:53,250810572.4806327
2025-01-01 00:09:54,246558778.807448
2025-01-01 00:09:55,244756848.62472725
2025-01-01 00:09:56,247841418.26026905
2025-01-01 00:09:57,250824746.20475057
2025-01-01 00:09:58,242481253.08636338
2025-01-01 00:09:59,245541173.7317328
2025-01-01 00:10:00,242950833.04086927
2025-01-01 00:10:01,243571686.2748508
2025-01-01 00:10:02,240327000.8836811
2025-01-01 00:10:03,248399857.51023552
2025-01-01 00:10:04,246677734.96432847
2025-01-01 00:10:05,243402104.77124298
2025-01-01 00:10:06,249098331.83932677
2025-01-01 00:10:07,246517972.72820807
2025-01-01 00:10:08,245452793.61517292
2025-01-01 00:10:09,243697723.8834055
2025-01-01 00:10:10,242243444.65311834
2025-01-01 00:10:11,248338829.37217027
2025-01-01 00:10:12,248303361.04621914
2025-01-01 00:10:13,250029159.07393163
2025-01-01 00:10:14,248834791.18356296
2025-01-01 00:10:15,249341559.52102163
2025-01-01 00:10:16,249631737.10932562
2025-01-01 00:10:17,251661059.9562365
2025-01-01 00:10:18,251699362.29134986
2025-01-01 00:10:19,248215732.6910575
2025-01-01 00:10:20,249413836.13419747
2025-01-01 00:10:21,250751300.6477517
2025-01-01 00:10:22,253136941.77293098
2025-01-01 00:10:23,251084900.5145103
2025-01-01 00:10:24,248948863.69137192
2025-01-01 00:10:25,250287089.76036966
2025-01-01 00:10:26,251726684.04313925
2025-01-01 00:10:27,251114034.30136248
2025-01-01 00:10:28,248331876.64197034
2025-01-01 00:10:29,252168124.73950347
2025-01-01 00:10:30,252456749.93934712
2025-01-01 00:10:31,253781215.33361366
2025-01-01 00:10:32,255345605.35382196
2025-01-01 00:10:33,250551672.58907375
2025-01-01 00:10:34,248203651.163608
2025-01-01 00:10:35,250065719.78737542
2025-01-01 00:10:36,243746696.89557505
2025-01-01 00:10:37,246609567.9152537
2025-01-01 00:10:38,248672499.9082468
2025-01-01 00:10:39,250936574.73240513
2025-01-01 00:10:40,248697420.78028026
2025-01-01 00:10:41,245166285.95354688
2025-01-01 00:10:42,246812729.9698849
2025-01-01 00:10:43,244963069.56350553
2025-01-01 00:10:44,249403243.0599234
2025-01-01 00:10:45,247643281.5598098
2025-01-01 00:10:46,247429215.760685
2025-01-01 00:10:47,246178761.5826497
2025-01-01 00:10:48,244383434.67389154
2025-01-01 00:10:49,248120394.60259506
2025-01-01 00:10:50,248430648.8404418
2025-01-01 00:10:51,251055345.3060603
2025-01-01 00:10:52,255950358.58464518
2025-01-01 00:10:53,256709801.82534128
2025-01-01 00:10:54,250575537.88557026
2025-01-01 00:10:55,251117902.88239127
2025-01-01 00:10:56,254048465.95630068
2025-01-01 00:10:57,250942979.2225602
2025-01-01 00:10:58,255104784.71508396
2025-01-01 00:10:59,254789760.51976484
2025-01-01 00:11:00,252420948.84663787
2025-01-01 00:11:01,250126193.61365068
2025-01-01 00:11:02,249271634.80320725
2025-01-01 00:11:03,249204658.51633707
2025-01-01 00:11:04,253384143.2974898
2025-01-01 00:11:05,247005865.4084953
2025-01-01 00:11:06,246441044.70644423
2025-01-01 00:11:07,254634451.4973748
2025-01-01 00:11:08,253207476.36389434
2025-01-01 00:11:09,245360286.7475006
2025-01-01 00:11:10,246391969.53268152
2025-01-01 00:11:11,248169185.14617395
2025-01-01 00:11:12,244644011.60322315
2025-01-01 00:11:13,245668676.79791063
2025-01-01 00:11:14,242716714.5233302
2025-01-01 00:11:15,250442810.87682542
2025-01-01 00:11:16,247918588.53132975
2025-01-01 00:11:17,252845137.40614033
2025-01-01 00:11:18,255291760.81506988
2025-01-01 00:11:19,253552528.9738148
2025-01-01 00:11:20,256204709.4929717
2025-01-01 00:11:21,255500978.01249945
2025-01-01 00:11:22,253156045.99674612
2025-01-01 00:11:23,255534827.86873043
2025-01-01 00:11:24,255671141.68512377
2025-01-01 00:11:25,253662732.79945084
2025-01-01 00:11:26,251980708.3050032
2025-01-01 00:11:27,252366777.05270836
2025-01-01 00:11:28,250548593.55544522
2025-01-01 00:11:29,249955992.1443438
2025-01-01 00:11:30,249525443.45286265
2025-01-01 00:11:31,249159554.49362174
2025-01-01 00:11:32,248721529.99626723
2025-01-01 00:11:33,250909116.25927424
2025-01-01 00:11:34,249970420.90066385
2025-01-01 00:11:35,253175342.54308885
2025-01-01 00:11:36,257174037.70591363
2025-01-01 00:11:37,256366490.3431279
2025-01-01 00:11:38,253428100.5864359
2025-01-01 00:11:39,251799888.03290257
2025-01-01 00:11:40,254635413.7835042
2025-01-01 00:11:41,258398345.40310517
2025-01-01 00:11:42,259125986.81236795
2025-01-01 00:11:43,257095877.41246173
2025-01-01 00:11:44,256805240.56286618
2025-01-01 00:11:45,254732776.33340102
2025-01-01 00:11:46,254155506.9315109
2025-01-01 00:11:47,254531493.31560916
2025-01-01 00:11:48,254939932.7324941
2025-01-01 00:11:49,254717728.21803346
2025-01-01 00:11:50,256099212.02805868
2025-01-01 00:11:51,256521549.8715147
2025-01-01 00:11:52,261892607.1743888
2025-01-01 00:11:53,256845275.96375665
2025-01-01 00:11:54,257296472.6958262
2025-01-01 00:11:55,260427976.08637467
2025-01-01 00:11:56,259472186.23929894
2025-01-01 00:11:57,254545296.2541185
2025-01-01 00:11:58,254980107.05790624
2025-01-01 00:11:59,260849112.7509226
2025-01-01 00:12:00,257964913.43496156
2025-01-01 00:12:01,254939732.86667165
2025-01-01 00:12:02,251099595.1024779
2025-01-01 00:12:03,252791292.94216704
2025-01-01 00:12:04,253598381.60009328
2025-01-01 00:12:05,253971938.68482485
2025-01-01 00:12:06,253076517.5797394
2025-01-01 00:12:07,251079953.586054
2025-01-01 00:12:08,250755928.30550635
2025-01-01 00:12:09,250190423.1886972
2025-01-01 00:12:10,251962160.9356468
2025-01-01 00:12:11,255534641.08701563
2025-01-01 00:12:12,249683501.45279557
2025-01-01 00:12:13,254134804.4350425
2025-01-01 00:12:14,248071169.33293697
2025-01-01 00:12:15,245265277.51590583
2025-01-01 00:12:16,246446797.13293976
2025-01-01 00:12:17,245140762.45769298
2025-01-01 00:12:18,245550641.3067551
2025-01-01 00:12:19,246739336.8634175
2025-01-01 00:12:20,245128864.7387114
2025-01-01 00:12:21,247017412.44437018
2025-01-01 00:12:22,241698262.2537728
2025-01-01 00:12:23,242810617.84314874
2025-01-01 00:12:24,247662175.15664312
2025-01-01 00:12:25,251163655.33881778
2025-01-01 00:12:26,247179209.9312754
2025-01-01 00:12:27,255494341.23787296
2025-01-01 00:12:28,248122665.8738092
2025-01-01 00:12:29,247032645.10966256
2025-01-01 00:12:30,249342427.57209313
2025-01-01 00:12:31,248535905.48688248
2025-01-01 00:12:32,256480505.23881146
2025-01-01 00:12:33,254602643.0988163
2025-01-01 00:12:34,255434260.55971348
2025-01-01 00:12:35,251252069.02808464
2025-01-01 00:12:36,250076552.04015008
2025-01-01 00:12:37,248582354.7505836
2025-01-01 00:12:38,251489713.03344274
2025-01-01 00:12:39,253748090.3287085
2025-01-01 00:12:40,255474076.12369648
2025-01-01 00:12:41,253246454.4368197
2025-01-01 00:12:42,253474715.12443325
2025-01-01 00:12:43,257687865.54347116
2025-01-01 00:12:44,256505203.94002047
2025-01-01 00:12:45,253662847.6011904
2025-01-01 00:12:46,249756351.83872852
2025-01-01 00:12:47,255892146.15859258
2025-01-01 00:12:48,254583065.67177555
2025-01-01 00:12:49,255258625.99748734
2025-01-01 00:12:50,252037801.30834457
2025-01-01 00:12:51,252931370.09510064
2025-01-01 00:12:52,254929757.52760345
2025-01-01 00:12:53,252651545.5218373
2025-01-01 00:12:54,250540658.1012046
2025-01-01 00:12:55,253387139.18448094
2025-01-01 00:12:56,254794330.33076566
2025-01-01 00:12:57,253655998.43660495
2025-01-01 00:12:58,252025764.9740654
2025-01-01 00:12:59,247035268.79113156
2025-01-01 00:13:00,244505184.48145157
2025-01-01 00:13:01,248498734.86148816
2025-01-01 00:13:02,252466213.77979454
2025-01-01 00:13:03,249779313.8153038
2025-01-01 00:13:04,249458742.31739298
2025-01-01 00:13:05,247473754.41324994
2025-01-01 00:13:06,247165342.48998278
2025-01-01 00:13:07,250506228.04074875
2025-01-01 00:13:08,251603219.341966
2025-01-01 00:13:09,250223809.07502976
2025-01-01 00:13:10,250705921.72675538
2025-01-01 00:13:11,250886290.31689084
2025-01-01 00:13:12,250515018.37135062
2025-01-01 00:13:13,250804950.5535521
2025-01-01 00:13:14,251298443.3157635
2025-01-01 00:13:15,254213705.10808834
2025-01-01 00:13:16,251760807.30959144
2025-01-01 00:13:17,256060067.88587615
2025-01-01 00:13:18,258039575.09846145
2025-01-01 00:13:19,253120827.89978832
2025-01-01 00:13:20,252062501.5391133
2025-01-01 00:13:21,253996700.55627188
2025-01-01 00:13:22,249586410.7776465
2025-01-01 00:13:23,255069127.62109664
2025-01-01 00:13:24,249387466.24297324
2025-01-01 00:13:25,251448316.35596257
2025-01-01 00:13:26,251048582.83031878
2025-01-01 00:13:27,255054089.8991933
2025-01-01 00:13:28,260500545.095696
2025-01-01 00:13:29,253996597.7738159
2025-01-01 00:13:30,253642382.52166
2025-01-01 00:13:31,253885042.85538328
2025-01-01 00:13:32,249570337.62582728
2025-01-01 00:13:33,252140660.235003
2025-01-01 00:13:34,254004219.54699913
2025-01-01 00:13:35,252572720.0164763
2025-01-01 00:13:36,253354433.94243908
2025-01-01 00:13:37,251206970.01787904
2025-01-01 00:13:38,245759533.95753345
2025-01-01 00:13:39,248028720.78880388
2025-01-01 00:13:40,249161257.36554796
2025-01-01 00:13:41,253129078.45597532
2025-01-01 00:13:42,251430513.19731262
2025-01-01 00:13:43,252968822.7179115
2025-01-01 00:13:44,253810796.74521333
2025-01-01 00:13:45,251082928.4168799
2025-01-01 00:13:46,254210222.94650924
2025-01-01 00:13:47,253037029.76972592
2025-01-01 00:13:48,250657798.4074297
2025-01-01 00:13:49,248876519.81384146
2025-01-01 00:13:50,251448885.92325857
2025-01-01 00:13:51,251109596.48142853
2025-01-01 00:13:52,249187732.57274848
2025-01-01 00:13:53,247488944.67189324
2025-01-01 00:13:54,249217118.89712605
2025-01-01 00:13:55,243432686.88995793
2025-01-01 00:13:56,247074191.3037482
2025-01-01 00:13:57,245151352.164424
2025-01-01 00:13:58,255531224.16466066
2025-01-01 00:13:59,250907256.51334605
2025-01-01 00:14:00,250025625.60744354
2025-01-01 00:14:01,252763321.3586314
2025-01-01 00:14:02,251550108.3470376
2025-01-01 00:14:03,249764686.50127912
2025-01-01 00:14:04,247925381.6413791
2025-01-01 00:14:05,249114335.21421713
2025-01-01 00:14:06,249555941.51022616
2025-01-01 00:14:07,247608696.3402397
2025-01-01 00:14:08,248043304.07288444
2025-01-01 00:14:09,250463156.25288367
2025-01-01 00:14:10,249994345.04620558
2025-01-01 00:14:11,253601752.49962664
2025-01-01 00:14:12,247620118.36156103
2025-01-01 00:14:13,247868451.95715386
2025-01-01 00:14:14,251094995.17980498
2025-01-01 00:14:15,251561742.79283845
2025-01-01 00:14:16,250881592.11226594
2025-01-01 00:14:17,248519922.59546363
2025-01-01 00:14:18,250477907.22748572
2025-01-01 00:14:19,253330615.25543234
2025-01-01 00:14:20,255794334.5361639
2025-01-01 00:14:21,260271379.3808141
2025-01-01 00:14:22,251231822.38737717
2025-01-01 00:14:23,248492518.25900206
2025-01-01 00:14:24,249201783.74025932
2025-01-01 00:14:25,255007577.08168453
2025-01-01 00:14:26,251954569.99381712
2025-01-01 00:14:27,252325790.2441676
2025-01-01 00:14:28,250246725.85947928
2025-01-01 00:14:29,251677037.4214575
2025-01-01 00:14:30,246973015.4761153
2025-01-01 00:14:31,248000908.13416386
2025-01-01 00:14:32,248658018.96419793
2025-01-01 00:14:33,247050732.7320465
2025-01-01 00:14:34,245438672.45934075
2025-01-01 00:14:35,250041066.99390262
2025-01-01 00:14:36,247911162.9913598
2025-01-01 00:14:37,251707881.96683338
2025-01-01 00:14:38,254184150.73515713
2025-01-01 00:14:39,255525377.63481724
2025-01-01 00:14:40,253072516.8619849
2025-01-01 00:14:41,251876858.9145584
2025-01-01 00:14:42,246510227.43154454
2025-01-01 00:14:43,250890894.41488954
2025-01-01 00:14:44,246774618.80766556
2025-01-01 00:14:45,246186803.0061255
2025-01-01 00:14:46,247453719.55488893
2025-01-01 00:14:47,251167883.77588704
2025-01-01 00:14:48,251419253.7359213
2025-01-01 00:14:49,248936160.6985615
2025-01-01 00:14:50,251146704.62629125
2025-01-01 00:14:51,247828400.47206536
2025-01-01 00:14:52,242532948.2600955
2025-01-01 00:14:53,238898292.44253224
2025-01-01 00:14:54,248188123.79882184
2025-01-01 00:14:55,251045285.18236816
2025-01-01 00:14:56,244708010.0041478
2025-01-01 00:14:57,244946483.01980236
2025-01-01 00:14:58,244337237.6880991
2025-01-01 00:14:59,242686742.34697324
2025-01-01 00:15:00,247403063.64991602
2025-01-01 00:15:01,251549271.52595928
2025-01-01 00:15:02,252282833.4874521
2025-01-01 00:15:03,252597656.60715857
2025-01-01 00:15:04,246559852.51414633
2025-01-01 00:15:05,246690851.6557669
2025-01-01 00:15:06,251826824.34906268
2025-01-01 00:15:07,254498986.75372788
2025-01-01 00:15:08,255468350.06548712
2025-01-01 00:15:09,249553987.1561143
2025-01-01 00:15:10,253009025.64757758
2025-01-01 00:15:11,252773557.25804478
2025-01-01 00:15:12,247518591.78196877
2025-01-01 00:15:13,248586437.75782207
2025-01-01 00:15:14,255968223.26510438
2025-01-01 00:15:15,250383878.31846467
2025-01-01 00:15:16,247892574.3622451
2025-01-01 00:15:17,249000450.49897584
2025-01-01 00:15:18,244700994.58399114
2025-01-01 00:15:19,249128642.78993016
2025-01-01 00:15:20,248206714.57454592
2025-01-01 00:15:21,244241338.70836043
2025-01-01 00:15:22,246368805.17167196
2025-01-01 00:15:23,251179255.71465093
2025-01-01 00:15:24,248956503.50302914
2025-01-01 00:15:25,249674111.48300472
2025-01-01 00:15:26,253429827.77285603
2025-01-01 00:15:27,252889464.25322706
2025-01-01 00:15:28,260269890.18964082
2025-01-01 00:15:29,254950154.20013532
2025-01-01 00:15:30,248966741.8836175
2025-01-01 00:15:31,242797619.03075314
2025-01-01 00:15:32,245740741.84924415
2025-01-01 00:15:33,247998508.56670445
2025-01-01 00:15:34,247507660.54490215
2025-01-01 00:15:35,246248974.10342988
2025-01-01 00:15:36,245241507.8003985
2025-01-01 00:15:37,245862205.3437157
2025-01-01 00:15:38,244746905.6450043
2025-01-01 00:15:39,245302222.05656537
2025-01-01 00:15:40,247334066.40131557
2025-01-01 00:15:41,248042268.53608474
2025-01-01 00:15:42,247495262.60054177
2025-01-01 00:15:43,246314042.68804705
2025-01-01 00:15:44,245494774.7203555
2025-01-01 00:15:45,246675277.1965939
2025-01-01 00:15:46,248193439.82048416
2025-01-01 00:15:47,243751652.1767352
2025-01-01 00:15:48,243504776.26948076
2025-01-01 00:15:49,248456385.31871304
2025-01-01 00:15:50,250477389.31991217
2025-01-01 00:15:51,252086538.87988338
2025-01-01 00:15:52,249289948.58917418
2025-01-01 00:15:53,251697342.71047717
2025-01-01 00:15:54,249771296.39646977
2025-01-01 00:15:55,247026416.78784654
2025-01-01 00:15:56,245834626.13624305
2025-01-01 00:15:57,247452447.98936552
2025-01-01 00:15:58,244851838.5029804
2025-01-01 00:15:59,246342126.69065347
2025-01-01 00:16:00,242635609.30857125
2025-01-01 00:16:01,248265804.2976177
2025-01-01 00:16:02,244917548.86250418
2025-01-01 00:16:03,248326537.65538087
2025-01-01 00:16:04,247652761.08352873
2025-01-01 00:16:05,250384503.5650545
2025-01-01 00:16:06,244057834.70725352
2025-01-01 00:16:07,244192005.36372933
2025-01-01 00:16:08,241848367.00496477
2025-01-01 00:16:09,245888315.60828248
2025-01-01 00:16:10,242060218.7463321
2025-01-01 00:16:11,244246482.5351342
2025-01-01 00:16:12,242655419.05028227
2025-01-01 00:16:13,241125340.00457343
2025-01-01 00:16:14,243770751.77036205
2025-01-01 00:16:15,239563849.8473138
2025-01-01 00:16:16,245532479.663377
2025-01-01 00:16:17,241523428.44220722
2025-01-01 00:16:18,241921147.2231425
2025-01-01 00:16:19,248635670.58897775
2025-01-01 00:16:20,248253592.4902943
2025-01-01 00:16:21,251791734.68449903
2025-01-01 00:16:22,248442050.63331196
2025-01-01 00:16:23,244820481.43576232
2025-01-01 00:16:24,246445642.81290627
2025-01-01 00:16:25,249325046.38900197
2025-01-01 00:16:26,250725187.697009
2025-01-01 00:16:27,250331723.9007956
2025-01-01 00:16:28,248928761.51208746
2025-01-01 00:16:29,248457349.15012985
2025-01-01 00:16:30,246126828.15814856
2025-01-01 00:16:31,246097556.2033525
2025-01-01 00:16:32,245788390.63750798
2025-01-01 00:16:33,243672770.37579766
2025-01-01 00:16:34,248986405.56256145
2025-01-01 00:16:35,245521801.63131994
2025-01-01 00:16:36,244826968.25130758
2025-01-01 00:16:37,244161753.63445517
2025-01-01 00:16:38,251257346.20913658
2025-01-01 00:16:39,246881431.34394795
2025-01-01 00:16:40,244386586.16039038
2025-01-01 00:16:41,245977021.2776782
2025-01-01 00:16:42,246425192.3365348
2025-01-01 00:16:43,247142771.24599993
2025-01-01 00:16:44,244984531.0564515
2025-01-01 00:16:45,246697630.70124555
2025-01-01 00:16:46,246032694.57161263
2025-01-01 00:16:47,247569164.51771304
2025-01-01 00:16:48,244858101.8279374
2025-01-01 00:16:49,243227434.43632406
2025-01-01 00:16:50,242667067.4307304
2025-01-01 00:16:51,240831648.31303862
2025-01-01 00:16:52,240305000.19017813
2025-01-01 00:16:53,237497758.27258894
2025-01-01 00:16:54,238058247.10979733
2025-01-01 00:16:55,240551400.49030364
2025-01-01 00:16:56,242114577.2113234
2025-01-01 00:16:57,244465648.01441082
2025-01-01 00:16:58,241605599.32559273
2025-01-01 00:16:59,245300481.97577843
2025-01-01 00:17:00,240522067.92415926
2025-01-01 00:17:01,243474323.5548581
2025-01-01 00:17:02,246765477.8800536
2025-01-01 00:17:03,246137144.70096737
2025-01-01 00:17:04,244897437.14517364
2025-01-01 00:17:05,245598535.76013166
2025-01-01 00:17:06,251214982.26592597
2025-01-01 00:17:07,244697628.0362694
2025-01-01 00:17:08,241744621.7118338
2025-01-01 00:17:09,243552124.29238692
2025-01-01 00:17:10,243966541.4947142
2025-01-01 00:17:11,241377562.89525804
2025-01-01 00:17:12,233853822.60414508
2025-01-01 00:17:13,241372209.02564013
2025-01-01 00:17:14,241134121.5270645
2025-01-01 00:17:15,239769729.7360794
2025-01-01 00:17:16,239950346.25113156
2025-01-01 00:17:17,241168605.3440119
2025-01-01 00:17:18,239620171.05023846
2025-01-01 00:17:19,241988492.3190291
2025-01-01 00:17:20,242541837.3445234
2025-01-01 00:17:21,242679344.36350334
2025-01-01 00:17:22,238222207.22455516
2025-01-01 00:17:23,238772063.4064135
2025-01-01 00:17:24,241005699.105423
2025-01-01 00:17:25,242807495.4120059
2025-01-01 00:17:26,242274625.67958036
2025-01-01 00:17:27,244104546.1684655
2025-01-01 00:17:28,244912314.8151457
2025-01-01 00:17:29,248918987.1907206
2025-01-01 00:17:30,245626278.17092744
2025-01-01 00:17:31,246504656.30754617
2025-01-01 00:17:32,246452829.42904577
2025-01-01 00:17:33,244357066.64945927
2025-01-01 00:17:34,244020782.2823827
2025-01-01 00:17:35,235084110.14921877
2025-01-01 00:17:36,237324284.14269203
2025-01-01 00:17:37,243202078.27746025
2025-01-01 00:17:38,242469940.27722713
2025-01-01 00:17:39,243579898.17667818
2025-01-01 00:17:40,238422794.04428995
2025-01-01 00:17:41,241659732.7605457
2025-01-01 00:17:42,241938722.5536684
2025-01-01 00:17:43,240804326.33449686
2025-01-01 00:17:44,243138953.22564918
2025-01-01 00:17:45,250611839.67943272
2025-01-01 00:17:46,245992881.2874234
2025-01-01 00:17:47,248039466.6545062
2025-01-01 00:17:48,248944770.83884022
2025-01-01 00:17:49,248727540.7660916
2025-01-01 00:17:50,248724643.35905308
2025-01-01 00:17:51,251699556.88399342
2025-01-01 00:17:52,251829844.45518014
2025-01-01 00:17:53,245391699.24773479
2025-01-01 00:17:54,247720618.50076783
2025-01-01 00:17:55,248635227.9104633
2025-01-01 00:17:56,248641467.54416993
2025-01-01 00:17:57,249607691.44621986
2025-01-01 00:17:58,247060809.7939555
2025-01-01 00:17:59,241271395.9950454
2025-01-01 00:18:00,241317193.76373735
2025-01-01 00:18:01,240627623.75399256
2025-01-01 00:18:02,245557685.50002268
2025-01-01 00:18:03,242110669.91421375
2025-01-01 00:18:04,242057632.31426182
2025-01-01 00:18:05,241031548.0930128
2025-01-01 00:18:06,241988324.14620757
2025-01-01 00:18:07,240523966.5840743
2025-01-01 00:18:08,235383322.83975002
2025-01-01 00:18:09,234009084.2864497
2025-01-01 00:18:10,233541003.2859097
2025-01-01 00:18:11,236539624.22024506
2025-01-01 00:18:12,240285651.0708291
2025-01-01 00:18:13,234191451.12748423
2025-01-01 00:18:14,239819424.85119385
2025-01-01 00:18:15,241348090.78608623
2025-01-01 00:18:16,242527692.4997979
2025-01-01 00:18:17,242984756.7538379
2025-01-01 00:18:18,247776301.55684257
2025-01-01 00:18:19,243811491.69297192
2025-01-01 00:18:20,244309709.76245475
2025-01-01 00:18:21,243150330.0353679
2025-01-01 00:18:22,243560899.36557987
2025-01-01 00:18:23,246728944.78581133
2025-01-01 00:18:24,237808780.36365676
2025-01-01 00:18:25,244063207.64188352
2025-01-01 00:18:26,243787386.84697306
2025-01-01 00:18:27,241520918.28936204
2025-01-01 00:18:28,241451722.26064232
2025-01-01 00:18:29,242284092.65258166
2025-01-01 00:18:30,242651527.4405001
2025-01-01 00:18:31,241687280.1183622
2025-01-01 00:18:32,241242127.26787686
2025-01-01 00:18:33,241903437.54034007
2025-01-01 00:18:34,247349561.9354601
2025-01-01 00:18:35,246940969.19783238
2025-01-01 00:18:36,244438722.1326633
2025-01-01 00:18:37,244138931.86004385
2025-01-01 00:18:38,237101587.83901215
2025-01-01 00:18:39,238151903.6627451
2025-01-01 00:18:40,238996571.8261501
2025-01-01 00:18:41,237928861.52739605
2025-01-01 00:18:42,244928083.36218742
2025-01-01 00:18:43,246424196.48054284
2025-01-01 00:18:44,249078479.4732592
2025-01-01 00:18:45,243732176.90585533
2025-01-01 00:18:46,244675291.2816271
2025-01-01 00:18:47,241967148.24997434
2025-01-01 00:18:48,241959689.25278294
2025-01-01 00:18:49,240783375.4016508
2025-01-01 00:18:50,249377391.54096425
2025-01-01 00:18:51,254554994.40668678
2025-01-01 00:18:52,252645962.1771544
2025-01-01 00:18:53,251961375.3076608
2025-01-01 00:18:54,251108271.793247
2025-01-01 00:18:55,242235126.52616
2025-01-01 00:18:56,242206877.62498507
2025-01-01 00:18:57,248403974.53548372
2025-01-01 00:18:58,248323756.77393156
2025-01-01 00:18:59,242731955.90510657
2025-01-01 00:19:00,247668981.0259445
2025-01-01 00:19:01,245436682.65023303
2025-01-01 00:19:02,243719594.09006673
2025-01-01 00:19:03,238433460.07225385
2025-01-01 00:19:04,242336773.60286036
2025-01-01 00:19:05,240496601.97090223
2025-01-01 00:19:06,240834861.4329052
2025-01-01 00:19:07,242666448.03395343
2025-01-01 00:19:08,240852015.66099
2025-01-01 00:19:09,238976996.33859158
2025-01-01 00:19:10,244323001.15105137
2025-01-01 00:19:11,243580113.66495794
2025-01-01 00:19:12,247841001.38454846
2025-01-01 00:19:13,246229719.51925
2025-01-01 00:19:14,247709744.12175247
2025-01-01 00:19:15,248174105.397645
2025-01-01 00:19:16,251770956.10222158
2025-01-01 00:19:17,252044258.51264045
2025-01-01 00:19:18,252822640.4359043
2025-01-01 00:19:19,248150120.1152621
2025-01-01 00:19:20,245985675.27814567
2025-01-01 00:19:21,250191155.4962744
2025-01-01 00:19:22,248493542.83292496
2025-01-01 00:19:23,243264715.93769202
2025-01-01 00:19:24,245461701.3486443
2025-01-01 00:19:25,246818222.01642945
2025-01-01 00:19:26,242853736.5049051
2025-01-01 00:19:27,246313517.42042807
2025-01-01 00:19:28,247446371.30610362
2025-01-01 00:19:29,245803426.20109788
2025-01-01 00:19:30,251024154.80910575
2025-01-01 00:19:31,247337494.26560575
2025-01-01 00:19:32,239596596.3577562
2025-01-01 00:19:33,240138645.3176342
2025-01-01 00:19:34,241086419.27257237
2025-01-01 00:19:35,239519730.4854869
2025-01-01 00:19:36,244335460.89508423
2025-01-01 00:19:37,243048179.0964143
2025-01-01 00:19:38,244715058.4340782
2025-01-01 00:19:39,243201017.45954707
2025-01-01 00:19:40,247126008.1276614
2025-01-01 00:19:41,247752500.00174993
2025-01-01 00:19:42,247623421.43684873
2025-01-01 00:19:43,250539827.84775054
2025-01-01 00:19:44,255428738.8109442
2025-01-01 00:19:45,248573655.6125248
2025-01-01 00:19:46,246381761.29674956
2025-01-01 00:19:47,246678859.24396795
2025-01-01 00:19:48,247895858.58902296
2025-01-01 00:19:49,248274333.97521713
2025-01-01 00:19:50,251297194.3362834
2025-01-01 00:19:51,247489208.23836648
2025-01-01 00:19:52,248036748.97118482
2025-01-01 00:19:53,247210952.09610006
2025-01-01 00:19:54,247637553.82021326
2025-01-01 00:19:55,245798197.3947012
2025-01-01 00:19:56,247285973.05236372
2025-01-01 00:19:57,249102497.32458168
2025-01-01 00:19:58,248515406.75457522
2025-01-01 00:19:59,251399533.51605844
2025-01-01 00:20:00,248366863.7009514
2025-01-01 00:20:01,246365384.6304196
2025-01-01 00:20:02,249344502.79022643
2025-01-01 00:20:03,245354289.51809877
2025-01-01 00:20:04,247541890.1239068
2025-01-01 00:20:05,248963060.93275735
2025-01-01 00:20:06,249655561.3137266
2025-01-01 00:20:07,249996342.16774872
2025-01-01 00:20:08,246971452.75769708
2025-01-01 00:20:09,247698401.33842012
2025-01-01 00:20:10,248727472.48775703
2025-01-01 00:20:11,248568983.12748945
2025-01-01 00:20:12,252384961.25749338
2025-01-01 00:20:13,253102787.5269815
2025-01-01 00:20:14,248295059.04796362
2025-01-01 00:20:15,246396245.0672866
2025-01-01 00:20:16,247129977.45219037
2025-01-01 00:20:17,246490862.03478485
2025-01-01 00:20:18,248046704.7926004
2025-01-01 00:20:19,246750398.40143314
2025-01-01 00:20:20,248228560.10503325
2025-01-01 00:20:21,251325863.36111513
2025-01-01 00:20:22,248378866.83929333
2025-01-01 00:20:23,246362447.06389606
2025-01-01 00:20:24,251270617.7172131
2025-01-01 00:20:25,252763669.4128778
2025-01-01 00:20:26,246517476.3826808
2025-01-01 00:20:27,247886971.52433836
2025-01-01 00:20:28,247037741.8949279
2025-01-01 00:20:29,245322711.31616744
2025-01-01 00:20:30,247675938.75739318
2025-01-01 00:20:31,247064012.62944928
2025-01-01 00:20:32,245665331.16620848
2025-01-01 00:20:33,248603689.6757173
2025-01-01 00:20:34,247238182.53166315
2025-01-01 00:20:35,250682939.71341312
2025-01-01 00:20:36,249937095.23183453
2025-01-01 00:20:37,251117958.5065604
2025-01-01 00:20:38,251883477.43017015
2025-01-01 00:20:39,247840728.2477449
2025-01-01 00:20:40,248219337.18918127
2025-01-01 00:20:41,253300682.27429524
2025-01-01 00:20:42,255472258.17246294
2025-01-01 00:20:43,251175968.7003646
2025-01-01 00:20:44,246198576.96021336
2025-01-01 00:20:45,249809329.79103956
2025-01-01 00:20:46,248875986.55648935
2025-01-01 00:20:47,252365765.37334237
2025-01-01 00:20:48,250798074.7379952
2025-01-01 00:20:49,255736892.84845683
2025-01-01 00:20:50,256282052.25291914
2025-01-01 00:20:51,259246618.58478203
2025-01-01 00:20:52,258973118.11135864
2025-01-01 00:20:53,255823394.76513425
2025-01-01 00:20:54,253381267.99208227
2025-01-01 00:20:55,255315027.69581267
2025-01-01 00:20:56,254746223.58646047
2025-01-01 00:20:57,258401492.43271685
2025-01-01 00:20:58,257836462.80522567
2025-01-01 00:20:59,262195335.98296767
2025-01-01 00:21:00,262462700.2813902
2025-01-01 00:21:01,261558396.60430002
2025-01-01 00:21:02,257245295.60211727
2025-01-01 00:21:03,255365824.26830658
2025-01-01 00:21:04,257809634.56874657
2025-01-01 00:21:05,256113389.4115087
2025-01-01 00:21:06,258155642.20885268
2025-01-01 00:21:07,252961084.58619073
2025-01-01 00:21:08,254966602.2903216
2025-01-01 00:21:09,260100903.79723784
2025-01-01 00:21:10,256837041.49058554
2025-01-01 00:21:11,253449177.00288603
2025-01-01 00:21:12,257570666.46073145
2025-01-01 00:21:13,256360201.10480535
2025-01-01 00:21:14,254298692.19450483
2025-01-01 00:21:15,252746824.34542707
2025-01-01 00:21:16,251427273.37747556
2025-01-01 00:21:17,253651779.08724126
2025-01-01 00:21:18,250061410.3838177
2025-01-01 00:21:19,251900305.13537362
2025-01-01 00:21:20,250231379.98516473
2025-01-01 00:21:21,251261710.94823962
2025-01-01 00:21:22,255358366.40268418
2025-01-01 00:21:23,252328690.27319497
2025-01-01 00:21:24,254102486.12803456
2025-01-01 00:21:25,255098580.53520724
2025-01-01 00:21:26,250933280.95780453
2025-01-01 00:21:27,264607571.50796053
2025-01-01 00:21:28,260525925.26199713
2025-01-01 00:21:29,253708047.32441455
2025-01-01 00:21:30,255501443.1908935
2025-01-01 00:21:31,253022688.3082039
2025-01-01 00:21:32,256785140.88417092
2025-01-01 00:21:33,257011468.39757076
2025-01-01 00:21:34,255782248.49458775
2025-01-01 00:21:35,252546103.29836714
2025-01-01 00:21:36,246633142.03832942
2025-01-01 00:21:37,248039552.03615192
2025-01-01 00:21:38,244846173.59767708
2025-01-01 00:21:39,248891372.61332554
2025-01-01 00:21:40,251185326.35191196
2025-01-01 00:21:41,250407954.67803854
2025-01-01 00:21:42,250376922.72446385
2025-01-01 00:21:43,247682965.99207997
2025-01-01 00:21:44,251569531.1946604
2025-01-01 00:21:45,248837770.4120792
2025-01-01 00:21:46,250387359.2465809
2025-01-01 00:21:47,252093055.72137988
2025-01-01 00:21:48,256332457.9553939
2025-01-01 00:21:49,254542870.6686455
2025-01-01 00:21:50,252370818.0129072
2025-01-01 00:21:51,249187076.03600183
2025-01-01 00:21:52,248657121.15041128
2025-01-01 00:21:53,250794384.67495152
2025-01-01 00:21:54,248738850.5057736
2025-01-01 00:21:55,250395761.97505948
2025-01-01 00:21:56,253046403.64395845
2025-01-01 00:21:57,247896402.26406595
2025-01-01 00:21:58,251807775.1014323
2025-01-01 00:21:59,249389515.62138847
2025-01-01 00:22:00,247161544.9801543
2025-01-01 00:22:01,246408339.6769745
2025-01-01 00:22:02,248319935.82054588
2025-01-01 00:22:03,246453079.112787
2025-01-01 00:22:04,243407142.98196325
2025-01-01 00:22:05,244073736.96753666
2025-01-01 00:22:06,245565626.8746063
2025-01-01 00:22:07,248629745.70570326
2025-01-01 00:22:08,250465460.7267296
2025-01-01 00:22:09,247937408.77151367
2025-01-01 00:22:10,243191533.75159544
2025-01-01 00:22:11,246446335.68771905
2025-01-01 00:22:12,251108739.58266392
2025-01-01 00:22:13,245329899.55495283
2025-01-01 00:22:14,241725280.6328188
2025-01-01 00:22:15,245032370.50255826
2025-01-01 00:22:16,247672021.09523964
2025-01-01 00:22:17,245952165.8182275
2025-01-01 00:22:18,243096637.06734273
2025-01-01 00:22:19,244852185.8940667
2025-01-01 00:22:20,245442736.0416812
2025-01-01 00:22:21,246454108.1913528
2025-01-01 00:22:22,252817320.51959124
2025-01-01 00:22:23,250953642.6874872
2025-01-01 00:22:24,246420101.99882817
2025-01-01 00:22:25,245103278.7638553
2025-01-01 00:22:26,245667630.65240252
2025-01-01 00:22:27,245564704.45089304
2025-01-01 00:22:28,246996732.94915193
2025-01-01 00:22:29,247636124.76616368
2025-01-01 00:22:30,247053490.86638445
2025-01-01 00:22:31,249321260.00734478
2025-01-01 00:22:32,247532634.1131813
2025-01-01 00:22:33,248878438.49415687
2025-01-01 00:22:34,251851863.01783484
2025-01-01 00:22:35,247518847.37185037
2025-01-01 00:22:36,249288966.68527567
2025-01-01 00:22:37,248597807.5994069
2025-01-01 00:22:38,243275655.3290617
2025-01-01 00:22:39,245589742.88519675
2025-01-01 00:22:40,242981704.22814518
2025-01-01 00:22:41,240288872.88164106
2025-01-01 00:22:42,240153758.1574164
2025-01-01 00:22:43,245150561.42803589
2025-01-01 00:22:44,246763542.13428
2025-01-01 00:22:45,251027456.2155955
2025-01-01 00:22:46,248860207.14254028
2025-01-01 00:22:47,249815479.98963788
2025-01-01 00:22:48,250110982.6917384
2025-01-01 00:22:49,245956497.0007814
2025-01-01 00:22:50,246441257.44479948
2025-01-01 00:22:51,250345740.00476527
2025-01-01 00:22:52,254197472.88201892
2025-01-01 00:22:53,251024200.49277544
2025-01-01 00:22:54,253266823.6709858
2025-01-01 00:22:55,251102809.45967406
2025-01-01 00:22:56,245358900.7326409
2025-01-01 00:22:57,247145469.911663
2025-01-01 00:22:58,247457487.8528749
2025-01-01 00:22:59,248279464.54059428
2025-01-01 00:23:00,247612892.0565261
2025-01-01 00:23:01,246982508.08169177
2025-01-01 00:23:02,249929134.20095965
2025-01-01 00:23:03,244207804.02704692
2025-01-01 00:23:04,242564609.0566497
2025-01-01 00:23:05,243563556.0562564
2025-01-01 00:23:06,243538707.6475654
2025-01-01 00:23:07,245553243.09643447
2025-01-01 00:23:08,247571876.39549035
2025-01-01 00:23:09,244245959.96893004
2025-01-01 00:23:10,240039760.96457198
2025-01-01 00:23:11,239676479.43016595
2025-01-01 00:23:12,240295447.9163443
2025-01-01 00:23:13,244205623.5655998
2025-01-01 00:23:14,241516905.10935372
2025-01-01 00:23:15,245802783.93513617
2025-01-01 00:23:16,249265778.96958974
2025-01-01 00:23:17,249571407.56341732
2025-01-01 00:23:18,243664879.4948976
2025-01-01 00:23:19,244781986.9466191
2025-01-01 00:23:20,249243958.46537936
2025-01-01 00:23:21,252188948.9795128
2025-01-01 00:23:22,249387471.08372855
2025-01-01 00:23:23,249561642.18060076
2025-01-01 00:23:24,247165582.6562053
2025-01-01 00:23:25,247464002.1273128
2025-01-01 00:23:26,253757084.31171507
2025-01-01 00:23:27,248992346.95929727
2025-01-01 00:23:28,252165332.76163408
2025-01-01 00:23:29,250394455.83646035
2025-01-01 00:23:30,250558582.47274363
2025-01-01 00:23:31,245516627.77646312
2025-01-01 00:23:32,250460251.26301673
2025-01-01 00:23:33,249214363.3377691
2025-01-01 00:23:34,253089017.35070413
2025-01-01 00:23:35,247658209.46447617
2025-01-01 00:23:36,247819445.51055995
2025-01-01 00:23:37,249010390.33579308
2025-01-01 00:23:38,251300056.84658864
2025-01-01 00:23:39,243053894.48215646
2025-01-01 00:23:40,248406328.88873914
2025-01-01 00:23:41,250094694.087192
2025-01-01 00:23:42,250550553.00701314
2025-01-01 00:23:43,249187499.18526986
2025-01-01 00:23:44,250452540.13911584
2025-01-01 00:23:45,252941933.61783686
2025-01-01 00:23:46,251869478.63806996
2025-01-01 00:23:47,247068975.91533765
2025-01-01 00:23:48,248089298.06076297
2025-01-01 00:23:49,249144997.00703162
2025-01-01 00:23:50,248097384.53715432
2025-01-01 00:23:51,247164597.5048582
2025-01-01 00:23:52,247301264.14016217
2025-01-01 00:23:53,249061056.22977656
2025-01-01 00:23:54,246688975.69277215
2025-01-01 00:23:55,245484205.08187473
2025-01-01 00:23:56,249414775.0122131
2025-01-01 00:23:57,249091497.38913766
2025-01-01 00:23:58,248500976.87771994
2025-01-01 00:23:59,252041819.9118701
2025-01-01 00:24:00,247188283.6760542
2025-01-01 00:24:01,248155466.86276138
2025-01-01 00:24:02,245411525.23910022
2025-01-01 00:24:03,250667100.2519231
2025-01-01 00:24:04,247522196.87698448
2025-01-01 00:24:05,245078989.11984262
2025-01-01 00:24:06,248833626.97189
2025-01-01 00:24:07,255975121.3518464
2025-01-01 00:24:08,252688116.67586532
2025-01-01 00:24:09,253278497.8537361
2025-01-01 00:24:10,253121881.0699495
2025-01-01 00:24:11,245584383.0202905
2025-01-01 00:24:12,245240691.2183767
2025-01-01 00:24:13,247249103.4110326
2025-01-01 00:24:14,250302499.10189036
2025-01-01 00:24:15,248335298.41213432
2025-01-01 00:24:16,251886568.61545247
2025-01-01 00:24:17,252916262.75302497
2025-01-01 00:24:18,252560298.8168969
2025-01-01 00:24:19,253427844.42319408
2025-01-01 00:24:20,253709857.03446105
2025-01-01 00:24:21,250161696.55252793
2025-01-01 00:24:22,251304054.7949588
2025-01-01 00:24:23,251944431.05830055
2025-01-01 00:24:24,250202148.96118703
2025-01-01 00:24:25,248240153.51262277
2025-01-01 00:24:26,257758781.84780344
2025-01-01 00:24:27,253822191.17030013
2025-01-01 00:24:28,255980564.1237174
2025-01-01 00:24:29,248839285.26627892
2025-01-01 00:24:30,252953271.82134837
2025-01-01 00:24:31,252978127.56418738
2025-01-01 00:24:32,257903773.82571545
2025-01-01 00:24:33,259384934.6024326
2025-01-01 00:24:34,254092531.68856505
2025-01-01 00:24:35,253776105.82083547
2025-01-01 00:24:36,248422710.65220165
2025-01-01 00:24:37,248812814.47473451
2025-01-01 00:24:38,250580064.37920585
2025-01-01 00:24:39,249480098.76454693
2025-01-01 00:24:40,251949866.53186265
2025-01-01 00:24:41,248594696.9257584
2025-01-01 00:24:42,246122959.37653813
2025-01-01 00:24:43,246750301.2971936
2025-01-01 00:24:44,249940278.81236753
2025-01-01 00:24:45,253945365.92324242
2025-01-01 00:24:46,250098119.79402047
2025-01-01 00:24:47,249966327.27911833
2025-01-01 00:24:48,251866485.47979236
2025-01-01 00:24:49,254512535.25911692
2025-01-01 00:24:50,253151034.04178604
2025-01-01 00:24:51,255244093.32749838
2025-01-01 00:24:52,253600089.42677543
2025-01-01 00:24:53,252969675.90365717
2025-01-01 00:24:54,257405368.790013
2025-01-01 00:24:55,251971430.537287
2025-01-01 00:24:56,252834081.94087246
2025-01-01 00:24:57,247515245.04058146
2025-01-01 00:24:58,251073423.58774737
2025-01-01 00:24:59,249245126.0579569
2025-01-01 00:25:00,250419463.54061225
2025-01-01 00:25:01,243824841.5576495
2025-01-01 00:25:02,245445882.65874267
2025-01-01 00:25:03,251429126.26355588
2025-01-01 00:25:04,250704858.590266
2025-01-01 00:25:05,250337236.0105577
2025-01-01 00:25:06,247091528.29224968
2025-01-01 00:25:07,247324660.6111761
2025-01-01 00:25:08,253034184.67864913
2025-01-01 00:25:09,249033771.4147695
2025-01-01 00:25:10,249624740.1057535
2025-01-01 00:25:11,250223662.3257652
2025-01-01 00:25:12,248707731.66647336
2025-01-01 00:25:13,247994642.708798
2025-01-01 00:25:14,246833154.90695578
2025-01-01 00:25:15,247590587.19286054
2025-01-01 00:25:16,250593076.23113954
2025-01-01 00:25:17,253819245.15356967
2025-01-01 00:25:18,252045685.17214215
2025-01-01 00:25:19,247345050.97539523
2025-01-01 00:25:20,248497585.15614304
2025-01-01 00:25:21,250755567.39950252
2025-01-01 00:25:22,254225745.43621522
2025-01-01 00:25:23,258621552.40088895
2025-01-01 00:25:24,257473827.0128612
2025-01-01 00:25:25,252147358.7681744
2025-01-01 00:25:26,251053549.62614956
2025-01-01 00:25:27,250091435.3109888
2025-01-01 00:25:28,248602175.40596068
2025-01-01 00:25:29,243631997.99461085
2025-01-01 00:25:30,242809160.6163007
2025-01-01 00:25:31,247174687.82447144
2025-01-01 00:25:32,247380891.2515749
2025-01-01 00:25:33,248352927.292475
2025-01-01 00:25:34,251250871.89688838
2025-01-01 00:25:35,249056183.09675425
2025-01-01 00:25:36,247733207.76517084
2025-01-01 00:25:37,243902923.3470451
2025-01-01 00:25:38,243671852.3491063
2025-01-01 00:25:39,241459591.93826094
2025-01-01 00:25:40,240599016.2134483
2025-01-01 00:25:41,242217109.75744691
2025-01-01 00:25:42,242968285.59509754
2025-01-01 00:25:43,243473040.9997619
2025-01-01 00:25:44,242522225.73230347
2025-01-01 00:25:45,241358050.7484121
2025-01-01 00:25:46,239752371.4268109
2025-01-01 00:25:47,241641620.95306483
2025-01-01 00:25:48,239096884.9206622
2025-01-01 00:25:49,238709641.37706414
2025-01-01 00:25:50,236702910.67628545
2025-01-01 00:25:51,240890462.57413998
2025-01-01 00:25:52,245607945.47770455
2025-01-01 00:25:53,243790290.61907613
2025-01-01 00:25:54,241079294.32605192
2025-01-01 00:25:55,240396690.99935192
2025-01-01 00:25:56,245117641.4873189
2025-01-01 00:25:57,248166573.05760056
2025-01-01 00:25:58,245052484.1997917
2025-01-01 00:25:59,250709088.18159524
2025-01-01 00:26:00,247419286.484615
2025-01-01 00:26:01,249283909.8731133
2025-01-01 00:26:02,248990213.7837562
2025-01-01 00:26:03,252450285.54153806
2025-01-01 00:26:04,253943091.46959448
2025-01-01 00:26:05,255231502.06647143
2025-01-01 00:26:06,251193459.8855248
2025-01-01 00:26:07,250521002.78240412
2025-01-01 00:26:08,255663462.49651134
2025-01-01 00:26:09,257798195.38541186
2025-01-01 00:26:10,254807037.94186252
2025-01-01 00:26:11,253088186.27560163
2025-01-01 00:26:12,248378110.8898031
2025-01-01 00:26:13,247582038.08558595
2025-01-01 00:26:14,251234150.26256976
2025-01-01 00:26:15,247440290.01545528
2025-01-01 00:26:16,250810637.34319377
2025-01-01 00:26:17,249533947.32783043
2025-01-01 00:26:18,249912461.7539808
2025-01-01 00:26:19,247118083.74251837
2025-01-01 00:26:20,249362231.4186623
2025-01-01 00:26:21,249675548.77481553
2025-01-01 00:26:22,248514423.36789775
2025-01-01 00:26:23,247433782.3959704
2025-01-01 00:26:24,249225904.77500013
2025-01-01 00:26:25,247408792.86908513
2025-01-01 00:26:26,244168242.42891926
2025-01-01 00:26:27,245781198.523905
2025-01-01 00:26:28,242506419.45232314
2025-01-01 00:26:29,242659687.58167833
2025-01-01 00:26:30,244835550.14277136
2025-01-01 00:26:31,246465356.5039848
2025-01-01 00:26:32,246628643.72301328
2025-01-01 00:26:33,246881233.6267124
2025-01-01 00:26:34,246139415.55768794
2025-01-01 00:26:35,246057156.24361756
2025-01-01 00:26:36,248164653.45144662
2025-01-01 00:26:37,245037119.11229378
2025-01-01 00:26:38,243659793.27649212
2025-01-01 00:26:39,243851070.69706988
2025-01-01 00:26:40,247422631.64092493
2025-01-01 00:26:41,251407828.07404298
2025-01-01 00:26:42,243566783.40200916
2025-01-01 00:26:43,240375238.21020636
2025-01-01 00:26:44,243012060.715492
2025-01-01 00:26:45,246188032.0907635
2025-01-01 00:26:46,248059527.6352965
2025-01-01 00:26:47,248191197.20863727
2025-01-01 00:26:48,247566020.1464593
2025-01-01 00:26:49,254296490.6759587
2025-01-01 00:26:50,250667036.55627704
2025-01-01 00:26:51,249040879.8419719
2025-01-01 00:26:52,253254171.50701606
2025-01-01 00:26:53,251707060.56057975
2025-01-01 00:26:54,253237618.59135082
2025-01-01 00:26:55,254184069.06709448
2025-01-01 00:26:56,253234108.5479818
2025-01-01 00:26:57,253858123.71290648
2025-01-01 00:26:58,256616826.2394151
2025-01-01 00:26:59,251544127.96674752
2025-01-01 00:27:00,255299671.97172844
2025-01-01 00:27:01,254123449.00556672
2025-01-01 00:27:02,250910964.67331794
2025-01-01 00:27:03,251325537.12220556
2025-01-01 00:27:04,251345263.70823142
2025-01-01 00:27:05,251234979.75458598
2025-01-01 00:27:06,251955378.34595484
2025-01-01 00:27:07,254177586.26678598
2025-01-01 00:27:08,252189466.48140717
2025-01-01 00:27:09,253747876.74037135
2025-01-01 00:27:10,253434051.3280481
2025-01-01 00:27:11,255779446.55498254
2025-01-01 00:27:12,260104901.33760026
2025-01-01 00:27:13,261267745.11100256
2025-01-01 00:27:14,257583567.2764822
2025-01-01 00:27:15,258089325.5807787
2025-01-01 00:27:16,258874192.60414255
2025-01-01 00:27:17,261474963.41363966
2025-01-01 00:27:18,259558076.11036858
2025-01-01 00:27:19,253797496.22534996
2025-01-01 00:27:20,255539815.44765794
2025-01-01 00:27:21,252118050.343556
2025-01-01 00:27:22,256048308.3981053
2025-01-01 00:27:23,261166189.34851477
2025-01-01 00:27:24,253907808.434225
2025-01-01 00:27:25,252282181.2969744
2025-01-01 00:27:26,255565767.14527136
2025-01-01 00:27:27,252822543.82274005
2025-01-01 00:27:28,253865761.60997605
2025-01-01 00:27:29,249434275.58513758
2025-01-01 00:27:30,249145056.34935266
2025-01-01 00:27:31,245984882.290443
2025-01-01 00:27:32,251329517.75800598
2025-01-01 00:27:33,248055571.64524657
2025-01-01 00:27:34,248829975.04271042
2025-01-01 00:27:35,248245911.71950784
2025-01-01 00:27:36,248431533.59612733
2025-01-01 00:27:37,251907112.97387293
2025-01-01 00:27:38,257706705.90990993
2025-01-01 00:27:39,258304809.5220097
2025-01-01 00:27:40,263031280.78463465
2025-01-01 00:27:41,259292838.8544426
2025-01-01 00:27:42,255917324.92960137
2025-01-01 00:27:43,258592531.3688838
2025-01-01 00:27:44,257467769.7416712
2025-01-01 00:27:45,254805656.88829097
2025-01-01 00:27:46,255816935.1660322
2025-01-01 00:27:47,247464731.13081628
2025-01-01 00:27:48,248429480.11240605
2025-01-01 00:27:49,248013718.95733383
2025-01-01 00:27:50,245158769.59663182
2025-01-01 00:27:51,246103558.93468794
2025-01-01 00:27:52,251452016.02528733
2025-01-01 00:27:53,248390342.54243597
2025-01-01 00:27:54,247158683.48975322
2025-01-01 00:27:55,250822235.6191086
2025-01-01 00:27:56,251270442.78501308
2025-01-01 00:27:57,252845860.53102726
2025-01-01 00:27:58,250687308.09798557
2025-01-01 00:27:59,248713025.23992518
2025-01-01 00:28:00,245608951.5437193
2025-01-01 00:28:01,248212750.92947143
2025-01-01 00:28:02,254890118.86901766
2025-01-01 00:28:03,254060166.9675393
2025-01-01 00:28:04,255145171.04826972
2025-01-01 00:28:05,253383374.98541453
2025-01-01 00:28:06,253158571.11981905
2025-01-01 00:28:07,252375321.4845044
2025-01-01 00:28:08,254405472.84584045
2025-01-01 00:28:09,252870879.87214774
2025-01-01 00:28:10,252366526.1542683
2025-01-01 00:28:11,253159531.77298933
2025-01-01 00:28:12,254113811.68522802
2025-01-01 00:28:13,257758733.8004746
2025-01-01 00:28:14,257698402.67816973
2025-01-01 00:28:15,254826534.2731015
2025-01-01 00:28:16,256936582.9292601
2025-01-01 00:28:17,257887941.1723292
2025-01-01 00:28:18,257425411.9779771
2025-01-01 00:28:19,259681646.8028137
2025-01-01 00:28:20,260153961.54016253
2025-01-01 00:28:21,257115323.9422315
2025-01-01 00:28:22,254850852.83910394
2025-01-01 00:28:23,252198241.53971285
2025-01-01 00:28:24,253659986.04664445
2025-01-01 00:28:25,256212798.9557839
2025-01-01 00:28:26,253272649.7186627
2025-01-01 00:28:27,251661070.83819452
2025-01-01 00:28:28,254850142.994806
2025-01-01 00:28:29,253879818.5253104
2025-01-01 00:28:30,249450994.8774994
2025-01-01 00:28:31,244417641.63652396
2025-01-01 00:28:32,246798894.73810863
2025-01-01 00:28:33,247655513.4396267
2025-01-01 00:28:34,253482216.22345364
2025-01-01 00:28:35,254385517.5496633
2025-01-01 00:28:36,249763879.8235871
2025-01-01 00:28:37,246804731.32687122
2025-01-01 00:28:38,250578063.53883415
2025-01-01 00:28:39,250011551.80101615
2025-01-01 00:28:40,252523997.2479176
2025-01-01 00:28:41,254707522.15161654
2025-01-01 00:28:42,253033733.07039645
2025-01-01 00:28:43,253527680.18804225
2025-01-01 00:28:44,252455160.4144476
2025-01-01 00:28:45,249971801.50166106
2025-01-01 00:28:46,252059029.80134398
2025-01-01 00:28:47,249452227.20903984
2025-01-01 00:28:48,251164711.99892068
2025-01-01 00:28:49,250406728.40828073
2025-01-01 00:28:50,249704946.81892568
2025-01-01 00:28:51,251364427.99065754
2025-01-01 00:28:52,253802174.4158764
2025-01-01 00:28:53,254206429.22355956
2025-01-01 00:28:54,253713814.56949028
2025-01-01 00:28:55,256590338.9537575
2025-01-01 00:28:56,254835907.88127458
2025-01-01 00:28:57,255920338.6958743
2025-01-01 00:28:58,256412836.71037626
2025-01-01 00:28:59,259702992.07197648
2025-01-01 00:29:00,256561766.13204208
2025-01-01 00:29:01,252459162.34654668
2025-01-01 00:29:02,251106555.0148687
2025-01-01 00:29:03,249650243.27471474
2025-01-01 00:29:04,248155946.3100757
2025-01-01 00:29:05,245649047.3481549
2025-01-01 00:29:06,246041087.77766532
2025-01-01 00:29:07,246773526.71495828
2025-01-01 00:29:08,246908798.8441611
2025-01-01 00:29:09,246930812.90083408
2025-01-01 00:29:10,250915463.56127855
2025-01-01 00:29:11,249822800.50372174
2025-01-01 00:29:12,248625425.6841571
2025-01-01 00:29:13,249463787.6444567
2025-01-01 00:29:14,246320587.39880723
2025-01-01 00:29:15,250608417.10043633
2025-01-01 00:29:16,248953859.13445488
2025-01-01 00:29:17,242108797.0669778
2025-01-01 00:29:18,240458126.66478422
2025-01-01 00:29:19,241255857.52055758
2025-01-01 00:29:20,245492366.19943666
2025-01-01 00:29:21,245714025.40117425
2025-01-01 00:29:22,241531884.05049923
2025-01-01 00:29:23,243057022.09392986
2025-01-01 00:29:24,245439388.79340386
2025-01-01 00:29:25,248186656.30758595
2025-01-01 00:29:26,251086318.69256577
2025-01-01 00:29:27,248960407.9753258
2025-01-01 00:29:28,253028338.11884558
2025-01-01 00:29:29,246395615.67946795
2025-01-01 00:29:30,246835061.09226027
2025-01-01 00:29:31,250329687.5504666
2025-01-01 00:29:32,247512730.94463977
2025-01-01 00:29:33,246694270.90985572
2025-01-01 00:29:34,246438642.97313985
2025-01-01 00:29:35,246000474.137707
2025-01-01 00:29:36,250307678.1390555
2025-01-01 00:29:37,242098503.0030506
2025-01-01 00:29:38,241335134.25460705
2025-01-01 00:29:39,246329220.76037267
2025-01-01 00:29:40,248298557.72761676
2025-01-01 00:29:41,246859758.51531476
2025-01-01 00:29:42,245820505.64207065
2025-01-01 00:29:43,244276224.65856075
2025-01-01 00:29:44,243114100.0640555
2025-01-01 00:29:45,244723657.90488765
2025-01-01 00:29:46,244901209.2948924
2025-01-01 00:29:47,243604415.23070493
2025-01-01 00:29:48,242751549.3574956
2025-01-01 00:29:49,246438920.4971326
2025-01-01 00:29:50,248561265.57171866
2025-01-01 00:29:51,248075976.23595756
2025-01-01 00:29:52,245148829.44492775
2025-01-01 00:29:53,245937713.65165138
2025-01-01 00:29:54,249404282.47751835
2025-01-01 00:29:55,246734860.12481543
2025-01-01 00:29:56,246334770.1267644
2025-01-01 00:29:57,246452603.3478137
2025-01-01 00:29:58,248388677.60410312
2025-01-01 00:29:59,252787596.30824244
2025-01-01 00:30:00,251343301.74385515
2025-01-01 00:30:01,254429385.234047
2025-01-01 00:30:02,249867782.8801233
2025-01-01 00:30:03,249881481.99576336
2025-01-01 00:30:04,252177652.72193947
2025-01-01 00:30:05,255507797.81694746
2025-01-01 00:30:06,250165923.07538667
2025-01-01 00:30:07,252089300.55812562
2025-01-01 00:30:08,253326861.93664405
2025-01-01 00:30:09,250767776.2318076
2025-01-01 00:30:10,249246739.26499644
2025-01-01 00:30:11,245221685.30402133
2025-01-01 00:30:12,245377994.42172128
2025-01-01 00:30:13,241090823.57703346
2025-01-01 00:30:14,245398827.46771583
2025-01-01 00:30:15,245576091.88644803
2025-01-01 00:30:16,243266002.31664133
2025-01-01 00:30:17,246080628.40899903
2025-01-01 00:30:18,248113308.92392924
2025-01-01 00:30:19,250062751.13234824
2025-01-01 00:30:20,253548247.214389
2025-01-01 00:30:21,256698452.00858843
2025-01-01 00:30:22,252290010.2899748
2025-01-01 00:30:23,250586742.133763
2025-01-01 00:30:24,247860263.98007426
2025-01-01 00:30:25,248818286.9532875
2025-01-01 00:30:26,254811494.811564
2025-01-01 00:30:27,256320434.8649183
2025-01-01 00:30:28,250427103.36112258
2025-01-01 00:30:29,254018852.57241973
2025-01-01 00:30:30,254053160.1206653
2025-01-01 00:30:31,255487213.45132208
2025-01-01 00:30:32,260063259.7477361
2025-01-01 00:30:33,258032625.65703654
2025-01-01 00:30:34,257221625.3513152
2025-01-01 00:30:35,261033787.09084472
2025-01-01 00:30:36,255390455.51737127
2025-01-01 00:30:37,258343806.84544703
2025-01-01 00:30:38,254066657.94473428
2025-01-01 00:30:39,252610908.18317053
2025-01-01 00:30:40,251987182.5436053
2025-01-01 00:30:41,257852069.67808062
2025-01-01 00:30:42,256444129.0091163
2025-01-01 00:30:43,263217440.61140952
2025-01-01 00:30:44,266125376.84103927
2025-01-01 00:30:45,256546465.21311134
2025-01-01 00:30:46,253211432.5258235
2025-01-01 00:30:47,254652208.15126666
2025-01-01 00:30:48,252319807.19278863
2025-01-01 00:30:49,256286094.63654447
2025-01-01 00:30:50,258058855.3807488
2025-01-01 00:30:51,251604667.86319375
2025-01-01 00:30:52,255301956.69383556
2025-01-01 00:30:53,253169438.38331735
2025-01-01 00:30:54,250412832.79901928
2025-01-01 00:30:55,253723519.37460053
2025-01-01 00:30:56,249262978.02199042
2025-01-01 00:30:57,250455288.3263009
2025-01-01 00:30:58,254379320.0857185
2025-01-01 00:30:59,255267307.22434285
2025-01-01 00:31:00,254706364.6216161
2025-01-01 00:31:01,255568140.6535723
2025-01-01 00:31:02,255114973.4849414
2025-01-01 00:31:03,252013252.80570337
2025-01-01 00:31:04,249758860.966876
2025-01-01 00:31:05,245234267.45977077
2025-01-01 00:31:06,250651931.80561754
2025-01-01 00:31:07,251590317.54697344
2025-01-01 00:31:08,253372488.4396106
2025-01-01 00:31:09,252783821.12875715
2025-01-01 00:31:10,251213049.77836826
2025-01-01 00:31:11,256287704.26071516
2025-01-01 00:31:12,256226672.68151873
2025-01-01 00:31:13,255982307.4011324
2025-01-01 00:31:14,256672991.3031654
2025-01-01 00:31:15,250978477.035575
2025-01-01 00:31:16,248237073.16552463
2025-01-01 00:31:17,244279001.9398899
2025-01-01 00:31:18,246119430.54816902
2025-01-01 00:31:19,245099645.87085462
2025-01-01 00:31:20,248330592.61254767
2025-01-01 00:31:21,239920064.6400054
2025-01-01 00:31:22,247008128.5859237
2025-01-01 00:31:23,244683590.01987392
2025-01-01 00:31:24,248144763.64790788
2025-01-01 00:31:25,254786950.9200159
2025-01-01 00:31:26,250321120.94029754
2025-01-01 00:31:27,250092526.39822307
2025-01-01 00:31:28,249680577.5721791
2025-01-01 00:31:29,250871190.53042805
2025-01-01 00:31:30,246099066.1263404
2025-01-01 00:31:31,248931834.8812799
2025-01-01 00:31:32,249333953.6552289
2025-01-01 00:31:33,249508552.95162272
2025-01-01 00:31:34,251864843.38817763
2025-01-01 00:31:35,252956643.37640256
2025-01-01 00:31:36,250392545.29237586
2025-01-01 00:31:37,245882188.12234026
2025-01-01 00:31:38,254012416.5930065
2025-01-01 00:31:39,253576279.4288812
2025-01-01 00:31:40,249598938.83550376
2025-01-01 00:31:41,248806348.64487866
2025-01-01 00:31:42,251730830.68462664
2025-01-01 00:31:43,249814651.65299278
2025-01-01 00:31:44,243225262.42118147
2025-01-01 00:31:45,243716374.15986606
2025-01-01 00:31:46,240893381.96490327
2025-01-01 00:31:47,246353739.56352443
2025-01-01 00:31:48,246576488.2107901
2025-01-01 00:31:49,250424961.5720396
2025-01-01 00:31:50,245311921.1911694
2025-01-01 00:31:51,245283609.10292485
2025-01-01 00:31:52,244286156.279637
2025-01-01 00:31:53,242675512.5697441
2025-01-01 00:31:54,253032777.162578
2025-01-01 00:31:55,256911776.14266917
2025-01-01 00:31:56,256830471.4637702
2025-01-01 00:31:57,255551262.50496233
2025-01-01 00:31:58,250386905.4279112
2025-01-01 00:31:59,248761408.6222161
2025-01-01 00:32:00,254618816.6028769
2025-01-01 00:32:01,255014548.3014562
2025-01-01 00:32:02,252591952.9381408
2025-01-01 00:32:03,258632879.83648753
2025-01-01 00:32:04,255100807.71605
2025-01-01 00:32:05,255638931.6958357
2025-01-01 00:32:06,255136867.93475655
2025-01-01 00:32:07,258570993.74797645
2025-01-01 00:32:08,256462182.89859235
2025-01-01 00:32:09,255490548.2261747
2025-01-01 00:32:10,251315382.54141515
2025-01-01 00:32:11,252846537.3261738
2025-01-01 00:32:12,249267545.63244823
2025-01-01 00:32:13,246212292.98888603
2025-01-01 00:32:14,245979609.16679496
2025-01-01 00:32:15,249768424.81357244
2025-01-01 00:32:16,247071941.96824685
2025-01-01 00:32:17,247082909.3514485
2025-01-01 00:32:18,246346152.5268258
2025-01-01 00:32:19,250639804.1479033
2025-01-01 00:32:20,245743761.54005313
2025-01-01 00:32:21,245511480.65253574
2025-01-01 00:32:22,243939108.68346757
2025-01-01 00:32:23,244117436.4333574
2025-01-01 00:32:24,244890003.41162637
2025-01-01 00:32:25,247362042.55204347
2025-01-01 00:32:26,245940401.1851393
2025-01-01 00:32:27,244251606.62701637
2025-01-01 00:32:28,244665209.8543791
2025-01-01 00:32:29,245889255.29656398
2025-01-01 00:32:30,248433127.86779052
2025-01-01 00:32:31,251446507.69054943
2025-01-01 00:32:32,249805590.13085485
2025-01-01 00:32:33,252558753.8111713
2025-01-01 00:32:34,250597557.87278345
2025-01-01 00:32:35,248737380.4786007
2025-01-01 00:32:36,252731070.07099497
2025-01-01 00:32:37,250952665.02564073
2025-01-01 00:32:38,251449602.85932893
2025-01-01 00:32:39,250315174.08086255
2025-01-01 00:32:40,252938077.9911503
2025-01-01 00:32:41,253141251.25062764
2025-01-01 00:32:42,254024159.61866882
2025-01-01 00:32:43,248803898.45154604
2025-01-01 00:32:44,247632464.4463034
2025-01-01 00:32:45,246800904.276658
2025-01-01 00:32:46,251186105.1308829
2025-01-01 00:32:47,245225848.99756294
2025-01-01 00:32:48,247657215.38124081
2025-01-01 00:32:49,245293703.3238968
2025-01-01 00:32:50,250666006.9529262
2025-01-01 00:32:51,248772352.6815671
2025-01-01 00:32:52,252288617.59725896
2025-01-01 00:32:53,254064132.31212583
2025-01-01 00:32:54,251658601.68877316
2025-01-01 00:32:55,249901106.26988918
2025-01-01 00:32:56,242480923.92347825
2025-01-01 00:32:57,242337098.8277593
2025-01-01 00:32:58,243532753.47969657
2025-01-01 00:32:59,245130205.323243
2025-01-01 00:33:00,245850139.84175885
2025-01-01 00:33:01,246115471.58363464
2025-01-01 00:33:02,246449107.17342144
2025-01-01 00:33:03,242320291.9070968
2025-01-01 00:33:04,241746568.92083204
2025-01-01 00:33:05,248062983.1493452
2025-01-01 00:33:06,244109987.57686594
2025-01-01 00:33:07,247791371.45746562
2025-01-01 00:33:08,243584403.2362843
2025-01-01 00:33:09,253090737.84951442
2025-01-01 00:33:10,246173548.5977838
2025-01-01 00:33:11,247347698.3433111
2025-01-01 00:33:12,243982738.23551607
2025-01-01 00:33:13,243634475.18816155
2025-01-01 00:33:14,246135264.35729727
2025-01-01 00:33:15,248270257.50621715
2025-01-01 00:33:16,244240820.69433326
2025-01-01 00:33:17,246414661.67159888
2025-01-01 00:33:18,248160646.94172928
2025-01-01 00:33:19,248781850.3413505
2025-01-01 00:33:20,253045287.67052126
2025-01-01 00:33:21,252832924.18063003
2025-01-01 00:33:22,253242939.81704205
2025-01-01 00:33:23,244310405.61250803
2025-01-01 00:33:24,244962935.14304763
2025-01-01 00:33:25,252807803.7205887
2025-01-01 00:33:26,253011917.88468713
2025-01-01 00:33:27,245623531.76811895
2025-01-01 00:33:28,246191157.34529942
2025-01-01 00:33:29,249721297.491727
2025-01-01 00:33:30,255465376.90040305
2025-01-01 00:33:31,257531304.51855212
2025-01-01 00:33:32,253236686.6053012
2025-01-01 00:33:33,259914880.77188113
2025-01-01 00:33:34,253633264.16573772
2025-01-01 00:33:35,252991959.7597732
2025-01-01 00:33:36,250787641.6142967
2025-01-01 00:33:37,248045792.53959173
2025-01-01 00:33:38,251597476.0820591
2025-01-01 00:33:39,253446622.8833876
2025-01-01 00:33:40,254966491.42301202
2025-01-01 00:33:41,251605536.76399332
2025-01-01 00:33:42,252157741.50898007
2025-01-01 00:33:43,249517496.78316447
2025-01-01 00:33:44,254260849.9751682
2025-01-01 00:33:45,256709257.61061972
2025-01-01 00:33:46,254571431.2041373
2025-01-01 00:33:47,254033837.17178077
2025-01-01 00:33:48,254680526.16616523
2025-01-01 00:33:49,251860120.20991483
2025-01-01 00:33:50,254152171.87654254
2025-01-01 00:33:51,248545179.7700762
2025-01-01 00:33:52,250345863.78134462
2025-01-01 00:33:53,253640532.51452106
2025-01-01 00:33:54,256686832.4028246
2025-01-01 00:33:55,255783064.58386034
2025-01-01 00:33:56,249732097.4191043
2025-01-01 00:33:57,249549616.21625352
2025-01-01 00:33:58,255689289.20230427
2025-01-01 00:33:59,252052502.17867386
2025-01-01 00:34:00,248517777.8239222
2025-01-01 00:34:01,247129568.60066333
2025-01-01 00:34:02,247990519.79985553
2025-01-01 00:34:03,249798255.20814666
2025-01-01 00:34:04,249715055.1528025
2025-01-01 00:34:05,249521201.28326124
2025-01-01 00:34:06,247604266.2649029
2025-01-01 00:34:07,249530124.47614673
2025-01-01 00:34:08,252347405.07668266
2025-01-01 00:34:09,249585926.04691786
2025-01-01 00:34:10,248434718.9742416
2025-01-01 00:34:11,244992846.8063972
2025-01-01 00:34:12,246727397.65522102
2025-01-01 00:34:13,246478530.30937496
2025-01-01 00:34:14,247641949.80678076
2025-01-01 00:34:15,246274447.1361252
2025-01-01 00:34:16,246748694.2405112
2025-01-01 00:34:17,248205859.24748093
2025-01-01 00:34:18,249010955.80776793
2025-01-01 00:34:19,243681059.07405788
2025-01-01 00:34:20,249841805.41522256
2025-01-01 00:34:21,249048283.7768891
2025-01-01 00:34:22,252119203.35478044
2025-01-01 00:34:23,246508558.93885636
2025-01-01 00:34:24,243657143.81043562
2025-01-01 00:34:25,245434897.26211146
2025-01-01 00:34:26,244029467.5812397
2025-01-01 00:34:27,244220087.97064382
2025-01-01 00:34:28,245794011.19132853
2025-01-01 00:34:29,245859353.1559859
2025-01-01 00:34:30,243855398.82310194
2025-01-01 00:34:31,246010234.47778788
2025-01-01 00:34:32,248422333.30497766
2025-01-01 00:34:33,248254698.56482276
2025-01-01 00:34:34,244082902.35873482
2025-01-01 00:34:35,245649326.88356158
2025-01-01 00:34:36,249672642.44872195
2025-01-01 00:34:37,249884101.01951423
2025-01-01 00:34:38,245766510.59234563
2025-01-01 00:34:39,248481607.66446882
2025-01-01 00:34:40,252290176.30525368
2025-01-01 00:34:41,248791310.47178772
2025-01-01 00:34:42,247476850.94430926
2025-01-01 00:34:43,246585912.98297232
2025-01-01 00:34:44,248804197.84209517
2025-01-01 00:34:45,245502630.29431835
2025-01-01 00:34:46,242360899.94078976
2025-01-01 00:34:47,246015567.3240947
2025-01-01 00:34:48,248039108.5051133
2025-01-01 00:34:49,244531264.9174216
2025-01-01 00:34:50,242607309.20204514
2025-01-01 00:34:51,248506540.22829804
2025-01-01 00:34:52,248414296.8288461
2025-01-01 00:34:53,243155388.66766748
2025-01-01 00:34:54,240887756.53676885
2025-01-01 00:34:55,249985268.49885592
2025-01-01 00:34:56,250837584.9582294
2025-01-01 00:34:57,245444928.1104753
2025-01-01 00:34:58,244856198.05661282
2025-01-01 00:34:59,248348339.21472773
2025-01-01 00:35:00,250133127.02429676
2025-01-01 00:35:01,248693778.19086003
2025-01-01 00:35:02,251303791.8586988
2025-01-01 00:35:03,253081799.65975204
2025-01-01 00:35:04,253252627.82228765
2025-01-01 00:35:05,254154923.7564468
2025-01-01 00:35:06,250391335.17809933
2025-01-01 00:35:07,253156707.0561805
2025-01-01 00:35:08,254762946.42617267
2025-01-01 00:35:09,256607514.81425086
2025-01-01 00:35:10,259017976.3128408
2025-01-01 00:35:11,259885923.28753656
2025-01-01 00:35:12,255176480.52398637
2025-01-01 00:35:13,255766230.33247232
2025-01-01 00:35:14,257213161.09523013
2025-01-01 00:35:15,257979714.91954333
2025-01-01 00:35:16,255891709.2300353
2025-01-01 00:35:17,257064604.50313488
2025-01-01 00:35:18,255118973.8674557
2025-01-01 00:35:19,254215535.84910545
2025-01-01 00:35:20,252453326.87391466
2025-01-01 00:35:21,254855838.11571997
2025-01-01 00:35:22,260177168.72050777
2025-01-01 00:35:23,252608977.01416978
2025-01-01 00:35:24,251402513.74596208
2025-01-01 00:35:25,253566319.21515962
2025-01-01 00:35:26,251066045.3186624
2025-01-01 00:35:27,251295359.53478763
2025-01-01 00:35:28,244408827.57706958
2025-01-01 00:35:29,250178847.01807725
2025-01-01 00:35:30,248743741.60656545
2025-01-01 00:35:31,245285089.8784227
2025-01-01 00:35:32,244295461.33580562
2025-01-01 00:35:33,247829991.6457454
2025-01-01 00:35:34,241241268.18089917
2025-01-01 00:35:35,239391344.6253041
2025-01-01 00:35:36,243655999.65497267
2025-01-01 00:35:37,246142189.8624353
2025-01-01 00:35:38,244961325.8824861
2025-01-01 00:35:39,245654323.94117853
2025-01-01 00:35:40,250641623.2594115
2025-01-01 00:35:41,254337846.7749608
2025-01-01 00:35:42,248963527.78168055
2025-01-01 00:35:43,245513594.301608
2025-01-01 00:35:44,244079416.92449594
2025-01-01 00:35:45,245500085.75122684
2025-01-01 00:35:46,250536130.2882484
2025-01-01 00:35:47,246959327.07164094
2025-01-01 00:35:48,249204302.8909343
2025-01-01 00:35:49,246027261.43821657
2025-01-01 00:35:50,249559933.79825395
2025-01-01 00:35:51,243416708.23686582
2025-01-01 00:35:52,242294163.5088614
2025-01-01 00:35:53,246407182.47251925
2025-01-01 00:35:54,240249079.56796142
2025-01-01 00:35:55,245229270.43138543
2025-01-01 00:35:56,246895306.2962414
2025-01-01 00:35:57,241745585.4532832
2025-01-01 00:35:58,239811985.9536291
2025-01-01 00:35:59,238498179.87082088
2025-01-01 00:36:00,237970875.03574085
2025-01-01 00:36:01,239095658.352604
2025-01-01 00:36:02,240713005.2246116
2025-01-01 00:36:03,241528483.9265696
2025-01-01 00:36:04,238139764.04596087
2025-01-01 00:36:05,237776052.5511585
2025-01-01 00:36:06,239712985.90355673
2025-01-01 00:36:07,240982577.7415017
2025-01-01 00:36:08,240012992.80017567
2025-01-01 00:36:09,239027594.69561988
2025-01-01 00:36:10,237279055.4081139
2025-01-01 00:36:11,240129291.39865947
2025-01-01 00:36:12,240201822.6750888
2025-01-01 00:36:13,240649732.08855918
2025-01-01 00:36:14,238263126.73687562
2025-01-01 00:36:15,237854592.37390432
2025-01-01 00:36:16,240139922.63570118
2025-01-01 00:36:17,241065864.53349745
2025-01-01 00:36:18,237622923.7341654
2025-01-01 00:36:19,241471227.377951
2025-01-01 00:36:20,236006185.74105603
2025-01-01 00:36:21,235678365.92999265
2025-01-01 00:36:22,234932964.77088553
2025-01-01 00:36:23,233073920.7546585
2025-01-01 00:36:24,237382946.8458539
2025-01-01 00:36:25,240769199.61589965
2025-01-01 00:36:26,241476506.7091216
2025-01-01 00:36:27,241072501.80229813
2025-01-01 00:36:28,237707208.24379668
2025-01-01 00:36:29,239391207.52171904
2025-01-01 00:36:30,241308509.9862651
2025-01-01 00:36:31,238701007.64731568
2025-01-01 00:36:32,242592754.9002704
2025-01-01 00:36:33,245079813.5631512
2025-01-01 00:36:34,240768728.79539406
2025-01-01 00:36:35,240642731.19683003
2025-01-01 00:36:36,238950990.18088922
2025-01-01 00:36:37,239088660.12174076
2025-01-01 00:36:38,242883441.10761636
2025-01-01 00:36:39,239597635.6069309
2025-01-01 00:36:40,243763011.34563664
2025-01-01 00:36:41,246998691.99451995
2025-01-01 00:36:42,240526052.5978024
2025-01-01 00:36:43,237942345.18275017
2025-01-01 00:36:44,239803747.46844792
2025-01-01 00:36:45,234687260.1341238
2025-01-01 00:36:46,241872573.2637704
2025-01-01 00:36:47,243536662.86531642
2025-01-01 00:36:48,243463878.55530247
2025-01-01 00:36:49,238368347.76175556
2025-01-01 00:36:50,236910578.32835442
2025-01-01 00:36:51,235046401.8906323
2025-01-01 00:36:52,236017612.52935103
2025-01-01 00:36:53,233510840.54199827
2025-01-01 00:36:54,239292062.146837
2025-01-01 00:36:55,243377192.42714274
2025-01-01 00:36:56,243102396.86208388
2025-01-01 00:36:57,245168337.1329509
2025-01-01 00:36:58,241217111.7308867
2025-01-01 00:36:59,243158537.90107167
2025-01-01 00:37:00,241740160.8208702
2025-01-01 00:37:01,237946928.74074554
2025-01-01 00:37:02,242378976.9851401
2025-01-01 00:37:03,238801531.23821446
2025-01-01 00:37:04,242096189.0689955
2025-01-01 00:37:05,245499678.98988962
2025-01-01 00:37:06,241430002.89702833
2025-01-01 00:37:07,241493232.74364042
2025-01-01 00:37:08,238407577.10694197
2025-01-01 00:37:09,245819397.50061703
2025-01-01 00:37:10,245672847.02290317
2025-01-01 00:37:11,242583673.13590133
2025-01-01 00:37:12,242931758.95748708
2025-01-01 00:37:13,243637283.40465695
2025-01-01 00:37:14,242625540.11013934
2025-01-01 00:37:15,240710826.64922687
2025-01-01 00:37:16,242873050.32148015
2025-01-01 00:37:17,243075276.72043717
2025-01-01 00:37:18,242410331.50643262
2025-01-01 00:37:19,242716360.32881087
2025-01-01 00:37:20,247542862.2468935
2025-01-01 00:37:21,246678368.0638455
2025-01-01 00:37:22,240701570.7921978
2025-01-01 00:37:23,242900052.71917972
2025-01-01 00:37:24,238834070.2377509
2025-01-01 00:37:25,238142345.19269484
2025-01-01 00:37:26,239883357.43244398
2025-01-01 00:37:27,241425272.93355942
2025-01-01 00:37:28,244658892.02242035
2025-01-01 00:37:29,244919330.82200238
2025-01-01 00:37:30,242507687.14605147
2025-01-01 00:37:31,239945035.6821617
2025-01-01 00:37:32,239133594.37384862
2025-01-01 00:37:33,240071706.72621304
2025-01-01 00:37:34,242491326.1058432
2025-01-01 00:37:35,239917085.93256226
2025-01-01 00:37:36,242820742.8148339
2025-01-01 00:37:37,243311549.80608243
2025-01-01 00:37:38,245364565.7710099
2025-01-01 00:37:39,246478743.78372443
2025-01-01 00:37:40,248167886.91110742
2025-01-01 00:37:41,247436564.76026854
2025-01-01 00:37:42,244185286.39886472
2025-01-01 00:37:43,247737699.8101886
2025-01-01 00:37:44,243182414.9623917
2025-01-01 00:37:45,245709196.51751456
2025-01-01 00:37:46,246169581.96996164
2025-01-01 00:37:47,245062522.86618474
2025-01-01 00:37:48,242620839.8702338
2025-01-01 00:37:49,246902871.73396972
2025-01-01 00:37:50,241082325.89190674
2025-01-01 00:37:51,239455445.5983807
2025-01-01 00:37:52,240501469.6812086
2025-01-01 00:37:53,240978618.17400372
2025-01-01 00:37:54,243314672.34535512
2025-01-01 00:37:55,245042145.144836
2025-01-01 00:37:56,243279470.04520503
2025-01-01 00:37:57,243967050.3864595
2025-01-01 00:37:58,243465581.84415835
2025-01-01 00:37:59,244878550.15859258
2025-01-01 00:38:00,242111730.10953417
2025-01-01 00:38:01,244482855.18757802
2025-01-01 00:38:02,246932844.63396776
2025-01-01 00:38:03,242272438.6408472
2025-01-01 00:38:04,246855935.7201498
2025-01-01 00:38:05,243699450.92174202
2025-01-01 00:38:06,242446681.90238234
2025-01-01 00:38:07,246202208.86747482
2025-01-01 00:38:08,247549329.65834814
2025-01-01 00:38:09,244614036.56443462
2025-01-01 00:38:10,242702689.2053618
2025-01-01 00:38:11,250597541.63341177
2025-01-01 00:38:12,248622535.73357838
2025-01-01 00:38:13,242768859.71990168
2025-01-01 00:38:14,249101921.32344627
2025-01-01 00:38:15,245920273.26765537
2025-01-01 00:38:16,246953937.40268537
2025-01-01 00:38:17,250334817.40644538
2025-01-01 00:38:18,250708824.0317971
2025-01-01 00:38:19,249316400.06964064
2025-01-01 00:38:20,248762776.14661875
2025-01-01 00:38:21,251621420.24471632
2025-01-01 00:38:22,248907034.93682122
2025-01-01 00:38:23,246226721.99469343
2025-01-01 00:38:24,245011656.530412
2025-01-01 00:38:25,242885730.2244005
2025-01-01 00:38:26,240314702.43653938
2025-01-01 00:38:27,238503859.1298644
2025-01-01 00:38:28,243309755.5225736
2025-01-01 00:38:29,243606873.20423084
2025-01-01 00:38:30,243627978.88289243
2025-01-01 00:38:31,245475650.55091172
2025-01-01 00:38:32,238955006.81530258
2025-01-01 00:38:33,241861268.2466478
2025-01-01 00:38:34,246584885.1999599
2025-01-01 00:38:35,249166487.04017007
2025-01-01 00:38:36,250313954.85451868
2025-01-01 00:38:37,249436253.2062846
2025-01-01 00:38:38,246299725.1361926
2025-01-01 00:38:39,245134720.93625614
2025-01-01 00:38:40,245335587.8825896
2025-01-01 00:38:41,240767730.53285024
2025-01-01 00:38:42,238062496.5848888
2025-01-01 00:38:43,235208871.77021587
2025-01-01 00:38:44,234698750.95811677
2025-01-01 00:38:45,236918854.90806454
2025-01-01 00:38:46,240928904.6130134
2025-01-01 00:38:47,237267002.61016002
2025-01-01 00:38:48,234443947.10726827
2025-01-01 00:38:49,241287574.10609478
2025-01-01 00:38:50,244198953.2931907
2025-01-01 00:38:51,241394013.0108972
2025-01-01 00:38:52,236900961.31906056
2025-01-01 00:38:53,239046991.3780007
2025-01-01 00:38:54,241452553.95947742
2025-01-01 00:38:55,247782304.6950707
2025-01-01 00:38:56,243872560.67575708
2025-01-01 00:38:57,241524012.9610852
2025-01-01 00:38:58,243568137.19364527
2025-01-01 00:38:59,244674824.46397752
2025-01-01 00:39:00,242673665.92760482
2025-01-01 00:39:01,243736362.22245976
2025-01-01 00:39:02,242273411.4869636
2025-01-01 00:39:03,245272873.5343758
2025-01-01 00:39:04,244388301.3831014
2025-01-01 00:39:05,242830774.13912907
2025-01-01 00:39:06,240614529.54594597
2025-01-01 00:39:07,242077120.6901195
2025-01-01 00:39:08,241219360.22339424
2025-01-01 00:39:09,242437047.53685823
2025-01-01 00:39:10,240974834.57670933
2025-01-01 00:39:11,244968062.91113263
2025-01-01 00:39:12,246960825.78886718
2025-01-01 00:39:13,243921903.1102457
2025-01-01 00:39:14,243527935.54134995
2025-01-01 00:39:15,244257292.2317927
2025-01-01 00:39:16,243932070.19489092
2025-01-01 00:39:17,245457393.6392776
2025-01-01 00:39:18,239353009.77970156
2025-01-01 00:39:19,240893442.49730676
2025-01-01 00:39:20,244239463.7989778
2025-01-01 00:39:21,245102896.28794044
2025-01-01 00:39:22,242015759.25156114
2025-01-01 00:39:23,241450586.5141159
2025-01-01 00:39:24,247645972.79453075
2025-01-01 00:39:25,246001882.564291
2025-01-01 00:39:26,243786553.91114536
2025-01-01 00:39:27,244805027.2363239
2025-01-01 00:39:28,242783383.18726447
2025-01-01 00:39:29,241325211.49849162
2025-01-01 00:39:30,245339791.8136934
2025-01-01 00:39:31,250696125.13039827
2025-01-01 00:39:32,245073568.10802957
2025-01-01 00:39:33,238176420.02912316
2025-01-01 00:39:34,238556033.0398316
2025-01-01 00:39:35,241307487.91483575
2025-01-01 00:39:36,242979657.93401408
2025-01-01 00:39:37,246691807.66843784
2025-01-01 00:39:38,245378768.48199812
2025-01-01 00:39:39,245085243.29632974
2025-01-01 00:39:40,243017421.07007203
2025-01-01 00:39:41,241422642.77432513
2025-01-01 00:39:42,245307287.63246453
2025-01-01 00:39:43,240290537.9742442
2025-01-01 00:39:44,238958520.13287276
2025-01-01 00:39:45,237344798.3100841
2025-01-01 00:39:46,235696574.806876
2025-01-01 00:39:47,239863916.89851552
2025-01-01 00:39:48,243065983.7540411
2025-01-01 00:39:49,246878104.21733594
2025-01-01 00:39:50,243407577.00630683
2025-01-01 00:39:51,243563133.20393655
2025-01-01 00:39:52,238147930.4582863
2025-01-01 00:39:53,241683054.1881627
2025-01-01 00:39:54,243181634.19455186
2025-01-01 00:39:55,238452134.67663735
2025-01-01 00:39:56,243757265.27159622
2025-01-01 00:39:57,247102482.13355044
2025-01-01 00:39:58,243833099.455554
2025-01-01 00:39:59,244941413.74065158
2025-01-01 00:40:00,248312312.34904498
2025-01-01 00:40:01,250698090.84119016
2025-01-01 00:40:02,245991174.40030023
2025-01-01 00:40:03,250205304.6325009
2025-01-01 00:40:04,248026077.0472314
2025-01-01 00:40:05,245582912.22333264
2025-01-01 00:40:06,248615902.8926995
2025-01-01 00:40:07,246561698.90474802
2025-01-01 00:40:08,250140961.72624022
2025-01-01 00:40:09,251469136.2170015
2025-01-01 00:40:10,248719315.0071057
2025-01-01 00:40:11,248239266.2565512
2025-01-01 00:40:12,247168536.73251852
2025-01-01 00:40:13,244986733.1018072
2025-01-01 00:40:14,249040404.67473122
2025-01-01 00:40:15,246202765.44461602
2025-01-01 00:40:16,251658115.2980757
2025-01-01 00:40:17,248193091.82104552
2025-01-01 00:40:18,246380000.0653714
2025-01-01 00:40:19,249441125.89686984
2025-01-01 00:40:20,247421537.7524215
2025-01-01 00:40:21,244176279.47887877
2025-01-01 00:40:22,241210797.92204046
2025-01-01 00:40:23,241659015.70694768
2025-01-01 00:40:24,242690690.40785053
2025-01-01 00:40:25,244941021.8878761
2025-01-01 00:40:26,247398778.96702182
2025-01-01 00:40:27,250269950.25579527
2025-01-01 00:40:28,250391643.11295918
2025-01-01 00:40:29,248440164.40575796
2025-01-01 00:40:30,247447811.52888072
2025-01-01 00:40:31,249345246.30537772
2025-01-01 00:40:32,250709823.17010385
2025-01-01 00:40:33,248948331.82826415
2025-01-01 00:40:34,251078171.6939873
2025-01-01 00:40:35,253602101.43923542
2025-01-01 00:40:36,257645112.29249045
2025-01-01 00:40:37,257228060.45792776
2025-01-01 00:40:38,253392757.0341284
2025-01-01 00:40:39,255123484.96003142
2025-01-01 00:40:40,251740028.19398993
2025-01-01 00:40:41,250796880.10211748
2025-01-01 00:40:42,249665272.82641163
2025-01-01 00:40:43,248735247.11867094
2025-01-01 00:40:44,248957924.89968017
2025-01-01 00:40:45,246889670.21755844
2025-01-01 00:40:46,246674573.51771647
2025-01-01 00:40:47,244525027.6216957
2025-01-01 00:40:48,252067035.88569236
2025-01-01 00:40:49,244606753.72001243
2025-01-01 00:40:50,246059752.67896473
2025-01-01 00:40:51,246968965.41734257
2025-01-01 00:40:52,245717853.8643584
2025-01-01 00:40:53,246297444.29688707
2025-01-01 00:40:54,248867911.9914841
2025-01-01 00:40:55,249270696.0962837
2025-01-01 00:40:56,251077493.84061164
2025-01-01 00:40:57,253721925.14893958
2025-01-01 00:40:58,254274403.79082918
2025-01-01 00:40:59,251674972.80372617
2025-01-01 00:41:00,247843566.57717398
2025-01-01 00:41:01,248958339.02134153
2025-01-01 00:41:02,250912203.1613215
2025-01-01 00:41:03,246984001.63067526
2025-01-01 00:41:04,249505490.91162792
2025-01-01 00:41:05,248807112.59741655
2025-01-01 00:41:06,248116548.8243014
2025-01-01 00:41:07,246564479.95509505
2025-01-01 00:41:08,252082646.10743162
2025-01-01 00:41:09,251867959.2204621
2025-01-01 00:41:10,249578622.35251743
2025-01-01 00:41:11,245779678.76802996
2025-01-01 00:41:12,247219318.5612864
2025-01-01 00:41:13,247116555.75075883
2025-01-01 00:41:14,249644434.79864302
2025-01-01 00:41:15,256101904.80583286
2025-01-01 00:41:16,255250552.55991173
2025-01-01 00:41:17,256060666.5626924
2025-01-01 00:41:18,252799209.77865458
2025-01-01 00:41:19,249497078.9739973
2025-01-01 00:41:20,251646349.55664498
2025-01-01 00:41:21,248727682.53011736
2025-01-01 00:41:22,247333052.21220508
2025-01-01 00:41:23,246822551.275382
2025-01-01 00:41:24,247570358.59967753
2025-01-01 00:41:25,252430910.54050046
2025-01-01 00:41:26,247795801.466144
2025-01-01 00:41:27,251137786.8480031
2025-01-01 00:41:28,250652575.39675075
2025-01-01 00:41:29,252937816.36554968
2025-01-01 00:41:30,250965783.54674283
2025-01-01 00:41:31,247603438.90479043
2025-01-01 00:41:32,247726742.00645998
2025-01-01 00:41:33,252578887.1842624
2025-01-01 00:41:34,252019458.25678694
2025-01-01 00:41:35,253904519.0853635
2025-01-01 00:41:36,253319908.88339397
2025-01-01 00:41:37,251645654.1231023
2025-01-01 00:41:38,250699186.93000317
2025-01-01 00:41:39,249802274.08801237
2025-01-01 00:41:40,248595441.23601472
2025-01-01 00:41:41,257206806.51579913
2025-01-01 00:41:42,250483272.17217547
2025-01-01 00:41:43,250378822.47853532
2025-01-01 00:41:44,249518796.07623094
2025-01-01 00:41:45,248626201.91292536
2025-01-01 00:41:46,246799611.73718858
2025-01-01 00:41:47,248321902.80609167
2025-01-01 00:41:48,252637252.02489105
2025-01-01 00:41:49,251739024.82313043
2025-01-01 00:41:50,253940785.6688017
2025-01-01 00:41:51,252282140.65238854
2025-01-01 00:41:52,248364321.94507143
2025-01-01 00:41:53,245652460.09569636
2025-01-01 00:41:54,248580842.84499228
2025-01-01 00:41:55,247943710.0406776
2025-01-01 00:41:56,245621351.5648069
2025-01-01 00:41:57,241546244.75656056
2025-01-01 00:41:58,250369489.6621564
2025-01-01 00:41:59,252148126.00498226
2025-01-01 00:42:00,254791781.20479855
2025-01-01 00:42:01,250894969.3196787
2025-01-01 00:42:02,242617104.85828915
2025-01-01 00:42:03,247072852.3204948
2025-01-01 00:42:04,250985792.07076272
2025-01-01 00:42:05,252394518.83038008
2025-01-01 00:42:06,247777702.5376704
2025-01-01 00:42:07,243589105.10542363
2025-01-01 00:42:08,244245006.49817628
2025-01-01 00:42:09,247417457.58100024
2025-01-01 00:42:10,246997797.42069677
2025-01-01 00:42:11,249824373.26920262
2025-01-01 00:42:12,253159528.67868328
2025-01-01 00:42:13,252861176.39905888
2025-01-01 00:42:14,251241540.84155408
2025-01-01 00:42:15,250472154.21808687
2025-01-01 00:42:16,251471579.66559735
2025-01-01 00:42:17,252745578.62833035
2025-01-01 00:42:18,254472611.34219116
2025-01-01 00:42:19,253552483.9637551
2025-01-01 00:42:20,249142961.34062535
2025-01-01 00:42:21,249440647.30333912
2025-01-01 00:42:22,251996518.59349433
2025-01-01 00:42:23,250683558.74931377
2025-01-01 00:42:24,252043338.87211305
2025-01-01 00:42:25,254953037.89112177
2025-01-01 00:42:26,250704039.15026963
2025-01-01 00:42:27,250959601.7324043
2025-01-01 00:42:28,249603815.06792054
2025-01-01 00:42:29,248755952.78382933
2025-01-01 00:42:30,250382916.64586315
2025-01-01 00:42:31,253786663.7288853
2025-01-01 00:42:32,250459835.139814
2025-01-01 00:42:33,251763750.4131176
2025-01-01 00:42:34,253829282.69348168
2025-01-01 00:42:35,244412751.16973156
2025-01-01 00:42:36,245478625.23856884
2025-01-01 00:42:37,244368043.11915785
2025-01-01 00:42:38,244781715.50080425
2025-01-01 00:42:39,244664078.0089274
2025-01-01 00:42:40,240924661.68631744
2025-01-01 00:42:41,241165887.41168424
2025-01-01 00:42:42,245183413.12593383
2025-01-01 00:42:43,247850654.07084903
2025-01-01 00:42:44,245153978.86417577
2025-01-01 00:42:45,247958606.90591735
2025-01-01 00:42:46,245565094.0857199
2025-01-01 00:42:47,246024527.87764832
2025-01-01 00:42:48,244510363.44935575
2025-01-01 00:42:49,241133564.37545964
2025-01-01 00:42:50,243430267.04662406
2025-01-01 00:42:51,245600317.39741454
2025-01-01 00:42:52,248870016.29455382
2025-01-01 00:42:53,242932224.8494441
2025-01-01 00:42:54,245231299.15815797
2025-01-01 00:42:55,244296183.12473986
2025-01-01 00:42:56,241090609.93298954
2025-01-01 00:42:57,246909421.67244065
2025-01-01 00:42:58,243336162.97321215
2025-01-01 00:42:59,245651417.74056384
2025-01-01 00:43:00,247922564.29155123
2025-01-01 00:43:01,246811662.60306692
2025-01-01 00:43:02,248845946.6796894
2025-01-01 00:43:03,249423713.57756838
2025-01-01 00:43:04,248236025.25495243
2025-01-01 00:43:05,250188324.969527
2025-01-01 00:43:06,245171080.931902
2025-01-01 00:43:07,247714269.88445228
2025-01-01 00:43:08,247510530.63326436
2025-01-01 00:43:09,254393715.53184447
2025-01-01 00:43:10,249764440.97642434
2025-01-01 00:43:11,255370992.69616783
2025-01-01 00:43:12,248058638.82808852
2025-01-01 00:43:13,249250148.87339374
2025-01-01 00:43:14,253543083.20360497
2025-01-01 00:43:15,249855463.96785048
2025-01-01 00:43:16,244753351.66232753
2025-01-01 00:43:17,247711865.1034525
2025-01-01 00:43:18,244512078.85690063
2025-01-01 00:43:19,244736293.96512252
2025-01-01 00:43:20,247307508.28076407
2025-01-01 00:43:21,247640363.03029162
2025-01-01 00:43:22,251046062.37982625
2025-01-01 00:43:23,251879913.81406254
2025-01-01 00:43:24,251259147.1659657
2025-01-01 00:43:25,253707536.2955725
2025-01-01 00:43:26,249915588.95466095
2025-01-01 00:43:27,251501418.65126988
2025-01-01 00:43:28,254592708.5915755
2025-01-01 00:43:29,252669724.80018786
2025-01-01 00:43:30,252341637.15635577
2025-01-01 00:43:31,244886884.43147385
2025-01-01 00:43:32,246217898.2184296
2025-01-01 00:43:33,250912312.63366127
2025-01-01 00:43:34,247754281.9421401
2025-01-01 00:43:35,243720707.3075856
2025-01-01 00:43:36,246884989.97263515
2025-01-01 00:43:37,246425999.39956382
2025-01-01 00:43:38,244714679.16178608
2025-01-01 00:43:39,242318309.5811587
2025-01-01 00:43:40,248352376.6728099
2025-01-01 00:43:41,246693457.7987231
2025-01-01 00:43:42,242749968.21383956
2025-01-01 00:43:43,244523849.73289463
2025-01-01 00:43:44,250802564.1892109
2025-01-01 00:43:45,249091154.8899221
2025-01-01 00:43:46,242930828.48838
2025-01-01 00:43:47,239702635.24325493
2025-01-01 00:43:48,239539085.23512155
2025-01-01 00:43:49,241587475.03183258
2025-01-01 00:43:50,243141495.65827528
2025-01-01 00:43:51,242836281.09948722
2025-01-01 00:43:52,244345950.57973093
2025-01-01 00:43:53,247756519.8444354
2025-01-01 00:43:54,244485305.48410916
2025-01-01 00:43:55,250108411.37117085
2025-01-01 00:43:56,245692012.67594782
2025-01-01 00:43:57,248050903.24243337
2025-01-01 00:43:58,252356959.76646686
2025-01-01 00:43:59,252258279.87151796
2025-01-01 00:44:00,246187285.96232176
2025-01-01 00:44:01,244475725.66672626
2025-01-01 00:44:02,244687983.67283672
2025-01-01 00:44:03,247833322.0087443
2025-01-01 00:44:04,246806528.63645673
2025-01-01 00:44:05,250239827.3701988
2025-01-01 00:44:06,249942146.76991805
2025-01-01 00:44:07,246549006.95475316
2025-01-01 00:44:08,246391322.14509845
2025-01-01 00:44:09,246665572.2674227
2025-01-01 00:44:10,245972141.0840357
2025-01-01 00:44:11,252884891.60302016
2025-01-01 00:44:12,250685234.26530284
2025-01-01 00:44:13,249255544.749999
2025-01-01 00:44:14,251604309.71846607
2025-01-01 00:44:15,250610803.00220418
2025-01-01 00:44:16,246192920.8067122
2025-01-01 00:44:17,254339393.16707847
2025-01-01 00:44:18,253366735.6715491
2025-01-01 00:44:19,255265793.9441401
2025-01-01 00:44:20,253573899.2249876
2025-01-01 00:44:21,248168627.34580308
2025-01-01 00:44:22,253166081.57973677
2025-01-01 00:44:23,257644701.43983772
2025-01-01 00:44:24,251642773.815895
2025-01-01 00:44:25,251389043.82327154
2025-01-01 00:44:26,251085351.3050656
2025-01-01 00:44:27,255647760.9425592
2025-01-01 00:44:28,256222209.59507194
2025-01-01 00:44:29,254362648.39764225
2025-01-01 00:44:30,255964984.51389334
2025-01-01 00:44:31,252727672.80291736
2025-01-01 00:44:32,248813220.55521104
2025-01-01 00:44:33,251021902.1279736
2025-01-01 00:44:34,249033010.45586386
2025-01-01 00:44:35,248255273.931843
2025-01-01 00:44:36,246094904.51784858
2025-01-01 00:44:37,248937088.33845222
2025-01-01 00:44:38,255159133.1130835
2025-01-01 00:44:39,255300186.6214231
2025-01-01 00:44:40,253461438.86219716
2025-01-01 00:44:41,258119466.8153862
2025-01-01 00:44:42,248886189.2926011
2025-01-01 00:44:43,251748656.00161138
2025-01-01 00:44:44,249223807.4480183
2025-01-01 00:44:45,249180054.75062227
2025-01-01 00:44:46,251376533.51704466
2025-01-01 00:44:47,249503971.47310743
2025-01-01 00:44:48,251471894.79947838
2025-01-01 00:44:49,247247920.91137442
2025-01-01 00:44:50,247638095.84135243
2025-01-01 00:44:51,247324036.05604985
2025-01-01 00:44:52,248382260.97102916
2025-01-01 00:44:53,249173661.6778817
2025-01-01 00:44:54,248557960.11228266
2025-01-01 00:44:55,250240048.120565
2025-01-01 00:44:56,249771169.82343206
2025-01-01 00:44:57,247496311.77596894
2025-01-01 00:44:58,244126060.33020347
2025-01-01 00:44:59,246335649.8010421
2025-01-01 00:45:00,244876542.23518893
2025-01-01 00:45:01,251415237.04784822
2025-01-01 00:45:02,247564856.99531093
2025-01-01 00:45:03,249072626.4056707
2025-01-01 00:45:04,249505339.56185427
2025-01-01 00:45:05,247077741.8234984
2025-01-01 00:45:06,242513082.20269084
2025-01-01 00:45:07,249430796.80874097
2025-01-01 00:45:08,247872461.80747297
2025-01-01 00:45:09,244720327.58549538
2025-01-01 00:45:10,242508820.43755156
2025-01-01 00:45:11,241679899.72812983
2025-01-01 00:45:12,245439074.66698557
2025-01-01 00:45:13,248162268.61435506
2025-01-01 00:45:14,248643922.0554771
2025-01-01 00:45:15,249678824.11671188
2025-01-01 00:45:16,250830676.68502918
2025-01-01 00:45:17,250707514.2591907
2025-01-01 00:45:18,249143060.0429803
2025-01-01 00:45:19,249918644.84167537
2025-01-01 00:45:20,250086121.36565715
2025-01-01 00:45:21,252174983.19623566
2025-01-01 00:45:22,249526042.81873438
2025-01-01 00:45:23,249005960.6990976
2025-01-01 00:45:24,252467312.41662654
2025-01-01 00:45:25,250150382.40807098
2025-01-01 00:45:26,247049706.9890589
2025-01-01 00:45:27,254842967.5010111
2025-01-01 00:45:28,253299094.3872619
2025-01-01 00:45:29,242871517.55508468
2025-01-01 00:45:30,245064429.09396127
2025-01-01 00:45:31,245084734.78316227
2025-01-01 00:45:32,246174393.03826177
2025-01-01 00:45:33,250413687.51675463
2025-01-01 00:45:34,251742812.79158866
2025-01-01 00:45:35,247048356.01265678
2025-01-01 00:45:36,250972334.145622
2025-01-01 00:45:37,255762475.66234133
2025-01-01 00:45:38,256113192.81183296
2025-01-01 00:45:39,252307488.88645622
2025-01-01 00:45:40,252658505.27065185
2025-01-01 00:45:41,249956129.8556305
2025-01-01 00:45:42,255179695.92301506
2025-01-01 00:45:43,258872715.93948162
2025-01-01 00:45:44,256498278.9339042
2025-01-01 00:45:45,256793189.9776072
2025-01-01 00:45:46,254974078.57837835
2025-01-01 00:45:47,251124558.27240548
2025-01-01 00:45:48,250718287.0092033
2025-01-01 00:45:49,254539810.6273856
2025-01-01 00:45:50,250498400.19256908
2025-01-01 00:45:51,251300958.9482176
2025-01-01 00:45:52,249662323.26638055
2025-01-01 00:45:53,251033129.49935797
2025-01-01 00:45:54,254104465.61710295
2025-01-01 00:45:55,250709954.3455397
2025-01-01 00:45:56,250260656.90308815
2025-01-01 00:45:57,249218889.32462025
2025-01-01 00:45:58,247084964.42900923
2025-01-01 00:45:59,247401832.7808958
2025-01-01 00:46:00,249869863.26530632
2025-01-01 00:46:01,247919188.74671364
2025-01-01 00:46:02,254458003.8951958
2025-01-01 00:46:03,252957909.50058335
2025-01-01 00:46:04,256984562.29993644
2025-01-01 00:46:05,255291173.084051
2025-01-01 00:46:06,256266405.953445
2025-01-01 00:46:07,254270497.64584944
2025-01-01 00:46:08,254095220.0092538
2025-01-01 00:46:09,250014550.25640917
2025-01-01 00:46:10,252296688.79218343
2025-01-01 00:46:11,253939887.6235018
2025-01-01 00:46:12,251411713.07058993
2025-01-01 00:46:13,250247658.61588138
2025-01-01 00:46:14,250886203.3352548
2025-01-01 00:46:15,254912280.0582272
2025-01-01 00:46:16,252369011.82909516
2025-01-01 00:46:17,254974272.87991923
2025-01-01 00:46:18,252757455.18441635
2025-01-01 00:46:19,253181707.0680131
2025-01-01 00:46:20,260280594.39991966
2025-01-01 00:46:21,260518673.971671
2025-01-01 00:46:22,255149038.57483113
2025-01-01 00:46:23,252152186.5935256
2025-01-01 00:46:24,254009978.29971266
2025-01-01 00:46:25,253206513.46286196
2025-01-01 00:46:26,254365035.48682138
2025-01-01 00:46:27,257214280.9080119
2025-01-01 00:46:28,253781398.28854638
2025-01-01 00:46:29,250393637.3925394
2025-01-01 00:46:30,252286148.69021156
2025-01-01 00:46:31,252653015.2157852
2025-01-01 00:46:32,254945586.31596193
2025-01-01 00:46:33,250181987.64449015
2025-01-01 00:46:34,249112328.80866054
2025-01-01 00:46:35,249097921.24801743
2025-01-01 00:46:36,246131082.70814383
2025-01-01 00:46:37,245545957.44148946
2025-01-01 00:46:38,247998492.27460435
2025-01-01 00:46:39,251529827.1166439
2025-01-01 00:46:40,250646958.17451912
2025-01-01 00:46:41,248420344.65705138
2025-01-01 00:46:42,247631237.7342797
2025-01-01 00:46:43,249219610.8394819
2025-01-01 00:46:44,244899777.31502268
2025-01-01 00:46:45,246940307.77963963
2025-01-01 00:46:46,247977796.6707343
2025-01-01 00:46:47,248683781.90521207
2025-01-01 00:46:48,247124814.57554212
2025-01-01 00:46:49,249457207.59129882
2025-01-01 00:46:50,251620194.82656887
2025-01-01 00:46:51,253463985.56695068
2025-01-01 00:46:52,249029202.77018666
2025-01-01 00:46:53,246970435.69556534
2025-01-01 00:46:54,247623722.2611021
2025-01-01 00:46:55,249176938.20545217
2025-01-01 00:46:56,247676934.20121714
2025-01-01 00:46:57,252549064.6791077
2025-01-01 00:46:58,252862303.88142303
2025-01-01 00:46:59,249434786.0605608
2025-01-01 00:47:00,247417254.81864342
2025-01-01 00:47:01,251174830.502036
2025-01-01 00:47:02,249395488.31298816
2025-01-01 00:47:03,249288845.49672604
2025-01-01 00:47:04,255997819.51956037
2025-01-01 00:47:05,253670733.3938498
2025-01-01 00:47:06,248890187.8789211
2025-01-01 00:47:07,249319996.16758457
2025-01-01 00:47:08,254073168.96347448
2025-01-01 00:47:09,257409826.72622794
2025-01-01 00:47:10,253006463.1170726
2025-01-01 00:47:11,255497570.68012878
2025-01-01 00:47:12,251542426.10185066
2025-01-01 00:47:13,247797908.13258797
2025-01-01 00:47:14,250238109.97906503
2025-01-01 00:47:15,249102150.47395104
2025-01-01 00:47:16,248686062.5719819
2025-01-01 00:47:17,246298742.37112063
2025-01-01 00:47:18,242746675.0575054
2025-01-01 00:47:19,245894630.47690332
2025-01-01 00:47:20,249360680.24417
2025-01-01 00:47:21,249824968.5794449
2025-01-01 00:47:22,249967381.03892174
2025-01-01 00:47:23,247086329.87849614
2025-01-01 00:47:24,246205593.08911332
2025-01-01 00:47:25,249565358.1072488
2025-01-01 00:47:26,249188863.48305205
2025-01-01 00:47:27,253412085.14666915
2025-01-01 00:47:28,255486766.35916445
2025-01-01 00:47:29,251383264.9076635
2025-01-01 00:47:30,251724562.00386614
2025-01-01 00:47:31,246189915.66014257
2025-01-01 00:47:32,244034893.07321298
2025-01-01 00:47:33,246169283.33993518
2025-01-01 00:47:34,251387116.72051567
2025-01-01 00:47:35,253415383.25454986
2025-01-01 00:47:36,252996340.08384556
2025-01-01 00:47:37,250618930.98245582
2025-01-01 00:47:38,249703656.19985795
2025-01-01 00:47:39,254583716.7687564
2025-01-01 00:47:40,250023807.7734598
2025-01-01 00:47:41,251718368.28103277
2025-01-01 00:47:42,248222486.25554356
2025-01-01 00:47:43,251707597.88015175
2025-01-01 00:47:44,250894172.69676325
2025-01-01 00:47:45,251085828.45184582
2025-01-01 00:47:46,252649278.21066839
2025-01-01 00:47:47,254862169.5929801
2025-01-01 00:47:48,256576091.20541474
2025-01-01 00:47:49,253888451.6519006
2025-01-01 00:47:50,253729902.9881151
2025-01-01 00:47:51,252546297.40204608
2025-01-01 00:47:52,249134144.69973168
2025-01-01 00:47:53,251099820.48150778
2025-01-01 00:47:54,247339656.28319266
2025-01-01 00:47:55,247952764.22386134
2025-01-01 00:47:56,247629723.4067215
2025-01-01 00:47:57,242215624.96820888
2025-01-01 00:47:58,250315144.78785175
2025-01-01 00:47:59,249099121.30011708
2025-01-01 00:48:00,252816054.28128478
2025-01-01 00:48:01,251018914.27027568
2025-01-01 00:48:02,246510211.9864332
2025-01-01 00:48:03,249038668.00817195
2025-01-01 00:48:04,247197669.8128815
2025-01-01 00:48:05,246421440.68478456
2025-01-01 00:48:06,245738783.7645806
2025-01-01 00:48:07,244617820.8164197
2025-01-01 00:48:08,243821284.26638338
2025-01-01 00:48:09,246716780.36495814
2025-01-01 00:48:10,249083983.0134446
2025-01-01 00:48:11,246454709.253871
2025-01-01 00:48:12,241569424.61132804
2025-01-01 00:48:13,233612429.0199882
2025-01-01 00:48:14,237598507.68782872
2025-01-01 00:48:15,237499154.9922147
2025-01-01 00:48:16,244382895.6213183
2025-01-01 00:48:17,243102821.9154714
2025-01-01 00:48:18,240665217.5732952
2025-01-01 00:48:19,245194457.4811787
2025-01-01 00:48:20,245943257.35737947
2025-01-01 00:48:21,244358440.15861085
2025-01-01 00:48:22,245191966.7717898
2025-01-01 00:48:23,243537057.606663
2025-01-01 00:48:24,239799882.743941
2025-01-01 00:48:25,242277323.69175464
2025-01-01 00:48:26,238526711.2570359
2025-01-01 00:48:27,242674916.64941236
2025-01-01 00:48:28,248003929.24363586
2025-01-01 00:48:29,246226367.39870495
2025-01-01 00:48:30,244207841.04200357
2025-01-01 00:48:31,245713619.07411575
2025-01-01 00:48:32,251495006.1497866
2025-01-01 00:48:33,252745155.96980745
2025-01-01 00:48:34,246634860.15981972
2025-01-01 00:48:35,242560976.6496482
2025-01-01 00:48:36,243176608.98334453
2025-01-01 00:48:37,247041858.0472915
2025-01-01 00:48:38,243308841.94208556
2025-01-01 00:48:39,245895949.4229025
2025-01-01 00:48:40,242409741.09543777
2025-01-01 00:48:41,248444874.2510226
2025-01-01 00:48:42,248038632.74611148
2025-01-01 00:48:43,246651526.27085808
2025-01-01 00:48:44,242734276.97255373
2025-01-01 00:48:45,242992535.93974027
2025-01-01 00:48:46,242890627.1958117
2025-01-01 00:48:47,242794400.58511227
2025-01-01 00:48:48,244617452.68037066
2025-01-01 00:48:49,242304477.5788353
2025-01-01 00:48:50,243232733.81904346
2025-01-01 00:48:51,244418557.20879084
2025-01-01 00:48:52,243009234.1661175
2025-01-01 00:48:53,240604994.37962788
2025-01-01 00:48:54,240397019.14974102
2025-01-01 00:48:55,243888568.91323075
2025-01-01 00:48:56,245494267.29053676
2025-01-01 00:48:57,241815283.493288
2025-01-01 00:48:58,246265683.36273202
2025-01-01 00:48:59,250308948.7057787
2025-01-01 00:49:00,247183149.17007092
2025-01-01 00:49:01,251700004.78195107
2025-01-01 00:49:02,254746529.02072284
2025-01-01 00:49:03,253414110.2217186
2025-01-01 00:49:04,249016652.4392057
2025-01-01 00:49:05,242377699.88099307
2025-01-01 00:49:06,245450270.8036116
2025-01-01 00:49:07,249198068.0526326
2025-01-01 00:49:08,246488573.78653792
2025-01-01 00:49:09,238578486.90916625
2025-01-01 00:49:10,245054588.6703376
2025-01-01 00:49:11,249473177.4497741
2025-01-01 00:49:12,244922442.18666154
2025-01-01 00:49:13,243960156.22026515
2025-01-01 00:49:14,243765225.40278983
2025-01-01 00:49:15,245784036.6569926
2025-01-01 00:49:16,247777849.83709717
2025-01-01 00:49:17,251143792.69999835
2025-01-01 00:49:18,247311586.732229
2025-01-01 00:49:19,248877649.36268103
2025-01-01 00:49:20,248065193.21312135
2025-01-01 00:49:21,245543173.57333276
2025-01-01 00:49:22,245212718.21152368
2025-01-01 00:49:23,248716747.15662175
2025-01-01 00:49:24,243354840.0852096
2025-01-01 00:49:25,240216481.91344276
2025-01-01 00:49:26,241076900.08276403
2025-01-01 00:49:27,241076835.67818186
2025-01-01 00:49:28,240425332.21285975
2025-01-01 00:49:29,246347694.05720317
2025-01-01 00:49:30,249845052.10012093
2025-01-01 00:49:31,245808837.45797473
2025-01-01 00:49:32,239235255.8405987
2025-01-01 00:49:33,241869958.4840374
2025-01-01 00:49:34,245651900.8052378
2025-01-01 00:49:35,247602938.8943557
2025-01-01 00:49:36,246734355.4810027
2025-01-01 00:49:37,244485246.31250757
2025-01-01 00:49:38,240346897.57699016
2025-01-01 00:49:39,242011287.3817434
2025-01-01 00:49:40,243967975.88441905
2025-01-01 00:49:41,242569094.05786473
2025-01-01 00:49:42,244879498.95337942
2025-01-01 00:49:43,249165274.8143838
2025-01-01 00:49:44,246103465.91747838
2025-01-01 00:49:45,243117372.5053095
2025-01-01 00:49:46,243851161.81100285
2025-01-01 00:49:47,242048853.67585075
2025-01-01 00:49:48,246430417.1440117
2025-01-01 00:49:49,246404282.33938065
2025-01-01 00:49:50,247987340.09889585
2025-01-01 00:49:51,247466598.51361254
2025-01-01 00:49:52,246110773.12611634
2025-01-01 00:49:53,253974717.97265643
2025-01-01 00:49:54,254415769.79963928
2025-01-01 00:49:55,255597503.38463345
2025-01-01 00:49:56,252925455.65073714
2025-01-01 00:49:57,255226093.68445045
2025-01-01 00:49:58,254115852.8283977
2025-01-01 00:49:59,250069636.61973533
2025-01-01 00:50:00,250426338.01430246
2025-01-01 00:50:01,252826856.1347604
2025-01-01 00:50:02,254083267.3642267
2025-01-01 00:50:03,253628865.6124566
2025-01-01 00:50:04,250948159.00471213
2025-01-01 00:50:05,250272668.04902318
2025-01-01 00:50:06,252836819.76763818
2025-01-01 00:50:07,256339053.32686755
2025-01-01 00:50:08,255371403.6382089
2025-01-01 00:50:09,254582705.16015047
2025-01-01 00:50:10,253113737.43485227
2025-01-01 00:50:11,250480373.2284795
2025-01-01 00:50:12,251025573.19979906
2025-01-01 00:50:13,252027883.29293025
2025-01-01 00:50:14,253028166.40001947
2025-01-01 00:50:15,252468744.78203562
2025-01-01 00:50:16,254820194.2179244
2025-01-01 00:50:17,257032549.16786045
2025-01-01 00:50:18,255957321.945531
2025-01-01 00:50:19,255363098.45469213
2025-01-01 00:50:20,258417984.1368741
2025-01-01 00:50:21,255446784.9071111
2025-01-01 00:50:22,255672789.09835294
2025-01-01 00:50:23,254610160.26183188
2025-01-01 00:50:24,252224057.834781
2025-01-01 00:50:25,252537180.05657765
2025-01-01 00:50:26,249491468.19505677
2025-01-01 00:50:27,248350790.2733818
2025-01-01 00:50:28,246337408.47567105
2025-01-01 00:50:29,245602838.96942246
2025-01-01 00:50:30,248265240.4477085
2025-01-01 00:50:31,247397841.76829198
2025-01-01 00:50:32,247381200.95794058
2025-01-01 00:50:33,248349679.3391746
2025-01-01 00:50:34,249947874.62312207
2025-01-01 00:50:35,250664687.1356029
2025-01-01 00:50:36,255251256.5145753
2025-01-01 00:50:37,253582887.66676605
2025-01-01 00:50:38,245600372.3942449
2025-01-01 00:50:39,243917680.04813594
2025-01-01 00:50:40,242713455.2024527
2025-01-01 00:50:41,244919816.41697612
2025-01-01 00:50:42,246983693.9198226
2025-01-01 00:50:43,244202172.1746455
2025-01-01 00:50:44,245880689.45094484
2025-01-01 00:50:45,246351812.00670287
2025-01-01 00:50:46,244925633.65150544
2025-01-01 00:50:47,247363960.31093636
2025-01-01 00:50:48,247464341.7164284
2025-01-01 00:50:49,250806067.25677216
2025-01-01 00:50:50,249234197.98431677
2025-01-01 00:50:51,244362469.47745666
2025-01-01 00:50:52,244673261.63225743
2025-01-01 00:50:53,246239544.25769126
2025-01-01 00:50:54,249118976.01031068
2025-01-01 00:50:55,250561882.30039653
2025-01-01 00:50:56,248079890.34145385
2025-01-01 00:50:57,253483054.4746901
2025-01-01 00:50:58,251827552.43155634
2025-01-01 00:50:59,248380051.35179582
2025-01-01 00:51:00,247028735.3342055
2025-01-01 00:51:01,248843525.5744589
2025-01-01 00:51:02,245931703.2791246
2025-01-01 00:51:03,247759029.60952637
2025-01-01 00:51:04,249311262.93783107
2025-01-01 00:51:05,247786472.67731684
2025-01-01 00:51:06,248605565.5182736
2025-01-01 00:51:07,248607709.16151386
2025-01-01 00:51:08,246417931.82897982
2025-01-01 00:51:09,243868340.95771065
2025-01-01 00:51:10,250975584.79665485
2025-01-01 00:51:11,247577337.95407784
2025-01-01 00:51:12,246239789.5010281
2025-01-01 00:51:13,242871510.04385668
2025-01-01 00:51:14,247630426.2886847
2025-01-01 00:51:15,247351747.14665207
2025-01-01 00:51:16,244519985.46021923
2025-01-01 00:51:17,245093158.8651697
2025-01-01 00:51:18,244086658.02420548
2025-01-01 00:51:19,239095336.60160196
2025-01-01 00:51:20,240779900.0136306
2025-01-01 00:51:21,242101876.98709616
2025-01-01 00:51:22,240124901.9380966
2025-01-01 00:51:23,245258541.60468543
2025-01-01 00:51:24,243652588.06564498
2025-01-01 00:51:25,250398404.19610256
2025-01-01 00:51:26,251429512.38362867
2025-01-01 00:51:27,248440202.48590368
2025-01-01 00:51:28,249453931.15210345
2025-01-01 00:51:29,246212302.4145062
2025-01-01 00:51:30,246688645.82708648
2025-01-01 00:51:31,247074983.6450832
2025-01-01 00:51:32,250403509.70768487
2025-01-01 00:51:33,249916322.41785693
2025-01-01 00:51:34,248051023.92046592
2025-01-01 00:51:35,248639518.25414324
2025-01-01 00:51:36,245953892.56634918
2025-01-01 00:51:37,250300681.56666812
2025-01-01 00:51:38,248003080.4795979
2025-01-01 00:51:39,250061680.11631963
2025-01-01 00:51:40,249895736.85547748
2025-01-01 00:51:41,250692218.40464842
2025-01-01 00:51:42,249293134.7963563
2025-01-01 00:51:43,243946010.18492585
2025-01-01 00:51:44,245248293.19569698
2025-01-01 00:51:45,247082718.8735716
2025-01-01 00:51:46,251410607.88283947
2025-01-01 00:51:47,251776566.66659322
2025-01-01 00:51:48,249212698.62813097
2025-01-01 00:51:49,252543090.02729952
2025-01-01 00:51:50,246477114.2419645
2025-01-01 00:51:51,247761397.5563163
2025-01-01 00:51:52,247165998.08473212
2025-01-01 00:51:53,247901462.6459898
2025-01-01 00:51:54,252056191.84659734
2025-01-01 00:51:55,252509180.85763168
2025-01-01 00:51:56,249344519.01024476
2025-01-01 00:51:57,248685236.66515422
2025-01-01 00:51:58,249503742.94498262
2025-01-01 00:51:59,248424688.77680266
2025-01-01 00:52:00,248739028.08924776
2025-01-01 00:52:01,250043339.21716943
2025-01-01 00:52:02,248095193.38808924
2025-01-01 00:52:03,251344617.19631281
2025-01-01 00:52:04,256028448.93071643
2025-01-01 00:52:05,253367488.33481532
2025-01-01 00:52:06,253488494.42292568
2025-01-01 00:52:07,251386332.74441555
2025-01-01 00:52:08,250336246.6898866
2025-01-01 00:52:09,254380858.762132
2025-01-01 00:52:10,254783762.60223696
2025-01-01 00:52:11,254129058.0689588
2025-01-01 00:52:12,246894370.88450906
2025-01-01 00:52:13,253647490.9571125
2025-01-01 00:52:14,255422017.86729676
2025-01-01 00:52:15,252943328.8530604
2025-01-01 00:52:16,250424509.16926372
2025-01-01 00:52:17,248451888.397723
2025-01-01 00:52:18,247180553.50435588
2025-01-01 00:52:19,255854232.17467132
2025-01-01 00:52:20,254574621.49484354
2025-01-01 00:52:21,254979678.93747544
2025-01-01 00:52:22,253630875.0025373
2025-01-01 00:52:23,255652219.0392625
2025-01-01 00:52:24,253037205.3450974
2025-01-01 00:52:25,258129495.22380587
2025-01-01 00:52:26,253455447.03675842
2025-01-01 00:52:27,249541802.99684685
2025-01-01 00:52:28,252315840.34018305
2025-01-01 00:52:29,250687785.30505687
2025-01-01 00:52:30,251803428.3216766
2025-01-01 00:52:31,246731404.74092996
2025-01-01 00:52:32,247089900.9771997
2025-01-01 00:52:33,247631738.42526293
2025-01-01 00:52:34,246619475.05758736
2025-01-01 00:52:35,242425450.14642474
2025-01-01 00:52:36,242563408.25080633
2025-01-01 00:52:37,242256209.1504765
2025-01-01 00:52:38,241113692.56166562
2025-01-01 00:52:39,243910223.51344556
2025-01-01 00:52:40,245082599.93091497
2025-01-01 00:52:41,244736890.23207408
2025-01-01 00:52:42,246150619.44367152
2025-01-01 00:52:43,251038138.848965
2025-01-01 00:52:44,243988830.62806043
2025-01-01 00:52:45,245817393.72283846
2025-01-01 00:52:46,246936546.93042436
2025-01-01 00:52:47,244318615.5022563
2025-01-01 00:52:48,246188910.56218308
2025-01-01 00:52:49,253052474.06810805
2025-01-01 00:52:50,251228143.67561752
2025-01-01 00:52:51,253458508.9234547
2025-01-01 00:52:52,253783353.6340163
2025-01-01 00:52:53,251334159.31734863
2025-01-01 00:52:54,251286441.4168189
2025-01-01 00:52:55,251992774.8715254
2025-01-01 00:52:56,250160316.97396374
2025-01-01 00:52:57,250975512.9469813
2025-01-01 00:52:58,247686279.2248121
2025-01-01 00:52:59,250472996.35765922
2025-01-01 00:53:00,247993858.49128294
2025-01-01 00:53:01,249435264.65348077
2025-01-01 00:53:02,242432601.77994627
2025-01-01 00:53:03,245637258.5362319
2025-01-01 00:53:04,246807738.0416803
2025-01-01 00:53:05,247823792.8475919
2025-01-01 00:53:06,253652998.35343966
2025-01-01 00:53:07,253856213.47799042
2025-01-01 00:53:08,250426965.98622888
2025-01-01 00:53:09,250832147.0002911
2025-01-01 00:53:10,241613425.10085705
2025-01-01 00:53:11,243623061.90479058
2025-01-01 00:53:12,249107544.96177515
2025-01-01 00:53:13,245590132.20286626
2025-01-01 00:53:14,247280911.845422
2025-01-01 00:53:15,246828309.87375927
2025-01-01 00:53:16,252534175.95921382
2025-01-01 00:53:17,252328027.58495063
2025-01-01 00:53:18,252193850.6870624
2025-01-01 00:53:19,249911911.35674852
2025-01-01 00:53:20,249591243.6935846
2025-01-01 00:53:21,255270108.26695278
2025-01-01 00:53:22,254501207.53705642
2025-01-01 00:53:23,252481697.54743367
2025-01-01 00:53:24,251997004.42413813
2025-01-01 00:53:25,254103036.84470046
2025-01-01 00:53:26,253575083.81984007
2025-01-01 00:53:27,253147685.44827348
2025-01-01 00:53:28,250422578.77982318
2025-01-01 00:53:29,245662810.66109514
2025-01-01 00:53:30,247667581.07714576
2025-01-01 00:53:31,247191564.77729076
2025-01-01 00:53:32,248686596.60012645
2025-01-01 00:53:33,245779661.88857818
2025-01-01 00:53:34,243643074.8376265
2025-01-01 00:53:35,246730672.4617979
2025-01-01 00:53:36,248612996.76578346
2025-01-01 00:53:37,249013151.0425299
2025-01-01 00:53:38,244357426.2342863
2025-01-01 00:53:39,247537887.55386084
2025-01-01 00:53:40,252774977.1422932
2025-01-01 00:53:41,252518867.45409593
2025-01-01 00:53:42,245597612.58767593
2025-01-01 00:53:43,248991298.98032835
2025-01-01 00:53:44,247353505.40410444
2025-01-01 00:53:45,246703917.39584738
2025-01-01 00:53:46,243943383.94673333
2025-01-01 00:53:47,249684129.11138013
2025-01-01 00:53:48,248848939.9903724
2025-01-01 00:53:49,246300939.336169
2025-01-01 00:53:50,246894142.99506962
2025-01-01 00:53:51,248938868.50551006
2025-01-01 00:53:52,246912128.36183286
2025-01-01 00:53:53,243882623.86050063
2025-01-01 00:53:54,245006731.26944867
2025-01-01 00:53:55,243324985.02257022
2025-01-01 00:53:56,243042642.853678
2025-01-01 00:53:57,244120394.0734031
2025-01-01 00:53:58,246910705.32901177
2025-01-01 00:53:59,244870703.94359717
2025-01-01 00:54:00,248110814.9516931
2025-01-01 00:54:01,250812667.6394977
2025-01-01 00:54:02,248783597.8323419
2025-01-01 00:54:03,249339167.18685395
2025-01-01 00:54:04,246023126.29778862
2025-01-01 00:54:05,247740652.61375016
2025-01-01 00:54:06,248345301.16875884
2025-01-01 00:54:07,243913424.19968352
2025-01-01 00:54:08,243246861.37421894
2025-01-01 00:54:09,240252648.9868819
2025-01-01 00:54:10,242964095.99988237
2025-01-01 00:54:11,241985004.06247923
2025-01-01 00:54:12,243330242.09477162
2025-01-01 00:54:13,242542642.5183191
2025-01-01 00:54:14,239685717.25335732
2025-01-01 00:54:15,240581698.6802838
2025-01-01 00:54:16,237713194.3520553
2025-01-01 00:54:17,244270402.33748856
2025-01-01 00:54:18,241701113.3049773
2025-01-01 00:54:19,241644983.92846054
2025-01-01 00:54:20,242242753.72295687
2025-01-01 00:54:21,247077268.5418824
2025-01-01 00:54:22,251360466.5505195
2025-01-01 00:54:23,249341167.59612426
2025-01-01 00:54:24,253799014.9528473
2025-01-01 00:54:25,249464897.60370922
2025-01-01 00:54:26,246092454.17906368
2025-01-01 00:54:27,240293290.63520253
2025-01-01 00:54:28,245068421.4839089
2025-01-01 00:54:29,245750257.37566695
2025-01-01 00:54:30,242014048.95167434
2025-01-01 00:54:31,241305389.24723622
2025-01-01 00:54:32,242349545.44459924
2025-01-01 00:54:33,245323334.1052437
2025-01-01 00:54:34,247279874.58211327
2025-01-01 00:54:35,251132772.04064524
2025-01-01 00:54:36,248972622.47463503
2025-01-01 00:54:37,249149618.1543612
2025-01-01 00:54:38,248795090.17914462
2025-01-01 00:54:39,248905431.26633385
2025-01-01 00:54:40,246804101.41269705
2025-01-01 00:54:41,248307425.52660695
2025-01-01 00:54:42,250308504.46847397
2025-01-01 00:54:43,250118877.99502027
2025-01-01 00:54:44,252375649.2850107
2025-01-01 00:54:45,248385685.46156874
2025-01-01 00:54:46,249386119.97384396
2025-01-01 00:54:47,247174476.08911926
2025-01-01 00:54:48,243722425.72649565
2025-01-01 00:54:49,243788074.94916192
2025-01-01 00:54:50,244951943.0590931
2025-01-01 00:54:51,243909568.9169262
2025-01-01 00:54:52,246300918.7680732
2025-01-01 00:54:53,251864429.56748942
2025-01-01 00:54:54,249860231.62369338
2025-01-01 00:54:55,245199226.5380195
2025-01-01 00:54:56,251457974.22794202
2025-01-01 00:54:57,251119036.45107076
2025-01-01 00:54:58,252333905.11359176
2025-01-01 00:54:59,247746638.0389592
2025-01-01 00:55:00,241997168.69280702
2025-01-01 00:55:01,243093802.58669034
2025-01-01 00:55:02,245613696.36371636
2025-01-01 00:55:03,243250735.522412
2025-01-01 00:55:04,247813266.50756046
2025-01-01 00:55:05,245997869.59357426
2025-01-01 00:55:06,244003536.37204897
2025-01-01 00:55:07,248604304.61831585
2025-01-01 00:55:08,251914453.026744
2025-01-01 00:55:09,251920281.00716516
2025-01-01 00:55:10,251448906.8084072
2025-01-01 00:55:11,252521802.95356175
2025-01-01 00:55:12,248184198.29496905
2025-01-01 00:55:13,251002133.66379103
2025-01-01 00:55:14,249273814.7091577
2025-01-01 00:55:15,248515493.19510514
2025-01-01 00:55:16,248936890.0186232
2025-01-01 00:55:17,250729977.26877156
2025-01-01 00:55:18,247687920.42472842
2025-01-01 00:55:19,250183559.05794352
2025-01-01 00:55:20,249701662.01522487
2025-01-01 00:55:21,247821863.47753578
2025-01-01 00:55:22,250134881.6377331
2025-01-01 00:55:23,246412075.70735288
2025-01-01 00:55:24,246552907.84333193
2025-01-01 00:55:25,250149501.34690025
2025-01-01 00:55:26,247183290.61748636
2025-01-01 00:55:27,249069095.03665337
2025-01-01 00:55:28,247185579.43393943
2025-01-01 00:55:29,251056840.10784262
2025-01-01 00:55:30,248117185.8284556
2025-01-01 00:55:31,251435482.23861262
2025-01-01 00:55:32,253016408.08928186
2025-01-01 00:55:33,250114774.0046008
2025-01-01 00:55:34,251283584.37344378
2025-01-01 00:55:35,253375108.63885018
2025-01-01 00:55:36,252431354.44454446
2025-01-01 00:55:37,251159197.53809157
2025-01-01 00:55:38,249569927.48259974
2025-01-01 00:55:39,250155087.36592165
2025-01-01 00:55:40,250079823.9263313
2025-01-01 00:55:41,251878669.4845785
2025-01-01 00:55:42,252646358.76633292
2025-01-01 00:55:43,251113792.44478485
2025-01-01 00:55:44,249905005.20749992
2025-01-01 00:55:45,248359292.1416498
2025-01-01 00:55:46,250053922.34610507
2025-01-01 00:55:47,252334803.734027
2025-01-01 00:55:48,251710164.9607398
2025-01-01 00:55:49,251857967.3240092
2025-01-01 00:55:50,251148878.07510287
2025-01-01 00:55:51,247339159.16344994
2025-01-01 00:55:52,242886289.55117384
2025-01-01 00:55:53,245834598.04881203
2025-01-01 00:55:54,241075705.167279
2025-01-01 00:55:55,246806012.88387787
2025-01-01 00:55:56,244992977.902647
2025-01-01 00:55:57,243589272.73627934
2025-01-01 00:55:58,241570625.4269894
2025-01-01 00:55:59,244408433.41119626
2025-01-01 00:56:00,238220171.23920432
2025-01-01 00:56:01,246154878.35398516
2025-01-01 00:56:02,243807095.84440365
2025-01-01 00:56:03,241512582.5494556
2025-01-01 00:56:04,238442009.17956096
2025-01-01 00:56:05,239942971.12672213
2025-01-01 00:56:06,239881377.23772842
2025-01-01 00:56:07,240992099.5071161
2025-01-01 00:56:08,243233966.05783865
2025-01-01 00:56:09,245082173.4803644
2025-01-01 00:56:10,247422060.1033676
2025-01-01 00:56:11,248482105.70392713
2025-01-01 00:56:12,247532512.61882043
2025-01-01 00:56:13,243415616.8916229
2025-01-01 00:56:14,247648861.26609644
2025-01-01 00:56:15,244888253.1285003
2025-01-01 00:56:16,245334261.90574664
2025-01-01 00:56:17,244370543.73371392
2025-01-01 00:56:18,243076758.0472084
2025-01-01 00:56:19,241825403.80230558
2025-01-01 00:56:20,244002480.76531807
2025-01-01 00:56:21,249719637.22601596
2025-01-01 00:56:22,247428792.77083057
2025-01-01 00:56:23,240332276.58319947
2025-01-01 00:56:24,241654861.48258787
2025-01-01 00:56:25,245482536.34849426
2025-01-01 00:56:26,243770441.69443753
2025-01-01 00:56:27,244826316.12493333
2025-01-01 00:56:28,246275718.08775565
2025-01-01 00:56:29,245137031.1023784
2025-01-01 00:56:30,241677032.41424853
2025-01-01 00:56:31,242015489.69489977
2025-01-01 00:56:32,249427112.70863447
2025-01-01 00:56:33,245883975.36275306
2025-01-01 00:56:34,243895936.7201387
2025-01-01 00:56:35,243993851.5669328
2025-01-01 00:56:36,243414338.93121758
2025-01-01 00:56:37,245470678.5348999
2025-01-01 00:56:38,244239569.65615934
2025-01-01 00:56:39,239880244.75477687
2025-01-01 00:56:40,239882992.2229975
2025-01-01 00:56:41,244598581.78476042
2025-01-01 00:56:42,244130860.15196723
2025-01-01 00:56:43,242678995.6763596
2025-01-01 00:56:44,240169911.93566993
2025-01-01 00:56:45,238855114.6453292
2025-01-01 00:56:46,247512925.56348836
2025-01-01 00:56:47,246527700.23849642
2025-01-01 00:56:48,249579327.63344935
2025-01-01 00:56:49,243962849.38716963
2025-01-01 00:56:50,246034745.94920817
2025-01-01 00:56:51,241491877.69196215
2025-01-01 00:56:52,242561626.49023008
2025-01-01 00:56:53,243219556.35633367
2025-01-01 00:56:54,241132665.13250393
2025-01-01 00:56:55,244797938.52007243
2025-01-01 00:56:56,245491243.90955377
2025-01-01 00:56:57,242799661.0678706
2025-01-01 00:56:58,240245218.93702012
2025-01-01 00:56:59,242054314.673082
2025-01-01 00:57:00,242939470.77424854
2025-01-01 00:57:01,243095233.5119291
2025-01-01 00:57:02,243334297.31973684
2025-01-01 00:57:03,242736454.4812108
2025-01-01 00:57:04,237545088.01239944
2025-01-01 00:57:05,239451368.9141386
2025-01-01 00:57:06,236194909.58970618
2025-01-01 00:57:07,237754430.96791968
2025-01-01 00:57:08,240392481.91496882
2025-01-01 00:57:09,242613432.04845753
2025-01-01 00:57:10,236686176.52531976
2025-01-01 00:57:11,236268890.70453036
2025-01-01 00:57:12,235701792.54687172
2025-01-01 00:57:13,240595579.05018663
2025-01-01 00:57:14,243628565.2219699
2025-01-01 00:57:15,246708948.67201832
2025-01-01 00:57:16,248175457.83105606
2025-01-01 00:57:17,249820900.57456797
2025-01-01 00:57:18,249506286.59946504
2025-01-01 00:57:19,245711320.81587303
2025-01-01 00:57:20,245639002.3199274
2025-01-01 00:57:21,245624915.94626772
2025-01-01 00:57:22,248998747.7022987
2025-01-01 00:57:23,249743098.59857023
2025-01-01 00:57:24,251219053.7354918
2025-01-01 00:57:25,247826413.7515166
2025-01-01 00:57:26,248182949.42045078
2025-01-01 00:57:27,245857625.59800333
2025-01-01 00:57:28,247497748.88214642
2025-01-01 00:57:29,246420889.03839022
2025-01-01 00:57:30,246832908.74408022
2025-01-01 00:57:31,247337494.53016117
2025-01-01 00:57:32,246747020.14626065
2025-01-01 00:57:33,245834668.33742115
2025-01-01 00:57:34,246109573.5312847
2025-01-01 00:57:35,247260647.348764
2025-01-01 00:57:36,251158442.55537012
2025-01-01 00:57:37,252695873.63689563
2025-01-01 00:57:38,248767506.55416617
2025-01-01 00:57:39,251685486.91392517
2025-01-01 00:57:40,250775907.7471228
2025-01-01 00:57:41,246140688.3416603
2025-01-01 00:57:42,246084424.80746818
2025-01-01 00:57:43,245963292.088868
2025-01-01 00:57:44,248213619.18557796
2025-01-01 00:57:45,246321140.20460314
2025-01-01 00:57:46,250427758.00867593
2025-01-01 00:57:47,251642876.93890446
2025-01-01 00:57:48,249192124.69950163
2025-01-01 00:57:49,242969096.01095557
2025-01-01 00:57:50,240312556.5558953
2025-01-01 00:57:51,241335980.28115466
2025-01-01 00:57:52,244237261.5266754
2025-01-01 00:57:53,243715141.0690749
2025-01-01 00:57:54,250662887.35924172
2025-01-01 00:57:55,247899305.39156467
2025-01-01 00:57:56,245626826.56208882
2025-01-01 00:57:57,245710574.72806707
2025-01-01 00:57:58,246329599.82018203
2025-01-01 00:57:59,249317085.98233625
2025-01-01 00:58:00,251575793.58594102
2025-01-01 00:58:01,246794663.42361593
2025-01-01 00:58:02,248815639.80532154
2025-01-01 00:58:03,250435887.75868967
2025-01-01 00:58:04,244704723.0791036
2025-01-01 00:58:05,245799430.2965949
2025-01-01 00:58:06,244663746.23818457
2025-01-01 00:58:07,245933553.4964025
2025-01-01 00:58:08,248256435.0992461
2025-01-01 00:58:09,244855036.20595318
2025-01-01 00:58:10,245755938.7236429
2025-01-01 00:58:11,243085743.41679105
2025-01-01 00:58:12,248331322.9490377
2025-01-01 00:58:13,248210600.302933
2025-01-01 00:58:14,243438021.98057255
2025-01-01 00:58:15,244697548.17674765
2025-01-01 00:58:16,246030058.7898505
2025-01-01 00:58:17,245729344.16164207
2025-01-01 00:58:18,243268028.87292844
2025-01-01 00:58:19,241531219.3037207
2025-01-01 00:58:20,249319301.90663978
2025-01-01 00:58:21,245377050.68659762
2025-01-01 00:58:22,247033415.41154897
2025-01-01 00:58:23,248237392.51499593
2025-01-01 00:58:24,250472849.7949145
2025-01-01 00:58:25,251905237.1033931
2025-01-01 00:58:26,251187962.86004543
2025-01-01 00:58:27,249988589.10805392
2025-01-01 00:58:28,252024934.85670903
2025-01-01 00:58:29,250529375.91467252
2025-01-01 00:58:30,250920030.83122382
2025-01-01 00:58:31,252022492.34415966
2025-01-01 00:58:32,250203861.45385784
2025-01-01 00:58:33,249050461.68385616
2025-01-01 00:58:34,246793073.8031323
2025-01-01 00:58:35,246873855.45372218
2025-01-01 00:58:36,246787102.65036944
2025-01-01 00:58:37,248760566.96759135
2025-01-01 00:58:38,244839684.38304463
2025-01-01 00:58:39,245086880.03260067
2025-01-01 00:58:40,242984770.17322558
2025-01-01 00:58:41,242287326.34590915
2025-01-01 00:58:42,243897219.94912726
2025-01-01 00:58:43,243398698.35338187
2025-01-01 00:58:44,243653936.79233238
2025-01-01 00:58:45,245416701.8865651
2025-01-01 00:58:46,244702370.90082037
2025-01-01 00:58:47,244586149.14895725
2025-01-01 00:58:48,245446028.2053774
2025-01-01 00:58:49,247362541.60110912
2025-01-01 00:58:50,249209176.06292096
2025-01-01 00:58:51,247170677.03513294
2025-01-01 00:58:52,244569312.15532085
2025-01-01 00:58:53,236812719.00571802
2025-01-01 00:58:54,241985840.54487127
2025-01-01 00:58:55,242356554.4178846
2025-01-01 00:58:56,241106921.2096063
2025-01-01 00:58:57,240081417.76049024
2025-01-01 00:58:58,242874807.279557
2025-01-01 00:58:59,244080380.1983584
2025-01-01 00:59:00,246074324.03141
2025-01-01 00:59:01,249450867.98285773
2025-01-01 00:59:02,249026843.31191584
2025-01-01 00:59:03,245189076.01159027
2025-01-01 00:59:04,245879348.63884267
2025-01-01 00:59:05,246879757.72839445
2025-01-01 00:59:06,243669821.1504049
2025-01-01 00:59:07,245012684.72457877
2025-01-01 00:59:08,247965063.52770394
2025-01-01 00:59:09,245715536.38267323
2025-01-01 00:59:10,244107240.19570488
2025-01-01 00:59:11,245910516.51201996
2025-01-01 00:59:12,253316151.6622263
2025-01-01 00:59:13,248583559.09981674
2025-01-01 00:59:14,249722752.74878484
2025-01-01 00:59:15,244125120.00162315
2025-01-01 00:59:16,245604068.2334201
2025-01-01 00:59:17,247076563.93781143
2025-01-01 00:59:18,249199233.2949435
2025-01-01 00:59:19,248334272.48808357
2025-01-01 00:59:20,252429032.4361764
2025-01-01 00:59:21,252570432.7577355
2025-01-01 00:59:22,250008789.68889537
2025-01-01 00:59:23,248444454.7221815
2025-01-01 00:59:24,248328845.59233662
2025-01-01 00:59:25,251015936.28102317
2025-01-01 00:59:26,247684988.39193127
2025-01-01 00:59:27,247062136.93528754
2025-01-01 00:59:28,249821700.46182182
2025-01-01 00:59:29,251736106.59719953
2025-01-01 00:59:30,255117339.10940257
2025-01-01 00:59:31,259346711.29125762
2025-01-01 00:59:32,253231894.23110443
2025-01-01 00:59:33,250690654.3392747
2025-01-01 00:59:34,250692874.9078038
2025-01-01 00:59:35,250994473.22818786
2025-01-01 00:59:36,249837133.5085144
2025-01-01 00:59:37,248579314.76199973
2025-01-01 00:59:38,244317898.6935777
2025-01-01 00:59:39,250260211.17608434
2025-01-01 00:59:40,249596521.68863976
2025-01-01 00:59:41,249818035.6802145
2025-01-01 00:59:42,251211400.82041755
2025-01-01 00:59:43,255306502.09913573
2025-01-01 00:59:44,255364804.8625755
2025-01-01 00:59:45,255814031.5298897
2025-01-01 00:59:46,255574665.0391029
2025-01-01 00:59:47,259092380.6699234
2025-01-01 00:59:48,264264191.04526895
2025-01-01 00:59:49,262727409.25338304
2025-01-01 00:59:50,263667763.33058214
2025-01-01 00:59:51,260401338.98414388
2025-01-01 00:59:52,261111551.4671578
2025-01-01 00:59:53,264649039.67283407
2025-01-01 00:59:54,262643409.35676682
2025-01-01 00:59:55,262766863.25101763
2025-01-01 00:59:56,258195623.01010546
2025-01-01 00:59:57,256261588.33039334
2025-01-01 00:59:58,254104568.35837793
2025-01-01 00:59:59,251110944.8081843
2025-01-01 01:00:00,251110163.47885242
2025-01-01 01:00:01,254860056.2010365
2025-01-01 01:00:02,253671732.98845455
2025-01-01 01:00:03,254460430.50076967
2025-01-01 01:00:04,254955324.4112808
2025-01-01 01:00:05,253549316.17196143
2025-01-01 01:00:06,250704961.07135385
2025-01-01 01:00:07,251293956.97198835
2025-01-01 01:00:08,258733330.1391086
2025-01-01 01:00:09,248764100.87095338
2025-01-01 01:00:10,247016628.082853
2025-01-01 01:00:11,248097409.41103882
2025-01-01 01:00:12,249278878.25633708
2025-01-01 01:00:13,248084825.66313297
2025-01-01 01:00:14,248507992.43806842
2025-01-01 01:00:15,245700999.99451715
2025-01-01 01:00:16,245305937.41464055
2025-01-01 01:00:17,246004714.75779387
2025-01-01 01:00:18,244272588.564887
2025-01-01 01:00:19,247214729.18288374
2025-01-01 01:00:20,240331098.5937719
2025-01-01 01:00:21,244920480.39780274
2025-01-01 01:00:22,242276942.43068662
2025-01-01 01:00:23,246431454.15238133
2025-01-01 01:00:24,246921448.6358751
2025-01-01 01:00:25,244701064.69543225
2025-01-01 01:00:26,245716698.54851916
2025-01-01 01:00:27,245720631.76555276
2025-01-01 01:00:28,244567020.74241048
2025-01-01 01:00:29,245100030.97738945
2025-01-01 01:00:30,249051778.66383657
2025-01-01 01:00:31,247440860.75534642
2025-01-01 01:00:32,250292571.76283225
2025-01-01 01:00:33,251608725.02812982
2025-01-01 01:00:34,249095461.76755476
2025-01-01 01:00:35,251941946.29395998
2025-01-01 01:00:36,247917102.19442394
2025-01-01 01:00:37,245002851.9882785
2025-01-01 01:00:38,249827046.55009183
2025-01-01 01:00:39,252780990.39933386
2025-01-01 01:00:40,247604942.94607678
2025-01-01 01:00:41,249577774.43142822
2025-01-01 01:00:42,248979781.02226216
2025-01-01 01:00:43,250098711.14749786
2025-01-01 01:00:44,248877956.14431298
2025-01-01 01:00:45,249284471.27398294
2025-01-01 01:00:46,247876285.92934242
2025-01-01 01:00:47,247528874.3999554
2025-01-01 01:00:48,246461493.4208598
2025-01-01 01:00:49,245408005.67548195
2025-01-01 01:00:50,247566692.917992
2025-01-01 01:00:51,246324634.66676608
2025-01-01 01:00:52,245911395.87817132
2025-01-01 01:00:53,245715018.4634229
2025-01-01 01:00:54,250823358.06171206
2025-01-01 01:00:55,250986101.68040296
2025-01-01 01:00:56,250424257.45464697
2025-01-01 01:00:57,246851051.12617612
2025-01-01 01:00:58,247448000.12188488
2025-01-01 01:00:59,245855801.82768035
2025-01-01 01:01:00,249753029.4479575
2025-01-01 01:01:01,247332422.10075513
2025-01-01 01:01:02,244199194.6813673
2025-01-01 01:01:03,245046408.80623582
2025-01-01 01:01:04,247196837.6037412
2025-01-01 01:01:05,250875223.4937515
2025-01-01 01:01:06,246774587.19341394
2025-01-01 01:01:07,244693106.41766787
2025-01-01 01:01:08,246236793.29315063
2025-01-01 01:01:09,246206143.63265258
2025-01-01 01:01:10,250240181.6626525
2025-01-01 01:01:11,248475530.83316824
2025-01-01 01:01:12,246163112.59871873
2025-01-01 01:01:13,243990644.38605365
2025-01-01 01:01:14,245457924.09352225
2025-01-01 01:01:15,246870310.50754786
2025-01-01 01:01:16,244715034.06092778
2025-01-01 01:01:17,241192834.8900783
2025-01-01 01:01:18,241429408.21772754
2025-01-01 01:01:19,241910861.40139124
2025-01-01 01:01:20,244055523.87702075
2025-01-01 01:01:21,244743059.42083037
2025-01-01 01:01:22,247824204.08404186
2025-01-01 01:01:23,250737640.44044855
2025-01-01 01:01:24,254013277.40236822
2025-01-01 01:01:25,252134771.4330009
2025-01-01 01:01:26,253801712.4252233
2025-01-01 01:01:27,250801669.240931
2025-01-01 01:01:28,250137990.7963833
2025-01-01 01:01:29,251213122.7070936
2025-01-01 01:01:30,251648568.50332898
2025-01-01 01:01:31,246683604.83759987
2025-01-01 01:01:32,248321243.580966
2025-01-01 01:01:33,246498576.14321446
2025-01-01 01:01:34,246972518.5125071
2025-01-01 01:01:35,244868040.13514802
2025-01-01 01:01:36,241620955.83876863
2025-01-01 01:01:37,242866842.0818599
2025-01-01 01:01:38,244793071.0459127
2025-01-01 01:01:39,240965071.84713572
2025-01-01 01:01:40,245753350.8141587
2025-01-01 01:01:41,244598626.80648667
2025-01-01 01:01:42,244707627.53002873
2025-01-01 01:01:43,244539117.1946394
2025-01-01 01:01:44,243114156.7919526
2025-01-01 01:01:45,242429423.98111928
2025-01-01 01:01:46,245686632.846473
2025-01-01 01:01:47,243474381.27150416
2025-01-01 01:01:48,246640159.75675237
2025-01-01 01:01:49,244222716.4874489
2025-01-01 01:01:50,242413106.13086945
2025-01-01 01:01:51,245276094.09307843
2025-01-01 01:01:52,240014243.63588694
2025-01-01 01:01:53,243018885.1284811
2025-01-01 01:01:54,245535009.83384946
2025-01-01 01:01:55,248532129.04891917
2025-01-01 01:01:56,247284333.53031096
2025-01-01 01:01:57,246288798.38676038
2025-01-01 01:01:58,244413776.12003633
2025-01-01 01:01:59,241323366.26788947
2025-01-01 01:02:00,244127960.35686642
2025-01-01 01:02:01,245929632.8323635
2025-01-01 01:02:02,247046545.34273005
2025-01-01 01:02:03,243072234.94829077
2025-01-01 01:02:04,242801061.94650897
2025-01-01 01:02:05,241947542.2386663
2025-01-01 01:02:06,244537976.38423294
2025-01-01 01:02:07,246224411.82277724
2025-01-01 01:02:08,246216631.2527852
2025-01-01 01:02:09,247578919.81963348
2025-01-01 01:02:10,249588502.88455504
2025-01-01 01:02:11,248530794.68579018
2025-01-01 01:02:12,250752306.41773033
2025-01-01 01:02:13,252100887.200746
2025-01-01 01:02:14,251743011.4269414
2025-01-01 01:02:15,250604070.55026007
2025-01-01 01:02:16,251988107.9362267
2025-01-01 01:02:17,254640917.9406137
2025-01-01 01:02:18,252773539.53546572
2025-01-01 01:02:19,258004400.10048443
2025-01-01 01:02:20,257068760.32751825
2025-01-01 01:02:21,252869292.82548043
2025-01-01 01:02:22,251328567.24797603
2025-01-01 01:02:23,255237180.5892235
2025-01-01 01:02:24,255866419.8754259
2025-01-01 01:02:25,251158288.47069225
2025-01-01 01:02:26,253949267.72290275
2025-01-01 01:02:27,253637096.41946572
2025-01-01 01:02:28,252721517.36309934
2025-01-01 01:02:29,252232197.03548238
2025-01-01 01:02:30,257924563.97661862
2025-01-01 01:02:31,256791910.2454289
2025-01-01 01:02:32,261276474.94791108
2025-01-01 01:02:33,259066790.9467138
2025-01-01 01:02:34,258351776.26769838
2025-01-01 01:02:35,252459337.31830156
2025-01-01 01:02:36,252699072.91905746
2025-01-01 01:02:37,259348357.24183357
2025-01-01 01:02:38,255718729.79307774
2025-01-01 01:02:39,256464479.33866057
2025-01-01 01:02:40,255308853.39997348
2025-01-01 01:02:41,253537285.23461267
2025-01-01 01:02:42,250888836.02452642
2025-01-01 01:02:43,246343411.58439746
2025-01-01 01:02:44,247218216.94518623
2025-01-01 01:02:45,248778993.25137243
2025-01-01 01:02:46,248317994.5706088
2025-01-01 01:02:47,250637108.3527001
2025-01-01 01:02:48,248608665.23871118
2025-01-01 01:02:49,248536135.76026782
2025-01-01 01:02:50,249817330.89121372
2025-01-01 01:02:51,247608710.6599025
2025-01-01 01:02:52,247644888.94163695
2025-01-01 01:02:53,250138365.07550877
2025-01-01 01:02:54,248509687.73231944
2025-01-01 01:02:55,251553261.85883588
2025-01-01 01:02:56,249698285.63924512
2025-01-01 01:02:57,246779453.30640158
2025-01-01 01:02:58,246339721.80903766
2025-01-01 01:02:59,247626365.90670353
2025-01-01 01:03:00,247462126.38588077
2025-01-01 01:03:01,254554635.61754823
2025-01-01 01:03:02,250095580.68341357
2025-01-01 01:03:03,253181869.3107989
2025-01-01 01:03:04,251716709.48684824
2025-01-01 01:03:05,255387157.75351012
2025-01-01 01:03:06,252310391.0441205
2025-01-01 01:03:07,256100275.01701552
2025-01-01 01:03:08,253297784.06499916
2025-01-01 01:03:09,250981004.65068182
2025-01-01 01:03:10,245681622.00408733
2025-01-01 01:03:11,247821484.91201133
2025-01-01 01:03:12,246745611.575966
2025-01-01 01:03:13,248334691.28383148
2025-01-01 01:03:14,248507837.10579252
2025-01-01 01:03:15,248579374.17529774
2025-01-01 01:03:16,245294416.40845108
2025-01-01 01:03:17,249240757.04641744
2025-01-01 01:03:18,251754333.647792
2025-01-01 01:03:19,247453114.08795625
2025-01-01 01:03:20,246107868.73635244
2025-01-01 01:03:21,249143161.0390273
2025-01-01 01:03:22,245771860.45683083
2025-01-01 01:03:23,244342309.3911133
2025-01-01 01:03:24,246610607.17280272
2025-01-01 01:03:25,247700873.97295812
2025-01-01 01:03:26,246523276.68841553
2025-01-01 01:03:27,250006832.36123767
2025-01-01 01:03:28,251034756.8113275
2025-01-01 01:03:29,252555627.1484611
2025-01-01 01:03:30,252908472.0743731
2025-01-01 01:03:31,253358894.79466185
2025-01-01 01:03:32,256503861.175388
2025-01-01 01:03:33,251383838.62369028
2025-01-01 01:03:34,251722068.10388434
2025-01-01 01:03:35,249631419.11746424
2025-01-01 01:03:36,250908685.6606109
2025-01-01 01:03:37,255264876.29004988
2025-01-01 01:03:38,259430787.25220585
2025-01-01 01:03:39,254070504.87116793
2025-01-01 01:03:40,249379080.24167973
2025-01-01 01:03:41,246478742.29680747
2025-01-01 01:03:42,249644931.4892916
2025-01-01 01:03:43,250124597.07017478
2025-01-01 01:03:44,246884414.70696944
2025-01-01 01:03:45,248948316.00687575
2025-01-01 01:03:46,252741668.71370107
2025-01-01 01:03:47,245389050.05896685
2025-01-01 01:03:48,249115947.6808716
2025-01-01 01:03:49,247548011.05650586
2025-01-01 01:03:50,250201368.9404548
2025-01-01 01:03:51,247605989.20529264
2025-01-01 01:03:52,247832382.67507476
2025-01-01 01:03:53,255317850.9098807
2025-01-01 01:03:54,251033268.14473256
2025-01-01 01:03:55,254137394.69574192
2025-01-01 01:03:56,249824010.94437772
2025-01-01 01:03:57,249473591.87362418
2025-01-01 01:03:58,251042036.5722357
2025-01-01 01:03:59,255358350.05992067
2025-01-01 01:04:00,247660467.86827156
2025-01-01 01:04:01,247541542.42592266
2025-01-01 01:04:02,245106986.1610722
2025-01-01 01:04:03,247584362.87648782
2025-01-01 01:04:04,246831100.78001028
2025-01-01 01:04:05,248276392.18123114
2025-01-01 01:04:06,252937243.51545826
2025-01-01 01:04:07,256050143.08280352
2025-01-01 01:04:08,260396643.12559307
2025-01-01 01:04:09,254631844.257794
2025-01-01 01:04:10,257408665.62528846
2025-01-01 01:04:11,256479838.7033352
2025-01-01 01:04:12,251117285.8516993
2025-01-01 01:04:13,249744682.1239155
2025-01-01 01:04:14,252120678.08560914
2025-01-01 01:04:15,247999925.1287727
2025-01-01 01:04:16,248572374.95021126
2025-01-01 01:04:17,247117774.84395587
2025-01-01 01:04:18,252594868.70987347
2025-01-01 01:04:19,247718449.200097
2025-01-01 01:04:20,247203659.70856255
2025-01-01 01:04:21,245911986.32010674
2025-01-01 01:04:22,250795175.66393587
2025-01-01 01:04:23,256140164.1889088
2025-01-01 01:04:24,260202443.27117687
2025-01-01 01:04:25,255161606.38812652
2025-01-01 01:04:26,261601256.36810243
2025-01-01 01:04:27,262380583.78693312
2025-01-01 01:04:28,256456011.94634128
2025-01-01 01:04:29,255268304.82848072
2025-01-01 01:04:30,255164207.22571912
2025-01-01 01:04:31,254267961.30286947
2025-01-01 01:04:32,257927589.14955175
2025-01-01 01:04:33,256247078.0512631
2025-01-01 01:04:34,256470427.78570357
2025-01-01 01:04:35,253920938.06433696
2025-01-01 01:04:36,255795994.04031613
2025-01-01 01:04:37,255484310.8530131
2025-01-01 01:04:38,254357320.98025528
2025-01-01 01:04:39,251847458.96611366
2025-01-01 01:04:40,255661070.94374
2025-01-01 01:04:41,254086251.70116648
2025-01-01 01:04:42,250708996.40025344
2025-01-01 01:04:43,255795107.68530416
2025-01-01 01:04:44,253689878.0735819
2025-01-01 01:04:45,252892224.77834755
2025-01-01 01:04:46,250998808.63682392
2025-01-01 01:04:47,247735243.45334044
2025-01-01 01:04:48,250041159.14471003
2025-01-01 01:04:49,248422730.7000956
2025-01-01 01:04:50,252086075.8444496
2025-01-01 01:04:51,250688663.25022098
2025-01-01 01:04:52,251585133.32959136
2025-01-01 01:04:53,250552880.45957422
2025-01-01 01:04:54,253500730.3234097
2025-01-01 01:04:55,257906906.02654922
2025-01-01 01:04:56,256914000.65400013
2025-01-01 01:04:57,256622528.20898628
2025-01-01 01:04:58,257779277.12309155
2025-01-01 01:04:59,254546039.64609304
2025-01-01 01:05:00,251712452.72084615
2025-01-01 01:05:01,251344244.21518543
2025-01-01 01:05:02,250859294.31869498
2025-01-01 01:05:03,245705241.5379867
2025-01-01 01:05:04,250271052.06292617
2025-01-01 01:05:05,255970626.70569813
2025-01-01 01:05:06,257702457.86648956
2025-01-01 01:05:07,253422146.60678655
2025-01-01 01:05:08,253244992.74367464
2025-01-01 01:05:09,250980506.86992246
2025-01-01 01:05:10,251305447.0616662
2025-01-01 01:05:11,250547361.4493403
2025-01-01 01:05:12,252641784.21522593
2025-01-01 01:05:13,251788285.03398108
2025-01-01 01:05:14,250727736.3405019
2025-01-01 01:05:15,253154591.2788124
2025-01-01 01:05:16,256387477.97706583
2025-01-01 01:05:17,253724389.6633954
2025-01-01 01:05:18,254395803.16614047
2025-01-01 01:05:19,248398697.92082208
2025-01-01 01:05:20,249197181.21367714
2025-01-01 01:05:21,245374299.8851767
2025-01-01 01:05:22,246524085.52853286
2025-01-01 01:05:23,251550465.6788744
2025-01-01 01:05:24,251712861.46205148
2025-01-01 01:05:25,246455258.78932223
2025-01-01 01:05:26,247343024.02401954
2025-01-01 01:05:27,252118854.44638756
2025-01-01 01:05:28,252271168.46149603
2025-01-01 01:05:29,253102921.61567304
2025-01-01 01:05:30,251893148.33292428
2025-01-01 01:05:31,249366115.5561331
2025-01-01 01:05:32,248379219.7680832
2025-01-01 01:05:33,248136794.12075362
2025-01-01 01:05:34,252494144.3062562
2025-01-01 01:05:35,247503879.47306716
2025-01-01 01:05:36,245100791.1420211
2025-01-01 01:05:37,248915083.38911626
2025-01-01 01:05:38,247734123.48756665
2025-01-01 01:05:39,245913248.1677807
2025-01-01 01:05:40,242024238.98247707
2025-01-01 01:05:41,247186558.0253252
2025-01-01 01:05:42,247887485.0985203
2025-01-01 01:05:43,244740254.0572548
2025-01-01 01:05:44,242397595.60754737
2025-01-01 01:05:45,243993616.02726004
2025-01-01 01:05:46,248118162.64273512
2025-01-01 01:05:47,251958681.20036083
2025-01-01 01:05:48,253775400.6117839
2025-01-01 01:05:49,253970298.07053694
2025-01-01 01:05:50,252056001.70269918
2025-01-01 01:05:51,250094607.4972044
2025-01-01 01:05:52,251212740.52786067
2025-01-01 01:05:53,250657311.74148458
2025-01-01 01:05:54,250669650.5029131
2025-01-01 01:05:55,253376841.07800215
2025-01-01 01:05:56,251860137.093091
2025-01-01 01:05:57,257392003.39225772
2025-01-01 01:05:58,256080007.44641778
2025-01-01 01:05:59,260153255.88127506
2025-01-01 01:06:00,254476517.1143854
2025-01-01 01:06:01,254875068.45368078
2025-01-01 01:06:02,254555322.0322008
2025-01-01 01:06:03,251576305.0746209
2025-01-01 01:06:04,254837266.97600377
2025-01-01 01:06:05,258210090.01061794
2025-01-01 01:06:06,257089902.1831965
2025-01-01 01:06:07,256048224.96695942
2025-01-01 01:06:08,255298742.20910734
2025-01-01 01:06:09,252788628.37624273
2025-01-01 01:06:10,254310746.22960204
2025-01-01 01:06:11,250570631.3079536
2025-01-01 01:06:12,254817638.67069095
2025-01-01 01:06:13,256254898.89506206
2025-01-01 01:06:14,256605921.35200658
2025-01-01 01:06:15,260991787.6065183
2025-01-01 01:06:16,258515370.65099546
2025-01-01 01:06:17,258464030.31133014
2025-01-01 01:06:18,255590771.81250632
2025-01-01 01:06:19,253965040.0508981
2025-01-01 01:06:20,254762372.06028235
2025-01-01 01:06:21,251635655.26199454
2025-01-01 01:06:22,253160944.80725768
2025-01-01 01:06:23,253292383.0941927
2025-01-01 01:06:24,255522314.6420094
2025-01-01 01:06:25,254910332.93930468
2025-01-01 01:06:26,252481425.01141047
2025-01-01 01:06:27,253957895.81010467
2025-01-01 01:06:28,250153534.7503923
2025-01-01 01:06:29,248176789.25244582
2025-01-01 01:06:30,250215686.44196394
2025-01-01 01:06:31,246830799.2550981
2025-01-01 01:06:32,248060626.48575336
2025-01-01 01:06:33,248863429.75914523
2025-01-01 01:06:34,249789329.35089234
2025-01-01 01:06:35,250218339.4066524
2025-01-01 01:06:36,251016710.90849414
2025-01-01 01:06:37,254046241.98426154
2025-01-01 01:06:38,248225836.80127537
2025-01-01 01:06:39,247670233.7300012
2025-01-01 01:06:40,252249761.87162155
2025-01-01 01:06:41,253449598.9542502
2025-01-01 01:06:42,254128152.44961348
2025-01-01 01:06:43,251998205.90150648
2025-01-01 01:06:44,251854009.23441193
2025-01-01 01:06:45,251516978.05620188
2025-01-01 01:06:46,253194236.0794792
2025-01-01 01:06:47,254300897.3958431
2025-01-01 01:06:48,254980260.62269765
2025-01-01 01:06:49,252568510.8742191
2025-01-01 01:06:50,250609303.19361705
2025-01-01 01:06:51,249173950.8355786
2025-01-01 01:06:52,257786738.81439316
2025-01-01 01:06:53,256654644.41802216
2025-01-01 01:06:54,251937561.13974085
2025-01-01 01:06:55,255623694.01490378
2025-01-01 01:06:56,255496500.42790926
2025-01-01 01:06:57,253595512.32692137
2025-01-01 01:06:58,253765672.1871681
2025-01-01 01:06:59,253726875.69043773
2025-01-01 01:07:00,252228511.44564176
2025-01-01 01:07:01,252557620.78452426
2025-01-01 01:07:02,252898846.10102308
2025-01-01 01:07:03,255118963.36308017
2025-01-01 01:07:04,251362313.18743375
2025-01-01 01:07:05,250715200.68924382
2025-01-01 01:07:06,252934427.86214018
2025-01-01 01:07:07,254116412.15660802
2025-01-01 01:07:08,250232941.5030199
2025-01-01 01:07:09,249826372.86439058
2025-01-01 01:07:10,253487707.28609544
2025-01-01 01:07:11,249902779.0342907
2025-01-01 01:07:12,250452278.89920807
2025-01-01 01:07:13,252973502.86300662
2025-01-01 01:07:14,253256071.47067785
2025-01-01 01:07:15,249314737.88328457
2025-01-01 01:07:16,252421992.69788945
2025-01-01 01:07:17,253605295.88063583
2025-01-01 01:07:18,252939474.9237399
2025-01-01 01:07:19,252181195.6312031
2025-01-01 01:07:20,255430201.23322913
2025-01-01 01:07:21,249807880.0746971
2025-01-01 01:07:22,249886038.53538552
2025-01-01 01:07:23,249265380.4067895
2025-01-01 01:07:24,250514026.8065952
2025-01-01 01:07:25,248111817.58973816
2025-01-01 01:07:26,246243054.8802313
2025-01-01 01:07:27,249746030.8026857
2025-01-01 01:07:28,249113349.18761623
2025-01-01 01:07:29,245113494.66645515
2025-01-01 01:07:30,243290069.67926854
2025-01-01 01:07:31,250690869.8408697
2025-01-01 01:07:32,250799858.64325136
2025-01-01 01:07:33,252110365.48507765
2025-01-01 01:07:34,250760627.6897277
2025-01-01 01:07:35,254979728.16523725
2025-01-01 01:07:36,252517757.8274688
2025-01-01 01:07:37,251045541.77703902
2025-01-01 01:07:38,253817970.36678746
2025-01-01 01:07:39,255863763.71212828
2025-01-01 01:07:40,259124184.88424736
2025-01-01 01:07:41,251684577.53238273
2025-01-01 01:07:42,247843067.76444465
2025-01-01 01:07:43,247808372.70811206
2025-01-01 01:07:44,246278823.1502991
2025-01-01 01:07:45,249027605.48621154
2025-01-01 01:07:46,249117024.52127975
2025-01-01 01:07:47,251542778.5203401
2025-01-01 01:07:48,246883889.66826734
2025-01-01 01:07:49,249267589.40581477
2025-01-01 01:07:50,249726935.7231371
2025-01-01 01:07:51,249165532.23995015
2025-01-01 01:07:52,249962701.5004762
2025-01-01 01:07:53,245042645.55137616
2025-01-01 01:07:54,247319245.31135973
2025-01-01 01:07:55,250089956.51081932
2025-01-01 01:07:56,253762887.80981758
2025-01-01 01:07:57,255405520.9751068
2025-01-01 01:07:58,251490724.36526603
2025-01-01 01:07:59,249879886.8006488
2025-01-01 01:08:00,244900498.1619828
2025-01-01 01:08:01,247510390.55548063
2025-01-01 01:08:02,248318785.07030797
2025-01-01 01:08:03,247512889.42822793
2025-01-01 01:08:04,250390700.80596685
2025-01-01 01:08:05,249310458.03943744
2025-01-01 01:08:06,250547179.81236535
2025-01-01 01:08:07,254904440.58019513
2025-01-01 01:08:08,247143193.58276498
2025-01-01 01:08:09,247127116.87072533
2025-01-01 01:08:10,249086324.12292808
2025-01-01 01:08:11,247369693.6542392
2025-01-01 01:08:12,248389422.6091561
2025-01-01 01:08:13,249126785.9080681
2025-01-01 01:08:14,249775190.1795773
2025-01-01 01:08:15,248754410.49249366
2025-01-01 01:08:16,249939102.51553643
2025-01-01 01:08:17,250278903.5432652
2025-01-01 01:08:18,246695037.23524576
2025-01-01 01:08:19,242391502.7016237
2025-01-01 01:08:20,245565283.3983777
2025-01-01 01:08:21,245867695.73226503
2025-01-01 01:08:22,244614671.4243132
2025-01-01 01:08:23,249082583.34033236
2025-01-01 01:08:24,246086964.5729972
2025-01-01 01:08:25,244622097.123849
2025-01-01 01:08:26,246055850.33525404
2025-01-01 01:08:27,245409417.3272806
2025-01-01 01:08:28,250700836.69152427
2025-01-01 01:08:29,250173212.1173609
2025-01-01 01:08:30,250865357.75319952
2025-01-01 01:08:31,247901484.66773918
2025-01-01 01:08:32,247063771.2419084
2025-01-01 01:08:33,248672158.30213535
2025-01-01 01:08:34,246128231.14281672
2025-01-01 01:08:35,245496538.81333235
2025-01-01 01:08:36,247186020.18219918
2025-01-01 01:08:37,251957462.93451157
2025-01-01 01:08:38,252537870.79322228
2025-01-01 01:08:39,248886144.74872428
2025-01-01 01:08:40,248710357.95119768
2025-01-01 01:08:41,245666964.95454744
2025-01-01 01:08:42,245796426.3177737
2025-01-01 01:08:43,246640515.110882
2025-01-01 01:08:44,247736223.6270792
2025-01-01 01:08:45,245093104.87295806
2025-01-01 01:08:46,247378079.08120158
2025-01-01 01:08:47,247842009.18673015
2025-01-01 01:08:48,247236673.1600687
2025-01-01 01:08:49,252046151.3535829
2025-01-01 01:08:50,249541681.4398177
2025-01-01 01:08:51,246118241.461224
2025-01-01 01:08:52,246846536.50440305
2025-01-01 01:08:53,246851990.06600124
2025-01-01 01:08:54,247885008.17729345
2025-01-01 01:08:55,244250143.1801684
2025-01-01 01:08:56,245504558.22992536
2025-01-01 01:08:57,246684084.626183
2025-01-01 01:08:58,250110939.44612002
2025-01-01 01:08:59,250678028.79222926
2025-01-01 01:09:00,248792287.2066574
2025-01-01 01:09:01,249475767.92151722
2025-01-01 01:09:02,247288771.56729048
2025-01-01 01:09:03,250428820.809675
2025-01-01 01:09:04,250377485.0739028
2025-01-01 01:09:05,246012981.89796034
2025-01-01 01:09:06,249546170.73322517
2025-01-01 01:09:07,253902944.87833217
2025-01-01 01:09:08,252070159.18280742
2025-01-01 01:09:09,252213453.10637936
2025-01-01 01:09:10,248192677.92681786
2025-01-01 01:09:11,247273730.9329268
2025-01-01 01:09:12,247653462.37227368
2025-01-01 01:09:13,240786190.73946902
2025-01-01 01:09:14,245292590.44697663
2025-01-01 01:09:15,248657965.82782605
2025-01-01 01:09:16,247024960.92233014
2025-01-01 01:09:17,245817050.0883043
2025-01-01 01:09:18,248793208.8967691
2025-01-01 01:09:19,250159642.48933777
2025-01-01 01:09:20,249847416.01896623
2025-01-01 01:09:21,244911251.55422834
2025-01-01 01:09:22,244284735.25419667
2025-01-01 01:09:23,245917935.99132597
2025-01-01 01:09:24,245458337.94852388
2025-01-01 01:09:25,249850937.09613103
2025-01-01 01:09:26,244062726.94693142
2025-01-01 01:09:27,244572624.8548144
2025-01-01 01:09:28,247243780.7794213
2025-01-01 01:09:29,248053062.36233446
2025-01-01 01:09:30,246348863.66811588
2025-01-01 01:09:31,247220112.9403511
2025-01-01 01:09:32,254082836.18702263
2025-01-01 01:09:33,249555368.80829096
2025-01-01 01:09:34,248007571.0184683
2025-01-01 01:09:35,246851328.18798867
2025-01-01 01:09:36,246788756.32419932
2025-01-01 01:09:37,250268660.00305563
2025-01-01 01:09:38,249368930.93011168
2025-01-01 01:09:39,247285375.52242416
2025-01-01 01:09:40,249881072.9129227
2025-01-01 01:09:41,249113470.5883942
2025-01-01 01:09:42,254482489.4514304
2025-01-01 01:09:43,254896535.39216852
2025-01-01 01:09:44,248159499.0726262
2025-01-01 01:09:45,246580061.36545917
2025-01-01 01:09:46,249432444.98585773
2025-01-01 01:09:47,245967779.45663416
2025-01-01 01:09:48,246680089.85193047
2025-01-01 01:09:49,251803673.12084672
2025-01-01 01:09:50,250764739.99822974
2025-01-01 01:09:51,250466023.7097669
2025-01-01 01:09:52,249429777.39036906
2025-01-01 01:09:53,248778556.85319355
2025-01-01 01:09:54,249401010.7423128
2025-01-01 01:09:55,247700599.45118192
2025-01-01 01:09:56,246478230.7931655
2025-01-01 01:09:57,245780840.766035
2025-01-01 01:09:58,247644314.2576418
2025-01-01 01:09:59,254791013.24827117
2025-01-01 01:10:00,248622690.6436523
2025-01-01 01:10:01,246097895.63411415
2025-01-01 01:10:02,246500146.1362781
2025-01-01 01:10:03,244377475.36550432
2025-01-01 01:10:04,244617967.38944304
2025-01-01 01:10:05,245767426.8466326
2025-01-01 01:10:06,246599733.35448557
2025-01-01 01:10:07,245521308.80576622
2025-01-01 01:10:08,245141717.9518139
2025-01-01 01:10:09,246355105.07467642
2025-01-01 01:10:10,244104529.92735282
2025-01-01 01:10:11,246846834.65131912
2025-01-01 01:10:12,250416231.8712706
2025-01-01 01:10:13,249554924.16941434
2025-01-01 01:10:14,247444893.9879785
2025-01-01 01:10:15,248695761.999551
2025-01-01 01:10:16,250025145.28548908
2025-01-01 01:10:17,244993457.51201326
2025-01-01 01:10:18,249440629.5824765
2025-01-01 01:10:19,252513335.291369
2025-01-01 01:10:20,253798033.51081774
2025-01-01 01:10:21,250835774.12651265
2025-01-01 01:10:22,248284034.8960108
2025-01-01 01:10:23,251186183.5819509
2025-01-01 01:10:24,251815848.3817051
2025-01-01 01:10:25,250402794.93521848
2025-01-01 01:10:26,256414485.35283235
2025-01-01 01:10:27,256633892.49610645
2025-01-01 01:10:28,252732814.9712066
2025-01-01 01:10:29,255151423.23994133
2025-01-01 01:10:30,250334903.68513322
2025-01-01 01:10:31,252961988.39173302
2025-01-01 01:10:32,252536673.48157978
2025-01-01 01:10:33,257689596.469113
2025-01-01 01:10:34,259849167.47448277
2025-01-01 01:10:35,252565756.73411953
2025-01-01 01:10:36,254611240.45817086
2025-01-01 01:10:37,251906394.669827
2025-01-01 01:10:38,250480487.26542947
2025-01-01 01:10:39,252901030.61397895
2025-01-01 01:10:40,253416510.1972194
2025-01-01 01:10:41,249509105.81900916
2025-01-01 01:10:42,252019281.18342584
2025-01-01 01:10:43,252812918.576853
2025-01-01 01:10:44,251856732.63489842
2025-01-01 01:10:45,252762243.3552151
2025-01-01 01:10:46,252889224.0977484
2025-01-01 01:10:47,249047612.23637888
2025-01-01 01:10:48,248645314.71222925
2025-01-01 01:10:49,249567688.02977696
2025-01-01 01:10:50,251272075.35458273
2025-01-01 01:10:51,248386044.74892417
2025-01-01 01:10:52,249183790.7804893
2025-01-01 01:10:53,252213293.4631527
2025-01-01 01:10:54,249386089.99088046
2025-01-01 01:10:55,249020584.16902217
2025-01-01 01:10:56,247834937.42612427
2025-01-01 01:10:57,247805694.6039078
2025-01-01 01:10:58,246635510.70470566
2025-01-01 01:10:59,245118994.75156224
2025-01-01 01:11:00,247989581.19498366
2025-01-01 01:11:01,248153839.00341204
2025-01-01 01:11:02,247221186.91484684
2025-01-01 01:11:03,251026076.12561405
2025-01-01 01:11:04,256329531.38920766
2025-01-01 01:11:05,250812239.44188604
2025-01-01 01:11:06,250268416.13375837
2025-01-01 01:11:07,249932062.71310645
2025-01-01 01:11:08,248470324.4348384
2025-01-01 01:11:09,248699378.00342542
2025-01-01 01:11:10,253964436.3886082
2025-01-01 01:11:11,252920115.16070125
2025-01-01 01:11:12,255657341.9026636
2025-01-01 01:11:13,255362859.4113379
2025-01-01 01:11:14,249801710.0030156
2025-01-01 01:11:15,251261323.1450614
2025-01-01 01:11:16,252004905.5647678
2025-01-01 01:11:17,253890090.23583275
2025-01-01 01:11:18,252833480.13783324
2025-01-01 01:11:19,248764079.30414551
2025-01-01 01:11:20,249702246.22658044
2025-01-01 01:11:21,253116868.05063435
2025-01-01 01:11:22,253224503.08721
2025-01-01 01:11:23,252667685.11883673
2025-01-01 01:11:24,250591394.4065278
2025-01-01 01:11:25,250249050.83185786
2025-01-01 01:11:26,253545395.8870312
2025-01-01 01:11:27,254864562.34161505
2025-01-01 01:11:28,251677072.60464522
2025-01-01 01:11:29,256693290.852244
2025-01-01 01:11:30,255617797.1849911
2025-01-01 01:11:31,253570429.6466838
2025-01-01 01:11:32,257870588.40358987
2025-01-01 01:11:33,256162278.60987964
2025-01-01 01:11:34,252507004.822769
2025-01-01 01:11:35,255862755.40934548
2025-01-01 01:11:36,255197023.55190566
2025-01-01 01:11:37,254690470.77033702
2025-01-01 01:11:38,255871797.37891984
2025-01-01 01:11:39,256304981.28772435
2025-01-01 01:11:40,254616345.55127057
2025-01-01 01:11:41,251789073.84549892
2025-01-01 01:11:42,250559550.037221
2025-01-01 01:11:43,254170580.7108847
2025-01-01 01:11:44,252026834.13017622
2025-01-01 01:11:45,254999588.20412394
2025-01-01 01:11:46,255618633.748928
2025-01-01 01:11:47,256706303.53944308
2025-01-01 01:11:48,253792448.7669379
2025-01-01 01:11:49,254130774.695298
2025-01-01 01:11:50,253842078.2225812
2025-01-01 01:11:51,254023359.87308106
2025-01-01 01:11:52,253945381.97561088
2025-01-01 01:11:53,253246926.63058066
2025-01-01 01:11:54,253698943.9745721
2025-01-01 01:11:55,253081760.30548748
2025-01-01 01:11:56,253711251.5110739
2025-01-01 01:11:57,254772614.1519106
2025-01-01 01:11:58,252726850.88557956
2025-01-01 01:11:59,250355230.38852534
2025-01-01 01:12:00,253344020.63086417
2025-01-01 01:12:01,261334544.13507387
2025-01-01 01:12:02,259689255.05156404
2025-01-01 01:12:03,254903105.1897009
2025-01-01 01:12:04,251169491.197722
2025-01-01 01:12:05,248573723.5846782
2025-01-01 01:12:06,246437191.21060804
2025-01-01 01:12:07,246294896.1894208
2025-01-01 01:12:08,246391173.40557277
2025-01-01 01:12:09,245178516.74036136
2025-01-01 01:12:10,244927763.6170318
2025-01-01 01:12:11,247644501.82724977
2025-01-01 01:12:12,245293415.10610628
2025-01-01 01:12:13,247851273.72935402
2025-01-01 01:12:14,252970050.57679236
2025-01-01 01:12:15,249570582.98906577
2025-01-01 01:12:16,251313141.4803238
2025-01-01 01:12:17,246017680.62695283
2025-01-01 01:12:18,250735875.69286883
2025-01-01 01:12:19,247371158.06556177
2025-01-01 01:12:20,248650664.77239543
2025-01-01 01:12:21,250085492.47673
2025-01-01 01:12:22,249963153.5751878
2025-01-01 01:12:23,246622982.70805514
2025-01-01 01:12:24,242194343.8316739
2025-01-01 01:12:25,245967086.35197502
2025-01-01 01:12:26,244951931.06024727
2025-01-01 01:12:27,248101238.73155499
2025-01-01 01:12:28,252183487.85920352
2025-01-01 01:12:29,253515109.53766593
2025-01-01 01:12:30,251929810.58476108
2025-01-01 01:12:31,255769369.1223949
2025-01-01 01:12:32,253817078.127925
2025-01-01 01:12:33,253943870.9327851
2025-01-01 01:12:34,252624719.09460327
2025-01-01 01:12:35,253061003.49762166
2025-01-01 01:12:36,253342682.1048906
2025-01-01 01:12:37,250355867.38020992
2025-01-01 01:12:38,255653444.97350726
2025-01-01 01:12:39,254511823.5387954
2025-01-01 01:12:40,254791194.4719781
2025-01-01 01:12:41,253812115.70390677
2025-01-01 01:12:42,255413216.5261399
2025-01-01 01:12:43,257811045.13567606
2025-01-01 01:12:44,255751028.69169676
2025-01-01 01:12:45,253048773.18845865
2025-01-01 01:12:46,254592339.1776787
2025-01-01 01:12:47,255349554.52756003
2025-01-01 01:12:48,255052129.87561935
2025-01-01 01:12:49,252701409.7430874
2025-01-01 01:12:50,252358397.48462787
2025-01-01 01:12:51,251859473.51860794
2025-01-01 01:12:52,251870125.56708306
2025-01-01 01:12:53,251320496.4489669
2025-01-01 01:12:54,250545873.30332652
2025-01-01 01:12:55,250905098.72407436
2025-01-01 01:12:56,251769020.50430727
2025-01-01 01:12:57,252735190.97468853
2025-01-01 01:12:58,252889924.58437407
2025-01-01 01:12:59,256438299.96170735
2025-01-01 01:13:00,255583354.44327077
2025-01-01 01:13:01,253664106.7386754
2025-01-01 01:13:02,253569824.148527
2025-01-01 01:13:03,253200657.11796907
2025-01-01 01:13:04,254629832.65436834
2025-01-01 01:13:05,253613786.70923752
2025-01-01 01:13:06,254551496.04448888
2025-01-01 01:13:07,256264129.12406704
2025-01-01 01:13:08,254487055.67778143
2025-01-01 01:13:09,252888009.1246683
2025-01-01 01:13:10,257579638.63734585
2025-01-01 01:13:11,252771839.0929631
2025-01-01 01:13:12,253933187.444316
2025-01-01 01:13:13,254111165.91629344
2025-01-01 01:13:14,252566996.68018153
2025-01-01 01:13:15,253697178.3407489
2025-01-01 01:13:16,250563314.08765253
2025-01-01 01:13:17,253725890.74354345
2025-01-01 01:13:18,254487501.17179862
2025-01-01 01:13:19,255794126.13193926
2025-01-01 01:13:20,253342366.47563103
2025-01-01 01:13:21,244895876.14026368
2025-01-01 01:13:22,248782241.9738104
2025-01-01 01:13:23,249837033.04792106
2025-01-01 01:13:24,247853491.92560807
2025-01-01 01:13:25,245763513.71937928
2025-01-01 01:13:26,244877720.93538114
2025-01-01 01:13:27,247510516.07114187
2025-01-01 01:13:28,245489829.19662467
2025-01-01 01:13:29,253401990.9441695
2025-01-01 01:13:30,252504396.69433308
2025-01-01 01:13:31,250930405.2726375
2025-01-01 01:13:32,252468739.63238978
2025-01-01 01:13:33,250389198.92931882
2025-01-01 01:13:34,254332573.0517108
2025-01-01 01:13:35,258059031.17341042
2025-01-01 01:13:36,256464402.21035028
2025-01-01 01:13:37,247341691.4752279
2025-01-01 01:13:38,250448705.27160218
2025-01-01 01:13:39,252854074.1788929
2025-01-01 01:13:40,251854582.93114424
2025-01-01 01:13:41,251343555.69922444
2025-01-01 01:13:42,250428755.39658326
2025-01-01 01:13:43,251705203.90447837
2025-01-01 01:13:44,244315577.0610392
2025-01-01 01:13:45,243551776.42809394
2025-01-01 01:13:46,245034219.78274855
2025-01-01 01:13:47,248582658.88160715
2025-01-01 01:13:48,248974544.28913626
2025-01-01 01:13:49,248413983.20129976
2025-01-01 01:13:50,249419685.1691295
2025-01-01 01:13:51,246311624.47373846
2025-01-01 01:13:52,248249719.6405275
2025-01-01 01:13:53,245683097.87895304
2025-01-01 01:13:54,249321628.84788615
2025-01-01 01:13:55,240473022.91983396
2025-01-01 01:13:56,241763633.43919185
2025-01-01 01:13:57,247413603.18487114
2025-01-01 01:13:58,250071445.6331143
2025-01-01 01:13:59,248956284.10067275
2025-01-01 01:14:00,250273867.20524463
2025-01-01 01:14:01,251103031.07188702
2025-01-01 01:14:02,255881328.34705174
2025-01-01 01:14:03,252342744.40762147
2025-01-01 01:14:04,248734708.09210268
2025-01-01 01:14:05,250574084.23117614
2025-01-01 01:14:06,250641444.08631364
2025-01-01 01:14:07,250559813.85307315
2025-01-01 01:14:08,251519144.21360287
2025-01-01 01:14:09,248865894.84044817
2025-01-01 01:14:10,248566437.27646768
2025-01-01 01:14:11,251064117.04855236
2025-01-01 01:14:12,255122523.40957093
2025-01-01 01:14:13,257840712.7394985
2025-01-01 01:14:14,250985511.09880555
2025-01-01 01:14:15,253521851.42740837
2025-01-01 01:14:16,248424092.71395627
2025-01-01 01:14:17,248098191.0797882
2025-01-01 01:14:18,248583323.19582132
2025-01-01 01:14:19,248636618.4055687
2025-01-01 01:14:20,248728501.64071497
2025-01-01 01:14:21,250607725.104348
2025-01-01 01:14:22,247138251.8191458
2025-01-01 01:14:23,244334432.39267036
2025-01-01 01:14:24,251920897.59596637
2025-01-01 01:14:25,251046240.6444831
2025-01-01 01:14:26,252735172.95049715
2025-01-01 01:14:27,250831956.4054964
2025-01-01 01:14:28,252500257.90055043
2025-01-01 01:14:29,250998791.2862398
2025-01-01 01:14:30,248065954.50021085
2025-01-01 01:14:31,249826470.30871248
2025-01-01 01:14:32,251669729.81505477
2025-01-01 01:14:33,248619819.89412925
2025-01-01 01:14:34,248745064.91323155
2025-01-01 01:14:35,252870317.66434667
2025-01-01 01:14:36,253434552.2518197
2025-01-01 01:14:37,252033324.476296
2025-01-01 01:14:38,243838104.9629097
2025-01-01 01:14:39,246296259.86235714
2025-01-01 01:14:40,245507210.20880792
2025-01-01 01:14:41,249851993.20736137
2025-01-01 01:14:42,246336554.73180988
2025-01-01 01:14:43,249324009.91855592
2025-01-01 01:14:44,250454230.09848672
2025-01-01 01:14:45,253245973.95135605
2025-01-01 01:14:46,256257791.3805335
2025-01-01 01:14:47,250282008.66471162
2025-01-01 01:14:48,251761653.472724
2025-01-01 01:14:49,250435773.11714125
2025-01-01 01:14:50,248508394.20527336
2025-01-01 01:14:51,249542802.8805809
2025-01-01 01:14:52,249433254.17702454
2025-01-01 01:14:53,252857443.9928507
2025-01-01 01:14:54,251990140.99223495
2025-01-01 01:14:55,252080298.26698565
2025-01-01 01:14:56,252600719.36874193
2025-01-01 01:14:57,250008571.5106834
2025-01-01 01:14:58,252011509.6352147
2025-01-01 01:14:59,249342739.7624464
2025-01-01 01:15:00,251285632.21835703
2025-01-01 01:15:01,250892245.9610385
2025-01-01 01:15:02,250160474.2773461
2025-01-01 01:15:03,256898731.51182473
2025-01-01 01:15:04,252567959.91364288
2025-01-01 01:15:05,254781901.51718262
2025-01-01 01:15:06,252534903.80975744
2025-01-01 01:15:07,258585672.7460523
2025-01-01 01:15:08,255864853.53663102
2025-01-01 01:15:09,255353277.19368523
2025-01-01 01:15:10,255875500.35985988
2025-01-01 01:15:11,257399993.76560444
2025-01-01 01:15:12,256967826.203796
2025-01-01 01:15:13,258165065.71469563
2025-01-01 01:15:14,255003107.65517133
2025-01-01 01:15:15,256733425.94789574
2025-01-01 01:15:16,257400329.76798558
2025-01-01 01:15:17,255856065.88133487
2025-01-01 01:15:18,260462865.94190133
2025-01-01 01:15:19,255706361.72962806
2025-01-01 01:15:20,257789347.79626617
2025-01-01 01:15:21,261337740.3040822
2025-01-01 01:15:22,256360099.85657075
2025-01-01 01:15:23,253811470.513554
2025-01-01 01:15:24,253131847.91549155
2025-01-01 01:15:25,255011073.45874515
2025-01-01 01:15:26,255237136.5161598
2025-01-01 01:15:27,253482823.90133318
2025-01-01 01:15:28,250503104.70116165
2025-01-01 01:15:29,247067449.98084196
2025-01-01 01:15:30,251471957.22913602
2025-01-01 01:15:31,249823466.13889968
2025-01-01 01:15:32,248555157.2678869
2025-01-01 01:15:33,251812918.0007909
2025-01-01 01:15:34,250645215.5775678
2025-01-01 01:15:35,252836967.42982557
2025-01-01 01:15:36,249460212.55004507
2025-01-01 01:15:37,249795156.760586
2025-01-01 01:15:38,251823902.13216513
2025-01-01 01:15:39,253423857.25903022
2025-01-01 01:15:40,256766094.60039252
2025-01-01 01:15:41,253083263.4883618
2025-01-01 01:15:42,254362629.4832584
2025-01-01 01:15:43,257337372.5204774
2025-01-01 01:15:44,251949889.85858527
2025-01-01 01:15:45,251314158.6795073
2025-01-01 01:15:46,252858460.24932015
2025-01-01 01:15:47,256054030.28186992
2025-01-01 01:15:48,252582153.50461525
2025-01-01 01:15:49,252235408.04432923
2025-01-01 01:15:50,253972819.00436246
2025-01-01 01:15:51,254756532.90242916
2025-01-01 01:15:52,255970786.74745172
2025-01-01 01:15:53,253637022.32391825
2025-01-01 01:15:54,252203202.56161085
2025-01-01 01:15:55,255667828.92683932
2025-01-01 01:15:56,253505662.04409644
2025-01-01 01:15:57,253937949.68596193
2025-01-01 01:15:58,255414971.66927457
2025-01-01 01:15:59,254650389.71900505
2025-01-01 01:16:00,255216841.41228706
2025-01-01 01:16:01,255598266.69996074
2025-01-01 01:16:02,251626040.09434834
2025-01-01 01:16:03,251890007.78677654
2025-01-01 01:16:04,251418691.27343217
2025-01-01 01:16:05,256922398.86018252
2025-01-01 01:16:06,257410258.37651977
2025-01-01 01:16:07,253557164.83362904
2025-01-01 01:16:08,251806109.92776746
2025-01-01 01:16:09,253343245.95724592
2025-01-01 01:16:10,254268335.62903813
2025-01-01 01:16:11,253812761.43374997
2025-01-01 01:16:12,253776503.03203154
2025-01-01 01:16:13,257687686.74812055
2025-01-01 01:16:14,257016340.1523214
2025-01-01 01:16:15,255863852.39930952
2025-01-01 01:16:16,257050532.3496809
2025-01-01 01:16:17,251215037.59019652
2025-01-01 01:16:18,248442983.9763834
2025-01-01 01:16:19,252580255.99639222
2025-01-01 01:16:20,249986449.20152673
2025-01-01 01:16:21,247694973.66073573
2025-01-01 01:16:22,250705633.31701213
2025-01-01 01:16:23,255539927.14058676
2025-01-01 01:16:24,255780359.63338062
2025-01-01 01:16:25,256719588.65636587
2025-01-01 01:16:26,253349749.6396667
2025-01-01 01:16:27,252758982.1834599
2025-01-01 01:16:28,257120949.46593514
2025-01-01 01:16:29,256117089.62034753
2025-01-01 01:16:30,252755383.92032287
2025-01-01 01:16:31,253102006.74039787
2025-01-01 01:16:32,250927848.3456701
2025-01-01 01:16:33,255715184.23726046
2025-01-01 01:16:34,256010811.85209477
2025-01-01 01:16:35,254056841.6955066
2025-01-01 01:16:36,253531856.81016386
2025-01-01 01:16:37,254125916.30396402
2025-01-01 01:16:38,253093567.25682846
2025-01-01 01:16:39,250171611.08640084
2025-01-01 01:16:40,255360575.09134752
2025-01-01 01:16:41,254449972.25749102
2025-01-01 01:16:42,253006712.72040382
2025-01-01 01:16:43,251256275.6799325
2025-01-01 01:16:44,249965109.5040199
2025-01-01 01:16:45,250534204.1169497
2025-01-01 01:16:46,253356848.82979423
2025-01-01 01:16:47,255642483.3610763
2025-01-01 01:16:48,251910785.21418968
2025-01-01 01:16:49,254522283.61979088
2025-01-01 01:16:50,247406393.50009224
2025-01-01 01:16:51,250429481.54455733
2025-01-01 01:16:52,255733402.21198487
2025-01-01 01:16:53,253547713.09128046
2025-01-01 01:16:54,248440948.4537382
2025-01-01 01:16:55,248841510.58189854
2025-01-01 01:16:56,256157576.06904572
2025-01-01 01:16:57,254613916.9453818
2025-01-01 01:16:58,248192128.058472
2025-01-01 01:16:59,250253952.91037512
2025-01-01 01:17:00,249170589.40469268
2025-01-01 01:17:01,246714026.63113895
2025-01-01 01:17:02,247842543.7468377
2025-01-01 01:17:03,247146915.6070143
2025-01-01 01:17:04,249073406.20665854
2025-01-01 01:17:05,248035916.57303515
2025-01-01 01:17:06,250527932.69137964
2025-01-01 01:17:07,248932379.70360133
2025-01-01 01:17:08,249427842.0591163
2025-01-01 01:17:09,248849794.5631707
2025-01-01 01:17:10,251122222.9360128
2025-01-01 01:17:11,246097254.81992155
2025-01-01 01:17:12,247239303.50022238
2025-01-01 01:17:13,244767272.08876672
2025-01-01 01:17:14,244861934.58593243
2025-01-01 01:17:15,247030134.2457051
2025-01-01 01:17:16,246427977.42731
2025-01-01 01:17:17,248880055.3578767
2025-01-01 01:17:18,250044627.21898198
2025-01-01 01:17:19,250511661.0004161
2025-01-01 01:17:20,248061820.38486075
2025-01-01 01:17:21,251548358.77361983
2025-01-01 01:17:22,252206245.5421783
2025-01-01 01:17:23,253911490.48062563
2025-01-01 01:17:24,251672428.9009835
2025-01-01 01:17:25,248176728.65812165
2025-01-01 01:17:26,249887864.80901307
2025-01-01 01:17:27,247420079.86485714
2025-01-01 01:17:28,250926632.21665224
2025-01-01 01:17:29,250645824.5861204
2025-01-01 01:17:30,247547976.22160822
2025-01-01 01:17:31,248982006.54638186
2025-01-01 01:17:32,252719920.2271013
2025-01-01 01:17:33,250585621.33806935
2025-01-01 01:17:34,253270102.87046233
2025-01-01 01:17:35,248117336.91073823
2025-01-01 01:17:36,248815947.27797166
2025-01-01 01:17:37,248406412.66828242
2025-01-01 01:17:38,245159105.24738592
2025-01-01 01:17:39,250684748.47934887
2025-01-01 01:17:40,249237421.17685014
2025-01-01 01:17:41,248742060.58641085
2025-01-01 01:17:42,250797651.09618074
2025-01-01 01:17:43,249915372.10248044
2025-01-01 01:17:44,253511420.5769387
2025-01-01 01:17:45,254616642.847619
2025-01-01 01:17:46,255154659.998826
2025-01-01 01:17:47,247107099.85267112
2025-01-01 01:17:48,246282351.25482935
2025-01-01 01:17:49,250808234.75194573
2025-01-01 01:17:50,255046921.2479029
2025-01-01 01:17:51,252532124.4450415
2025-01-01 01:17:52,256701578.12087837
2025-01-01 01:17:53,256406929.24838004
2025-01-01 01:17:54,253788656.2286685
2025-01-01 01:17:55,252445121.46223316
2025-01-01 01:17:56,251856090.10201824
2025-01-01 01:17:57,249608800.56937277
2025-01-01 01:17:58,243974271.26968613
2025-01-01 01:17:59,248084753.05077627
2025-01-01 01:18:00,249612148.82390505
2025-01-01 01:18:01,250015772.81820664
2025-01-01 01:18:02,255495756.20061386
2025-01-01 01:18:03,256957140.7880585
2025-01-01 01:18:04,255499135.7414083
2025-01-01 01:18:05,253198110.8980217
2025-01-01 01:18:06,254839790.09738868
2025-01-01 01:18:07,256981075.5941944
2025-01-01 01:18:08,251742026.9821996
2025-01-01 01:18:09,254669277.3903278
2025-01-01 01:18:10,256456285.39906737
2025-01-01 01:18:11,256611460.52734601
2025-01-01 01:18:12,257678719.0898076
2025-01-01 01:18:13,256939696.82045463
2025-01-01 01:18:14,253263610.74158102
2025-01-01 01:18:15,253536098.01501715
2025-01-01 01:18:16,251739857.82566616
2025-01-01 01:18:17,248910590.0096838
2025-01-01 01:18:18,249768622.29327345
2025-01-01 01:18:19,256268220.116488
2025-01-01 01:18:20,259297618.5947291
2025-01-01 01:18:21,257042712.34729367
2025-01-01 01:18:22,253600123.62204543
2025-01-01 01:18:23,254765650.58526194
2025-01-01 01:18:24,253895336.60656434
2025-01-01 01:18:25,252237783.192395
2025-01-01 01:18:26,249151476.7777162
2025-01-01 01:18:27,252191019.28490728
2025-01-01 01:18:28,251321570.94937885
2025-01-01 01:18:29,249928579.4849684
2025-01-01 01:18:30,252420133.45141366
2025-01-01 01:18:31,249030206.67980126
2025-01-01 01:18:32,251277023.92961055
2025-01-01 01:18:33,248704811.8553921
2025-01-01 01:18:34,248469134.94357523
2025-01-01 01:18:35,246037291.4649661
2025-01-01 01:18:36,248427042.32584584
2025-01-01 01:18:37,247155140.4338534
2025-01-01 01:18:38,249792599.60767832
2025-01-01 01:18:39,247245463.44290957
2025-01-01 01:18:40,250485794.35733882
2025-01-01 01:18:41,255297634.4045419
2025-01-01 01:18:42,254362571.14586714
2025-01-01 01:18:43,254121006.45324427
2025-01-01 01:18:44,250075280.11875364
2025-01-01 01:18:45,252911922.96785176
2025-01-01 01:18:46,253910238.21561703
2025-01-01 01:18:47,252484767.5573592
2025-01-01 01:18:48,256670326.91804978
2025-01-01 01:18:49,252343651.35327515
2025-01-01 01:18:50,254233337.72890237
2025-01-01 01:18:51,253796149.66456667
2025-01-01 01:18:52,254964187.48346695
2025-01-01 01:18:53,254598388.390742
2025-01-01 01:18:54,251268139.58380172
2025-01-01 01:18:55,248862310.4260905
2025-01-01 01:18:56,251271441.52675372
2025-01-01 01:18:57,248939880.0353774
2025-01-01 01:18:58,248771815.6129831
2025-01-01 01:18:59,253130236.69110134
2025-01-01 01:19:00,250784236.9014861
2025-01-01 01:19:01,248188204.67050317
2025-01-01 01:19:02,250945769.9856848
2025-01-01 01:19:03,249602542.69677716
2025-01-01 01:19:04,248497464.3295709
2025-01-01 01:19:05,244879074.07323018
2025-01-01 01:19:06,243059452.3673917
2025-01-01 01:19:07,249296822.75400865
2025-01-01 01:19:08,253274844.80027762
2025-01-01 01:19:09,251553540.48193112
2025-01-01 01:19:10,248912740.51362962
2025-01-01 01:19:11,252170878.45738205
2025-01-01 01:19:12,252070364.43742436
2025-01-01 01:19:13,252709185.74004918
2025-01-01 01:19:14,248314091.34015757
2025-01-01 01:19:15,251043757.46159893
2025-01-01 01:19:16,251253195.67813402
2025-01-01 01:19:17,254446720.0638601
2025-01-01 01:19:18,254163415.48136643
2025-01-01 01:19:19,251915764.67384037
2025-01-01 01:19:20,251270512.77317423
2025-01-01 01:19:21,249634608.23001423
2025-01-01 01:19:22,247659293.5250419
2025-01-01 01:19:23,249171351.0155496
2025-01-01 01:19:24,248838967.45488802
2025-01-01 01:19:25,249517538.57377115
2025-01-01 01:19:26,250218518.6921715
2025-01-01 01:19:27,252669727.5350998
2025-01-01 01:19:28,249713651.62716937
2025-01-01 01:19:29,247861798.11788315
2025-01-01 01:19:30,252034083.59506103
2025-01-01 01:19:31,249726744.35026237
2025-01-01 01:19:32,248091393.55087337
2025-01-01 01:19:33,250481888.7035135
2025-01-01 01:19:34,256152276.5349373
2025-01-01 01:19:35,254604435.77141178
2025-01-01 01:19:36,251240984.52828184
2025-01-01 01:19:37,250095475.5900957
2025-01-01 01:19:38,248488524.62286958
2025-01-01 01:19:39,251188560.64036936
2025-01-01 01:19:40,251333429.42292893
2025-01-01 01:19:41,254307494.18112192
2025-01-01 01:19:42,256904915.47016245
2025-01-01 01:19:43,251553595.77993932
2025-01-01 01:19:44,251578959.50990406
2025-01-01 01:19:45,252209565.0611018
2025-01-01 01:19:46,250869693.33363596
2025-01-01 01:19:47,252157056.33018568
2025-01-01 01:19:48,254521455.0437504
2025-01-01 01:19:49,251809592.75646272
2025-01-01 01:19:50,250280531.1003567
2025-01-01 01:19:51,248915130.39637902
2025-01-01 01:19:52,248111661.9752229
2025-01-01 01:19:53,249556877.2651468
2025-01-01 01:19:54,247861102.29402584
2025-01-01 01:19:55,248707776.3137213
2025-01-01 01:19:56,249579649.67239332
2025-01-01 01:19:57,248237804.4209381
2025-01-01 01:19:58,248838443.58296302
2025-01-01 01:19:59,252992459.19140866
2025-01-01 01:20:00,251579611.94314975
2025-01-01 01:20:01,252871168.27839965
2025-01-01 01:20:02,252487440.61866
2025-01-01 01:20:03,247303695.96158835
2025-01-01 01:20:04,254215311.82123545
2025-01-01 01:20:05,252275719.3523903
2025-01-01 01:20:06,252896404.80007255
2025-01-01 01:20:07,251709180.00350684
2025-01-01 01:20:08,254076256.16119274
2025-01-01 01:20:09,248456178.73784068
2025-01-01 01:20:10,250744730.8970668
2025-01-01 01:20:11,253301203.77490312
2025-01-01 01:20:12,249521649.00317258
2025-01-01 01:20:13,252096046.1145387
2025-01-01 01:20:14,246537409.31916583
2025-01-01 01:20:15,246705935.47257432
2025-01-01 01:20:16,245862836.38883924
2025-01-01 01:20:17,248849173.14805806
2025-01-01 01:20:18,251154311.97078216
2025-01-01 01:20:19,251791281.29592392
2025-01-01 01:20:20,255438586.063352
2025-01-01 01:20:21,249170633.63486066
2025-01-01 01:20:22,253114120.44177815
2025-01-01 01:20:23,253680877.42449552
2025-01-01 01:20:24,251006935.05641448
2025-01-01 01:20:25,251644258.5203722
2025-01-01 01:20:26,251660258.7361258
2025-01-01 01:20:27,250266651.95811257
2025-01-01 01:20:28,251667809.46537438
2025-01-01 01:20:29,252614237.8886034
2025-01-01 01:20:30,253458822.69272625
2025-01-01 01:20:31,251161653.18161893
2025-01-01 01:20:32,253630886.73775384
2025-01-01 01:20:33,258669285.03504914
2025-01-01 01:20:34,258928697.11379263
2025-01-01 01:20:35,261691720.57987544
2025-01-01 01:20:36,257681594.11947817
2025-01-01 01:20:37,257528508.76344928
2025-01-01 01:20:38,251810858.164803
2025-01-01 01:20:39,255202782.75804868
2025-01-01 01:20:40,257189964.43049765
2025-01-01 01:20:41,252758988.6850501
2025-01-01 01:20:42,257374107.25560313
2025-01-01 01:20:43,253995680.18499485
2025-01-01 01:20:44,253754962.2584138
2025-01-01 01:20:45,254363143.2328293
2025-01-01 01:20:46,253199449.11344102
2025-01-01 01:20:47,251514235.31739146
2025-01-01 01:20:48,251674022.02477297
2025-01-01 01:20:49,259030255.96681255
2025-01-01 01:20:50,253884394.10383126
2025-01-01 01:20:51,252190549.50201553
2025-01-01 01:20:52,252641688.07741043
2025-01-01 01:20:53,255302440.0672948
2025-01-01 01:20:54,253266323.74793735
2025-01-01 01:20:55,252448586.0482364
2025-01-01 01:20:56,245161631.56108814
2025-01-01 01:20:57,253708838.13986984
2025-01-01 01:20:58,253410352.78071558
2025-01-01 01:20:59,252007976.00835812
2025-01-01 01:21:00,251010180.71997258
2025-01-01 01:21:01,253998559.91451478
2025-01-01 01:21:02,251418112.11635742
2025-01-01 01:21:03,246643444.18517885
2025-01-01 01:21:04,247790622.91172978
2025-01-01 01:21:05,248989594.18276355
2025-01-01 01:21:06,251296027.05942944
2025-01-01 01:21:07,251086869.7454098
2025-01-01 01:21:08,249616479.9664466
2025-01-01 01:21:09,251144753.61052337
2025-01-01 01:21:10,254261304.36450058
2025-01-01 01:21:11,252369683.45773765
2025-01-01 01:21:12,253198062.44200298
2025-01-01 01:21:13,249475930.95453885
2025-01-01 01:21:14,252349756.7602235
2025-01-01 01:21:15,253571202.13267353
2025-01-01 01:21:16,256867301.94620395
2025-01-01 01:21:17,259034335.12440732
2025-01-01 01:21:18,255428170.150175
2025-01-01 01:21:19,247294908.99086794
2025-01-01 01:21:20,252431684.294369
2025-01-01 01:21:21,254378938.497327
2025-01-01 01:21:22,252687306.32183906
2025-01-01 01:21:23,256039610.2607001
2025-01-01 01:21:24,253383267.31492725
2025-01-01 01:21:25,254659074.16191477
2025-01-01 01:21:26,257562006.14646968
2025-01-01 01:21:27,255303782.4794128
2025-01-01 01:21:28,254392765.52860248
2025-01-01 01:21:29,253104432.88044643
2025-01-01 01:21:30,253357102.74731082
2025-01-01 01:21:31,255993494.37053025
2025-01-01 01:21:32,259503308.06187323
2025-01-01 01:21:33,256339273.79402667
2025-01-01 01:21:34,255268034.43462813
2025-01-01 01:21:35,255273874.20553896
2025-01-01 01:21:36,253899486.44345167
2025-01-01 01:21:37,253768065.99204063
2025-01-01 01:21:38,250429672.3396128
2025-01-01 01:21:39,251029726.23408005
2025-01-01 01:21:40,252420968.99609533
2025-01-01 01:21:41,250662041.334077
2025-01-01 01:21:42,251572437.7182232
2025-01-01 01:21:43,252089740.0117019
2025-01-01 01:21:44,252549187.96735728
2025-01-01 01:21:45,248430099.930888
2025-01-01 01:21:46,249301527.91326782
2025-01-01 01:21:47,250966590.9578589
2025-01-01 01:21:48,253389683.79225206
2025-01-01 01:21:49,252611186.30631518
2025-01-01 01:21:50,253211724.6354337
2025-01-01 01:21:51,255306207.12674227
2025-01-01 01:21:52,254109738.02140415
2025-01-01 01:21:53,256373877.9166115
2025-01-01 01:21:54,250595244.95391998
2025-01-01 01:21:55,247272154.87295234
2025-01-01 01:21:56,251813370.66311607
2025-01-01 01:21:57,253199873.79027042
2025-01-01 01:21:58,251262683.464578
2025-01-01 01:21:59,255215242.98425174
2025-01-01 01:22:00,250655894.52778658
2025-01-01 01:22:01,248698682.3789157
2025-01-01 01:22:02,248782181.76121935
2025-01-01 01:22:03,254085965.56071007
2025-01-01 01:22:04,255043051.60622972
2025-01-01 01:22:05,251422154.13210306
2025-01-01 01:22:06,256050784.7986337
2025-01-01 01:22:07,257994034.63982436
2025-01-01 01:22:08,256276812.77764896
2025-01-01 01:22:09,251838371.73088706
2025-01-01 01:22:10,251986957.42148992
2025-01-01 01:22:11,247740411.9196053
2025-01-01 01:22:12,255412655.06250784
2025-01-01 01:22:13,253594980.12010226
2025-01-01 01:22:14,252036420.68431327
2025-01-01 01:22:15,250236271.94782966
2025-01-01 01:22:16,249994848.94790658
2025-01-01 01:22:17,246475145.86648685
2025-01-01 01:22:18,247646736.85687286
2025-01-01 01:22:19,247898585.60965785
2025-01-01 01:22:20,247933618.21620694
2025-01-01 01:22:21,248705028.0640451
2025-01-01 01:22:22,250937476.70898756
2025-01-01 01:22:23,253187215.28239074
2025-01-01 01:22:24,250395582.37229812
2025-01-01 01:22:25,247866404.0334106
2025-01-01 01:22:26,247453681.14501435
2025-01-01 01:22:27,249820369.90920097
2025-01-01 01:22:28,255662071.7423393
2025-01-01 01:22:29,252374744.42772692
2025-01-01 01:22:30,253995917.82352856
2025-01-01 01:22:31,251079039.2773024
2025-01-01 01:22:32,247947925.95254147
2025-01-01 01:22:33,246642994.4825004
2025-01-01 01:22:34,255410504.76226154
2025-01-01 01:22:35,253217878.06072006
2025-01-01 01:22:36,248527137.11283106
2025-01-01 01:22:37,248806442.5075463
2025-01-01 01:22:38,248154378.9664047
2025-01-01 01:22:39,248960806.3726646
2025-01-01 01:22:40,247952005.966913
2025-01-01 01:22:41,244423341.56103697
2025-01-01 01:22:42,250599980.40250593
2025-01-01 01:22:43,253588426.53303054
2025-01-01 01:22:44,251397473.99036878
2025-01-01 01:22:45,255317976.20610815
2025-01-01 01:22:46,253808394.9554275
2025-01-01 01:22:47,254455633.57759875
2025-01-01 01:22:48,252065506.33548433
2025-01-01 01:22:49,255943570.35562918
2025-01-01 01:22:50,254897441.66496894
2025-01-01 01:22:51,256564191.932398
2025-01-01 01:22:52,251236332.72521055
2025-01-01 01:22:53,252341953.77075502
2025-01-01 01:22:54,252845244.61985347
2025-01-01 01:22:55,253258574.31269106
2025-01-01 01:22:56,256369085.92945838
2025-01-01 01:22:57,252621732.2830589
2025-01-01 01:22:58,251093020.79185
2025-01-01 01:22:59,254471596.44182646
2025-01-01 01:23:00,251616411.20875812
2025-01-01 01:23:01,250098839.57539114
2025-01-01 01:23:02,247291941.04437464
2025-01-01 01:23:03,247347076.13296178
2025-01-01 01:23:04,247942221.1820238
2025-01-01 01:23:05,250225842.11352295
2025-01-01 01:23:06,250140360.80805182
2025-01-01 01:23:07,250452586.25238967
2025-01-01 01:23:08,250625867.14023018
2025-01-01 01:23:09,250413918.12644634
2025-01-01 01:23:10,254810913.03615266
2025-01-01 01:23:11,252894280.3941054
2025-01-01 01:23:12,251299244.5235568
2025-01-01 01:23:13,248583642.8132352
2025-01-01 01:23:14,251700093.46685675
2025-01-01 01:23:15,247136642.58551943
2025-01-01 01:23:16,244726935.04455128
2025-01-01 01:23:17,244783692.39389485
2025-01-01 01:23:18,251561825.86207068
2025-01-01 01:23:19,251625876.66168928
2025-01-01 01:23:20,249607060.28510958
2025-01-01 01:23:21,253795470.49034318
2025-01-01 01:23:22,255082562.73384723
2025-01-01 01:23:23,253187332.89349076
2025-01-01 01:23:24,256912414.57061642
2025-01-01 01:23:25,254774630.16130605
2025-01-01 01:23:26,254205319.99026024
2025-01-01 01:23:27,258397570.42625389
2025-01-01 01:23:28,259822024.79139414
2025-01-01 01:23:29,253761860.92411354
2025-01-01 01:23:30,254096451.96424118
2025-01-01 01:23:31,256634924.9759396
2025-01-01 01:23:32,253974986.30455264
2025-01-01 01:23:33,254450351.75765315
2025-01-01 01:23:34,254874460.35825542
2025-01-01 01:23:35,258228589.16445786
2025-01-01 01:23:36,252136303.33880338
2025-01-01 01:23:37,254427146.57795295
2025-01-01 01:23:38,256329654.02487934
2025-01-01 01:23:39,256989607.31229362
2025-01-01 01:23:40,255450146.54403985
2025-01-01 01:23:41,255022732.11791453
2025-01-01 01:23:42,254240995.04985133
2025-01-01 01:23:43,251981125.26264414
2025-01-01 01:23:44,252968913.86202243
2025-01-01 01:23:45,256536108.01492321
2025-01-01 01:23:46,259042115.7293049
2025-01-01 01:23:47,256406379.03056994
2025-01-01 01:23:48,257568963.79887438
2025-01-01 01:23:49,250407561.28836256
2025-01-01 01:23:50,254231245.95942226
2025-01-01 01:23:51,252584500.02721474
2025-01-01 01:23:52,251544416.7216092
2025-01-01 01:23:53,252177663.1807088
2025-01-01 01:23:54,253759416.53918108
2025-01-01 01:23:55,255014529.03938478
2025-01-01 01:23:56,252035935.951204
2025-01-01 01:23:57,252098811.47641316
2025-01-01 01:23:58,251218228.90681052
2025-01-01 01:23:59,250395750.7409177
2025-01-01 01:24:00,251690866.80107558
2025-01-01 01:24:01,249574032.9661985
2025-01-01 01:24:02,251699973.7396718
2025-01-01 01:24:03,253759041.3960561
2025-01-01 01:24:04,248295567.58170837
2025-01-01 01:24:05,256804330.67165905
2025-01-01 01:24:06,253956565.3292875
2025-01-01 01:24:07,255702939.74792367
2025-01-01 01:24:08,255312198.12077597
2025-01-01 01:24:09,259595479.96527907
2025-01-01 01:24:10,261774733.44627014
2025-01-01 01:24:11,256421007.88615063
2025-01-01 01:24:12,256600704.8002857
2025-01-01 01:24:13,254005033.70381647
2025-01-01 01:24:14,252350410.55188775
2025-01-01 01:24:15,252041121.92544743
2025-01-01 01:24:16,255419540.88118654
2025-01-01 01:24:17,255208464.9773933
2025-01-01 01:24:18,252920124.14003056
2025-01-01 01:24:19,255381093.41535437
2025-01-01 01:24:20,258660877.72205627
2025-01-01 01:24:21,260077929.57359925
2025-01-01 01:24:22,254283749.59867233
2025-01-01 01:24:23,255702302.43123388
2025-01-01 01:24:24,257687362.0644901
2025-01-01 01:24:25,252026135.10698667
2025-01-01 01:24:26,252035509.28099504
2025-01-01 01:24:27,252822301.05996132
2025-01-01 01:24:28,252777683.46261108
2025-01-01 01:24:29,252065607.99136513
2025-01-01 01:24:30,254939771.60490522
2025-01-01 01:24:31,256180006.64899138
2025-01-01 01:24:32,255441006.65301085
2025-01-01 01:24:33,259417875.32775107
2025-01-01 01:24:34,256224279.0390983
2025-01-01 01:24:35,255615311.38429382
2025-01-01 01:24:36,251715011.01500508
2025-01-01 01:24:37,250442913.1681818
2025-01-01 01:24:38,255350122.92911687
2025-01-01 01:24:39,254248510.3985764
2025-01-01 01:24:40,250880918.1028264
2025-01-01 01:24:41,250276597.74898347
2025-01-01 01:24:42,254571193.50626454
2025-01-01 01:24:43,250867379.43222216
2025-01-01 01:24:44,258611751.23264456
2025-01-01 01:24:45,259189391.36283097
2025-01-01 01:24:46,260849079.01742917
2025-01-01 01:24:47,265124372.3653115
2025-01-01 01:24:48,262694574.7237878
2025-01-01 01:24:49,257196826.34695438
2025-01-01 01:24:50,260866829.3423316
2025-01-01 01:24:51,259141456.77233863
2025-01-01 01:24:52,260252846.75844887
2025-01-01 01:24:53,259667073.9154233
2025-01-01 01:24:54,258843563.5342039
2025-01-01 01:24:55,258644104.48925444
2025-01-01 01:24:56,259306772.72019055
2025-01-01 01:24:57,256666534.51525328
2025-01-01 01:24:58,253283436.51676276
2025-01-01 01:24:59,247072788.58699828
2025-01-01 01:25:00,254115086.4796846
2025-01-01 01:25:01,252844685.00015283
2025-01-01 01:25:02,247794043.14169005
2025-01-01 01:25:03,249530605.3406739
2025-01-01 01:25:04,243501155.86645097
2025-01-01 01:25:05,243601775.42745534
2025-01-01 01:25:06,250558745.03685844
2025-01-01 01:25:07,251916159.55935505
2025-01-01 01:25:08,246243342.42282385
2025-01-01 01:25:09,250537109.34034917
2025-01-01 01:25:10,244647945.2850017
2025-01-01 01:25:11,248636912.87184066
2025-01-01 01:25:12,244947950.30711702
2025-01-01 01:25:13,250391173.63741297
2025-01-01 01:25:14,247989944.20175678
2025-01-01 01:25:15,245646858.38796324
2025-01-01 01:25:16,246699319.79836655
2025-01-01 01:25:17,244743488.2154248
2025-01-01 01:25:18,248478556.4225258
2025-01-01 01:25:19,246983563.52703196
2025-01-01 01:25:20,244565230.2649096
2025-01-01 01:25:21,247906004.75252268
2025-01-01 01:25:22,246114465.9043357
2025-01-01 01:25:23,247133413.5271072
2025-01-01 01:25:24,244287799.7554815
2025-01-01 01:25:25,245831606.72375834
2025-01-01 01:25:26,242847602.4736574
2025-01-01 01:25:27,246861491.8538251
2025-01-01 01:25:28,251526947.87672862
2025-01-01 01:25:29,252680772.73462313
2025-01-01 01:25:30,248179135.89164072
2025-01-01 01:25:31,244582283.59363785
2025-01-01 01:25:32,244942217.63603672
2025-01-01 01:25:33,246167280.09310374
2025-01-01 01:25:34,245909095.6255086
2025-01-01 01:25:35,246297875.6719558
2025-01-01 01:25:36,246724173.28085703
2025-01-01 01:25:37,249783867.702281
2025-01-01 01:25:38,249909331.78181058
2025-01-01 01:25:39,250584400.85308757
2025-01-01 01:25:40,250374214.58208245
2025-01-01 01:25:41,248731148.1800889
2025-01-01 01:25:42,245641342.80686995
2025-01-01 01:25:43,247718417.47396228
2025-01-01 01:25:44,245717408.79439586
2025-01-01 01:25:45,243013339.41876328
2025-01-01 01:25:46,243917701.5938203
2025-01-01 01:25:47,241329702.04306456
2025-01-01 01:25:48,244297718.65093425
2025-01-01 01:25:49,243816373.48422828
2025-01-01 01:25:50,244314564.0647581
2025-01-01 01:25:51,244237841.57507998
2025-01-01 01:25:52,245043991.59581953
2025-01-01 01:25:53,246878856.10604006
2025-01-01 01:25:54,246785309.0054359
2025-01-01 01:25:55,244849176.01835787
2025-01-01 01:25:56,244993763.3539421
2025-01-01 01:25:57,242594915.30209106
2025-01-01 01:25:58,242108458.95549393
2025-01-01 01:25:59,245010122.113752
2025-01-01 01:26:00,244767778.7105713
2025-01-01 01:26:01,245669291.37970418
2025-01-01 01:26:02,250003641.19410098
2025-01-01 01:26:03,248488356.30651048
2025-01-01 01:26:04,246724386.6371282
2025-01-01 01:26:05,244163708.56208596
2025-01-01 01:26:06,246707689.6704275
2025-01-01 01:26:07,245890843.69439024
2025-01-01 01:26:08,245749698.23612264
2025-01-01 01:26:09,247905821.25873426
2025-01-01 01:26:10,246564314.25457412
2025-01-01 01:26:11,243906006.64761677
2025-01-01 01:26:12,249121278.29948166
2025-01-01 01:26:13,250913855.02347657
2025-01-01 01:26:14,251654212.70971274
2025-01-01 01:26:15,247777055.38393274
2025-01-01 01:26:16,245685437.02699843
2025-01-01 01:26:17,247319562.2452713
2025-01-01 01:26:18,247096512.21419427
2025-01-01 01:26:19,252015888.98126465
2025-01-01 01:26:20,251565837.36200628
2025-01-01 01:26:21,250128150.25662258
2025-01-01 01:26:22,249327192.43501195
2025-01-01 01:26:23,253764697.97753724
2025-01-01 01:26:24,254082177.12957868
2025-01-01 01:26:25,251567731.7898162
2025-01-01 01:26:26,245087204.04069754
2025-01-01 01:26:27,248333000.9042402
2025-01-01 01:26:28,249219195.98776186
2025-01-01 01:26:29,247160575.6803292
2025-01-01 01:26:30,247572071.73536518
2025-01-01 01:26:31,246479569.94485867
2025-01-01 01:26:32,251992421.7002763
2025-01-01 01:26:33,253171854.06434873
2025-01-01 01:26:34,253683291.31940573
2025-01-01 01:26:35,252813530.89990354
2025-01-01 01:26:36,246072935.03193796
2025-01-01 01:26:37,248739082.13695905
2025-01-01 01:26:38,246879470.11373943
2025-01-01 01:26:39,248209386.98225382
2025-01-01 01:26:40,250597120.24098644
2025-01-01 01:26:41,248613033.620044
2025-01-01 01:26:42,253197309.80557597
2025-01-01 01:26:43,250796169.75185126
2025-01-01 01:26:44,253581706.20067903
2025-01-01 01:26:45,251607242.1344261
2025-01-01 01:26:46,254098077.52276173
2025-01-01 01:26:47,249579313.8798317
2025-01-01 01:26:48,249411787.3987925
2025-01-01 01:26:49,249409799.5513448
2025-01-01 01:26:50,249336196.7210285
2025-01-01 01:26:51,252362901.17136195
2025-01-01 01:26:52,252565285.73057857
2025-01-01 01:26:53,256199978.5450116
2025-01-01 01:26:54,255891928.31160927
2025-01-01 01:26:55,255347284.35843864
2025-01-01 01:26:56,257181758.982666
2025-01-01 01:26:57,256638683.51117343
2025-01-01 01:26:58,253136617.64403695
2025-01-01 01:26:59,250163046.57781348
2025-01-01 01:27:00,249579226.7884153
2025-01-01 01:27:01,249507982.14217865
2025-01-01 01:27:02,250300746.04454148
2025-01-01 01:27:03,251234733.7104784
2025-01-01 01:27:04,254465187.83658758
2025-01-01 01:27:05,250068840.60543415
2025-01-01 01:27:06,247482993.32355237
2025-01-01 01:27:07,247086789.6929194
2025-01-01 01:27:08,250366049.32988393
2025-01-01 01:27:09,251180887.57832357
2025-01-01 01:27:10,248824504.1622904
2025-01-01 01:27:11,247390844.6963651
2025-01-01 01:27:12,250359735.77278945
2025-01-01 01:27:13,249348289.7867989
2025-01-01 01:27:14,246466519.18170118
2025-01-01 01:27:15,248674328.93991554
2025-01-01 01:27:16,252338372.52964714
2025-01-01 01:27:17,253100020.77315313
2025-01-01 01:27:18,249257012.18304494
2025-01-01 01:27:19,248382327.11386716
2025-01-01 01:27:20,250124256.29152676
2025-01-01 01:27:21,252974406.5785926
2025-01-01 01:27:22,255894414.54417828
2025-01-01 01:27:23,258085889.01422355
2025-01-01 01:27:24,252352035.28823787
2025-01-01 01:27:25,255463621.16414547
2025-01-01 01:27:26,251965371.1824385
2025-01-01 01:27:27,249537667.5734351
2025-01-01 01:27:28,249618058.5973907
2025-01-01 01:27:29,253423479.72143307
2025-01-01 01:27:30,251412276.64737654
2025-01-01 01:27:31,250675836.55147246
2025-01-01 01:27:32,251799054.835019
2025-01-01 01:27:33,248341466.42991528
2025-01-01 01:27:34,249104353.6788511
2025-01-01 01:27:35,246991291.54459023
2025-01-01 01:27:36,249620698.7225105
2025-01-01 01:27:37,247871124.91728023
2025-01-01 01:27:38,247398025.78948367
2025-01-01 01:27:39,245787218.61985013
2025-01-01 01:27:40,242126708.57365084
2025-01-01 01:27:41,244074763.5352818
2025-01-01 01:27:42,247919128.9405335
2025-01-01 01:27:43,251728623.87973237
2025-01-01 01:27:44,251546692.94675115
2025-01-01 01:27:45,252403175.75752124
2025-01-01 01:27:46,245758488.46190366
2025-01-01 01:27:47,247334692.11183456
2025-01-01 01:27:48,248194541.99244592
2025-01-01 01:27:49,251324763.3012552
2025-01-01 01:27:50,250397696.5295651
2025-01-01 01:27:51,245289283.66179845
2025-01-01 01:27:52,247128442.38056913
2025-01-01 01:27:53,248444021.63248196
2025-01-01 01:27:54,245253934.3961389
2025-01-01 01:27:55,247234963.52819803
2025-01-01 01:27:56,247984555.47245976
2025-01-01 01:27:57,249564480.94066945
2025-01-01 01:27:58,253610302.54537764
2025-01-01 01:27:59,246839481.52211177
2025-01-01 01:28:00,247476213.6553454
2025-01-01 01:28:01,247193220.10586166
2025-01-01 01:28:02,246313396.7781996
2025-01-01 01:28:03,242621860.01395002
2025-01-01 01:28:04,248140262.5039418
2025-01-01 01:28:05,250131814.85481802
2025-01-01 01:28:06,249307014.04753926
2025-01-01 01:28:07,248798875.07106468
2025-01-01 01:28:08,246088789.77501082
2025-01-01 01:28:09,247026027.5669134
2025-01-01 01:28:10,244280033.86549425
2025-01-01 01:28:11,242098781.9980901
2025-01-01 01:28:12,244587440.31158677
2025-01-01 01:28:13,249183780.33850148
2025-01-01 01:28:14,249231000.42364967
2025-01-01 01:28:15,244935074.74104717
2025-01-01 01:28:16,239552332.0012453
2025-01-01 01:28:17,238111872.7610883
2025-01-01 01:28:18,242964503.9374018
2025-01-01 01:28:19,246712979.66732618
2025-01-01 01:28:20,240710598.77167135
2025-01-01 01:28:21,244910836.8714169
2025-01-01 01:28:22,250729290.0386665
2025-01-01 01:28:23,245659356.4981631
2025-01-01 01:28:24,246368305.83988923
2025-01-01 01:28:25,249726721.42033935
2025-01-01 01:28:26,245934806.05627337
2025-01-01 01:28:27,245449623.44819668
2025-01-01 01:28:28,247837684.0694964
2025-01-01 01:28:29,252456423.99245661
2025-01-01 01:28:30,248636041.42032182
2025-01-01 01:28:31,246401840.35932633
2025-01-01 01:28:32,252039632.38931647
2025-01-01 01:28:33,249484969.98106658
2025-01-01 01:28:34,249168441.92639202
2025-01-01 01:28:35,250780574.23041627
2025-01-01 01:28:36,249434472.99004036
2025-01-01 01:28:37,245013028.41868892
2025-01-01 01:28:38,250043795.6245132
2025-01-01 01:28:39,249073998.41667303
2025-01-01 01:28:40,247187102.0372382
2025-01-01 01:28:41,246159308.6330886
2025-01-01 01:28:42,245163067.05113584
2025-01-01 01:28:43,248800838.64001063
2025-01-01 01:28:44,253323955.27077824
2025-01-01 01:28:45,254339698.86257455
2025-01-01 01:28:46,252478344.11748862
2025-01-01 01:28:47,248330476.86839926
2025-01-01 01:28:48,249969320.62612814
2025-01-01 01:28:49,250581879.675482
2025-01-01 01:28:50,251941287.9276206
2025-01-01 01:28:51,251482457.96759692
2025-01-01 01:28:52,246269123.19021904
2025-01-01 01:28:53,245890697.93076578
2025-01-01 01:28:54,249416457.83933562
2025-01-01 01:28:55,251726354.4782145
2025-01-01 01:28:56,253462844.1210225
2025-01-01 01:28:57,251088703.46130425
2025-01-01 01:28:58,256224627.29860762
2025-01-01 01:28:59,251118827.5759032
2025-01-01 01:29:00,252367473.55548322
2025-01-01 01:29:01,251992905.212609
2025-01-01 01:29:02,255477932.1636961
2025-01-01 01:29:03,258461540.59490618
2025-01-01 01:29:04,256824990.1847048
2025-01-01 01:29:05,255104068.50984874
2025-01-01 01:29:06,256576915.29931253
2025-01-01 01:29:07,255301810.0775207
2025-01-01 01:29:08,252196251.91702652
2025-01-01 01:29:09,250422740.18713942
2025-01-01 01:29:10,254480721.6453828
2025-01-01 01:29:11,250649798.1764096
2025-01-01 01:29:12,251778925.27534005
2025-01-01 01:29:13,253605780.3709118
2025-01-01 01:29:14,254316813.38592806
2025-01-01 01:29:15,253098393.18712237
2025-01-01 01:29:16,251567837.85994685
2025-01-01 01:29:17,254586726.48200718
2025-01-01 01:29:18,252116217.7019387
2025-01-01 01:29:19,252214762.66087666
2025-01-01 01:29:20,249753516.4640931
2025-01-01 01:29:21,251941714.5486268
2025-01-01 01:29:22,249748451.65492934
2025-01-01 01:29:23,252310151.76801702
2025-01-01 01:29:24,255984555.89248806
2025-01-01 01:29:25,255243005.67363206
2025-01-01 01:29:26,255310332.6619703
2025-01-01 01:29:27,254859321.4127077
2025-01-01 01:29:28,257753555.8757254
2025-01-01 01:29:29,253031188.3927643
2025-01-01 01:29:30,255037115.7219679
2025-01-01 01:29:31,254861767.2018745
2025-01-01 01:29:32,257019552.69558766
2025-01-01 01:29:33,261211410.26437908
2025-01-01 01:29:34,254804475.98671526
2025-01-01 01:29:35,258111430.22527084
2025-01-01 01:29:36,262282519.28561804
2025-01-01 01:29:37,254949887.72766283
2025-01-01 01:29:38,254895810.48691526
2025-01-01 01:29:39,250805697.8159193
2025-01-01 01:29:40,248635500.64091668
2025-01-01 01:29:41,250576970.15203756
2025-01-01 01:29:42,254687665.88642573
2025-01-01 01:29:43,254259931.18184307
2025-01-01 01:29:44,259438427.7957515
2025-01-01 01:29:45,259612436.72271758
2025-01-01 01:29:46,256880010.15355986
2025-01-01 01:29:47,264847303.44608396
2025-01-01 01:29:48,259563019.37409988
2025-01-01 01:29:49,256126828.09081888
2025-01-01 01:29:50,257755896.04473406
2025-01-01 01:29:51,260203501.92892691
2025-01-01 01:29:52,256197701.23642957
2025-01-01 01:29:53,254919165.91985863
2025-01-01 01:29:54,253935431.44490558
2025-01-01 01:29:55,253365188.89957824
2025-01-01 01:29:56,256074350.90357375
2025-01-01 01:29:57,256768578.23165575
2025-01-01 01:29:58,255389690.25086954
2025-01-01 01:29:59,250005289.65887588
2025-01-01 01:30:00,254943715.87971544
2025-01-01 01:30:01,252579991.34206694
2025-01-01 01:30:02,252380754.47502798
2025-01-01 01:30:03,251666455.755224
2025-01-01 01:30:04,253618305.61406988
2025-01-01 01:30:05,251556163.44738972
2025-01-01 01:30:06,252195648.47586116
2025-01-01 01:30:07,252704322.37167096
2025-01-01 01:30:08,250397264.25038588
2025-01-01 01:30:09,250152546.3907983
2025-01-01 01:30:10,251363745.83329052
2025-01-01 01:30:11,253440105.98100066
2025-01-01 01:30:12,252119789.48677006
2025-01-01 01:30:13,256834057.6978726
2025-01-01 01:30:14,261587756.04808852
2025-01-01 01:30:15,261182945.84955037
2025-01-01 01:30:16,259241336.00329968
2025-01-01 01:30:17,256657535.27489686
2025-01-01 01:30:18,255747844.45788646
2025-01-01 01:30:19,253328156.9227629
2025-01-01 01:30:20,259230027.475558
2025-01-01 01:30:21,254143113.47913918
2025-01-01 01:30:22,260683440.21561825
2025-01-01 01:30:23,261017935.889392
2025-01-01 01:30:24,257667492.9013152
2025-01-01 01:30:25,258118903.72577456
2025-01-01 01:30:26,255167455.89369294
2025-01-01 01:30:27,258667008.87591377
2025-01-01 01:30:28,263122019.5202368
2025-01-01 01:30:29,261933908.18708485
2025-01-01 01:30:30,257784658.5884936
2025-01-01 01:30:31,257745195.92418164
2025-01-01 01:30:32,260716574.46042264
2025-01-01 01:30:33,257481894.6343148
2025-01-01 01:30:34,259452652.33289137
2025-01-01 01:30:35,257788888.71368328
2025-01-01 01:30:36,253752616.3939947
2025-01-01 01:30:37,252587403.58459818
2025-01-01 01:30:38,255370531.90417647
2025-01-01 01:30:39,257128957.49186918
2025-01-01 01:30:40,254343249.0180976
2025-01-01 01:30:41,253872026.34688127
2025-01-01 01:30:42,255092571.5999083
2025-01-01 01:30:43,252319124.19108447
2025-01-01 01:30:44,255790530.41560292
2025-01-01 01:30:45,256548658.9719967
2025-01-01 01:30:46,256106090.3910802
2025-01-01 01:30:47,257494757.41325024
2025-01-01 01:30:48,259176837.50788727
2025-01-01 01:30:49,256535664.29407147
2025-01-01 01:30:50,257099954.3263024
2025-01-01 01:30:51,256044018.90061945
2025-01-01 01:30:52,257233847.64906132
2025-01-01 01:30:53,256863102.64472014
2025-01-01 01:30:54,254394637.81141877
2025-01-01 01:30:55,251558648.49156752
2025-01-01 01:30:56,251495977.5178786
2025-01-01 01:30:57,251539843.55133343
2025-01-01 01:30:58,246344540.77619377
2025-01-01 01:30:59,249140576.90939897
2025-01-01 01:31:00,248255663.6515046
2025-01-01 01:31:01,248482391.66664734
2025-01-01 01:31:02,252234437.59906694
2025-01-01 01:31:03,255007963.94396913
2025-01-01 01:31:04,253903719.03460163
2025-01-01 01:31:05,251958545.59459803
2025-01-01 01:31:06,255320533.55833888
2025-01-01 01:31:07,253202935.0825369
2025-01-01 01:31:08,256303828.46486008
2025-01-01 01:31:09,257074155.51024222
2025-01-01 01:31:10,254103674.96667185
2025-01-01 01:31:11,259699897.97544166
2025-01-01 01:31:12,260261518.21911845
2025-01-01 01:31:13,257958366.4651418
2025-01-01 01:31:14,259587988.0643697
2025-01-01 01:31:15,258257715.21581647
2025-01-01 01:31:16,254762209.58287376
2025-01-01 01:31:17,254898496.82899147
2025-01-01 01:31:18,259511048.24979028
2025-01-01 01:31:19,259965493.54489526
2025-01-01 01:31:20,260294413.4182444
2025-01-01 01:31:21,261886186.76863462
2025-01-01 01:31:22,259888393.01355347
2025-01-01 01:31:23,257810442.83183655
2025-01-01 01:31:24,260367861.56666222
2025-01-01 01:31:25,260315184.5719258
2025-01-01 01:31:26,260521151.2288888
2025-01-01 01:31:27,257166498.9970186
2025-01-01 01:31:28,261162940.54864192
2025-01-01 01:31:29,258269926.59768984
2025-01-01 01:31:30,255757057.08818987
2025-01-01 01:31:31,255430198.17001095
2025-01-01 01:31:32,257037523.72496456
2025-01-01 01:31:33,253898378.77380252
2025-01-01 01:31:34,254309604.71521756
2025-01-01 01:31:35,253397914.38093016
2025-01-01 01:31:36,254365541.16028038
2025-01-01 01:31:37,252938320.9029729
2025-01-01 01:31:38,253064400.9079415
2025-01-01 01:31:39,257058397.14234754
2025-01-01 01:31:40,258784435.40766603
2025-01-01 01:31:41,256970296.37741798
2025-01-01 01:31:42,261183806.21943107
2025-01-01 01:31:43,263040362.09717107
2025-01-01 01:31:44,265293830.68374318
2025-01-01 01:31:45,266545809.68503615
2025-01-01 01:31:46,264284619.88220352
2025-01-01 01:31:47,263560753.23387903
2025-01-01 01:31:48,260200828.4807034
2025-01-01 01:31:49,255299293.41104525
2025-01-01 01:31:50,255422631.9705358
2025-01-01 01:31:51,256137769.12072262
2025-01-01 01:31:52,256511871.0141969
2025-01-01 01:31:53,254057175.99583113
2025-01-01 01:31:54,259520604.76222324
2025-01-01 01:31:55,254270808.12821805
2025-01-01 01:31:56,251748465.41393617
2025-01-01 01:31:57,255555619.6488169
2025-01-01 01:31:58,255604789.58309522
2025-01-01 01:31:59,255027938.53723234
2025-01-01 01:32:00,259722065.6032605
2025-01-01 01:32:01,262044881.88734376
2025-01-01 01:32:02,255007388.41794828
2025-01-01 01:32:03,260888207.63736838
2025-01-01 01:32:04,257582130.0932139
2025-01-01 01:32:05,263419343.56119236
2025-01-01 01:32:06,265507286.64141208
2025-01-01 01:32:07,261278092.96527812
2025-01-01 01:32:08,260414998.74340844
2025-01-01 01:32:09,263722009.8116486
2025-01-01 01:32:10,269701288.4690057
2025-01-01 01:32:11,265990814.14696047
2025-01-01 01:32:12,264478832.27916282
2025-01-01 01:32:13,258317175.68941075
2025-01-01 01:32:14,255837049.52792597
2025-01-01 01:32:15,256255480.0709413
2025-01-01 01:32:16,259117001.2815737
2025-01-01 01:32:17,260498497.97333536
2025-01-01 01:32:18,260597306.97850227
2025-01-01 01:32:19,259606446.4325509
2025-01-01 01:32:20,256838652.30839273
2025-01-01 01:32:21,256762837.45100954
2025-01-01 01:32:22,255967179.6848561
2025-01-01 01:32:23,261628586.78076008
2025-01-01 01:32:24,260282672.5815785
2025-01-01 01:32:25,258672757.95161912
2025-01-01 01:32:26,262566699.6766522
2025-01-01 01:32:27,258719307.9457593
2025-01-01 01:32:28,260203198.3621837
2025-01-01 01:32:29,261197155.6596127
2025-01-01 01:32:30,258856199.37926096
2025-01-01 01:32:31,261310375.72408605
2025-01-01 01:32:32,260721621.9992797
2025-01-01 01:32:33,262699722.65334308
2025-01-01 01:32:34,262866818.1897574
2025-01-01 01:32:35,251981611.04401425
2025-01-01 01:32:36,258935756.72452608
2025-01-01 01:32:37,260897218.44463748
2025-01-01 01:32:38,262891004.37266642
2025-01-01 01:32:39,259360286.57810402
2025-01-01 01:32:40,261199424.84718832
2025-01-01 01:32:41,259505618.7540322
2025-01-01 01:32:42,257979750.1766343
2025-01-01 01:32:43,254422196.14918303
2025-01-01 01:32:44,253125870.77135596
2025-01-01 01:32:45,256206060.27362192
2025-01-01 01:32:46,252408096.4870718
2025-01-01 01:32:47,256681312.51224804
2025-01-01 01:32:48,258000813.3198371
2025-01-01 01:32:49,258977353.05580136
2025-01-01 01:32:50,257560694.81519172
2025-01-01 01:32:51,255060834.79706648
2025-01-01 01:32:52,253661810.39038292
2025-01-01 01:32:53,253473800.69869086
2025-01-01 01:32:54,253492238.5502523
2025-01-01 01:32:55,261979281.5022729
2025-01-01 01:32:56,262488244.22022152
2025-01-01 01:32:57,262411976.09006485
2025-01-01 01:32:58,260396653.165365
2025-01-01 01:32:59,264432880.72924498
2025-01-01 01:33:00,266193310.8323028
2025-01-01 01:33:01,264991591.9477744
2025-01-01 01:33:02,264960856.57755792
2025-01-01 01:33:03,265235544.0076517
2025-01-01 01:33:04,259316630.5028926
2025-01-01 01:33:05,258078606.89890185
2025-01-01 01:33:06,256421428.03968
2025-01-01 01:33:07,260852652.7086233
2025-01-01 01:33:08,255776179.1857565
2025-01-01 01:33:09,261629429.56859115
2025-01-01 01:33:10,256678781.76051182
2025-01-01 01:33:11,260799065.90268457
2025-01-01 01:33:12,256003744.81016207
2025-01-01 01:33:13,261989801.25620073
2025-01-01 01:33:14,260792604.38845086
2025-01-01 01:33:15,258874613.33961982
2025-01-01 01:33:16,257914621.442902
2025-01-01 01:33:17,257828249.3924853
2025-01-01 01:33:18,260615303.10235775
2025-01-01 01:33:19,259570359.4646093
2025-01-01 01:33:20,260440811.18585292
2025-01-01 01:33:21,256729449.12619278
2025-01-01 01:33:22,256232187.80717343
2025-01-01 01:33:23,254360130.63288736
2025-01-01 01:33:24,256546459.68580827
2025-01-01 01:33:25,260202585.38845155
2025-01-01 01:33:26,261011302.92579636
2025-01-01 01:33:27,263398058.76621085
2025-01-01 01:33:28,262745750.4589038
2025-01-01 01:33:29,260643972.15455574
2025-01-01 01:33:30,263494088.00355285
2025-01-01 01:33:31,260642415.6972689
2025-01-01 01:33:32,258963663.20569906
2025-01-01 01:33:33,259336171.79116207
2025-01-01 01:33:34,262248974.99577945
2025-01-01 01:33:35,260080734.59763727
2025-01-01 01:33:36,264431855.5011505
2025-01-01 01:33:37,263446747.8500692
2025-01-01 01:33:38,259060241.3712986
2025-01-01 01:33:39,262419321.20510957
2025-01-01 01:33:40,263184280.60642236
2025-01-01 01:33:41,264168488.37116504
2025-01-01 01:33:42,259003023.4801443
2025-01-01 01:33:43,257279842.6253985
2025-01-01 01:33:44,258108980.98668167
2025-01-01 01:33:45,260526448.9261417
2025-01-01 01:33:46,260232795.7404641
2025-01-01 01:33:47,254224444.84105927
2025-01-01 01:33:48,256616173.7295606
2025-01-01 01:33:49,261055101.75416112
2025-01-01 01:33:50,256386590.93777734
2025-01-01 01:33:51,260211866.325938
2025-01-01 01:33:52,263701665.34296733
2025-01-01 01:33:53,267258876.912495
2025-01-01 01:33:54,267762550.7845405
2025-01-01 01:33:55,264653851.37788963
2025-01-01 01:33:56,262363531.84397557
2025-01-01 01:33:57,266333392.76035348
2025-01-01 01:33:58,269468915.59302276
2025-01-01 01:33:59,266598171.52695087
2025-01-01 01:34:00,263214682.51126772
2025-01-01 01:34:01,262024406.5608922
2025-01-01 01:34:02,262283151.0355254
2025-01-01 01:34:03,262749323.13437602
2025-01-01 01:34:04,256291780.25929922
2025-01-01 01:34:05,254537744.0728007
2025-01-01 01:34:06,251092680.46684974
2025-01-01 01:34:07,250872707.20286688
2025-01-01 01:34:08,252976411.46366003
2025-01-01 01:34:09,256639040.42194825
2025-01-01 01:34:10,254398964.8812103
2025-01-01 01:34:11,254625974.68470812
2025-01-01 01:34:12,255937472.38242486
2025-01-01 01:34:13,255986594.7668113
2025-01-01 01:34:14,253552143.89478898
2025-01-01 01:34:15,255601086.83978978
2025-01-01 01:34:16,258962509.73309362
2025-01-01 01:34:17,257941107.67137864
2025-01-01 01:34:18,261279879.8984577
2025-01-01 01:34:19,262109243.22135544
2025-01-01 01:34:20,259231253.59849837
2025-01-01 01:34:21,255578801.10496172
2025-01-01 01:34:22,256907459.96769238
2025-01-01 01:34:23,258407325.49780932
2025-01-01 01:34:24,258181453.88453105
2025-01-01 01:34:25,256633888.27801645
2025-01-01 01:34:26,257291011.955871
2025-01-01 01:34:27,256138209.5250392
2025-01-01 01:34:28,257582671.4386194
2025-01-01 01:34:29,252989616.39232767
2025-01-01 01:34:30,252613396.76838815
2025-01-01 01:34:31,251997257.08766618
2025-01-01 01:34:32,254527120.50420088
2025-01-01 01:34:33,260383515.44568285
2025-01-01 01:34:34,259076529.68720505
2025-01-01 01:34:35,254337034.14567935
2025-01-01 01:34:36,251341207.90121597
2025-01-01 01:34:37,253421729.29561457
2025-01-01 01:34:38,251967053.28529516
2025-01-01 01:34:39,253953694.5215359
2025-01-01 01:34:40,254317026.10277715
2025-01-01 01:34:41,255528058.47909713
2025-01-01 01:34:42,252165712.10032454
2025-01-01 01:34:43,246992393.05437458
2025-01-01 01:34:44,247952701.66563842
2025-01-01 01:34:45,250983823.53514352
2025-01-01 01:34:46,248907098.4924765
2025-01-01 01:34:47,253066750.63659078
2025-01-01 01:34:48,252449088.45777172
2025-01-01 01:34:49,249610576.25804096
2025-01-01 01:34:50,249688208.83052832
2025-01-01 01:34:51,253419003.05263153
2025-01-01 01:34:52,254261306.9868512
2025-01-01 01:34:53,257740145.35397965
2025-01-01 01:34:54,252978458.02001393
2025-01-01 01:34:55,249104810.14266133
2025-01-01 01:34:56,252686902.95168653
2025-01-01 01:34:57,246812409.42687327
2025-01-01 01:34:58,250848965.43938613
2025-01-01 01:34:59,246313443.86978707
2025-01-01 01:35:00,248493588.1489828
2025-01-01 01:35:01,251645577.58039337
2025-01-01 01:35:02,251146277.12321725
2025-01-01 01:35:03,251195785.5245255
2025-01-01 01:35:04,251985003.58732325
2025-01-01 01:35:05,250232421.26857895
2025-01-01 01:35:06,254124527.88305745
2025-01-01 01:35:07,249770281.73610505
2025-01-01 01:35:08,248506301.0032909
2025-01-01 01:35:09,252679410.40647474
2025-01-01 01:35:10,250994197.54361317
2025-01-01 01:35:11,249472032.36147287
2025-01-01 01:35:12,252804786.26065814
2025-01-01 01:35:13,253329628.12980804
2025-01-01 01:35:14,249982281.04911503
2025-01-01 01:35:15,245931377.2702526
2025-01-01 01:35:16,248931272.62108374
2025-01-01 01:35:17,252019697.0303541
2025-01-01 01:35:18,250924653.7905965
2025-01-01 01:35:19,253274122.240864
2025-01-01 01:35:20,249826990.67113662
2025-01-01 01:35:21,252010551.57109386
2025-01-01 01:35:22,253688468.54546154
2025-01-01 01:35:23,252998442.65704542
2025-01-01 01:35:24,251632876.69683358
2025-01-01 01:35:25,250515595.4959655
2025-01-01 01:35:26,244902609.09773225
2025-01-01 01:35:27,251631616.84334955
2025-01-01 01:35:28,256966251.3873636
2025-01-01 01:35:29,256814126.90587786
2025-01-01 01:35:30,255872072.03940216
2025-01-01 01:35:31,252923801.32953623
2025-01-01 01:35:32,250899334.0514935
2025-01-01 01:35:33,249979510.65217057
2025-01-01 01:35:34,250972167.071548
2025-01-01 01:35:35,246474887.11083314
2025-01-01 01:35:36,248222940.83422276
2025-01-01 01:35:37,248448437.8027646
2025-01-01 01:35:38,249607207.07454857
2025-01-01 01:35:39,248244768.4820836
2025-01-01 01:35:40,249699147.42838955
2025-01-01 01:35:41,253185452.87139022
2025-01-01 01:35:42,257231852.5422079
2025-01-01 01:35:43,254582954.13312045
2025-01-01 01:35:44,257388648.71856004
2025-01-01 01:35:45,255560554.88452512
2025-01-01 01:35:46,251310291.30108073
2025-01-01 01:35:47,249570356.17941985
2025-01-01 01:35:48,249666232.9335786
2025-01-01 01:35:49,253899102.99225813
2025-01-01 01:35:50,252642697.54668748
2025-01-01 01:35:51,254117745.79961458
2025-01-01 01:35:52,251823066.27469006
2025-01-01 01:35:53,249512782.55115175
2025-01-01 01:35:54,255693281.46718726
2025-01-01 01:35:55,256478849.8674352
2025-01-01 01:35:56,254857163.09343934
2025-01-01 01:35:57,261586819.07192478
2025-01-01 01:35:58,259485841.95163313
2025-01-01 01:35:59,257319900.29997632
2025-01-01 01:36:00,255173306.59954587
2025-01-01 01:36:01,255462238.9352826
2025-01-01 01:36:02,252657648.48309755
2025-01-01 01:36:03,256748582.25865865
2025-01-01 01:36:04,252547080.85939002
2025-01-01 01:36:05,254790345.67793497
2025-01-01 01:36:06,254854387.45658666
2025-01-01 01:36:07,257370792.8067133
2025-01-01 01:36:08,258998703.27422285
2025-01-01 01:36:09,257330220.9468593
2025-01-01 01:36:10,256011978.46827653
2025-01-01 01:36:11,258017050.7771327
2025-01-01 01:36:12,254787206.53304207
2025-01-01 01:36:13,256232409.97842094
2025-01-01 01:36:14,252783298.2950058
2025-01-01 01:36:15,254781899.12394828
2025-01-01 01:36:16,253817773.67963696
2025-01-01 01:36:17,254595385.00822145
2025-01-01 01:36:18,257462111.00325125
2025-01-01 01:36:19,257410166.51509655
2025-01-01 01:36:20,256448019.81588444
2025-01-01 01:36:21,251833817.5765275
2025-01-01 01:36:22,254144607.9258476
2025-01-01 01:36:23,250143332.32706484
2025-01-01 01:36:24,242932473.43906295
2025-01-01 01:36:25,247480548.02415845
2025-01-01 01:36:26,250126309.002575
2025-01-01 01:36:27,250994043.0096167
2025-01-01 01:36:28,251966735.41065228
2025-01-01 01:36:29,259101126.30172262
2025-01-01 01:36:30,256179963.35718727
2025-01-01 01:36:31,251720512.46581215
2025-01-01 01:36:32,252863072.63663456
2025-01-01 01:36:33,254631220.88229558
2025-01-01 01:36:34,257709175.6665286
2025-01-01 01:36:35,255533640.17906553
2025-01-01 01:36:36,254276616.36320773
2025-01-01 01:36:37,253675562.9712343
2025-01-01 01:36:38,254269067.61654574
2025-01-01 01:36:39,258403688.4283114
2025-01-01 01:36:40,257084038.1554717
2025-01-01 01:36:41,256459652.55010104
2025-01-01 01:36:42,256718122.7331821
2025-01-01 01:36:43,256818505.47050816
2025-01-01 01:36:44,255290613.2156113
2025-01-01 01:36:45,251203519.85017443
2025-01-01 01:36:46,248972591.48280773
2025-01-01 01:36:47,251525551.483629
2025-01-01 01:36:48,257120013.1465521
2025-01-01 01:36:49,254468852.41436395
2025-01-01 01:36:50,255722490.52304232
2025-01-01 01:36:51,251998908.28717527
2025-01-01 01:36:52,254009740.43975565
2025-01-01 01:36:53,252885798.2892814
2025-01-01 01:36:54,248395477.7800345
2025-01-01 01:36:55,248950290.06831375
2025-01-01 01:36:56,248506418.54409605
2025-01-01 01:36:57,250128875.57680187
2025-01-01 01:36:58,251538967.2893989
2025-01-01 01:36:59,252285692.17429686
2025-01-01 01:37:00,254082034.83524448
2025-01-01 01:37:01,250193444.31057835
2025-01-01 01:37:02,248048600.08745345
2025-01-01 01:37:03,246988824.90930283
2025-01-01 01:37:04,249009798.16000837
2025-01-01 01:37:05,253143756.98997265
2025-01-01 01:37:06,252354943.86883965
2025-01-01 01:37:07,250526837.13304576
2025-01-01 01:37:08,252359272.17549852
2025-01-01 01:37:09,249667926.56073084
2025-01-01 01:37:10,245847124.53861085
2025-01-01 01:37:11,248036178.63482395
2025-01-01 01:37:12,249854634.21947315
2025-01-01 01:37:13,249394020.17806968
2025-01-01 01:37:14,248219400.66839942
2025-01-01 01:37:15,246179655.5169767
2025-01-01 01:37:16,246272378.736071
2025-01-01 01:37:17,250218304.97835073
2025-01-01 01:37:18,247106376.65629748
2025-01-01 01:37:19,248546931.3230924
2025-01-01 01:37:20,247299705.4517191
2025-01-01 01:37:21,251142473.10052904
2025-01-01 01:37:22,254510519.75062272
2025-01-01 01:37:23,255229624.44758287
2025-01-01 01:37:24,253182727.7913926
2025-01-01 01:37:25,258543704.25602064
2025-01-01 01:37:26,253590614.8863314
2025-01-01 01:37:27,255393014.77492064
2025-01-01 01:37:28,258035044.4654232
2025-01-01 01:37:29,261212216.3825152
2025-01-01 01:37:30,260006833.10237035
2025-01-01 01:37:31,259531544.04987982
2025-01-01 01:37:32,256180528.9830736
2025-01-01 01:37:33,252708544.65271804
2025-01-01 01:37:34,249788994.9012597
2025-01-01 01:37:35,248103713.11892867
2025-01-01 01:37:36,251643947.77765757
2025-01-01 01:37:37,251508801.1766975
2025-01-01 01:37:38,252952895.23781595
2025-01-01 01:37:39,254269541.16510025
2025-01-01 01:37:40,252639114.22394994
2025-01-01 01:37:41,245856788.28735763
2025-01-01 01:37:42,250004515.89870954
2025-01-01 01:37:43,252951181.26878697
2025-01-01 01:37:44,256987832.6492435
2025-01-01 01:37:45,256132804.24044207
2025-01-01 01:37:46,253856406.96027622
2025-01-01 01:37:47,252948053.69237384
2025-01-01 01:37:48,253247439.9489347
2025-01-01 01:37:49,250491281.41636539
2025-01-01 01:37:50,250792475.8114259
2025-01-01 01:37:51,253120369.5351569
2025-01-01 01:37:52,256919867.34253624
2025-01-01 01:37:53,257521705.72728938
2025-01-01 01:37:54,250963273.55635366
2025-01-01 01:37:55,255657567.60751355
2025-01-01 01:37:56,257822776.77533692
2025-01-01 01:37:57,258002536.17365706
2025-01-01 01:37:58,257336193.3523711
2025-01-01 01:37:59,255444577.55053827
2025-01-01 01:38:00,257642598.41794863
2025-01-01 01:38:01,254543780.2621318
2025-01-01 01:38:02,252255928.936288
2025-01-01 01:38:03,253920009.1208395
2025-01-01 01:38:04,251320132.86585972
2025-01-01 01:38:05,253550832.89561844
2025-01-01 01:38:06,251222247.30615744
2025-01-01 01:38:07,252390969.04803228
2025-01-01 01:38:08,250870831.89359054
2025-01-01 01:38:09,249734630.98807314
2025-01-01 01:38:10,249108101.84492856
2025-01-01 01:38:11,251764690.12993038
2025-01-01 01:38:12,245396151.8382139
2025-01-01 01:38:13,250799342.29084665
2025-01-01 01:38:14,251766347.221027
2025-01-01 01:38:15,249291359.88980123
2025-01-01 01:38:16,249635691.2090414
2025-01-01 01:38:17,251643087.72563344
2025-01-01 01:38:18,248290034.60750028
2025-01-01 01:38:19,252590882.14029816
2025-01-01 01:38:20,247659821.81622258
2025-01-01 01:38:21,246962356.92667687
2025-01-01 01:38:22,249642510.02062064
2025-01-01 01:38:23,251334267.39151764
2025-01-01 01:38:24,251490215.3737121
2025-01-01 01:38:25,255079255.35386038
2025-01-01 01:38:26,253325835.74174076
2025-01-01 01:38:27,253514491.54121384
2025-01-01 01:38:28,258264293.372702
2025-01-01 01:38:29,257353371.38127944
2025-01-01 01:38:30,251621469.039409
2025-01-01 01:38:31,251713452.29226518
2025-01-01 01:38:32,253098549.44984272
2025-01-01 01:38:33,250639341.71672735
2025-01-01 01:38:34,250964418.89875677
2025-01-01 01:38:35,251028201.35782623
2025-01-01 01:38:36,252187412.15152386
2025-01-01 01:38:37,252238918.49777192
2025-01-01 01:38:38,253798686.3934493
2025-01-01 01:38:39,255941221.5049233
2025-01-01 01:38:40,255385721.0958895
2025-01-01 01:38:41,255398158.29704458
2025-01-01 01:38:42,254073007.9760915
2025-01-01 01:38:43,252488466.44477543
2025-01-01 01:38:44,248877266.27293068
2025-01-01 01:38:45,243677777.41449118
2025-01-01 01:38:46,245437452.38418704
2025-01-01 01:38:47,244516972.72274488
2025-01-01 01:38:48,244984835.10410187
2025-01-01 01:38:49,244603619.59596413
2025-01-01 01:38:50,248581598.64010757
2025-01-01 01:38:51,249384017.96895868
2025-01-01 01:38:52,247524761.4972859
2025-01-01 01:38:53,248577010.8147326
2025-01-01 01:38:54,254494572.5220796
2025-01-01 01:38:55,255912966.8807809
2025-01-01 01:38:56,256048474.3130728
2025-01-01 01:38:57,252863880.36988047
2025-01-01 01:38:58,256700496.24335024
2025-01-01 01:38:59,254586837.54806772
2025-01-01 01:39:00,251284355.46971196
2025-01-01 01:39:01,252848196.9039376
2025-01-01 01:39:02,247897971.65246546
2025-01-01 01:39:03,248750272.58756018
2025-01-01 01:39:04,248942105.33810472
2025-01-01 01:39:05,251868792.87749708
2025-01-01 01:39:06,255017404.1778464
2025-01-01 01:39:07,248595216.35558575
2025-01-01 01:39:08,253233093.5735372
2025-01-01 01:39:09,255616949.7495257
2025-01-01 01:39:10,253144329.61481726
2025-01-01 01:39:11,251003888.3494726
2025-01-01 01:39:12,255175828.50164673
2025-01-01 01:39:13,254638993.15659
2025-01-01 01:39:14,249624676.37347072
2025-01-01 01:39:15,247784413.94166747
2025-01-01 01:39:16,248477428.32055247
2025-01-01 01:39:17,252455980.90892053
2025-01-01 01:39:18,251066114.73117027
2025-01-01 01:39:19,247151702.48035428
2025-01-01 01:39:20,247575603.3642456
2025-01-01 01:39:21,247606414.06565174
2025-01-01 01:39:22,244517992.4532631
2025-01-01 01:39:23,245006864.25091407
2025-01-01 01:39:24,250049736.0400277
2025-01-01 01:39:25,247792946.67052364
2025-01-01 01:39:26,243156783.2237015
2025-01-01 01:39:27,243909845.55274644
2025-01-01 01:39:28,246905696.21624035
2025-01-01 01:39:29,251249910.51860434
2025-01-01 01:39:30,252746072.40028492
2025-01-01 01:39:31,249554514.2611909
2025-01-01 01:39:32,250588888.84024146
2025-01-01 01:39:33,251275093.7679084
2025-01-01 01:39:34,254198712.62775996
2025-01-01 01:39:35,251699474.95752332
2025-01-01 01:39:36,251943250.4877832
2025-01-01 01:39:37,248744558.60789293
2025-01-01 01:39:38,250350147.0567262
2025-01-01 01:39:39,251644015.35127398
2025-01-01 01:39:40,251459832.0144496
2025-01-01 01:39:41,247244414.24444285
2025-01-01 01:39:42,247686279.46495962
2025-01-01 01:39:43,252367518.6983264
2025-01-01 01:39:44,248918973.6509834
2025-01-01 01:39:45,253332492.23836356
2025-01-01 01:39:46,250798650.1403684
2025-01-01 01:39:47,245374018.38261122
2025-01-01 01:39:48,245954129.26536575
2025-01-01 01:39:49,250474437.10236076
2025-01-01 01:39:50,253078914.09468994
2025-01-01 01:39:51,251887463.5642951
2025-01-01 01:39:52,249368181.8479572
2025-01-01 01:39:53,250192896.55556166
2025-01-01 01:39:54,251254260.54908347
2025-01-01 01:39:55,249837789.09866214
2025-01-01 01:39:56,253235514.97802144
2025-01-01 01:39:57,251083983.76124933
2025-01-01 01:39:58,249162518.7363543
2025-01-01 01:39:59,256822961.0216158
2025-01-01 01:40:00,251873260.11938694
2025-01-01 01:40:01,251600560.01435077
2025-01-01 01:40:02,250891182.73797432
2025-01-01 01:40:03,249563733.78237095
2025-01-01 01:40:04,247673010.85392773
2025-01-01 01:40:05,247933182.11887252
2025-01-01 01:40:06,249611497.12841508
2025-01-01 01:40:07,252732921.99106163
2025-01-01 01:40:08,252863579.83197832
2025-01-01 01:40:09,251944972.96243298
2025-01-01 01:40:10,254040567.20474362
2025-01-01 01:40:11,249783434.7323842
2025-01-01 01:40:12,243236673.75889727
2025-01-01 01:40:13,242795644.81981105
2025-01-01 01:40:14,247855527.96188313
2025-01-01 01:40:15,249221710.7792185
2025-01-01 01:40:16,253741286.9733098
2025-01-01 01:40:17,247383924.1000833
2025-01-01 01:40:18,248953670.454006
2025-01-01 01:40:19,246532895.62529698
2025-01-01 01:40:20,241399087.74384093
2025-01-01 01:40:21,247692454.55385134
2025-01-01 01:40:22,250000817.8710277
2025-01-01 01:40:23,245502532.94924006
2025-01-01 01:40:24,244126498.21174
2025-01-01 01:40:25,248844480.95636255
2025-01-01 01:40:26,248941000.23607463
2025-01-01 01:40:27,249402341.39490804
2025-01-01 01:40:28,243282800.61604163
2025-01-01 01:40:29,249134963.1563826
2025-01-01 01:40:30,250704033.62535852
2025-01-01 01:40:31,246827601.84921518
2025-01-01 01:40:32,248759455.32260904
2025-01-01 01:40:33,248471340.43764526
2025-01-01 01:40:34,250588668.45457307
2025-01-01 01:40:35,246327531.82079342
2025-01-01 01:40:36,243746879.6738349
2025-01-01 01:40:37,241157529.4798049
2025-01-01 01:40:38,242325570.28190148
2025-01-01 01:40:39,250031042.398723
2025-01-01 01:40:40,249666302.93988964
2025-01-01 01:40:41,245998306.33760485
2025-01-01 01:40:42,246954871.9874674
2025-01-01 01:40:43,244082653.9054151
2025-01-01 01:40:44,240662718.7717595
2025-01-01 01:40:45,242032196.3646775
2025-01-01 01:40:46,245133943.49101144
2025-01-01 01:40:47,247106816.3260834
2025-01-01 01:40:48,251062450.74170512
2025-01-01 01:40:49,245801800.27149436
2025-01-01 01:40:50,248326078.3490432
2025-01-01 01:40:51,248567820.74069723
2025-01-01 01:40:52,242845587.22868952
2025-01-01 01:40:53,248477260.56789452
2025-01-01 01:40:54,242861706.87064895
2025-01-01 01:40:55,242220692.1987272
2025-01-01 01:40:56,240221674.9471181
2025-01-01 01:40:57,242213834.7893806
2025-01-01 01:40:58,244141546.3865651
2025-01-01 01:40:59,239677271.33875725
2025-01-01 01:41:00,242588806.09790504
2025-01-01 01:41:01,239961678.12995645
2025-01-01 01:41:02,242658596.58369756
2025-01-01 01:41:03,247122165.75852108
2025-01-01 01:41:04,243043423.13005236
2025-01-01 01:41:05,245286010.11646515
2025-01-01 01:41:06,244292773.67366102
2025-01-01 01:41:07,248927929.6674349
2025-01-01 01:41:08,242953145.57362327
2025-01-01 01:41:09,250562542.04736343
2025-01-01 01:41:10,250872278.57298967
2025-01-01 01:41:11,248327915.98244056
2025-01-01 01:41:12,246774838.338245
2025-01-01 01:41:13,248286205.25526822
2025-01-01 01:41:14,245743561.3920361
2025-01-01 01:41:15,245179493.14428642
2025-01-01 01:41:16,243240013.1649092
2025-01-01 01:41:17,241858370.61325675
2025-01-01 01:41:18,240167490.8976802
2025-01-01 01:41:19,245565048.74649182
2025-01-01 01:41:20,241407607.75975287
2025-01-01 01:41:21,244555592.8173162
2025-01-01 01:41:22,245059516.87627384
2025-01-01 01:41:23,246634840.30166727
2025-01-01 01:41:24,237238614.99222857
2025-01-01 01:41:25,240583087.92299157
2025-01-01 01:41:26,242711612.4356635
2025-01-01 01:41:27,241881653.97685498
2025-01-01 01:41:28,237951258.02848452
2025-01-01 01:41:29,234983366.6936256
2025-01-01 01:41:30,240938941.22779965
2025-01-01 01:41:31,242385170.4435001
2025-01-01 01:41:32,242898250.64035177
2025-01-01 01:41:33,239750521.77047655
2025-01-01 01:41:34,241618120.38758215
2025-01-01 01:41:35,241233828.89887398
2025-01-01 01:41:36,242721331.06771433
2025-01-01 01:41:37,243700941.8116995
2025-01-01 01:41:38,244709152.70867226
2025-01-01 01:41:39,243938006.60084254
2025-01-01 01:41:40,243136966.71469006
2025-01-01 01:41:41,243121088.21975744
2025-01-01 01:41:42,244754442.18113717
2025-01-01 01:41:43,246333387.94223437
2025-01-01 01:41:44,248155935.070753
2025-01-01 01:41:45,247967274.67294475
2025-01-01 01:41:46,250799480.02983928
2025-01-01 01:41:47,255065700.7522068
2025-01-01 01:41:48,252542501.43519494
2025-01-01 01:41:49,253607681.89337978
2025-01-01 01:41:50,247663055.4654048
2025-01-01 01:41:51,251832667.71714172
2025-01-01 01:41:52,252506990.73015767
2025-01-01 01:41:53,250795162.3861054
2025-01-01 01:41:54,251802176.3273864
2025-01-01 01:41:55,253434714.26905307
2025-01-01 01:41:56,253669967.61415702
2025-01-01 01:41:57,256293508.73004842
2025-01-01 01:41:58,253267073.64380398
2025-01-01 01:41:59,247033436.2868134
2025-01-01 01:42:00,244467343.5511513
2025-01-01 01:42:01,244495182.3154297
2025-01-01 01:42:02,241439996.607196
2025-01-01 01:42:03,243873420.30173022
2025-01-01 01:42:04,244068496.50283948
2025-01-01 01:42:05,244166966.4216852
2025-01-01 01:42:06,244252811.95368645
2025-01-01 01:42:07,248387971.6820884
2025-01-01 01:42:08,248675849.39956486
2025-01-01 01:42:09,244197278.82069492
2025-01-01 01:42:10,250029234.41939038
2025-01-01 01:42:11,250043933.56730542
2025-01-01 01:42:12,248232315.61297324
2025-01-01 01:42:13,247779421.48875538
2025-01-01 01:42:14,247465782.58784756
2025-01-01 01:42:15,245585302.4775279
2025-01-01 01:42:16,248983591.92395765
2025-01-01 01:42:17,249365723.3464346
2025-01-01 01:42:18,249204120.5514588
2025-01-01 01:42:19,247246707.4355509
2025-01-01 01:42:20,246154888.49185023
2025-01-01 01:42:21,244355475.41572487
2025-01-01 01:42:22,246283858.7995884
2025-01-01 01:42:23,242498543.16940492
2025-01-01 01:42:24,241040020.75327298
2025-01-01 01:42:25,248433973.1640539
2025-01-01 01:42:26,250910838.73256683
2025-01-01 01:42:27,251055209.17663035
2025-01-01 01:42:28,252818105.31287828
2025-01-01 01:42:29,249205827.46358833
2025-01-01 01:42:30,249463492.9283493
2025-01-01 01:42:31,246044450.52146366
2025-01-01 01:42:32,246500871.54228368
2025-01-01 01:42:33,246770916.04199177
2025-01-01 01:42:34,246315642.49879012
2025-01-01 01:42:35,244811748.4347331
2025-01-01 01:42:36,241829899.93675074
2025-01-01 01:42:37,248288907.80144048
2025-01-01 01:42:38,243615042.88041306
2025-01-01 01:42:39,245486181.3876414
2025-01-01 01:42:40,247297916.5412744
2025-01-01 01:42:41,253127746.5032581
2025-01-01 01:42:42,245639260.18955863
2025-01-01 01:42:43,247695385.9413852
2025-01-01 01:42:44,242436910.7996099
2025-01-01 01:42:45,246241053.4181863
2025-01-01 01:42:46,248987543.30907014
2025-01-01 01:42:47,253294276.71615395
2025-01-01 01:42:48,253382339.85089117
2025-01-01 01:42:49,251817644.83125517
2025-01-01 01:42:50,252252030.8182811
2025-01-01 01:42:51,251051313.91009945
2025-01-01 01:42:52,250697501.96541464
2025-01-01 01:42:53,252813989.80465475
2025-01-01 01:42:54,251688118.90954658
2025-01-01 01:42:55,245713507.4118014
2025-01-01 01:42:56,241555369.06679752
2025-01-01 01:42:57,244895255.42813316
2025-01-01 01:42:58,244834596.07034
2025-01-01 01:42:59,243492230.95521665
2025-01-01 01:43:00,245147800.07567424
2025-01-01 01:43:01,241340894.18120858
2025-01-01 01:43:02,239568524.17059872
2025-01-01 01:43:03,244854105.78475147
2025-01-01 01:43:04,245043725.92679283
2025-01-01 01:43:05,236405572.43145213
2025-01-01 01:43:06,238157838.49694526
2025-01-01 01:43:07,235857102.85038114
2025-01-01 01:43:08,240933955.83910114
2025-01-01 01:43:09,238621127.77816674
2025-01-01 01:43:10,237200783.81487748
2025-01-01 01:43:11,239760646.4971841
2025-01-01 01:43:12,242026302.4141732
2025-01-01 01:43:13,243888136.94987676
2025-01-01 01:43:14,244155936.26935697
2025-01-01 01:43:15,246556477.56484178
2025-01-01 01:43:16,245578194.456828
2025-01-01 01:43:17,244754118.85164976
2025-01-01 01:43:18,245459117.7568891
2025-01-01 01:43:19,245983892.65757397
2025-01-01 01:43:20,243613209.1793652
2025-01-01 01:43:21,249604749.93188292
2025-01-01 01:43:22,253305667.85507652
2025-01-01 01:43:23,252824143.2060695
2025-01-01 01:43:24,252980720.6124906
2025-01-01 01:43:25,253959119.76411936
2025-01-01 01:43:26,256931594.30095965
2025-01-01 01:43:27,255132711.96012557
2025-01-01 01:43:28,250836841.79642296
2025-01-01 01:43:29,258302332.72700572
2025-01-01 01:43:30,254004731.25253484
2025-01-01 01:43:31,256730609.01149893
2025-01-01 01:43:32,257457212.8468335
2025-01-01 01:43:33,254557721.50060058
2025-01-01 01:43:34,251436090.37345323
2025-01-01 01:43:35,253977647.6029756
2025-01-01 01:43:36,251068898.67687005
2025-01-01 01:43:37,254376727.92026752
2025-01-01 01:43:38,256714788.84911177
2025-01-01 01:43:39,250051712.57890925
2025-01-01 01:43:40,248837848.61328694
2025-01-01 01:43:41,253660774.38985485
2025-01-01 01:43:42,249942517.8317533
2025-01-01 01:43:43,246342715.04854223
2025-01-01 01:43:44,246254175.4073209
2025-01-01 01:43:45,245643051.91545826
2025-01-01 01:43:46,246396574.60373384
2025-01-01 01:43:47,248579867.24022704
2025-01-01 01:43:48,248385657.6547123
2025-01-01 01:43:49,250089944.62333703
2025-01-01 01:43:50,257093927.0115623
2025-01-01 01:43:51,253258291.26689768
2025-01-01 01:43:52,250353194.27726153
2025-01-01 01:43:53,250702103.3903966
2025-01-01 01:43:54,248334653.69971326
2025-01-01 01:43:55,249673516.8664827
2025-01-01 01:43:56,252689537.69919607
2025-01-01 01:43:57,250038917.0870103
2025-01-01 01:43:58,257114040.3378058
2025-01-01 01:43:59,252612210.22016707
2025-01-01 01:44:00,255688541.11474228
2025-01-01 01:44:01,256319775.5266083
2025-01-01 01:44:02,254443655.8125699
2025-01-01 01:44:03,253477076.77597463
2025-01-01 01:44:04,253982892.89319018
2025-01-01 01:44:05,256515812.02442414
2025-01-01 01:44:06,253602969.77500093
2025-01-01 01:44:07,253737293.94468683
2025-01-01 01:44:08,248733872.26007798
2025-01-01 01:44:09,250380394.9416042
2025-01-01 01:44:10,254784908.7834893
2025-01-01 01:44:11,257721709.51198587
2025-01-01 01:44:12,260300574.98359928
2025-01-01 01:44:13,260980788.3137146
2025-01-01 01:44:14,255332396.07886207
2025-01-01 01:44:15,253157277.46045014
2025-01-01 01:44:16,256191772.62756875
2025-01-01 01:44:17,255885696.89784434
2025-01-01 01:44:18,254372955.04597023
2025-01-01 01:44:19,252501720.27211466
2025-01-01 01:44:20,250871564.89700192
2025-01-01 01:44:21,252329432.82149154
2025-01-01 01:44:22,256242500.74333942
2025-01-01 01:44:23,256220612.36122498
2025-01-01 01:44:24,255859659.54159564
2025-01-01 01:44:25,259970787.95679772
2025-01-01 01:44:26,257681202.2368222
2025-01-01 01:44:27,257327036.05114785
2025-01-01 01:44:28,253614794.2395719
2025-01-01 01:44:29,252578296.0126935
2025-01-01 01:44:30,249985325.40708312
2025-01-01 01:44:31,254238982.98344192
2025-01-01 01:44:32,253852009.46210444
2025-01-01 01:44:33,254246414.85113898
2025-01-01 01:44:34,255740344.70144126
2025-01-01 01:44:35,251242408.81983042
2025-01-01 01:44:36,248234943.98390993
2025-01-01 01:44:37,250703238.8446878
2025-01-01 01:44:38,246453477.72367677
2025-01-01 01:44:39,248383868.22425854
2025-01-01 01:44:40,252018412.23524845
2025-01-01 01:44:41,248281730.45775202
2025-01-01 01:44:42,250612582.90565366
2025-01-01 01:44:43,253617125.7278402
2025-01-01 01:44:44,253771162.3592995
2025-01-01 01:44:45,254003887.31439853
2025-01-01 01:44:46,256678732.9136905
2025-01-01 01:44:47,255835862.80992585
2025-01-01 01:44:48,257966363.55685678
2025-01-01 01:44:49,254637255.00437433
2025-01-01 01:44:50,251760750.5001324
2025-01-01 01:44:51,254249793.02381325
2025-01-01 01:44:52,248372345.25403982
2025-01-01 01:44:53,248963241.9737054
2025-01-01 01:44:54,248936317.06803444
2025-01-01 01:44:55,251179981.04974595
2025-01-01 01:44:56,253195373.00668162
2025-01-01 01:44:57,249838990.63513672
2025-01-01 01:44:58,249815376.74548143
2025-01-01 01:44:59,250466701.81765875
2025-01-01 01:45:00,251686706.75663906
2025-01-01 01:45:01,255959902.08294097
2025-01-01 01:45:02,259080827.52814516
2025-01-01 01:45:03,260927585.24714735
2025-01-01 01:45:04,258571889.66632566
2025-01-01 01:45:05,256541786.89024413
2025-01-01 01:45:06,251614326.1631878
2025-01-01 01:45:07,258059976.42550665
2025-01-01 01:45:08,256902433.66382128
2025-01-01 01:45:09,256966137.60051423
2025-01-01 01:45:10,254723562.7546661
2025-01-01 01:45:11,258227888.06937206
2025-01-01 01:45:12,257496228.7954713
2025-01-01 01:45:13,254267181.64322937
2025-01-01 01:45:14,251506946.64067122
2025-01-01 01:45:15,255066327.99890575
2025-01-01 01:45:16,253543963.47443253
2025-01-01 01:45:17,249829915.25004035
2025-01-01 01:45:18,252817504.9280635
2025-01-01 01:45:19,253819391.65544555
2025-01-01 01:45:20,249210634.49867505
2025-01-01 01:45:21,252523982.6166453
2025-01-01 01:45:22,251060413.85908064
2025-01-01 01:45:23,249361546.45012903
2025-01-01 01:45:24,250285875.80707607
2025-01-01 01:45:25,250954622.64561683
2025-01-01 01:45:26,252044006.57756194
2025-01-01 01:45:27,248280219.2753488
2025-01-01 01:45:28,245783817.7166732
2025-01-01 01:45:29,243340508.55333862
2025-01-01 01:45:30,246731742.45121664
2025-01-01 01:45:31,245634326.59322825
2025-01-01 01:45:32,246214625.41371784
2025-01-01 01:45:33,247086060.66632456
2025-01-01 01:45:34,241038127.80030513
2025-01-01 01:45:35,236806063.54296923
2025-01-01 01:45:36,238885727.83274412
2025-01-01 01:45:37,242398395.6656466
2025-01-01 01:45:38,242256565.63424945
2025-01-01 01:45:39,243976026.14676815
2025-01-01 01:45:40,244169630.06997502
2025-01-01 01:45:41,242268057.95281234
2025-01-01 01:45:42,244035173.0753837
2025-01-01 01:45:43,249166786.10874534
2025-01-01 01:45:44,245579201.05580616
2025-01-01 01:45:45,247769974.8533105
2025-01-01 01:45:46,246500298.21946463
2025-01-01 01:45:47,242989984.00626898
2025-01-01 01:45:48,240420673.52945015
2025-01-01 01:45:49,244457537.13474825
2025-01-01 01:45:50,241181245.13191742
2025-01-01 01:45:51,244950209.54024404
2025-01-01 01:45:52,250885126.79825726
2025-01-01 01:45:53,253405037.4956678
2025-01-01 01:45:54,246030012.2974859
2025-01-01 01:45:55,245669450.01343083
2025-01-01 01:45:56,245083459.39173797
2025-01-01 01:45:57,248663163.75359383
2025-01-01 01:45:58,251882217.02209556
2025-01-01 01:45:59,250796629.30010727
2025-01-01 01:46:00,249301306.3986582
2025-01-01 01:46:01,253951422.63458547
2025-01-01 01:46:02,248702983.95511782
2025-01-01 01:46:03,251575392.29014856
2025-01-01 01:46:04,248203070.0735313
2025-01-01 01:46:05,250254458.96692508
2025-01-01 01:46:06,247708527.50861922
2025-01-01 01:46:07,247350617.08831018
2025-01-01 01:46:08,249115078.40826562
2025-01-01 01:46:09,246034913.16873989
2025-01-01 01:46:10,248455001.9320195
2025-01-01 01:46:11,247871924.7815725
2025-01-01 01:46:12,245012167.9389231
2025-01-01 01:46:13,241888411.25311047
2025-01-01 01:46:14,245032349.78933322
2025-01-01 01:46:15,243999993.45708966
2025-01-01 01:46:16,237970382.33848706
2025-01-01 01:46:17,241545647.19316205
2025-01-01 01:46:18,245507979.06296974
2025-01-01 01:46:19,246460090.5616262
2025-01-01 01:46:20,246384742.0700504
2025-01-01 01:46:21,249475696.75384513
2025-01-01 01:46:22,247873981.51028627
2025-01-01 01:46:23,252761275.1950228
2025-01-01 01:46:24,250615409.23180655
2025-01-01 01:46:25,250264593.8954238
2025-01-01 01:46:26,257475164.19234398
2025-01-01 01:46:27,254657338.02187425
2025-01-01 01:46:28,257206209.5054025
2025-01-01 01:46:29,249359827.58438787
2025-01-01 01:46:30,247183380.08321735
2025-01-01 01:46:31,248834737.64599422
2025-01-01 01:46:32,246524251.1018705
2025-01-01 01:46:33,241914294.09084776
2025-01-01 01:46:34,241915007.1325148
2025-01-01 01:46:35,245392029.2834937
2025-01-01 01:46:36,240789458.41446513
2025-01-01 01:46:37,245166032.55536848
2025-01-01 01:46:38,243998430.65171626
2025-01-01 01:46:39,244632615.1668536
2025-01-01 01:46:40,242054308.43892372
2025-01-01 01:46:41,245835234.80305848
2025-01-01 01:46:42,245420355.7318515
2025-01-01 01:46:43,245242940.43187183
2025-01-01 01:46:44,242645731.11411119
2025-01-01 01:46:45,243101152.65397507
2025-01-01 01:46:46,247800099.8957823
2025-01-01 01:46:47,241423667.25324792
2025-01-01 01:46:48,240715819.33143988
2025-01-01 01:46:49,243028385.07902288
2025-01-01 01:46:50,249237396.96152008
2025-01-01 01:46:51,244578459.93320915
2025-01-01 01:46:52,240785505.363825
2025-01-01 01:46:53,242936769.62363678
2025-01-01 01:46:54,245125034.62648237
2025-01-01 01:46:55,245523013.03610146
2025-01-01 01:46:56,243835759.57957602
2025-01-01 01:46:57,243681548.17668983
2025-01-01 01:46:58,244396853.3809966
2025-01-01 01:46:59,248351050.98318946
2025-01-01 01:47:00,243536449.93558192
2025-01-01 01:47:01,245921176.3240519
2025-01-01 01:47:02,248453413.40465984
2025-01-01 01:47:03,245733619.52588856
2025-01-01 01:47:04,243480893.68710044
2025-01-01 01:47:05,247702322.3776696
2025-01-01 01:47:06,242986859.69011787
2025-01-01 01:47:07,243045515.0319267
2025-01-01 01:47:08,241963958.7361198
2025-01-01 01:47:09,243194696.8624734
2025-01-01 01:47:10,242017178.4366148
2025-01-01 01:47:11,241073621.4038525
2025-01-01 01:47:12,241127954.9476476
2025-01-01 01:47:13,240161630.52306002
2025-01-01 01:47:14,240466168.8528713
2025-01-01 01:47:15,239175533.9468409
2025-01-01 01:47:16,244396687.4085936
2025-01-01 01:47:17,246535307.20010713
2025-01-01 01:47:18,244494863.9867489
2025-01-01 01:47:19,244672400.04426458
2025-01-01 01:47:20,250211156.77408943
2025-01-01 01:47:21,252025651.03332016
2025-01-01 01:47:22,249166351.43719032
2025-01-01 01:47:23,246053169.39192018
2025-01-01 01:47:24,243572556.9336528
2025-01-01 01:47:25,247131765.58421218
2025-01-01 01:47:26,247371537.98542204
2025-01-01 01:47:27,248470056.4042987
2025-01-01 01:47:28,254214233.66949147
2025-01-01 01:47:29,249947290.62637907
2025-01-01 01:47:30,243202101.82005486
2025-01-01 01:47:31,248264728.14500448
2025-01-01 01:47:32,250677545.07599238
2025-01-01 01:47:33,252922882.16290852
2025-01-01 01:47:34,251994897.9835226
2025-01-01 01:47:35,251397709.93637103
2025-01-01 01:47:36,253122999.08433944
2025-01-01 01:47:37,250621004.9332758
2025-01-01 01:47:38,249405920.2318931
2025-01-01 01:47:39,252897846.98900077
2025-01-01 01:47:40,250495310.9529779
2025-01-01 01:47:41,249437210.09986165
2025-01-01 01:47:42,255507788.32018206
2025-01-01 01:47:43,247737842.68224064
2025-01-01 01:47:44,244088082.75675073
2025-01-01 01:47:45,248268999.99051785
2025-01-01 01:47:46,247853391.65230197
2025-01-01 01:47:47,255040223.40724987
2025-01-01 01:47:48,254803528.79348812
2025-01-01 01:47:49,253800191.2727641
2025-01-01 01:47:50,251404974.72983134
2025-01-01 01:47:51,252232022.0361853
2025-01-01 01:47:52,249877803.2477503
2025-01-01 01:47:53,252886053.3857969
2025-01-01 01:47:54,247928453.36766458
2025-01-01 01:47:55,245488358.49179795
2025-01-01 01:47:56,252547778.985303
2025-01-01 01:47:57,251779336.3814335
2025-01-01 01:47:58,252943075.26359263
2025-01-01 01:47:59,250920695.66577446
2025-01-01 01:48:00,252978835.04879972
2025-01-01 01:48:01,254737371.0149541
2025-01-01 01:48:02,255480739.84266648
2025-01-01 01:48:03,255459729.08623663
2025-01-01 01:48:04,251458230.56000245
2025-01-01 01:48:05,251975397.77527344
2025-01-01 01:48:06,254633873.07056928
2025-01-01 01:48:07,255380452.80998358
2025-01-01 01:48:08,254917314.9962471
2025-01-01 01:48:09,252726077.4116312
2025-01-01 01:48:10,249900618.40314776
2025-01-01 01:48:11,251299877.53408295
2025-01-01 01:48:12,248361469.62355268
2025-01-01 01:48:13,251984580.56180242
2025-01-01 01:48:14,248267159.85485953
2025-01-01 01:48:15,249897971.42708084
2025-01-01 01:48:16,247757374.2894174
2025-01-01 01:48:17,245494290.8427647
2025-01-01 01:48:18,246640001.9288185
2025-01-01 01:48:19,243593560.33053428
2025-01-01 01:48:20,238122625.64687353
2025-01-01 01:48:21,243871664.2475565
2025-01-01 01:48:22,245632699.74073046
2025-01-01 01:48:23,246709163.4045464
2025-01-01 01:48:24,251567890.8435384
2025-01-01 01:48:25,247541328.465074
2025-01-01 01:48:26,251407157.92458287
2025-01-01 01:48:27,252190620.2095106
2025-01-01 01:48:28,248524392.62614644
2025-01-01 01:48:29,250250745.49320108
2025-01-01 01:48:30,249732516.1621393
2025-01-01 01:48:31,250451660.87126836
2025-01-01 01:48:32,249577768.59570915
2025-01-01 01:48:33,245757076.86109036
2025-01-01 01:48:34,243349366.96995828
2025-01-01 01:48:35,244865786.6430749
2025-01-01 01:48:36,248170137.74377847
2025-01-01 01:48:37,242574148.33670735
2025-01-01 01:48:38,247771633.5700761
2025-01-01 01:48:39,257073267.39061773
2025-01-01 01:48:40,252943952.60218152
2025-01-01 01:48:41,248838688.6101016
2025-01-01 01:48:42,251014926.1964616
2025-01-01 01:48:43,247812048.2058939
2025-01-01 01:48:44,247143978.01836276
2025-01-01 01:48:45,247503284.42725548
2025-01-01 01:48:46,247263863.73801053
2025-01-01 01:48:47,248693335.74834037
2025-01-01 01:48:48,246212677.1228459
2025-01-01 01:48:49,245943913.955447
2025-01-01 01:48:50,247825032.32597718
2025-01-01 01:48:51,252584104.22148335
2025-01-01 01:48:52,251432682.0216902
2025-01-01 01:48:53,249086274.55969328
2025-01-01 01:48:54,246938504.0177558
2025-01-01 01:48:55,247231891.98693308
2025-01-01 01:48:56,247833960.98734376
2025-01-01 01:48:57,246571645.8597999
2025-01-01 01:48:58,245895697.98380035
2025-01-01 01:48:59,250415217.69240353
2025-01-01 01:49:00,251427347.09608975
2025-01-01 01:49:01,247902893.54552987
2025-01-01 01:49:02,245999059.60459
2025-01-01 01:49:03,242018109.4319787
2025-01-01 01:49:04,244356584.51764813
2025-01-01 01:49:05,246735515.65500292
2025-01-01 01:49:06,247096473.5780617
2025-01-01 01:49:07,250246826.2191087
2025-01-01 01:49:08,247738828.1465437
2025-01-01 01:49:09,246986316.6315681
2025-01-01 01:49:10,248380504.13542804
2025-01-01 01:49:11,244272535.03283465
2025-01-01 01:49:12,245803938.15128264
2025-01-01 01:49:13,245992054.88164717
2025-01-01 01:49:14,246444705.1862926
2025-01-01 01:49:15,249645730.10906407
2025-01-01 01:49:16,245587225.96174902
2025-01-01 01:49:17,247213254.15944284
2025-01-01 01:49:18,248323805.3319001
2025-01-01 01:49:19,246587750.62360564
2025-01-01 01:49:20,249484421.8860071
2025-01-01 01:49:21,243675465.40403873
2025-01-01 01:49:22,246976386.5445693
2025-01-01 01:49:23,250253387.44707096
2025-01-01 01:49:24,250864158.32906914
2025-01-01 01:49:25,250439817.60387942
2025-01-01 01:49:26,254591532.96135628
2025-01-01 01:49:27,253975976.91200098
2025-01-01 01:49:28,249673527.10401338
2025-01-01 01:49:29,250169984.1389436
2025-01-01 01:49:30,252561527.2065461
2025-01-01 01:49:31,249523847.10953084
2025-01-01 01:49:32,248676053.4832638
2025-01-01 01:49:33,250742180.82439438
2025-01-01 01:49:34,255108239.1104301
2025-01-01 01:49:35,252406798.13354018
2025-01-01 01:49:36,253093373.65595457
2025-01-01 01:49:37,247957334.76996702
2025-01-01 01:49:38,248688560.90403914
2025-01-01 01:49:39,255890958.50218928
2025-01-01 01:49:40,255742853.6019779
2025-01-01 01:49:41,254466655.54408172
2025-01-01 01:49:42,253615844.51169437
2025-01-01 01:49:43,254530114.20938128
2025-01-01 01:49:44,258412411.26652586
2025-01-01 01:49:45,254391179.4666419
2025-01-01 01:49:46,255629121.08858383
2025-01-01 01:49:47,256689650.4033439
2025-01-01 01:49:48,254692094.8319621
2025-01-01 01:49:49,252835267.40056914
2025-01-01 01:49:50,253150853.46215165
2025-01-01 01:49:51,250366166.74537435
2025-01-01 01:49:52,249062823.5333952
2025-01-01 01:49:53,247012599.1848663
2025-01-01 01:49:54,256802465.77062917
2025-01-01 01:49:55,249544893.85092893
2025-01-01 01:49:56,247791059.71834996
2025-01-01 01:49:57,252176311.2961835
2025-01-01 01:49:58,248546147.26499948
2025-01-01 01:49:59,252208375.97760963
2025-01-01 01:50:00,251941337.93576202
2025-01-01 01:50:01,250358300.74290517
2025-01-01 01:50:02,252421785.19993377
2025-01-01 01:50:03,245024920.16563064
2025-01-01 01:50:04,249273348.3397624
2025-01-01 01:50:05,247115889.7213836
2025-01-01 01:50:06,251522188.21416682
2025-01-01 01:50:07,243897670.51808122
2025-01-01 01:50:08,248060722.92097816
2025-01-01 01:50:09,252381289.8651704
2025-01-01 01:50:10,249723304.84273425
2025-01-01 01:50:11,250256093.96870914
2025-01-01 01:50:12,248036995.93653074
2025-01-01 01:50:13,249835538.6029443
2025-01-01 01:50:14,251976133.72967044
2025-01-01 01:50:15,250318852.655103
2025-01-01 01:50:16,252232332.66207445
2025-01-01 01:50:17,256417546.69338387
2025-01-01 01:50:18,250751187.37953562
2025-01-01 01:50:19,252812207.1846383
2025-01-01 01:50:20,250882764.29479173
2025-01-01 01:50:21,250391127.5294304
2025-01-01 01:50:22,251543499.9548752
2025-01-01 01:50:23,250696755.72600955
2025-01-01 01:50:24,247228292.04127175
2025-01-01 01:50:25,248471886.01221207
2025-01-01 01:50:26,248960109.0323731
2025-01-01 01:50:27,250199768.91353235
2025-01-01 01:50:28,250504547.16329932
2025-01-01 01:50:29,249942899.29619935
2025-01-01 01:50:30,250497154.84053013
2025-01-01 01:50:31,251300590.78050452
2025-01-01 01:50:32,251069637.17998314
2025-01-01 01:50:33,253608806.3580628
2025-01-01 01:50:34,254455424.83240205
2025-01-01 01:50:35,256166575.89482567
2025-01-01 01:50:36,255559736.93366194
2025-01-01 01:50:37,247292031.17368978
2025-01-01 01:50:38,248222239.3553766
2025-01-01 01:50:39,247590657.9359298
2025-01-01 01:50:40,253597960.2298612
2025-01-01 01:50:41,256235837.3306006
2025-01-01 01:50:42,257471747.95377305
2025-01-01 01:50:43,253904168.96189344
2025-01-01 01:50:44,248517939.11111236
2025-01-01 01:50:45,248370984.78207645
2025-01-01 01:50:46,248491521.1084899
2025-01-01 01:50:47,247589667.09784454
2025-01-01 01:50:48,246218613.9591231
2025-01-01 01:50:49,247149361.79686993
2025-01-01 01:50:50,248509990.71074966
2025-01-01 01:50:51,247453448.58852696
2025-01-01 01:50:52,246756593.43056485
2025-01-01 01:50:53,248671511.31873378
2025-01-01 01:50:54,252953369.80114827
2025-01-01 01:50:55,250578434.0932969
2025-01-01 01:50:56,251446341.8473988
2025-01-01 01:50:57,250430903.96072966
2025-01-01 01:50:58,251062264.95070496
2025-01-01 01:50:59,249590434.15774068
2025-01-01 01:51:00,251882108.3116909
2025-01-01 01:51:01,243207203.76156715
2025-01-01 01:51:02,244937275.6977864
2025-01-01 01:51:03,246483372.990936
2025-01-01 01:51:04,244893390.9642101
2025-01-01 01:51:05,249342514.68055663
2025-01-01 01:51:06,245091561.8856934
2025-01-01 01:51:07,246916736.3065799
2025-01-01 01:51:08,250503529.76477462
2025-01-01 01:51:09,251570818.498235
2025-01-01 01:51:10,252497137.21409535
2025-01-01 01:51:11,249549857.39756832
2025-01-01 01:51:12,254568269.98597717
2025-01-01 01:51:13,256716433.85518837
2025-01-01 01:51:14,257851665.0488018
2025-01-01 01:51:15,255045631.29344115
2025-01-01 01:51:16,257210265.8391932
2025-01-01 01:51:17,257230909.1274092
2025-01-01 01:51:18,259488089.6811619
2025-01-01 01:51:19,259555408.56640527
2025-01-01 01:51:20,254033756.4855008
2025-01-01 01:51:21,255986798.2749911
2025-01-01 01:51:22,254523453.0886073
2025-01-01 01:51:23,252190436.41244206
2025-01-01 01:51:24,251852641.69733
2025-01-01 01:51:25,255072444.1937109
2025-01-01 01:51:26,253209552.13981143
2025-01-01 01:51:27,255103530.91896105
2025-01-01 01:51:28,254644156.3769222
2025-01-01 01:51:29,256187191.98820782
2025-01-01 01:51:30,251496203.32574433
2025-01-01 01:51:31,256004838.1157121
2025-01-01 01:51:32,256037324.7610887
2025-01-01 01:51:33,255633365.4001701
2025-01-01 01:51:34,257941307.79624993
2025-01-01 01:51:35,257179670.4003973
2025-01-01 01:51:36,261846474.54142213
2025-01-01 01:51:37,257575265.70269147
2025-01-01 01:51:38,259500151.16338
2025-01-01 01:51:39,258400433.83964622
2025-01-01 01:51:40,260981810.40900272
2025-01-01 01:51:41,256639221.80539885
2025-01-01 01:51:42,258332678.53174675
2025-01-01 01:51:43,260114487.48294514
2025-01-01 01:51:44,261617597.97272044
2025-01-01 01:51:45,259792030.65731326
2025-01-01 01:51:46,257424818.9463715
2025-01-01 01:51:47,259881904.7480083
2025-01-01 01:51:48,257551109.37171775
2025-01-01 01:51:49,252872965.13491037
2025-01-01 01:51:50,246947164.41096354
2025-01-01 01:51:51,255624964.47473767
2025-01-01 01:51:52,260437027.5730471
2025-01-01 01:51:53,252740147.83227903
2025-01-01 01:51:54,250087634.65005904
2025-01-01 01:51:55,252492563.3441926
2025-01-01 01:51:56,247058104.24115133
2025-01-01 01:51:57,245895996.80764878
2025-01-01 01:51:58,249861028.7517413
2025-01-01 01:51:59,258179684.52775404
2025-01-01 01:52:00,255487027.8729886
2025-01-01 01:52:01,247622111.38016027
2025-01-01 01:52:02,248904891.7038899
2025-01-01 01:52:03,251336765.94476584
2025-01-01 01:52:04,255389384.4653021
2025-01-01 01:52:05,253272334.205034
2025-01-01 01:52:06,248305758.2844558
2025-01-01 01:52:07,246877597.79734823
2025-01-01 01:52:08,250024941.48330516
2025-01-01 01:52:09,250801720.31925666
2025-01-01 01:52:10,254633794.22178242
2025-01-01 01:52:11,250344642.82776025
2025-01-01 01:52:12,254919506.91399324
2025-01-01 01:52:13,257096575.4988829
2025-01-01 01:52:14,253896237.41213563
2025-01-01 01:52:15,253202753.6719643
2025-01-01 01:52:16,252989847.28484538
2025-01-01 01:52:17,256691909.66964835
2025-01-01 01:52:18,254687174.96836326
2025-01-01 01:52:19,258384795.9200548
2025-01-01 01:52:20,260497363.32689282
2025-01-01 01:52:21,255223039.57362875
2025-01-01 01:52:22,257670842.99229282
2025-01-01 01:52:23,258146943.10371307
2025-01-01 01:52:24,256124272.72794592
2025-01-01 01:52:25,259759716.54271778
2025-01-01 01:52:26,258727926.0418345
2025-01-01 01:52:27,252491215.10872373
2025-01-01 01:52:28,256110775.32190028
2025-01-01 01:52:29,256884168.70045966
2025-01-01 01:52:30,255464936.8484961
2025-01-01 01:52:31,254696973.46509382
2025-01-01 01:52:32,250880332.8951917
2025-01-01 01:52:33,253384021.50697312
2025-01-01 01:52:34,253767341.97631413
2025-01-01 01:52:35,250746368.41971004
2025-01-01 01:52:36,247704637.03288078
2025-01-01 01:52:37,248792670.24737692
2025-01-01 01:52:38,251274993.8845036
2025-01-01 01:52:39,247520139.38912296
2025-01-01 01:52:40,247439913.62136784
2025-01-01 01:52:41,250579327.9176796
2025-01-01 01:52:42,249310915.3799769
2025-01-01 01:52:43,253013536.81277123
2025-01-01 01:52:44,251284331.43038818
2025-01-01 01:52:45,251734076.419375
2025-01-01 01:52:46,251985838.11591107
2025-01-01 01:52:47,252831890.2457204
2025-01-01 01:52:48,252292923.23262507
2025-01-01 01:52:49,252725815.72371292
2025-01-01 01:52:50,251424275.3004537
2025-01-01 01:52:51,249909214.14740205
2025-01-01 01:52:52,250603052.30458653
2025-01-01 01:52:53,254441672.75983638
2025-01-01 01:52:54,257504059.50226197
2025-01-01 01:52:55,258626309.13784596
2025-01-01 01:52:56,252323301.88212016
2025-01-01 01:52:57,248666884.09148538
2025-01-01 01:52:58,248261187.7109357
2025-01-01 01:52:59,253353586.72956955
2025-01-01 01:53:00,251871166.65380016
2025-01-01 01:53:01,252583260.59395495
2025-01-01 01:53:02,250758794.75441706
2025-01-01 01:53:03,250792337.3524909
2025-01-01 01:53:04,253163317.22916222
2025-01-01 01:53:05,254754894.74476126
2025-01-01 01:53:06,259438419.02799705
2025-01-01 01:53:07,258860494.73391357
2025-01-01 01:53:08,248801957.11850774
2025-01-01 01:53:09,249639770.04955086
2025-01-01 01:53:10,250780890.35158974
2025-01-01 01:53:11,243695623.06666192
2025-01-01 01:53:12,247472769.95082211
2025-01-01 01:53:13,249180291.88398212
2025-01-01 01:53:14,254413891.6657339
2025-01-01 01:53:15,254966866.03690523
2025-01-01 01:53:16,245877164.6758114
2025-01-01 01:53:17,250757692.89460367
2025-01-01 01:53:18,252950780.90756944
2025-01-01 01:53:19,251085978.58336452
2025-01-01 01:53:20,248053973.4220856
2025-01-01 01:53:21,246042821.94975802
2025-01-01 01:53:22,245235070.92559704
2025-01-01 01:53:23,244804850.30466208
2025-01-01 01:53:24,248213354.13526958
2025-01-01 01:53:25,251784095.67141718
2025-01-01 01:53:26,247937198.2462908
2025-01-01 01:53:27,254552566.80672663
2025-01-01 01:53:28,254682761.0626897
2025-01-01 01:53:29,253515555.3653658
2025-01-01 01:53:30,251255255.58183652
2025-01-01 01:53:31,250709447.03266558
2025-01-01 01:53:32,250306774.4026712
2025-01-01 01:53:33,252788973.23351702
2025-01-01 01:53:34,255772151.38319752
2025-01-01 01:53:35,256259188.24601832
2025-01-01 01:53:36,256244787.30428565
2025-01-01 01:53:37,256754384.82854587
2025-01-01 01:53:38,256904331.84215364
2025-01-01 01:53:39,250510944.0891547
2025-01-01 01:53:40,251872793.10391295
2025-01-01 01:53:41,256293274.84312943
2025-01-01 01:53:42,262635710.4327062
2025-01-01 01:53:43,263004141.3550625
2025-01-01 01:53:44,261343277.27863547
2025-01-01 01:53:45,260371742.59000584
2025-01-01 01:53:46,258732690.3639023
2025-01-01 01:53:47,262393897.42563435
2025-01-01 01:53:48,259622769.79111537
2025-01-01 01:53:49,260532913.50812286
2025-01-01 01:53:50,260588495.93270224
2025-01-01 01:53:51,260055457.04608995
2025-01-01 01:53:52,259435992.49763793
2025-01-01 01:53:53,258717091.0051109
2025-01-01 01:53:54,256193281.04256693
2025-01-01 01:53:55,255017290.46331185
2025-01-01 01:53:56,257978133.03377643
2025-01-01 01:53:57,259297509.40365103
2025-01-01 01:53:58,257003452.1464013
2025-01-01 01:53:59,253019851.4232634
2025-01-01 01:54:00,253475452.24784517
2025-01-01 01:54:01,259647268.95147577
2025-01-01 01:54:02,258913456.0726643
2025-01-01 01:54:03,263234170.13716608
2025-01-01 01:54:04,267654923.07271597
2025-01-01 01:54:05,263776213.62524134
2025-01-01 01:54:06,262945206.47418267
2025-01-01 01:54:07,260382944.7179487
2025-01-01 01:54:08,260919942.45570278
2025-01-01 01:54:09,262899053.66585663
2025-01-01 01:54:10,258983245.14792967
2025-01-01 01:54:11,259275549.3436607
2025-01-01 01:54:12,261203112.3405268
2025-01-01 01:54:13,262416023.7409624
2025-01-01 01:54:14,261510610.86322442
2025-01-01 01:54:15,267306300.47401518
2025-01-01 01:54:16,257673776.0644155
2025-01-01 01:54:17,260875522.6240328
2025-01-01 01:54:18,259402684.7784271
2025-01-01 01:54:19,260789319.86433145
2025-01-01 01:54:20,254429316.21312436
2025-01-01 01:54:21,261522447.98003358
2025-01-01 01:54:22,257836420.58714214
2025-01-01 01:54:23,256805970.38372797
2025-01-01 01:54:24,260539166.99522415
2025-01-01 01:54:25,256091639.645304
2025-01-01 01:54:26,256162162.3585388
2025-01-01 01:54:27,255411747.8097405
2025-01-01 01:54:28,252821050.0487685
2025-01-01 01:54:29,258980628.50823227
2025-01-01 01:54:30,251627363.5757825
2025-01-01 01:54:31,258501490.92003083
2025-01-01 01:54:32,258648741.23549816
2025-01-01 01:54:33,259125287.24532422
2025-01-01 01:54:34,256050169.5400917
2025-01-01 01:54:35,254889641.71586668
2025-01-01 01:54:36,250711152.01760402
2025-01-01 01:54:37,255331906.3173085
2025-01-01 01:54:38,255666196.3379729
2025-01-01 01:54:39,258681346.36104968
2025-01-01 01:54:40,257869772.00538057
2025-01-01 01:54:41,262842043.62193397
2025-01-01 01:54:42,260138266.00617996
2025-01-01 01:54:43,262361636.9391675
2025-01-01 01:54:44,263963385.9097494
2025-01-01 01:54:45,264552643.34858838
2025-01-01 01:54:46,265433432.98678428
2025-01-01 01:54:47,259545071.50178596
2025-01-01 01:54:48,260583135.78414527
2025-01-01 01:54:49,259105374.75472483
2025-01-01 01:54:50,254279182.96480492
2025-01-01 01:54:51,257701803.6813024
2025-01-01 01:54:52,255782220.9918222
2025-01-01 01:54:53,253444714.45813814
2025-01-01 01:54:54,259494197.8608731
2025-01-01 01:54:55,258824328.63072243
2025-01-01 01:54:56,258398262.03293523
2025-01-01 01:54:57,260689417.00884533
2025-01-01 01:54:58,257772981.41808933
2025-01-01 01:54:59,257775719.00362274
2025-01-01 01:55:00,260236774.72373766
2025-01-01 01:55:01,258105277.91501498
2025-01-01 01:55:02,262260702.4736326
2025-01-01 01:55:03,262272624.0554821
2025-01-01 01:55:04,261841981.63555446
2025-01-01 01:55:05,257095565.47253034
2025-01-01 01:55:06,258068517.81146634
2025-01-01 01:55:07,258530505.425756
2025-01-01 01:55:08,259968512.83664638
2025-01-01 01:55:09,263654604.8370128
2025-01-01 01:55:10,258030064.22306406
2025-01-01 01:55:11,262143622.59466544
2025-01-01 01:55:12,256514729.89589185
2025-01-01 01:55:13,258946288.19116497
2025-01-01 01:55:14,259987790.80150506
2025-01-01 01:55:15,259307347.60472387
2025-01-01 01:55:16,260816484.52819353
2025-01-01 01:55:17,258965485.44214785
2025-01-01 01:55:18,260021425.4520406
2025-01-01 01:55:19,260438249.36553848
2025-01-01 01:55:20,265382492.72326538
2025-01-01 01:55:21,263889872.6744201
2025-01-01 01:55:22,264314531.74738455
2025-01-01 01:55:23,258734644.30004698
2025-01-01 01:55:24,261603284.87084007
2025-01-01 01:55:25,259141673.38214883
2025-01-01 01:55:26,254249206.18900704
2025-01-01 01:55:27,256878387.71818224
2025-01-01 01:55:28,253369861.68216753
2025-01-01 01:55:29,256424612.0112257
2025-01-01 01:55:30,254911752.19151774
2025-01-01 01:55:31,259716249.04088548
2025-01-01 01:55:32,257394337.80274066
2025-01-01 01:55:33,256815169.58086103
2025-01-01 01:55:34,255054969.16597712
2025-01-01 01:55:35,258431168.0569099
2025-01-01 01:55:36,259096173.73334733
2025-01-01 01:55:37,258117828.3416948
2025-01-01 01:55:38,260085510.79199877
2025-01-01 01:55:39,262339658.06035122
2025-01-01 01:55:40,258691723.6654381
2025-01-01 01:55:41,255344735.47473043
2025-01-01 01:55:42,256470664.11285505
2025-01-01 01:55:43,259582527.89565632
2025-01-01 01:55:44,256866185.3998192
2025-01-01 01:55:45,260488064.36762878
2025-01-01 01:55:46,255110875.91656998
2025-01-01 01:55:47,248457378.7043173
2025-01-01 01:55:48,249970968.18065712
2025-01-01 01:55:49,253093077.8968659
2025-01-01 01:55:50,254440086.92009357
2025-01-01 01:55:51,253665459.9818221
2025-01-01 01:55:52,251638841.8436918
2025-01-01 01:55:53,248618525.94288757
2025-01-01 01:55:54,253131325.73373786
2025-01-01 01:55:55,250867579.9070752
2025-01-01 01:55:56,253474348.04072872
2025-01-01 01:55:57,253645313.84302244
2025-01-01 01:55:58,255387751.943098
2025-01-01 01:55:59,255756153.75977668
2025-01-01 01:56:00,256632437.4637261
2025-01-01 01:56:01,258263425.5346611
2025-01-01 01:56:02,257463199.931919
2025-01-01 01:56:03,259410705.95639303
2025-01-01 01:56:04,258378055.10286853
2025-01-01 01:56:05,259030642.73805377
2025-01-01 01:56:06,262301560.84117517
2025-01-01 01:56:07,261481809.8784981
2025-01-01 01:56:08,254094336.36428002
2025-01-01 01:56:09,252834999.82324702
2025-01-01 01:56:10,250728613.8622585
2025-01-01 01:56:11,250670445.48119974
2025-01-01 01:56:12,253826902.95667
2025-01-01 01:56:13,254919226.3248915
2025-01-01 01:56:14,252751580.20670825
2025-01-01 01:56:15,256137944.95927414
2025-01-01 01:56:16,259234589.54619128
2025-01-01 01:56:17,259162304.5783017
2025-01-01 01:56:18,258975904.94294673
2025-01-01 01:56:19,258181535.48998818
2025-01-01 01:56:20,257626078.51191843
2025-01-01 01:56:21,252664437.4995476
2025-01-01 01:56:22,253672910.4580645
2025-01-01 01:56:23,252661330.53848898
2025-01-01 01:56:24,251984918.54751956
2025-01-01 01:56:25,255644679.4585545
2025-01-01 01:56:26,261741863.3636771
2025-01-01 01:56:27,263281627.57106656
2025-01-01 01:56:28,257148720.93078157
2025-01-01 01:56:29,259039160.47390795
2025-01-01 01:56:30,257984866.13073418
2025-01-01 01:56:31,258050527.1129623
2025-01-01 01:56:32,256370182.9593865
2025-01-01 01:56:33,260733721.09677076
2025-01-01 01:56:34,260391458.34951434
2025-01-01 01:56:35,256826075.99986386
2025-01-01 01:56:36,258143851.12332365
2025-01-01 01:56:37,259651785.65130463
2025-01-01 01:56:38,258328021.48933023
2025-01-01 01:56:39,258293048.24093196
2025-01-01 01:56:40,254433339.9761208
2025-01-01 01:56:41,256061006.2450487
2025-01-01 01:56:42,256053557.83835512
2025-01-01 01:56:43,254182894.86415505
2025-01-01 01:56:44,254874711.46724328
2025-01-01 01:56:45,253473359.7160075
2025-01-01 01:56:46,255007683.0122307
2025-01-01 01:56:47,253702917.96019682
2025-01-01 01:56:48,249567921.98857692
2025-01-01 01:56:49,248535339.0628934
2025-01-01 01:56:50,246661773.9598014
2025-01-01 01:56:51,247527133.8975608
2025-01-01 01:56:52,246814688.9060763
2025-01-01 01:56:53,246785131.47744888
2025-01-01 01:56:54,244998194.1423539
2025-01-01 01:56:55,249007967.72819194
2025-01-01 01:56:56,251314309.22640994
2025-01-01 01:56:57,249888914.12587965
2025-01-01 01:56:58,250024984.15889478
2025-01-01 01:56:59,246759949.94070607
2025-01-01 01:57:00,252882624.5329283
2025-01-01 01:57:01,253817271.59637558
2025-01-01 01:57:02,249746629.1179908
2025-01-01 01:57:03,247847591.01113287
2025-01-01 01:57:04,250152450.06204712
2025-01-01 01:57:05,252316151.1786293
2025-01-01 01:57:06,251739089.9847578
2025-01-01 01:57:07,252903360.50192127
2025-01-01 01:57:08,256290614.47451204
2025-01-01 01:57:09,257910262.41314468
2025-01-01 01:57:10,256116667.84005955
2025-01-01 01:57:11,251461217.64942655
2025-01-01 01:57:12,252157846.96583524
2025-01-01 01:57:13,249583668.01187366
2025-01-01 01:57:14,252398834.58640817
2025-01-01 01:57:15,256459695.20785728
2025-01-01 01:57:16,257683685.99205768
2025-01-01 01:57:17,257535747.94011366
2025-01-01 01:57:18,256877990.952652
2025-01-01 01:57:19,257672021.52197024
2025-01-01 01:57:20,256179807.2712063
2025-01-01 01:57:21,260053991.69544488
2025-01-01 01:57:22,257929250.67197847
2025-01-01 01:57:23,251045464.25185707
2025-01-01 01:57:24,255225744.9295421
2025-01-01 01:57:25,260561064.01870146
2025-01-01 01:57:26,255110503.30942634
2025-01-01 01:57:27,258379803.55730814
2025-01-01 01:57:28,254354948.68388832
2025-01-01 01:57:29,254060039.28852987
2025-01-01 01:57:30,252112245.24196222
2025-01-01 01:57:31,259017429.09175026
2025-01-01 01:57:32,252885551.38869923
2025-01-01 01:57:33,253841713.95735303
2025-01-01 01:57:34,254933206.88147378
2025-01-01 01:57:35,251883530.1802537
2025-01-01 01:57:36,250255736.85901237
2025-01-01 01:57:37,258554370.49960163
2025-01-01 01:57:38,255352846.31564173
2025-01-01 01:57:39,258309933.7682197
2025-01-01 01:57:40,255778832.9189707
2025-01-01 01:57:41,251456005.6930386
2025-01-01 01:57:42,256570000.36965382
2025-01-01 01:57:43,257030908.13873222
2025-01-01 01:57:44,259910322.04696602
2025-01-01 01:57:45,255789528.02324328
2025-01-01 01:57:46,256277460.27331433
2025-01-01 01:57:47,257506131.8373473
2025-01-01 01:57:48,255414783.21907833
2025-01-01 01:57:49,252254866.82697648
2025-01-01 01:57:50,250363711.0357531
2025-01-01 01:57:51,251864249.04138857
2025-01-01 01:57:52,252800728.89177972
2025-01-01 01:57:53,248714421.7219502
2025-01-01 01:57:54,253884653.38128662
2025-01-01 01:57:55,256434034.25746238
2025-01-01 01:57:56,252918237.93635195
2025-01-01 01:57:57,253342828.98062703
2025-01-01 01:57:58,251906163.04012382
2025-01-01 01:57:59,256763051.11331293
2025-01-01 01:58:00,255608631.60793906
2025-01-01 01:58:01,252194364.2585529
2025-01-01 01:58:02,252414794.8497357
2025-01-01 01:58:03,257106116.7305761
2025-01-01 01:58:04,254905452.47449973
2025-01-01 01:58:05,250095560.95145762
2025-01-01 01:58:06,254619436.7249327
2025-01-01 01:58:07,260264582.61856714
2025-01-01 01:58:08,253566585.7610329
2025-01-01 01:58:09,252201912.35956007
2025-01-01 01:58:10,249661540.27132234
2025-01-01 01:58:11,250248252.93751928
2025-01-01 01:58:12,252361351.8153088
2025-01-01 01:58:13,254253422.3034727
2025-01-01 01:58:14,255588596.45847952
2025-01-01 01:58:15,252766078.45226318
2025-01-01 01:58:16,252630701.19795337
2025-01-01 01:58:17,248562347.3767182
2025-01-01 01:58:18,240083891.3313528
2025-01-01 01:58:19,244347434.4536462
2025-01-01 01:58:20,251871599.98292464
2025-01-01 01:58:21,250619653.53119195
2025-01-01 01:58:22,249316368.53384134
2025-01-01 01:58:23,250312909.42286432
2025-01-01 01:58:24,249279779.6391187
2025-01-01 01:58:25,252439958.69602987
2025-01-01 01:58:26,250925195.2372597
2025-01-01 01:58:27,248729039.71205232
2025-01-01 01:58:28,251042091.01884225
2025-01-01 01:58:29,250176895.82507592
2025-01-01 01:58:30,248174779.84844026
2025-01-01 01:58:31,250105657.6616347
2025-01-01 01:58:32,245793238.57687268
2025-01-01 01:58:33,248188030.7704114
2025-01-01 01:58:34,250314401.243013
2025-01-01 01:58:35,252288290.26060793
2025-01-01 01:58:36,252657382.4989682
2025-01-01 01:58:37,258247660.45434263
2025-01-01 01:58:38,256111427.49672034
2025-01-01 01:58:39,255788830.19647947
2025-01-01 01:58:40,258435139.50784472
2025-01-01 01:58:41,255743056.9485541
2025-01-01 01:58:42,260316411.75564802
2025-01-01 01:58:43,256631638.73514804
2025-01-01 01:58:44,257383487.24794286
2025-01-01 01:58:45,255917533.38628495
2025-01-01 01:58:46,254268326.84047714
2025-01-01 01:58:47,254587163.8223016
2025-01-01 01:58:48,256363155.29122022
2025-01-01 01:58:49,255905941.5333586
2025-01-01 01:58:50,255193370.54135668
2025-01-01 01:58:51,259381245.62396297
2025-01-01 01:58:52,262720840.94048023
2025-01-01 01:58:53,260162598.08592167
2025-01-01 01:58:54,256849097.78470954
2025-01-01 01:58:55,257407019.76582387
2025-01-01 01:58:56,254435652.6003776
2025-01-01 01:58:57,255247998.82561
2025-01-01 01:58:58,257505165.81943884
2025-01-01 01:58:59,256219000.29975313
2025-01-01 01:59:00,257974040.9217575
2025-01-01 01:59:01,256507022.22081962
2025-01-01 01:59:02,254804974.89546087
2025-01-01 01:59:03,257808554.74664804
2025-01-01 01:59:04,261006484.8470038
2025-01-01 01:59:05,258690747.32353148
2025-01-01 01:59:06,253678621.27685204
2025-01-01 01:59:07,254538957.58412364
2025-01-01 01:59:08,258869634.9640868
2025-01-01 01:59:09,260725840.6827441
2025-01-01 01:59:10,255725868.04899493
2025-01-01 01:59:11,257548144.8335331
2025-01-01 01:59:12,257319563.7361541
2025-01-01 01:59:13,254403684.7076759
2025-01-01 01:59:14,257680041.15893564
2025-01-01 01:59:15,254804386.32939968
2025-01-01 01:59:16,254759923.92725402
2025-01-01 01:59:17,252706708.5274184
2025-01-01 01:59:18,256525999.29990083
2025-01-01 01:59:19,254568277.2749442
2025-01-01 01:59:20,250250298.7512289
2025-01-01 01:59:21,253957670.71826684
2025-01-01 01:59:22,254186631.7292779
2025-01-01 01:59:23,255319171.04405966
2025-01-01 01:59:24,254110463.37322295
2025-01-01 01:59:25,249935373.27409378
2025-01-01 01:59:26,250322103.6674995
2025-01-01 01:59:27,256979987.55170012
2025-01-01 01:59:28,250565215.16347766
2025-01-01 01:59:29,255540997.16002473
2025-01-01 01:59:30,254296410.6014615
2025-01-01 01:59:31,250986919.78474835
2025-01-01 01:59:32,256521923.0894627
2025-01-01 01:59:33,256522432.88001865
2025-01-01 01:59:34,257481071.8510289
2025-01-01 01:59:35,258601648.14207292
2025-01-01 01:59:36,252617584.77135935
2025-01-01 01:59:37,250108282.90159133
2025-01-01 01:59:38,249768160.51022434
2025-01-01 01:59:39,250741031.7325566
2025-01-01 01:59:40,248906112.12565273
2025-01-01 01:59:41,252894550.3551813
2025-01-01 01:59:42,255075932.00067732
2025-01-01 01:59:43,253599921.31659874
2025-01-01 01:59:44,251192364.55893043
2025-01-01 01:59:45,253604621.005451
2025-01-01 01:59:46,249193264.7129761
2025-01-01 01:59:47,251171162.28025863
2025-01-01 01:59:48,247345945.39897534
2025-01-01 01:59:49,246904504.79076663
2025-01-01 01:59:50,247817958.54689243
2025-01-01 01:59:51,248384936.40963498
2025-01-01 01:59:52,248185301.0986615
2025-01-01 01:59:53,249387638.3890056
2025-01-01 01:59:54,247917338.94707614
2025-01-01 01:59:55,246035090.5533178
2025-01-01 01:59:56,246207948.7007086
2025-01-01 01:59:57,245019426.4915417
2025-01-01 01:59:58,246239043.85205242
2025-01-01 01:59:59,242584681.88545793
