date,OT
2025-01-01 00:00:00,237478101.72826377
2025-01-01 00:00:01,241433186.20480874
2025-01-01 00:00:02,239002645.8443745
2025-01-01 00:00:03,245175223.43582374
2025-01-01 00:00:04,245695494.61616766
2025-01-01 00:00:05,245435943.44751438
2025-01-01 00:00:06,243321790.33171532
2025-01-01 00:00:07,242974939.482754
2025-01-01 00:00:08,247552696.71736413
2025-01-01 00:00:09,251301223.50250593
2025-01-01 00:00:10,247169217.83579716
2025-01-01 00:00:11,250127064.48341408
2025-01-01 00:00:12,251569790.30286515
2025-01-01 00:00:13,245939717.0511006
2025-01-01 00:00:14,245187308.57780993
2025-01-01 00:00:15,248029387.39570567
2025-01-01 00:00:16,244868158.8991421
2025-01-01 00:00:17,241774123.02270472
2025-01-01 00:00:18,247114785.018456
2025-01-01 00:00:19,245865458.84857133
2025-01-01 00:00:20,240006057.78336897
2025-01-01 00:00:21,245909279.5547412
2025-01-01 00:00:22,237275953.2943558
2025-01-01 00:00:23,239595551.86043456
2025-01-01 00:00:24,243762688.70598307
2025-01-01 00:00:25,242811464.47479165
2025-01-01 00:00:26,241707788.88501468
2025-01-01 00:00:27,248183168.6940622
2025-01-01 00:00:28,253194525.240212
2025-01-01 00:00:29,247482397.21224782
2025-01-01 00:00:30,242698450.35613638
2025-01-01 00:00:31,245259895.56777027
2025-01-01 00:00:32,245703052.61802566
2025-01-01 00:00:33,245791545.86239338
2025-01-01 00:00:34,244157083.957464
2025-01-01 00:00:35,246550271.8028694
2025-01-01 00:00:36,245097580.55203208
2025-01-01 00:00:37,244088633.2012489
2025-01-01 00:00:38,240108995.67823946
2025-01-01 00:00:39,240692869.32101056
2025-01-01 00:00:40,243737078.00414917
2025-01-01 00:00:41,243220808.3918719
2025-01-01 00:00:42,245822164.8502563
2025-01-01 00:00:43,240386021.9680014
2025-01-01 00:00:44,237247872.6924133
2025-01-01 00:00:45,242930583.86526406
2025-01-01 00:00:46,252255758.58314294
2025-01-01 00:00:47,248546052.21822613
2025-01-01 00:00:48,252057287.11813748
2025-01-01 00:00:49,245996114.90005305
2025-01-01 00:00:50,246355919.87034592
2025-01-01 00:00:51,247867856.05820835
2025-01-01 00:00:52,249517999.6933113
2025-01-01 00:00:53,247511624.45812225
2025-01-01 00:00:54,247049488.01722622
2025-01-01 00:00:55,245286271.5267939
2025-01-01 00:00:56,242652961.8555349
2025-01-01 00:00:57,241056713.2110329
2025-01-01 00:00:58,242729384.20886475
2025-01-01 00:00:59,247827181.73155415
2025-01-01 00:01:00,248325903.60096526
2025-01-01 00:01:01,242495523.414496
2025-01-01 00:01:02,246040492.96739703
2025-01-01 00:01:03,253152709.92475787
2025-01-01 00:01:04,249893052.39790916
2025-01-01 00:01:05,251575604.34414297
2025-01-01 00:01:06,252586825.0315501
2025-01-01 00:01:07,252483693.78184423
2025-01-01 00:01:08,247475731.4218922
2025-01-01 00:01:09,252973625.568242
2025-01-01 00:01:10,250908768.9083587
2025-01-01 00:01:11,246883145.6300451
2025-01-01 00:01:12,255598509.17729956
2025-01-01 00:01:13,255812697.15598437
2025-01-01 00:01:14,249962932.1829962
2025-01-01 00:01:15,246660068.076396
2025-01-01 00:01:16,249386326.85363865
2025-01-01 00:01:17,245898540.895064
2025-01-01 00:01:18,244352602.95278955
2025-01-01 00:01:19,250353132.83621997
2025-01-01 00:01:20,254126944.20013827
2025-01-01 00:01:21,249235116.96222228
2025-01-01 00:01:22,251985137.5001058
2025-01-01 00:01:23,248448582.95436746
2025-01-01 00:01:24,250670763.5681031
2025-01-01 00:01:25,243830916.8513003
2025-01-01 00:01:26,248693671.06352708
2025-01-01 00:01:27,249035473.76555276
2025-01-01 00:01:28,251074246.89680722
2025-01-01 00:01:29,239636296.13359636
2025-01-01 00:01:30,239421191.79869083
2025-01-01 00:01:31,240894992.41290662
2025-01-01 00:01:32,241533351.18551865
2025-01-01 00:01:33,238146066.65711483
2025-01-01 00:01:34,239498199.95397258
2025-01-01 00:01:35,241942542.21223503
2025-01-01 00:01:36,245746228.02461562
2025-01-01 00:01:37,242115469.99293318
2025-01-01 00:01:38,240737741.43294856
2025-01-01 00:01:39,245661402.7157903
2025-01-01 00:01:40,240871716.1656623
2025-01-01 00:01:41,242659957.35631207
2025-01-01 00:01:42,248585799.36455777
2025-01-01 00:01:43,245429394.27470163
2025-01-01 00:01:44,245867834.42349353
2025-01-01 00:01:45,238733265.5532702
2025-01-01 00:01:46,242474715.78371426
2025-01-01 00:01:47,246901894.78204644
2025-01-01 00:01:48,245229174.03781265
2025-01-01 00:01:49,243550687.53372875
2025-01-01 00:01:50,243017287.54084206
2025-01-01 00:01:51,246022912.58090964
2025-01-01 00:01:52,252691652.64402193
2025-01-01 00:01:53,254382577.84787896
2025-01-01 00:01:54,249088448.3764724
2025-01-01 00:01:55,247828379.031567
2025-01-01 00:01:56,247623125.43739325
2025-01-01 00:01:57,248396084.14923924
2025-01-01 00:01:58,252011769.69707194
2025-01-01 00:01:59,243663841.3151216
2025-01-01 00:02:00,242652328.8403377
2025-01-01 00:02:01,246925071.95748612
2025-01-01 00:02:02,247356922.55911124
2025-01-01 00:02:03,236387855.38594407
2025-01-01 00:02:04,238152741.0258579
2025-01-01 00:02:05,241297466.681174
2025-01-01 00:02:06,245640192.66876602
2025-01-01 00:02:07,249898251.40712765
2025-01-01 00:02:08,247825023.42951226
2025-01-01 00:02:09,250261762.07856303
2025-01-01 00:02:10,245223430.91309097
2025-01-01 00:02:11,249856208.48150188
2025-01-01 00:02:12,244104993.8709098
2025-01-01 00:02:13,243266193.13676178
2025-01-01 00:02:14,244467588.7837656
2025-01-01 00:02:15,239256626.18418533
2025-01-01 00:02:16,236675667.2171855
2025-01-01 00:02:17,243664259.09176332
2025-01-01 00:02:18,245986522.02577034
2025-01-01 00:02:19,240827678.20923534
2025-01-01 00:02:20,245736329.36153814
2025-01-01 00:02:21,246000295.54933786
2025-01-01 00:02:22,245862848.39773163
2025-01-01 00:02:23,253517369.7247098
2025-01-01 00:02:24,248495405.1193048
2025-01-01 00:02:25,246605267.6596886
2025-01-01 00:02:26,240917497.2052068
2025-01-01 00:02:27,236902307.94396645
2025-01-01 00:02:28,242152404.1659442
2025-01-01 00:02:29,238162957.5532816
2025-01-01 00:02:30,243018797.83518642
2025-01-01 00:02:31,250391933.66497114
2025-01-01 00:02:32,242805859.20312762
2025-01-01 00:02:33,242963002.3376293
2025-01-01 00:02:34,239030431.63418353
2025-01-01 00:02:35,236679890.74130127
2025-01-01 00:02:36,240168751.3137822
2025-01-01 00:02:37,239159411.97072414
2025-01-01 00:02:38,244110303.6787697
2025-01-01 00:02:39,245026982.8030199
2025-01-01 00:02:40,243552691.258432
2025-01-01 00:02:41,245771139.51323906
2025-01-01 00:02:42,246675355.15309146
2025-01-01 00:02:43,247942534.6740991
2025-01-01 00:02:44,248058897.7849617
2025-01-01 00:02:45,249768469.22366711
2025-01-01 00:02:46,248475648.38091227
2025-01-01 00:02:47,246952578.99088472
2025-01-01 00:02:48,245059511.61065173
2025-01-01 00:02:49,244772867.04447874
2025-01-01 00:02:50,246886442.13180614
2025-01-01 00:02:51,249627532.80178162
2025-01-01 00:02:52,251336434.85041
2025-01-01 00:02:53,250880004.40782785
2025-01-01 00:02:54,245728882.53834277
2025-01-01 00:02:55,244490250.30655843
2025-01-01 00:02:56,248911531.52611867
2025-01-01 00:02:57,243058161.31027701
2025-01-01 00:02:58,246078335.64972112
2025-01-01 00:02:59,249837061.82506058
2025-01-01 00:03:00,242590800.11617765
2025-01-01 00:03:01,242644588.84050602
2025-01-01 00:03:02,247720260.72963366
2025-01-01 00:03:03,243690756.26087418
2025-01-01 00:03:04,239908240.3054472
2025-01-01 00:03:05,234648595.1648127
2025-01-01 00:03:06,241571024.44671726
2025-01-01 00:03:07,245465993.4041065
2025-01-01 00:03:08,244998567.2479486
2025-01-01 00:03:09,231427812.0938651
2025-01-01 00:03:10,244364350.39965466
2025-01-01 00:03:11,245246200.08060002
2025-01-01 00:03:12,249285384.69425848
2025-01-01 00:03:13,244959553.94326994
2025-01-01 00:03:14,244286220.13229915
2025-01-01 00:03:15,247153131.4778965
2025-01-01 00:03:16,252871663.17264813
2025-01-01 00:03:17,251605270.2773345
2025-01-01 00:03:18,251801874.90910736
2025-01-01 00:03:19,251496875.01333585
2025-01-01 00:03:20,253986650.05219346
2025-01-01 00:03:21,249289665.28422144
2025-01-01 00:03:22,253290769.7453852
2025-01-01 00:03:23,246752592.6394592
2025-01-01 00:03:24,247585832.43508166
2025-01-01 00:03:25,251393892.1039328
2025-01-01 00:03:26,253834664.1176155
2025-01-01 00:03:27,250091869.7136292
2025-01-01 00:03:28,250972602.58153892
2025-01-01 00:03:29,244610514.38112453
2025-01-01 00:03:30,238287152.75174385
2025-01-01 00:03:31,238908780.98961332
2025-01-01 00:03:32,242307096.2099398
2025-01-01 00:03:33,242951334.37237895
2025-01-01 00:03:34,244016492.6414294
2025-01-01 00:03:35,253557936.02539292
2025-01-01 00:03:36,244006627.94198593
2025-01-01 00:03:37,249200410.2849172
2025-01-01 00:03:38,251379021.01096985
2025-01-01 00:03:39,249102431.11096737
2025-01-01 00:03:40,246219124.18534476
2025-01-01 00:03:41,246201062.23531377
2025-01-01 00:03:42,244378517.6411244
2025-01-01 00:03:43,245669477.2855667
2025-01-01 00:03:44,246116255.35120595
2025-01-01 00:03:45,243515110.93824968
2025-01-01 00:03:46,246124325.29498607
2025-01-01 00:03:47,241066941.7227282
2025-01-01 00:03:48,246089622.29651707
2025-01-01 00:03:49,240564463.66278863
2025-01-01 00:03:50,235789555.0305509
2025-01-01 00:03:51,238292924.29031944
2025-01-01 00:03:52,237234901.17119628
2025-01-01 00:03:53,236396183.38548836
2025-01-01 00:03:54,239773254.98726192
2025-01-01 00:03:55,240311681.06896383
2025-01-01 00:03:56,245625425.17605492
2025-01-01 00:03:57,248255624.45844105
2025-01-01 00:03:58,244955982.94540468
2025-01-01 00:03:59,242918430.20558247
2025-01-01 00:04:00,247622115.95149618
2025-01-01 00:04:01,243206505.05607954
2025-01-01 00:04:02,243618500.47587654
2025-01-01 00:04:03,243188105.8866877
2025-01-01 00:04:04,246398127.73663414
2025-01-01 00:04:05,247844671.45347106
2025-01-01 00:04:06,247967223.5642498
2025-01-01 00:04:07,247173490.23097768
2025-01-01 00:04:08,248259662.1816782
2025-01-01 00:04:09,245198228.697785
2025-01-01 00:04:10,240965326.57212538
2025-01-01 00:04:11,248518976.91865894
2025-01-01 00:04:12,248737791.6486456
2025-01-01 00:04:13,247165189.84995776
2025-01-01 00:04:14,251690005.65701845
2025-01-01 00:04:15,247838550.54859066
2025-01-01 00:04:16,247379028.36183968
2025-01-01 00:04:17,248515084.15182945
2025-01-01 00:04:18,246339649.99975672
2025-01-01 00:04:19,244450891.08443153
2025-01-01 00:04:20,240381620.29351282
2025-01-01 00:04:21,243932407.95680106
2025-01-01 00:04:22,244887843.85603458
2025-01-01 00:04:23,240462453.96784046
2025-01-01 00:04:24,238167286.98046178
2025-01-01 00:04:25,239380013.8672966
2025-01-01 00:04:26,242518364.61672953
2025-01-01 00:04:27,244336980.55566505
2025-01-01 00:04:28,244003612.7164949
2025-01-01 00:04:29,245908619.64708132
2025-01-01 00:04:30,246097274.78995353
2025-01-01 00:04:31,242316638.4088571
2025-01-01 00:04:32,245002459.3745485
2025-01-01 00:04:33,247876167.37241206
2025-01-01 00:04:34,250800958.99434298
2025-01-01 00:04:35,244234521.92502692
2025-01-01 00:04:36,247211347.71586925
2025-01-01 00:04:37,249348139.6868764
2025-01-01 00:04:38,250656307.43043414
2025-01-01 00:04:39,248043406.54361296
2025-01-01 00:04:40,249432250.2079433
2025-01-01 00:04:41,247034600.07737136
2025-01-01 00:04:42,250267719.39227182
2025-01-01 00:04:43,254151056.19131532
2025-01-01 00:04:44,247787750.84281915
2025-01-01 00:04:45,249885428.81762475
2025-01-01 00:04:46,245728612.61448714
2025-01-01 00:04:47,245003851.9927306
2025-01-01 00:04:48,233972375.85924962
2025-01-01 00:04:49,238658032.6743506
2025-01-01 00:04:50,243996405.11690632
2025-01-01 00:04:51,245044934.60180733
2025-01-01 00:04:52,245866438.97810107
2025-01-01 00:04:53,244703244.0642555
2025-01-01 00:04:54,244216614.64387476
2025-01-01 00:04:55,244147020.24484882
2025-01-01 00:04:56,242838202.1410981
2025-01-01 00:04:57,243989913.65810606
2025-01-01 00:04:58,242351609.71023753
2025-01-01 00:04:59,248265858.03916818
2025-01-01 00:05:00,250264571.0185991
2025-01-01 00:05:01,247009066.49977684
2025-01-01 00:05:02,248504797.1670458
2025-01-01 00:05:03,247207255.61382607
2025-01-01 00:05:04,252023003.2454118
2025-01-01 00:05:05,247157101.04365495
2025-01-01 00:05:06,247827523.81512854
2025-01-01 00:05:07,244572316.60563594
2025-01-01 00:05:08,251743792.0541379
2025-01-01 00:05:09,249435195.1860266
2025-01-01 00:05:10,247304344.67732936
2025-01-01 00:05:11,244141619.1114213
2025-01-01 00:05:12,243945689.68078205
2025-01-01 00:05:13,246339603.33516505
2025-01-01 00:05:14,249072440.61324912
2025-01-01 00:05:15,244855654.61076623
2025-01-01 00:05:16,244126398.47165918
2025-01-01 00:05:17,238715908.018224
2025-01-01 00:05:18,243462847.55161172
2025-01-01 00:05:19,239452548.71059036
2025-01-01 00:05:20,239220713.55813593
2025-01-01 00:05:21,241740612.77883038
2025-01-01 00:05:22,238140726.06338358
2025-01-01 00:05:23,242709605.91867027
2025-01-01 00:05:24,244632960.2837078
2025-01-01 00:05:25,240483993.72486836
2025-01-01 00:05:26,242290658.78360406
2025-01-01 00:05:27,239622135.7329705
2025-01-01 00:05:28,238770597.87548968
2025-01-01 00:05:29,242293341.64301905
2025-01-01 00:05:30,241034276.43464226
2025-01-01 00:05:31,238915754.45880175
2025-01-01 00:05:32,242891782.13411617
2025-01-01 00:05:33,241702991.76507547
2025-01-01 00:05:34,243696871.43717068
2025-01-01 00:05:35,245999825.14984867
2025-01-01 00:05:36,247590012.67958218
2025-01-01 00:05:37,242634178.2412511
2025-01-01 00:05:38,249241807.66146788
2025-01-01 00:05:39,251488959.03279537
2025-01-01 00:05:40,252385320.46335605
2025-01-01 00:05:41,253545303.84519798
2025-01-01 00:05:42,255056345.49412253
2025-01-01 00:05:43,250451626.3920849
2025-01-01 00:05:44,247828143.2915609
2025-01-01 00:05:45,255419842.35002565
2025-01-01 00:05:46,246549234.92140666
2025-01-01 00:05:47,245976713.4116829
2025-01-01 00:05:48,243443388.88851553
2025-01-01 00:05:49,242835221.21197006
2025-01-01 00:05:50,243674244.8514565
2025-01-01 00:05:51,244750068.26243874
2025-01-01 00:05:52,234944562.34208712
2025-01-01 00:05:53,246492320.8695642
2025-01-01 00:05:54,247915958.9106066
2025-01-01 00:05:55,249630568.86100855
2025-01-01 00:05:56,245624727.24372527
2025-01-01 00:05:57,247423621.15344894
2025-01-01 00:05:58,246459187.58879885
2025-01-01 00:05:59,244852939.28715804
2025-01-01 00:06:00,246329274.86111623
2025-01-01 00:06:01,240536245.7187639
2025-01-01 00:06:02,248356550.8547223
2025-01-01 00:06:03,247033218.9678436
2025-01-01 00:06:04,250693844.32245216
2025-01-01 00:06:05,251555383.54523957
2025-01-01 00:06:06,249537351.1591871
2025-01-01 00:06:07,258816508.20228013
2025-01-01 00:06:08,259342772.53432798
2025-01-01 00:06:09,254523869.91624814
2025-01-01 00:06:10,245921267.18011537
2025-01-01 00:06:11,251859313.34958115
2025-01-01 00:06:12,250692260.28148022
2025-01-01 00:06:13,251041180.82873982
2025-01-01 00:06:14,247924513.480442
2025-01-01 00:06:15,245471942.47090045
2025-01-01 00:06:16,248587639.76243335
2025-01-01 00:06:17,250241668.61031404
2025-01-01 00:06:18,256876438.11495376
2025-01-01 00:06:19,256804754.97066528
2025-01-01 00:06:20,256675318.92132923
2025-01-01 00:06:21,253490742.46871147
2025-01-01 00:06:22,255654412.01116017
2025-01-01 00:06:23,252248341.46523562
2025-01-01 00:06:24,260240457.4345885
2025-01-01 00:06:25,257342055.02053863
2025-01-01 00:06:26,255088984.6641004
2025-01-01 00:06:27,248397130.69833612
2025-01-01 00:06:28,253127878.22666222
2025-01-01 00:06:29,263815526.58703867
2025-01-01 00:06:30,253287666.90574026
2025-01-01 00:06:31,249936978.78486273
2025-01-01 00:06:32,251880804.6089948
2025-01-01 00:06:33,255108320.0724288
2025-01-01 00:06:34,250802522.457206
2025-01-01 00:06:35,255258785.588283
2025-01-01 00:06:36,253652892.1894112
2025-01-01 00:06:37,252740181.5071953
2025-01-01 00:06:38,254110763.8042462
2025-01-01 00:06:39,254103790.3740872
2025-01-01 00:06:40,249925478.2929071
2025-01-01 00:06:41,252787216.22274703
2025-01-01 00:06:42,247299267.4060695
2025-01-01 00:06:43,250023736.9146074
2025-01-01 00:06:44,248927593.71514136
2025-01-01 00:06:45,246074022.28337935
2025-01-01 00:06:46,248476383.094276
2025-01-01 00:06:47,250261260.11344412
2025-01-01 00:06:48,252892633.1309134
2025-01-01 00:06:49,249048648.20735064
2025-01-01 00:06:50,249825832.3550964
2025-01-01 00:06:51,244842934.55006638
2025-01-01 00:06:52,249023703.08698392
2025-01-01 00:06:53,249163195.44256976
2025-01-01 00:06:54,252911728.58520564
2025-01-01 00:06:55,249139076.6152391
2025-01-01 00:06:56,253223342.44406658
2025-01-01 00:06:57,256970041.86437732
2025-01-01 00:06:58,253566364.70586112
2025-01-01 00:06:59,249173139.56210762
2025-01-01 00:07:00,242666749.07540858
2025-01-01 00:07:01,246406664.31165573
2025-01-01 00:07:02,251259427.6633572
2025-01-01 00:07:03,248125699.53023875
2025-01-01 00:07:04,249751713.03054935
2025-01-01 00:07:05,255668771.62357104
2025-01-01 00:07:06,254239753.95974684
2025-01-01 00:07:07,248007312.8684195
2025-01-01 00:07:08,248786371.0824628
2025-01-01 00:07:09,250479213.93722993
2025-01-01 00:07:10,255240445.6136087
2025-01-01 00:07:11,253375735.1275792
2025-01-01 00:07:12,256024532.1152629
2025-01-01 00:07:13,258558205.41297272
2025-01-01 00:07:14,255775537.23263633
2025-01-01 00:07:15,257892986.42704922
2025-01-01 00:07:16,256450124.01075497
2025-01-01 00:07:17,255415179.84068856
2025-01-01 00:07:18,252165278.65029457
2025-01-01 00:07:19,252461862.50592086
2025-01-01 00:07:20,258995950.26026928
2025-01-01 00:07:21,253873124.98585743
2025-01-01 00:07:22,252122365.84988534
2025-01-01 00:07:23,250141904.9937806
2025-01-01 00:07:24,246603274.707997
2025-01-01 00:07:25,250028163.4604312
2025-01-01 00:07:26,249578910.01562053
2025-01-01 00:07:27,255518352.76656255
2025-01-01 00:07:28,257295179.7184096
2025-01-01 00:07:29,250797401.32531184
2025-01-01 00:07:30,248201176.20848703
2025-01-01 00:07:31,253013616.71174312
2025-01-01 00:07:32,252180687.48523355
2025-01-01 00:07:33,256105980.67756462
2025-01-01 00:07:34,261080013.25043687
2025-01-01 00:07:35,258668265.9809853
2025-01-01 00:07:36,254177507.0576132
2025-01-01 00:07:37,255529508.07619414
2025-01-01 00:07:38,251754746.78247702
2025-01-01 00:07:39,250890487.0621285
2025-01-01 00:07:40,245249119.54736057
2025-01-01 00:07:41,250059943.78383127
2025-01-01 00:07:42,255493265.22777858
2025-01-01 00:07:43,254245042.29065338
2025-01-01 00:07:44,258250169.0800858
2025-01-01 00:07:45,256146129.9081458
2025-01-01 00:07:46,257897077.7266011
2025-01-01 00:07:47,249746215.9673587
2025-01-01 00:07:48,255764698.9394226
2025-01-01 00:07:49,259396687.49242777
2025-01-01 00:07:50,254964040.1755912
2025-01-01 00:07:51,260106702.80978662
2025-01-01 00:07:52,260000790.21853468
2025-01-01 00:07:53,256404534.91817892
2025-01-01 00:07:54,254925382.42511317
2025-01-01 00:07:55,257167823.33818695
2025-01-01 00:07:56,253905544.25246137
2025-01-01 00:07:57,249547554.67900953
2025-01-01 00:07:58,249912063.3871013
2025-01-01 00:07:59,251772769.81117335
2025-01-01 00:08:00,254502036.44602504
2025-01-01 00:08:01,250243067.67184532
2025-01-01 00:08:02,252536844.1404421
2025-01-01 00:08:03,259041742.52575547
2025-01-01 00:08:04,258456425.19533646
2025-01-01 00:08:05,258890433.89883032
2025-01-01 00:08:06,251029099.67129585
2025-01-01 00:08:07,247632638.7433436
2025-01-01 00:08:08,253340905.22912607
2025-01-01 00:08:09,253700211.3204959
2025-01-01 00:08:10,258643215.82847127
2025-01-01 00:08:11,257162904.6993421
2025-01-01 00:08:12,260446018.045703
2025-01-01 00:08:13,259651019.01011974
2025-01-01 00:08:14,257989718.46927577
2025-01-01 00:08:15,257406636.92738837
2025-01-01 00:08:16,252140389.49775466
2025-01-01 00:08:17,262571848.29711822
2025-01-01 00:08:18,252996893.07304594
2025-01-01 00:08:19,254673928.559297
2025-01-01 00:08:20,262176540.74369386
2025-01-01 00:08:21,258266210.89361003
2025-01-01 00:08:22,261715802.03680342
2025-01-01 00:08:23,253991171.44390687
2025-01-01 00:08:24,260331914.3445028
2025-01-01 00:08:25,257301085.33349356
2025-01-01 00:08:26,263076215.70048082
2025-01-01 00:08:27,254816778.29071453
2025-01-01 00:08:28,255127433.35761648
2025-01-01 00:08:29,248825141.30949995
2025-01-01 00:08:30,246117626.50323248
2025-01-01 00:08:31,251586293.9535822
2025-01-01 00:08:32,247275642.30336237
2025-01-01 00:08:33,250906686.4853269
2025-01-01 00:08:34,253636387.60207778
2025-01-01 00:08:35,256357698.20443296
2025-01-01 00:08:36,258482859.08403203
2025-01-01 00:08:37,253794405.81619337
2025-01-01 00:08:38,261061817.63483858
2025-01-01 00:08:39,261142462.77075812
2025-01-01 00:08:40,254133446.68024307
2025-01-01 00:08:41,252206590.15424883
2025-01-01 00:08:42,253247958.11440766
2025-01-01 00:08:43,250542164.84362474
2025-01-01 00:08:44,248426466.877243
2025-01-01 00:08:45,252161449.7960619
2025-01-01 00:08:46,251134733.14023882
2025-01-01 00:08:47,254643246.53232962
2025-01-01 00:08:48,255174487.11180213
2025-01-01 00:08:49,254667684.93738005
2025-01-01 00:08:50,251368717.4023819
2025-01-01 00:08:51,248698544.14643326
2025-01-01 00:08:52,248750687.24208346
2025-01-01 00:08:53,249290667.73939985
2025-01-01 00:08:54,254145304.7957575
2025-01-01 00:08:55,249714536.0068323
2025-01-01 00:08:56,245797648.2370684
2025-01-01 00:08:57,245912593.8980468
2025-01-01 00:08:58,245825229.71189815
2025-01-01 00:08:59,250190542.24711272
2025-01-01 00:09:00,245435845.86217833
2025-01-01 00:09:01,251098451.51414526
2025-01-01 00:09:02,249228692.0167203
2025-01-01 00:09:03,253826673.1926126
2025-01-01 00:09:04,252221541.28967032
2025-01-01 00:09:05,258466719.5584035
2025-01-01 00:09:06,258303263.57161617
2025-01-01 00:09:07,253623426.02984405
2025-01-01 00:09:08,249175812.35364377
2025-01-01 00:09:09,255010205.61154008
2025-01-01 00:09:10,256136687.49536282
2025-01-01 00:09:11,256060186.66850013
2025-01-01 00:09:12,255861012.52327138
2025-01-01 00:09:13,247131733.30129337
2025-01-01 00:09:14,255102273.7140072
2025-01-01 00:09:15,252655850.9989311
2025-01-01 00:09:16,253616616.7645473
2025-01-01 00:09:17,252191257.52401567
2025-01-01 00:09:18,256688806.48841342
2025-01-01 00:09:19,251215643.02789137
2025-01-01 00:09:20,257450618.34881768
2025-01-01 00:09:21,258655330.30584833
2025-01-01 00:09:22,254018229.05173492
2025-01-01 00:09:23,257852188.60921067
2025-01-01 00:09:24,256920090.0773128
2025-01-01 00:09:25,252506993.36780566
2025-01-01 00:09:26,253154806.931645
2025-01-01 00:09:27,255658574.1113181
2025-01-01 00:09:28,247715701.3890761
2025-01-01 00:09:29,251310970.70896965
2025-01-01 00:09:30,248201402.16942617
2025-01-01 00:09:31,250659770.28728276
2025-01-01 00:09:32,259908637.70890713
2025-01-01 00:09:33,255733898.13916084
2025-01-01 00:09:34,249762026.50816834
2025-01-01 00:09:35,255961407.00554475
2025-01-01 00:09:36,256811574.75372255
2025-01-01 00:09:37,252726680.944985
2025-01-01 00:09:38,250558711.76413098
2025-01-01 00:09:39,256225745.74581087
2025-01-01 00:09:40,246813929.24037027
2025-01-01 00:09:41,246131396.93862286
2025-01-01 00:09:42,252324942.1905723
2025-01-01 00:09:43,249918008.48689717
2025-01-01 00:09:44,245810385.74892545
2025-01-01 00:09:45,244169247.71724188
2025-01-01 00:09:46,243573310.19151843
2025-01-01 00:09:47,245271301.77191406
2025-01-01 00:09:48,251436095.06616634
2025-01-01 00:09:49,253999178.02477172
2025-01-01 00:09:50,251861295.6904823
2025-01-01 00:09:51,257048015.8885092
2025-01-01 00:09:52,256683303.0167396
2025-01-01 00:09:53,254744000.73923028
2025-01-01 00:09:54,252506752.83849898
2025-01-01 00:09:55,252214854.74538052
2025-01-01 00:09:56,254994759.45611903
2025-01-01 00:09:57,253488942.15383974
2025-01-01 00:09:58,252679415.49828005
2025-01-01 00:09:59,257042545.64451185
2025-01-01 00:10:00,256778430.99931362
2025-01-01 00:10:01,242250073.41195112
2025-01-01 00:10:02,241891003.69331118
2025-01-01 00:10:03,243915272.88310352
2025-01-01 00:10:04,245484647.58198383
2025-01-01 00:10:05,250857860.9159399
2025-01-01 00:10:06,248665604.16217852
2025-01-01 00:10:07,251544110.3892938
2025-01-01 00:10:08,247778744.68865627
2025-01-01 00:10:09,249159361.11294764
2025-01-01 00:10:10,250980675.73437232
2025-01-01 00:10:11,251636544.00200403
2025-01-01 00:10:12,251224631.93554142
2025-01-01 00:10:13,252561076.7413501
2025-01-01 00:10:14,263585759.06416628
2025-01-01 00:10:15,255915455.34362125
2025-01-01 00:10:16,252755031.73984203
2025-01-01 00:10:17,254389202.9426836
2025-01-01 00:10:18,254719355.7522769
2025-01-01 00:10:19,250898461.38586712
2025-01-01 00:10:20,258970970.70134363
2025-01-01 00:10:21,256216643.11702058
2025-01-01 00:10:22,248766153.43653816
2025-01-01 00:10:23,249338299.62606898
2025-01-01 00:10:24,249947864.0234737
2025-01-01 00:10:25,247200888.2424901
2025-01-01 00:10:26,257013076.16761097
2025-01-01 00:10:27,253752679.25888613
2025-01-01 00:10:28,252757423.19070968
2025-01-01 00:10:29,248780111.57175273
2025-01-01 00:10:30,250340014.536662
2025-01-01 00:10:31,251700252.04132104
2025-01-01 00:10:32,251655556.88497567
2025-01-01 00:10:33,252055443.16749853
2025-01-01 00:10:34,247915186.90617022
2025-01-01 00:10:35,249462299.38715702
2025-01-01 00:10:36,253079564.35433266
2025-01-01 00:10:37,250405690.07731858
2025-01-01 00:10:38,253943437.33744472
2025-01-01 00:10:39,252662491.4225058
2025-01-01 00:10:40,243858642.9236351
2025-01-01 00:10:41,251951411.27576086
2025-01-01 00:10:42,257436493.99546483
2025-01-01 00:10:43,258669369.2675208
2025-01-01 00:10:44,250744112.37984803
2025-01-01 00:10:45,249158557.2187554
2025-01-01 00:10:46,249971187.01567933
2025-01-01 00:10:47,252203904.90602994
2025-01-01 00:10:48,253068606.906588
2025-01-01 00:10:49,250890991.7168371
2025-01-01 00:10:50,248665366.899702
2025-01-01 00:10:51,248460889.42851156
2025-01-01 00:10:52,248419218.42619354
2025-01-01 00:10:53,246783061.57492012
2025-01-01 00:10:54,245779204.31325957
2025-01-01 00:10:55,247697098.02895522
2025-01-01 00:10:56,242254531.84636807
2025-01-01 00:10:57,244945023.0040859
2025-01-01 00:10:58,244950947.76469558
2025-01-01 00:10:59,249144712.98582646
2025-01-01 00:11:00,250450635.97145203
2025-01-01 00:11:01,245874396.17196843
2025-01-01 00:11:02,245744012.77957872
2025-01-01 00:11:03,246734911.04555443
2025-01-01 00:11:04,242350316.95806673
2025-01-01 00:11:05,241552938.8131647
2025-01-01 00:11:06,250984371.0130781
2025-01-01 00:11:07,251148578.89280596
2025-01-01 00:11:08,246912571.1918075
2025-01-01 00:11:09,243173690.20438763
2025-01-01 00:11:10,242219201.3553206
2025-01-01 00:11:11,245950438.99657297
2025-01-01 00:11:12,244966682.59729496
2025-01-01 00:11:13,253674747.8370312
2025-01-01 00:11:14,255355525.28459767
2025-01-01 00:11:15,255573363.54851758
2025-01-01 00:11:16,252091928.9521562
2025-01-01 00:11:17,247882185.7399157
2025-01-01 00:11:18,245352574.94672328
2025-01-01 00:11:19,252886990.2317874
2025-01-01 00:11:20,253651916.55211198
2025-01-01 00:11:21,248420657.04950368
2025-01-01 00:11:22,251142035.35159096
2025-01-01 00:11:23,245537945.10153058
2025-01-01 00:11:24,243768860.88569382
2025-01-01 00:11:25,244869601.00569695
2025-01-01 00:11:26,241558472.452376
2025-01-01 00:11:27,244602088.82997948
2025-01-01 00:11:28,243506167.59079456
2025-01-01 00:11:29,248173721.49810943
2025-01-01 00:11:30,247677767.96424142
2025-01-01 00:11:31,246066710.68093577
2025-01-01 00:11:32,249960269.2337903
2025-01-01 00:11:33,241688958.41494283
2025-01-01 00:11:34,250025766.47827935
2025-01-01 00:11:35,252467924.8098305
2025-01-01 00:11:36,248265434.04988092
2025-01-01 00:11:37,249192002.48305878
2025-01-01 00:11:38,246881652.05979475
2025-01-01 00:11:39,250423632.56678754
2025-01-01 00:11:40,253671198.2221609
2025-01-01 00:11:41,252097178.42026907
2025-01-01 00:11:42,250054437.87701073
2025-01-01 00:11:43,250323080.64343125
2025-01-01 00:11:44,253710196.7749045
2025-01-01 00:11:45,252331137.13265947
2025-01-01 00:11:46,245874829.8366179
2025-01-01 00:11:47,256617692.7938227
2025-01-01 00:11:48,245635416.8573846
2025-01-01 00:11:49,246607196.52013835
2025-01-01 00:11:50,249988628.7069944
2025-01-01 00:11:51,246692717.52929968
2025-01-01 00:11:52,249159839.16167897
2025-01-01 00:11:53,249916110.82856935
2025-01-01 00:11:54,247777609.32255024
2025-01-01 00:11:55,249053816.01235193
2025-01-01 00:11:56,250401382.54720592
2025-01-01 00:11:57,244532435.90950933
2025-01-01 00:11:58,248235841.6787083
2025-01-01 00:11:59,250385440.5733864
2025-01-01 00:12:00,256396052.46721545
2025-01-01 00:12:01,253318499.51205415
2025-01-01 00:12:02,251772175.84856042
2025-01-01 00:12:03,251357717.64661127
2025-01-01 00:12:04,247846780.30486542
2025-01-01 00:12:05,247201910.5881998
2025-01-01 00:12:06,245191695.88745853
2025-01-01 00:12:07,243578515.21346152
2025-01-01 00:12:08,243961055.54952237
2025-01-01 00:12:09,250414255.3589495
2025-01-01 00:12:10,249232105.22690988
2025-01-01 00:12:11,248551209.87895656
2025-01-01 00:12:12,245340884.7402827
2025-01-01 00:12:13,244248257.9262289
2025-01-01 00:12:14,245689048.5768772
2025-01-01 00:12:15,248711559.9222502
2025-01-01 00:12:16,246924779.92103773
2025-01-01 00:12:17,247247154.49029168
2025-01-01 00:12:18,248377847.61356488
2025-01-01 00:12:19,250615657.41104755
2025-01-01 00:12:20,243713060.68393186
2025-01-01 00:12:21,248773262.64638168
2025-01-01 00:12:22,253241242.43102187
2025-01-01 00:12:23,248390353.06884807
2025-01-01 00:12:24,252171090.35979638
2025-01-01 00:12:25,249079251.40106592
2025-01-01 00:12:26,243226060.62133765
2025-01-01 00:12:27,251701088.7838567
2025-01-01 00:12:28,253189254.48045388
2025-01-01 00:12:29,246738254.763761
2025-01-01 00:12:30,244443035.13999057
2025-01-01 00:12:31,240736205.85585263
2025-01-01 00:12:32,237354104.55908298
2025-01-01 00:12:33,241670818.83342052
2025-01-01 00:12:34,242751003.30399117
2025-01-01 00:12:35,248252344.69691917
2025-01-01 00:12:36,249173327.62350202
2025-01-01 00:12:37,242157139.33702227
2025-01-01 00:12:38,241174704.03880566
2025-01-01 00:12:39,242613410.87558663
2025-01-01 00:12:40,248787427.09471977
2025-01-01 00:12:41,250819258.7441647
2025-01-01 00:12:42,248387716.70017603
2025-01-01 00:12:43,245079326.01294896
2025-01-01 00:12:44,250706236.30373484
2025-01-01 00:12:45,249884843.1912188
2025-01-01 00:12:46,248333343.18516108
2025-01-01 00:12:47,247644608.62274405
2025-01-01 00:12:48,247629675.0793092
2025-01-01 00:12:49,250515512.65437433
2025-01-01 00:12:50,248775792.10488307
2025-01-01 00:12:51,255005000.44275668
2025-01-01 00:12:52,254782139.0986255
2025-01-01 00:12:53,253739227.01950163
2025-01-01 00:12:54,252101521.19052055
2025-01-01 00:12:55,246388847.81544378
2025-01-01 00:12:56,245395593.23850402
2025-01-01 00:12:57,243722445.6652175
2025-01-01 00:12:58,245699180.83779886
2025-01-01 00:12:59,244192320.74196133
2025-01-01 00:13:00,244615174.1488593
2025-01-01 00:13:01,248654652.15549102
2025-01-01 00:13:02,245268039.03259268
2025-01-01 00:13:03,243542400.365827
2025-01-01 00:13:04,244670084.98763108
2025-01-01 00:13:05,246779679.6288219
2025-01-01 00:13:06,251004962.18367675
2025-01-01 00:13:07,249708117.7214227
2025-01-01 00:13:08,250336430.701253
2025-01-01 00:13:09,248564626.27654126
2025-01-01 00:13:10,249252693.9862578
2025-01-01 00:13:11,251555460.27293485
2025-01-01 00:13:12,243933979.36885095
2025-01-01 00:13:13,252644362.95641053
2025-01-01 00:13:14,254098098.80676243
2025-01-01 00:13:15,251037755.67282173
2025-01-01 00:13:16,253626032.52162763
2025-01-01 00:13:17,255954436.78966013
2025-01-01 00:13:18,255414765.02967975
2025-01-01 00:13:19,257409954.8075485
2025-01-01 00:13:20,260591700.40431786
2025-01-01 00:13:21,256352014.7948807
2025-01-01 00:13:22,256333685.53511217
2025-01-01 00:13:23,251758952.69957867
2025-01-01 00:13:24,253861376.36771968
2025-01-01 00:13:25,256607841.09810743
2025-01-01 00:13:26,248437413.34961486
2025-01-01 00:13:27,254020005.56128883
2025-01-01 00:13:28,255995871.9361948
2025-01-01 00:13:29,254544674.69876
2025-01-01 00:13:30,248904346.78803605
2025-01-01 00:13:31,255127867.87223992
2025-01-01 00:13:32,254813613.42228252
2025-01-01 00:13:33,249372445.31187913
2025-01-01 00:13:34,249644867.31877378
2025-01-01 00:13:35,254469093.51744193
2025-01-01 00:13:36,251374108.18111265
2025-01-01 00:13:37,246985120.80459273
2025-01-01 00:13:38,245419789.08403486
2025-01-01 00:13:39,245280279.9463866
2025-01-01 00:13:40,244689066.92979726
2025-01-01 00:13:41,244687097.86271256
2025-01-01 00:13:42,245917305.83512935
2025-01-01 00:13:43,255216627.57333502
2025-01-01 00:13:44,251649128.4061783
2025-01-01 00:13:45,249805422.6748477
2025-01-01 00:13:46,252369396.57227504
2025-01-01 00:13:47,258598664.62848914
2025-01-01 00:13:48,245189624.92500076
2025-01-01 00:13:49,246207943.62665516
2025-01-01 00:13:50,244298522.95634305
2025-01-01 00:13:51,249629827.83219194
2025-01-01 00:13:52,252391417.05886117
2025-01-01 00:13:53,249591656.2452933
2025-01-01 00:13:54,251963480.94603786
2025-01-01 00:13:55,254740300.3718314
2025-01-01 00:13:56,258697871.0912108
2025-01-01 00:13:57,253901608.64237624
2025-01-01 00:13:58,254629197.84712312
2025-01-01 00:13:59,246691097.17284915
2025-01-01 00:14:00,248433927.16501033
2025-01-01 00:14:01,252321547.27611873
2025-01-01 00:14:02,246760305.38702616
2025-01-01 00:14:03,252354717.05334795
2025-01-01 00:14:04,252190560.8309835
2025-01-01 00:14:05,255313765.49840614
2025-01-01 00:14:06,249005893.1481815
2025-01-01 00:14:07,254496239.5671307
2025-01-01 00:14:08,254839379.43524212
2025-01-01 00:14:09,253342198.77082318
2025-01-01 00:14:10,257572804.32375205
2025-01-01 00:14:11,255110014.55030736
2025-01-01 00:14:12,253523753.49575073
2025-01-01 00:14:13,253806433.1474534
2025-01-01 00:14:14,253890595.06936246
2025-01-01 00:14:15,247304420.83353978
2025-01-01 00:14:16,251810790.64113647
2025-01-01 00:14:17,254255429.21506894
2025-01-01 00:14:18,246017595.1342851
2025-01-01 00:14:19,244616398.42528895
2025-01-01 00:14:20,252462409.38183406
2025-01-01 00:14:21,252346251.73729637
2025-01-01 00:14:22,250328581.26393124
2025-01-01 00:14:23,250404283.65680555
2025-01-01 00:14:24,248552625.31904054
2025-01-01 00:14:25,247938616.54945204
2025-01-01 00:14:26,250777691.07863128
2025-01-01 00:14:27,246916462.32376117
2025-01-01 00:14:28,245071685.95556232
2025-01-01 00:14:29,242815617.07186028
2025-01-01 00:14:30,241897594.20385575
2025-01-01 00:14:31,242884700.37087178
2025-01-01 00:14:32,243789730.40029383
2025-01-01 00:14:33,251278875.88496786
2025-01-01 00:14:34,248280493.24032348
2025-01-01 00:14:35,242137665.47846034
2025-01-01 00:14:36,247831380.19752643
2025-01-01 00:14:37,249172868.2800051
2025-01-01 00:14:38,248367524.49869597
2025-01-01 00:14:39,248423899.63854772
2025-01-01 00:14:40,248044411.09821734
2025-01-01 00:14:41,249005962.82647803
2025-01-01 00:14:42,253706035.1687271
2025-01-01 00:14:43,247810970.61379
2025-01-01 00:14:44,245607005.67027608
2025-01-01 00:14:45,241800127.4322296
2025-01-01 00:14:46,244222421.97056788
2025-01-01 00:14:47,242406934.46778074
2025-01-01 00:14:48,243248079.714401
2025-01-01 00:14:49,243798917.18757015
2025-01-01 00:14:50,242208371.83496177
2025-01-01 00:14:51,244423750.95489296
2025-01-01 00:14:52,245022918.69235045
2025-01-01 00:14:53,244407892.5243068
2025-01-01 00:14:54,246157498.2670602
2025-01-01 00:14:55,242372096.83438095
2025-01-01 00:14:56,241102752.37911016
2025-01-01 00:14:57,254479474.11955738
2025-01-01 00:14:58,249555643.44060075
2025-01-01 00:14:59,247746554.4474503
2025-01-01 00:15:00,253544692.90010616
2025-01-01 00:15:01,254144878.7795505
2025-01-01 00:15:02,254440503.10780653
2025-01-01 00:15:03,252984116.62795457
2025-01-01 00:15:04,247303664.03770018
2025-01-01 00:15:05,250395582.67042413
2025-01-01 00:15:06,248848509.91203552
2025-01-01 00:15:07,250760720.86328417
2025-01-01 00:15:08,251718197.33839697
2025-01-01 00:15:09,251454322.203753
2025-01-01 00:15:10,251277724.09569138
2025-01-01 00:15:11,247890639.92844582
2025-01-01 00:15:12,243615877.5039951
2025-01-01 00:15:13,245552518.9496211
2025-01-01 00:15:14,240767446.43567145
2025-01-01 00:15:15,241853516.6157933
2025-01-01 00:15:16,243811012.3266415
2025-01-01 00:15:17,243161728.08894157
2025-01-01 00:15:18,240128853.25948036
2025-01-01 00:15:19,241208723.66408592
2025-01-01 00:15:20,246049230.76550928
2025-01-01 00:15:21,252570146.53620696
2025-01-01 00:15:22,250931057.14010766
2025-01-01 00:15:23,254768394.3164236
2025-01-01 00:15:24,254800909.6158537
2025-01-01 00:15:25,249382207.9124334
2025-01-01 00:15:26,248758329.4763674
2025-01-01 00:15:27,249358721.01298425
2025-01-01 00:15:28,243264020.10924038
2025-01-01 00:15:29,243198798.43404397
2025-01-01 00:15:30,250569084.0914299
2025-01-01 00:15:31,248063198.25780064
2025-01-01 00:15:32,247047547.77796528
2025-01-01 00:15:33,245628945.83435127
2025-01-01 00:15:34,239786273.98413345
2025-01-01 00:15:35,241250214.25444585
2025-01-01 00:15:36,247424382.1744701
2025-01-01 00:15:37,245376821.3460414
2025-01-01 00:15:38,245829306.53748623
2025-01-01 00:15:39,253112151.27792707
2025-01-01 00:15:40,247551909.93195173
2025-01-01 00:15:41,244288166.37299407
2025-01-01 00:15:42,241818179.8412045
2025-01-01 00:15:43,243426533.2514601
2025-01-01 00:15:44,241585398.12598246
2025-01-01 00:15:45,246763217.94209617
2025-01-01 00:15:46,248286741.4259881
2025-01-01 00:15:47,241098101.78576094
2025-01-01 00:15:48,249489926.4788153
2025-01-01 00:15:49,241481597.49655655
2025-01-01 00:15:50,240617217.79061714
2025-01-01 00:15:51,248077504.63336924
2025-01-01 00:15:52,246872540.59139106
2025-01-01 00:15:53,245886057.01979598
2025-01-01 00:15:54,247080192.3067445
2025-01-01 00:15:55,250880010.23374614
2025-01-01 00:15:56,242962123.32360846
2025-01-01 00:15:57,241282879.34292394
2025-01-01 00:15:58,252226212.70350668
2025-01-01 00:15:59,243351028.1569968
2025-01-01 00:16:00,245190943.3950052
2025-01-01 00:16:01,245498136.00578135
2025-01-01 00:16:02,241804962.13266337
2025-01-01 00:16:03,241936379.2696497
2025-01-01 00:16:04,243717589.7307445
2025-01-01 00:16:05,246371519.5974396
2025-01-01 00:16:06,249566174.32235315
2025-01-01 00:16:07,247221089.83539397
2025-01-01 00:16:08,247667902.66802695
2025-01-01 00:16:09,250123036.05880153
2025-01-01 00:16:10,258359112.55892438
2025-01-01 00:16:11,253395431.99341574
2025-01-01 00:16:12,257028287.13214967
2025-01-01 00:16:13,260504065.02976215
2025-01-01 00:16:14,257968049.23596302
2025-01-01 00:16:15,251410233.28108144
2025-01-01 00:16:16,252923147.7866042
2025-01-01 00:16:17,252030901.00105146
2025-01-01 00:16:18,250482896.41401514
2025-01-01 00:16:19,248998865.40268585
2025-01-01 00:16:20,255614910.64876783
2025-01-01 00:16:21,251859016.17279047
2025-01-01 00:16:22,251258765.9369483
2025-01-01 00:16:23,260045546.66545892
2025-01-01 00:16:24,256504924.7707268
2025-01-01 00:16:25,248929982.96174073
2025-01-01 00:16:26,248755878.7529183
2025-01-01 00:16:27,247561603.68527934
2025-01-01 00:16:28,248981360.18923992
2025-01-01 00:16:29,246538800.97363344
2025-01-01 00:16:30,247609599.61366802
2025-01-01 00:16:31,253179876.2760534
2025-01-01 00:16:32,250498879.0530383
2025-01-01 00:16:33,253768054.34075004
2025-01-01 00:16:34,251460330.92681
2025-01-01 00:16:35,254469707.38278946
2025-01-01 00:16:36,251334274.41087884
2025-01-01 00:16:37,250064230.66884395
2025-01-01 00:16:38,252228337.11045337
2025-01-01 00:16:39,253371790.3568404
2025-01-01 00:16:40,251363465.43354103
2025-01-01 00:16:41,250009836.75552493
2025-01-01 00:16:42,253271072.3361183
2025-01-01 00:16:43,250519912.81614438
2025-01-01 00:16:44,251254866.71297473
2025-01-01 00:16:45,249763781.18424645
2025-01-01 00:16:46,248753950.78966084
2025-01-01 00:16:47,251643177.79456815
2025-01-01 00:16:48,255222763.79942924
2025-01-01 00:16:49,252422263.68258342
2025-01-01 00:16:50,257703470.70421416
2025-01-01 00:16:51,249046586.29814276
2025-01-01 00:16:52,253810604.9982964
2025-01-01 00:16:53,253305038.83597317
2025-01-01 00:16:54,248932933.92854616
2025-01-01 00:16:55,250801200.5717426
2025-01-01 00:16:56,254653658.87626034
2025-01-01 00:16:57,258860781.51055926
2025-01-01 00:16:58,256101086.94622976
2025-01-01 00:16:59,255840157.0930373
2025-01-01 00:17:00,258314353.34776756
2025-01-01 00:17:01,252747271.35188392
2025-01-01 00:17:02,253467117.84742752
2025-01-01 00:17:03,246010937.36249208
2025-01-01 00:17:04,248593092.5914472
2025-01-01 00:17:05,248419959.68916693
2025-01-01 00:17:06,251923462.16637906
2025-01-01 00:17:07,253049774.0538417
2025-01-01 00:17:08,249732335.06316864
2025-01-01 00:17:09,244748919.45579633
2025-01-01 00:17:10,245963229.4575408
2025-01-01 00:17:11,247904838.19261453
2025-01-01 00:17:12,252036497.5103048
2025-01-01 00:17:13,247197295.0125919
2025-01-01 00:17:14,249249712.82975048
2025-01-01 00:17:15,248921057.34710252
2025-01-01 00:17:16,248911554.22651422
2025-01-01 00:17:17,249769963.19253522
2025-01-01 00:17:18,250601875.8940959
2025-01-01 00:17:19,249303257.42094806
2025-01-01 00:17:20,244316267.68360344
2025-01-01 00:17:21,246321278.15435228
2025-01-01 00:17:22,246711412.93552706
2025-01-01 00:17:23,245541861.12882644
2025-01-01 00:17:24,238684858.69794676
2025-01-01 00:17:25,240676018.5824662
2025-01-01 00:17:26,248346643.79486093
2025-01-01 00:17:27,247644327.00694123
2025-01-01 00:17:28,239539890.4358351
2025-01-01 00:17:29,240782580.231775
2025-01-01 00:17:30,241410733.8370718
2025-01-01 00:17:31,244442351.9125171
2025-01-01 00:17:32,248816446.0816729
2025-01-01 00:17:33,250599337.61327943
2025-01-01 00:17:34,244966233.4898378
2025-01-01 00:17:35,244211373.52980623
2025-01-01 00:17:36,241804590.8893291
2025-01-01 00:17:37,251627376.89719528
2025-01-01 00:17:38,249841515.4266893
2025-01-01 00:17:39,249145535.26004806
2025-01-01 00:17:40,254384773.2430836
2025-01-01 00:17:41,248966426.78800482
2025-01-01 00:17:42,251166549.43954587
2025-01-01 00:17:43,251165908.81450725
2025-01-01 00:17:44,255125678.79242578
2025-01-01 00:17:45,253941972.09734604
2025-01-01 00:17:46,254813887.41837806
2025-01-01 00:17:47,251555503.67361388
2025-01-01 00:17:48,256296534.84277606
2025-01-01 00:17:49,248381971.34380698
2025-01-01 00:17:50,250586598.37965637
2025-01-01 00:17:51,249390986.0820538
2025-01-01 00:17:52,255016752.598503
2025-01-01 00:17:53,252845426.25111657
2025-01-01 00:17:54,248322597.9410686
2025-01-01 00:17:55,250359878.5636923
2025-01-01 00:17:56,249446743.7755868
2025-01-01 00:17:57,248243391.47493082
2025-01-01 00:17:58,249612836.68689042
2025-01-01 00:17:59,253042705.1297006
2025-01-01 00:18:00,255221822.01775968
2025-01-01 00:18:01,251181404.6646873
2025-01-01 00:18:02,255752798.5856086
2025-01-01 00:18:03,256864267.59291634
2025-01-01 00:18:04,254442747.74403834
2025-01-01 00:18:05,253752885.43671694
2025-01-01 00:18:06,251514364.41802025
2025-01-01 00:18:07,256605055.36087543
2025-01-01 00:18:08,255719644.1524777
2025-01-01 00:18:09,244864013.8625983
2025-01-01 00:18:10,243626142.96833363
2025-01-01 00:18:11,246946042.34445524
2025-01-01 00:18:12,248506891.76818445
2025-01-01 00:18:13,245391357.19130012
2025-01-01 00:18:14,251786914.57456398
2025-01-01 00:18:15,249607601.6961174
2025-01-01 00:18:16,258252422.22381666
2025-01-01 00:18:17,248337485.59620357
2025-01-01 00:18:18,255813893.40896338
2025-01-01 00:18:19,255306709.49485874
2025-01-01 00:18:20,255549192.2138383
2025-01-01 00:18:21,255765623.12761098
2025-01-01 00:18:22,254535955.10372612
2025-01-01 00:18:23,257036883.33976015
2025-01-01 00:18:24,252203248.65964973
2025-01-01 00:18:25,248614110.25180313
2025-01-01 00:18:26,255646137.62065437
2025-01-01 00:18:27,262680703.63418543
2025-01-01 00:18:28,256717078.63578287
2025-01-01 00:18:29,251072724.06994072
2025-01-01 00:18:30,249529020.39851573
2025-01-01 00:18:31,251226654.75485975
2025-01-01 00:18:32,254229741.44155115
2025-01-01 00:18:33,255575175.71905646
2025-01-01 00:18:34,254526042.54196057
2025-01-01 00:18:35,249377636.4203188
2025-01-01 00:18:36,248252533.39817688
2025-01-01 00:18:37,252010644.6380862
2025-01-01 00:18:38,251789698.21028954
2025-01-01 00:18:39,246579307.39282075
2025-01-01 00:18:40,246514218.19050255
2025-01-01 00:18:41,246759209.6710639
2025-01-01 00:18:42,254472555.35533896
2025-01-01 00:18:43,252104895.34323665
2025-01-01 00:18:44,254148970.48141232
2025-01-01 00:18:45,249167785.78219396
2025-01-01 00:18:46,251878409.21631458
2025-01-01 00:18:47,249156002.41969946
2025-01-01 00:18:48,250806268.8858365
2025-01-01 00:18:49,248774702.28036872
2025-01-01 00:18:50,253706509.3689339
2025-01-01 00:18:51,253087827.0928588
2025-01-01 00:18:52,256439732.31349877
2025-01-01 00:18:53,257804317.66302717
2025-01-01 00:18:54,259611890.65655002
2025-01-01 00:18:55,261318517.73528683
2025-01-01 00:18:56,256556978.85691348
2025-01-01 00:18:57,258232349.3837564
2025-01-01 00:18:58,256487275.78818738
2025-01-01 00:18:59,254297739.4509469
2025-01-01 00:19:00,255237624.58345595
2025-01-01 00:19:01,258853964.87501815
2025-01-01 00:19:02,261309401.10562506
2025-01-01 00:19:03,264111859.4298275
2025-01-01 00:19:04,256581945.84891748
2025-01-01 00:19:05,255377379.15605
2025-01-01 00:19:06,256147857.22944772
2025-01-01 00:19:07,250772373.1320841
2025-01-01 00:19:08,247004190.08213863
2025-01-01 00:19:09,252870005.8471877
2025-01-01 00:19:10,252990121.67815158
2025-01-01 00:19:11,246080669.09561104
2025-01-01 00:19:12,250592296.43126717
2025-01-01 00:19:13,257979282.41986006
2025-01-01 00:19:14,256753252.01452416
2025-01-01 00:19:15,254576734.0021355
2025-01-01 00:19:16,251872476.81657392
2025-01-01 00:19:17,251740938.87230584
2025-01-01 00:19:18,251868265.39848858
2025-01-01 00:19:19,253744005.89340872
2025-01-01 00:19:20,251349535.47015902
2025-01-01 00:19:21,260754752.04019198
2025-01-01 00:19:22,262307690.10355517
2025-01-01 00:19:23,257930793.27584654
2025-01-01 00:19:24,257628464.7287057
2025-01-01 00:19:25,256884314.68150428
2025-01-01 00:19:26,256051442.30752626
2025-01-01 00:19:27,261576787.33276862
2025-01-01 00:19:28,258741356.20919174
2025-01-01 00:19:29,250974850.58697408
2025-01-01 00:19:30,256015356.54879218
2025-01-01 00:19:31,253472515.27137017
2025-01-01 00:19:32,246865415.0901025
2025-01-01 00:19:33,248570880.73348314
2025-01-01 00:19:34,252131093.57788402
2025-01-01 00:19:35,255481558.33442253
2025-01-01 00:19:36,254018131.33258793
2025-01-01 00:19:37,253887317.5333665
2025-01-01 00:19:38,254310053.14596725
2025-01-01 00:19:39,251161923.14520073
2025-01-01 00:19:40,250117995.7611596
2025-01-01 00:19:41,252326792.7177119
2025-01-01 00:19:42,252921251.85798046
2025-01-01 00:19:43,253207882.05954796
2025-01-01 00:19:44,249137642.67919943
2025-01-01 00:19:45,248694635.44626182
2025-01-01 00:19:46,251419272.51057085
2025-01-01 00:19:47,253166221.4865646
2025-01-01 00:19:48,251508895.41158995
2025-01-01 00:19:49,252175226.99434653
2025-01-01 00:19:50,250913576.16541314
2025-01-01 00:19:51,249147410.40902823
2025-01-01 00:19:52,251307705.32807675
2025-01-01 00:19:53,253567995.3186261
2025-01-01 00:19:54,251414367.16360226
2025-01-01 00:19:55,246320106.61462277
2025-01-01 00:19:56,247947517.89259022
2025-01-01 00:19:57,249099848.44949237
2025-01-01 00:19:58,248181982.0512667
2025-01-01 00:19:59,248053575.83030376
2025-01-01 00:20:00,240574657.14527372
2025-01-01 00:20:01,238578244.92016813
2025-01-01 00:20:02,244316010.42376724
2025-01-01 00:20:03,247611986.6108768
2025-01-01 00:20:04,247577307.83917418
2025-01-01 00:20:05,247479565.97369808
2025-01-01 00:20:06,249370296.0322057
2025-01-01 00:20:07,250619536.82547277
2025-01-01 00:20:08,247575809.0983786
2025-01-01 00:20:09,248677058.4857445
2025-01-01 00:20:10,249679293.12634304
2025-01-01 00:20:11,250983017.12340754
2025-01-01 00:20:12,249729584.3511406
2025-01-01 00:20:13,248705673.500232
2025-01-01 00:20:14,248948705.04080403
2025-01-01 00:20:15,254224002.5990161
2025-01-01 00:20:16,252040545.537845
2025-01-01 00:20:17,247413600.34385616
2025-01-01 00:20:18,244945791.34875607
2025-01-01 00:20:19,245421550.95419365
2025-01-01 00:20:20,246280582.62599346
2025-01-01 00:20:21,246032113.3747516
2025-01-01 00:20:22,244832770.88267162
2025-01-01 00:20:23,244270663.43367755
2025-01-01 00:20:24,246747814.70769495
2025-01-01 00:20:25,244800982.875307
2025-01-01 00:20:26,247945806.4774028
2025-01-01 00:20:27,247930354.71445978
2025-01-01 00:20:28,251497789.50584552
2025-01-01 00:20:29,258370557.5806141
2025-01-01 00:20:30,256226453.98406962
2025-01-01 00:20:31,258293068.36472097
2025-01-01 00:20:32,254820433.76093474
2025-01-01 00:20:33,244587405.7667404
2025-01-01 00:20:34,248335508.66796827
2025-01-01 00:20:35,250107539.88171723
2025-01-01 00:20:36,246912654.20496073
2025-01-01 00:20:37,249585698.61330488
2025-01-01 00:20:38,253365431.17775068
2025-01-01 00:20:39,257448427.94800025
2025-01-01 00:20:40,253648441.66060698
2025-01-01 00:20:41,254743524.4332894
2025-01-01 00:20:42,245507852.0848972
2025-01-01 00:20:43,250494215.16520602
2025-01-01 00:20:44,251827244.31121436
2025-01-01 00:20:45,245462737.19270402
2025-01-01 00:20:46,245854566.3548823
2025-01-01 00:20:47,245594260.23599645
2025-01-01 00:20:48,241690251.43461296
2025-01-01 00:20:49,242120856.2996592
2025-01-01 00:20:50,247269535.07978147
2025-01-01 00:20:51,243166734.90006587
2025-01-01 00:20:52,248621409.65814024
2025-01-01 00:20:53,247885835.80586782
2025-01-01 00:20:54,251056655.50317168
2025-01-01 00:20:55,253900824.6755625
2025-01-01 00:20:56,250048933.7913814
2025-01-01 00:20:57,256295421.57136825
2025-01-01 00:20:58,256798385.1022923
2025-01-01 00:20:59,252332193.7514263
2025-01-01 00:21:00,243935941.6599127
2025-01-01 00:21:01,252278374.23702022
2025-01-01 00:21:02,254349126.03128487
2025-01-01 00:21:03,252053097.68912342
2025-01-01 00:21:04,248649647.38307366
2025-01-01 00:21:05,248767428.0960282
2025-01-01 00:21:06,247303008.77853596
2025-01-01 00:21:07,247121100.27882183
2025-01-01 00:21:08,254517824.25119564
2025-01-01 00:21:09,250659856.52992958
2025-01-01 00:21:10,256478000.08968943
2025-01-01 00:21:11,253545527.58064848
2025-01-01 00:21:12,254452832.77156204
2025-01-01 00:21:13,249880048.40295345
2025-01-01 00:21:14,253594807.72098958
2025-01-01 00:21:15,257317921.88499367
2025-01-01 00:21:16,249992444.7325618
2025-01-01 00:21:17,250374456.94916165
2025-01-01 00:21:18,253194358.56047836
2025-01-01 00:21:19,254568515.68293336
2025-01-01 00:21:20,254617304.55105612
2025-01-01 00:21:21,252793442.54382908
2025-01-01 00:21:22,248111121.53522527
2025-01-01 00:21:23,253270054.60319266
2025-01-01 00:21:24,247960672.35301006
2025-01-01 00:21:25,255511840.11100122
2025-01-01 00:21:26,259840216.19008172
2025-01-01 00:21:27,248284781.36837998
2025-01-01 00:21:28,252111086.46549883
2025-01-01 00:21:29,251132136.36223418
2025-01-01 00:21:30,252674829.00058076
2025-01-01 00:21:31,252802553.8858567
2025-01-01 00:21:32,258822469.46648002
2025-01-01 00:21:33,256440519.64430308
2025-01-01 00:21:34,251136661.20489916
2025-01-01 00:21:35,254865956.7374898
2025-01-01 00:21:36,253310968.16177568
2025-01-01 00:21:37,247492086.87460282
2025-01-01 00:21:38,254184143.7699459
2025-01-01 00:21:39,250468897.22216314
2025-01-01 00:21:40,254521352.07836455
2025-01-01 00:21:41,249774514.67910963
2025-01-01 00:21:42,254230788.77492118
2025-01-01 00:21:43,250756307.41825306
2025-01-01 00:21:44,252564350.74704155
2025-01-01 00:21:45,253373734.9605417
2025-01-01 00:21:46,253680220.545564
2025-01-01 00:21:47,250336188.2948857
2025-01-01 00:21:48,248117219.64504683
2025-01-01 00:21:49,242077867.59574538
2025-01-01 00:21:50,251654128.479503
2025-01-01 00:21:51,250294005.86171097
2025-01-01 00:21:52,248391080.39908546
2025-01-01 00:21:53,253320569.16946065
2025-01-01 00:21:54,253255463.15156725
2025-01-01 00:21:55,250081294.54632217
2025-01-01 00:21:56,255952395.76258746
2025-01-01 00:21:57,253796912.65655923
2025-01-01 00:21:58,251230641.83251292
2025-01-01 00:21:59,249665072.12531224
2025-01-01 00:22:00,254765527.89507923
2025-01-01 00:22:01,254203507.55040273
2025-01-01 00:22:02,256480038.98380375
2025-01-01 00:22:03,254283150.464463
2025-01-01 00:22:04,258177249.1692511
2025-01-01 00:22:05,257843292.19585425
2025-01-01 00:22:06,249217542.63503113
2025-01-01 00:22:07,253089359.91765407
2025-01-01 00:22:08,258515948.13197222
2025-01-01 00:22:09,250475532.90344444
2025-01-01 00:22:10,252541084.4985238
2025-01-01 00:22:11,251382890.14925227
2025-01-01 00:22:12,249666548.99073455
2025-01-01 00:22:13,251770766.3301419
2025-01-01 00:22:14,250268083.87687743
2025-01-01 00:22:15,255266771.78951627
2025-01-01 00:22:16,255431632.6865619
2025-01-01 00:22:17,254959941.6702365
2025-01-01 00:22:18,250707353.28885803
2025-01-01 00:22:19,250234009.29738456
2025-01-01 00:22:20,253740435.1326861
2025-01-01 00:22:21,249122493.96655148
2025-01-01 00:22:22,248314337.01713422
2025-01-01 00:22:23,249543362.50697657
2025-01-01 00:22:24,257123761.42291987
2025-01-01 00:22:25,257639300.1367071
2025-01-01 00:22:26,257974592.7020508
2025-01-01 00:22:27,260379982.4281523
2025-01-01 00:22:28,256449329.2182576
2025-01-01 00:22:29,255628248.1763237
2025-01-01 00:22:30,256478740.60330173
2025-01-01 00:22:31,256390703.49938676
2025-01-01 00:22:32,258562842.81352532
2025-01-01 00:22:33,252220963.46007174
2025-01-01 00:22:34,250666695.58112606
2025-01-01 00:22:35,250082443.87555122
2025-01-01 00:22:36,248081041.59054324
2025-01-01 00:22:37,247354918.8029169
2025-01-01 00:22:38,254595949.38081658
2025-01-01 00:22:39,246467147.673176
2025-01-01 00:22:40,245645298.74243295
2025-01-01 00:22:41,246268240.49319497
2025-01-01 00:22:42,248894482.60386235
2025-01-01 00:22:43,249440049.67748994
2025-01-01 00:22:44,253459381.6775507
2025-01-01 00:22:45,247314583.90644822
2025-01-01 00:22:46,246966878.86791644
2025-01-01 00:22:47,243943471.87917492
2025-01-01 00:22:48,246185447.75951067
2025-01-01 00:22:49,243291081.65700382
2025-01-01 00:22:50,242287294.475213
2025-01-01 00:22:51,251292707.9317544
2025-01-01 00:22:52,251698320.78723174
2025-01-01 00:22:53,253429696.87037542
2025-01-01 00:22:54,254176975.55054975
2025-01-01 00:22:55,252797127.2030311
2025-01-01 00:22:56,250940965.5226866
2025-01-01 00:22:57,254595995.43506145
2025-01-01 00:22:58,247243413.61772123
2025-01-01 00:22:59,254477789.3693897
2025-01-01 00:23:00,253655432.36546046
2025-01-01 00:23:01,260055587.41651
2025-01-01 00:23:02,253209542.090847
2025-01-01 00:23:03,250800273.82653156
2025-01-01 00:23:04,257624576.3905274
2025-01-01 00:23:05,250105319.7816143
2025-01-01 00:23:06,246880719.0020741
2025-01-01 00:23:07,249648302.53186393
2025-01-01 00:23:08,248661938.87351915
2025-01-01 00:23:09,248998868.9435845
2025-01-01 00:23:10,248226717.3343537
2025-01-01 00:23:11,252380484.25305602
2025-01-01 00:23:12,251123371.18925142
2025-01-01 00:23:13,253521382.98682395
2025-01-01 00:23:14,248350305.27288768
2025-01-01 00:23:15,246686000.09954524
2025-01-01 00:23:16,253084713.2687054
2025-01-01 00:23:17,258859775.65225154
2025-01-01 00:23:18,259007601.86084425
2025-01-01 00:23:19,257852628.29820293
2025-01-01 00:23:20,254503222.04231837
2025-01-01 00:23:21,254502286.82965484
2025-01-01 00:23:22,252196960.96480516
2025-01-01 00:23:23,252805538.4344991
2025-01-01 00:23:24,256277494.53591922
2025-01-01 00:23:25,253803821.1937626
2025-01-01 00:23:26,252876853.12623465
2025-01-01 00:23:27,250537971.2266756
2025-01-01 00:23:28,255997610.37981194
2025-01-01 00:23:29,254404312.07275924
2025-01-01 00:23:30,256558201.85987362
2025-01-01 00:23:31,258649312.11047882
2025-01-01 00:23:32,251428973.8591333
2025-01-01 00:23:33,255921314.26533046
2025-01-01 00:23:34,249130031.144736
2025-01-01 00:23:35,252818240.64340663
2025-01-01 00:23:36,262072797.58858043
2025-01-01 00:23:37,257655789.90542895
2025-01-01 00:23:38,260698924.80995464
2025-01-01 00:23:39,253100314.10840362
2025-01-01 00:23:40,256067250.96123704
2025-01-01 00:23:41,251485325.61924434
2025-01-01 00:23:42,255996706.8343367
2025-01-01 00:23:43,258124019.51271364
2025-01-01 00:23:44,249618220.71827284
2025-01-01 00:23:45,247906790.31158084
2025-01-01 00:23:46,252372729.8734261
2025-01-01 00:23:47,250660494.0471959
2025-01-01 00:23:48,255462981.50857502
2025-01-01 00:23:49,252744000.46220922
2025-01-01 00:23:50,251131906.42028552
2025-01-01 00:23:51,248734760.23531407
2025-01-01 00:23:52,245264945.80446002
2025-01-01 00:23:53,245008252.14908308
2025-01-01 00:23:54,246881147.84392816
2025-01-01 00:23:55,244809540.9750788
2025-01-01 00:23:56,243254464.69132316
2025-01-01 00:23:57,247161526.28800774
2025-01-01 00:23:58,248619309.8679587
2025-01-01 00:23:59,255236787.12900347
2025-01-01 00:24:00,257413961.26948258
2025-01-01 00:24:01,255179659.44778144
2025-01-01 00:24:02,255492387.21950018
2025-01-01 00:24:03,252598272.1422913
2025-01-01 00:24:04,255036385.57964563
2025-01-01 00:24:05,254292561.70137408
2025-01-01 00:24:06,254044353.23318943
2025-01-01 00:24:07,258214353.68906078
2025-01-01 00:24:08,253971790.1019378
2025-01-01 00:24:09,249580671.81979096
2025-01-01 00:24:10,257746567.6166744
2025-01-01 00:24:11,258407758.20869976
2025-01-01 00:24:12,251383211.59873885
2025-01-01 00:24:13,249285511.3714834
2025-01-01 00:24:14,244874701.339181
2025-01-01 00:24:15,250799493.54795712
2025-01-01 00:24:16,248443084.89889908
2025-01-01 00:24:17,250338215.10654753
2025-01-01 00:24:18,251349071.03872025
2025-01-01 00:24:19,254077950.9755673
2025-01-01 00:24:20,251454653.1044309
2025-01-01 00:24:21,250007052.54524088
2025-01-01 00:24:22,254615878.52722004
2025-01-01 00:24:23,253888206.136392
2025-01-01 00:24:24,255562640.0572917
2025-01-01 00:24:25,252985241.92447007
2025-01-01 00:24:26,249952357.54574606
2025-01-01 00:24:27,259852797.26507565
2025-01-01 00:24:28,262133683.04544225
2025-01-01 00:24:29,256626755.75833622
2025-01-01 00:24:30,256944049.6708146
2025-01-01 00:24:31,256798051.13552812
2025-01-01 00:24:32,253843424.18463552
2025-01-01 00:24:33,252660634.21088076
2025-01-01 00:24:34,247347618.38513213
2025-01-01 00:24:35,250255430.97809488
2025-01-01 00:24:36,249360129.1610646
2025-01-01 00:24:37,255100230.9961034
2025-01-01 00:24:38,249223631.67259732
2025-01-01 00:24:39,253312291.29911435
2025-01-01 00:24:40,253504948.99667478
2025-01-01 00:24:41,254072772.96859592
2025-01-01 00:24:42,256089372.55956447
2025-01-01 00:24:43,250388069.40547648
2025-01-01 00:24:44,255172890.9173121
2025-01-01 00:24:45,241803475.1691787
2025-01-01 00:24:46,248296136.6387035
2025-01-01 00:24:47,247886051.9302234
2025-01-01 00:24:48,255006438.30178297
2025-01-01 00:24:49,250612357.64217076
2025-01-01 00:24:50,252116840.7059272
2025-01-01 00:24:51,249769238.50861704
2025-01-01 00:24:52,248529945.6880739
2025-01-01 00:24:53,251009142.66283348
2025-01-01 00:24:54,243576501.37269637
2025-01-01 00:24:55,248661536.73024246
2025-01-01 00:24:56,247764549.71117505
2025-01-01 00:24:57,252518191.4654313
2025-01-01 00:24:58,248226836.58645406
2025-01-01 00:24:59,246875314.29316506
2025-01-01 00:25:00,248466419.19039324
2025-01-01 00:25:01,254709659.22858727
2025-01-01 00:25:02,251658641.75303635
2025-01-01 00:25:03,241862560.99033904
2025-01-01 00:25:04,244979562.70405143
2025-01-01 00:25:05,245196545.9076264
2025-01-01 00:25:06,246954015.8005616
2025-01-01 00:25:07,243644238.33974707
2025-01-01 00:25:08,243894275.64792755
2025-01-01 00:25:09,248158519.27408493
2025-01-01 00:25:10,241962725.5615628
2025-01-01 00:25:11,237269059.72625718
2025-01-01 00:25:12,244962066.20272663
2025-01-01 00:25:13,248184818.6473585
2025-01-01 00:25:14,244128590.14679292
2025-01-01 00:25:15,246071107.21296546
2025-01-01 00:25:16,243519970.13325945
2025-01-01 00:25:17,249547018.37107608
2025-01-01 00:25:18,249037845.35911223
2025-01-01 00:25:19,252680395.0504475
2025-01-01 00:25:20,250086310.82196006
2025-01-01 00:25:21,248876141.65792412
2025-01-01 00:25:22,247508449.7533985
2025-01-01 00:25:23,250887281.52560362
2025-01-01 00:25:24,251706633.52017847
2025-01-01 00:25:25,243715244.0018433
2025-01-01 00:25:26,241175649.72476134
2025-01-01 00:25:27,244265294.92296025
2025-01-01 00:25:28,246211114.45211682
2025-01-01 00:25:29,245039429.09446117
2025-01-01 00:25:30,237669082.5797932
2025-01-01 00:25:31,236210107.95488927
2025-01-01 00:25:32,235250031.26696855
2025-01-01 00:25:33,239956314.75417373
2025-01-01 00:25:34,242732423.641507
2025-01-01 00:25:35,243361712.70483464
2025-01-01 00:25:36,251219631.96091154
2025-01-01 00:25:37,243899911.0519451
2025-01-01 00:25:38,246850233.12495604
2025-01-01 00:25:39,252518045.46512175
2025-01-01 00:25:40,250243102.75504604
2025-01-01 00:25:41,244840779.53226826
2025-01-01 00:25:42,252755676.94447726
2025-01-01 00:25:43,248859188.71779177
2025-01-01 00:25:44,247216664.57950142
2025-01-01 00:25:45,248989127.3239507
2025-01-01 00:25:46,244526443.96233678
2025-01-01 00:25:47,242288228.43063745
2025-01-01 00:25:48,250781262.65672016
2025-01-01 00:25:49,255955137.03463188
2025-01-01 00:25:50,252055999.68860018
2025-01-01 00:25:51,248660517.8646264
2025-01-01 00:25:52,250917065.5011651
2025-01-01 00:25:53,251348866.1226072
2025-01-01 00:25:54,247664948.04534864
2025-01-01 00:25:55,254459448.2423563
2025-01-01 00:25:56,257109062.6039529
2025-01-01 00:25:57,254182732.67361745
2025-01-01 00:25:58,249850381.5929771
2025-01-01 00:25:59,252715480.82987124
2025-01-01 00:26:00,253355286.96635446
2025-01-01 00:26:01,250201514.1372183
2025-01-01 00:26:02,244641477.30539322
2025-01-01 00:26:03,249864562.45811063
2025-01-01 00:26:04,248412440.53269112
2025-01-01 00:26:05,254555581.84959728
2025-01-01 00:26:06,257808028.14535174
2025-01-01 00:26:07,252814337.87677658
2025-01-01 00:26:08,247460762.33851773
2025-01-01 00:26:09,249406497.08448654
2025-01-01 00:26:10,251068377.4208826
2025-01-01 00:26:11,246382859.10631156
2025-01-01 00:26:12,249539252.6334949
2025-01-01 00:26:13,255602400.7747867
2025-01-01 00:26:14,250733199.9754283
2025-01-01 00:26:15,248567775.9433588
2025-01-01 00:26:16,249360201.3565055
2025-01-01 00:26:17,252950272.34757435
2025-01-01 00:26:18,253302929.69468087
2025-01-01 00:26:19,261697585.7540101
2025-01-01 00:26:20,256943771.0965444
2025-01-01 00:26:21,255623442.2767152
2025-01-01 00:26:22,251176986.5127237
2025-01-01 00:26:23,252949559.49973497
2025-01-01 00:26:24,257380805.35043833
2025-01-01 00:26:25,251467669.77192375
2025-01-01 00:26:26,250984158.19182354
2025-01-01 00:26:27,254580493.90109226
2025-01-01 00:26:28,258133212.4658768
2025-01-01 00:26:29,253316368.77663663
2025-01-01 00:26:30,252450128.53167987
2025-01-01 00:26:31,251549622.1242738
2025-01-01 00:26:32,253998414.050227
2025-01-01 00:26:33,249596079.98858088
2025-01-01 00:26:34,247919273.88281557
2025-01-01 00:26:35,247243546.41746002
2025-01-01 00:26:36,248518387.60875648
2025-01-01 00:26:37,248997670.05976197
2025-01-01 00:26:38,245504149.2352866
2025-01-01 00:26:39,242902286.5440302
2025-01-01 00:26:40,243562941.0543595
2025-01-01 00:26:41,250040699.51621136
2025-01-01 00:26:42,247948306.06384996
2025-01-01 00:26:43,245769547.51547623
2025-01-01 00:26:44,244696950.07686755
2025-01-01 00:26:45,254772258.41208997
2025-01-01 00:26:46,253709526.98698896
2025-01-01 00:26:47,253201652.57927373
2025-01-01 00:26:48,249949068.87018874
2025-01-01 00:26:49,252560046.65764818
2025-01-01 00:26:50,250516565.47763535
2025-01-01 00:26:51,250818797.51783958
2025-01-01 00:26:52,248389629.2363454
2025-01-01 00:26:53,252260002.20885545
2025-01-01 00:26:54,252296219.82318804
2025-01-01 00:26:55,250885086.85653302
2025-01-01 00:26:56,246033649.90827936
2025-01-01 00:26:57,249889591.8143958
2025-01-01 00:26:58,255142328.58227888
2025-01-01 00:26:59,254872201.03217965
2025-01-01 00:27:00,254040750.1063596
2025-01-01 00:27:01,255901404.18129635
2025-01-01 00:27:02,250463679.83494315
2025-01-01 00:27:03,247517869.37442875
2025-01-01 00:27:04,249230227.19780284
2025-01-01 00:27:05,249485394.3220578
2025-01-01 00:27:06,251072787.66184163
2025-01-01 00:27:07,257214301.44591045
2025-01-01 00:27:08,245805441.28691736
2025-01-01 00:27:09,249834462.6098351
2025-01-01 00:27:10,246535818.60779762
2025-01-01 00:27:11,248874677.2118134
2025-01-01 00:27:12,247843093.56075823
2025-01-01 00:27:13,251336473.35161278
2025-01-01 00:27:14,249517180.41278946
2025-01-01 00:27:15,251135709.9944373
2025-01-01 00:27:16,245546574.46652573
2025-01-01 00:27:17,258560026.34011838
2025-01-01 00:27:18,253661051.98692685
2025-01-01 00:27:19,252844686.0958552
2025-01-01 00:27:20,251169520.59486675
2025-01-01 00:27:21,251743067.60902777
2025-01-01 00:27:22,247560481.37071094
2025-01-01 00:27:23,252288245.67764014
2025-01-01 00:27:24,252094153.5381719
2025-01-01 00:27:25,255951163.54556444
2025-01-01 00:27:26,254500709.44801086
2025-01-01 00:27:27,253495023.25986212
2025-01-01 00:27:28,248631258.59785238
2025-01-01 00:27:29,251668877.1914087
2025-01-01 00:27:30,247844564.10193524
2025-01-01 00:27:31,248226623.21595204
2025-01-01 00:27:32,248701538.29645643
2025-01-01 00:27:33,253498399.68445805
2025-01-01 00:27:34,253664776.59638736
2025-01-01 00:27:35,248697743.1864725
2025-01-01 00:27:36,246750997.92669016
2025-01-01 00:27:37,246320159.93961567
2025-01-01 00:27:38,242672759.30749905
2025-01-01 00:27:39,250893374.6695102
2025-01-01 00:27:40,249804183.009119
2025-01-01 00:27:41,246342226.05863965
2025-01-01 00:27:42,249330239.52257985
2025-01-01 00:27:43,250254495.54640022
2025-01-01 00:27:44,250929635.0930979
2025-01-01 00:27:45,244306472.25358826
2025-01-01 00:27:46,246686934.49125272
2025-01-01 00:27:47,244216109.0658649
2025-01-01 00:27:48,243178110.87117547
2025-01-01 00:27:49,239123177.41030073
2025-01-01 00:27:50,241224980.94024742
2025-01-01 00:27:51,239834278.91890416
2025-01-01 00:27:52,241736230.4966191
2025-01-01 00:27:53,246238114.89862123
2025-01-01 00:27:54,249319850.33069372
2025-01-01 00:27:55,248168140.5478157
2025-01-01 00:27:56,242716767.15706348
2025-01-01 00:27:57,245861398.75269124
2025-01-01 00:27:58,250996451.7715848
2025-01-01 00:27:59,253932084.815345
2025-01-01 00:28:00,246534279.23139316
2025-01-01 00:28:01,245283444.2854962
2025-01-01 00:28:02,251301663.89776424
2025-01-01 00:28:03,246279801.5537255
2025-01-01 00:28:04,248731471.82085812
2025-01-01 00:28:05,249783692.7021267
2025-01-01 00:28:06,251939292.47417077
2025-01-01 00:28:07,251291653.96471786
2025-01-01 00:28:08,257804717.61395985
2025-01-01 00:28:09,251317701.4024832
2025-01-01 00:28:10,260598100.3231159
2025-01-01 00:28:11,258142617.95402718
2025-01-01 00:28:12,256338409.81924868
2025-01-01 00:28:13,249314841.75666174
2025-01-01 00:28:14,245522126.74068597
2025-01-01 00:28:15,248954255.27746058
2025-01-01 00:28:16,252430287.20019218
2025-01-01 00:28:17,241941401.74752784
2025-01-01 00:28:18,245671559.2958285
2025-01-01 00:28:19,246449563.85086697
2025-01-01 00:28:20,244254584.97753835
2025-01-01 00:28:21,242377781.14618686
2025-01-01 00:28:22,243746665.50121674
2025-01-01 00:28:23,236998266.30412826
2025-01-01 00:28:24,245410998.68894753
2025-01-01 00:28:25,254463337.51561588
2025-01-01 00:28:26,248832524.12939146
2025-01-01 00:28:27,247853073.46873152
2025-01-01 00:28:28,248262180.36923775
2025-01-01 00:28:29,244064160.55289266
2025-01-01 00:28:30,241416900.83275852
2025-01-01 00:28:31,244722659.12447256
2025-01-01 00:28:32,239010301.30393884
2025-01-01 00:28:33,240817762.97963417
2025-01-01 00:28:34,242431664.73584506
2025-01-01 00:28:35,253042348.68740514
2025-01-01 00:28:36,250876621.43641272
2025-01-01 00:28:37,248212027.42744845
2025-01-01 00:28:38,249077532.2844661
2025-01-01 00:28:39,247391513.54352316
2025-01-01 00:28:40,247334765.5650091
2025-01-01 00:28:41,248877456.4861942
2025-01-01 00:28:42,246190985.84589437
2025-01-01 00:28:43,246488992.12231573
2025-01-01 00:28:44,244424116.8643589
2025-01-01 00:28:45,241280219.95827112
2025-01-01 00:28:46,248959476.98558712
2025-01-01 00:28:47,241421662.88686576
2025-01-01 00:28:48,238940603.56728187
2025-01-01 00:28:49,243329290.83052978
2025-01-01 00:28:50,250014542.55939415
2025-01-01 00:28:51,250225530.42158324
2025-01-01 00:28:52,250243181.44866994
2025-01-01 00:28:53,243280316.69083112
2025-01-01 00:28:54,241424641.7181821
2025-01-01 00:28:55,246764994.6901688
2025-01-01 00:28:56,251853004.60301778
2025-01-01 00:28:57,249290344.6099217
2025-01-01 00:28:58,249823932.1983865
2025-01-01 00:28:59,253280940.3387546
2025-01-01 00:29:00,253973733.23700276
2025-01-01 00:29:01,252198984.91131562
2025-01-01 00:29:02,250116474.64435056
2025-01-01 00:29:03,252251039.95427024
2025-01-01 00:29:04,252627757.98393977
2025-01-01 00:29:05,255097401.17608544
2025-01-01 00:29:06,247528146.46391836
2025-01-01 00:29:07,247667533.14341348
2025-01-01 00:29:08,251187493.7742964
2025-01-01 00:29:09,248285115.60751122
2025-01-01 00:29:10,253477402.805584
2025-01-01 00:29:11,248413539.95842928
2025-01-01 00:29:12,248369883.95597836
2025-01-01 00:29:13,246273750.85084668
2025-01-01 00:29:14,248181766.50222948
2025-01-01 00:29:15,250393734.2456925
2025-01-01 00:29:16,249924580.34200582
2025-01-01 00:29:17,246398742.40446943
2025-01-01 00:29:18,247607403.2460456
2025-01-01 00:29:19,250838727.22314847
2025-01-01 00:29:20,250793057.185193
2025-01-01 00:29:21,249283071.42213315
2025-01-01 00:29:22,242451961.96445295
2025-01-01 00:29:23,245761333.61009714
2025-01-01 00:29:24,246851346.00486255
2025-01-01 00:29:25,251467708.05183768
2025-01-01 00:29:26,250159236.01955
2025-01-01 00:29:27,252183178.90096205
2025-01-01 00:29:28,251613875.94792405
2025-01-01 00:29:29,257853775.98354533
2025-01-01 00:29:30,249237858.0196223
2025-01-01 00:29:31,255382395.55187237
2025-01-01 00:29:32,256168671.6923082
2025-01-01 00:29:33,255289029.52979207
2025-01-01 00:29:34,249393393.76018506
2025-01-01 00:29:35,247746726.39360732
2025-01-01 00:29:36,247690759.28966412
2025-01-01 00:29:37,249489451.6042227
2025-01-01 00:29:38,244906903.55946255
2025-01-01 00:29:39,244301346.65767127
2025-01-01 00:29:40,247404429.00306743
2025-01-01 00:29:41,249888806.2087899
2025-01-01 00:29:42,245027909.34002313
2025-01-01 00:29:43,244034189.73654425
2025-01-01 00:29:44,244822279.66344362
2025-01-01 00:29:45,246514068.87387156
2025-01-01 00:29:46,254565272.18114388
2025-01-01 00:29:47,249894118.7003511
2025-01-01 00:29:48,256416355.49244803
2025-01-01 00:29:49,249573879.27572745
2025-01-01 00:29:50,248505249.4480351
2025-01-01 00:29:51,245768603.1528424
2025-01-01 00:29:52,251950418.13362196
2025-01-01 00:29:53,252078555.9494534
2025-01-01 00:29:54,249004783.44254407
2025-01-01 00:29:55,255212669.60360208
2025-01-01 00:29:56,258266648.70671448
2025-01-01 00:29:57,257504271.97231784
2025-01-01 00:29:58,252401805.7690023
2025-01-01 00:29:59,253159086.72141904
2025-01-01 00:30:00,247992169.9478259
2025-01-01 00:30:01,248002853.6325658
2025-01-01 00:30:02,250985062.27788085
2025-01-01 00:30:03,248999303.3615724
2025-01-01 00:30:04,250963649.47279245
2025-01-01 00:30:05,260655241.47355974
2025-01-01 00:30:06,252173953.18803164
2025-01-01 00:30:07,255662836.6086088
2025-01-01 00:30:08,251382278.0483224
2025-01-01 00:30:09,252488567.72162434
2025-01-01 00:30:10,253509024.09765196
2025-01-01 00:30:11,254300430.32231334
2025-01-01 00:30:12,251027902.7953834
2025-01-01 00:30:13,256003882.58789963
2025-01-01 00:30:14,259084777.1521153
2025-01-01 00:30:15,251607842.94614404
2025-01-01 00:30:16,245298449.54697183
2025-01-01 00:30:17,243987297.19387075
2025-01-01 00:30:18,245707197.85358915
2025-01-01 00:30:19,252174110.92332715
2025-01-01 00:30:20,252181896.35212865
2025-01-01 00:30:21,251375991.69974238
2025-01-01 00:30:22,249675602.5589316
2025-01-01 00:30:23,242323991.25845814
2025-01-01 00:30:24,249965409.7449652
2025-01-01 00:30:25,250556722.93747786
2025-01-01 00:30:26,248922789.77999467
2025-01-01 00:30:27,257752016.09826717
2025-01-01 00:30:28,256305000.7576185
2025-01-01 00:30:29,251731598.18263867
2025-01-01 00:30:30,244791698.39866653
2025-01-01 00:30:31,249055893.5402487
2025-01-01 00:30:32,246178238.58926293
2025-01-01 00:30:33,248002510.372301
2025-01-01 00:30:34,248264374.36274546
2025-01-01 00:30:35,255896182.81941238
2025-01-01 00:30:36,247877973.01069123
2025-01-01 00:30:37,251630343.00054824
2025-01-01 00:30:38,250804040.82286215
2025-01-01 00:30:39,251738934.90444335
2025-01-01 00:30:40,250843178.38349035
2025-01-01 00:30:41,247403475.24882692
2025-01-01 00:30:42,249472061.30417317
2025-01-01 00:30:43,249627745.71093997
2025-01-01 00:30:44,249512278.82143667
2025-01-01 00:30:45,247675699.95029908
2025-01-01 00:30:46,251373121.5872922
2025-01-01 00:30:47,252331829.1056621
2025-01-01 00:30:48,250467619.62556547
2025-01-01 00:30:49,254989089.01343203
2025-01-01 00:30:50,259756544.1419215
2025-01-01 00:30:51,256055031.1751649
2025-01-01 00:30:52,252800246.7931242
2025-01-01 00:30:53,257940887.35794413
2025-01-01 00:30:54,257421356.72236237
2025-01-01 00:30:55,251340926.87705332
2025-01-01 00:30:56,249445603.99202964
2025-01-01 00:30:57,253830242.57413808
2025-01-01 00:30:58,252588031.26633438
2025-01-01 00:30:59,254028646.4156502
2025-01-01 00:31:00,252251172.40488362
2025-01-01 00:31:01,247816204.14332247
2025-01-01 00:31:02,252250464.60743353
2025-01-01 00:31:03,249484800.9573334
2025-01-01 00:31:04,249623931.59804425
2025-01-01 00:31:05,256579294.24255508
2025-01-01 00:31:06,251847917.31460017
2025-01-01 00:31:07,253650206.57070637
2025-01-01 00:31:08,258284429.55835226
2025-01-01 00:31:09,253196582.11833256
2025-01-01 00:31:10,257234177.94859233
2025-01-01 00:31:11,257853652.33198127
2025-01-01 00:31:12,255031543.65743876
2025-01-01 00:31:13,259262256.5866577
2025-01-01 00:31:14,259006882.85848764
2025-01-01 00:31:15,255116721.80804998
2025-01-01 00:31:16,254383280.17397544
2025-01-01 00:31:17,252036411.68701825
2025-01-01 00:31:18,249609849.08529872
2025-01-01 00:31:19,258552240.1653875
2025-01-01 00:31:20,251649171.25019884
2025-01-01 00:31:21,253835821.21249446
2025-01-01 00:31:22,254405298.73804006
2025-01-01 00:31:23,255742464.51139835
2025-01-01 00:31:24,257241550.59644637
2025-01-01 00:31:25,250127120.33422986
2025-01-01 00:31:26,255425374.15357172
2025-01-01 00:31:27,259317397.01399556
2025-01-01 00:31:28,251232181.32339117
2025-01-01 00:31:29,254341360.16055527
2025-01-01 00:31:30,253165353.7837178
2025-01-01 00:31:31,256280990.16527313
2025-01-01 00:31:32,259738210.27210397
2025-01-01 00:31:33,255161896.16058773
2025-01-01 00:31:34,254930656.17104322
2025-01-01 00:31:35,255552958.78936931
2025-01-01 00:31:36,260304525.13719866
2025-01-01 00:31:37,255318455.6683286
2025-01-01 00:31:38,255944429.39371994
2025-01-01 00:31:39,247663399.96742228
2025-01-01 00:31:40,249677057.7135221
2025-01-01 00:31:41,248064829.7304906
2025-01-01 00:31:42,245170065.8100608
2025-01-01 00:31:43,248944790.66030952
2025-01-01 00:31:44,246129520.3015129
2025-01-01 00:31:45,240745902.26993406
2025-01-01 00:31:46,245496576.46776175
2025-01-01 00:31:47,250712236.56732354
2025-01-01 00:31:48,251045635.22693616
2025-01-01 00:31:49,243486160.13934997
2025-01-01 00:31:50,246503095.1945805
2025-01-01 00:31:51,249344469.13126248
2025-01-01 00:31:52,246782359.6256044
2025-01-01 00:31:53,252850106.66734752
2025-01-01 00:31:54,250274474.8043965
2025-01-01 00:31:55,252993716.71717563
2025-01-01 00:31:56,255681353.1258199
2025-01-01 00:31:57,257535443.935662
2025-01-01 00:31:58,258279391.63025483
2025-01-01 00:31:59,254247312.48530906
2025-01-01 00:32:00,252804147.90098393
2025-01-01 00:32:01,254446283.63522044
2025-01-01 00:32:02,251661119.91968545
2025-01-01 00:32:03,252213836.28028524
2025-01-01 00:32:04,252214392.836192
2025-01-01 00:32:05,252323904.9949948
2025-01-01 00:32:06,246904286.5304509
2025-01-01 00:32:07,250967323.7581319
2025-01-01 00:32:08,250726337.68771675
2025-01-01 00:32:09,251898459.50690368
2025-01-01 00:32:10,253175232.5648913
2025-01-01 00:32:11,245873454.85323748
2025-01-01 00:32:12,248109268.30599374
2025-01-01 00:32:13,252851900.2915691
2025-01-01 00:32:14,250034397.60883474
2025-01-01 00:32:15,248274137.3079484
2025-01-01 00:32:16,248024199.69522727
2025-01-01 00:32:17,248878284.58953708
2025-01-01 00:32:18,259201615.42477536
2025-01-01 00:32:19,248971429.36793944
2025-01-01 00:32:20,247845002.05197537
2025-01-01 00:32:21,245838721.05492082
2025-01-01 00:32:22,251574916.88326308
2025-01-01 00:32:23,253077732.4718015
2025-01-01 00:32:24,253940765.90036547
2025-01-01 00:32:25,251136987.18856767
2025-01-01 00:32:26,252020539.9007059
2025-01-01 00:32:27,253511352.289529
2025-01-01 00:32:28,253932408.84113812
2025-01-01 00:32:29,256902563.32092077
2025-01-01 00:32:30,257533707.13372216
2025-01-01 00:32:31,257995362.3046381
2025-01-01 00:32:32,256032434.8671552
2025-01-01 00:32:33,251228486.6108971
2025-01-01 00:32:34,253925462.73416248
2025-01-01 00:32:35,253655266.45555657
2025-01-01 00:32:36,252727491.31301725
2025-01-01 00:32:37,245647243.49422476
2025-01-01 00:32:38,249141655.28430748
2025-01-01 00:32:39,253827066.1347915
2025-01-01 00:32:40,256152473.37671962
2025-01-01 00:32:41,259309245.50864074
2025-01-01 00:32:42,259032021.18075204
2025-01-01 00:32:43,256324697.92221263
2025-01-01 00:32:44,257285642.0566045
2025-01-01 00:32:45,248525987.14289752
2025-01-01 00:32:46,249149353.44564447
2025-01-01 00:32:47,250427253.43100756
2025-01-01 00:32:48,251096823.90075567
2025-01-01 00:32:49,247359992.16702476
2025-01-01 00:32:50,248308217.3216044
2025-01-01 00:32:51,238253144.0376274
2025-01-01 00:32:52,242497811.12518486
2025-01-01 00:32:53,244578154.6913222
2025-01-01 00:32:54,248770135.2552822
2025-01-01 00:32:55,253363594.38262662
2025-01-01 00:32:56,253401458.97459933
2025-01-01 00:32:57,247886508.7897916
2025-01-01 00:32:58,249990607.93900388
2025-01-01 00:32:59,247719192.33390373
2025-01-01 00:33:00,245065551.8515955
2025-01-01 00:33:01,254986425.8711764
2025-01-01 00:33:02,256487625.38544226
2025-01-01 00:33:03,251439799.57251576
2025-01-01 00:33:04,255554653.7111054
2025-01-01 00:33:05,249787884.2539676
2025-01-01 00:33:06,253603602.30308425
2025-01-01 00:33:07,255191250.77022454
2025-01-01 00:33:08,251369806.26233163
2025-01-01 00:33:09,249183281.3852898
2025-01-01 00:33:10,249762060.90694177
2025-01-01 00:33:11,249912258.78629348
2025-01-01 00:33:12,250365853.84532008
2025-01-01 00:33:13,253867769.72432154
2025-01-01 00:33:14,259093492.0556274
2025-01-01 00:33:15,257451387.90116197
2025-01-01 00:33:16,260483905.55763763
2025-01-01 00:33:17,258686073.89733008
2025-01-01 00:33:18,257559849.40934786
2025-01-01 00:33:19,255558079.71419245
2025-01-01 00:33:20,252059698.40191936
2025-01-01 00:33:21,251037385.19193393
2025-01-01 00:33:22,249139239.6407532
2025-01-01 00:33:23,250557695.50640434
2025-01-01 00:33:24,252998786.05526736
2025-01-01 00:33:25,241536299.26693156
2025-01-01 00:33:26,253032916.79111135
2025-01-01 00:33:27,248526859.58557323
2025-01-01 00:33:28,250471486.76602682
2025-01-01 00:33:29,244796608.05340883
2025-01-01 00:33:30,245657016.62863195
2025-01-01 00:33:31,247918580.22501993
2025-01-01 00:33:32,248001010.61776832
2025-01-01 00:33:33,252691133.3842745
2025-01-01 00:33:34,255568145.26166454
2025-01-01 00:33:35,253681116.55747545
2025-01-01 00:33:36,248948801.4919093
2025-01-01 00:33:37,251463007.34216946
2025-01-01 00:33:38,256407617.10974085
2025-01-01 00:33:39,250791116.2488117
2025-01-01 00:33:40,253584239.20435417
2025-01-01 00:33:41,243760007.93047386
2025-01-01 00:33:42,247363374.8821071
2025-01-01 00:33:43,250588126.46109572
2025-01-01 00:33:44,244475348.6701916
2025-01-01 00:33:45,250222422.1438196
2025-01-01 00:33:46,251771215.49368075
2025-01-01 00:33:47,249078564.5166634
2025-01-01 00:33:48,249648674.29904824
2025-01-01 00:33:49,246755078.10159478
2025-01-01 00:33:50,248788473.9276692
2025-01-01 00:33:51,248740822.23707
2025-01-01 00:33:52,248616983.3813883
2025-01-01 00:33:53,250190414.42345133
2025-01-01 00:33:54,247630450.04018295
2025-01-01 00:33:55,249582443.57605916
2025-01-01 00:33:56,253684868.59855103
2025-01-01 00:33:57,253080687.58137825
2025-01-01 00:33:58,251185193.34753546
2025-01-01 00:33:59,254230644.72298437
2025-01-01 00:34:00,253581729.55504733
2025-01-01 00:34:01,257078167.50439498
2025-01-01 00:34:02,257373158.214436
2025-01-01 00:34:03,249486542.5703938
2025-01-01 00:34:04,252910041.74333966
2025-01-01 00:34:05,250354536.98047605
2025-01-01 00:34:06,249483374.32149902
2025-01-01 00:34:07,252192761.0041721
2025-01-01 00:34:08,251891372.4928184
2025-01-01 00:34:09,250639757.35215035
2025-01-01 00:34:10,254862535.8489162
2025-01-01 00:34:11,248388187.19583923
2025-01-01 00:34:12,245964527.52049845
2025-01-01 00:34:13,255657133.87127197
2025-01-01 00:34:14,255900098.01530367
2025-01-01 00:34:15,256911126.52017546
2025-01-01 00:34:16,252217545.32800743
2025-01-01 00:34:17,246035076.9364986
2025-01-01 00:34:18,247776042.13802123
2025-01-01 00:34:19,249576058.38042173
2025-01-01 00:34:20,252977578.35136417
2025-01-01 00:34:21,253740170.68938157
2025-01-01 00:34:22,254452308.39645773
2025-01-01 00:34:23,257551500.1711965
2025-01-01 00:34:24,260019982.84807906
2025-01-01 00:34:25,262967575.2742055
2025-01-01 00:34:26,261929434.51969177
2025-01-01 00:34:27,256655637.35594377
2025-01-01 00:34:28,251242651.28906927
2025-01-01 00:34:29,249674391.15251362
2025-01-01 00:34:30,250567023.56104323
2025-01-01 00:34:31,253250535.5390713
2025-01-01 00:34:32,250302871.47075295
2025-01-01 00:34:33,247828295.0960488
2025-01-01 00:34:34,247560080.61725244
2025-01-01 00:34:35,248754328.07326207
2025-01-01 00:34:36,255675761.64829916
2025-01-01 00:34:37,252052816.2901369
2025-01-01 00:34:38,245108429.93362302
2025-01-01 00:34:39,248700869.23910275
2025-01-01 00:34:40,249758843.01863107
2025-01-01 00:34:41,249167998.29396087
2025-01-01 00:34:42,246916386.31992328
2025-01-01 00:34:43,244988790.65523943
2025-01-01 00:34:44,244882784.28539935
2025-01-01 00:34:45,254818791.82453167
2025-01-01 00:34:46,253871864.57226244
2025-01-01 00:34:47,253634937.66151258
2025-01-01 00:34:48,259006025.0029619
2025-01-01 00:34:49,250768271.9076065
2025-01-01 00:34:50,251045396.0933751
2025-01-01 00:34:51,254744830.91982076
2025-01-01 00:34:52,251815567.60091007
2025-01-01 00:34:53,250010030.5253377
2025-01-01 00:34:54,255877482.59414092
2025-01-01 00:34:55,251395597.90778458
2025-01-01 00:34:56,254830365.51453778
2025-01-01 00:34:57,249789158.26887852
2025-01-01 00:34:58,253603605.44283277
2025-01-01 00:34:59,247439719.43990755
2025-01-01 00:35:00,243342252.90727362
2025-01-01 00:35:01,242522000.06902468
2025-01-01 00:35:02,247928227.67925692
2025-01-01 00:35:03,253772869.68567523
2025-01-01 00:35:04,253589137.38371393
2025-01-01 00:35:05,252946178.0405345
2025-01-01 00:35:06,255559571.08631173
2025-01-01 00:35:07,252548802.5250511
2025-01-01 00:35:08,248987748.03620428
2025-01-01 00:35:09,252887179.55049697
2025-01-01 00:35:10,252838890.60857654
2025-01-01 00:35:11,256301739.2515453
2025-01-01 00:35:12,259501387.69004434
2025-01-01 00:35:13,259476532.76962546
2025-01-01 00:35:14,261735924.06212902
2025-01-01 00:35:15,261010201.99904543
2025-01-01 00:35:16,260077974.42956644
2025-01-01 00:35:17,256990276.86382395
2025-01-01 00:35:18,252872036.21088338
2025-01-01 00:35:19,256183577.33366975
2025-01-01 00:35:20,256900571.90746164
2025-01-01 00:35:21,253226835.70413482
2025-01-01 00:35:22,251476013.92096204
2025-01-01 00:35:23,254445580.84060282
2025-01-01 00:35:24,253800950.6921135
2025-01-01 00:35:25,253194064.10468763
2025-01-01 00:35:26,251636514.31033212
2025-01-01 00:35:27,258680982.85979295
2025-01-01 00:35:28,257397732.1396751
2025-01-01 00:35:29,247236318.55700114
2025-01-01 00:35:30,252330734.42798287
2025-01-01 00:35:31,246338541.23648643
2025-01-01 00:35:32,246746788.22868645
2025-01-01 00:35:33,245361894.58077478
2025-01-01 00:35:34,244592679.67368668
2025-01-01 00:35:35,251476223.32749596
2025-01-01 00:35:36,246576002.64468876
2025-01-01 00:35:37,247598408.42844096
2025-01-01 00:35:38,247463295.64403003
2025-01-01 00:35:39,243782229.5857691
2025-01-01 00:35:40,247855846.97679177
2025-01-01 00:35:41,250495454.9701829
2025-01-01 00:35:42,247934126.7646778
2025-01-01 00:35:43,247970074.41072628
2025-01-01 00:35:44,250559721.2717207
2025-01-01 00:35:45,251201306.41667083
2025-01-01 00:35:46,250917497.91709843
2025-01-01 00:35:47,251007752.74471653
2025-01-01 00:35:48,243358732.40361843
2025-01-01 00:35:49,248756695.82546788
2025-01-01 00:35:50,252374188.6278226
2025-01-01 00:35:51,250909438.64816153
2025-01-01 00:35:52,248841386.02426583
2025-01-01 00:35:53,255080945.33835447
2025-01-01 00:35:54,257092006.41952157
2025-01-01 00:35:55,254493287.17541403
2025-01-01 00:35:56,255477235.83312246
2025-01-01 00:35:57,256114314.17839822
2025-01-01 00:35:58,255519380.48321018
2025-01-01 00:35:59,250051454.18024084
2025-01-01 00:36:00,252726105.3472389
2025-01-01 00:36:01,255997036.03863236
2025-01-01 00:36:02,253184407.95495552
2025-01-01 00:36:03,252200955.03757375
2025-01-01 00:36:04,250825700.95181608
2025-01-01 00:36:05,254198950.4154726
2025-01-01 00:36:06,244917553.08635765
2025-01-01 00:36:07,247144709.34814563
2025-01-01 00:36:08,255012185.74321455
2025-01-01 00:36:09,255545799.71843714
2025-01-01 00:36:10,247776965.4528206
2025-01-01 00:36:11,251706833.89917803
2025-01-01 00:36:12,250505472.43447772
2025-01-01 00:36:13,250210650.8733996
2025-01-01 00:36:14,249311803.1249528
2025-01-01 00:36:15,246093558.93746442
2025-01-01 00:36:16,252498905.98675075
2025-01-01 00:36:17,249844251.4760359
2025-01-01 00:36:18,252725963.3321164
2025-01-01 00:36:19,245403405.15320668
2025-01-01 00:36:20,249500877.94447428
2025-01-01 00:36:21,249726658.97924706
2025-01-01 00:36:22,251675607.1878808
2025-01-01 00:36:23,253618754.12563995
2025-01-01 00:36:24,260386752.31506795
2025-01-01 00:36:25,256701401.2413356
2025-01-01 00:36:26,248817208.17062888
2025-01-01 00:36:27,258477654.47240454
2025-01-01 00:36:28,258162552.5751774
2025-01-01 00:36:29,261618968.10126427
2025-01-01 00:36:30,257992132.24821597
2025-01-01 00:36:31,255484974.07847527
2025-01-01 00:36:32,253167970.0254167
2025-01-01 00:36:33,256109546.7246673
2025-01-01 00:36:34,255774002.8425919
2025-01-01 00:36:35,251861735.22818354
2025-01-01 00:36:36,253320725.95943055
2025-01-01 00:36:37,257112925.23403654
2025-01-01 00:36:38,256034088.2113901
2025-01-01 00:36:39,252226531.49921417
2025-01-01 00:36:40,248488196.77779374
2025-01-01 00:36:41,248371684.43618247
2025-01-01 00:36:42,248813163.5858872
2025-01-01 00:36:43,252646065.28758532
2025-01-01 00:36:44,254676950.24031308
2025-01-01 00:36:45,258418099.18023863
2025-01-01 00:36:46,260099201.5727802
2025-01-01 00:36:47,255974367.27484545
2025-01-01 00:36:48,246538328.11200345
2025-01-01 00:36:49,252201869.2475458
2025-01-01 00:36:50,257201433.92832005
2025-01-01 00:36:51,257385377.9701617
2025-01-01 00:36:52,258170425.67054886
2025-01-01 00:36:53,252920645.88501945
2025-01-01 00:36:54,253446602.92965227
2025-01-01 00:36:55,246403137.12410533
2025-01-01 00:36:56,252031585.03012946
2025-01-01 00:36:57,248088891.41694364
2025-01-01 00:36:58,256672900.38069722
2025-01-01 00:36:59,251836100.52044922
2025-01-01 00:37:00,252860272.16137064
2025-01-01 00:37:01,254933841.359762
2025-01-01 00:37:02,255328637.67826167
2025-01-01 00:37:03,250278920.67694074
2025-01-01 00:37:04,253013716.18363872
2025-01-01 00:37:05,256708039.6423762
2025-01-01 00:37:06,256421841.52515757
2025-01-01 00:37:07,253914458.09396282
2025-01-01 00:37:08,250449307.8207347
2025-01-01 00:37:09,251735185.18856964
2025-01-01 00:37:10,247292234.5852776
2025-01-01 00:37:11,246745217.1536006
2025-01-01 00:37:12,252822094.60695094
2025-01-01 00:37:13,252201844.0923971
2025-01-01 00:37:14,263715169.09229422
2025-01-01 00:37:15,259906848.8231719
2025-01-01 00:37:16,260017256.34198102
2025-01-01 00:37:17,256090416.8637626
2025-01-01 00:37:18,259770129.0562286
2025-01-01 00:37:19,258438870.71489006
2025-01-01 00:37:20,254757088.38660693
2025-01-01 00:37:21,251885999.00544477
2025-01-01 00:37:22,255846101.73532337
2025-01-01 00:37:23,260459319.68434387
2025-01-01 00:37:24,256305686.42156005
2025-01-01 00:37:25,251204319.14197296
2025-01-01 00:37:26,253824525.08201277
2025-01-01 00:37:27,253939342.8337944
2025-01-01 00:37:28,252900062.5979138
2025-01-01 00:37:29,251138021.47793466
2025-01-01 00:37:30,250408035.35841405
2025-01-01 00:37:31,252990477.91816428
2025-01-01 00:37:32,253853676.81485194
2025-01-01 00:37:33,251048113.14596054
2025-01-01 00:37:34,249746561.71074322
2025-01-01 00:37:35,254917884.38052118
2025-01-01 00:37:36,255637672.30529356
2025-01-01 00:37:37,255710751.02081203
2025-01-01 00:37:38,257086196.75037244
2025-01-01 00:37:39,254942848.21341354
2025-01-01 00:37:40,250713253.8444571
2025-01-01 00:37:41,251292084.0479028
2025-01-01 00:37:42,256168275.53264874
2025-01-01 00:37:43,246140896.27979183
2025-01-01 00:37:44,241556989.67772558
2025-01-01 00:37:45,251110774.72712168
2025-01-01 00:37:46,256156211.74450463
2025-01-01 00:37:47,260924685.53667095
2025-01-01 00:37:48,263571986.06138444
2025-01-01 00:37:49,261648411.83201042
2025-01-01 00:37:50,259716830.91883823
2025-01-01 00:37:51,253744757.21317366
2025-01-01 00:37:52,247944938.3986621
2025-01-01 00:37:53,245279065.7212472
2025-01-01 00:37:54,250068087.6234451
2025-01-01 00:37:55,249035622.27444264
2025-01-01 00:37:56,251931582.5164217
2025-01-01 00:37:57,255256203.03105462
2025-01-01 00:37:58,252415985.9082256
2025-01-01 00:37:59,248261599.86322817
2025-01-01 00:38:00,250934580.02839997
2025-01-01 00:38:01,245656800.6399916
2025-01-01 00:38:02,247305569.66589576
2025-01-01 00:38:03,254789881.79746693
2025-01-01 00:38:04,249698697.32382312
2025-01-01 00:38:05,245587803.64117682
2025-01-01 00:38:06,244147103.72247237
2025-01-01 00:38:07,242440004.6568071
2025-01-01 00:38:08,250144252.8084999
2025-01-01 00:38:09,251538163.07327634
2025-01-01 00:38:10,251631891.7028657
2025-01-01 00:38:11,255979701.5835684
2025-01-01 00:38:12,254664018.6755303
2025-01-01 00:38:13,252852743.6985596
2025-01-01 00:38:14,246071421.6644128
2025-01-01 00:38:15,242463937.0174009
2025-01-01 00:38:16,249389985.5155605
2025-01-01 00:38:17,245598760.12292033
2025-01-01 00:38:18,250394062.6115932
2025-01-01 00:38:19,247019862.8409739
2025-01-01 00:38:20,247355204.6276991
2025-01-01 00:38:21,252028828.85363805
2025-01-01 00:38:22,252660450.20029104
2025-01-01 00:38:23,249645864.98006156
2025-01-01 00:38:24,255695758.9786448
2025-01-01 00:38:25,252685267.89547467
2025-01-01 00:38:26,250505009.85151756
2025-01-01 00:38:27,246941659.1718732
2025-01-01 00:38:28,244460345.7500534
2025-01-01 00:38:29,245426291.9619191
2025-01-01 00:38:30,247840918.69335496
2025-01-01 00:38:31,246625881.8817805
2025-01-01 00:38:32,246298340.09941125
2025-01-01 00:38:33,250633551.10117847
2025-01-01 00:38:34,250717315.4684806
2025-01-01 00:38:35,246327236.1395202
2025-01-01 00:38:36,248662253.50383183
2025-01-01 00:38:37,243920295.9296581
2025-01-01 00:38:38,247492722.08756384
2025-01-01 00:38:39,244827841.7177571
2025-01-01 00:38:40,244710287.68343967
2025-01-01 00:38:41,246137314.43229517
2025-01-01 00:38:42,247066047.2315758
2025-01-01 00:38:43,246443695.32519796
2025-01-01 00:38:44,250290645.59300333
2025-01-01 00:38:45,251177532.80234593
2025-01-01 00:38:46,251132043.15477195
2025-01-01 00:38:47,250692623.1670209
2025-01-01 00:38:48,253368915.84447312
2025-01-01 00:38:49,254483540.66210186
2025-01-01 00:38:50,249296857.80546924
2025-01-01 00:38:51,251596883.45170298
2025-01-01 00:38:52,252629021.488171
2025-01-01 00:38:53,256392847.85351992
2025-01-01 00:38:54,255179904.27860287
2025-01-01 00:38:55,248680853.12070343
2025-01-01 00:38:56,251562868.2579886
2025-01-01 00:38:57,254989336.6246306
2025-01-01 00:38:58,250754704.69243965
2025-01-01 00:38:59,253331260.8240385
2025-01-01 00:39:00,252791606.1255173
2025-01-01 00:39:01,254546278.9331723
2025-01-01 00:39:02,257084463.40258843
2025-01-01 00:39:03,252264656.9425151
2025-01-01 00:39:04,259045023.19759604
2025-01-01 00:39:05,248341143.17973262
2025-01-01 00:39:06,249230138.02053174
2025-01-01 00:39:07,251709121.50328013
2025-01-01 00:39:08,248688287.30586985
2025-01-01 00:39:09,251143201.1902125
2025-01-01 00:39:10,251575705.71122324
2025-01-01 00:39:11,249084564.01655984
2025-01-01 00:39:12,242759940.0168142
2025-01-01 00:39:13,246427884.14617917
2025-01-01 00:39:14,247552331.36225298
2025-01-01 00:39:15,250301624.33637407
2025-01-01 00:39:16,250855600.99722397
2025-01-01 00:39:17,248692946.8429621
2025-01-01 00:39:18,250938225.829766
2025-01-01 00:39:19,250960996.9144676
2025-01-01 00:39:20,254565479.69921166
2025-01-01 00:39:21,254706603.48955563
2025-01-01 00:39:22,245231203.96872354
2025-01-01 00:39:23,245085652.41022962
2025-01-01 00:39:24,247328104.55728123
2025-01-01 00:39:25,249327626.02305683
2025-01-01 00:39:26,250771721.6861115
2025-01-01 00:39:27,247978621.15703312
2025-01-01 00:39:28,245784595.52968344
2025-01-01 00:39:29,243005712.44548473
2025-01-01 00:39:30,243272876.91032597
2025-01-01 00:39:31,247821056.2786271
2025-01-01 00:39:32,258110320.37031147
2025-01-01 00:39:33,252073809.5264178
2025-01-01 00:39:34,255910535.54741573
2025-01-01 00:39:35,252013445.9513001
2025-01-01 00:39:36,256664215.18047535
2025-01-01 00:39:37,256663937.13491744
2025-01-01 00:39:38,250747463.33292568
2025-01-01 00:39:39,245387004.74278358
2025-01-01 00:39:40,248629530.96166712
2025-01-01 00:39:41,249305074.25691348
2025-01-01 00:39:42,248538284.2515378
2025-01-01 00:39:43,247601307.1124785
2025-01-01 00:39:44,243951593.91394508
2025-01-01 00:39:45,250483697.36584482
2025-01-01 00:39:46,246464077.0648384
2025-01-01 00:39:47,254799492.0702049
2025-01-01 00:39:48,249034778.15550515
2025-01-01 00:39:49,239138823.5152067
2025-01-01 00:39:50,246236181.37720996
2025-01-01 00:39:51,240639227.17229798
2025-01-01 00:39:52,240413456.7687206
2025-01-01 00:39:53,232640867.88292754
2025-01-01 00:39:54,233582000.45029342
2025-01-01 00:39:55,233606858.63093522
2025-01-01 00:39:56,236656790.83529812
2025-01-01 00:39:57,244083638.79592797
2025-01-01 00:39:58,247206051.5919211
2025-01-01 00:39:59,245153789.88013026
2025-01-01 00:40:00,236149135.50142366
2025-01-01 00:40:01,234858747.46106857
2025-01-01 00:40:02,239198337.91941893
2025-01-01 00:40:03,244238380.39924294
2025-01-01 00:40:04,253797810.80940166
2025-01-01 00:40:05,254586524.37885213
2025-01-01 00:40:06,255663659.64327043
2025-01-01 00:40:07,248973245.2192643
2025-01-01 00:40:08,240940132.2967051
2025-01-01 00:40:09,251331881.51605055
2025-01-01 00:40:10,255056512.7763457
2025-01-01 00:40:11,250670722.82327536
2025-01-01 00:40:12,250146970.39107615
2025-01-01 00:40:13,249444612.15344837
2025-01-01 00:40:14,250061621.18631393
2025-01-01 00:40:15,253743552.54785088
2025-01-01 00:40:16,252013050.31388393
2025-01-01 00:40:17,249468971.69509247
2025-01-01 00:40:18,245836744.61041754
2025-01-01 00:40:19,249975300.12926155
2025-01-01 00:40:20,251442070.05717453
2025-01-01 00:40:21,254768222.4537748
2025-01-01 00:40:22,250802377.79046866
2025-01-01 00:40:23,251951514.58598456
2025-01-01 00:40:24,253167217.58543098
2025-01-01 00:40:25,248572720.25136173
2025-01-01 00:40:26,250631529.20058155
2025-01-01 00:40:27,249822547.6356929
2025-01-01 00:40:28,247859026.7057184
2025-01-01 00:40:29,245792425.1340969
2025-01-01 00:40:30,246709424.6462193
2025-01-01 00:40:31,241172435.79081878
2025-01-01 00:40:32,241133889.83668482
2025-01-01 00:40:33,242058897.82952592
2025-01-01 00:40:34,243497261.98401642
2025-01-01 00:40:35,244400111.70063463
2025-01-01 00:40:36,248821884.1450116
2025-01-01 00:40:37,253120192.0496892
2025-01-01 00:40:38,254438409.10602695
2025-01-01 00:40:39,251027639.62115115
2025-01-01 00:40:40,258915639.3437961
2025-01-01 00:40:41,260333297.6600086
2025-01-01 00:40:42,256021344.05533344
2025-01-01 00:40:43,251977459.96019238
2025-01-01 00:40:44,251387555.4302276
2025-01-01 00:40:45,250676492.58356777
2025-01-01 00:40:46,250019411.18172818
2025-01-01 00:40:47,253649332.51288268
2025-01-01 00:40:48,255337237.52903235
2025-01-01 00:40:49,255900232.72641066
2025-01-01 00:40:50,255140243.23468402
2025-01-01 00:40:51,248844552.75396523
2025-01-01 00:40:52,254273570.8233704
2025-01-01 00:40:53,252736732.1796519
2025-01-01 00:40:54,247141166.70329577
2025-01-01 00:40:55,259599594.56833485
2025-01-01 00:40:56,253562868.58523664
2025-01-01 00:40:57,253760279.7270288
2025-01-01 00:40:58,249636737.74930203
2025-01-01 00:40:59,248600914.99498457
2025-01-01 00:41:00,252611594.05980653
2025-01-01 00:41:01,253675790.5809586
2025-01-01 00:41:02,255745308.00072762
2025-01-01 00:41:03,256407348.11907896
2025-01-01 00:41:04,260441290.91165677
2025-01-01 00:41:05,260387471.57629088
2025-01-01 00:41:06,257170257.5417994
2025-01-01 00:41:07,258429461.72935307
2025-01-01 00:41:08,260962254.3860137
2025-01-01 00:41:09,254717058.73621112
2025-01-01 00:41:10,251900988.56963596
2025-01-01 00:41:11,255078571.46118522
2025-01-01 00:41:12,252357686.74694508
2025-01-01 00:41:13,259019301.1427832
2025-01-01 00:41:14,256172468.09663537
2025-01-01 00:41:15,256441263.45454606
2025-01-01 00:41:16,260089983.25504535
2025-01-01 00:41:17,256320982.6098255
2025-01-01 00:41:18,254468794.0324684
2025-01-01 00:41:19,256744567.63469926
2025-01-01 00:41:20,253457057.07681054
2025-01-01 00:41:21,257218483.078992
2025-01-01 00:41:22,256180305.5778578
2025-01-01 00:41:23,255059145.06613818
2025-01-01 00:41:24,250198724.02389273
2025-01-01 00:41:25,250530007.26757956
2025-01-01 00:41:26,255586772.21292737
2025-01-01 00:41:27,258315425.18902823
2025-01-01 00:41:28,266061663.9303935
2025-01-01 00:41:29,258625985.78145662
2025-01-01 00:41:30,258513984.0920856
2025-01-01 00:41:31,259353159.7873066
2025-01-01 00:41:32,255799528.76359358
2025-01-01 00:41:33,256946447.87455308
2025-01-01 00:41:34,252327179.7566226
2025-01-01 00:41:35,247189760.42997974
2025-01-01 00:41:36,245190383.63835943
2025-01-01 00:41:37,251692622.62920848
2025-01-01 00:41:38,253965371.06239793
2025-01-01 00:41:39,256361158.32447785
2025-01-01 00:41:40,257291531.61220893
2025-01-01 00:41:41,257197684.82591417
2025-01-01 00:41:42,256910283.17576957
2025-01-01 00:41:43,254295481.12074554
2025-01-01 00:41:44,261367507.5768556
2025-01-01 00:41:45,261223509.3546201
2025-01-01 00:41:46,258304603.88890925
2025-01-01 00:41:47,258944805.15928036
2025-01-01 00:41:48,257242018.72169533
2025-01-01 00:41:49,254515982.9799186
2025-01-01 00:41:50,251824328.1907462
2025-01-01 00:41:51,258657234.36559802
2025-01-01 00:41:52,262942202.683706
2025-01-01 00:41:53,257320079.6157971
2025-01-01 00:41:54,252537479.09641153
2025-01-01 00:41:55,253530951.9742991
2025-01-01 00:41:56,253569344.01941088
2025-01-01 00:41:57,254383336.94931635
2025-01-01 00:41:58,257218600.50114492
2025-01-01 00:41:59,250318174.1057756
2025-01-01 00:42:00,251481207.3139151
2025-01-01 00:42:01,250566846.5963563
2025-01-01 00:42:02,249922113.44787848
2025-01-01 00:42:03,258832987.1856763
2025-01-01 00:42:04,254854034.78501803
2025-01-01 00:42:05,257794171.03752986
2025-01-01 00:42:06,251512894.11948892
2025-01-01 00:42:07,255537599.02843693
2025-01-01 00:42:08,262259407.4714325
2025-01-01 00:42:09,256233462.70012552
2025-01-01 00:42:10,255592528.77111885
2025-01-01 00:42:11,259356109.01156723
2025-01-01 00:42:12,255851640.50874573
2025-01-01 00:42:13,264538208.3839604
2025-01-01 00:42:14,263716242.636679
2025-01-01 00:42:15,261624834.55236724
2025-01-01 00:42:16,255648195.4432211
2025-01-01 00:42:17,264902933.18644127
2025-01-01 00:42:18,260744770.22780046
2025-01-01 00:42:19,259407421.15887088
2025-01-01 00:42:20,259897597.46789923
2025-01-01 00:42:21,258083382.08616215
2025-01-01 00:42:22,254214826.8070923
2025-01-01 00:42:23,253890751.29366666
2025-01-01 00:42:24,258656592.41816956
2025-01-01 00:42:25,258266826.843334
2025-01-01 00:42:26,254705366.71480885
2025-01-01 00:42:27,251433620.2767049
2025-01-01 00:42:28,252233049.8297979
2025-01-01 00:42:29,254933097.87726048
2025-01-01 00:42:30,260014689.4376362
2025-01-01 00:42:31,260976897.9296914
2025-01-01 00:42:32,253877387.21614504
2025-01-01 00:42:33,248150914.60305986
2025-01-01 00:42:34,250944931.60504407
2025-01-01 00:42:35,258520475.4900883
2025-01-01 00:42:36,256826271.43809897
2025-01-01 00:42:37,254698155.58812207
2025-01-01 00:42:38,252319387.1279159
2025-01-01 00:42:39,251706133.8672129
2025-01-01 00:42:40,249600535.50171688
2025-01-01 00:42:41,252490738.73364204
2025-01-01 00:42:42,252235844.40382683
2025-01-01 00:42:43,253401154.93870872
2025-01-01 00:42:44,257383989.42866752
2025-01-01 00:42:45,251375067.95108446
2025-01-01 00:42:46,257029820.61435795
2025-01-01 00:42:47,254069179.4939562
2025-01-01 00:42:48,258038859.02218553
2025-01-01 00:42:49,252941574.0335935
2025-01-01 00:42:50,248260573.2704028
2025-01-01 00:42:51,253639139.05378696
2025-01-01 00:42:52,259157375.70327702
2025-01-01 00:42:53,253207232.0053794
2025-01-01 00:42:54,258953097.3952701
2025-01-01 00:42:55,250625476.9717757
2025-01-01 00:42:56,251684589.67993912
2025-01-01 00:42:57,251212042.1159325
2025-01-01 00:42:58,256202549.11809433
2025-01-01 00:42:59,258238516.88288915
2025-01-01 00:43:00,257301742.516398
2025-01-01 00:43:01,253778801.80861485
2025-01-01 00:43:02,256791976.86509907
2025-01-01 00:43:03,255203311.6045236
2025-01-01 00:43:04,255601579.70648196
2025-01-01 00:43:05,255161879.50679386
2025-01-01 00:43:06,255785312.22173887
2025-01-01 00:43:07,253389221.56331545
2025-01-01 00:43:08,256213711.38729227
2025-01-01 00:43:09,255624313.4239685
2025-01-01 00:43:10,248963784.37639123
2025-01-01 00:43:11,249788487.63933137
2025-01-01 00:43:12,252941072.68788958
2025-01-01 00:43:13,250779894.67901942
2025-01-01 00:43:14,250764062.65294918
2025-01-01 00:43:15,254082623.25272882
2025-01-01 00:43:16,253204563.039445
2025-01-01 00:43:17,260738733.54678655
2025-01-01 00:43:18,253390823.05477813
2025-01-01 00:43:19,247485101.47217393
2025-01-01 00:43:20,246837995.0115086
2025-01-01 00:43:21,257362283.0209406
2025-01-01 00:43:22,263634643.53017616
2025-01-01 00:43:23,252136813.51994863
2025-01-01 00:43:24,249957865.6705071
2025-01-01 00:43:25,251451961.99401334
2025-01-01 00:43:26,258408322.3206753
2025-01-01 00:43:27,252608799.6279889
2025-01-01 00:43:28,251568209.48207086
2025-01-01 00:43:29,250288463.03453383
2025-01-01 00:43:30,247731974.14571723
2025-01-01 00:43:31,248610226.41505134
2025-01-01 00:43:32,247043459.9184987
2025-01-01 00:43:33,256248708.56051302
2025-01-01 00:43:34,257383840.76936063
2025-01-01 00:43:35,251433601.56893414
2025-01-01 00:43:36,257489245.54807672
2025-01-01 00:43:37,252595631.509766
2025-01-01 00:43:38,253925587.78955072
2025-01-01 00:43:39,257291141.932526
2025-01-01 00:43:40,260260632.6416153
2025-01-01 00:43:41,259815239.3366795
2025-01-01 00:43:42,255781092.5701615
2025-01-01 00:43:43,251977530.42206115
2025-01-01 00:43:44,253348732.04760697
2025-01-01 00:43:45,252515807.45657885
2025-01-01 00:43:46,254139163.43028858
2025-01-01 00:43:47,244734588.26783463
2025-01-01 00:43:48,251190980.7040088
2025-01-01 00:43:49,253812158.9999032
2025-01-01 00:43:50,250528374.5857646
2025-01-01 00:43:51,257442103.16874707
2025-01-01 00:43:52,254912773.77727738
2025-01-01 00:43:53,250438717.762946
2025-01-01 00:43:54,251235480.87088558
2025-01-01 00:43:55,255348906.5232525
2025-01-01 00:43:56,251359209.57880172
2025-01-01 00:43:57,257753541.3083674
2025-01-01 00:43:58,252096790.37233672
2025-01-01 00:43:59,250188439.56606498
2025-01-01 00:44:00,252560080.79653975
2025-01-01 00:44:01,246662946.3169238
2025-01-01 00:44:02,249415222.4785198
2025-01-01 00:44:03,254978566.27481177
2025-01-01 00:44:04,253625543.10202676
2025-01-01 00:44:05,259268759.41013622
2025-01-01 00:44:06,255512807.30674353
2025-01-01 00:44:07,255031772.3464109
2025-01-01 00:44:08,253916109.85620537
2025-01-01 00:44:09,255270088.49756566
2025-01-01 00:44:10,254002439.73493844
2025-01-01 00:44:11,249611362.60961622
2025-01-01 00:44:12,251118077.66675156
2025-01-01 00:44:13,248482864.12511972
2025-01-01 00:44:14,246775410.88178715
2025-01-01 00:44:15,251391091.74429995
2025-01-01 00:44:16,249334100.89227435
2025-01-01 00:44:17,249910508.31368512
2025-01-01 00:44:18,254376405.28016436
2025-01-01 00:44:19,256601560.1414706
2025-01-01 00:44:20,260677077.80247837
2025-01-01 00:44:21,257095240.53626728
2025-01-01 00:44:22,248148417.92023844
2025-01-01 00:44:23,253788473.43540382
2025-01-01 00:44:24,250660322.59954455
2025-01-01 00:44:25,248329950.74424252
2025-01-01 00:44:26,249943823.56126335
2025-01-01 00:44:27,255731191.25393668
2025-01-01 00:44:28,253368620.74894452
2025-01-01 00:44:29,246577939.48871177
2025-01-01 00:44:30,248583890.53234076
2025-01-01 00:44:31,251167415.18842492
2025-01-01 00:44:32,246388477.8693714
2025-01-01 00:44:33,248117282.24764693
2025-01-01 00:44:34,252526107.47568905
2025-01-01 00:44:35,252999044.18004236
2025-01-01 00:44:36,253989111.90801027
2025-01-01 00:44:37,250820572.49439913
2025-01-01 00:44:38,249464690.7432666
2025-01-01 00:44:39,253941967.81699246
2025-01-01 00:44:40,252331640.99865282
2025-01-01 00:44:41,255020140.0683145
2025-01-01 00:44:42,253794499.9102474
2025-01-01 00:44:43,248351923.3279553
2025-01-01 00:44:44,249274048.83235657
2025-01-01 00:44:45,242357317.36220032
2025-01-01 00:44:46,245936947.55089337
2025-01-01 00:44:47,248581152.57095143
2025-01-01 00:44:48,250519776.3933743
2025-01-01 00:44:49,248372792.31360117
2025-01-01 00:44:50,246052002.15353715
2025-01-01 00:44:51,255364208.2703068
2025-01-01 00:44:52,246464711.34323975
2025-01-01 00:44:53,249236263.37596625
2025-01-01 00:44:54,250306387.62231
2025-01-01 00:44:55,252687284.20972365
2025-01-01 00:44:56,252375212.69318357
2025-01-01 00:44:57,251410230.24659035
2025-01-01 00:44:58,254915174.84242377
2025-01-01 00:44:59,259438786.98790786
2025-01-01 00:45:00,251456487.73367247
2025-01-01 00:45:01,249491420.08974606
2025-01-01 00:45:02,242468759.72316185
2025-01-01 00:45:03,243998971.62426943
2025-01-01 00:45:04,238937553.04889238
2025-01-01 00:45:05,242917109.27778512
2025-01-01 00:45:06,250168266.07902476
2025-01-01 00:45:07,245433880.36616215
2025-01-01 00:45:08,251533359.37860674
2025-01-01 00:45:09,251437289.993336
2025-01-01 00:45:10,251398854.29636297
2025-01-01 00:45:11,250820478.74199906
2025-01-01 00:45:12,245534390.4742299
2025-01-01 00:45:13,248477818.3574922
2025-01-01 00:45:14,250659694.28257677
2025-01-01 00:45:15,253678214.9399105
2025-01-01 00:45:16,254168213.9991858
2025-01-01 00:45:17,252925816.60312134
2025-01-01 00:45:18,252585570.6660627
2025-01-01 00:45:19,248307017.098653
2025-01-01 00:45:20,249000902.05506787
2025-01-01 00:45:21,245566634.09687054
2025-01-01 00:45:22,242842455.01238638
2025-01-01 00:45:23,247460437.3768202
2025-01-01 00:45:24,242245150.87209967
2025-01-01 00:45:25,244620672.85087004
2025-01-01 00:45:26,247851687.86413395
2025-01-01 00:45:27,248653618.07229057
2025-01-01 00:45:28,239249593.90415144
2025-01-01 00:45:29,248524571.17150652
2025-01-01 00:45:30,246436964.87169838
2025-01-01 00:45:31,243533818.16630873
2025-01-01 00:45:32,242580900.81636602
2025-01-01 00:45:33,250153151.48950005
2025-01-01 00:45:34,241825520.425386
2025-01-01 00:45:35,245034657.60230848
2025-01-01 00:45:36,246862799.895629
2025-01-01 00:45:37,249235277.58646786
2025-01-01 00:45:38,252714204.10434484
2025-01-01 00:45:39,251931485.87119505
2025-01-01 00:45:40,248334653.17326
2025-01-01 00:45:41,245418053.30581838
2025-01-01 00:45:42,244521201.17685172
2025-01-01 00:45:43,246112504.21596786
2025-01-01 00:45:44,246753382.0448757
2025-01-01 00:45:45,248835487.904832
2025-01-01 00:45:46,251423962.34904528
2025-01-01 00:45:47,251713558.058736
2025-01-01 00:45:48,248691385.88312533
2025-01-01 00:45:49,250433757.22862494
2025-01-01 00:45:50,244523415.03605747
2025-01-01 00:45:51,252210453.4653381
2025-01-01 00:45:52,249651144.68579122
2025-01-01 00:45:53,243617197.57297397
2025-01-01 00:45:54,251988633.98622915
2025-01-01 00:45:55,253449852.236693
2025-01-01 00:45:56,249552802.7155133
2025-01-01 00:45:57,253360852.53775355
2025-01-01 00:45:58,252765448.8643875
2025-01-01 00:45:59,253434461.7239276
2025-01-01 00:46:00,255728784.99941635
2025-01-01 00:46:01,255324195.72191837
2025-01-01 00:46:02,250384364.19330812
2025-01-01 00:46:03,249100035.25206047
2025-01-01 00:46:04,249575976.89006752
2025-01-01 00:46:05,261031082.88984686
2025-01-01 00:46:06,257791698.58402973
2025-01-01 00:46:07,258749451.00986952
2025-01-01 00:46:08,252849219.5768822
2025-01-01 00:46:09,254171519.1815465
2025-01-01 00:46:10,254328941.242612
2025-01-01 00:46:11,256489771.40738088
2025-01-01 00:46:12,250415300.5844564
2025-01-01 00:46:13,250681570.89112675
2025-01-01 00:46:14,245539400.85839576
2025-01-01 00:46:15,245715603.3780857
2025-01-01 00:46:16,245202094.9481862
2025-01-01 00:46:17,248707985.060234
2025-01-01 00:46:18,245837528.9306673
2025-01-01 00:46:19,245031399.2742949
2025-01-01 00:46:20,248929872.43575773
2025-01-01 00:46:21,250174635.49170542
2025-01-01 00:46:22,252963526.66475376
2025-01-01 00:46:23,246011819.21911576
2025-01-01 00:46:24,253116296.81003934
2025-01-01 00:46:25,247600188.42554608
2025-01-01 00:46:26,250886842.815019
2025-01-01 00:46:27,253210937.23886544
2025-01-01 00:46:28,259589784.3023181
2025-01-01 00:46:29,254594610.91156253
2025-01-01 00:46:30,256960524.19337413
2025-01-01 00:46:31,260288886.93711588
2025-01-01 00:46:32,257622367.98168397
2025-01-01 00:46:33,260751356.65149945
2025-01-01 00:46:34,254456917.8028819
2025-01-01 00:46:35,253327753.2393613
2025-01-01 00:46:36,245135268.6204118
2025-01-01 00:46:37,251253671.03560847
2025-01-01 00:46:38,253965637.5450013
2025-01-01 00:46:39,251061122.51774994
2025-01-01 00:46:40,251322522.38311595
2025-01-01 00:46:41,250031587.44029906
2025-01-01 00:46:42,247698617.31924766
2025-01-01 00:46:43,247766169.89753255
2025-01-01 00:46:44,249241807.61962226
2025-01-01 00:46:45,259847477.27704507
2025-01-01 00:46:46,249566195.36646166
2025-01-01 00:46:47,246742776.2782754
2025-01-01 00:46:48,245098211.69110182
2025-01-01 00:46:49,251472702.46302786
2025-01-01 00:46:50,249115518.512177
2025-01-01 00:46:51,251673715.3140607
2025-01-01 00:46:52,255331358.2692317
2025-01-01 00:46:53,252901412.75865698
2025-01-01 00:46:54,250783566.8946318
2025-01-01 00:46:55,252339225.61100736
2025-01-01 00:46:56,251443897.27056023
2025-01-01 00:46:57,250300397.60288718
2025-01-01 00:46:58,256477598.86890754
2025-01-01 00:46:59,250438671.5307228
2025-01-01 00:47:00,253496519.6663302
2025-01-01 00:47:01,251333015.5472495
2025-01-01 00:47:02,245330741.63001493
2025-01-01 00:47:03,241873584.8471124
2025-01-01 00:47:04,249595174.4753338
2025-01-01 00:47:05,248975079.02247208
2025-01-01 00:47:06,252017472.7999006
2025-01-01 00:47:07,248420119.72670844
2025-01-01 00:47:08,246620688.17641374
2025-01-01 00:47:09,248424054.00111237
2025-01-01 00:47:10,251604738.91886795
2025-01-01 00:47:11,251511334.3109815
2025-01-01 00:47:12,252781695.2338826
2025-01-01 00:47:13,250694985.50989556
2025-01-01 00:47:14,254971928.07655483
2025-01-01 00:47:15,249914749.51991767
2025-01-01 00:47:16,255128211.08620074
2025-01-01 00:47:17,254607341.2706837
2025-01-01 00:47:18,255236093.5890165
2025-01-01 00:47:19,256123142.1279913
2025-01-01 00:47:20,256209507.4442409
2025-01-01 00:47:21,259190998.74825725
2025-01-01 00:47:22,257362712.8363114
2025-01-01 00:47:23,257437633.19620666
2025-01-01 00:47:24,251653989.5181777
2025-01-01 00:47:25,250228009.626499
2025-01-01 00:47:26,252141112.09067595
2025-01-01 00:47:27,246813754.79969165
2025-01-01 00:47:28,249023269.96392277
2025-01-01 00:47:29,248043182.8022829
2025-01-01 00:47:30,248936851.70856452
2025-01-01 00:47:31,246476776.5353713
2025-01-01 00:47:32,250463123.32281196
2025-01-01 00:47:33,248111876.90276575
2025-01-01 00:47:34,248104797.19871637
2025-01-01 00:47:35,255487995.8184788
2025-01-01 00:47:36,254858939.6812431
2025-01-01 00:47:37,254051382.74920863
2025-01-01 00:47:38,248257406.5651097
2025-01-01 00:47:39,252955558.81414157
2025-01-01 00:47:40,247676159.7611403
2025-01-01 00:47:41,250453208.06818926
2025-01-01 00:47:42,251043822.55094334
2025-01-01 00:47:43,251442676.7436107
2025-01-01 00:47:44,246650019.53962928
2025-01-01 00:47:45,252584880.77431685
2025-01-01 00:47:46,257979835.7664872
2025-01-01 00:47:47,254578950.9719657
2025-01-01 00:47:48,256874400.29023355
2025-01-01 00:47:49,260198602.31006077
2025-01-01 00:47:50,259349972.01895294
2025-01-01 00:47:51,255862727.21628755
2025-01-01 00:47:52,247351577.49126756
2025-01-01 00:47:53,241057714.24848717
2025-01-01 00:47:54,248907027.91383547
2025-01-01 00:47:55,254740541.74639785
2025-01-01 00:47:56,248073304.98029843
2025-01-01 00:47:57,249260883.96776778
2025-01-01 00:47:58,252960990.33677912
2025-01-01 00:47:59,251448500.9333289
2025-01-01 00:48:00,251910890.35806817
2025-01-01 00:48:01,250055527.0257637
2025-01-01 00:48:02,248863229.51708052
2025-01-01 00:48:03,246290256.39089605
2025-01-01 00:48:04,251353976.6772292
2025-01-01 00:48:05,251879332.29336703
2025-01-01 00:48:06,252768411.27170473
2025-01-01 00:48:07,246317001.00234547
2025-01-01 00:48:08,253306915.3456795
2025-01-01 00:48:09,247482311.8310569
2025-01-01 00:48:10,249087165.73395622
2025-01-01 00:48:11,250652772.73772743
2025-01-01 00:48:12,250012308.56030315
2025-01-01 00:48:13,249285996.91647014
2025-01-01 00:48:14,248691056.75396168
2025-01-01 00:48:15,252338852.24106643
2025-01-01 00:48:16,253197392.97079468
2025-01-01 00:48:17,247847889.5955591
2025-01-01 00:48:18,254795838.4011822
2025-01-01 00:48:19,249470799.60581324
2025-01-01 00:48:20,252749496.1839725
2025-01-01 00:48:21,254986959.44140673
2025-01-01 00:48:22,257010670.51433665
2025-01-01 00:48:23,254327357.4101786
2025-01-01 00:48:24,254010239.080028
2025-01-01 00:48:25,254386704.09761563
2025-01-01 00:48:26,259788706.17577103
2025-01-01 00:48:27,253141567.83252656
2025-01-01 00:48:28,245901198.2289603
2025-01-01 00:48:29,252165733.65529665
2025-01-01 00:48:30,250948867.89589965
2025-01-01 00:48:31,250323808.08522612
2025-01-01 00:48:32,255118705.24965933
2025-01-01 00:48:33,256757225.2177515
2025-01-01 00:48:34,252512020.99945885
2025-01-01 00:48:35,259690610.78351068
2025-01-01 00:48:36,260741472.58897075
2025-01-01 00:48:37,256202117.03015274
2025-01-01 00:48:38,248323106.82871595
2025-01-01 00:48:39,248060236.19880897
2025-01-01 00:48:40,251752383.42163676
2025-01-01 00:48:41,247685191.1508097
2025-01-01 00:48:42,251323574.69100088
2025-01-01 00:48:43,251707829.96976322
2025-01-01 00:48:44,247274701.2009022
2025-01-01 00:48:45,249409832.81532544
2025-01-01 00:48:46,247634353.05948678
2025-01-01 00:48:47,251913601.6544544
2025-01-01 00:48:48,254028743.02631244
2025-01-01 00:48:49,250965109.38464463
2025-01-01 00:48:50,249980993.03919935
2025-01-01 00:48:51,252943404.61927867
2025-01-01 00:48:52,255288314.49035352
2025-01-01 00:48:53,249088447.80449498
2025-01-01 00:48:54,249051913.20506492
2025-01-01 00:48:55,249270367.03775913
2025-01-01 00:48:56,252808184.94401273
2025-01-01 00:48:57,249411525.90225965
2025-01-01 00:48:58,249527074.71978602
2025-01-01 00:48:59,257141334.57079878
2025-01-01 00:49:00,253398001.4257095
2025-01-01 00:49:01,251753506.10416627
2025-01-01 00:49:02,254235670.52736598
2025-01-01 00:49:03,255446818.78814936
2025-01-01 00:49:04,255309985.47379524
2025-01-01 00:49:05,250216560.34738317
2025-01-01 00:49:06,252286311.58732924
2025-01-01 00:49:07,258672237.07857966
2025-01-01 00:49:08,253789883.52218768
2025-01-01 00:49:09,254646186.66205025
2025-01-01 00:49:10,249432649.10612062
2025-01-01 00:49:11,252998518.8719761
2025-01-01 00:49:12,257551543.16864535
2025-01-01 00:49:13,254398002.24720785
2025-01-01 00:49:14,253046773.02600202
2025-01-01 00:49:15,252342635.37787047
2025-01-01 00:49:16,249037577.72456446
2025-01-01 00:49:17,251087738.04388738
2025-01-01 00:49:18,252666186.058952
2025-01-01 00:49:19,248074046.61765575
2025-01-01 00:49:20,245941137.04955727
2025-01-01 00:49:21,248183623.73720858
2025-01-01 00:49:22,248685193.5243726
2025-01-01 00:49:23,244613575.70281872
2025-01-01 00:49:24,247961224.03733626
2025-01-01 00:49:25,250782797.04046282
2025-01-01 00:49:26,244882476.0786938
2025-01-01 00:49:27,251585299.8172477
2025-01-01 00:49:28,250373545.94556338
2025-01-01 00:49:29,249614550.84872067
2025-01-01 00:49:30,250091123.2228186
2025-01-01 00:49:31,249455311.45346603
2025-01-01 00:49:32,245846582.75580296
2025-01-01 00:49:33,244971846.05726442
2025-01-01 00:49:34,247586788.65042794
2025-01-01 00:49:35,250582198.20638898
2025-01-01 00:49:36,249221210.4884584
2025-01-01 00:49:37,245330082.37628338
2025-01-01 00:49:38,249411107.63310918
2025-01-01 00:49:39,249375962.0730757
2025-01-01 00:49:40,252972161.1660243
2025-01-01 00:49:41,251348107.87083188
2025-01-01 00:49:42,253474224.34893498
2025-01-01 00:49:43,252380405.85616544
2025-01-01 00:49:44,252454479.72881493
2025-01-01 00:49:45,250881954.60188717
2025-01-01 00:49:46,248598595.77921224
2025-01-01 00:49:47,249305955.92970395
2025-01-01 00:49:48,249491970.85502282
2025-01-01 00:49:49,243593706.89680463
2025-01-01 00:49:50,245036492.26630977
2025-01-01 00:49:51,244631350.55778685
2025-01-01 00:49:52,248876916.29725215
2025-01-01 00:49:53,245928593.92304808
2025-01-01 00:49:54,251350024.80157936
2025-01-01 00:49:55,244475985.38675037
2025-01-01 00:49:56,253514669.0598517
2025-01-01 00:49:57,252913190.87404191
2025-01-01 00:49:58,253818325.01434383
2025-01-01 00:49:59,257405868.7962838
2025-01-01 00:50:00,252843435.3765274
2025-01-01 00:50:01,256101795.21588135
2025-01-01 00:50:02,251289859.64095864
2025-01-01 00:50:03,248627119.96207827
2025-01-01 00:50:04,252394529.5602748
2025-01-01 00:50:05,249598006.72635493
2025-01-01 00:50:06,248044752.32658523
2025-01-01 00:50:07,249999717.4615014
2025-01-01 00:50:08,254054100.87029487
2025-01-01 00:50:09,256696650.4924044
2025-01-01 00:50:10,254475073.37372735
2025-01-01 00:50:11,254290633.94846982
2025-01-01 00:50:12,253678390.3803703
2025-01-01 00:50:13,247460222.42386016
2025-01-01 00:50:14,255358292.30878744
2025-01-01 00:50:15,245528372.95905283
2025-01-01 00:50:16,245332825.75807834
2025-01-01 00:50:17,248783531.87349647
2025-01-01 00:50:18,251042574.24914476
2025-01-01 00:50:19,248649294.45157486
2025-01-01 00:50:20,252067591.59154397
2025-01-01 00:50:21,249240006.39157203
2025-01-01 00:50:22,253449277.63892928
2025-01-01 00:50:23,259143896.20963356
2025-01-01 00:50:24,257528436.36275792
2025-01-01 00:50:25,253688373.7610806
2025-01-01 00:50:26,253160133.54324695
2025-01-01 00:50:27,253982604.8903751
2025-01-01 00:50:28,249684163.7258335
2025-01-01 00:50:29,250459795.95204744
2025-01-01 00:50:30,247719722.30305254
2025-01-01 00:50:31,251311314.65979797
2025-01-01 00:50:32,255882581.1627853
2025-01-01 00:50:33,248386971.86726177
2025-01-01 00:50:34,245216123.07953364
2025-01-01 00:50:35,246767397.47240436
2025-01-01 00:50:36,245655917.66744
2025-01-01 00:50:37,247604037.09793353
2025-01-01 00:50:38,246702956.1548761
2025-01-01 00:50:39,248532249.94435233
2025-01-01 00:50:40,251206030.0230205
2025-01-01 00:50:41,250161052.98565844
2025-01-01 00:50:42,253695169.41916892
2025-01-01 00:50:43,252383840.7841972
2025-01-01 00:50:44,255040804.52610514
2025-01-01 00:50:45,254998169.6158902
2025-01-01 00:50:46,251119708.7181181
2025-01-01 00:50:47,242545930.03921083
2025-01-01 00:50:48,244353120.62949425
2025-01-01 00:50:49,241412315.7968097
2025-01-01 00:50:50,240650265.09606695
2025-01-01 00:50:51,245254735.4430494
2025-01-01 00:50:52,247596885.2211031
2025-01-01 00:50:53,242105845.87230277
2025-01-01 00:50:54,243831476.15561664
2025-01-01 00:50:55,246890782.49474868
2025-01-01 00:50:56,242619835.21651155
2025-01-01 00:50:57,239897379.97346538
2025-01-01 00:50:58,245314558.29767084
2025-01-01 00:50:59,249005092.55291763
2025-01-01 00:51:00,250607260.8636714
2025-01-01 00:51:01,257251782.1018232
2025-01-01 00:51:02,249250217.33087578
2025-01-01 00:51:03,246466769.46308297
2025-01-01 00:51:04,248727105.80365446
2025-01-01 00:51:05,252195761.9113173
2025-01-01 00:51:06,259308640.22540754
2025-01-01 00:51:07,253497541.6581865
2025-01-01 00:51:08,255647905.78776774
2025-01-01 00:51:09,254967156.128273
2025-01-01 00:51:10,250364064.60636953
2025-01-01 00:51:11,254402689.96953818
2025-01-01 00:51:12,253406776.5315058
2025-01-01 00:51:13,248578541.46110502
2025-01-01 00:51:14,247866745.9453327
2025-01-01 00:51:15,257585693.70406848
2025-01-01 00:51:16,256847133.78267044
2025-01-01 00:51:17,245847653.56973276
2025-01-01 00:51:18,251149473.6409204
2025-01-01 00:51:19,248571358.26972762
2025-01-01 00:51:20,253091498.89097488
2025-01-01 00:51:21,252729880.89486533
2025-01-01 00:51:22,247660161.58307
2025-01-01 00:51:23,250401399.40528253
2025-01-01 00:51:24,245339371.70316175
2025-01-01 00:51:25,247901430.1964912
2025-01-01 00:51:26,250302183.3243215
2025-01-01 00:51:27,248680566.75429124
2025-01-01 00:51:28,245849530.9095424
2025-01-01 00:51:29,244935463.38759416
2025-01-01 00:51:30,238488226.2044225
2025-01-01 00:51:31,244143156.51477227
2025-01-01 00:51:32,247363235.0012258
2025-01-01 00:51:33,245955528.47910586
2025-01-01 00:51:34,246019860.30498254
2025-01-01 00:51:35,253456178.82722718
2025-01-01 00:51:36,248796079.7249675
2025-01-01 00:51:37,249802592.54887143
2025-01-01 00:51:38,247353731.93488023
2025-01-01 00:51:39,245092537.76060677
2025-01-01 00:51:40,244452004.07580477
2025-01-01 00:51:41,248485356.0450324
2025-01-01 00:51:42,243039388.5557596
2025-01-01 00:51:43,248987402.1435744
2025-01-01 00:51:44,242547851.4443739
2025-01-01 00:51:45,247593441.28919473
2025-01-01 00:51:46,249640822.4330653
2025-01-01 00:51:47,246005354.9039053
2025-01-01 00:51:48,247058389.07520637
2025-01-01 00:51:49,251103539.49631917
2025-01-01 00:51:50,248821599.9093718
2025-01-01 00:51:51,252094333.2687207
2025-01-01 00:51:52,247602306.3510088
2025-01-01 00:51:53,250821620.41650236
2025-01-01 00:51:54,251867941.59103873
2025-01-01 00:51:55,249370718.8258636
2025-01-01 00:51:56,251266443.40967458
2025-01-01 00:51:57,248586450.58462435
2025-01-01 00:51:58,250204272.0760369
2025-01-01 00:51:59,244197778.3803586
2025-01-01 00:52:00,244229715.80452394
2025-01-01 00:52:01,240323553.03877738
2025-01-01 00:52:02,244229055.93606675
2025-01-01 00:52:03,248021987.15477335
2025-01-01 00:52:04,244398282.6290294
2025-01-01 00:52:05,246009671.77161738
2025-01-01 00:52:06,253435377.11817363
2025-01-01 00:52:07,240319397.58148384
2025-01-01 00:52:08,245488144.8531378
2025-01-01 00:52:09,246409685.07420713
2025-01-01 00:52:10,249756161.42993614
2025-01-01 00:52:11,248870177.1198871
2025-01-01 00:52:12,245437832.93510705
2025-01-01 00:52:13,242634101.2350863
2025-01-01 00:52:14,248201770.25357908
2025-01-01 00:52:15,244989847.96113518
2025-01-01 00:52:16,235582279.93189394
2025-01-01 00:52:17,233708779.94481042
2025-01-01 00:52:18,241943289.78077918
2025-01-01 00:52:19,242791432.64967796
2025-01-01 00:52:20,236595777.86298087
2025-01-01 00:52:21,239716401.3105935
2025-01-01 00:52:22,244125458.94462255
2025-01-01 00:52:23,248971133.65748328
2025-01-01 00:52:24,241682235.87152353
2025-01-01 00:52:25,244059953.9233517
2025-01-01 00:52:26,245118592.7233728
2025-01-01 00:52:27,250199707.95819244
2025-01-01 00:52:28,247085904.67200658
2025-01-01 00:52:29,246388577.2340868
2025-01-01 00:52:30,247312847.94678003
2025-01-01 00:52:31,252635283.90120655
2025-01-01 00:52:32,247471266.027982
2025-01-01 00:52:33,250445197.83367422
2025-01-01 00:52:34,250259089.88130233
2025-01-01 00:52:35,251700383.71470037
2025-01-01 00:52:36,251071993.6750088
2025-01-01 00:52:37,255244268.20462123
2025-01-01 00:52:38,255374318.53356883
2025-01-01 00:52:39,252215664.45074177
2025-01-01 00:52:40,257452942.1569873
2025-01-01 00:52:41,258669247.35284874
2025-01-01 00:52:42,259350910.90904734
2025-01-01 00:52:43,254369850.05035514
2025-01-01 00:52:44,257301663.9508737
2025-01-01 00:52:45,256436000.4830355
2025-01-01 00:52:46,253752803.55356607
2025-01-01 00:52:47,251712704.551574
2025-01-01 00:52:48,253238403.29862195
2025-01-01 00:52:49,253630676.68514305
2025-01-01 00:52:50,252124094.69901648
2025-01-01 00:52:51,253032036.00123653
2025-01-01 00:52:52,252687516.36716115
2025-01-01 00:52:53,248979609.12002826
2025-01-01 00:52:54,252146596.21252394
2025-01-01 00:52:55,250424780.363237
2025-01-01 00:52:56,248656075.94845596
2025-01-01 00:52:57,256433281.1147965
2025-01-01 00:52:58,255302120.59313864
2025-01-01 00:52:59,252096696.175347
2025-01-01 00:53:00,246280203.60075653
2025-01-01 00:53:01,249739970.00650978
2025-01-01 00:53:02,253111736.39337948
2025-01-01 00:53:03,252401025.15308216
2025-01-01 00:53:04,247610880.42809388
2025-01-01 00:53:05,248540255.08515906
2025-01-01 00:53:06,244545866.6692148
2025-01-01 00:53:07,244053286.51233232
2025-01-01 00:53:08,249987403.56316966
2025-01-01 00:53:09,251497430.79563087
2025-01-01 00:53:10,253070583.66977662
2025-01-01 00:53:11,248712884.28507295
2025-01-01 00:53:12,255944893.1132247
2025-01-01 00:53:13,244285426.79206747
2025-01-01 00:53:14,247753978.62968156
2025-01-01 00:53:15,254470697.17175692
2025-01-01 00:53:16,251303846.22029668
2025-01-01 00:53:17,242197336.43928385
2025-01-01 00:53:18,249411541.27266282
2025-01-01 00:53:19,250629410.99890986
2025-01-01 00:53:20,256170441.54781798
2025-01-01 00:53:21,252816940.44180587
2025-01-01 00:53:22,248545648.45772666
2025-01-01 00:53:23,239832473.23908246
2025-01-01 00:53:24,242591077.64243072
2025-01-01 00:53:25,242649874.21644264
2025-01-01 00:53:26,251623087.52059153
2025-01-01 00:53:27,245541154.7487147
2025-01-01 00:53:28,241397831.44130978
2025-01-01 00:53:29,246856691.4550206
2025-01-01 00:53:30,250439308.92946264
2025-01-01 00:53:31,249843835.7393843
2025-01-01 00:53:32,246136969.90592918
2025-01-01 00:53:33,248109049.72591925
2025-01-01 00:53:34,247192907.05064622
2025-01-01 00:53:35,247793642.4973941
2025-01-01 00:53:36,245704920.8788876
2025-01-01 00:53:37,251931824.67481983
2025-01-01 00:53:38,253928333.83217612
2025-01-01 00:53:39,243965303.2899523
2025-01-01 00:53:40,245919008.10463586
2025-01-01 00:53:41,246475159.51482138
2025-01-01 00:53:42,241203790.44419268
2025-01-01 00:53:43,247371766.14143664
2025-01-01 00:53:44,254881571.83483553
2025-01-01 00:53:45,258638734.78832966
2025-01-01 00:53:46,258139779.92428637
2025-01-01 00:53:47,249666050.13124308
2025-01-01 00:53:48,247487608.79499424
2025-01-01 00:53:49,244594253.65133256
2025-01-01 00:53:50,249106763.1269102
2025-01-01 00:53:51,248203407.48691615
2025-01-01 00:53:52,249488329.5173431
2025-01-01 00:53:53,253824217.36473635
2025-01-01 00:53:54,249876905.95940104
2025-01-01 00:53:55,241118997.85268453
2025-01-01 00:53:56,243154664.18055984
2025-01-01 00:53:57,247164165.2436774
2025-01-01 00:53:58,244713876.3261919
2025-01-01 00:53:59,245022793.16973636
2025-01-01 00:54:00,241076394.79488307
2025-01-01 00:54:01,238093981.73088038
2025-01-01 00:54:02,239709661.22626805
2025-01-01 00:54:03,248213597.75403833
2025-01-01 00:54:04,246924220.82937992
2025-01-01 00:54:05,254022765.13314062
2025-01-01 00:54:06,250250362.96471763
2025-01-01 00:54:07,247014565.39097762
2025-01-01 00:54:08,254221195.39630285
2025-01-01 00:54:09,258040921.35088968
2025-01-01 00:54:10,248020658.5617084
2025-01-01 00:54:11,246426596.93290716
2025-01-01 00:54:12,250603705.7155363
2025-01-01 00:54:13,253517670.51432624
2025-01-01 00:54:14,246511152.18949598
2025-01-01 00:54:15,249792934.48920998
2025-01-01 00:54:16,246410888.85585123
2025-01-01 00:54:17,245768824.39170823
2025-01-01 00:54:18,242058986.44146875
2025-01-01 00:54:19,246596953.2944132
2025-01-01 00:54:20,245941361.5473254
2025-01-01 00:54:21,247326019.05133107
2025-01-01 00:54:22,247357716.2674187
2025-01-01 00:54:23,251037044.6439165
2025-01-01 00:54:24,247146751.05153084
2025-01-01 00:54:25,249026705.9704979
2025-01-01 00:54:26,246891088.72635233
2025-01-01 00:54:27,240081659.4019957
2025-01-01 00:54:28,241110721.07041946
2025-01-01 00:54:29,240439030.66677558
2025-01-01 00:54:30,240941413.5068896
2025-01-01 00:54:31,243810549.53874582
2025-01-01 00:54:32,247606188.1915566
2025-01-01 00:54:33,254320474.33243132
2025-01-01 00:54:34,249125937.06571352
2025-01-01 00:54:35,254254865.66700602
2025-01-01 00:54:36,247191017.17419016
2025-01-01 00:54:37,251842668.41426826
2025-01-01 00:54:38,250986932.90069196
2025-01-01 00:54:39,247634504.52102688
2025-01-01 00:54:40,250365765.47419554
2025-01-01 00:54:41,246596959.1960311
2025-01-01 00:54:42,241295270.3479923
2025-01-01 00:54:43,246273059.71363375
2025-01-01 00:54:44,253395235.11227754
2025-01-01 00:54:45,250684606.37522322
2025-01-01 00:54:46,246579887.74786827
2025-01-01 00:54:47,248894895.0999361
2025-01-01 00:54:48,248166701.44293767
2025-01-01 00:54:49,248740392.55891922
2025-01-01 00:54:50,244615363.89225695
2025-01-01 00:54:51,243372720.0895446
2025-01-01 00:54:52,241475403.77026463
2025-01-01 00:54:53,239239594.42159957
2025-01-01 00:54:54,238967430.70391586
2025-01-01 00:54:55,239531367.80541763
2025-01-01 00:54:56,241961908.4984097
2025-01-01 00:54:57,236989846.036387
2025-01-01 00:54:58,238906267.40649396
2025-01-01 00:54:59,244102428.30079368
2025-01-01 00:55:00,246017160.21830088
2025-01-01 00:55:01,246636440.46762374
2025-01-01 00:55:02,243437527.54203114
2025-01-01 00:55:03,247595531.0648451
2025-01-01 00:55:04,242870700.46312466
2025-01-01 00:55:05,240256371.67861396
2025-01-01 00:55:06,238722724.3633997
2025-01-01 00:55:07,243733437.51608446
2025-01-01 00:55:08,237321225.34739846
2025-01-01 00:55:09,240949200.5846023
2025-01-01 00:55:10,241891601.59777156
2025-01-01 00:55:11,243026081.6184905
2025-01-01 00:55:12,238173077.5118481
2025-01-01 00:55:13,245420535.31466264
2025-01-01 00:55:14,245848438.29401234
2025-01-01 00:55:15,248458969.35005248
2025-01-01 00:55:16,246369120.16384304
2025-01-01 00:55:17,242863108.522361
2025-01-01 00:55:18,241114598.39725876
2025-01-01 00:55:19,246949782.59191656
2025-01-01 00:55:20,249886238.84358367
2025-01-01 00:55:21,244734050.22929454
2025-01-01 00:55:22,241932497.28548563
2025-01-01 00:55:23,243735265.3770513
2025-01-01 00:55:24,244449597.7984211
2025-01-01 00:55:25,251127010.53685442
2025-01-01 00:55:26,247985157.45858094
2025-01-01 00:55:27,249395219.21849293
2025-01-01 00:55:28,246836211.75866893
2025-01-01 00:55:29,243789174.79159918
2025-01-01 00:55:30,250169042.95680478
2025-01-01 00:55:31,253213010.05491704
2025-01-01 00:55:32,253231971.3470738
2025-01-01 00:55:33,247438383.92835596
2025-01-01 00:55:34,249023850.11326715
2025-01-01 00:55:35,253805945.17622876
2025-01-01 00:55:36,247803146.6845646
2025-01-01 00:55:37,249717714.0292856
2025-01-01 00:55:38,248410604.49260658
2025-01-01 00:55:39,244338301.5762015
2025-01-01 00:55:40,243062248.72062922
2025-01-01 00:55:41,248449109.47164908
2025-01-01 00:55:42,243802764.9980968
2025-01-01 00:55:43,243032208.4897375
2025-01-01 00:55:44,246614695.51919255
2025-01-01 00:55:45,248582631.8967679
2025-01-01 00:55:46,247044829.15807283
2025-01-01 00:55:47,247588649.46640596
2025-01-01 00:55:48,244048668.191037
2025-01-01 00:55:49,238489584.74035954
2025-01-01 00:55:50,242408624.4752448
2025-01-01 00:55:51,243660388.53392366
2025-01-01 00:55:52,244155819.38324112
2025-01-01 00:55:53,245880408.3776995
2025-01-01 00:55:54,245591878.80860874
2025-01-01 00:55:55,248159029.89524966
2025-01-01 00:55:56,244208591.37987417
2025-01-01 00:55:57,243096402.19168797
2025-01-01 00:55:58,247177627.15512845
2025-01-01 00:55:59,246358589.4481671
2025-01-01 00:56:00,248470150.4946611
2025-01-01 00:56:01,250008250.46397495
2025-01-01 00:56:02,255032330.5613515
2025-01-01 00:56:03,250215238.89089757
2025-01-01 00:56:04,250429699.05274776
2025-01-01 00:56:05,249981250.9136118
2025-01-01 00:56:06,250516685.81494185
2025-01-01 00:56:07,251855089.32174617
2025-01-01 00:56:08,248108253.11189228
2025-01-01 00:56:09,248777752.58252996
2025-01-01 00:56:10,248315149.93980545
2025-01-01 00:56:11,244711497.1377573
2025-01-01 00:56:12,247950936.24530545
2025-01-01 00:56:13,247450804.92055148
2025-01-01 00:56:14,244077972.56550702
2025-01-01 00:56:15,247469751.5572552
2025-01-01 00:56:16,246948471.85449818
2025-01-01 00:56:17,249743115.6359039
2025-01-01 00:56:18,246504993.0946002
2025-01-01 00:56:19,246781876.06273422
2025-01-01 00:56:20,239627335.1198811
2025-01-01 00:56:21,246899021.55071467
2025-01-01 00:56:22,249649752.7306633
2025-01-01 00:56:23,249365548.4062233
2025-01-01 00:56:24,247648859.71019295
2025-01-01 00:56:25,243249926.20740888
2025-01-01 00:56:26,244790745.092208
2025-01-01 00:56:27,247487191.16199207
2025-01-01 00:56:28,247193882.30442566
2025-01-01 00:56:29,241676282.73272294
2025-01-01 00:56:30,239239037.05823296
2025-01-01 00:56:31,246821024.23337302
2025-01-01 00:56:32,245933313.13009095
2025-01-01 00:56:33,246736875.60194457
2025-01-01 00:56:34,247373995.16197455
2025-01-01 00:56:35,250354274.83537295
2025-01-01 00:56:36,249702878.5776688
2025-01-01 00:56:37,243380814.09440792
2025-01-01 00:56:38,246307267.97398257
2025-01-01 00:56:39,249985582.00417438
2025-01-01 00:56:40,247256161.86731803
2025-01-01 00:56:41,244911120.80599487
2025-01-01 00:56:42,245084680.6757145
2025-01-01 00:56:43,243253961.49675408
2025-01-01 00:56:44,246337127.92521784
2025-01-01 00:56:45,246855440.76557198
2025-01-01 00:56:46,242227488.31943953
2025-01-01 00:56:47,243379154.79257163
2025-01-01 00:56:48,243211449.53729844
2025-01-01 00:56:49,248426471.4013907
2025-01-01 00:56:50,249014730.6514864
2025-01-01 00:56:51,245114884.8679918
2025-01-01 00:56:52,249181436.51584023
2025-01-01 00:56:53,247484020.88941613
2025-01-01 00:56:54,244558886.46715584
2025-01-01 00:56:55,250602311.37835172
2025-01-01 00:56:56,251081770.9462358
2025-01-01 00:56:57,252255746.2939717
2025-01-01 00:56:58,257973771.09954777
2025-01-01 00:56:59,247462464.95389232
2025-01-01 00:57:00,254066968.11416623
2025-01-01 00:57:01,251773624.39824128
2025-01-01 00:57:02,250666988.0246927
2025-01-01 00:57:03,248291941.4162775
2025-01-01 00:57:04,244451715.1446521
2025-01-01 00:57:05,246286636.80628687
2025-01-01 00:57:06,244990819.085202
2025-01-01 00:57:07,245197320.17158186
2025-01-01 00:57:08,250542030.46114162
2025-01-01 00:57:09,248566373.6356046
2025-01-01 00:57:10,251543446.135282
2025-01-01 00:57:11,250379572.07211548
2025-01-01 00:57:12,249031425.46817163
2025-01-01 00:57:13,247820931.350087
2025-01-01 00:57:14,243955169.37070397
2025-01-01 00:57:15,243725841.2492715
2025-01-01 00:57:16,237968044.74825966
2025-01-01 00:57:17,242597672.4173065
2025-01-01 00:57:18,243313983.76403284
2025-01-01 00:57:19,239591449.37122482
2025-01-01 00:57:20,240947422.04096928
2025-01-01 00:57:21,245783694.41016456
2025-01-01 00:57:22,240915323.37532952
2025-01-01 00:57:23,248667610.0483869
2025-01-01 00:57:24,254030855.42144346
2025-01-01 00:57:25,250495337.061242
2025-01-01 00:57:26,244086924.18403736
2025-01-01 00:57:27,242282459.37867677
2025-01-01 00:57:28,244802777.58521244
2025-01-01 00:57:29,241153212.47848713
2025-01-01 00:57:30,247458065.47128722
2025-01-01 00:57:31,247786551.83161163
2025-01-01 00:57:32,250327116.64693305
2025-01-01 00:57:33,248345698.55770496
2025-01-01 00:57:34,245073664.77030426
2025-01-01 00:57:35,246425190.23787737
2025-01-01 00:57:36,242537639.38724524
2025-01-01 00:57:37,248713918.7170419
2025-01-01 00:57:38,249350728.25057706
2025-01-01 00:57:39,244173480.6506188
2025-01-01 00:57:40,245115931.2544278
2025-01-01 00:57:41,244524220.79110602
2025-01-01 00:57:42,239160853.8227665
2025-01-01 00:57:43,247570430.73301566
2025-01-01 00:57:44,247589536.23134312
2025-01-01 00:57:45,251531348.5122856
2025-01-01 00:57:46,247509444.90336224
2025-01-01 00:57:47,241497857.11734876
2025-01-01 00:57:48,248580538.57777032
2025-01-01 00:57:49,245962876.38228342
2025-01-01 00:57:50,249517299.62965554
2025-01-01 00:57:51,247628483.72761026
2025-01-01 00:57:52,245540358.61447665
2025-01-01 00:57:53,243863772.82002103
2025-01-01 00:57:54,244983285.74405697
2025-01-01 00:57:55,242257737.54763532
2025-01-01 00:57:56,246381296.179773
2025-01-01 00:57:57,248509996.0538787
2025-01-01 00:57:58,249059179.88498914
2025-01-01 00:57:59,250846516.2523921
2025-01-01 00:58:00,252083529.74647322
2025-01-01 00:58:01,248757121.5610237
2025-01-01 00:58:02,248153426.04287162
2025-01-01 00:58:03,244980720.3416126
2025-01-01 00:58:04,249764554.65105665
2025-01-01 00:58:05,249866448.8872546
2025-01-01 00:58:06,253895226.60848796
2025-01-01 00:58:07,257259376.2168244
2025-01-01 00:58:08,250985466.71933538
2025-01-01 00:58:09,248508837.79825607
2025-01-01 00:58:10,250193647.67256913
2025-01-01 00:58:11,246692407.20148993
2025-01-01 00:58:12,244978176.6231208
2025-01-01 00:58:13,244784054.17991826
2025-01-01 00:58:14,247168940.48668244
2025-01-01 00:58:15,242307052.54764825
2025-01-01 00:58:16,239048719.70142177
2025-01-01 00:58:17,242293018.31161276
2025-01-01 00:58:18,250215812.9401537
2025-01-01 00:58:19,250945080.24156722
2025-01-01 00:58:20,243046976.90321973
2025-01-01 00:58:21,246474551.94082385
2025-01-01 00:58:22,250313028.61166158
2025-01-01 00:58:23,246358873.9674169
2025-01-01 00:58:24,248855924.86359382
2025-01-01 00:58:25,244280271.9771753
2025-01-01 00:58:26,251431544.55439708
2025-01-01 00:58:27,243848737.18531662
2025-01-01 00:58:28,251020554.08890828
2025-01-01 00:58:29,244600801.96192166
2025-01-01 00:58:30,246026518.64196286
2025-01-01 00:58:31,246207148.4719545
2025-01-01 00:58:32,241047532.0838891
2025-01-01 00:58:33,246484626.7844905
2025-01-01 00:58:34,249707678.763486
2025-01-01 00:58:35,257091628.71677518
2025-01-01 00:58:36,257840008.909885
2025-01-01 00:58:37,254863525.60363138
2025-01-01 00:58:38,257333133.14231053
2025-01-01 00:58:39,250259058.687122
2025-01-01 00:58:40,252086075.260499
2025-01-01 00:58:41,255065966.87356886
2025-01-01 00:58:42,256377081.4260888
2025-01-01 00:58:43,250373450.39880666
2025-01-01 00:58:44,254540066.11313254
2025-01-01 00:58:45,254386771.29777625
2025-01-01 00:58:46,254499429.7780213
2025-01-01 00:58:47,256237469.94092518
2025-01-01 00:58:48,254421322.15066975
2025-01-01 00:58:49,257366737.3037347
2025-01-01 00:58:50,253029094.8748561
2025-01-01 00:58:51,256833749.79197788
2025-01-01 00:58:52,260440384.441853
2025-01-01 00:58:53,255974008.3131792
2025-01-01 00:58:54,260091208.0884291
2025-01-01 00:58:55,257824487.4033917
2025-01-01 00:58:56,252174634.41467634
2025-01-01 00:58:57,259218207.7879106
2025-01-01 00:58:58,254623033.91225123
2025-01-01 00:58:59,255496847.34183303
2025-01-01 00:59:00,250399603.5049845
2025-01-01 00:59:01,249898919.4606993
2025-01-01 00:59:02,252172904.48672837
2025-01-01 00:59:03,254018383.93240315
2025-01-01 00:59:04,253698699.5493221
2025-01-01 00:59:05,249641848.30071598
2025-01-01 00:59:06,256073664.1703511
2025-01-01 00:59:07,250616926.4589812
2025-01-01 00:59:08,251741513.39347056
2025-01-01 00:59:09,254155777.6027712
2025-01-01 00:59:10,251482956.7894253
2025-01-01 00:59:11,252108794.45079398
2025-01-01 00:59:12,252712315.46258014
2025-01-01 00:59:13,250394002.15384966
2025-01-01 00:59:14,243577946.9711374
2025-01-01 00:59:15,243224142.62634903
2025-01-01 00:59:16,243262849.49268666
2025-01-01 00:59:17,241436804.41367996
2025-01-01 00:59:18,242102021.7076948
2025-01-01 00:59:19,239200007.7848129
2025-01-01 00:59:20,244449833.01722687
2025-01-01 00:59:21,246236442.93615326
2025-01-01 00:59:22,243750962.70011044
2025-01-01 00:59:23,244479005.32370248
2025-01-01 00:59:24,239092125.36685073
2025-01-01 00:59:25,237696407.15551805
2025-01-01 00:59:26,246233599.4615346
2025-01-01 00:59:27,252385243.27683216
2025-01-01 00:59:28,247248270.4671279
2025-01-01 00:59:29,244483750.6709541
2025-01-01 00:59:30,239104263.52646208
2025-01-01 00:59:31,243202717.9468296
2025-01-01 00:59:32,244574556.28751948
2025-01-01 00:59:33,250966188.6883782
2025-01-01 00:59:34,245140935.8468577
2025-01-01 00:59:35,248250880.71203572
2025-01-01 00:59:36,246110853.6207148
2025-01-01 00:59:37,251769567.59625044
2025-01-01 00:59:38,253565828.04641676
2025-01-01 00:59:39,249906337.71566537
2025-01-01 00:59:40,251465082.7264927
2025-01-01 00:59:41,254040155.75359473
2025-01-01 00:59:42,252680331.13487536
2025-01-01 00:59:43,253138401.1863438
2025-01-01 00:59:44,255246428.0245854
2025-01-01 00:59:45,254333016.48065117
2025-01-01 00:59:46,248102638.6893682
2025-01-01 00:59:47,246406045.69647893
2025-01-01 00:59:48,253426424.82648626
2025-01-01 00:59:49,254701535.51812518
2025-01-01 00:59:50,253127387.87406078
2025-01-01 00:59:51,248563738.60718805
2025-01-01 00:59:52,248391572.4121566
2025-01-01 00:59:53,249454497.12025037
2025-01-01 00:59:54,253473686.3653834
2025-01-01 00:59:55,251615427.06584305
2025-01-01 00:59:56,248303299.51149178
2025-01-01 00:59:57,247772260.72840813
2025-01-01 00:59:58,241138558.92338642
2025-01-01 00:59:59,246958630.50355184
2025-01-01 01:00:00,246194706.19515097
2025-01-01 01:00:01,249603648.6824737
2025-01-01 01:00:02,247070771.0237798
2025-01-01 01:00:03,247124193.97025406
2025-01-01 01:00:04,247590616.71001017
2025-01-01 01:00:05,247685722.23499358
2025-01-01 01:00:06,244481031.1377305
2025-01-01 01:00:07,242820880.03932905
2025-01-01 01:00:08,247789146.2185453
2025-01-01 01:00:09,250897412.59860966
2025-01-01 01:00:10,250417057.36314407
2025-01-01 01:00:11,247981937.3245805
2025-01-01 01:00:12,248536747.8478579
2025-01-01 01:00:13,251270742.8198455
2025-01-01 01:00:14,253222323.6814757
2025-01-01 01:00:15,250545767.28284928
2025-01-01 01:00:16,252294771.1718575
2025-01-01 01:00:17,255229736.21712798
2025-01-01 01:00:18,253060547.95295587
2025-01-01 01:00:19,251153353.0567267
2025-01-01 01:00:20,254111955.26890197
2025-01-01 01:00:21,252645181.6587296
2025-01-01 01:00:22,255222665.84748924
2025-01-01 01:00:23,250990807.57836965
2025-01-01 01:00:24,248897490.2691566
2025-01-01 01:00:25,249571377.6323214
2025-01-01 01:00:26,250581981.65984595
2025-01-01 01:00:27,249624621.59747294
2025-01-01 01:00:28,248869372.28489977
2025-01-01 01:00:29,249695437.4836214
2025-01-01 01:00:30,249276674.44273356
2025-01-01 01:00:31,251478325.7029526
2025-01-01 01:00:32,249580186.62719998
2025-01-01 01:00:33,252802206.5919231
2025-01-01 01:00:34,250312008.87145314
2025-01-01 01:00:35,247422363.62281346
2025-01-01 01:00:36,242703198.68736306
2025-01-01 01:00:37,251744401.43919492
2025-01-01 01:00:38,257657382.6321387
2025-01-01 01:00:39,252388327.32832316
2025-01-01 01:00:40,245075731.16332197
2025-01-01 01:00:41,251643109.3629044
2025-01-01 01:00:42,243838622.51435494
2025-01-01 01:00:43,250355900.47448295
2025-01-01 01:00:44,252519112.4264452
2025-01-01 01:00:45,243844664.17026487
2025-01-01 01:00:46,246166856.2587074
2025-01-01 01:00:47,250847979.82045892
2025-01-01 01:00:48,250437637.84925523
2025-01-01 01:00:49,246687744.63335785
2025-01-01 01:00:50,247467044.98473582
2025-01-01 01:00:51,250650022.42621177
2025-01-01 01:00:52,249018338.28629106
2025-01-01 01:00:53,249660983.95121527
2025-01-01 01:00:54,250610329.40332824
2025-01-01 01:00:55,249062297.0566669
2025-01-01 01:00:56,248504647.71660927
2025-01-01 01:00:57,246297285.41988924
2025-01-01 01:00:58,247207049.78585082
2025-01-01 01:00:59,246626164.63182893
2025-01-01 01:01:00,255773155.36294144
2025-01-01 01:01:01,255876156.88475126
2025-01-01 01:01:02,252167782.72405735
2025-01-01 01:01:03,251065184.30498728
2025-01-01 01:01:04,252385370.7103435
2025-01-01 01:01:05,246691348.7408988
2025-01-01 01:01:06,245314621.8890156
2025-01-01 01:01:07,248056970.46405247
2025-01-01 01:01:08,249366647.74305245
2025-01-01 01:01:09,251948817.9787445
2025-01-01 01:01:10,245900820.01573136
2025-01-01 01:01:11,242245095.06283402
2025-01-01 01:01:12,246576923.83561516
2025-01-01 01:01:13,247311233.95282748
2025-01-01 01:01:14,254448144.29289454
2025-01-01 01:01:15,249680676.94109914
2025-01-01 01:01:16,245448986.900778
2025-01-01 01:01:17,251683413.4846931
2025-01-01 01:01:18,257040937.9308244
2025-01-01 01:01:19,252913951.07643393
2025-01-01 01:01:20,249811102.86448756
2025-01-01 01:01:21,253852456.2622888
2025-01-01 01:01:22,256887679.5872702
2025-01-01 01:01:23,253559516.4107508
2025-01-01 01:01:24,252203078.72274408
2025-01-01 01:01:25,249276514.80433452
2025-01-01 01:01:26,252854421.25014833
2025-01-01 01:01:27,250305283.25275874
2025-01-01 01:01:28,247764766.1346764
2025-01-01 01:01:29,248938790.05038115
2025-01-01 01:01:30,253614894.11072308
2025-01-01 01:01:31,252135489.82231078
2025-01-01 01:01:32,246395882.3184903
2025-01-01 01:01:33,242086867.96934262
2025-01-01 01:01:34,245410470.36501095
2025-01-01 01:01:35,246045207.8591743
2025-01-01 01:01:36,248281900.84475636
2025-01-01 01:01:37,250363556.23215422
2025-01-01 01:01:38,250475904.30517903
2025-01-01 01:01:39,249920542.5299201
2025-01-01 01:01:40,253190388.28728616
2025-01-01 01:01:41,250668771.331279
2025-01-01 01:01:42,248014943.62802804
2025-01-01 01:01:43,244153500.36156315
2025-01-01 01:01:44,244905004.94018033
2025-01-01 01:01:45,247870131.90651125
2025-01-01 01:01:46,250735936.68810326
2025-01-01 01:01:47,252164814.96770665
2025-01-01 01:01:48,259697503.93564573
2025-01-01 01:01:49,250980985.53286126
2025-01-01 01:01:50,252558126.6913705
2025-01-01 01:01:51,255116337.01512483
2025-01-01 01:01:52,247486044.44123885
2025-01-01 01:01:53,246948991.39325207
2025-01-01 01:01:54,247594762.90505746
2025-01-01 01:01:55,244936725.96446458
2025-01-01 01:01:56,245187956.58306953
2025-01-01 01:01:57,242046591.8725822
2025-01-01 01:01:58,240435668.4588397
2025-01-01 01:01:59,242190163.72094437
2025-01-01 01:02:00,248213013.87251833
2025-01-01 01:02:01,249224073.59767658
2025-01-01 01:02:02,247375098.0886075
2025-01-01 01:02:03,250043763.84510943
2025-01-01 01:02:04,253845134.80526358
2025-01-01 01:02:05,252142892.26089066
2025-01-01 01:02:06,254701406.19634002
2025-01-01 01:02:07,254064063.1580859
2025-01-01 01:02:08,259402863.31391826
2025-01-01 01:02:09,263318847.7828494
2025-01-01 01:02:10,257179971.62419122
2025-01-01 01:02:11,260393666.04034603
2025-01-01 01:02:12,261108456.7280054
2025-01-01 01:02:13,260767662.48904186
2025-01-01 01:02:14,250578695.5339968
2025-01-01 01:02:15,256394379.8118089
2025-01-01 01:02:16,255600993.09933138
2025-01-01 01:02:17,248604774.92418978
2025-01-01 01:02:18,249698595.28739107
2025-01-01 01:02:19,246382525.89411968
2025-01-01 01:02:20,252190309.84064558
2025-01-01 01:02:21,250365049.75897422
2025-01-01 01:02:22,241417241.7232303
2025-01-01 01:02:23,249318035.24731913
2025-01-01 01:02:24,246804063.42957032
2025-01-01 01:02:25,247590482.02717623
2025-01-01 01:02:26,250619826.64271635
2025-01-01 01:02:27,252452314.47587684
2025-01-01 01:02:28,253761044.37932009
2025-01-01 01:02:29,251118369.06976533
2025-01-01 01:02:30,250522204.89606044
2025-01-01 01:02:31,249757953.40491915
2025-01-01 01:02:32,243391781.86105347
2025-01-01 01:02:33,244679336.05346933
2025-01-01 01:02:34,247681380.44642
2025-01-01 01:02:35,244930881.2949139
2025-01-01 01:02:36,246801439.0466451
2025-01-01 01:02:37,245562573.15449148
2025-01-01 01:02:38,250828558.41391483
2025-01-01 01:02:39,247569024.61896425
2025-01-01 01:02:40,249244519.5036744
2025-01-01 01:02:41,252355066.29782957
2025-01-01 01:02:42,257044882.43280685
2025-01-01 01:02:43,252838444.8170955
2025-01-01 01:02:44,249408288.95795494
2025-01-01 01:02:45,244130260.26080844
2025-01-01 01:02:46,249801165.19499552
2025-01-01 01:02:47,254156953.2188887
2025-01-01 01:02:48,255499568.19867566
2025-01-01 01:02:49,257296526.77163994
2025-01-01 01:02:50,251170446.6810015
2025-01-01 01:02:51,248108929.37201244
2025-01-01 01:02:52,250915224.27642485
2025-01-01 01:02:53,247103216.4132839
2025-01-01 01:02:54,254060912.4654029
2025-01-01 01:02:55,245273604.66902518
2025-01-01 01:02:56,245955108.394106
2025-01-01 01:02:57,246724538.9445843
2025-01-01 01:02:58,249803234.70191616
2025-01-01 01:02:59,251269183.1254133
2025-01-01 01:03:00,252075494.08898377
2025-01-01 01:03:01,251503573.93118066
2025-01-01 01:03:02,252656131.51186153
2025-01-01 01:03:03,248334853.16837415
2025-01-01 01:03:04,251967715.1567139
2025-01-01 01:03:05,253115792.00789037
2025-01-01 01:03:06,250331966.51423714
2025-01-01 01:03:07,252191174.03113797
2025-01-01 01:03:08,253071291.1113251
2025-01-01 01:03:09,255560849.01100713
2025-01-01 01:03:10,255442782.40776658
2025-01-01 01:03:11,252887804.76391184
2025-01-01 01:03:12,248528902.52675387
2025-01-01 01:03:13,247885647.74272436
2025-01-01 01:03:14,249847171.16133925
2025-01-01 01:03:15,249812346.5864701
2025-01-01 01:03:16,252754563.52399668
2025-01-01 01:03:17,254254794.05636725
2025-01-01 01:03:18,259761939.8451525
2025-01-01 01:03:19,254768888.90654027
2025-01-01 01:03:20,253132562.8207851
2025-01-01 01:03:21,253424832.48403823
2025-01-01 01:03:22,250648174.34996712
2025-01-01 01:03:23,242556325.3143273
2025-01-01 01:03:24,248344473.34864306
2025-01-01 01:03:25,247821635.92465076
2025-01-01 01:03:26,246681483.20438832
2025-01-01 01:03:27,244978584.2720139
2025-01-01 01:03:28,249484737.74174455
2025-01-01 01:03:29,248961511.67642075
2025-01-01 01:03:30,251559986.81450456
2025-01-01 01:03:31,250113953.54273736
2025-01-01 01:03:32,250831345.83479023
2025-01-01 01:03:33,246533579.5461624
2025-01-01 01:03:34,250252334.0413718
2025-01-01 01:03:35,246197244.338784
2025-01-01 01:03:36,246257931.5110843
2025-01-01 01:03:37,245013606.06558046
2025-01-01 01:03:38,247305309.92425248
2025-01-01 01:03:39,245241066.95616683
2025-01-01 01:03:40,244643141.57031366
2025-01-01 01:03:41,247780931.74579045
2025-01-01 01:03:42,244911049.05706015
2025-01-01 01:03:43,249934552.7256628
2025-01-01 01:03:44,250101772.78947595
2025-01-01 01:03:45,245083737.2125543
2025-01-01 01:03:46,245372689.58939967
2025-01-01 01:03:47,250616886.0084699
2025-01-01 01:03:48,245695391.58416957
2025-01-01 01:03:49,242636320.29786915
2025-01-01 01:03:50,242339789.8153662
2025-01-01 01:03:51,245287115.9452243
2025-01-01 01:03:52,248760527.17404947
2025-01-01 01:03:53,247118144.52998534
2025-01-01 01:03:54,248126076.56712863
2025-01-01 01:03:55,247681687.16288257
2025-01-01 01:03:56,251947686.9855389
2025-01-01 01:03:57,249685154.66313964
2025-01-01 01:03:58,254192881.85332698
2025-01-01 01:03:59,256315135.02689904
2025-01-01 01:04:00,258072242.92282444
2025-01-01 01:04:01,261839378.81772545
2025-01-01 01:04:02,255648788.98756889
2025-01-01 01:04:03,253913823.92958257
2025-01-01 01:04:04,251626565.21989903
2025-01-01 01:04:05,250994987.97531852
2025-01-01 01:04:06,244961477.1969045
2025-01-01 01:04:07,243768400.36349222
2025-01-01 01:04:08,248097651.2462066
2025-01-01 01:04:09,247700955.69779277
2025-01-01 01:04:10,246593181.59963733
2025-01-01 01:04:11,248676749.8268655
2025-01-01 01:04:12,244727181.62058845
2025-01-01 01:04:13,247823136.01296574
2025-01-01 01:04:14,246979695.46985495
2025-01-01 01:04:15,244577015.62263718
2025-01-01 01:04:16,244862395.09013376
2025-01-01 01:04:17,252686427.59034082
2025-01-01 01:04:18,258064046.6334762
2025-01-01 01:04:19,258572236.94968435
2025-01-01 01:04:20,256209533.7506562
2025-01-01 01:04:21,256169068.184161
2025-01-01 01:04:22,251996452.6533131
2025-01-01 01:04:23,251589098.63415557
2025-01-01 01:04:24,253234592.74536526
2025-01-01 01:04:25,248819975.74137586
2025-01-01 01:04:26,248866927.82269803
2025-01-01 01:04:27,250528321.71157387
2025-01-01 01:04:28,247435703.11574513
2025-01-01 01:04:29,246272319.57131243
2025-01-01 01:04:30,255688944.2774109
2025-01-01 01:04:31,251331491.708439
2025-01-01 01:04:32,247841259.65735164
2025-01-01 01:04:33,248338253.15816465
2025-01-01 01:04:34,242723236.1185188
2025-01-01 01:04:35,243924963.51116368
2025-01-01 01:04:36,247362099.42646018
2025-01-01 01:04:37,249289217.2670554
2025-01-01 01:04:38,251201208.6296236
2025-01-01 01:04:39,256209742.42268676
2025-01-01 01:04:40,251599178.10282788
2025-01-01 01:04:41,253983178.24356765
2025-01-01 01:04:42,255364189.68930137
2025-01-01 01:04:43,247715669.34675047
2025-01-01 01:04:44,251758249.42388043
2025-01-01 01:04:45,250215456.20001963
2025-01-01 01:04:46,252148828.98859742
2025-01-01 01:04:47,256261577.74422064
2025-01-01 01:04:48,256435433.10381937
2025-01-01 01:04:49,251571525.46942872
2025-01-01 01:04:50,252061179.0363055
2025-01-01 01:04:51,251503542.02416202
2025-01-01 01:04:52,247056535.07283297
2025-01-01 01:04:53,244838932.86906004
2025-01-01 01:04:54,251169633.3150985
2025-01-01 01:04:55,249166684.84224373
2025-01-01 01:04:56,245921785.75499564
2025-01-01 01:04:57,248510200.7359983
2025-01-01 01:04:58,249649276.5099465
2025-01-01 01:04:59,250884451.45970947
2025-01-01 01:05:00,251433576.95782378
2025-01-01 01:05:01,242871463.62923706
2025-01-01 01:05:02,246375574.17998415
2025-01-01 01:05:03,252397983.5733644
2025-01-01 01:05:04,249239498.4810071
2025-01-01 01:05:05,248026891.32270098
2025-01-01 01:05:06,247618406.9643514
2025-01-01 01:05:07,248663088.85991657
2025-01-01 01:05:08,243595157.67859012
2025-01-01 01:05:09,240842587.25686142
2025-01-01 01:05:10,248458860.53190678
2025-01-01 01:05:11,245360031.17782003
2025-01-01 01:05:12,243781213.78290507
2025-01-01 01:05:13,241281228.88372672
2025-01-01 01:05:14,238266768.76759303
2025-01-01 01:05:15,248128568.74980208
2025-01-01 01:05:16,253282342.40497205
2025-01-01 01:05:17,251111114.97087222
2025-01-01 01:05:18,253888264.79973614
2025-01-01 01:05:19,254337287.43367556
2025-01-01 01:05:20,248046056.00060678
2025-01-01 01:05:21,249321232.16846865
2025-01-01 01:05:22,247766453.1781411
2025-01-01 01:05:23,254044213.95785448
2025-01-01 01:05:24,249813264.9489862
2025-01-01 01:05:25,248487975.50856125
2025-01-01 01:05:26,251615630.6083094
2025-01-01 01:05:27,245104967.43157274
2025-01-01 01:05:28,243820821.12531498
2025-01-01 01:05:29,248243733.43767002
2025-01-01 01:05:30,250663834.7042408
2025-01-01 01:05:31,254631355.90613547
2025-01-01 01:05:32,256220753.58218262
2025-01-01 01:05:33,252614382.83781263
2025-01-01 01:05:34,254054781.75148982
2025-01-01 01:05:35,248758924.6086054
2025-01-01 01:05:36,248641366.17693567
2025-01-01 01:05:37,249617308.54295728
2025-01-01 01:05:38,245645920.08516228
2025-01-01 01:05:39,251092005.97330892
2025-01-01 01:05:40,250880917.13265386
2025-01-01 01:05:41,247462763.8760321
2025-01-01 01:05:42,249171006.0127034
2025-01-01 01:05:43,250807637.33607638
2025-01-01 01:05:44,249223971.647898
2025-01-01 01:05:45,253664292.60074165
2025-01-01 01:05:46,258315086.8694347
2025-01-01 01:05:47,253346218.73730066
2025-01-01 01:05:48,252557897.53783482
2025-01-01 01:05:49,250839887.2538155
2025-01-01 01:05:50,248964435.01163685
2025-01-01 01:05:51,250870656.04844883
2025-01-01 01:05:52,249184746.15024388
2025-01-01 01:05:53,248004295.04717705
2025-01-01 01:05:54,249066452.6764931
2025-01-01 01:05:55,250437420.67294988
2025-01-01 01:05:56,249928114.28275853
2025-01-01 01:05:57,244589428.13421345
2025-01-01 01:05:58,249361760.94872645
2025-01-01 01:05:59,249112634.1274703
2025-01-01 01:06:00,244038471.63346836
2025-01-01 01:06:01,244991433.80148506
2025-01-01 01:06:02,246545593.9588437
2025-01-01 01:06:03,242921979.95058176
2025-01-01 01:06:04,243475255.6249905
2025-01-01 01:06:05,248889642.38361767
2025-01-01 01:06:06,246354557.61798948
2025-01-01 01:06:07,243368462.5984415
2025-01-01 01:06:08,245184903.13351232
2025-01-01 01:06:09,239560798.63319883
2025-01-01 01:06:10,239240417.0492855
2025-01-01 01:06:11,248136125.81473354
2025-01-01 01:06:12,249251718.60467982
2025-01-01 01:06:13,249175604.54855537
2025-01-01 01:06:14,247703741.45815822
2025-01-01 01:06:15,240113358.02176565
2025-01-01 01:06:16,242190604.0769436
2025-01-01 01:06:17,245170225.25134417
2025-01-01 01:06:18,240969879.05256537
2025-01-01 01:06:19,243374403.87470633
2025-01-01 01:06:20,237652849.65311548
2025-01-01 01:06:21,239178466.37680578
2025-01-01 01:06:22,244623035.3569572
2025-01-01 01:06:23,246145768.16813496
2025-01-01 01:06:24,242198851.8774615
2025-01-01 01:06:25,252145505.50340572
2025-01-01 01:06:26,248833076.86531407
2025-01-01 01:06:27,247606879.6572872
2025-01-01 01:06:28,249489062.06988886
2025-01-01 01:06:29,251744271.15397066
2025-01-01 01:06:30,248137579.70798725
2025-01-01 01:06:31,250961104.2691422
2025-01-01 01:06:32,256678810.74265552
2025-01-01 01:06:33,248858935.4370597
2025-01-01 01:06:34,249475780.4853116
2025-01-01 01:06:35,248459488.12410644
2025-01-01 01:06:36,250413512.48566478
2025-01-01 01:06:37,241773173.7803788
2025-01-01 01:06:38,249984699.9665051
2025-01-01 01:06:39,255712589.15113232
2025-01-01 01:06:40,253151514.25191107
2025-01-01 01:06:41,252758920.69012114
2025-01-01 01:06:42,243215358.4442258
2025-01-01 01:06:43,252111935.73128366
2025-01-01 01:06:44,251980437.83215326
2025-01-01 01:06:45,245814343.6394239
2025-01-01 01:06:46,238184167.614344
2025-01-01 01:06:47,245546558.74448782
2025-01-01 01:06:48,241878121.94588697
2025-01-01 01:06:49,246301053.98494107
2025-01-01 01:06:50,243600221.71245602
2025-01-01 01:06:51,240552560.48551473
2025-01-01 01:06:52,248395461.46999782
2025-01-01 01:06:53,242096849.2146858
2025-01-01 01:06:54,245608363.45227107
2025-01-01 01:06:55,237601032.91250563
2025-01-01 01:06:56,242089721.29814538
2025-01-01 01:06:57,240531817.38195145
2025-01-01 01:06:58,245584652.04471213
2025-01-01 01:06:59,240982603.86083984
2025-01-01 01:07:00,236246688.19670388
2025-01-01 01:07:01,235361289.89046755
2025-01-01 01:07:02,239053494.3424327
2025-01-01 01:07:03,241921525.97619134
2025-01-01 01:07:04,239714068.10701227
2025-01-01 01:07:05,244759016.58268958
2025-01-01 01:07:06,250126682.56208417
2025-01-01 01:07:07,242430010.28014895
2025-01-01 01:07:08,241861190.5602611
2025-01-01 01:07:09,240163092.2653012
2025-01-01 01:07:10,246353390.49881533
2025-01-01 01:07:11,247311375.8632344
2025-01-01 01:07:12,239594774.3177476
2025-01-01 01:07:13,244567235.50893092
2025-01-01 01:07:14,246160750.6047667
2025-01-01 01:07:15,246748793.0872303
2025-01-01 01:07:16,242406926.87903628
2025-01-01 01:07:17,244310402.74884892
2025-01-01 01:07:18,248474881.41143003
2025-01-01 01:07:19,242520962.5725138
2025-01-01 01:07:20,248808883.05730605
2025-01-01 01:07:21,246674670.79158723
2025-01-01 01:07:22,246045688.91937378
2025-01-01 01:07:23,238022584.51008037
2025-01-01 01:07:24,243043904.06858602
2025-01-01 01:07:25,245768404.89017195
2025-01-01 01:07:26,241261437.00733975
2025-01-01 01:07:27,244226441.32082224
2025-01-01 01:07:28,246113890.24627987
2025-01-01 01:07:29,245367898.77635512
2025-01-01 01:07:30,242775466.8512598
2025-01-01 01:07:31,245898380.5637199
2025-01-01 01:07:32,240130031.52809688
2025-01-01 01:07:33,239109352.87099528
2025-01-01 01:07:34,241088055.60879135
2025-01-01 01:07:35,239408997.04945695
2025-01-01 01:07:36,239552648.6509134
2025-01-01 01:07:37,241852132.70700204
2025-01-01 01:07:38,247906598.85749847
2025-01-01 01:07:39,247893212.3210934
2025-01-01 01:07:40,242880057.5893547
2025-01-01 01:07:41,245689018.83643413
2025-01-01 01:07:42,247538958.2793623
2025-01-01 01:07:43,252220243.4108085
2025-01-01 01:07:44,251200369.5704616
2025-01-01 01:07:45,247622116.46117702
2025-01-01 01:07:46,251904844.0458837
2025-01-01 01:07:47,258504117.46582267
2025-01-01 01:07:48,250643458.6723817
2025-01-01 01:07:49,245602131.23474386
2025-01-01 01:07:50,245960890.0569956
2025-01-01 01:07:51,244262993.11512685
2025-01-01 01:07:52,250549590.75728858
2025-01-01 01:07:53,250531108.3290644
2025-01-01 01:07:54,244035173.16029412
2025-01-01 01:07:55,248612320.7105884
2025-01-01 01:07:56,250635110.86680865
2025-01-01 01:07:57,246727752.19823962
2025-01-01 01:07:58,245060660.24063602
2025-01-01 01:07:59,238121280.83632705
2025-01-01 01:08:00,247810478.9248282
2025-01-01 01:08:01,245056677.95403314
2025-01-01 01:08:02,245513114.432998
2025-01-01 01:08:03,238488228.15203494
2025-01-01 01:08:04,245459802.42746556
2025-01-01 01:08:05,247960907.84650916
2025-01-01 01:08:06,252674882.48392418
2025-01-01 01:08:07,248183764.17561832
2025-01-01 01:08:08,243564438.10423478
2025-01-01 01:08:09,248339829.5961506
2025-01-01 01:08:10,252823377.84797347
2025-01-01 01:08:11,251406276.03330994
2025-01-01 01:08:12,250785547.7255589
2025-01-01 01:08:13,244876542.9781488
2025-01-01 01:08:14,251457235.1042343
2025-01-01 01:08:15,250446409.38822886
2025-01-01 01:08:16,244937582.60880166
2025-01-01 01:08:17,248405250.75424558
2025-01-01 01:08:18,247450003.70719117
2025-01-01 01:08:19,251285937.37273967
2025-01-01 01:08:20,250827117.89949554
2025-01-01 01:08:21,250961755.3839471
2025-01-01 01:08:22,243752886.11226097
2025-01-01 01:08:23,245172408.37462577
2025-01-01 01:08:24,242741943.1511953
2025-01-01 01:08:25,251841240.8254553
2025-01-01 01:08:26,248973642.11711374
2025-01-01 01:08:27,249010063.46813846
2025-01-01 01:08:28,252778829.4138072
2025-01-01 01:08:29,249506235.95201614
2025-01-01 01:08:30,247801790.06817797
2025-01-01 01:08:31,254738073.19519347
2025-01-01 01:08:32,256573865.23311833
2025-01-01 01:08:33,247824856.50826856
2025-01-01 01:08:34,247807716.44273046
2025-01-01 01:08:35,251547977.51242042
2025-01-01 01:08:36,254047784.77963555
2025-01-01 01:08:37,250763614.2396732
2025-01-01 01:08:38,247671131.4625327
2025-01-01 01:08:39,245726319.52197662
2025-01-01 01:08:40,246454435.74443835
2025-01-01 01:08:41,242441856.79885504
2025-01-01 01:08:42,245488402.84860852
2025-01-01 01:08:43,246256695.04732013
2025-01-01 01:08:44,250969330.66157454
2025-01-01 01:08:45,251478949.03316593
2025-01-01 01:08:46,247781614.05828178
2025-01-01 01:08:47,250699710.7726993
2025-01-01 01:08:48,248217019.72542268
2025-01-01 01:08:49,246609144.68781722
2025-01-01 01:08:50,252464130.69224763
2025-01-01 01:08:51,242484615.772245
2025-01-01 01:08:52,245943284.23857495
2025-01-01 01:08:53,247330607.32244667
2025-01-01 01:08:54,247350462.31979412
2025-01-01 01:08:55,250357167.44355977
2025-01-01 01:08:56,252160775.80124056
2025-01-01 01:08:57,253043080.36595556
2025-01-01 01:08:58,247199072.95638677
2025-01-01 01:08:59,245831536.5140834
2025-01-01 01:09:00,248794695.39855382
2025-01-01 01:09:01,248587846.47148696
2025-01-01 01:09:02,245707150.5041449
2025-01-01 01:09:03,240443394.3519789
2025-01-01 01:09:04,247957387.48832718
2025-01-01 01:09:05,247631356.695234
2025-01-01 01:09:06,243609761.01443702
2025-01-01 01:09:07,249329067.40784892
2025-01-01 01:09:08,254158651.83761707
2025-01-01 01:09:09,245901107.74459025
2025-01-01 01:09:10,244880319.46140653
2025-01-01 01:09:11,248746569.67679402
2025-01-01 01:09:12,247509544.08268172
2025-01-01 01:09:13,251459097.73940092
2025-01-01 01:09:14,247973467.7064416
2025-01-01 01:09:15,249313773.9707281
2025-01-01 01:09:16,248581337.72054952
2025-01-01 01:09:17,248507147.31401694
2025-01-01 01:09:18,254235110.6415981
2025-01-01 01:09:19,250464512.67352223
2025-01-01 01:09:20,251772942.36949
2025-01-01 01:09:21,249448517.68744865
2025-01-01 01:09:22,247202284.29454073
2025-01-01 01:09:23,245995102.98107362
2025-01-01 01:09:24,253429848.8995746
2025-01-01 01:09:25,253275401.17662284
2025-01-01 01:09:26,248360806.89427307
2025-01-01 01:09:27,247830452.11351237
2025-01-01 01:09:28,245131214.9151563
2025-01-01 01:09:29,248927722.958897
2025-01-01 01:09:30,248630190.8377718
2025-01-01 01:09:31,252803211.28876585
2025-01-01 01:09:32,250505975.6356577
2025-01-01 01:09:33,245927982.0109323
2025-01-01 01:09:34,253814938.2098818
2025-01-01 01:09:35,251351934.8534055
2025-01-01 01:09:36,254756848.03871536
2025-01-01 01:09:37,249267490.81224352
2025-01-01 01:09:38,247588041.78477386
2025-01-01 01:09:39,243937591.0546869
2025-01-01 01:09:40,246874699.71193242
2025-01-01 01:09:41,235688772.39775157
2025-01-01 01:09:42,239781148.79738405
2025-01-01 01:09:43,242490762.7104467
2025-01-01 01:09:44,233554485.32075387
2025-01-01 01:09:45,240440258.79363015
2025-01-01 01:09:46,245762217.8561478
2025-01-01 01:09:47,242661449.04452905
2025-01-01 01:09:48,243588169.39609006
2025-01-01 01:09:49,243741839.78212023
2025-01-01 01:09:50,242634027.75629583
2025-01-01 01:09:51,236006319.3557189
2025-01-01 01:09:52,242853110.74773562
2025-01-01 01:09:53,247883531.89713326
2025-01-01 01:09:54,247471805.06215137
2025-01-01 01:09:55,246483252.74615854
2025-01-01 01:09:56,253627359.71444908
2025-01-01 01:09:57,248835864.11160922
2025-01-01 01:09:58,247945364.33132634
2025-01-01 01:09:59,245247704.86740726
2025-01-01 01:10:00,243406514.62646383
2025-01-01 01:10:01,243663469.7337222
2025-01-01 01:10:02,243417691.6231754
2025-01-01 01:10:03,247332037.8281087
2025-01-01 01:10:04,248051546.6204879
2025-01-01 01:10:05,251725794.96341404
2025-01-01 01:10:06,253141978.67479652
2025-01-01 01:10:07,252273618.63422176
2025-01-01 01:10:08,248008836.92879415
2025-01-01 01:10:09,245956531.72058064
2025-01-01 01:10:10,245997533.72835857
2025-01-01 01:10:11,243107805.74513683
2025-01-01 01:10:12,241243099.40732837
2025-01-01 01:10:13,237055954.38655746
2025-01-01 01:10:14,237875788.58664346
2025-01-01 01:10:15,239415838.54774216
2025-01-01 01:10:16,245836264.50163957
2025-01-01 01:10:17,243912665.49473038
2025-01-01 01:10:18,252299078.8720881
2025-01-01 01:10:19,249583918.03634822
2025-01-01 01:10:20,257141607.00609773
2025-01-01 01:10:21,249596988.60801473
2025-01-01 01:10:22,245195442.31434157
2025-01-01 01:10:23,252192184.1624453
2025-01-01 01:10:24,250805231.37222734
2025-01-01 01:10:25,250593824.80025852
2025-01-01 01:10:26,252388826.5278838
2025-01-01 01:10:27,254516768.0119248
2025-01-01 01:10:28,252711317.4928245
2025-01-01 01:10:29,247592265.4716387
2025-01-01 01:10:30,252770521.378965
2025-01-01 01:10:31,255945642.42697197
2025-01-01 01:10:32,252555626.13789335
2025-01-01 01:10:33,254290465.73068172
2025-01-01 01:10:34,255671182.8060161
2025-01-01 01:10:35,242885488.30456877
2025-01-01 01:10:36,249597008.8780723
2025-01-01 01:10:37,253770988.96473125
2025-01-01 01:10:38,251862470.91024324
2025-01-01 01:10:39,249976128.72525406
2025-01-01 01:10:40,252157113.05317017
2025-01-01 01:10:41,251097261.37923917
2025-01-01 01:10:42,252045144.4873961
2025-01-01 01:10:43,247454721.34471312
2025-01-01 01:10:44,253820805.59299356
2025-01-01 01:10:45,247221928.83242315
2025-01-01 01:10:46,251668093.292762
2025-01-01 01:10:47,248664491.9827768
2025-01-01 01:10:48,248607840.8541489
2025-01-01 01:10:49,238253733.225034
2025-01-01 01:10:50,238888749.6741254
2025-01-01 01:10:51,243128602.64060238
2025-01-01 01:10:52,247963642.07052556
2025-01-01 01:10:53,247165619.19055402
2025-01-01 01:10:54,247680965.68938655
2025-01-01 01:10:55,244295176.80102527
2025-01-01 01:10:56,244624095.17660308
2025-01-01 01:10:57,246825828.43453747
2025-01-01 01:10:58,253320284.55166164
2025-01-01 01:10:59,259470802.5461323
2025-01-01 01:11:00,253999021.68380687
2025-01-01 01:11:01,256510917.08714193
2025-01-01 01:11:02,259673670.6725842
2025-01-01 01:11:03,254856974.51084706
2025-01-01 01:11:04,257924120.84369424
2025-01-01 01:11:05,247189014.7722479
2025-01-01 01:11:06,253468273.61145553
2025-01-01 01:11:07,248961565.13303232
2025-01-01 01:11:08,247448737.22889316
2025-01-01 01:11:09,243080305.75074553
2025-01-01 01:11:10,242834824.19561642
2025-01-01 01:11:11,249521756.20578966
2025-01-01 01:11:12,246998203.09308597
2025-01-01 01:11:13,249957876.8533229
2025-01-01 01:11:14,250604957.63130984
2025-01-01 01:11:15,250474809.83695367
2025-01-01 01:11:16,248903363.7404664
2025-01-01 01:11:17,250491501.9987875
2025-01-01 01:11:18,251130448.95380336
2025-01-01 01:11:19,252017322.7388659
2025-01-01 01:11:20,248123663.29589713
2025-01-01 01:11:21,248381818.7229963
2025-01-01 01:11:22,241717620.93620056
2025-01-01 01:11:23,243933642.14446047
2025-01-01 01:11:24,245724414.87438756
2025-01-01 01:11:25,242933475.2163313
2025-01-01 01:11:26,252439113.78100166
2025-01-01 01:11:27,249509503.65105656
2025-01-01 01:11:28,249297272.55223224
2025-01-01 01:11:29,249061011.95967585
2025-01-01 01:11:30,250204294.9966608
2025-01-01 01:11:31,249306340.27264297
2025-01-01 01:11:32,249301169.87433395
2025-01-01 01:11:33,251334239.35365498
2025-01-01 01:11:34,251276912.32476717
2025-01-01 01:11:35,245518370.3227649
2025-01-01 01:11:36,250527769.64226815
2025-01-01 01:11:37,244670371.45997438
2025-01-01 01:11:38,245276070.54309645
2025-01-01 01:11:39,244396867.29711774
2025-01-01 01:11:40,251304036.6934165
2025-01-01 01:11:41,247399743.8039878
2025-01-01 01:11:42,253963204.33322215
2025-01-01 01:11:43,256477669.08343056
2025-01-01 01:11:44,260299772.97275218
2025-01-01 01:11:45,261784982.76439768
2025-01-01 01:11:46,250215271.2056659
2025-01-01 01:11:47,250924291.01322523
2025-01-01 01:11:48,258562842.24643332
2025-01-01 01:11:49,258674054.38621154
2025-01-01 01:11:50,255310143.93585518
2025-01-01 01:11:51,261445899.01641756
2025-01-01 01:11:52,251623708.31912994
2025-01-01 01:11:53,252369595.0136962
2025-01-01 01:11:54,250694683.87482628
2025-01-01 01:11:55,250263018.1428549
2025-01-01 01:11:56,247587891.95607188
2025-01-01 01:11:57,249024729.72592568
2025-01-01 01:11:58,253198711.35262746
2025-01-01 01:11:59,247578629.0585902
2025-01-01 01:12:00,254719664.6883949
2025-01-01 01:12:01,246517458.27300966
2025-01-01 01:12:02,251325775.57024887
2025-01-01 01:12:03,246404458.30243242
2025-01-01 01:12:04,241318585.11069185
2025-01-01 01:12:05,247535274.63216686
2025-01-01 01:12:06,249299574.8557205
2025-01-01 01:12:07,254975548.67388317
2025-01-01 01:12:08,252007141.785376
2025-01-01 01:12:09,256004103.2254885
2025-01-01 01:12:10,258350563.56811038
2025-01-01 01:12:11,254625882.52417937
2025-01-01 01:12:12,256871132.24360472
2025-01-01 01:12:13,251920515.99873593
2025-01-01 01:12:14,253340249.60758325
2025-01-01 01:12:15,243884015.883179
2025-01-01 01:12:16,246005531.00640628
2025-01-01 01:12:17,252214784.8609138
2025-01-01 01:12:18,248715196.84921622
2025-01-01 01:12:19,250244216.43668938
2025-01-01 01:12:20,249442510.1280931
2025-01-01 01:12:21,241714542.07087573
2025-01-01 01:12:22,251953021.04857546
2025-01-01 01:12:23,250449644.01984453
2025-01-01 01:12:24,244058946.28966507
2025-01-01 01:12:25,245996694.74084932
2025-01-01 01:12:26,245610107.77706268
2025-01-01 01:12:27,250274903.96603206
2025-01-01 01:12:28,248465379.75419414
2025-01-01 01:12:29,243455454.373694
2025-01-01 01:12:30,245176696.57274383
2025-01-01 01:12:31,243696477.30515227
2025-01-01 01:12:32,242819594.52863613
2025-01-01 01:12:33,246923935.44224432
2025-01-01 01:12:34,251449172.70158932
2025-01-01 01:12:35,245996278.88380018
2025-01-01 01:12:36,246754367.1774638
2025-01-01 01:12:37,247617505.5480153
2025-01-01 01:12:38,250838014.40710703
2025-01-01 01:12:39,249561932.28165284
2025-01-01 01:12:40,249684260.7935614
2025-01-01 01:12:41,246477836.0852106
2025-01-01 01:12:42,245191704.61702105
2025-01-01 01:12:43,252539470.89173836
2025-01-01 01:12:44,251744147.42907265
2025-01-01 01:12:45,251048863.72989222
2025-01-01 01:12:46,251941847.72350854
2025-01-01 01:12:47,253389081.13159233
2025-01-01 01:12:48,253570869.55245268
2025-01-01 01:12:49,258477457.84480503
2025-01-01 01:12:50,250154834.33779538
2025-01-01 01:12:51,252224973.08394578
2025-01-01 01:12:52,250086858.46049592
2025-01-01 01:12:53,238405314.60693184
2025-01-01 01:12:54,237978621.17370734
2025-01-01 01:12:55,244677237.96629524
2025-01-01 01:12:56,246041741.07435757
2025-01-01 01:12:57,243637539.96747074
2025-01-01 01:12:58,247198844.36067694
2025-01-01 01:12:59,243249699.26531413
2025-01-01 01:13:00,242849847.7889525
2025-01-01 01:13:01,247429197.93545842
2025-01-01 01:13:02,241440848.13869175
2025-01-01 01:13:03,242449867.79202282
2025-01-01 01:13:04,240316392.5826593
2025-01-01 01:13:05,233862634.6735173
2025-01-01 01:13:06,239188016.24584377
2025-01-01 01:13:07,238032706.29447344
2025-01-01 01:13:08,236211982.43326944
2025-01-01 01:13:09,236123173.80459535
2025-01-01 01:13:10,234055178.49326497
2025-01-01 01:13:11,236713079.3802953
2025-01-01 01:13:12,240908702.5034405
2025-01-01 01:13:13,238705037.0106581
2025-01-01 01:13:14,244283269.86087632
2025-01-01 01:13:15,244539373.22110415
2025-01-01 01:13:16,244102156.70917842
2025-01-01 01:13:17,239652606.40458837
2025-01-01 01:13:18,239264802.46317807
2025-01-01 01:13:19,243310755.0671939
2025-01-01 01:13:20,242164826.60177281
2025-01-01 01:13:21,243027362.22622296
2025-01-01 01:13:22,239263960.7053161
2025-01-01 01:13:23,244625636.1284268
2025-01-01 01:13:24,244755330.50261855
2025-01-01 01:13:25,239350545.15439606
2025-01-01 01:13:26,242750487.05761763
2025-01-01 01:13:27,240135449.51227322
2025-01-01 01:13:28,239082498.88507998
2025-01-01 01:13:29,237349333.78532696
2025-01-01 01:13:30,235092578.62508547
2025-01-01 01:13:31,242246832.94507578
2025-01-01 01:13:32,239020393.58274034
2025-01-01 01:13:33,239478228.24814013
2025-01-01 01:13:34,239184269.27631116
2025-01-01 01:13:35,241370836.65919998
2025-01-01 01:13:36,239531737.4595261
2025-01-01 01:13:37,244313521.03326753
2025-01-01 01:13:38,243812258.76016742
2025-01-01 01:13:39,246246178.80725965
2025-01-01 01:13:40,248007144.9736597
2025-01-01 01:13:41,247202795.13984495
2025-01-01 01:13:42,243401029.29988462
2025-01-01 01:13:43,243650963.23848775
2025-01-01 01:13:44,241352724.99942404
2025-01-01 01:13:45,238239987.41944525
2025-01-01 01:13:46,246398607.55452263
2025-01-01 01:13:47,241836567.71377993
2025-01-01 01:13:48,242320671.22825903
2025-01-01 01:13:49,242134405.75230107
2025-01-01 01:13:50,238732396.295989
2025-01-01 01:13:51,241782922.46326056
2025-01-01 01:13:52,238765715.205569
2025-01-01 01:13:53,240178261.29066998
2025-01-01 01:13:54,240047995.57491878
2025-01-01 01:13:55,242723542.44634882
2025-01-01 01:13:56,241209586.85791084
2025-01-01 01:13:57,241857581.4530959
2025-01-01 01:13:58,246131202.80233034
2025-01-01 01:13:59,248733326.18618587
2025-01-01 01:14:00,249995322.86783868
2025-01-01 01:14:01,249017393.38537118
2025-01-01 01:14:02,246999227.7198926
2025-01-01 01:14:03,253141286.2155521
2025-01-01 01:14:04,251316443.32493487
2025-01-01 01:14:05,247173525.35100418
2025-01-01 01:14:06,251293368.13023475
2025-01-01 01:14:07,252174818.1755038
2025-01-01 01:14:08,252613410.89007694
2025-01-01 01:14:09,250639863.03743696
2025-01-01 01:14:10,250089924.8541473
2025-01-01 01:14:11,254028265.99501985
2025-01-01 01:14:12,252429439.1352014
2025-01-01 01:14:13,247002875.98852447
2025-01-01 01:14:14,248500346.5619093
2025-01-01 01:14:15,244891441.5976833
2025-01-01 01:14:16,245687435.1785782
2025-01-01 01:14:17,246189383.75328344
2025-01-01 01:14:18,247461923.37907177
2025-01-01 01:14:19,246650528.45709762
2025-01-01 01:14:20,255942137.81681356
2025-01-01 01:14:21,249489291.72402588
2025-01-01 01:14:22,252165474.45450124
2025-01-01 01:14:23,246643142.50498593
2025-01-01 01:14:24,242278959.39530936
2025-01-01 01:14:25,246696790.98563302
2025-01-01 01:14:26,247544616.05291817
2025-01-01 01:14:27,254495821.4802964
2025-01-01 01:14:28,253397879.1082991
2025-01-01 01:14:29,250863067.4210881
2025-01-01 01:14:30,249766534.10604104
2025-01-01 01:14:31,251001272.81237838
2025-01-01 01:14:32,254759613.14633968
2025-01-01 01:14:33,250443965.72465485
2025-01-01 01:14:34,249003041.3767163
2025-01-01 01:14:35,251206335.70896187
2025-01-01 01:14:36,252214876.41675413
2025-01-01 01:14:37,248750462.65585116
2025-01-01 01:14:38,249655404.7088539
2025-01-01 01:14:39,251054222.81468874
2025-01-01 01:14:40,254406802.95361564
2025-01-01 01:14:41,253039718.42379996
2025-01-01 01:14:42,250358083.8208618
2025-01-01 01:14:43,255149709.85016498
2025-01-01 01:14:44,245637866.26560614
2025-01-01 01:14:45,248604801.31364056
2025-01-01 01:14:46,249135218.7317325
2025-01-01 01:14:47,253993527.84198436
2025-01-01 01:14:48,249601560.97804156
2025-01-01 01:14:49,244237076.9020681
2025-01-01 01:14:50,251050199.64009535
2025-01-01 01:14:51,247078022.4685532
2025-01-01 01:14:52,242888454.31802383
2025-01-01 01:14:53,244351076.957827
2025-01-01 01:14:54,251930195.3856011
2025-01-01 01:14:55,249822332.36575758
2025-01-01 01:14:56,250590390.61174643
2025-01-01 01:14:57,250076021.2739524
2025-01-01 01:14:58,243050995.56433743
2025-01-01 01:14:59,251948070.38907766
2025-01-01 01:15:00,252087411.02319708
2025-01-01 01:15:01,250707225.11478835
2025-01-01 01:15:02,251760816.25104234
2025-01-01 01:15:03,253220400.32077348
2025-01-01 01:15:04,247204444.0171985
2025-01-01 01:15:05,247523556.95646656
2025-01-01 01:15:06,242394520.5005966
2025-01-01 01:15:07,252587031.6094206
2025-01-01 01:15:08,249481897.596409
2025-01-01 01:15:09,248876138.74781618
2025-01-01 01:15:10,251888410.02687514
2025-01-01 01:15:11,250050356.1452806
2025-01-01 01:15:12,246530285.53469995
2025-01-01 01:15:13,251849996.42308867
2025-01-01 01:15:14,249731484.55161026
2025-01-01 01:15:15,245960399.03463405
2025-01-01 01:15:16,245378187.73541677
2025-01-01 01:15:17,250341476.37205935
2025-01-01 01:15:18,246419291.883557
2025-01-01 01:15:19,246408248.25291383
2025-01-01 01:15:20,246492188.17628843
2025-01-01 01:15:21,246637777.14405295
2025-01-01 01:15:22,245896579.0867187
2025-01-01 01:15:23,255381720.99850908
2025-01-01 01:15:24,251831098.35645974
2025-01-01 01:15:25,252444809.10696438
2025-01-01 01:15:26,251799883.40944147
2025-01-01 01:15:27,250107291.85853687
2025-01-01 01:15:28,247270723.8415387
2025-01-01 01:15:29,249026890.6442616
2025-01-01 01:15:30,249643334.63144976
2025-01-01 01:15:31,248501035.7660285
2025-01-01 01:15:32,250066524.16633278
2025-01-01 01:15:33,257108548.43371817
2025-01-01 01:15:34,250708408.23300478
2025-01-01 01:15:35,250060472.39594954
2025-01-01 01:15:36,246608043.08840397
2025-01-01 01:15:37,248311240.56879616
2025-01-01 01:15:38,247560019.3073724
2025-01-01 01:15:39,248011231.6825389
2025-01-01 01:15:40,256348843.76244098
2025-01-01 01:15:41,249491518.10244802
2025-01-01 01:15:42,248998586.7414871
2025-01-01 01:15:43,245197619.4055969
2025-01-01 01:15:44,247395521.2010933
2025-01-01 01:15:45,256119066.83195138
2025-01-01 01:15:46,252593112.03636572
2025-01-01 01:15:47,248266123.5670412
2025-01-01 01:15:48,247057508.94486392
2025-01-01 01:15:49,242658083.28740877
2025-01-01 01:15:50,244454544.80750686
2025-01-01 01:15:51,246303160.1212151
2025-01-01 01:15:52,248628351.52594745
2025-01-01 01:15:53,249069491.56815153
2025-01-01 01:15:54,244484506.87465084
2025-01-01 01:15:55,242706391.24261105
2025-01-01 01:15:56,248750706.5313357
2025-01-01 01:15:57,245579035.84166342
2025-01-01 01:15:58,241468204.61471725
2025-01-01 01:15:59,251768539.9646507
2025-01-01 01:16:00,244222196.8729882
2025-01-01 01:16:01,244047814.18563288
2025-01-01 01:16:02,243764793.57642257
2025-01-01 01:16:03,246119090.85452864
2025-01-01 01:16:04,243317069.7393034
2025-01-01 01:16:05,247014820.93806043
2025-01-01 01:16:06,250491667.93948826
2025-01-01 01:16:07,249541426.63987842
2025-01-01 01:16:08,250244948.3645669
2025-01-01 01:16:09,257297436.4964557
2025-01-01 01:16:10,248172477.2369389
2025-01-01 01:16:11,252320697.6011943
2025-01-01 01:16:12,255507464.02246296
2025-01-01 01:16:13,249505763.51738527
2025-01-01 01:16:14,248123393.10351035
2025-01-01 01:16:15,256989654.07033938
2025-01-01 01:16:16,245288437.32451606
2025-01-01 01:16:17,248711706.10462013
2025-01-01 01:16:18,253724116.76628962
2025-01-01 01:16:19,253465442.73001474
2025-01-01 01:16:20,253353117.09838971
2025-01-01 01:16:21,248817791.71051311
2025-01-01 01:16:22,246372681.9013791
2025-01-01 01:16:23,247769660.9764871
2025-01-01 01:16:24,248976551.30075872
2025-01-01 01:16:25,251843974.50741473
2025-01-01 01:16:26,255019050.27224165
2025-01-01 01:16:27,254036871.51709074
2025-01-01 01:16:28,249149596.37195897
2025-01-01 01:16:29,249890469.1464877
2025-01-01 01:16:30,248168650.64780357
2025-01-01 01:16:31,250629251.1409056
2025-01-01 01:16:32,243542733.2106983
2025-01-01 01:16:33,243641372.2808702
2025-01-01 01:16:34,251064047.2974219
2025-01-01 01:16:35,251492880.09914473
2025-01-01 01:16:36,250834051.53926834
2025-01-01 01:16:37,248028208.64674595
2025-01-01 01:16:38,242102171.42909276
2025-01-01 01:16:39,240003504.0046878
2025-01-01 01:16:40,241540009.7513011
2025-01-01 01:16:41,240442936.59882534
2025-01-01 01:16:42,235532579.36301816
2025-01-01 01:16:43,240232198.45638505
2025-01-01 01:16:44,244181961.71072304
2025-01-01 01:16:45,247224820.40900287
2025-01-01 01:16:46,248875187.66061747
2025-01-01 01:16:47,245302384.47378725
2025-01-01 01:16:48,241819523.8499893
2025-01-01 01:16:49,239889866.62479055
2025-01-01 01:16:50,243442984.68811756
2025-01-01 01:16:51,243470932.25198114
2025-01-01 01:16:52,242999471.19728312
2025-01-01 01:16:53,242639594.5593513
2025-01-01 01:16:54,246869667.6011723
2025-01-01 01:16:55,244180335.21144843
2025-01-01 01:16:56,246223047.66456363
2025-01-01 01:16:57,245777414.263267
2025-01-01 01:16:58,244391431.41197383
2025-01-01 01:16:59,245615837.00759912
2025-01-01 01:17:00,245815992.69588968
2025-01-01 01:17:01,237250888.99785352
2025-01-01 01:17:02,239055517.04299524
2025-01-01 01:17:03,245310583.90833005
2025-01-01 01:17:04,248786898.4949009
2025-01-01 01:17:05,252214166.9826333
2025-01-01 01:17:06,246840388.81291234
2025-01-01 01:17:07,242596652.6270222
2025-01-01 01:17:08,244843634.37708998
2025-01-01 01:17:09,238812139.87880257
2025-01-01 01:17:10,245141419.27001947
2025-01-01 01:17:11,240210406.90999052
2025-01-01 01:17:12,239338267.57098815
2025-01-01 01:17:13,247768938.61634925
2025-01-01 01:17:14,249608277.2630034
2025-01-01 01:17:15,256172425.22888228
2025-01-01 01:17:16,253045225.96901187
2025-01-01 01:17:17,247192182.9988023
2025-01-01 01:17:18,249687052.87195554
2025-01-01 01:17:19,249886189.6115368
2025-01-01 01:17:20,249377341.3025101
2025-01-01 01:17:21,244552595.15125635
2025-01-01 01:17:22,248663932.0331542
2025-01-01 01:17:23,245543388.87737867
2025-01-01 01:17:24,249246043.9519891
2025-01-01 01:17:25,252691194.49876326
2025-01-01 01:17:26,249229355.75695193
2025-01-01 01:17:27,250075654.3561356
2025-01-01 01:17:28,250857849.90783486
2025-01-01 01:17:29,250061930.17718577
2025-01-01 01:17:30,248206824.1351717
2025-01-01 01:17:31,247528469.37045616
2025-01-01 01:17:32,247871516.81407067
2025-01-01 01:17:33,245705922.66585118
2025-01-01 01:17:34,249018610.37432536
2025-01-01 01:17:35,247044731.40445408
2025-01-01 01:17:36,248064329.51228634
2025-01-01 01:17:37,246031319.9795364
2025-01-01 01:17:38,242479361.64652947
2025-01-01 01:17:39,245521338.63570726
2025-01-01 01:17:40,242708370.11173627
2025-01-01 01:17:41,242509579.06714758
2025-01-01 01:17:42,246446401.132348
2025-01-01 01:17:43,247581808.9105269
2025-01-01 01:17:44,250025734.8209443
2025-01-01 01:17:45,246403075.7364644
2025-01-01 01:17:46,244327515.92433488
2025-01-01 01:17:47,248374952.29208797
2025-01-01 01:17:48,248129625.3813689
2025-01-01 01:17:49,252410111.47241807
2025-01-01 01:17:50,249177689.9046972
2025-01-01 01:17:51,253576879.56763765
2025-01-01 01:17:52,250258017.86881313
2025-01-01 01:17:53,246490804.13558748
2025-01-01 01:17:54,244864236.5921505
2025-01-01 01:17:55,243815094.96298987
2025-01-01 01:17:56,245595169.2874487
2025-01-01 01:17:57,242779594.7660943
2025-01-01 01:17:58,247294764.07786387
2025-01-01 01:17:59,243525535.03372565
2025-01-01 01:18:00,244877388.98863608
2025-01-01 01:18:01,245935998.73564744
2025-01-01 01:18:02,244935763.96597928
2025-01-01 01:18:03,248452498.63580012
2025-01-01 01:18:04,248894036.68957403
2025-01-01 01:18:05,245523378.63050708
2025-01-01 01:18:06,246134669.36378244
2025-01-01 01:18:07,246153365.15201852
2025-01-01 01:18:08,242319540.45395195
2025-01-01 01:18:09,245819025.4476831
2025-01-01 01:18:10,247141385.03197318
2025-01-01 01:18:11,244653577.22212684
2025-01-01 01:18:12,251265989.96802294
2025-01-01 01:18:13,250931319.44399375
2025-01-01 01:18:14,252089783.85996398
2025-01-01 01:18:15,246563928.3013261
2025-01-01 01:18:16,247483287.46534663
2025-01-01 01:18:17,249427582.42991385
2025-01-01 01:18:18,252167915.48024502
2025-01-01 01:18:19,253796816.5306984
2025-01-01 01:18:20,247651677.63508818
2025-01-01 01:18:21,248012774.3619987
2025-01-01 01:18:22,244413391.8566813
2025-01-01 01:18:23,247271986.96947652
2025-01-01 01:18:24,243961134.24152735
2025-01-01 01:18:25,250988005.7170976
2025-01-01 01:18:26,250641735.14848334
2025-01-01 01:18:27,251629334.87355167
2025-01-01 01:18:28,249798778.0025378
2025-01-01 01:18:29,246265080.45798892
2025-01-01 01:18:30,248382848.12619713
2025-01-01 01:18:31,243799518.80121917
2025-01-01 01:18:32,247470920.2204158
2025-01-01 01:18:33,241639777.18090883
2025-01-01 01:18:34,250398477.88798216
2025-01-01 01:18:35,251017556.2307786
2025-01-01 01:18:36,256961782.28404096
2025-01-01 01:18:37,248675033.26255518
2025-01-01 01:18:38,249077941.64123607
2025-01-01 01:18:39,252894398.26594207
2025-01-01 01:18:40,255472500.98576477
2025-01-01 01:18:41,249745940.83362353
2025-01-01 01:18:42,246339739.347015
2025-01-01 01:18:43,249408099.83617055
2025-01-01 01:18:44,248913919.36554465
2025-01-01 01:18:45,243752489.34133923
2025-01-01 01:18:46,247151004.93305454
2025-01-01 01:18:47,251384305.54562455
2025-01-01 01:18:48,245037443.02014184
2025-01-01 01:18:49,245859476.042373
2025-01-01 01:18:50,243769509.76658827
2025-01-01 01:18:51,248784396.8552097
2025-01-01 01:18:52,248146410.34705618
2025-01-01 01:18:53,248904369.2140176
2025-01-01 01:18:54,248403654.7834148
2025-01-01 01:18:55,248956575.29693562
2025-01-01 01:18:56,247534073.7585939
2025-01-01 01:18:57,252280687.64396358
2025-01-01 01:18:58,250894030.81869295
2025-01-01 01:18:59,255693306.3297547
2025-01-01 01:19:00,250401293.410765
2025-01-01 01:19:01,248884654.0897921
2025-01-01 01:19:02,246550088.0039699
2025-01-01 01:19:03,243300818.8659951
2025-01-01 01:19:04,246441006.07265955
2025-01-01 01:19:05,248671162.83841825
2025-01-01 01:19:06,249520413.37309128
2025-01-01 01:19:07,247644309.06656253
2025-01-01 01:19:08,244815458.84709793
2025-01-01 01:19:09,239435396.89888257
2025-01-01 01:19:10,242719598.52288365
2025-01-01 01:19:11,240836421.72572127
2025-01-01 01:19:12,242724146.79075882
2025-01-01 01:19:13,244314080.6544252
2025-01-01 01:19:14,241065060.79287645
2025-01-01 01:19:15,244432101.4808038
2025-01-01 01:19:16,251276594.52895114
2025-01-01 01:19:17,250025188.50091383
2025-01-01 01:19:18,250024971.5231985
2025-01-01 01:19:19,253162108.77588764
2025-01-01 01:19:20,251611381.27982122
2025-01-01 01:19:21,248523246.18717557
2025-01-01 01:19:22,244256664.03319883
2025-01-01 01:19:23,245666264.35138914
2025-01-01 01:19:24,248345465.8123528
2025-01-01 01:19:25,254611623.67461383
2025-01-01 01:19:26,250226735.98006895
2025-01-01 01:19:27,242665898.55200982
2025-01-01 01:19:28,244597054.03926092
2025-01-01 01:19:29,239088060.86472487
2025-01-01 01:19:30,243226248.52141145
2025-01-01 01:19:31,244413015.75139824
2025-01-01 01:19:32,248955755.0355921
2025-01-01 01:19:33,250357321.53726894
2025-01-01 01:19:34,245158690.79494768
2025-01-01 01:19:35,245163323.7679571
2025-01-01 01:19:36,251609623.66693458
2025-01-01 01:19:37,248207974.12827232
2025-01-01 01:19:38,252928033.92247424
2025-01-01 01:19:39,250743505.77761015
2025-01-01 01:19:40,250183420.30279383
2025-01-01 01:19:41,251931945.3095186
2025-01-01 01:19:42,248793683.86502028
2025-01-01 01:19:43,252482374.57785216
2025-01-01 01:19:44,250453013.68095443
2025-01-01 01:19:45,251697999.5769907
2025-01-01 01:19:46,250163192.0647269
2025-01-01 01:19:47,252700376.45159754
2025-01-01 01:19:48,242811855.23881233
2025-01-01 01:19:49,248078582.9895658
2025-01-01 01:19:50,251581480.42827362
2025-01-01 01:19:51,256295745.37932605
2025-01-01 01:19:52,254805912.21947452
2025-01-01 01:19:53,249961209.9086953
2025-01-01 01:19:54,254684712.68375197
2025-01-01 01:19:55,246796478.6026887
2025-01-01 01:19:56,250393193.6575673
2025-01-01 01:19:57,249228424.91537994
2025-01-01 01:19:58,250868890.82343897
2025-01-01 01:19:59,251421616.13496956
2025-01-01 01:20:00,246981231.4284327
2025-01-01 01:20:01,251462803.23297834
2025-01-01 01:20:02,253578088.19288403
2025-01-01 01:20:03,253864615.88579458
2025-01-01 01:20:04,251003105.54854423
2025-01-01 01:20:05,251106391.4637507
2025-01-01 01:20:06,248148199.3922771
2025-01-01 01:20:07,252248996.64678195
2025-01-01 01:20:08,252585830.94562072
2025-01-01 01:20:09,251357332.71955723
2025-01-01 01:20:10,253838993.54500136
2025-01-01 01:20:11,246957075.5825116
2025-01-01 01:20:12,248681337.74121815
2025-01-01 01:20:13,243205614.23065737
2025-01-01 01:20:14,254119437.6422918
2025-01-01 01:20:15,252515054.9500431
2025-01-01 01:20:16,247056949.22892416
2025-01-01 01:20:17,249217089.10047436
2025-01-01 01:20:18,245839617.06040645
2025-01-01 01:20:19,244711905.72860542
2025-01-01 01:20:20,249579655.37199652
2025-01-01 01:20:21,250255171.9363082
2025-01-01 01:20:22,255114762.4037394
2025-01-01 01:20:23,254642344.59271938
2025-01-01 01:20:24,253711566.12969297
2025-01-01 01:20:25,247620460.23182303
2025-01-01 01:20:26,244241591.96768504
2025-01-01 01:20:27,241299579.52505082
2025-01-01 01:20:28,243864874.4076463
2025-01-01 01:20:29,246407513.8507942
2025-01-01 01:20:30,249872080.4544082
2025-01-01 01:20:31,245630542.92857668
2025-01-01 01:20:32,246848209.7457636
2025-01-01 01:20:33,249096565.03998485
2025-01-01 01:20:34,250549697.3652116
2025-01-01 01:20:35,243156414.5122802
2025-01-01 01:20:36,254697703.9905023
2025-01-01 01:20:37,253000059.96672916
2025-01-01 01:20:38,249070179.43579468
2025-01-01 01:20:39,253740022.91378748
2025-01-01 01:20:40,255027574.92434922
2025-01-01 01:20:41,258496542.32885495
2025-01-01 01:20:42,249998380.61876562
2025-01-01 01:20:43,250459753.75114995
2025-01-01 01:20:44,248946963.9992949
2025-01-01 01:20:45,248773015.64497158
2025-01-01 01:20:46,248289374.45897737
2025-01-01 01:20:47,247396067.2822468
2025-01-01 01:20:48,248313023.85051185
2025-01-01 01:20:49,249930153.02565983
2025-01-01 01:20:50,253472371.78115392
2025-01-01 01:20:51,251686843.08774665
2025-01-01 01:20:52,248715375.26555222
2025-01-01 01:20:53,251017844.98343205
2025-01-01 01:20:54,245350290.0705771
2025-01-01 01:20:55,244553179.70272335
2025-01-01 01:20:56,248887333.27312002
2025-01-01 01:20:57,247080803.3477597
2025-01-01 01:20:58,257457654.69528487
2025-01-01 01:20:59,258583126.61052787
2025-01-01 01:21:00,252207529.01402012
2025-01-01 01:21:01,248299346.0251846
2025-01-01 01:21:02,251740159.0047957
2025-01-01 01:21:03,255327599.1532455
2025-01-01 01:21:04,258038986.5338102
2025-01-01 01:21:05,254349744.2238322
2025-01-01 01:21:06,250921589.93639532
2025-01-01 01:21:07,253346748.94240287
2025-01-01 01:21:08,252479613.98577082
2025-01-01 01:21:09,259999733.27592126
2025-01-01 01:21:10,251910654.647495
2025-01-01 01:21:11,260539329.98593792
2025-01-01 01:21:12,251872702.53533188
2025-01-01 01:21:13,252181883.11795348
2025-01-01 01:21:14,254522066.0047844
2025-01-01 01:21:15,259102523.3936407
2025-01-01 01:21:16,247565260.00174108
2025-01-01 01:21:17,245667766.8372231
2025-01-01 01:21:18,243201123.51730132
2025-01-01 01:21:19,248797674.09680426
2025-01-01 01:21:20,250796136.73774475
2025-01-01 01:21:21,248304946.94295704
2025-01-01 01:21:22,245014161.23229137
2025-01-01 01:21:23,244941086.25478476
2025-01-01 01:21:24,252502122.12111273
2025-01-01 01:21:25,248905815.21093282
2025-01-01 01:21:26,251978685.05703446
2025-01-01 01:21:27,250463723.49402645
2025-01-01 01:21:28,246079061.27274692
2025-01-01 01:21:29,252888552.7830653
2025-01-01 01:21:30,251273715.13520756
2025-01-01 01:21:31,250971924.7473704
2025-01-01 01:21:32,248814017.5101944
2025-01-01 01:21:33,248728519.49368033
2025-01-01 01:21:34,246343731.74242228
2025-01-01 01:21:35,249560639.7690717
2025-01-01 01:21:36,247136676.8828775
2025-01-01 01:21:37,245583652.6905705
2025-01-01 01:21:38,248732573.80747873
2025-01-01 01:21:39,249619968.30156294
2025-01-01 01:21:40,245690947.0323353
2025-01-01 01:21:41,246116740.87869322
2025-01-01 01:21:42,251862194.094374
2025-01-01 01:21:43,241257641.1740738
2025-01-01 01:21:44,249491580.36742848
2025-01-01 01:21:45,250767627.5254671
2025-01-01 01:21:46,251350036.40356445
2025-01-01 01:21:47,249725060.5314721
2025-01-01 01:21:48,247396851.4090011
2025-01-01 01:21:49,251387774.0308626
2025-01-01 01:21:50,253969458.10193482
2025-01-01 01:21:51,252593921.61830238
2025-01-01 01:21:52,253676761.4726823
2025-01-01 01:21:53,252934549.32760778
2025-01-01 01:21:54,247383067.47872958
2025-01-01 01:21:55,243349899.9432295
2025-01-01 01:21:56,247056519.67482117
2025-01-01 01:21:57,249164438.8720797
2025-01-01 01:21:58,245095912.17405978
2025-01-01 01:21:59,249619876.11793575
2025-01-01 01:22:00,254637132.361534
2025-01-01 01:22:01,254005520.16326857
2025-01-01 01:22:02,250796087.31569988
2025-01-01 01:22:03,249121036.29410014
2025-01-01 01:22:04,251006546.20465958
2025-01-01 01:22:05,249311177.4139006
2025-01-01 01:22:06,242702760.9156321
2025-01-01 01:22:07,244283634.2768569
2025-01-01 01:22:08,247345241.3944151
2025-01-01 01:22:09,253237823.62449765
2025-01-01 01:22:10,254017882.03647992
2025-01-01 01:22:11,247147873.19573042
2025-01-01 01:22:12,251562558.5570715
2025-01-01 01:22:13,251848950.17845157
2025-01-01 01:22:14,255218978.2057476
2025-01-01 01:22:15,259397090.24858713
2025-01-01 01:22:16,250220647.85121801
2025-01-01 01:22:17,250363811.05031797
2025-01-01 01:22:18,251043095.96151143
2025-01-01 01:22:19,253147445.04294232
2025-01-01 01:22:20,250577328.10420385
2025-01-01 01:22:21,251510759.10380223
2025-01-01 01:22:22,247023861.3552874
2025-01-01 01:22:23,247889428.60771114
2025-01-01 01:22:24,248327173.70624596
2025-01-01 01:22:25,249019910.4243029
2025-01-01 01:22:26,246041496.71863252
2025-01-01 01:22:27,248977097.81347838
2025-01-01 01:22:28,246477931.11371812
2025-01-01 01:22:29,250784599.53792027
2025-01-01 01:22:30,250815009.58857033
2025-01-01 01:22:31,252265509.20073715
2025-01-01 01:22:32,249454018.72903404
2025-01-01 01:22:33,257447617.03383392
2025-01-01 01:22:34,258471701.3909294
2025-01-01 01:22:35,256055214.02653995
2025-01-01 01:22:36,254506810.4198108
2025-01-01 01:22:37,253204216.9159504
2025-01-01 01:22:38,254434063.12482965
2025-01-01 01:22:39,248453100.78909096
2025-01-01 01:22:40,252466366.41927034
2025-01-01 01:22:41,253329907.4490387
2025-01-01 01:22:42,255611233.0491069
2025-01-01 01:22:43,252473246.43748108
2025-01-01 01:22:44,256157179.88647246
2025-01-01 01:22:45,256802167.3121084
2025-01-01 01:22:46,255018688.11582154
2025-01-01 01:22:47,258751851.62005982
2025-01-01 01:22:48,255707594.37112248
2025-01-01 01:22:49,258992995.98462403
2025-01-01 01:22:50,258185196.5708056
2025-01-01 01:22:51,257711589.1733565
2025-01-01 01:22:52,249256555.7506914
2025-01-01 01:22:53,248760849.95669225
2025-01-01 01:22:54,251474654.21089783
2025-01-01 01:22:55,253268752.59105328
2025-01-01 01:22:56,252546503.2116781
2025-01-01 01:22:57,252714056.42436093
2025-01-01 01:22:58,249668213.5348183
2025-01-01 01:22:59,252873904.18261293
2025-01-01 01:23:00,251421350.240239
2025-01-01 01:23:01,255574631.79788828
2025-01-01 01:23:02,255785376.4121619
2025-01-01 01:23:03,258710814.07191378
2025-01-01 01:23:04,253396601.18872052
2025-01-01 01:23:05,257241107.97402227
2025-01-01 01:23:06,258902595.76034167
2025-01-01 01:23:07,259925717.44362795
2025-01-01 01:23:08,253640520.23963448
2025-01-01 01:23:09,249948190.1834697
2025-01-01 01:23:10,254956308.24237287
2025-01-01 01:23:11,259287477.2134992
2025-01-01 01:23:12,250987854.46337932
2025-01-01 01:23:13,251970061.60368347
2025-01-01 01:23:14,255697293.08583373
2025-01-01 01:23:15,251139528.2154972
2025-01-01 01:23:16,248425918.2561309
2025-01-01 01:23:17,255741332.70458606
2025-01-01 01:23:18,254471578.26874173
2025-01-01 01:23:19,252937007.40848362
2025-01-01 01:23:20,251891843.52061692
2025-01-01 01:23:21,246374106.9167263
2025-01-01 01:23:22,256467360.55886686
2025-01-01 01:23:23,256197055.76864544
2025-01-01 01:23:24,251228538.3737026
2025-01-01 01:23:25,254942867.98098436
2025-01-01 01:23:26,253632727.59030497
2025-01-01 01:23:27,258282180.76768643
2025-01-01 01:23:28,260090656.3313083
2025-01-01 01:23:29,254318495.60590672
2025-01-01 01:23:30,256674773.37752554
2025-01-01 01:23:31,254882548.3844439
2025-01-01 01:23:32,255880494.8722827
2025-01-01 01:23:33,253407723.60970095
2025-01-01 01:23:34,257515620.36408633
2025-01-01 01:23:35,254763596.42821172
2025-01-01 01:23:36,255112394.21521077
2025-01-01 01:23:37,262606734.318083
2025-01-01 01:23:38,262597468.214527
2025-01-01 01:23:39,252403270.8651048
2025-01-01 01:23:40,252817352.66142642
2025-01-01 01:23:41,257645437.16312256
2025-01-01 01:23:42,258809429.02396327
2025-01-01 01:23:43,257717748.85913783
2025-01-01 01:23:44,258924209.89216316
2025-01-01 01:23:45,253994592.39558017
2025-01-01 01:23:46,249910321.37476033
2025-01-01 01:23:47,244589519.64400423
2025-01-01 01:23:48,245522824.31497496
2025-01-01 01:23:49,253149696.38792628
2025-01-01 01:23:50,249941563.49208242
2025-01-01 01:23:51,250452585.63389415
2025-01-01 01:23:52,246997580.9477828
2025-01-01 01:23:53,250345545.87662297
2025-01-01 01:23:54,250606366.0563359
2025-01-01 01:23:55,254009516.2997195
2025-01-01 01:23:56,251517943.61742577
2025-01-01 01:23:57,251207391.25859836
2025-01-01 01:23:58,255116061.9904549
2025-01-01 01:23:59,254253096.95343277
2025-01-01 01:24:00,255250144.99782082
2025-01-01 01:24:01,257310134.94841865
2025-01-01 01:24:02,250662925.38516608
2025-01-01 01:24:03,259499885.53377262
2025-01-01 01:24:04,258309102.84589118
2025-01-01 01:24:05,263822591.00951615
2025-01-01 01:24:06,261105119.26348135
2025-01-01 01:24:07,256541325.39981946
2025-01-01 01:24:08,250604151.39761427
2025-01-01 01:24:09,256234112.28018722
2025-01-01 01:24:10,258117960.64460397
2025-01-01 01:24:11,252407639.79335314
2025-01-01 01:24:12,251769800.14015225
2025-01-01 01:24:13,255513542.35913095
2025-01-01 01:24:14,246503175.68369064
2025-01-01 01:24:15,255413493.52878207
2025-01-01 01:24:16,256145566.28906122
2025-01-01 01:24:17,256026898.60711417
2025-01-01 01:24:18,255158844.7667864
2025-01-01 01:24:19,253760955.86332667
2025-01-01 01:24:20,255496232.96291247
2025-01-01 01:24:21,249665199.34112513
2025-01-01 01:24:22,248979485.8439118
2025-01-01 01:24:23,248109804.68586603
2025-01-01 01:24:24,257643435.7321823
2025-01-01 01:24:25,251042343.34626836
2025-01-01 01:24:26,255783219.50129429
2025-01-01 01:24:27,260748106.29983768
2025-01-01 01:24:28,255249780.07823575
2025-01-01 01:24:29,254307435.0338502
2025-01-01 01:24:30,255019829.81697983
2025-01-01 01:24:31,258580213.97074753
2025-01-01 01:24:32,255524623.51533812
2025-01-01 01:24:33,254525179.12964594
2025-01-01 01:24:34,255963163.34033144
2025-01-01 01:24:35,256288446.18866515
2025-01-01 01:24:36,252564669.8578439
2025-01-01 01:24:37,257904317.53851134
2025-01-01 01:24:38,252855088.6296216
2025-01-01 01:24:39,253133748.86608654
2025-01-01 01:24:40,253812407.2472283
2025-01-01 01:24:41,254346940.86608398
2025-01-01 01:24:42,256349579.9062939
2025-01-01 01:24:43,258388020.20263028
2025-01-01 01:24:44,258873414.04257494
2025-01-01 01:24:45,261506620.92104813
2025-01-01 01:24:46,259404468.8263575
2025-01-01 01:24:47,256700487.8477055
2025-01-01 01:24:48,262389202.24061438
2025-01-01 01:24:49,255979351.7898406
2025-01-01 01:24:50,253893582.70694992
2025-01-01 01:24:51,252782336.07955554
2025-01-01 01:24:52,249427605.5014452
2025-01-01 01:24:53,252862233.5998498
2025-01-01 01:24:54,247947800.28092372
2025-01-01 01:24:55,250921763.19450936
2025-01-01 01:24:56,253643294.9200098
2025-01-01 01:24:57,261940101.02377525
2025-01-01 01:24:58,261730096.25242138
2025-01-01 01:24:59,249469773.3752555
2025-01-01 01:25:00,256152853.8114226
2025-01-01 01:25:01,261848521.2865362
2025-01-01 01:25:02,257491770.7338427
2025-01-01 01:25:03,255017794.34732634
2025-01-01 01:25:04,249054489.69294956
2025-01-01 01:25:05,248555956.46299025
2025-01-01 01:25:06,259135567.05947393
2025-01-01 01:25:07,259962412.42055565
2025-01-01 01:25:08,261199263.35778654
2025-01-01 01:25:09,255933921.58164623
2025-01-01 01:25:10,253950744.12078246
2025-01-01 01:25:11,262167418.30850515
2025-01-01 01:25:12,255239389.2497048
2025-01-01 01:25:13,250214398.4275417
2025-01-01 01:25:14,248021017.89206517
2025-01-01 01:25:15,250935920.43864465
2025-01-01 01:25:16,255499963.773118
2025-01-01 01:25:17,257936913.3855307
2025-01-01 01:25:18,256265919.10312435
2025-01-01 01:25:19,250567425.07612488
2025-01-01 01:25:20,249802936.16330436
2025-01-01 01:25:21,248013353.34416673
2025-01-01 01:25:22,247639182.000672
2025-01-01 01:25:23,246256039.40095153
2025-01-01 01:25:24,249470820.93733025
2025-01-01 01:25:25,257938276.71038797
2025-01-01 01:25:26,250690230.28437003
2025-01-01 01:25:27,256051778.69230193
2025-01-01 01:25:28,255919995.61509055
2025-01-01 01:25:29,256555741.12360683
2025-01-01 01:25:30,253148749.28262815
2025-01-01 01:25:31,257967220.81844565
2025-01-01 01:25:32,244291206.94776338
2025-01-01 01:25:33,248922557.3002659
2025-01-01 01:25:34,256501796.3813334
2025-01-01 01:25:35,254306509.908919
2025-01-01 01:25:36,258609814.74323216
2025-01-01 01:25:37,259719994.87350604
2025-01-01 01:25:38,261992448.90506998
2025-01-01 01:25:39,260911385.84855527
2025-01-01 01:25:40,258764390.74522933
2025-01-01 01:25:41,254216928.93470573
2025-01-01 01:25:42,256356291.77924785
2025-01-01 01:25:43,255998091.73370796
2025-01-01 01:25:44,251663503.39763904
2025-01-01 01:25:45,251995071.281327
2025-01-01 01:25:46,258301998.58646575
2025-01-01 01:25:47,261556309.0312089
2025-01-01 01:25:48,256881949.07697836
2025-01-01 01:25:49,257435046.87235236
2025-01-01 01:25:50,265748246.77625838
2025-01-01 01:25:51,259854403.33827683
2025-01-01 01:25:52,259257645.5618828
2025-01-01 01:25:53,262369018.41666168
2025-01-01 01:25:54,259656814.714167
2025-01-01 01:25:55,261940081.74028477
2025-01-01 01:25:56,254843193.97391483
2025-01-01 01:25:57,250259550.80865514
2025-01-01 01:25:58,250671501.44051173
2025-01-01 01:25:59,252505081.71226555
2025-01-01 01:26:00,251123961.68839133
2025-01-01 01:26:01,258069070.4248127
2025-01-01 01:26:02,251336569.60866573
2025-01-01 01:26:03,252668696.11472702
2025-01-01 01:26:04,254467100.19945475
2025-01-01 01:26:05,256756768.69792187
2025-01-01 01:26:06,252208763.12305608
2025-01-01 01:26:07,251170598.62541464
2025-01-01 01:26:08,256644779.3114785
2025-01-01 01:26:09,259392276.16853985
2025-01-01 01:26:10,254962817.0093265
2025-01-01 01:26:11,260404808.7794572
2025-01-01 01:26:12,254421846.41441962
2025-01-01 01:26:13,256611791.5832492
2025-01-01 01:26:14,262946558.80067965
2025-01-01 01:26:15,258821741.0614834
2025-01-01 01:26:16,258308312.2979597
2025-01-01 01:26:17,258690272.1604347
2025-01-01 01:26:18,259527337.07338575
2025-01-01 01:26:19,257871463.4863918
2025-01-01 01:26:20,252652413.9763669
2025-01-01 01:26:21,246134149.63756168
2025-01-01 01:26:22,251998002.68258333
2025-01-01 01:26:23,251216510.41362837
2025-01-01 01:26:24,248697955.13934788
2025-01-01 01:26:25,250465363.38755777
2025-01-01 01:26:26,249710433.41897166
2025-01-01 01:26:27,253202286.64748174
2025-01-01 01:26:28,253362563.88985294
2025-01-01 01:26:29,254511243.25848833
2025-01-01 01:26:30,247099290.08199015
2025-01-01 01:26:31,255792495.78527287
2025-01-01 01:26:32,259446982.8734036
2025-01-01 01:26:33,255068769.15467182
2025-01-01 01:26:34,259209646.79588816
2025-01-01 01:26:35,249034535.52657083
2025-01-01 01:26:36,249665558.50634995
2025-01-01 01:26:37,248488467.2356602
2025-01-01 01:26:38,250521143.29751202
2025-01-01 01:26:39,249296464.13846332
2025-01-01 01:26:40,242316792.94922924
2025-01-01 01:26:41,244695663.54531163
2025-01-01 01:26:42,242325082.6735093
2025-01-01 01:26:43,237496219.31337333
2025-01-01 01:26:44,243329803.06484297
2025-01-01 01:26:45,248465645.46907392
2025-01-01 01:26:46,246967221.0942117
2025-01-01 01:26:47,251626676.77883473
2025-01-01 01:26:48,255952288.76096007
2025-01-01 01:26:49,255776799.5577551
2025-01-01 01:26:50,253871187.57996085
2025-01-01 01:26:51,255956092.71160266
2025-01-01 01:26:52,257567952.15894908
2025-01-01 01:26:53,253028587.41644377
2025-01-01 01:26:54,249202434.5785294
2025-01-01 01:26:55,249844053.59108678
2025-01-01 01:26:56,251174553.26034814
2025-01-01 01:26:57,251693455.82087135
2025-01-01 01:26:58,249886537.58315286
2025-01-01 01:26:59,255002166.98954046
2025-01-01 01:27:00,249804658.89789137
2025-01-01 01:27:01,256017714.53304628
2025-01-01 01:27:02,251413046.70919907
2025-01-01 01:27:03,253666999.44402626
2025-01-01 01:27:04,259187182.75482935
2025-01-01 01:27:05,254072384.12998596
2025-01-01 01:27:06,255804044.55277312
2025-01-01 01:27:07,254847377.4475651
2025-01-01 01:27:08,251963257.37385178
2025-01-01 01:27:09,255616757.0312391
2025-01-01 01:27:10,254808649.0824089
2025-01-01 01:27:11,249945110.54822215
2025-01-01 01:27:12,248294020.6080275
2025-01-01 01:27:13,254259547.56233022
2025-01-01 01:27:14,256640601.6673227
2025-01-01 01:27:15,255327688.13768506
2025-01-01 01:27:16,257317404.41428065
2025-01-01 01:27:17,252088010.0390168
2025-01-01 01:27:18,259059932.9786155
2025-01-01 01:27:19,260295378.07750875
2025-01-01 01:27:20,254105012.6087084
2025-01-01 01:27:21,256182135.2986017
2025-01-01 01:27:22,257000441.26143348
2025-01-01 01:27:23,256394419.91298828
2025-01-01 01:27:24,257592470.78814405
2025-01-01 01:27:25,255385965.34803945
2025-01-01 01:27:26,256705449.94585997
2025-01-01 01:27:27,260336766.73857918
2025-01-01 01:27:28,257295722.50118417
2025-01-01 01:27:29,260393130.73971426
2025-01-01 01:27:30,256275135.3351996
2025-01-01 01:27:31,259595146.68420342
2025-01-01 01:27:32,264389982.4647424
2025-01-01 01:27:33,260177773.38296854
2025-01-01 01:27:34,260403788.24027812
2025-01-01 01:27:35,255338197.62657094
2025-01-01 01:27:36,258612972.46561298
2025-01-01 01:27:37,260431348.0395922
2025-01-01 01:27:38,261720889.66885167
2025-01-01 01:27:39,262634668.543903
2025-01-01 01:27:40,261485418.3486841
2025-01-01 01:27:41,261144887.21957514
2025-01-01 01:27:42,259620851.03378195
2025-01-01 01:27:43,260624853.35625026
2025-01-01 01:27:44,261858453.4862739
2025-01-01 01:27:45,262187090.64653105
2025-01-01 01:27:46,263221167.98157275
2025-01-01 01:27:47,258238364.1382803
2025-01-01 01:27:48,254281126.89607498
2025-01-01 01:27:49,257336681.06246752
2025-01-01 01:27:50,251977681.35471687
2025-01-01 01:27:51,256285602.44848722
2025-01-01 01:27:52,255288505.71986732
2025-01-01 01:27:53,256643684.76832533
2025-01-01 01:27:54,260715128.48946622
2025-01-01 01:27:55,261223121.84564906
2025-01-01 01:27:56,263452599.54778522
2025-01-01 01:27:57,255368812.9928114
2025-01-01 01:27:58,255311370.31257093
2025-01-01 01:27:59,257426890.35435614
2025-01-01 01:28:00,260245231.6738718
2025-01-01 01:28:01,264725090.47843868
2025-01-01 01:28:02,259983037.45523936
2025-01-01 01:28:03,260407927.29381156
2025-01-01 01:28:04,259081292.92737886
2025-01-01 01:28:05,264005707.70006287
2025-01-01 01:28:06,257369710.80633157
2025-01-01 01:28:07,252457247.68175477
2025-01-01 01:28:08,249452568.43387142
2025-01-01 01:28:09,248726467.6009181
2025-01-01 01:28:10,252544590.30046383
2025-01-01 01:28:11,255949823.3837385
2025-01-01 01:28:12,252581625.93972248
2025-01-01 01:28:13,252277366.99472645
2025-01-01 01:28:14,253166464.9428876
2025-01-01 01:28:15,256918939.5656076
2025-01-01 01:28:16,255681860.18535107
2025-01-01 01:28:17,254663648.684229
2025-01-01 01:28:18,254191849.74739346
2025-01-01 01:28:19,252530452.82773563
2025-01-01 01:28:20,253926727.6063347
2025-01-01 01:28:21,261571061.31848013
2025-01-01 01:28:22,258012894.65727496
2025-01-01 01:28:23,261075952.2640592
2025-01-01 01:28:24,260900834.36451733
2025-01-01 01:28:25,258883917.19734228
2025-01-01 01:28:26,256514003.81410986
2025-01-01 01:28:27,258320161.18972296
2025-01-01 01:28:28,259206679.69360694
2025-01-01 01:28:29,254233870.04073992
2025-01-01 01:28:30,258199175.91963893
2025-01-01 01:28:31,255801226.7199083
2025-01-01 01:28:32,259009178.02111143
2025-01-01 01:28:33,258982165.95026952
2025-01-01 01:28:34,262114184.14527997
2025-01-01 01:28:35,259661104.75320694
2025-01-01 01:28:36,262178521.72628045
2025-01-01 01:28:37,263009013.60444823
2025-01-01 01:28:38,257504811.56585282
2025-01-01 01:28:39,251947791.5596217
2025-01-01 01:28:40,256634032.9478826
2025-01-01 01:28:41,253696032.2986306
2025-01-01 01:28:42,257053586.6160799
2025-01-01 01:28:43,258815940.07188505
2025-01-01 01:28:44,245634002.49498045
2025-01-01 01:28:45,255123879.3276425
2025-01-01 01:28:46,255984103.7338201
2025-01-01 01:28:47,256005513.42544714
2025-01-01 01:28:48,255775381.5111564
2025-01-01 01:28:49,257502761.14795542
2025-01-01 01:28:50,258562448.16624895
2025-01-01 01:28:51,256179826.28313804
2025-01-01 01:28:52,256859319.06929636
2025-01-01 01:28:53,257101566.75134385
2025-01-01 01:28:54,255485080.74423444
2025-01-01 01:28:55,253664519.5556439
2025-01-01 01:28:56,253384390.06211776
2025-01-01 01:28:57,248499763.9796866
2025-01-01 01:28:58,255536823.8768069
2025-01-01 01:28:59,249458102.1304357
2025-01-01 01:29:00,251988574.6945747
2025-01-01 01:29:01,255411017.2756391
2025-01-01 01:29:02,256059735.72029597
2025-01-01 01:29:03,257440227.05996668
2025-01-01 01:29:04,264794829.6478753
2025-01-01 01:29:05,257474178.10433218
2025-01-01 01:29:06,251463387.82552904
2025-01-01 01:29:07,258497311.17011106
2025-01-01 01:29:08,255593214.72917327
2025-01-01 01:29:09,251243993.10134777
2025-01-01 01:29:10,254172075.7856392
2025-01-01 01:29:11,256774172.57957676
2025-01-01 01:29:12,246055222.3749146
2025-01-01 01:29:13,252278584.71254694
2025-01-01 01:29:14,252189896.0946919
2025-01-01 01:29:15,252090785.33398315
2025-01-01 01:29:16,251468328.22356465
2025-01-01 01:29:17,254898089.54729143
2025-01-01 01:29:18,250364729.88181594
2025-01-01 01:29:19,251198682.6479424
2025-01-01 01:29:20,248658365.79672578
2025-01-01 01:29:21,252733108.07673898
2025-01-01 01:29:22,254969935.9595461
2025-01-01 01:29:23,253334317.36763942
2025-01-01 01:29:24,252899067.11704317
2025-01-01 01:29:25,254504732.80508503
2025-01-01 01:29:26,254871500.54846734
2025-01-01 01:29:27,253432939.0180119
2025-01-01 01:29:28,253338077.78388926
2025-01-01 01:29:29,252828075.77707627
2025-01-01 01:29:30,254366986.07070228
2025-01-01 01:29:31,251439429.41679326
2025-01-01 01:29:32,247480384.52743277
2025-01-01 01:29:33,248910393.18647563
2025-01-01 01:29:34,247935766.01427594
2025-01-01 01:29:35,251847136.6187514
2025-01-01 01:29:36,246693629.08147013
2025-01-01 01:29:37,251247434.75304696
2025-01-01 01:29:38,252702127.60178128
2025-01-01 01:29:39,253829778.3849548
2025-01-01 01:29:40,252072809.51414123
2025-01-01 01:29:41,257736212.87769675
2025-01-01 01:29:42,256974766.14001516
2025-01-01 01:29:43,251070141.37759507
2025-01-01 01:29:44,248228371.09854573
2025-01-01 01:29:45,239189460.51171315
2025-01-01 01:29:46,244836896.9673438
2025-01-01 01:29:47,247726908.98941436
2025-01-01 01:29:48,248894839.27649507
2025-01-01 01:29:49,250524424.66004503
2025-01-01 01:29:50,240462223.08317828
2025-01-01 01:29:51,251020824.00755444
2025-01-01 01:29:52,249683486.81922272
2025-01-01 01:29:53,251495788.9819261
2025-01-01 01:29:54,247581329.30284137
2025-01-01 01:29:55,242190175.85646725
2025-01-01 01:29:56,243817041.11251384
2025-01-01 01:29:57,246213579.66263166
2025-01-01 01:29:58,246713491.78344372
2025-01-01 01:29:59,245286688.19033283
2025-01-01 01:30:00,251691418.780787
2025-01-01 01:30:01,250312703.63020486
2025-01-01 01:30:02,254418681.9015422
2025-01-01 01:30:03,255717527.01306924
2025-01-01 01:30:04,256769690.2932621
2025-01-01 01:30:05,250204505.29100254
2025-01-01 01:30:06,246610251.1967656
2025-01-01 01:30:07,253117138.9528663
2025-01-01 01:30:08,247899444.5703629
2025-01-01 01:30:09,248621262.55318162
2025-01-01 01:30:10,244338176.83802772
2025-01-01 01:30:11,247172090.88934305
2025-01-01 01:30:12,248602378.61938003
2025-01-01 01:30:13,248540511.27262393
2025-01-01 01:30:14,254836644.8543684
2025-01-01 01:30:15,250046503.63928977
2025-01-01 01:30:16,248294207.35917303
2025-01-01 01:30:17,243965445.4947349
2025-01-01 01:30:18,249422448.8355203
2025-01-01 01:30:19,249363491.91247246
2025-01-01 01:30:20,254808597.06908542
2025-01-01 01:30:21,262071824.9754209
2025-01-01 01:30:22,257937718.79963332
2025-01-01 01:30:23,253511706.58800673
2025-01-01 01:30:24,251226137.6563738
2025-01-01 01:30:25,253335554.17798197
2025-01-01 01:30:26,248494487.40943626
2025-01-01 01:30:27,249603073.27611646
2025-01-01 01:30:28,252671094.00293884
2025-01-01 01:30:29,250896748.97803524
2025-01-01 01:30:30,254374289.10677317
2025-01-01 01:30:31,254777715.0770953
2025-01-01 01:30:32,256130272.21070206
2025-01-01 01:30:33,255984455.91861582
2025-01-01 01:30:34,258616085.3507963
2025-01-01 01:30:35,260786656.8446234
2025-01-01 01:30:36,256644269.60350737
2025-01-01 01:30:37,256170152.6289862
2025-01-01 01:30:38,252819378.6623515
2025-01-01 01:30:39,247141029.91595337
2025-01-01 01:30:40,250982304.61981893
2025-01-01 01:30:41,246877040.9912604
2025-01-01 01:30:42,253829901.98670357
2025-01-01 01:30:43,251024278.37307277
2025-01-01 01:30:44,252074958.08611292
2025-01-01 01:30:45,252998546.34538496
2025-01-01 01:30:46,250335192.6235482
2025-01-01 01:30:47,248072500.91830975
2025-01-01 01:30:48,249644964.59907696
2025-01-01 01:30:49,254795410.11985838
2025-01-01 01:30:50,247820528.4295027
2025-01-01 01:30:51,247676407.37023702
2025-01-01 01:30:52,252987798.26049486
2025-01-01 01:30:53,253750066.51938203
2025-01-01 01:30:54,257163439.96520936
2025-01-01 01:30:55,251193119.51293275
2025-01-01 01:30:56,247161706.9273734
2025-01-01 01:30:57,244939416.93496707
2025-01-01 01:30:58,245754493.7188104
2025-01-01 01:30:59,245786959.52081397
2025-01-01 01:31:00,254691774.40818477
2025-01-01 01:31:01,247639499.62072548
2025-01-01 01:31:02,245678081.0261862
2025-01-01 01:31:03,245707925.9600814
2025-01-01 01:31:04,247328416.78213844
2025-01-01 01:31:05,247343150.29131904
2025-01-01 01:31:06,248801313.217773
2025-01-01 01:31:07,252449205.0499939
2025-01-01 01:31:08,241436585.9786949
2025-01-01 01:31:09,248785557.83104366
2025-01-01 01:31:10,247402207.7049658
2025-01-01 01:31:11,245661672.49025875
2025-01-01 01:31:12,251995777.31018782
2025-01-01 01:31:13,258546436.412179
2025-01-01 01:31:14,259387353.26364896
2025-01-01 01:31:15,255606986.42335045
2025-01-01 01:31:16,256164104.09969103
2025-01-01 01:31:17,253675007.2861514
2025-01-01 01:31:18,253729384.79897493
2025-01-01 01:31:19,256244326.46654624
2025-01-01 01:31:20,252882395.0790629
2025-01-01 01:31:21,256220284.7573135
2025-01-01 01:31:22,256914264.10537225
2025-01-01 01:31:23,250016334.17862558
2025-01-01 01:31:24,251083050.62708586
2025-01-01 01:31:25,256778359.07325697
2025-01-01 01:31:26,256267528.1147549
2025-01-01 01:31:27,253759957.75934097
2025-01-01 01:31:28,248909250.8186295
2025-01-01 01:31:29,256135892.4208689
2025-01-01 01:31:30,252661774.9913912
2025-01-01 01:31:31,255718987.97078484
2025-01-01 01:31:32,252828559.90938243
2025-01-01 01:31:33,253242034.38006315
2025-01-01 01:31:34,254137084.10181516
2025-01-01 01:31:35,255223116.40763563
2025-01-01 01:31:36,258421879.68115103
2025-01-01 01:31:37,258327727.40592647
2025-01-01 01:31:38,257847769.4153962
2025-01-01 01:31:39,256310643.50737324
2025-01-01 01:31:40,255105738.5732529
2025-01-01 01:31:41,255442858.0952854
2025-01-01 01:31:42,256304454.4544564
2025-01-01 01:31:43,254121870.25792536
2025-01-01 01:31:44,260886074.27344504
2025-01-01 01:31:45,258077543.20282403
2025-01-01 01:31:46,261289171.11357987
2025-01-01 01:31:47,256289082.21298662
2025-01-01 01:31:48,259687395.84068862
2025-01-01 01:31:49,253209631.10203138
2025-01-01 01:31:50,245980756.88235804
2025-01-01 01:31:51,248829941.92081606
2025-01-01 01:31:52,254415917.55621174
2025-01-01 01:31:53,249567233.38958728
2025-01-01 01:31:54,249601764.19735762
2025-01-01 01:31:55,254579997.74520066
2025-01-01 01:31:56,256301419.46297318
2025-01-01 01:31:57,251883232.6216343
2025-01-01 01:31:58,243071828.84184566
2025-01-01 01:31:59,251251052.4033687
2025-01-01 01:32:00,248685403.07904276
2025-01-01 01:32:01,247762085.54221648
2025-01-01 01:32:02,247948886.93354186
2025-01-01 01:32:03,253969624.60221767
2025-01-01 01:32:04,254120073.41399387
2025-01-01 01:32:05,257614144.8733324
2025-01-01 01:32:06,255733761.26553738
2025-01-01 01:32:07,250317330.22276604
2025-01-01 01:32:08,251915248.51934808
2025-01-01 01:32:09,250877084.36083993
2025-01-01 01:32:10,251139560.6336573
2025-01-01 01:32:11,251193658.15474522
2025-01-01 01:32:12,255960341.88395333
2025-01-01 01:32:13,251962841.11814386
2025-01-01 01:32:14,251049825.43894857
2025-01-01 01:32:15,251486361.27968165
2025-01-01 01:32:16,252053249.9427827
2025-01-01 01:32:17,248165335.80637497
2025-01-01 01:32:18,249457032.53320244
2025-01-01 01:32:19,246937235.4903817
2025-01-01 01:32:20,252699848.86604288
2025-01-01 01:32:21,257047861.42261672
2025-01-01 01:32:22,253357472.02256152
2025-01-01 01:32:23,251937546.93725896
2025-01-01 01:32:24,254836581.39922136
2025-01-01 01:32:25,256168685.067003
2025-01-01 01:32:26,259698454.0916783
2025-01-01 01:32:27,253681058.2371936
2025-01-01 01:32:28,249859178.66363525
2025-01-01 01:32:29,250956405.19650987
2025-01-01 01:32:30,251727349.3792136
2025-01-01 01:32:31,249294484.8242505
2025-01-01 01:32:32,255592875.12747598
2025-01-01 01:32:33,257328027.98510602
2025-01-01 01:32:34,256702346.82747012
2025-01-01 01:32:35,253002363.84563413
2025-01-01 01:32:36,259284643.58646852
2025-01-01 01:32:37,263566553.72474962
2025-01-01 01:32:38,259735614.02400357
2025-01-01 01:32:39,258549396.4399384
2025-01-01 01:32:40,253113151.04873484
2025-01-01 01:32:41,250872741.896098
2025-01-01 01:32:42,256920838.38563395
2025-01-01 01:32:43,260087138.5737746
2025-01-01 01:32:44,255935463.6870139
2025-01-01 01:32:45,255464531.98101243
2025-01-01 01:32:46,248653701.58242875
2025-01-01 01:32:47,249652058.86871716
2025-01-01 01:32:48,251115120.87845585
2025-01-01 01:32:49,248073851.7584241
2025-01-01 01:32:50,248993552.13755736
2025-01-01 01:32:51,250933638.69788027
2025-01-01 01:32:52,247970311.202399
2025-01-01 01:32:53,242002408.18977362
2025-01-01 01:32:54,248375291.22039723
2025-01-01 01:32:55,248528183.7184266
2025-01-01 01:32:56,245196069.6622291
2025-01-01 01:32:57,243955326.22172505
2025-01-01 01:32:58,250215629.46864197
2025-01-01 01:32:59,255239318.35589883
2025-01-01 01:33:00,258953101.50937712
2025-01-01 01:33:01,251762635.78605267
2025-01-01 01:33:02,249326626.35791984
2025-01-01 01:33:03,252065261.11229232
2025-01-01 01:33:04,251725568.949827
2025-01-01 01:33:05,249685004.84269953
2025-01-01 01:33:06,251859313.7460639
2025-01-01 01:33:07,255689018.04966846
2025-01-01 01:33:08,255317639.9305121
2025-01-01 01:33:09,255912189.91554433
2025-01-01 01:33:10,257167601.83786845
2025-01-01 01:33:11,258008996.5166262
2025-01-01 01:33:12,250479940.1286864
2025-01-01 01:33:13,247680552.59139147
2025-01-01 01:33:14,244363431.16477928
2025-01-01 01:33:15,249709561.39959162
2025-01-01 01:33:16,249440947.0182254
2025-01-01 01:33:17,248817330.93063667
2025-01-01 01:33:18,255694296.3122392
2025-01-01 01:33:19,256485558.3814069
2025-01-01 01:33:20,252691362.3988894
2025-01-01 01:33:21,253212037.69126987
2025-01-01 01:33:22,248944054.6299129
2025-01-01 01:33:23,260194451.18187922
2025-01-01 01:33:24,255213957.03053442
2025-01-01 01:33:25,260255797.25572696
2025-01-01 01:33:26,255690936.48327363
2025-01-01 01:33:27,254358798.13966858
2025-01-01 01:33:28,252127301.79714528
2025-01-01 01:33:29,260464077.42558312
2025-01-01 01:33:30,256225136.58721435
2025-01-01 01:33:31,256729506.79220048
2025-01-01 01:33:32,252917969.72682458
2025-01-01 01:33:33,254453747.73577625
2025-01-01 01:33:34,255627723.5463549
2025-01-01 01:33:35,251094377.42162392
2025-01-01 01:33:36,254050679.53084472
2025-01-01 01:33:37,252438251.96363378
2025-01-01 01:33:38,246907328.32526463
2025-01-01 01:33:39,247726428.7941125
2025-01-01 01:33:40,249743658.80631557
2025-01-01 01:33:41,250915055.18345183
2025-01-01 01:33:42,254873243.3000596
2025-01-01 01:33:43,255647101.7293352
2025-01-01 01:33:44,253756578.95194218
2025-01-01 01:33:45,252500079.12888667
2025-01-01 01:33:46,250620779.05412298
2025-01-01 01:33:47,250051602.6175728
2025-01-01 01:33:48,254199373.8794299
2025-01-01 01:33:49,254149281.55121198
2025-01-01 01:33:50,257617473.13024718
2025-01-01 01:33:51,253425064.7685967
2025-01-01 01:33:52,256417570.9766223
2025-01-01 01:33:53,258883451.15488937
2025-01-01 01:33:54,253560885.88646525
2025-01-01 01:33:55,253104801.7116036
2025-01-01 01:33:56,247118205.1964388
2025-01-01 01:33:57,252045721.54459128
2025-01-01 01:33:58,251668406.68563145
2025-01-01 01:33:59,248483394.60570788
2025-01-01 01:34:00,252749800.40294123
2025-01-01 01:34:01,252686252.45377553
2025-01-01 01:34:02,249011056.66518015
2025-01-01 01:34:03,255009239.72155944
2025-01-01 01:34:04,251506082.9095255
2025-01-01 01:34:05,252611714.77527478
2025-01-01 01:34:06,250303499.25826523
2025-01-01 01:34:07,254873544.97233626
2025-01-01 01:34:08,252341692.2066508
2025-01-01 01:34:09,248598059.80480906
2025-01-01 01:34:10,248187043.10815066
2025-01-01 01:34:11,250810664.8080211
2025-01-01 01:34:12,251306377.7415191
2025-01-01 01:34:13,252546519.726141
2025-01-01 01:34:14,253185203.32232583
2025-01-01 01:34:15,250126531.8581618
2025-01-01 01:34:16,253364604.32897276
2025-01-01 01:34:17,258568868.02717054
2025-01-01 01:34:18,249015434.5136425
2025-01-01 01:34:19,257822434.4884002
2025-01-01 01:34:20,254516768.8325755
2025-01-01 01:34:21,250417707.08927742
2025-01-01 01:34:22,248224044.78312364
2025-01-01 01:34:23,253585347.86669952
2025-01-01 01:34:24,253869293.15429643
2025-01-01 01:34:25,252283706.84105176
2025-01-01 01:34:26,256297232.23301062
2025-01-01 01:34:27,251873627.0364234
2025-01-01 01:34:28,259751550.1074813
2025-01-01 01:34:29,263283621.21977353
2025-01-01 01:34:30,258268352.34580266
2025-01-01 01:34:31,259248329.66401663
2025-01-01 01:34:32,257247938.26536006
2025-01-01 01:34:33,253467816.36918148
2025-01-01 01:34:34,253179320.05500552
2025-01-01 01:34:35,252194008.47531143
2025-01-01 01:34:36,248043401.43895298
2025-01-01 01:34:37,254809784.75658047
2025-01-01 01:34:38,258904998.42099234
2025-01-01 01:34:39,254381666.2157642
2025-01-01 01:34:40,258471343.6963202
2025-01-01 01:34:41,250684385.27990928
2025-01-01 01:34:42,249162761.66643548
2025-01-01 01:34:43,252026130.06825504
2025-01-01 01:34:44,260655254.65663633
2025-01-01 01:34:45,253275748.18046016
2025-01-01 01:34:46,253291053.6269492
2025-01-01 01:34:47,248177958.45657292
2025-01-01 01:34:48,252393362.67929775
2025-01-01 01:34:49,254470016.6324792
2025-01-01 01:34:50,258491552.29147345
2025-01-01 01:34:51,259197192.6843953
2025-01-01 01:34:52,254198304.80895233
2025-01-01 01:34:53,258236601.1329641
2025-01-01 01:34:54,262566707.15783274
2025-01-01 01:34:55,256279178.22595736
2025-01-01 01:34:56,259227229.08313152
2025-01-01 01:34:57,262550283.8801258
2025-01-01 01:34:58,257708178.8560072
2025-01-01 01:34:59,257301174.31663075
2025-01-01 01:35:00,259920329.29860488
2025-01-01 01:35:01,255374829.00607303
2025-01-01 01:35:02,256009478.59062397
2025-01-01 01:35:03,258092985.33498806
2025-01-01 01:35:04,260689343.64650524
2025-01-01 01:35:05,260109772.59237462
2025-01-01 01:35:06,255275388.97022805
2025-01-01 01:35:07,263444610.55214742
2025-01-01 01:35:08,256937757.5470662
2025-01-01 01:35:09,255619611.61118326
2025-01-01 01:35:10,260288821.07456228
2025-01-01 01:35:11,260133667.21703368
2025-01-01 01:35:12,255157839.490882
2025-01-01 01:35:13,255014476.31955034
2025-01-01 01:35:14,251578650.15414792
2025-01-01 01:35:15,251088553.06496662
2025-01-01 01:35:16,251233373.55901095
2025-01-01 01:35:17,255984120.43017015
2025-01-01 01:35:18,256146668.78531262
2025-01-01 01:35:19,258552464.42910537
2025-01-01 01:35:20,257139601.96334302
2025-01-01 01:35:21,257875281.72781003
2025-01-01 01:35:22,261468017.7804139
2025-01-01 01:35:23,253536512.4898717
2025-01-01 01:35:24,263531596.66118973
2025-01-01 01:35:25,259268799.49984232
2025-01-01 01:35:26,258301588.85900983
2025-01-01 01:35:27,258906479.5545055
2025-01-01 01:35:28,260150787.2921884
2025-01-01 01:35:29,265495388.26512524
2025-01-01 01:35:30,252377614.5323236
2025-01-01 01:35:31,249271653.98927444
2025-01-01 01:35:32,248589193.25000715
2025-01-01 01:35:33,252631180.52520713
2025-01-01 01:35:34,255296980.3662727
2025-01-01 01:35:35,250972385.40390846
2025-01-01 01:35:36,255370721.6491648
2025-01-01 01:35:37,258147137.12974662
2025-01-01 01:35:38,253067473.10271385
2025-01-01 01:35:39,258015584.09807694
2025-01-01 01:35:40,256204781.8390438
2025-01-01 01:35:41,255442442.15333948
2025-01-01 01:35:42,248094838.7613653
2025-01-01 01:35:43,254818276.54170138
2025-01-01 01:35:44,252067445.14571074
2025-01-01 01:35:45,251621696.22929376
2025-01-01 01:35:46,256168714.74041364
2025-01-01 01:35:47,256272275.7345773
2025-01-01 01:35:48,251294135.17425928
2025-01-01 01:35:49,249856947.6904513
2025-01-01 01:35:50,251468723.3175773
2025-01-01 01:35:51,247106203.4075403
2025-01-01 01:35:52,251511779.62056682
2025-01-01 01:35:53,258753562.65080792
2025-01-01 01:35:54,261934379.39810428
2025-01-01 01:35:55,258139145.48155937
2025-01-01 01:35:56,259396924.46120626
2025-01-01 01:35:57,257776406.00730136
2025-01-01 01:35:58,254207654.8374789
2025-01-01 01:35:59,249375320.21427524
2025-01-01 01:36:00,255894809.48133677
2025-01-01 01:36:01,252152824.672301
2025-01-01 01:36:02,242547952.65313804
2025-01-01 01:36:03,248248934.66394043
2025-01-01 01:36:04,250893921.33193997
2025-01-01 01:36:05,245758163.59087002
2025-01-01 01:36:06,248501698.5874163
2025-01-01 01:36:07,249436288.3694257
2025-01-01 01:36:08,245815425.1590622
2025-01-01 01:36:09,253406457.99121103
2025-01-01 01:36:10,252951705.04742327
2025-01-01 01:36:11,252759040.12105274
2025-01-01 01:36:12,251613510.4967425
2025-01-01 01:36:13,251306643.5025903
2025-01-01 01:36:14,246189916.33960468
2025-01-01 01:36:15,243127837.21777213
2025-01-01 01:36:16,240729257.89463624
2025-01-01 01:36:17,242610007.19143885
2025-01-01 01:36:18,242003468.24263397
2025-01-01 01:36:19,248413723.4437021
2025-01-01 01:36:20,245062058.92186517
2025-01-01 01:36:21,240349065.20624828
2025-01-01 01:36:22,246772329.55586895
2025-01-01 01:36:23,246697390.4528004
2025-01-01 01:36:24,249524641.3274399
2025-01-01 01:36:25,254425194.5740698
2025-01-01 01:36:26,254730633.464962
2025-01-01 01:36:27,255440252.09480152
2025-01-01 01:36:28,254039613.7382313
2025-01-01 01:36:29,257174998.36181924
2025-01-01 01:36:30,253485279.55254486
2025-01-01 01:36:31,255022837.86708814
2025-01-01 01:36:32,260158564.5763462
2025-01-01 01:36:33,259622664.78641504
2025-01-01 01:36:34,258531554.96024373
2025-01-01 01:36:35,253789085.35669324
2025-01-01 01:36:36,248898993.00514936
2025-01-01 01:36:37,252696713.14834976
2025-01-01 01:36:38,252903740.3944676
2025-01-01 01:36:39,252025582.60399836
2025-01-01 01:36:40,255529828.25033268
2025-01-01 01:36:41,251752685.02136895
2025-01-01 01:36:42,248074327.1466854
2025-01-01 01:36:43,253224674.27519587
2025-01-01 01:36:44,260540224.33965018
2025-01-01 01:36:45,253052028.3824917
2025-01-01 01:36:46,250385533.60300556
2025-01-01 01:36:47,248860332.5211352
2025-01-01 01:36:48,251321909.39554676
2025-01-01 01:36:49,252123008.13576895
2025-01-01 01:36:50,249048405.56062117
2025-01-01 01:36:51,250043123.10216302
2025-01-01 01:36:52,247066560.0309312
2025-01-01 01:36:53,251466385.39259765
2025-01-01 01:36:54,253618322.56243998
2025-01-01 01:36:55,255497198.7826566
2025-01-01 01:36:56,249065152.82444707
2025-01-01 01:36:57,244040979.45712873
2025-01-01 01:36:58,250239017.1379757
2025-01-01 01:36:59,245178717.02552655
2025-01-01 01:37:00,240231703.27599108
2025-01-01 01:37:01,247482615.77616903
2025-01-01 01:37:02,253972281.74687827
2025-01-01 01:37:03,249848005.7031511
2025-01-01 01:37:04,251277068.60780564
2025-01-01 01:37:05,257422686.00381795
2025-01-01 01:37:06,252962959.2045212
2025-01-01 01:37:07,248369571.60524797
2025-01-01 01:37:08,245735159.45678082
2025-01-01 01:37:09,249190527.66551158
2025-01-01 01:37:10,255818712.9229973
2025-01-01 01:37:11,251442871.51921344
2025-01-01 01:37:12,253917976.6547577
2025-01-01 01:37:13,252811958.90135586
2025-01-01 01:37:14,254966369.50340143
2025-01-01 01:37:15,256173512.20650288
2025-01-01 01:37:16,255076923.41860366
2025-01-01 01:37:17,258748187.28258288
2025-01-01 01:37:18,257930294.96842518
2025-01-01 01:37:19,255522258.63295007
2025-01-01 01:37:20,254237521.84706336
2025-01-01 01:37:21,251387824.34457973
2025-01-01 01:37:22,249108293.37237555
2025-01-01 01:37:23,249548799.64731207
2025-01-01 01:37:24,253059549.172086
2025-01-01 01:37:25,248640984.4785576
2025-01-01 01:37:26,248403291.20459682
2025-01-01 01:37:27,251700420.54651004
2025-01-01 01:37:28,248452608.02034864
2025-01-01 01:37:29,247639490.7191707
2025-01-01 01:37:30,248495033.94820932
2025-01-01 01:37:31,252741549.29796895
2025-01-01 01:37:32,255203510.92049715
2025-01-01 01:37:33,255535713.13340855
2025-01-01 01:37:34,254214153.13902342
2025-01-01 01:37:35,247498313.7698191
2025-01-01 01:37:36,248824658.39009365
2025-01-01 01:37:37,250237546.91640717
2025-01-01 01:37:38,252540213.49096093
2025-01-01 01:37:39,247867874.1804133
2025-01-01 01:37:40,254097511.7605649
2025-01-01 01:37:41,250541712.42169106
2025-01-01 01:37:42,247586026.6580985
2025-01-01 01:37:43,245402672.66051525
2025-01-01 01:37:44,245647339.17249122
2025-01-01 01:37:45,252643699.35254672
2025-01-01 01:37:46,245285423.87562993
2025-01-01 01:37:47,243562275.07816765
2025-01-01 01:37:48,242790145.56801304
2025-01-01 01:37:49,243548746.3800291
2025-01-01 01:37:50,247888305.73328868
2025-01-01 01:37:51,253356157.26474315
2025-01-01 01:37:52,251068697.28394485
2025-01-01 01:37:53,247397285.4222693
2025-01-01 01:37:54,244937273.1307576
2025-01-01 01:37:55,245356540.34437993
2025-01-01 01:37:56,249495816.16434535
2025-01-01 01:37:57,244377454.36679232
2025-01-01 01:37:58,244348674.32795727
2025-01-01 01:37:59,247111562.43674305
2025-01-01 01:38:00,255113398.99219275
2025-01-01 01:38:01,257589812.67949003
2025-01-01 01:38:02,254264316.11940005
2025-01-01 01:38:03,246627359.12819335
2025-01-01 01:38:04,247576629.82691
2025-01-01 01:38:05,247564780.51084286
2025-01-01 01:38:06,252349596.87641367
2025-01-01 01:38:07,253203753.638586
2025-01-01 01:38:08,249769416.16696694
2025-01-01 01:38:09,252408199.84611788
2025-01-01 01:38:10,254870744.49071497
2025-01-01 01:38:11,251379141.81476027
2025-01-01 01:38:12,251271723.524319
2025-01-01 01:38:13,256822282.01693305
2025-01-01 01:38:14,256494748.36555874
2025-01-01 01:38:15,250546320.43821675
2025-01-01 01:38:16,250991682.01942486
2025-01-01 01:38:17,256649705.0441403
2025-01-01 01:38:18,260102740.81819078
2025-01-01 01:38:19,249707425.93141767
2025-01-01 01:38:20,248235211.90548036
2025-01-01 01:38:21,252585369.66667908
2025-01-01 01:38:22,254423828.44153234
2025-01-01 01:38:23,249863027.5442565
2025-01-01 01:38:24,260143443.33742157
2025-01-01 01:38:25,262793817.88069895
2025-01-01 01:38:26,257572192.4142663
2025-01-01 01:38:27,255399760.48103744
2025-01-01 01:38:28,255781786.8294751
2025-01-01 01:38:29,252853585.1948445
2025-01-01 01:38:30,258131295.46910387
2025-01-01 01:38:31,258162202.65351057
2025-01-01 01:38:32,261472075.80978194
2025-01-01 01:38:33,256027132.34153908
2025-01-01 01:38:34,254289639.4092495
2025-01-01 01:38:35,255186092.35917938
2025-01-01 01:38:36,252872126.49516186
2025-01-01 01:38:37,255553998.25559834
2025-01-01 01:38:38,250077762.0157969
2025-01-01 01:38:39,253520143.37284163
2025-01-01 01:38:40,252316006.8406396
2025-01-01 01:38:41,258360261.35271186
2025-01-01 01:38:42,257618254.1727003
2025-01-01 01:38:43,257857705.34710172
2025-01-01 01:38:44,254047129.0637488
2025-01-01 01:38:45,262299588.85745782
2025-01-01 01:38:46,261382449.93736315
2025-01-01 01:38:47,258962721.83354175
2025-01-01 01:38:48,258823847.6511169
2025-01-01 01:38:49,253620918.8290095
2025-01-01 01:38:50,254913485.2313964
2025-01-01 01:38:51,254346890.91656402
2025-01-01 01:38:52,256650927.36067253
2025-01-01 01:38:53,254715051.2306298
2025-01-01 01:38:54,254484323.28975832
2025-01-01 01:38:55,256596904.62058553
2025-01-01 01:38:56,260340267.1631311
2025-01-01 01:38:57,260005793.84232423
2025-01-01 01:38:58,256909982.85149634
2025-01-01 01:38:59,248443366.15111843
2025-01-01 01:39:00,251510093.31199566
2025-01-01 01:39:01,248099628.67273134
2025-01-01 01:39:02,255588898.0331101
2025-01-01 01:39:03,253705712.47517273
2025-01-01 01:39:04,255235015.276382
2025-01-01 01:39:05,253485158.82896754
2025-01-01 01:39:06,253871625.63235414
2025-01-01 01:39:07,259523962.90292653
2025-01-01 01:39:08,259538320.557268
2025-01-01 01:39:09,260410758.20164314
2025-01-01 01:39:10,259524848.6940418
2025-01-01 01:39:11,257140163.97696015
2025-01-01 01:39:12,253024160.2126989
2025-01-01 01:39:13,256067108.70304415
2025-01-01 01:39:14,255557025.58165196
2025-01-01 01:39:15,264803189.36052936
2025-01-01 01:39:16,260111027.9210434
2025-01-01 01:39:17,256337951.11658856
2025-01-01 01:39:18,248592945.49991864
2025-01-01 01:39:19,248141088.83467633
2025-01-01 01:39:20,253216791.79935017
2025-01-01 01:39:21,256719464.62629238
2025-01-01 01:39:22,255706245.6043941
2025-01-01 01:39:23,258702754.56899345
2025-01-01 01:39:24,257546754.49049136
2025-01-01 01:39:25,251012787.50038636
2025-01-01 01:39:26,247210330.243518
2025-01-01 01:39:27,254094438.75026318
2025-01-01 01:39:28,252746597.6282574
2025-01-01 01:39:29,250515705.94855094
2025-01-01 01:39:30,251916690.83816305
2025-01-01 01:39:31,244907491.78910482
2025-01-01 01:39:32,249027288.70324153
2025-01-01 01:39:33,250682689.03475654
2025-01-01 01:39:34,257730334.6270719
2025-01-01 01:39:35,257570115.03008106
2025-01-01 01:39:36,253215740.7572704
2025-01-01 01:39:37,255183149.8056081
2025-01-01 01:39:38,254069036.46227056
2025-01-01 01:39:39,257392487.15536815
2025-01-01 01:39:40,253361731.02766314
2025-01-01 01:39:41,252641472.21849453
2025-01-01 01:39:42,256138681.02350807
2025-01-01 01:39:43,255793416.46108606
2025-01-01 01:39:44,247839894.3296088
2025-01-01 01:39:45,253106183.73884517
2025-01-01 01:39:46,262080386.1408567
2025-01-01 01:39:47,256470068.4420077
2025-01-01 01:39:48,257582278.19974855
2025-01-01 01:39:49,262708594.47899783
2025-01-01 01:39:50,253657627.92795068
2025-01-01 01:39:51,257057354.14310765
2025-01-01 01:39:52,252514485.13490596
2025-01-01 01:39:53,250710079.72681856
2025-01-01 01:39:54,252477863.68703508
2025-01-01 01:39:55,255240191.13323447
2025-01-01 01:39:56,254732398.81247902
2025-01-01 01:39:57,249542760.04295024
2025-01-01 01:39:58,251227595.6388785
2025-01-01 01:39:59,246100629.69519186
2025-01-01 01:40:00,246556300.8343679
2025-01-01 01:40:01,247503940.17283
2025-01-01 01:40:02,250264307.13944137
2025-01-01 01:40:03,249790796.89532772
2025-01-01 01:40:04,259950070.61929572
2025-01-01 01:40:05,255060730.87836465
2025-01-01 01:40:06,247334553.46305254
2025-01-01 01:40:07,244283454.42390037
2025-01-01 01:40:08,246058285.72996506
2025-01-01 01:40:09,249269494.2915632
2025-01-01 01:40:10,249820667.47635418
2025-01-01 01:40:11,255842669.78766483
2025-01-01 01:40:12,252581276.1169009
2025-01-01 01:40:13,247065769.015353
2025-01-01 01:40:14,254996633.93573064
2025-01-01 01:40:15,257363237.17095092
2025-01-01 01:40:16,257163382.19207045
2025-01-01 01:40:17,252003426.0046532
2025-01-01 01:40:18,247781440.41054565
2025-01-01 01:40:19,245805036.71366295
2025-01-01 01:40:20,240590930.84263167
2025-01-01 01:40:21,255021542.03419742
2025-01-01 01:40:22,255620219.1550501
2025-01-01 01:40:23,254743238.31603488
2025-01-01 01:40:24,253937676.20415655
2025-01-01 01:40:25,246635072.20780504
2025-01-01 01:40:26,247463460.70613798
2025-01-01 01:40:27,248404340.51045668
2025-01-01 01:40:28,249893014.24528277
2025-01-01 01:40:29,241366283.7896618
2025-01-01 01:40:30,247772838.1816878
2025-01-01 01:40:31,247118780.02779123
2025-01-01 01:40:32,241313736.889977
2025-01-01 01:40:33,237967116.18260452
2025-01-01 01:40:34,248394265.33552343
2025-01-01 01:40:35,249150859.80633375
2025-01-01 01:40:36,253911594.28345236
2025-01-01 01:40:37,252337905.58732745
2025-01-01 01:40:38,250113028.48715422
2025-01-01 01:40:39,246138864.25556394
2025-01-01 01:40:40,242735849.14958882
2025-01-01 01:40:41,251234229.4015107
2025-01-01 01:40:42,243229001.9724278
2025-01-01 01:40:43,244212807.88495642
2025-01-01 01:40:44,249264690.9403011
2025-01-01 01:40:45,241406040.0837443
2025-01-01 01:40:46,242093238.02812833
2025-01-01 01:40:47,245095018.24647486
2025-01-01 01:40:48,247278151.76065725
2025-01-01 01:40:49,243774391.17087033
2025-01-01 01:40:50,249448183.94626692
2025-01-01 01:40:51,247531912.9851605
2025-01-01 01:40:52,243862049.15487996
2025-01-01 01:40:53,245329681.95178
2025-01-01 01:40:54,245851638.51435483
2025-01-01 01:40:55,242262853.91966304
2025-01-01 01:40:56,245695193.79560462
2025-01-01 01:40:57,244391328.17662084
2025-01-01 01:40:58,253857442.64180267
2025-01-01 01:40:59,251160911.53030813
2025-01-01 01:41:00,249049904.46426472
2025-01-01 01:41:01,244958922.66601914
2025-01-01 01:41:02,244320236.08062354
2025-01-01 01:41:03,244276767.7257716
2025-01-01 01:41:04,247651733.78901637
2025-01-01 01:41:05,254589231.50567353
2025-01-01 01:41:06,250925815.8046423
2025-01-01 01:41:07,251866425.03714302
2025-01-01 01:41:08,252617527.0719841
2025-01-01 01:41:09,247052473.63383204
2025-01-01 01:41:10,243001385.004829
2025-01-01 01:41:11,250090763.5422618
2025-01-01 01:41:12,248721453.6162255
2025-01-01 01:41:13,250007682.14508024
2025-01-01 01:41:14,250215063.5744165
2025-01-01 01:41:15,253007252.1216389
2025-01-01 01:41:16,252858948.03376505
2025-01-01 01:41:17,248311711.3450935
2025-01-01 01:41:18,249705348.42797586
2025-01-01 01:41:19,251164458.82132486
2025-01-01 01:41:20,249880737.72607368
2025-01-01 01:41:21,253291125.0693969
2025-01-01 01:41:22,249738317.10892773
2025-01-01 01:41:23,255451894.38617763
2025-01-01 01:41:24,256606910.12960434
2025-01-01 01:41:25,257689399.20081994
2025-01-01 01:41:26,259597866.1524714
2025-01-01 01:41:27,261150361.12700546
2025-01-01 01:41:28,257492531.9107979
2025-01-01 01:41:29,252750900.16995272
2025-01-01 01:41:30,254866378.354468
2025-01-01 01:41:31,253465520.1768619
2025-01-01 01:41:32,252166583.8178842
2025-01-01 01:41:33,253812722.76392975
2025-01-01 01:41:34,247929686.35970283
2025-01-01 01:41:35,248507838.8135371
2025-01-01 01:41:36,250253625.87853032
2025-01-01 01:41:37,250580462.44077104
2025-01-01 01:41:38,252808865.6528789
2025-01-01 01:41:39,251264467.76264855
2025-01-01 01:41:40,256435404.64386478
2025-01-01 01:41:41,253939540.26777375
2025-01-01 01:41:42,247653234.68467522
2025-01-01 01:41:43,246003346.21765342
2025-01-01 01:41:44,249387449.12141374
2025-01-01 01:41:45,250257944.26140693
2025-01-01 01:41:46,248574413.36993816
2025-01-01 01:41:47,248275096.3583194
2025-01-01 01:41:48,249575613.12913913
2025-01-01 01:41:49,246613745.48798084
2025-01-01 01:41:50,249561189.79676104
2025-01-01 01:41:51,246569667.3061275
2025-01-01 01:41:52,253816574.07315832
2025-01-01 01:41:53,245860485.24338093
2025-01-01 01:41:54,247302112.0764979
2025-01-01 01:41:55,246327758.2535784
2025-01-01 01:41:56,244937214.4055933
2025-01-01 01:41:57,238514888.90118435
2025-01-01 01:41:58,238935460.23055297
2025-01-01 01:41:59,239917794.71331665
2025-01-01 01:42:00,249602991.85146233
2025-01-01 01:42:01,248038364.61000264
2025-01-01 01:42:02,245734360.19202656
2025-01-01 01:42:03,252264687.03101546
2025-01-01 01:42:04,250460768.29714003
2025-01-01 01:42:05,251706282.4859622
2025-01-01 01:42:06,248249249.77363208
2025-01-01 01:42:07,253801472.07076153
2025-01-01 01:42:08,253023058.90900517
2025-01-01 01:42:09,246157302.3227993
2025-01-01 01:42:10,245962522.90392387
2025-01-01 01:42:11,245820798.816002
2025-01-01 01:42:12,251001188.34731346
2025-01-01 01:42:13,244073966.48610666
2025-01-01 01:42:14,247531323.25577372
2025-01-01 01:42:15,257652194.6085477
2025-01-01 01:42:16,253332455.47160187
2025-01-01 01:42:17,249492308.94492847
2025-01-01 01:42:18,251353642.02570418
2025-01-01 01:42:19,254130840.025
2025-01-01 01:42:20,257997582.33116153
2025-01-01 01:42:21,255459261.41946074
2025-01-01 01:42:22,257124800.96975923
2025-01-01 01:42:23,255371011.77095065
2025-01-01 01:42:24,253704171.3048793
2025-01-01 01:42:25,250379468.4867189
2025-01-01 01:42:26,251710461.85520935
2025-01-01 01:42:27,248022280.55194336
2025-01-01 01:42:28,250604131.68183276
2025-01-01 01:42:29,258524498.7862343
2025-01-01 01:42:30,253362205.69222313
2025-01-01 01:42:31,253420774.5920876
2025-01-01 01:42:32,255611768.50752965
2025-01-01 01:42:33,251056008.40969056
2025-01-01 01:42:34,253052501.71690205
2025-01-01 01:42:35,252590659.23618528
2025-01-01 01:42:36,250227932.96172312
2025-01-01 01:42:37,252013632.24265516
2025-01-01 01:42:38,264396130.70448467
2025-01-01 01:42:39,263716496.73266348
2025-01-01 01:42:40,257789698.5292464
2025-01-01 01:42:41,259586792.10716218
2025-01-01 01:42:42,254256774.38407728
2025-01-01 01:42:43,255226725.3485761
2025-01-01 01:42:44,248935853.66587466
2025-01-01 01:42:45,238886023.59808373
2025-01-01 01:42:46,247276822.88924187
2025-01-01 01:42:47,248827853.42421448
2025-01-01 01:42:48,248634230.75531226
2025-01-01 01:42:49,243736677.8046353
2025-01-01 01:42:50,249497213.748813
2025-01-01 01:42:51,246857440.2453696
2025-01-01 01:42:52,239781498.12245464
2025-01-01 01:42:53,246737224.03624743
2025-01-01 01:42:54,246225465.71583825
2025-01-01 01:42:55,250847332.21813077
2025-01-01 01:42:56,248520460.09187508
2025-01-01 01:42:57,249128981.48978183
2025-01-01 01:42:58,254618063.03982666
2025-01-01 01:42:59,252018208.50584865
2025-01-01 01:43:00,251500431.9916061
2025-01-01 01:43:01,248485039.2274302
2025-01-01 01:43:02,248908979.46302447
2025-01-01 01:43:03,249739184.60781714
2025-01-01 01:43:04,247318475.5113198
2025-01-01 01:43:05,247104692.27099746
2025-01-01 01:43:06,241466096.5887615
2025-01-01 01:43:07,248028916.14165673
2025-01-01 01:43:08,250245971.3254093
2025-01-01 01:43:09,251324437.29672015
2025-01-01 01:43:10,249549551.67128992
2025-01-01 01:43:11,245974917.32960498
2025-01-01 01:43:12,247324885.5179163
2025-01-01 01:43:13,243292050.44266838
2025-01-01 01:43:14,249420579.35319918
2025-01-01 01:43:15,251351395.06133327
2025-01-01 01:43:16,255823848.3512614
2025-01-01 01:43:17,249939774.8194833
2025-01-01 01:43:18,253523494.44205266
2025-01-01 01:43:19,244880412.63552442
2025-01-01 01:43:20,250327129.77871326
2025-01-01 01:43:21,247737298.07338896
2025-01-01 01:43:22,245481808.3162154
2025-01-01 01:43:23,245527426.6982733
2025-01-01 01:43:24,244430248.73596004
2025-01-01 01:43:25,247937021.71906716
2025-01-01 01:43:26,242890191.3110567
2025-01-01 01:43:27,237426759.09910578
2025-01-01 01:43:28,238154211.07391286
2025-01-01 01:43:29,240779664.2429894
2025-01-01 01:43:30,248181797.97346783
2025-01-01 01:43:31,255275777.69684196
2025-01-01 01:43:32,253893489.88763958
2025-01-01 01:43:33,252539878.48810083
2025-01-01 01:43:34,250361781.16336578
2025-01-01 01:43:35,249737179.0008665
2025-01-01 01:43:36,251347927.60984692
2025-01-01 01:43:37,247157193.3589894
2025-01-01 01:43:38,249655809.1383613
2025-01-01 01:43:39,247086646.8934473
2025-01-01 01:43:40,252613239.37943324
2025-01-01 01:43:41,249280596.1417207
2025-01-01 01:43:42,257119951.0360775
2025-01-01 01:43:43,253534640.04763374
2025-01-01 01:43:44,256592907.78152534
2025-01-01 01:43:45,252949584.11347216
2025-01-01 01:43:46,250750505.34450838
2025-01-01 01:43:47,250521469.69916886
2025-01-01 01:43:48,250285373.38893875
2025-01-01 01:43:49,252979285.1453103
2025-01-01 01:43:50,252845252.24965
2025-01-01 01:43:51,248106819.29304245
2025-01-01 01:43:52,250788026.45721042
2025-01-01 01:43:53,254345881.8247891
2025-01-01 01:43:54,262727817.43987343
2025-01-01 01:43:55,262626961.976257
2025-01-01 01:43:56,261267004.28745243
2025-01-01 01:43:57,254367045.32520616
2025-01-01 01:43:58,248632584.18662918
2025-01-01 01:43:59,248908881.34338456
2025-01-01 01:44:00,258563063.0629712
2025-01-01 01:44:01,256397024.92484775
2025-01-01 01:44:02,253150678.01906663
2025-01-01 01:44:03,250856675.39356017
2025-01-01 01:44:04,259358728.39173588
2025-01-01 01:44:05,258049892.29187596
2025-01-01 01:44:06,259366945.76888022
2025-01-01 01:44:07,253197264.04156607
2025-01-01 01:44:08,255829427.8248977
2025-01-01 01:44:09,254925510.1863646
2025-01-01 01:44:10,255281778.2448592
2025-01-01 01:44:11,256627746.0186775
2025-01-01 01:44:12,258392131.24675462
2025-01-01 01:44:13,251037017.42214525
2025-01-01 01:44:14,252331802.0566203
2025-01-01 01:44:15,257131795.60937443
2025-01-01 01:44:16,252686580.83344963
2025-01-01 01:44:17,255140068.885622
2025-01-01 01:44:18,255773240.5302013
2025-01-01 01:44:19,247197941.8951323
2025-01-01 01:44:20,253574976.29693717
2025-01-01 01:44:21,257808044.45876858
2025-01-01 01:44:22,254712880.43681943
2025-01-01 01:44:23,249873708.36937588
2025-01-01 01:44:24,243841487.02312997
2025-01-01 01:44:25,251868613.80961546
2025-01-01 01:44:26,253319175.46018758
2025-01-01 01:44:27,243925649.44095922
2025-01-01 01:44:28,251222010.96658045
2025-01-01 01:44:29,250604225.3966143
2025-01-01 01:44:30,250507110.530697
2025-01-01 01:44:31,248689043.51678702
2025-01-01 01:44:32,253047913.06642348
2025-01-01 01:44:33,258304351.26018894
2025-01-01 01:44:34,251107846.8387541
2025-01-01 01:44:35,248957726.67406073
2025-01-01 01:44:36,253308964.84416553
2025-01-01 01:44:37,260950093.64512134
2025-01-01 01:44:38,256713896.10969344
2025-01-01 01:44:39,256185635.5874079
2025-01-01 01:44:40,257315458.25687227
2025-01-01 01:44:41,251315749.121487
2025-01-01 01:44:42,256246822.34260398
2025-01-01 01:44:43,256894947.72976285
2025-01-01 01:44:44,259905220.76880005
2025-01-01 01:44:45,257743024.1068605
2025-01-01 01:44:46,262645901.74025762
2025-01-01 01:44:47,256210553.1885627
2025-01-01 01:44:48,253924969.4711525
2025-01-01 01:44:49,249464892.5830952
2025-01-01 01:44:50,248521550.01656774
2025-01-01 01:44:51,246511815.49006015
2025-01-01 01:44:52,253643345.56166795
2025-01-01 01:44:53,244464166.11842686
2025-01-01 01:44:54,248519006.16173497
2025-01-01 01:44:55,249208212.34248525
2025-01-01 01:44:56,258011340.13540286
2025-01-01 01:44:57,253510598.82241496
2025-01-01 01:44:58,251129451.0213411
2025-01-01 01:44:59,253059921.51789543
2025-01-01 01:45:00,256070264.1199214
2025-01-01 01:45:01,257044595.4502211
2025-01-01 01:45:02,252422457.8326466
2025-01-01 01:45:03,254646173.74215686
2025-01-01 01:45:04,255100962.00694898
2025-01-01 01:45:05,255922003.2607245
2025-01-01 01:45:06,252232420.90334496
2025-01-01 01:45:07,254121846.20612788
2025-01-01 01:45:08,253990657.0813546
2025-01-01 01:45:09,258927620.90287307
2025-01-01 01:45:10,255252752.2172868
2025-01-01 01:45:11,253939651.60864717
2025-01-01 01:45:12,253870417.00965348
2025-01-01 01:45:13,255926879.93212348
2025-01-01 01:45:14,252210498.86946458
2025-01-01 01:45:15,249780339.21982932
2025-01-01 01:45:16,253203713.2590749
2025-01-01 01:45:17,260280895.44453996
2025-01-01 01:45:18,258260862.9962706
2025-01-01 01:45:19,253882614.44034287
2025-01-01 01:45:20,257323005.6218572
2025-01-01 01:45:21,253392272.84531808
2025-01-01 01:45:22,254770764.853326
2025-01-01 01:45:23,252695184.96427646
2025-01-01 01:45:24,256475238.93910238
2025-01-01 01:45:25,251217960.82756373
2025-01-01 01:45:26,252612417.29839823
2025-01-01 01:45:27,248685478.506045
2025-01-01 01:45:28,250288983.10532987
2025-01-01 01:45:29,249592703.43092158
2025-01-01 01:45:30,250846627.65073153
2025-01-01 01:45:31,255464804.72411713
2025-01-01 01:45:32,255964021.1573369
2025-01-01 01:45:33,261323778.7860753
2025-01-01 01:45:34,257866115.11273804
2025-01-01 01:45:35,258519783.7501082
2025-01-01 01:45:36,254907982.06959245
2025-01-01 01:45:37,253046489.9585104
2025-01-01 01:45:38,251251768.4876566
2025-01-01 01:45:39,245510242.42458335
2025-01-01 01:45:40,249240053.40852547
2025-01-01 01:45:41,250741413.90503064
2025-01-01 01:45:42,255704291.30467802
2025-01-01 01:45:43,253462810.21631968
2025-01-01 01:45:44,254101147.66387597
2025-01-01 01:45:45,254800205.316139
2025-01-01 01:45:46,257812841.89760935
2025-01-01 01:45:47,258663557.66285232
2025-01-01 01:45:48,252704196.56076866
2025-01-01 01:45:49,262021665.30542764
2025-01-01 01:45:50,256290984.18192825
2025-01-01 01:45:51,248283284.3473816
2025-01-01 01:45:52,249361744.0958551
2025-01-01 01:45:53,250812185.59092575
2025-01-01 01:45:54,253032762.61742577
2025-01-01 01:45:55,253822992.3290228
2025-01-01 01:45:56,246661658.52319956
2025-01-01 01:45:57,249449633.60146993
2025-01-01 01:45:58,251960558.0579837
2025-01-01 01:45:59,253785373.22952524
2025-01-01 01:46:00,263154429.7486025
2025-01-01 01:46:01,266494366.8844653
2025-01-01 01:46:02,266683585.88029605
2025-01-01 01:46:03,253140726.8860612
2025-01-01 01:46:04,253402226.6949678
2025-01-01 01:46:05,251475997.03583273
2025-01-01 01:46:06,253982514.22729298
2025-01-01 01:46:07,256603915.3600268
2025-01-01 01:46:08,255038616.98318633
2025-01-01 01:46:09,252335296.489553
2025-01-01 01:46:10,252958845.65349206
2025-01-01 01:46:11,258127609.57310092
2025-01-01 01:46:12,250952072.44283482
2025-01-01 01:46:13,252681158.34051242
2025-01-01 01:46:14,247465711.94780153
2025-01-01 01:46:15,250973710.1996734
2025-01-01 01:46:16,250001484.29397267
2025-01-01 01:46:17,263719721.89124426
2025-01-01 01:46:18,257869891.60023403
2025-01-01 01:46:19,251479283.87955925
2025-01-01 01:46:20,260127280.79729915
2025-01-01 01:46:21,253703090.02281466
2025-01-01 01:46:22,250733152.52269095
2025-01-01 01:46:23,250738430.69624853
2025-01-01 01:46:24,249729050.04995754
2025-01-01 01:46:25,252194537.03241107
2025-01-01 01:46:26,251040267.8486762
2025-01-01 01:46:27,252052788.87737313
2025-01-01 01:46:28,250603405.2033765
2025-01-01 01:46:29,254543401.28257173
2025-01-01 01:46:30,251669437.24842077
2025-01-01 01:46:31,251547196.6937648
2025-01-01 01:46:32,253803185.89953184
2025-01-01 01:46:33,250186239.4659829
2025-01-01 01:46:34,251133071.02900854
2025-01-01 01:46:35,246676432.8567242
2025-01-01 01:46:36,253472416.46565816
2025-01-01 01:46:37,251567453.3948113
2025-01-01 01:46:38,248873750.85155508
2025-01-01 01:46:39,249565968.83389556
2025-01-01 01:46:40,249848909.45236203
2025-01-01 01:46:41,254773191.90662184
2025-01-01 01:46:42,252475854.0881603
2025-01-01 01:46:43,247772564.1261186
2025-01-01 01:46:44,247867604.41989917
2025-01-01 01:46:45,245338990.43793917
2025-01-01 01:46:46,241684718.0956238
2025-01-01 01:46:47,246950028.4540318
2025-01-01 01:46:48,250728642.20642895
2025-01-01 01:46:49,248938312.93843412
2025-01-01 01:46:50,251388156.58978456
2025-01-01 01:46:51,246934657.42585248
2025-01-01 01:46:52,253114089.1808145
2025-01-01 01:46:53,254669091.81635037
2025-01-01 01:46:54,260630479.5594624
2025-01-01 01:46:55,263032847.41741756
2025-01-01 01:46:56,258231041.12065995
2025-01-01 01:46:57,257717590.6256698
2025-01-01 01:46:58,254776468.24506065
2025-01-01 01:46:59,251857833.28448632
2025-01-01 01:47:00,249564002.65464345
2025-01-01 01:47:01,249689201.95015198
2025-01-01 01:47:02,256105196.91616902
2025-01-01 01:47:03,258270214.27371165
2025-01-01 01:47:04,260351826.56220967
2025-01-01 01:47:05,252643067.66548
2025-01-01 01:47:06,248055144.57664776
2025-01-01 01:47:07,250201888.0981741
2025-01-01 01:47:08,257716895.9113278
2025-01-01 01:47:09,257529034.71160516
2025-01-01 01:47:10,259794189.55412984
2025-01-01 01:47:11,255166589.66552314
2025-01-01 01:47:12,254434211.44580042
2025-01-01 01:47:13,250481506.09379447
2025-01-01 01:47:14,245388357.6472508
2025-01-01 01:47:15,243175525.7673849
2025-01-01 01:47:16,252672904.97219345
2025-01-01 01:47:17,252241615.15857303
2025-01-01 01:47:18,256195390.2349196
2025-01-01 01:47:19,253312577.62587392
2025-01-01 01:47:20,256870730.738583
2025-01-01 01:47:21,250571445.7137492
2025-01-01 01:47:22,254626897.5010762
2025-01-01 01:47:23,251624212.16151506
2025-01-01 01:47:24,256486291.1624905
2025-01-01 01:47:25,253993595.3022332
2025-01-01 01:47:26,254398027.18278587
2025-01-01 01:47:27,249982496.41596067
2025-01-01 01:47:28,247243201.69541717
2025-01-01 01:47:29,250457099.85003668
2025-01-01 01:47:30,253562956.50308585
2025-01-01 01:47:31,249347346.44833314
2025-01-01 01:47:32,250588556.87690538
2025-01-01 01:47:33,252280145.06994897
2025-01-01 01:47:34,250578290.5916758
2025-01-01 01:47:35,242003209.1004814
2025-01-01 01:47:36,246025673.9128954
2025-01-01 01:47:37,245460874.5401629
2025-01-01 01:47:38,254844824.74676862
2025-01-01 01:47:39,252250877.92600608
2025-01-01 01:47:40,253587931.94754162
2025-01-01 01:47:41,255025871.99033132
2025-01-01 01:47:42,253383725.8951153
2025-01-01 01:47:43,247537540.4476572
2025-01-01 01:47:44,250621347.40488544
2025-01-01 01:47:45,245233501.08230352
2025-01-01 01:47:46,247402313.13324147
2025-01-01 01:47:47,249790968.77262783
2025-01-01 01:47:48,248823348.73149285
2025-01-01 01:47:49,253397453.27604124
2025-01-01 01:47:50,254310766.58153415
2025-01-01 01:47:51,254841400.04184884
2025-01-01 01:47:52,250472120.63334608
2025-01-01 01:47:53,253791011.73115033
2025-01-01 01:47:54,250700647.9320944
2025-01-01 01:47:55,252637618.20410126
2025-01-01 01:47:56,255349972.77124238
2025-01-01 01:47:57,252480371.01998398
2025-01-01 01:47:58,251628893.30472353
2025-01-01 01:47:59,248512047.00600737
2025-01-01 01:48:00,253481265.5347314
2025-01-01 01:48:01,249406094.81028423
2025-01-01 01:48:02,249695149.5195872
2025-01-01 01:48:03,253087562.3869797
2025-01-01 01:48:04,255217857.85236442
2025-01-01 01:48:05,250930290.53559077
2025-01-01 01:48:06,249173638.06979302
2025-01-01 01:48:07,249772437.46669227
2025-01-01 01:48:08,247901909.34199744
2025-01-01 01:48:09,252242180.53215373
2025-01-01 01:48:10,250241876.17812005
2025-01-01 01:48:11,251212458.1506705
2025-01-01 01:48:12,251163746.3657953
2025-01-01 01:48:13,245578522.2069144
2025-01-01 01:48:14,240412902.51433474
2025-01-01 01:48:15,242268581.3512826
2025-01-01 01:48:16,247779957.09264088
2025-01-01 01:48:17,251197977.18976134
2025-01-01 01:48:18,247476936.815744
2025-01-01 01:48:19,248527351.79246065
2025-01-01 01:48:20,249924247.45418885
2025-01-01 01:48:21,248001332.75322697
2025-01-01 01:48:22,249293693.88235044
2025-01-01 01:48:23,245056796.65063053
2025-01-01 01:48:24,250552977.412568
2025-01-01 01:48:25,253846851.82520297
2025-01-01 01:48:26,253336732.62928006
2025-01-01 01:48:27,258382640.39508796
2025-01-01 01:48:28,254572476.48356315
2025-01-01 01:48:29,248760957.64918318
2025-01-01 01:48:30,254796064.5412886
2025-01-01 01:48:31,255483181.65387627
2025-01-01 01:48:32,252950790.43014902
2025-01-01 01:48:33,251079581.03646797
2025-01-01 01:48:34,247674178.48633885
2025-01-01 01:48:35,249779737.35670638
2025-01-01 01:48:36,243614782.36423773
2025-01-01 01:48:37,247519171.7335156
2025-01-01 01:48:38,254272267.2672726
2025-01-01 01:48:39,252085047.01625314
2025-01-01 01:48:40,249173294.95520788
2025-01-01 01:48:41,248235421.28772897
2025-01-01 01:48:42,251094682.53463
2025-01-01 01:48:43,246719128.61898273
2025-01-01 01:48:44,252406023.64006463
2025-01-01 01:48:45,247446699.88548684
2025-01-01 01:48:46,247123096.05387965
2025-01-01 01:48:47,250811827.6198611
2025-01-01 01:48:48,246052173.35814723
2025-01-01 01:48:49,239976539.9550306
2025-01-01 01:48:50,243100842.87738118
2025-01-01 01:48:51,244992225.743109
2025-01-01 01:48:52,241490356.2166155
2025-01-01 01:48:53,250041683.6944978
2025-01-01 01:48:54,250332428.59726396
2025-01-01 01:48:55,246634308.99726063
2025-01-01 01:48:56,246027009.05017173
2025-01-01 01:48:57,252094232.07699
2025-01-01 01:48:58,248276173.71995348
2025-01-01 01:48:59,247092581.7954394
2025-01-01 01:49:00,249918239.13347617
2025-01-01 01:49:01,246211858.9798838
2025-01-01 01:49:02,248370724.6751119
2025-01-01 01:49:03,251186835.87955
2025-01-01 01:49:04,245974892.01910865
2025-01-01 01:49:05,256595613.53221217
2025-01-01 01:49:06,253869749.03069767
2025-01-01 01:49:07,251601368.66849554
2025-01-01 01:49:08,248341574.08323792
2025-01-01 01:49:09,246010164.95218208
2025-01-01 01:49:10,245589756.2666496
2025-01-01 01:49:11,245576008.46758214
2025-01-01 01:49:12,245341578.66851455
2025-01-01 01:49:13,244207083.70793363
2025-01-01 01:49:14,250082655.4976793
2025-01-01 01:49:15,248733987.8369039
2025-01-01 01:49:16,246376551.6140884
2025-01-01 01:49:17,243618463.42091575
2025-01-01 01:49:18,248561949.05988377
2025-01-01 01:49:19,250141160.61892948
2025-01-01 01:49:20,251776712.2144751
2025-01-01 01:49:21,248160420.10594264
2025-01-01 01:49:22,254639280.960203
2025-01-01 01:49:23,248040564.7834832
2025-01-01 01:49:24,246615886.45829943
2025-01-01 01:49:25,252064063.0874468
2025-01-01 01:49:26,250661331.07009226
2025-01-01 01:49:27,254709796.15148008
2025-01-01 01:49:28,255917093.70591617
2025-01-01 01:49:29,257734473.38744244
2025-01-01 01:49:30,257723561.8559771
2025-01-01 01:49:31,255312891.55848208
2025-01-01 01:49:32,257920910.064654
2025-01-01 01:49:33,259398290.71105304
2025-01-01 01:49:34,251158427.95576465
2025-01-01 01:49:35,248071661.08777893
2025-01-01 01:49:36,254316263.4693217
2025-01-01 01:49:37,248046447.3706379
2025-01-01 01:49:38,246784108.1588631
2025-01-01 01:49:39,250364970.31232283
2025-01-01 01:49:40,248581958.42176428
2025-01-01 01:49:41,243201935.0371984
2025-01-01 01:49:42,243182487.23153284
2025-01-01 01:49:43,251201042.91513598
2025-01-01 01:49:44,258789142.69671622
2025-01-01 01:49:45,261372113.3294339
2025-01-01 01:49:46,256257423.84757906
2025-01-01 01:49:47,249714277.86524874
2025-01-01 01:49:48,255412499.5644579
2025-01-01 01:49:49,252714997.2751622
2025-01-01 01:49:50,249742158.9304495
2025-01-01 01:49:51,245971745.0620483
2025-01-01 01:49:52,247958638.22251067
2025-01-01 01:49:53,248798292.96034312
2025-01-01 01:49:54,244804081.06880167
2025-01-01 01:49:55,246084181.1723849
2025-01-01 01:49:56,252074926.67610404
2025-01-01 01:49:57,243777025.72971067
2025-01-01 01:49:58,247638171.32250643
2025-01-01 01:49:59,246939320.69117272
2025-01-01 01:50:00,243589611.21417087
2025-01-01 01:50:01,241120552.18107706
2025-01-01 01:50:02,248025572.7838039
2025-01-01 01:50:03,257100358.58041736
2025-01-01 01:50:04,249178840.80467957
2025-01-01 01:50:05,247647438.23833942
2025-01-01 01:50:06,249511045.72521397
2025-01-01 01:50:07,247975960.73157093
2025-01-01 01:50:08,245083091.79216212
2025-01-01 01:50:09,252940452.6603257
2025-01-01 01:50:10,260712706.64592156
2025-01-01 01:50:11,252319010.39085007
2025-01-01 01:50:12,254185377.3521607
2025-01-01 01:50:13,252933148.4230379
2025-01-01 01:50:14,259455027.34625098
2025-01-01 01:50:15,256217141.46059367
2025-01-01 01:50:16,255977408.52495372
2025-01-01 01:50:17,257296490.3392676
2025-01-01 01:50:18,258340390.11409006
2025-01-01 01:50:19,258430845.23074412
2025-01-01 01:50:20,256840615.36882836
2025-01-01 01:50:21,259135647.29483277
2025-01-01 01:50:22,261667876.96348184
2025-01-01 01:50:23,261524830.72652376
2025-01-01 01:50:24,262823532.94298717
2025-01-01 01:50:25,262793940.25057718
2025-01-01 01:50:26,255325255.89293617
2025-01-01 01:50:27,262585497.31855327
2025-01-01 01:50:28,262414631.3094734
2025-01-01 01:50:29,264145161.0903432
2025-01-01 01:50:30,268234576.07198542
2025-01-01 01:50:31,264970446.21410078
2025-01-01 01:50:32,257000350.65828797
2025-01-01 01:50:33,257320734.29701176
2025-01-01 01:50:34,258795964.5348774
2025-01-01 01:50:35,257322893.84499928
2025-01-01 01:50:36,252911129.29853806
2025-01-01 01:50:37,250528232.90273136
2025-01-01 01:50:38,253049398.23530912
2025-01-01 01:50:39,249317162.22129306
2025-01-01 01:50:40,245056857.09620774
2025-01-01 01:50:41,244953225.55313033
2025-01-01 01:50:42,252392525.8315803
2025-01-01 01:50:43,251724590.75507504
2025-01-01 01:50:44,249705223.63702548
2025-01-01 01:50:45,253385364.01299644
2025-01-01 01:50:46,254747556.26482603
2025-01-01 01:50:47,251842305.29196066
2025-01-01 01:50:48,255852743.20067585
2025-01-01 01:50:49,256357047.01179475
2025-01-01 01:50:50,255073159.59161043
2025-01-01 01:50:51,250695124.40639937
2025-01-01 01:50:52,249536137.95259297
2025-01-01 01:50:53,249138737.86916974
2025-01-01 01:50:54,247333708.12662634
2025-01-01 01:50:55,253595899.38852513
2025-01-01 01:50:56,253624084.37965587
2025-01-01 01:50:57,249571508.1848666
2025-01-01 01:50:58,248558427.85969162
2025-01-01 01:50:59,253607245.26551893
2025-01-01 01:51:00,259707272.9765896
2025-01-01 01:51:01,261298817.99455962
2025-01-01 01:51:02,255164034.3819763
2025-01-01 01:51:03,250079076.61147237
2025-01-01 01:51:04,247810393.67945778
2025-01-01 01:51:05,245563172.57671434
2025-01-01 01:51:06,253567676.93215898
2025-01-01 01:51:07,251461235.21523803
2025-01-01 01:51:08,260163285.72350267
2025-01-01 01:51:09,256240550.01712987
2025-01-01 01:51:10,258867696.38829264
2025-01-01 01:51:11,256854868.965861
2025-01-01 01:51:12,259247384.84342107
2025-01-01 01:51:13,253333984.55582938
2025-01-01 01:51:14,249936723.84873208
2025-01-01 01:51:15,246574318.7116359
2025-01-01 01:51:16,254703748.211934
2025-01-01 01:51:17,252724273.85117134
2025-01-01 01:51:18,246348542.3674665
2025-01-01 01:51:19,246444935.1796238
2025-01-01 01:51:20,249201095.3480767
2025-01-01 01:51:21,248740150.4167801
2025-01-01 01:51:22,250788956.29335058
2025-01-01 01:51:23,243593297.97625107
2025-01-01 01:51:24,246935528.43819907
2025-01-01 01:51:25,245937407.638663
2025-01-01 01:51:26,243068318.82652113
2025-01-01 01:51:27,251374129.64627674
2025-01-01 01:51:28,250302336.5657973
2025-01-01 01:51:29,248669339.39673254
2025-01-01 01:51:30,252237273.96495268
2025-01-01 01:51:31,250689883.73816228
2025-01-01 01:51:32,252796393.93032175
2025-01-01 01:51:33,245944581.45982936
2025-01-01 01:51:34,245869092.84546527
2025-01-01 01:51:35,250303117.5187316
2025-01-01 01:51:36,247611990.7359689
2025-01-01 01:51:37,251589796.65927744
2025-01-01 01:51:38,246498037.53263494
2025-01-01 01:51:39,247642402.7760795
2025-01-01 01:51:40,250530836.6117206
2025-01-01 01:51:41,246776731.31630853
2025-01-01 01:51:42,242646817.19842973
2025-01-01 01:51:43,245711302.55833668
2025-01-01 01:51:44,257374024.6888365
2025-01-01 01:51:45,245750813.381449
2025-01-01 01:51:46,256408143.1784789
2025-01-01 01:51:47,250587075.3783247
2025-01-01 01:51:48,246057651.03605244
2025-01-01 01:51:49,247930531.9778723
2025-01-01 01:51:50,256071571.9164109
2025-01-01 01:51:51,250324458.6172159
2025-01-01 01:51:52,254307733.88495982
2025-01-01 01:51:53,253297575.0152991
2025-01-01 01:51:54,251354797.9196346
2025-01-01 01:51:55,246307199.71097732
2025-01-01 01:51:56,252426854.82711112
2025-01-01 01:51:57,257793824.26082793
2025-01-01 01:51:58,257652851.6695007
2025-01-01 01:51:59,254215046.83737293
2025-01-01 01:52:00,254116198.17883456
2025-01-01 01:52:01,246025413.1560905
2025-01-01 01:52:02,247709737.71964872
2025-01-01 01:52:03,249242908.27070582
2025-01-01 01:52:04,253486690.52346486
2025-01-01 01:52:05,255021343.1024822
2025-01-01 01:52:06,256607220.43772876
2025-01-01 01:52:07,254132772.35972783
2025-01-01 01:52:08,255004719.71522075
2025-01-01 01:52:09,254033001.2003542
2025-01-01 01:52:10,255726217.52006218
2025-01-01 01:52:11,249693463.57062295
2025-01-01 01:52:12,250376797.4327002
2025-01-01 01:52:13,249176389.79503226
2025-01-01 01:52:14,245738125.119713
2025-01-01 01:52:15,249800344.78581455
2025-01-01 01:52:16,248466117.52802438
2025-01-01 01:52:17,251631814.87971452
2025-01-01 01:52:18,254899744.6012354
2025-01-01 01:52:19,254802059.21247125
2025-01-01 01:52:20,256232255.50252208
2025-01-01 01:52:21,246534523.27381
2025-01-01 01:52:22,249276314.07893294
2025-01-01 01:52:23,252724705.06720674
2025-01-01 01:52:24,254630663.8262713
2025-01-01 01:52:25,251266560.43457478
2025-01-01 01:52:26,252985531.55143055
2025-01-01 01:52:27,254379347.78926593
2025-01-01 01:52:28,253281685.50936425
2025-01-01 01:52:29,255770324.33460227
2025-01-01 01:52:30,260496609.10621968
2025-01-01 01:52:31,255534491.04243645
2025-01-01 01:52:32,250411405.137369
2025-01-01 01:52:33,252440890.86285293
2025-01-01 01:52:34,250335221.04074654
2025-01-01 01:52:35,251429474.33322388
2025-01-01 01:52:36,248236503.9085307
2025-01-01 01:52:37,251992983.38112566
2025-01-01 01:52:38,251954517.1228783
2025-01-01 01:52:39,251194240.23263672
2025-01-01 01:52:40,252984060.1007518
2025-01-01 01:52:41,249349297.98933443
2025-01-01 01:52:42,255471520.4129516
2025-01-01 01:52:43,258694069.76812208
2025-01-01 01:52:44,257000093.90341073
2025-01-01 01:52:45,247321784.1594551
2025-01-01 01:52:46,250690815.8914812
2025-01-01 01:52:47,248450192.04016262
2025-01-01 01:52:48,252532394.0102944
2025-01-01 01:52:49,252164764.5949297
2025-01-01 01:52:50,254481894.65750876
2025-01-01 01:52:51,254555717.00271776
2025-01-01 01:52:52,251242986.62216553
2025-01-01 01:52:53,248839439.38132143
2025-01-01 01:52:54,252216677.4718853
2025-01-01 01:52:55,249745205.27915502
2025-01-01 01:52:56,248734039.0119016
2025-01-01 01:52:57,256358359.57957533
2025-01-01 01:52:58,255457363.06732306
2025-01-01 01:52:59,252989726.4764759
2025-01-01 01:53:00,256550461.7027973
2025-01-01 01:53:01,256453243.05164376
2025-01-01 01:53:02,258470982.29472068
2025-01-01 01:53:03,259798175.94057477
2025-01-01 01:53:04,254295856.52094737
2025-01-01 01:53:05,249313628.40842485
2025-01-01 01:53:06,245770746.1165328
2025-01-01 01:53:07,242212648.27612776
2025-01-01 01:53:08,249150839.5815672
2025-01-01 01:53:09,244675868.18593463
2025-01-01 01:53:10,243312300.04098234
2025-01-01 01:53:11,252744323.2007572
2025-01-01 01:53:12,248830566.74940416
2025-01-01 01:53:13,253387249.62562448
2025-01-01 01:53:14,251494751.5515705
2025-01-01 01:53:15,245847395.88267803
2025-01-01 01:53:16,246564899.6512973
2025-01-01 01:53:17,240443095.61115915
2025-01-01 01:53:18,242318161.38270915
2025-01-01 01:53:19,244612891.68195343
2025-01-01 01:53:20,244606723.63086542
2025-01-01 01:53:21,245716616.87882352
2025-01-01 01:53:22,249535869.43647498
2025-01-01 01:53:23,256865409.3944233
2025-01-01 01:53:24,250405718.30838326
2025-01-01 01:53:25,242469063.57825992
2025-01-01 01:53:26,253938407.43838155
2025-01-01 01:53:27,254467656.80701903
2025-01-01 01:53:28,245395142.97527513
2025-01-01 01:53:29,244791685.51654038
2025-01-01 01:53:30,253199047.47290456
2025-01-01 01:53:31,246169133.85684347
2025-01-01 01:53:32,250188716.32515582
2025-01-01 01:53:33,247835062.9618435
2025-01-01 01:53:34,250431233.6996836
2025-01-01 01:53:35,247187662.28954247
2025-01-01 01:53:36,246092564.4189283
2025-01-01 01:53:37,253214269.66137096
2025-01-01 01:53:38,250544834.8914033
2025-01-01 01:53:39,252777468.11005092
2025-01-01 01:53:40,249703225.48292643
2025-01-01 01:53:41,251967355.81968734
2025-01-01 01:53:42,252826196.33128887
2025-01-01 01:53:43,249268532.72489098
2025-01-01 01:53:44,250400611.0236187
2025-01-01 01:53:45,250370450.62291873
2025-01-01 01:53:46,243734772.0710277
2025-01-01 01:53:47,244880799.88509798
2025-01-01 01:53:48,247813312.82720748
2025-01-01 01:53:49,248971534.26445767
2025-01-01 01:53:50,250590905.1951994
2025-01-01 01:53:51,244712601.27150252
2025-01-01 01:53:52,248888840.86731923
2025-01-01 01:53:53,245140506.3956654
2025-01-01 01:53:54,243741808.94654274
2025-01-01 01:53:55,249654435.22980422
2025-01-01 01:53:56,253216872.73225597
2025-01-01 01:53:57,249812924.87005338
2025-01-01 01:53:58,248145455.15128794
2025-01-01 01:53:59,246225641.83285066
2025-01-01 01:54:00,243760289.7187362
2025-01-01 01:54:01,241527236.8526612
2025-01-01 01:54:02,243163724.70656642
2025-01-01 01:54:03,247525383.2592025
2025-01-01 01:54:04,244978622.19615307
2025-01-01 01:54:05,248397359.797209
2025-01-01 01:54:06,243632361.7503949
2025-01-01 01:54:07,245624058.1797383
2025-01-01 01:54:08,241369950.1239571
2025-01-01 01:54:09,237783129.6407985
2025-01-01 01:54:10,244830404.5830573
2025-01-01 01:54:11,243930259.5865265
2025-01-01 01:54:12,248148639.8891293
2025-01-01 01:54:13,252178509.49764124
2025-01-01 01:54:14,255637445.7623706
2025-01-01 01:54:15,250392089.7919288
2025-01-01 01:54:16,254614992.55580112
2025-01-01 01:54:17,250680100.77898452
2025-01-01 01:54:18,243417657.29464078
2025-01-01 01:54:19,245016521.6832529
2025-01-01 01:54:20,247409054.5651279
2025-01-01 01:54:21,242948762.907552
2025-01-01 01:54:22,243360946.92716777
2025-01-01 01:54:23,247865068.35211185
2025-01-01 01:54:24,251225155.56568307
2025-01-01 01:54:25,246140212.67538646
2025-01-01 01:54:26,245859676.7779827
2025-01-01 01:54:27,247260829.16637734
2025-01-01 01:54:28,252413403.50566587
2025-01-01 01:54:29,251851395.79041424
2025-01-01 01:54:30,258022537.5447326
2025-01-01 01:54:31,252031142.6414437
2025-01-01 01:54:32,248895540.34499544
2025-01-01 01:54:33,255881856.2826209
2025-01-01 01:54:34,255133123.45617306
2025-01-01 01:54:35,255843433.32087156
2025-01-01 01:54:36,254572886.21029148
2025-01-01 01:54:37,249972888.99718022
2025-01-01 01:54:38,244854434.59115323
2025-01-01 01:54:39,248071916.24480128
2025-01-01 01:54:40,251388871.15136823
2025-01-01 01:54:41,246674955.99642825
2025-01-01 01:54:42,247080743.2775091
2025-01-01 01:54:43,248043221.80323288
2025-01-01 01:54:44,241983876.17567822
2025-01-01 01:54:45,245263620.9194716
2025-01-01 01:54:46,245433100.69614655
2025-01-01 01:54:47,244509020.08230424
2025-01-01 01:54:48,244658459.7435185
2025-01-01 01:54:49,244568550.0878444
2025-01-01 01:54:50,251267290.11513636
2025-01-01 01:54:51,243553875.9848987
2025-01-01 01:54:52,251328399.05849323
2025-01-01 01:54:53,245248549.2957903
2025-01-01 01:54:54,248552751.15147924
2025-01-01 01:54:55,250272133.8255451
2025-01-01 01:54:56,251570985.0650037
2025-01-01 01:54:57,252461135.51956385
2025-01-01 01:54:58,251268975.84334892
2025-01-01 01:54:59,249418675.89046615
2025-01-01 01:55:00,246727638.72590894
2025-01-01 01:55:01,252630769.21647462
2025-01-01 01:55:02,257057029.27828044
2025-01-01 01:55:03,251168457.467189
2025-01-01 01:55:04,248162061.4193098
2025-01-01 01:55:05,258253109.98717576
2025-01-01 01:55:06,249524014.2485509
2025-01-01 01:55:07,245719828.24939367
2025-01-01 01:55:08,248130796.69236687
2025-01-01 01:55:09,245925940.4540726
2025-01-01 01:55:10,253034066.7102919
2025-01-01 01:55:11,250651406.3064933
2025-01-01 01:55:12,248151818.77413487
2025-01-01 01:55:13,257186416.3640794
2025-01-01 01:55:14,255175713.7041768
2025-01-01 01:55:15,255461296.41878816
2025-01-01 01:55:16,253294545.65243486
2025-01-01 01:55:17,252719943.1284207
2025-01-01 01:55:18,249642520.606184
2025-01-01 01:55:19,247564554.64235932
2025-01-01 01:55:20,243263688.33389005
2025-01-01 01:55:21,244911378.12699163
2025-01-01 01:55:22,245357715.7033833
2025-01-01 01:55:23,247543717.1513222
2025-01-01 01:55:24,242784506.99901804
2025-01-01 01:55:25,245943636.75136355
2025-01-01 01:55:26,253808615.4337507
2025-01-01 01:55:27,247219958.8343783
2025-01-01 01:55:28,254293015.68114898
2025-01-01 01:55:29,250252703.82131475
2025-01-01 01:55:30,246855979.6188174
2025-01-01 01:55:31,250514146.9974642
2025-01-01 01:55:32,251927204.35319915
2025-01-01 01:55:33,254370373.11597395
2025-01-01 01:55:34,253991978.71472824
2025-01-01 01:55:35,254344977.42423356
2025-01-01 01:55:36,249346553.84910184
2025-01-01 01:55:37,249896073.75039485
2025-01-01 01:55:38,247645806.12486953
2025-01-01 01:55:39,249481481.85749778
2025-01-01 01:55:40,250619958.69220117
2025-01-01 01:55:41,251509563.57598078
2025-01-01 01:55:42,252437818.9110703
2025-01-01 01:55:43,253657897.5447892
2025-01-01 01:55:44,249024408.29329133
2025-01-01 01:55:45,243513703.95148388
2025-01-01 01:55:46,246591633.14262423
2025-01-01 01:55:47,251201820.72483203
2025-01-01 01:55:48,251492364.4734181
2025-01-01 01:55:49,255912222.57363552
2025-01-01 01:55:50,258085097.92083532
2025-01-01 01:55:51,260833995.30055887
2025-01-01 01:55:52,257212285.05078852
2025-01-01 01:55:53,248980624.54187948
2025-01-01 01:55:54,246715468.95890698
2025-01-01 01:55:55,253091535.67796057
2025-01-01 01:55:56,255647295.07118317
2025-01-01 01:55:57,247436371.70740202
2025-01-01 01:55:58,251664797.60367385
2025-01-01 01:55:59,256999245.11409155
2025-01-01 01:56:00,258322518.98176128
2025-01-01 01:56:01,255608056.74346194
2025-01-01 01:56:02,251052958.9735661
2025-01-01 01:56:03,254905078.6003754
2025-01-01 01:56:04,247458468.58936238
2025-01-01 01:56:05,247347655.098788
2025-01-01 01:56:06,248169938.201494
2025-01-01 01:56:07,243058377.2718328
2025-01-01 01:56:08,245471627.56144097
2025-01-01 01:56:09,247469884.05587673
2025-01-01 01:56:10,250555983.64419347
2025-01-01 01:56:11,250398825.26547354
2025-01-01 01:56:12,249287525.09925106
2025-01-01 01:56:13,244009068.67575487
2025-01-01 01:56:14,253026511.9121168
2025-01-01 01:56:15,250159108.6090084
2025-01-01 01:56:16,246187960.44580722
2025-01-01 01:56:17,248585231.2287161
2025-01-01 01:56:18,253960572.22969466
2025-01-01 01:56:19,250894232.89475235
2025-01-01 01:56:20,253415956.72213408
2025-01-01 01:56:21,250065512.455506
2025-01-01 01:56:22,249421791.098217
2025-01-01 01:56:23,250718735.51246336
2025-01-01 01:56:24,248450179.900281
2025-01-01 01:56:25,250430535.26656696
2025-01-01 01:56:26,252422597.57255396
2025-01-01 01:56:27,252344733.6324616
2025-01-01 01:56:28,258476017.21417505
2025-01-01 01:56:29,255406724.90073395
2025-01-01 01:56:30,253280972.95243695
2025-01-01 01:56:31,263437167.33279416
2025-01-01 01:56:32,251776664.03262538
2025-01-01 01:56:33,251439770.3890827
2025-01-01 01:56:34,250021172.03574288
2025-01-01 01:56:35,247646830.56034663
2025-01-01 01:56:36,246180685.32355574
2025-01-01 01:56:37,243611805.15775323
2025-01-01 01:56:38,245963283.89023983
2025-01-01 01:56:39,248863681.3836474
2025-01-01 01:56:40,243449581.06592366
2025-01-01 01:56:41,249119819.82038742
2025-01-01 01:56:42,253983181.43353662
2025-01-01 01:56:43,251547521.71993095
2025-01-01 01:56:44,251939882.55588192
2025-01-01 01:56:45,256183580.57594287
2025-01-01 01:56:46,249121262.60303286
2025-01-01 01:56:47,247471020.10432717
2025-01-01 01:56:48,250803183.20681182
2025-01-01 01:56:49,246549767.67111203
2025-01-01 01:56:50,245722643.7253976
2025-01-01 01:56:51,246641815.74241048
2025-01-01 01:56:52,256116725.91594017
2025-01-01 01:56:53,252944509.55012053
2025-01-01 01:56:54,244487734.04751137
2025-01-01 01:56:55,249287918.92098978
2025-01-01 01:56:56,250140714.37105575
2025-01-01 01:56:57,251880729.92470643
2025-01-01 01:56:58,250789916.42590335
2025-01-01 01:56:59,254735095.29963395
2025-01-01 01:57:00,252321617.05751058
2025-01-01 01:57:01,253810551.93200153
2025-01-01 01:57:02,244189661.86220133
2025-01-01 01:57:03,249054750.16592664
2025-01-01 01:57:04,249946724.93993768
2025-01-01 01:57:05,252578923.5610291
2025-01-01 01:57:06,249840473.47181514
2025-01-01 01:57:07,246974810.99468133
2025-01-01 01:57:08,250725396.9450867
2025-01-01 01:57:09,244719532.5717057
2025-01-01 01:57:10,247891210.91918695
2025-01-01 01:57:11,244017249.64436653
2025-01-01 01:57:12,239426152.57701346
2025-01-01 01:57:13,246094678.43585026
2025-01-01 01:57:14,241238810.04978192
2025-01-01 01:57:15,246469200.83919668
2025-01-01 01:57:16,250990037.5269881
2025-01-01 01:57:17,248959325.76249105
2025-01-01 01:57:18,253886792.4793485
2025-01-01 01:57:19,258618260.69584185
2025-01-01 01:57:20,248896307.67679045
2025-01-01 01:57:21,253737251.60120374
2025-01-01 01:57:22,258010910.77791625
2025-01-01 01:57:23,256951400.81370938
2025-01-01 01:57:24,245693387.1179008
2025-01-01 01:57:25,243159569.1653656
2025-01-01 01:57:26,252761580.50702453
2025-01-01 01:57:27,245494868.86305568
2025-01-01 01:57:28,245593937.51657444
2025-01-01 01:57:29,246950809.59204277
2025-01-01 01:57:30,243530737.63292924
2025-01-01 01:57:31,247984292.643554
2025-01-01 01:57:32,244267089.96676096
2025-01-01 01:57:33,249045061.67102864
2025-01-01 01:57:34,246527732.51792404
2025-01-01 01:57:35,247811798.7707874
2025-01-01 01:57:36,246068849.9171638
2025-01-01 01:57:37,243376809.6529193
2025-01-01 01:57:38,248043298.71466872
2025-01-01 01:57:39,249556534.48402974
2025-01-01 01:57:40,256259745.14516747
2025-01-01 01:57:41,255289008.64485696
2025-01-01 01:57:42,256801845.64727914
2025-01-01 01:57:43,252946626.42687854
2025-01-01 01:57:44,250754797.19911072
2025-01-01 01:57:45,249762508.3365574
2025-01-01 01:57:46,248265502.90253818
2025-01-01 01:57:47,243259624.2973177
2025-01-01 01:57:48,245118467.33353105
2025-01-01 01:57:49,246871960.7572857
2025-01-01 01:57:50,250673293.6270473
2025-01-01 01:57:51,245305333.44850302
2025-01-01 01:57:52,252335733.5134642
2025-01-01 01:57:53,245555475.6827214
2025-01-01 01:57:54,248306955.65745646
2025-01-01 01:57:55,245240132.03376034
2025-01-01 01:57:56,256895254.19540313
2025-01-01 01:57:57,248750163.56658763
2025-01-01 01:57:58,252531028.56861097
2025-01-01 01:57:59,253441783.2815552
2025-01-01 01:58:00,251691809.53014258
2025-01-01 01:58:01,252263433.4124532
2025-01-01 01:58:02,251161976.41838154
2025-01-01 01:58:03,256779010.41793847
2025-01-01 01:58:04,256387594.86365417
2025-01-01 01:58:05,252150671.8846049
2025-01-01 01:58:06,258543972.67938384
2025-01-01 01:58:07,262864416.46295407
2025-01-01 01:58:08,259478044.02961448
2025-01-01 01:58:09,260306903.20207578
2025-01-01 01:58:10,262085169.26917854
2025-01-01 01:58:11,259841350.55512887
2025-01-01 01:58:12,258649672.7599324
2025-01-01 01:58:13,260103625.0473435
2025-01-01 01:58:14,260581391.16031635
2025-01-01 01:58:15,253163276.66132838
2025-01-01 01:58:16,250462255.71027482
2025-01-01 01:58:17,246841260.86936978
2025-01-01 01:58:18,250787627.22229657
2025-01-01 01:58:19,250330790.81580126
2025-01-01 01:58:20,246642689.49731284
2025-01-01 01:58:21,256070471.41536805
2025-01-01 01:58:22,255738030.7237854
2025-01-01 01:58:23,250932689.24378207
2025-01-01 01:58:24,250443890.8403772
2025-01-01 01:58:25,256649508.39365885
2025-01-01 01:58:26,247488120.87337956
2025-01-01 01:58:27,251514261.454593
2025-01-01 01:58:28,257624694.87784347
2025-01-01 01:58:29,250296303.43286863
2025-01-01 01:58:30,252458665.74541923
2025-01-01 01:58:31,249770866.0018179
2025-01-01 01:58:32,244755879.59462065
2025-01-01 01:58:33,248755019.4940559
2025-01-01 01:58:34,254282758.1329102
2025-01-01 01:58:35,251409200.0683613
2025-01-01 01:58:36,248994276.4852467
2025-01-01 01:58:37,249164899.01255137
2025-01-01 01:58:38,244432197.1719237
2025-01-01 01:58:39,245776021.42051545
2025-01-01 01:58:40,249238022.2846332
2025-01-01 01:58:41,244973651.8073796
2025-01-01 01:58:42,239366150.75209102
2025-01-01 01:58:43,245140937.84426403
2025-01-01 01:58:44,242129980.6927227
2025-01-01 01:58:45,242022112.78680626
2025-01-01 01:58:46,246841385.6799998
2025-01-01 01:58:47,250909882.909481
2025-01-01 01:58:48,245683276.34606248
2025-01-01 01:58:49,246008614.66145033
2025-01-01 01:58:50,248927909.94168445
2025-01-01 01:58:51,249885751.43551952
2025-01-01 01:58:52,247740913.54838857
2025-01-01 01:58:53,248972883.83544582
2025-01-01 01:58:54,249517972.83300948
2025-01-01 01:58:55,245134093.64600828
2025-01-01 01:58:56,242461964.8704647
2025-01-01 01:58:57,246707275.0547477
2025-01-01 01:58:58,247759386.44975212
2025-01-01 01:58:59,245372599.3987091
2025-01-01 01:59:00,248007956.85171852
2025-01-01 01:59:01,252719900.67182922
2025-01-01 01:59:02,255326416.99058422
2025-01-01 01:59:03,253677606.56387326
2025-01-01 01:59:04,257591277.54566908
2025-01-01 01:59:05,250202961.81177855
2025-01-01 01:59:06,246150421.69803017
2025-01-01 01:59:07,253089021.8116574
2025-01-01 01:59:08,250691340.25523725
2025-01-01 01:59:09,254873843.06639796
2025-01-01 01:59:10,254285383.14842445
2025-01-01 01:59:11,254664131.08329198
2025-01-01 01:59:12,248808442.16854802
2025-01-01 01:59:13,247636821.24699062
2025-01-01 01:59:14,252227294.84855974
2025-01-01 01:59:15,245745240.94354728
2025-01-01 01:59:16,250821433.19821808
2025-01-01 01:59:17,251567422.79222816
2025-01-01 01:59:18,248284102.3687315
2025-01-01 01:59:19,248478189.05276108
2025-01-01 01:59:20,249358545.02443272
2025-01-01 01:59:21,249675312.0737758
2025-01-01 01:59:22,247762230.3979415
2025-01-01 01:59:23,251979105.58994046
2025-01-01 01:59:24,250488813.68221372
2025-01-01 01:59:25,249694839.1218757
2025-01-01 01:59:26,245036183.55116215
2025-01-01 01:59:27,248613182.31632778
2025-01-01 01:59:28,250050598.57535163
2025-01-01 01:59:29,247027214.27441612
2025-01-01 01:59:30,248690158.47573882
2025-01-01 01:59:31,245240570.72135565
2025-01-01 01:59:32,248115798.2427376
2025-01-01 01:59:33,245105867.0937664
2025-01-01 01:59:34,249380938.7528572
2025-01-01 01:59:35,254708279.46275222
2025-01-01 01:59:36,250168816.12892392
2025-01-01 01:59:37,257631037.1553127
2025-01-01 01:59:38,256479459.61947152
2025-01-01 01:59:39,252776817.35422903
2025-01-01 01:59:40,253580451.2672621
2025-01-01 01:59:41,249289652.27937353
2025-01-01 01:59:42,254243730.17889684
2025-01-01 01:59:43,255945811.88865322
2025-01-01 01:59:44,254882079.10358506
2025-01-01 01:59:45,250268266.4540662
2025-01-01 01:59:46,258052081.10232615
2025-01-01 01:59:47,257395942.89672822
2025-01-01 01:59:48,262181636.84397313
2025-01-01 01:59:49,255186586.71556023
2025-01-01 01:59:50,254403085.10094836
2025-01-01 01:59:51,250164304.2857213
2025-01-01 01:59:52,252262345.61016917
2025-01-01 01:59:53,251041431.0577462
2025-01-01 01:59:54,248391110.41086835
2025-01-01 01:59:55,250644762.494343
2025-01-01 01:59:56,252657090.91170537
2025-01-01 01:59:57,255678357.91573542
2025-01-01 01:59:58,251680870.3716224
2025-01-01 01:59:59,248705260.03901342
