date,OT
2025-01-01 00:00:00,258430205.97126025
2025-01-01 00:00:01,251343279.13538846
2025-01-01 00:00:02,257798238.60372862
2025-01-01 00:00:03,255618207.54041976
2025-01-01 00:00:04,256586934.67898887
2025-01-01 00:00:05,253434279.19018847
2025-01-01 00:00:06,252611230.94923913
2025-01-01 00:00:07,250328818.9475427
2025-01-01 00:00:08,249647780.05862632
2025-01-01 00:00:09,253824645.09375808
2025-01-01 00:00:10,258635514.5786866
2025-01-01 00:00:11,255544201.13615048
2025-01-01 00:00:12,258192015.07962322
2025-01-01 00:00:13,261776606.6555169
2025-01-01 00:00:14,258261685.86348307
2025-01-01 00:00:15,251457838.403126
2025-01-01 00:00:16,251151645.62899417
2025-01-01 00:00:17,247122908.9177723
2025-01-01 00:00:18,249973660.8049364
2025-01-01 00:00:19,248595092.55014592
2025-01-01 00:00:20,251217229.60681188
2025-01-01 00:00:21,250804462.88867614
2025-01-01 00:00:22,256472988.64693567
2025-01-01 00:00:23,255179568.31585026
2025-01-01 00:00:24,249258552.19772023
2025-01-01 00:00:25,247084482.52156729
2025-01-01 00:00:26,254624512.23204187
2025-01-01 00:00:27,255765223.28509986
2025-01-01 00:00:28,251403092.16491494
2025-01-01 00:00:29,251810096.23448664
2025-01-01 00:00:30,249575322.7878438
2025-01-01 00:00:31,253475628.75694165
2025-01-01 00:00:32,255088336.9194866
2025-01-01 00:00:33,253054698.13172972
2025-01-01 00:00:34,253079164.53446445
2025-01-01 00:00:35,250673952.41680527
2025-01-01 00:00:36,247589355.34929344
2025-01-01 00:00:37,246557824.77021018
2025-01-01 00:00:38,253131549.3012108
2025-01-01 00:00:39,254479490.59482068
2025-01-01 00:00:40,253253797.8742772
2025-01-01 00:00:41,250785167.0623453
2025-01-01 00:00:42,249469029.54050398
2025-01-01 00:00:43,250462296.13044834
2025-01-01 00:00:44,247253957.4214108
2025-01-01 00:00:45,246921274.1209908
2025-01-01 00:00:46,249091221.1268294
2025-01-01 00:00:47,254086981.17984033
2025-01-01 00:00:48,250799664.1606626
2025-01-01 00:00:49,251920172.44125736
2025-01-01 00:00:50,255915779.09757608
2025-01-01 00:00:51,252472162.03331244
2025-01-01 00:00:52,254167836.65394336
2025-01-01 00:00:53,258035861.986708
2025-01-01 00:00:54,253115649.7151316
2025-01-01 00:00:55,250945698.08664817
2025-01-01 00:00:56,254072372.84987462
2025-01-01 00:00:57,254126668.6579576
2025-01-01 00:00:58,250470580.66806385
2025-01-01 00:00:59,251194475.71648338
2025-01-01 00:01:00,244883184.3632368
2025-01-01 00:01:01,254524058.25461146
2025-01-01 00:01:02,257646397.10578904
2025-01-01 00:01:03,252444615.115688
2025-01-01 00:01:04,252923488.6299696
2025-01-01 00:01:05,252153173.20975584
2025-01-01 00:01:06,252871799.60067034
2025-01-01 00:01:07,254311309.57976308
2025-01-01 00:01:08,249519287.89410284
2025-01-01 00:01:09,253533035.51327673
2025-01-01 00:01:10,247087973.97572744
2025-01-01 00:01:11,249918195.60999814
2025-01-01 00:01:12,248828546.75729102
2025-01-01 00:01:13,254050384.0372712
2025-01-01 00:01:14,250847087.61231524
2025-01-01 00:01:15,247988769.3181271
2025-01-01 00:01:16,252088460.83996138
2025-01-01 00:01:17,253170702.51146343
2025-01-01 00:01:18,244740896.22020388
2025-01-01 00:01:19,247119658.8780988
2025-01-01 00:01:20,254213942.63244468
2025-01-01 00:01:21,249139012.62289646
2025-01-01 00:01:22,250434394.24367487
2025-01-01 00:01:23,254201444.29415518
2025-01-01 00:01:24,255653228.81076065
2025-01-01 00:01:25,249903238.8746831
2025-01-01 00:01:26,252158737.83178392
2025-01-01 00:01:27,252834297.0249409
2025-01-01 00:01:28,246986922.42287153
2025-01-01 00:01:29,246993613.39598158
2025-01-01 00:01:30,245287850.7988921
2025-01-01 00:01:31,246248374.64419234
2025-01-01 00:01:32,245544000.43079805
2025-01-01 00:01:33,245874889.4982898
2025-01-01 00:01:34,243978477.23192576
2025-01-01 00:01:35,250532255.05047005
2025-01-01 00:01:36,246333980.8998839
2025-01-01 00:01:37,243127771.51917142
2025-01-01 00:01:38,244250300.73028308
2025-01-01 00:01:39,249950263.72268182
2025-01-01 00:01:40,252051811.96588308
2025-01-01 00:01:41,256107472.2296317
2025-01-01 00:01:42,251505063.94695055
2025-01-01 00:01:43,258284526.08813888
2025-01-01 00:01:44,249951217.4833485
2025-01-01 00:01:45,252636594.48413357
2025-01-01 00:01:46,251971096.7635972
2025-01-01 00:01:47,251020128.91645068
2025-01-01 00:01:48,242193606.62501952
2025-01-01 00:01:49,247999206.66145557
2025-01-01 00:01:50,250866425.5413127
2025-01-01 00:01:51,256354354.75502998
2025-01-01 00:01:52,254710497.35700864
2025-01-01 00:01:53,255791466.52330172
2025-01-01 00:01:54,256623863.0955988
2025-01-01 00:01:55,257312793.5188481
2025-01-01 00:01:56,249946350.3116866
2025-01-01 00:01:57,249884915.76367182
2025-01-01 00:01:58,247336223.56145355
2025-01-01 00:01:59,247778945.27497858
2025-01-01 00:02:00,252162099.3542577
2025-01-01 00:02:01,249496354.013977
2025-01-01 00:02:02,255741638.42294034
2025-01-01 00:02:03,256759613.05642927
2025-01-01 00:02:04,256906813.73179853
2025-01-01 00:02:05,257573510.92052692
2025-01-01 00:02:06,260832143.11719564
2025-01-01 00:02:07,258411513.61518717
2025-01-01 00:02:08,258607485.7238292
2025-01-01 00:02:09,254786159.6762495
2025-01-01 00:02:10,259877993.87884888
2025-01-01 00:02:11,252521021.44006535
2025-01-01 00:02:12,250204538.98592025
2025-01-01 00:02:13,258499345.18596205
2025-01-01 00:02:14,251372712.36847782
2025-01-01 00:02:15,256750464.12144542
2025-01-01 00:02:16,254034986.10517785
2025-01-01 00:02:17,254104967.40488872
2025-01-01 00:02:18,251537470.82503474
2025-01-01 00:02:19,249922138.43460807
2025-01-01 00:02:20,245780038.67191342
2025-01-01 00:02:21,247077580.561323
2025-01-01 00:02:22,245017715.1212946
2025-01-01 00:02:23,245905821.11329928
2025-01-01 00:02:24,246525221.92397818
2025-01-01 00:02:25,250473545.88831145
2025-01-01 00:02:26,247514073.019139
2025-01-01 00:02:27,244344764.52678508
2025-01-01 00:02:28,249022998.45046252
2025-01-01 00:02:29,248933853.24074882
2025-01-01 00:02:30,247339487.37939477
2025-01-01 00:02:31,253571790.85710675
2025-01-01 00:02:32,254325723.87175366
2025-01-01 00:02:33,261711882.35958606
2025-01-01 00:02:34,251103581.98300186
2025-01-01 00:02:35,251501982.45272577
2025-01-01 00:02:36,250270138.24580082
2025-01-01 00:02:37,252127818.6377308
2025-01-01 00:02:38,247398350.79143745
2025-01-01 00:02:39,246602459.92260513
2025-01-01 00:02:40,253579218.37463504
2025-01-01 00:02:41,253607936.4234331
2025-01-01 00:02:42,250623304.41469657
2025-01-01 00:02:43,252494200.69681627
2025-01-01 00:02:44,252269273.14734006
2025-01-01 00:02:45,249412762.0075094
2025-01-01 00:02:46,245344051.73637778
2025-01-01 00:02:47,252135032.61154243
2025-01-01 00:02:48,258466281.89731848
2025-01-01 00:02:49,256809787.90234724
2025-01-01 00:02:50,252008398.42955816
2025-01-01 00:02:51,255493284.95799047
2025-01-01 00:02:52,255852015.61289978
2025-01-01 00:02:53,255856231.338817
2025-01-01 00:02:54,256491262.15097648
2025-01-01 00:02:55,251798714.09910232
2025-01-01 00:02:56,253393516.30019313
2025-01-01 00:02:57,257087662.8405266
2025-01-01 00:02:58,257469831.17548916
2025-01-01 00:02:59,261930712.16872248
2025-01-01 00:03:00,252174240.72813934
2025-01-01 00:03:01,248277448.8670467
2025-01-01 00:03:02,254802229.63193342
2025-01-01 00:03:03,251213179.9650166
2025-01-01 00:03:04,246829135.76254976
2025-01-01 00:03:05,244857824.02116218
2025-01-01 00:03:06,250303838.07157716
2025-01-01 00:03:07,246994933.0073796
2025-01-01 00:03:08,251189194.99101627
2025-01-01 00:03:09,256503545.5345378
2025-01-01 00:03:10,250339068.79668972
2025-01-01 00:03:11,247113183.78588793
2025-01-01 00:03:12,247400756.5711522
2025-01-01 00:03:13,246997492.81272238
2025-01-01 00:03:14,250065370.5997977
2025-01-01 00:03:15,254332917.3042622
2025-01-01 00:03:16,250445850.85447875
2025-01-01 00:03:17,255663780.73508292
2025-01-01 00:03:18,244913813.61947685
2025-01-01 00:03:19,256239726.78495476
2025-01-01 00:03:20,254755359.8610066
2025-01-01 00:03:21,255755649.72842494
2025-01-01 00:03:22,250759069.16240785
2025-01-01 00:03:23,247776226.34518433
2025-01-01 00:03:24,249536393.56246218
2025-01-01 00:03:25,247208008.86618632
2025-01-01 00:03:26,245468388.31763104
2025-01-01 00:03:27,245443464.37704554
2025-01-01 00:03:28,240213544.59245822
2025-01-01 00:03:29,238935675.3819495
2025-01-01 00:03:30,241927640.93852997
2025-01-01 00:03:31,252543251.84265384
2025-01-01 00:03:32,250068144.08262813
2025-01-01 00:03:33,245812105.93676552
2025-01-01 00:03:34,249668431.77858472
2025-01-01 00:03:35,251200311.68613967
2025-01-01 00:03:36,252394394.53304884
2025-01-01 00:03:37,252957650.72604546
2025-01-01 00:03:38,249792855.00083938
2025-01-01 00:03:39,250206266.77510425
2025-01-01 00:03:40,249989384.04028252
2025-01-01 00:03:41,246778200.71210817
2025-01-01 00:03:42,253064532.12772
2025-01-01 00:03:43,251228343.16004026
2025-01-01 00:03:44,251725301.07985973
2025-01-01 00:03:45,258524733.90939918
2025-01-01 00:03:46,257161398.6197119
2025-01-01 00:03:47,255393797.4610026
2025-01-01 00:03:48,256197341.0180011
2025-01-01 00:03:49,256589948.0530886
2025-01-01 00:03:50,253962767.36198843
2025-01-01 00:03:51,254867511.9523831
2025-01-01 00:03:52,255815240.09057602
2025-01-01 00:03:53,255789543.12615725
2025-01-01 00:03:54,245950617.56128234
2025-01-01 00:03:55,247828775.61434087
2025-01-01 00:03:56,252677688.9599888
2025-01-01 00:03:57,248396472.3470368
2025-01-01 00:03:58,249773628.84149057
2025-01-01 00:03:59,255665980.5512995
2025-01-01 00:04:00,253889189.02309343
2025-01-01 00:04:01,253238989.80360365
2025-01-01 00:04:02,252300030.38037774
2025-01-01 00:04:03,255512311.45972508
2025-01-01 00:04:04,255099359.73613507
2025-01-01 00:04:05,252003147.46715173
2025-01-01 00:04:06,249401655.99670628
2025-01-01 00:04:07,250188273.3595587
2025-01-01 00:04:08,255287713.26207095
2025-01-01 00:04:09,252931628.5808493
2025-01-01 00:04:10,254066932.65933883
2025-01-01 00:04:11,253383352.05002603
2025-01-01 00:04:12,254874818.69634756
2025-01-01 00:04:13,250997494.37818775
2025-01-01 00:04:14,252064417.2645983
2025-01-01 00:04:15,251000746.53084174
2025-01-01 00:04:16,249037253.98334983
2025-01-01 00:04:17,255410869.61516714
2025-01-01 00:04:18,258944336.76860774
2025-01-01 00:04:19,251161639.70148614
2025-01-01 00:04:20,248947313.74553043
2025-01-01 00:04:21,254223108.08765247
2025-01-01 00:04:22,251384683.07689106
2025-01-01 00:04:23,249591696.58886537
2025-01-01 00:04:24,249190329.28605258
2025-01-01 00:04:25,243507453.1217258
2025-01-01 00:04:26,247387304.58949566
2025-01-01 00:04:27,249514756.16563517
2025-01-01 00:04:28,246616751.99704063
2025-01-01 00:04:29,247533498.99963677
2025-01-01 00:04:30,246429310.18723062
2025-01-01 00:04:31,246516569.8090352
2025-01-01 00:04:32,252321753.19933516
2025-01-01 00:04:33,252362026.08245888
2025-01-01 00:04:34,252200939.7897584
2025-01-01 00:04:35,256164619.4311512
2025-01-01 00:04:36,256281099.78583813
2025-01-01 00:04:37,258947764.13850844
2025-01-01 00:04:38,259686809.3445721
2025-01-01 00:04:39,256829690.48420545
2025-01-01 00:04:40,250281778.81074008
2025-01-01 00:04:41,252815459.77779284
2025-01-01 00:04:42,246844402.73151597
2025-01-01 00:04:43,248741499.69776806
2025-01-01 00:04:44,255845059.7961688
2025-01-01 00:04:45,259685741.61360368
2025-01-01 00:04:46,253315812.83996433
2025-01-01 00:04:47,251481693.15949655
2025-01-01 00:04:48,254082475.73672202
2025-01-01 00:04:49,258146568.32322055
2025-01-01 00:04:50,250102477.90184247
2025-01-01 00:04:51,250747703.84378597
2025-01-01 00:04:52,255874847.910605
2025-01-01 00:04:53,257460853.00562298
2025-01-01 00:04:54,251716867.74211118
2025-01-01 00:04:55,254052945.52895644
2025-01-01 00:04:56,243423694.20005774
2025-01-01 00:04:57,254116996.35389414
2025-01-01 00:04:58,249453550.4293657
2025-01-01 00:04:59,249639050.37882602
2025-01-01 00:05:00,253749009.32033962
2025-01-01 00:05:01,247988284.6527014
2025-01-01 00:05:02,253838994.60629836
2025-01-01 00:05:03,251528058.86381292
2025-01-01 00:05:04,251893054.02118623
2025-01-01 00:05:05,253385623.29788306
2025-01-01 00:05:06,254030106.77522683
2025-01-01 00:05:07,251353363.49424016
2025-01-01 00:05:08,246704299.57481748
2025-01-01 00:05:09,250002112.1341565
2025-01-01 00:05:10,256118096.81618935
2025-01-01 00:05:11,257417552.70799944
2025-01-01 00:05:12,254621096.7505706
2025-01-01 00:05:13,252573994.706672
2025-01-01 00:05:14,253970048.40981048
2025-01-01 00:05:15,257060574.34803402
2025-01-01 00:05:16,253674735.13928735
2025-01-01 00:05:17,248847099.0662171
2025-01-01 00:05:18,248671153.63707593
2025-01-01 00:05:19,252038948.69888267
2025-01-01 00:05:20,247229088.80283934
2025-01-01 00:05:21,251486450.40252575
2025-01-01 00:05:22,249063581.91475692
2025-01-01 00:05:23,246471344.32051927
2025-01-01 00:05:24,258823531.7131921
2025-01-01 00:05:25,250808809.08565906
2025-01-01 00:05:26,252972349.99263173
2025-01-01 00:05:27,251118563.7257946
2025-01-01 00:05:28,251220280.93006644
2025-01-01 00:05:29,250721650.0203682
2025-01-01 00:05:30,251656992.76763645
2025-01-01 00:05:31,249248777.48564166
2025-01-01 00:05:32,244184224.91909894
2025-01-01 00:05:33,250190456.44469395
2025-01-01 00:05:34,250183904.1384603
2025-01-01 00:05:35,247294138.46770695
2025-01-01 00:05:36,248263521.91541433
2025-01-01 00:05:37,246158981.91945598
2025-01-01 00:05:38,243312105.8771435
2025-01-01 00:05:39,240843192.91387975
2025-01-01 00:05:40,243477547.9904165
2025-01-01 00:05:41,249248995.0595741
2025-01-01 00:05:42,243039023.71656
2025-01-01 00:05:43,250525871.0471767
2025-01-01 00:05:44,244902546.38251758
2025-01-01 00:05:45,246881991.21794787
2025-01-01 00:05:46,247101197.7052615
2025-01-01 00:05:47,249653005.43655336
2025-01-01 00:05:48,245670048.61120883
2025-01-01 00:05:49,250687197.2315871
2025-01-01 00:05:50,253408728.0231705
2025-01-01 00:05:51,246214671.84095252
2025-01-01 00:05:52,242995078.283917
2025-01-01 00:05:53,246606799.97607827
2025-01-01 00:05:54,250363301.43072814
2025-01-01 00:05:55,250454073.0711218
2025-01-01 00:05:56,252750055.76102832
2025-01-01 00:05:57,246551626.4077213
2025-01-01 00:05:58,242922472.55557403
2025-01-01 00:05:59,243117941.44424015
2025-01-01 00:06:00,243039967.45745894
2025-01-01 00:06:01,242243776.07049054
2025-01-01 00:06:02,240670359.5060767
2025-01-01 00:06:03,244347107.2716193
2025-01-01 00:06:04,251893627.47622705
2025-01-01 00:06:05,249893751.12247786
2025-01-01 00:06:06,249246346.59969684
2025-01-01 00:06:07,250002109.65407267
2025-01-01 00:06:08,252180071.26213467
2025-01-01 00:06:09,249464718.9674613
2025-01-01 00:06:10,253626327.00186214
2025-01-01 00:06:11,251745636.35145682
2025-01-01 00:06:12,250813982.44390437
2025-01-01 00:06:13,249999839.24750596
2025-01-01 00:06:14,257607224.56483814
2025-01-01 00:06:15,254676307.23694846
2025-01-01 00:06:16,259985299.6037114
2025-01-01 00:06:17,256385295.3185733
2025-01-01 00:06:18,254165224.26178768
2025-01-01 00:06:19,258028852.68929368
2025-01-01 00:06:20,261527147.92350048
2025-01-01 00:06:21,257895676.90417436
2025-01-01 00:06:22,256163763.5307435
2025-01-01 00:06:23,253465198.62732977
2025-01-01 00:06:24,250229201.4647751
2025-01-01 00:06:25,255896613.1936037
2025-01-01 00:06:26,263594034.8590001
2025-01-01 00:06:27,258208689.78288922
2025-01-01 00:06:28,257186090.78282714
2025-01-01 00:06:29,257615152.50861067
2025-01-01 00:06:30,257977476.49433178
2025-01-01 00:06:31,256809666.52400365
2025-01-01 00:06:32,258455371.16700745
2025-01-01 00:06:33,255170510.9923289
2025-01-01 00:06:34,248891613.84857345
2025-01-01 00:06:35,251543057.8191622
2025-01-01 00:06:36,253501089.07773846
2025-01-01 00:06:37,250714065.3250102
2025-01-01 00:06:38,245780719.02886337
2025-01-01 00:06:39,251399293.0275854
2025-01-01 00:06:40,251782533.9520124
2025-01-01 00:06:41,261151567.39467296
2025-01-01 00:06:42,256397225.2077108
2025-01-01 00:06:43,255921970.2863728
2025-01-01 00:06:44,250821725.64990026
2025-01-01 00:06:45,252901280.28934738
2025-01-01 00:06:46,254387861.19918847
2025-01-01 00:06:47,248567210.3381188
2025-01-01 00:06:48,252813680.02094212
2025-01-01 00:06:49,260623525.21730155
2025-01-01 00:06:50,255964793.64244407
2025-01-01 00:06:51,257196238.84332624
2025-01-01 00:06:52,252273170.87553978
2025-01-01 00:06:53,248446716.12048534
2025-01-01 00:06:54,248412656.04304454
2025-01-01 00:06:55,250310310.31805366
2025-01-01 00:06:56,255125566.23586294
2025-01-01 00:06:57,252474981.89348516
2025-01-01 00:06:58,257913682.4163884
2025-01-01 00:06:59,252296631.06170335
2025-01-01 00:07:00,250693980.23789325
2025-01-01 00:07:01,250370113.95736602
2025-01-01 00:07:02,254367251.93574694
2025-01-01 00:07:03,257842476.71037805
2025-01-01 00:07:04,255571621.21266788
2025-01-01 00:07:05,256847049.89236355
2025-01-01 00:07:06,260226648.15781003
2025-01-01 00:07:07,259942417.45628163
2025-01-01 00:07:08,258446599.8629653
2025-01-01 00:07:09,252850560.05015984
2025-01-01 00:07:10,252845654.78459
2025-01-01 00:07:11,249028064.80365804
2025-01-01 00:07:12,252872357.7409967
2025-01-01 00:07:13,252172280.09714553
2025-01-01 00:07:14,254298322.1292734
2025-01-01 00:07:15,248113262.2813758
2025-01-01 00:07:16,246418229.45400178
2025-01-01 00:07:17,254377822.07606483
2025-01-01 00:07:18,256767730.10696456
2025-01-01 00:07:19,251838059.4508028
2025-01-01 00:07:20,254985445.89607012
2025-01-01 00:07:21,253335208.08038464
2025-01-01 00:07:22,253096254.57278425
2025-01-01 00:07:23,245799853.46493903
2025-01-01 00:07:24,249977612.43545482
2025-01-01 00:07:25,245741778.44904408
2025-01-01 00:07:26,247815923.50338644
2025-01-01 00:07:27,251310894.48767307
2025-01-01 00:07:28,245145689.6866946
2025-01-01 00:07:29,244558320.99387896
2025-01-01 00:07:30,244306173.95384172
2025-01-01 00:07:31,251131331.20363432
2025-01-01 00:07:32,255561123.08671993
2025-01-01 00:07:33,254859931.89844227
2025-01-01 00:07:34,258287789.13565555
2025-01-01 00:07:35,252919172.20239714
2025-01-01 00:07:36,251864874.11715892
2025-01-01 00:07:37,250042221.2722434
2025-01-01 00:07:38,253708650.52226964
2025-01-01 00:07:39,257583706.05895516
2025-01-01 00:07:40,255334211.78261745
2025-01-01 00:07:41,253959853.48606336
2025-01-01 00:07:42,250598564.59320349
2025-01-01 00:07:43,246445479.99549025
2025-01-01 00:07:44,246418075.40134197
2025-01-01 00:07:45,245205202.30605358
2025-01-01 00:07:46,246962031.9491645
2025-01-01 00:07:47,245977569.84288606
2025-01-01 00:07:48,257013542.16726884
2025-01-01 00:07:49,253333592.38683203
2025-01-01 00:07:50,251607672.4687431
2025-01-01 00:07:51,246104420.2120754
2025-01-01 00:07:52,251216651.91127396
2025-01-01 00:07:53,248270397.74774495
2025-01-01 00:07:54,249244820.4554007
2025-01-01 00:07:55,253067598.38263577
2025-01-01 00:07:56,254884568.56086442
2025-01-01 00:07:57,251327870.79049888
2025-01-01 00:07:58,252994489.30004907
2025-01-01 00:07:59,247668747.22381976
2025-01-01 00:08:00,252191862.345039
2025-01-01 00:08:01,253140422.82275876
2025-01-01 00:08:02,245616502.28451312
2025-01-01 00:08:03,247826091.2365407
2025-01-01 00:08:04,251377562.4101469
2025-01-01 00:08:05,257382918.0207673
2025-01-01 00:08:06,253733922.8034938
2025-01-01 00:08:07,257066449.9309288
2025-01-01 00:08:08,257253718.13286677
2025-01-01 00:08:09,249159202.971916
2025-01-01 00:08:10,243173048.16849083
2025-01-01 00:08:11,246007043.1970611
2025-01-01 00:08:12,253533672.31001198
2025-01-01 00:08:13,254143891.651879
2025-01-01 00:08:14,249321212.58335292
2025-01-01 00:08:15,248392534.34093472
2025-01-01 00:08:16,248445394.9403519
2025-01-01 00:08:17,246510403.45746663
2025-01-01 00:08:18,251342119.90577444
2025-01-01 00:08:19,246950518.9290759
2025-01-01 00:08:20,243166602.33163327
2025-01-01 00:08:21,245194749.91401047
2025-01-01 00:08:22,248859143.8302866
2025-01-01 00:08:23,255635091.78361267
2025-01-01 00:08:24,259282933.28772315
2025-01-01 00:08:25,257656399.08683875
2025-01-01 00:08:26,254256813.83760798
2025-01-01 00:08:27,255693493.9271066
2025-01-01 00:08:28,255757552.21634597
2025-01-01 00:08:29,254908838.88462168
2025-01-01 00:08:30,258966801.325309
2025-01-01 00:08:31,256519956.59422255
2025-01-01 00:08:32,252737774.79321063
2025-01-01 00:08:33,257852175.0685992
2025-01-01 00:08:34,266411180.15366352
2025-01-01 00:08:35,257303858.7423156
2025-01-01 00:08:36,261809280.22580555
2025-01-01 00:08:37,258522275.01768026
2025-01-01 00:08:38,255730409.67098552
2025-01-01 00:08:39,262440033.80694062
2025-01-01 00:08:40,257443312.29499096
2025-01-01 00:08:41,259530241.41927937
2025-01-01 00:08:42,259560198.87845355
2025-01-01 00:08:43,256510737.7550579
2025-01-01 00:08:44,254367747.87594935
2025-01-01 00:08:45,252195605.6482859
2025-01-01 00:08:46,254656665.4527951
2025-01-01 00:08:47,249892475.60108322
2025-01-01 00:08:48,252600649.43981194
2025-01-01 00:08:49,258403889.5349437
2025-01-01 00:08:50,260848079.92469415
2025-01-01 00:08:51,254587119.23516968
2025-01-01 00:08:52,255501826.89566815
2025-01-01 00:08:53,250853959.62183622
2025-01-01 00:08:54,254596190.82860082
2025-01-01 00:08:55,251681333.42291015
2025-01-01 00:08:56,249960761.9432885
2025-01-01 00:08:57,248758595.37212944
2025-01-01 00:08:58,258826211.03872657
2025-01-01 00:08:59,256088755.89817536
2025-01-01 00:09:00,259546491.4579262
2025-01-01 00:09:01,260485223.17657351
2025-01-01 00:09:02,258024500.4038346
2025-01-01 00:09:03,251308921.63625526
2025-01-01 00:09:04,251580105.64633355
2025-01-01 00:09:05,253224208.23268363
2025-01-01 00:09:06,251056562.61947036
2025-01-01 00:09:07,249516466.7998042
2025-01-01 00:09:08,250351389.64516273
2025-01-01 00:09:09,251998704.4973184
2025-01-01 00:09:10,254944331.30582172
2025-01-01 00:09:11,253225620.2739527
2025-01-01 00:09:12,252289167.87303877
2025-01-01 00:09:13,254064233.2049389
2025-01-01 00:09:14,247701175.69699663
2025-01-01 00:09:15,251756893.22737923
2025-01-01 00:09:16,249122064.57191268
2025-01-01 00:09:17,250942271.3107456
2025-01-01 00:09:18,252055566.04152936
2025-01-01 00:09:19,255527766.09507474
2025-01-01 00:09:20,253092589.59110844
2025-01-01 00:09:21,256609001.77006453
2025-01-01 00:09:22,251205290.85815838
2025-01-01 00:09:23,250176667.5402249
2025-01-01 00:09:24,250817516.53919286
2025-01-01 00:09:25,253826957.77282697
2025-01-01 00:09:26,248041355.8905624
2025-01-01 00:09:27,247737358.92976823
2025-01-01 00:09:28,250048832.73170254
2025-01-01 00:09:29,255115531.74944833
2025-01-01 00:09:30,255117841.92078176
2025-01-01 00:09:31,254900749.7154455
2025-01-01 00:09:32,256850812.85181865
2025-01-01 00:09:33,250229817.30735466
2025-01-01 00:09:34,247456126.85319895
2025-01-01 00:09:35,246187420.1252847
2025-01-01 00:09:36,252132853.93050638
2025-01-01 00:09:37,260493157.6712138
2025-01-01 00:09:38,258190063.6033216
2025-01-01 00:09:39,253925905.3445826
2025-01-01 00:09:40,254258934.52393496
2025-01-01 00:09:41,247393861.35783947
2025-01-01 00:09:42,254793146.93679908
2025-01-01 00:09:43,254148665.0652664
2025-01-01 00:09:44,256870330.20858803
2025-01-01 00:09:45,255953935.33520883
2025-01-01 00:09:46,253117590.70906273
2025-01-01 00:09:47,248662803.72818664
2025-01-01 00:09:48,254097435.47761968
2025-01-01 00:09:49,254998220.16596317
2025-01-01 00:09:50,260726129.01677734
2025-01-01 00:09:51,252414601.43680707
2025-01-01 00:09:52,254262165.86396596
2025-01-01 00:09:53,252230706.6426473
2025-01-01 00:09:54,255147776.39273167
2025-01-01 00:09:55,246208783.23494047
2025-01-01 00:09:56,253762863.19407758
2025-01-01 00:09:57,254822289.52489573
2025-01-01 00:09:58,257758499.12568787
2025-01-01 00:09:59,254352134.80069557
2025-01-01 00:10:00,252104619.6949792
2025-01-01 00:10:01,256316360.2489683
2025-01-01 00:10:02,259962877.07167256
2025-01-01 00:10:03,265470232.8505207
2025-01-01 00:10:04,257540778.29285178
2025-01-01 00:10:05,254663612.84302014
2025-01-01 00:10:06,256899658.13835728
2025-01-01 00:10:07,245266999.18538657
2025-01-01 00:10:08,253853651.62979576
2025-01-01 00:10:09,255666471.3984851
2025-01-01 00:10:10,259565895.37918285
2025-01-01 00:10:11,259907339.93147513
2025-01-01 00:10:12,251345611.27354208
2025-01-01 00:10:13,252828311.99616623
2025-01-01 00:10:14,249483931.25278312
2025-01-01 00:10:15,251984523.01822066
2025-01-01 00:10:16,252723498.93051785
2025-01-01 00:10:17,246409594.59045598
2025-01-01 00:10:18,260182581.11442843
2025-01-01 00:10:19,256123306.7144906
2025-01-01 00:10:20,263327782.69792935
2025-01-01 00:10:21,257349694.9028215
2025-01-01 00:10:22,254456547.2673212
2025-01-01 00:10:23,251760164.67639625
2025-01-01 00:10:24,252031149.179148
2025-01-01 00:10:25,248555375.470768
2025-01-01 00:10:26,249513735.66236067
2025-01-01 00:10:27,248568853.94536686
2025-01-01 00:10:28,244660689.59389475
2025-01-01 00:10:29,251571330.1565229
2025-01-01 00:10:30,247690693.74465472
2025-01-01 00:10:31,246914077.9701214
2025-01-01 00:10:32,251608229.96940124
2025-01-01 00:10:33,250336842.9564948
2025-01-01 00:10:34,253586343.55180663
2025-01-01 00:10:35,252523782.74210775
2025-01-01 00:10:36,250130446.7255569
2025-01-01 00:10:37,247184267.61534193
2025-01-01 00:10:38,246663723.98626915
2025-01-01 00:10:39,243898408.31232402
2025-01-01 00:10:40,247260337.67657885
2025-01-01 00:10:41,244404609.56367418
2025-01-01 00:10:42,245664367.53032997
2025-01-01 00:10:43,249315677.14892617
2025-01-01 00:10:44,248614637.785377
2025-01-01 00:10:45,249317811.16001615
2025-01-01 00:10:46,251228516.69384488
2025-01-01 00:10:47,250105347.80462468
2025-01-01 00:10:48,244877072.36121514
2025-01-01 00:10:49,245412826.70483953
2025-01-01 00:10:50,249558334.664036
2025-01-01 00:10:51,250140845.80450627
2025-01-01 00:10:52,250582378.78869238
2025-01-01 00:10:53,250235088.602386
2025-01-01 00:10:54,248975701.8736028
2025-01-01 00:10:55,247132932.4884779
2025-01-01 00:10:56,257379922.3882321
2025-01-01 00:10:57,256021063.6677674
2025-01-01 00:10:58,250960977.67786354
2025-01-01 00:10:59,252369153.86941552
2025-01-01 00:11:00,250190003.5400705
2025-01-01 00:11:01,250031351.85817507
2025-01-01 00:11:02,247298199.15054646
2025-01-01 00:11:03,249646854.46026215
2025-01-01 00:11:04,254251841.905942
2025-01-01 00:11:05,247545915.72415644
2025-01-01 00:11:06,245642514.05081928
2025-01-01 00:11:07,253270864.46224827
2025-01-01 00:11:08,246742105.76162705
2025-01-01 00:11:09,250591031.46318352
2025-01-01 00:11:10,251097159.0367649
2025-01-01 00:11:11,249366951.815138
2025-01-01 00:11:12,251745387.6038726
2025-01-01 00:11:13,251695837.2257443
2025-01-01 00:11:14,248845134.2403721
2025-01-01 00:11:15,248767382.8376196
2025-01-01 00:11:16,250858146.80166847
2025-01-01 00:11:17,246876537.79420704
2025-01-01 00:11:18,248935141.33450526
2025-01-01 00:11:19,248838054.79616898
2025-01-01 00:11:20,251899449.5299114
2025-01-01 00:11:21,249412121.5759799
2025-01-01 00:11:22,250235112.31756902
2025-01-01 00:11:23,251375134.1463576
2025-01-01 00:11:24,251282914.0265326
2025-01-01 00:11:25,245202378.95890728
2025-01-01 00:11:26,246144437.98812363
2025-01-01 00:11:27,248066178.78883117
2025-01-01 00:11:28,244939552.46819088
2025-01-01 00:11:29,244090070.0880245
2025-01-01 00:11:30,242380671.2158646
2025-01-01 00:11:31,243927872.34096795
2025-01-01 00:11:32,255737045.6697081
2025-01-01 00:11:33,251051213.29255167
2025-01-01 00:11:34,246907111.2068068
2025-01-01 00:11:35,248420826.8176351
2025-01-01 00:11:36,247318828.66017714
2025-01-01 00:11:37,248008570.61728925
2025-01-01 00:11:38,251575132.46362713
2025-01-01 00:11:39,246057332.69471171
2025-01-01 00:11:40,241440868.26063427
2025-01-01 00:11:41,243067626.9072144
2025-01-01 00:11:42,241132607.6975165
2025-01-01 00:11:43,242390716.82689974
2025-01-01 00:11:44,245920856.6058319
2025-01-01 00:11:45,243628106.01363093
2025-01-01 00:11:46,241364372.22403607
2025-01-01 00:11:47,236455659.9972334
2025-01-01 00:11:48,246394757.3467419
2025-01-01 00:11:49,246079899.5863006
2025-01-01 00:11:50,241448624.4005393
2025-01-01 00:11:51,243450578.49262252
2025-01-01 00:11:52,242333062.6330312
2025-01-01 00:11:53,243830454.41536933
2025-01-01 00:11:54,241928489.2032049
2025-01-01 00:11:55,247510260.63910264
2025-01-01 00:11:56,247414265.9629854
2025-01-01 00:11:57,241099941.0707386
2025-01-01 00:11:58,243222524.94521627
2025-01-01 00:11:59,249789909.2033515
2025-01-01 00:12:00,257616128.52355778
2025-01-01 00:12:01,253211488.5358319
2025-01-01 00:12:02,252265332.03011286
2025-01-01 00:12:03,247219396.74109173
2025-01-01 00:12:04,245784041.58617285
2025-01-01 00:12:05,251111584.74128866
2025-01-01 00:12:06,242241683.1285859
2025-01-01 00:12:07,248956814.02483547
2025-01-01 00:12:08,245387827.96480086
2025-01-01 00:12:09,239542746.33905834
2025-01-01 00:12:10,239829424.22661585
2025-01-01 00:12:11,247713419.05483088
2025-01-01 00:12:12,245276682.81623483
2025-01-01 00:12:13,245796438.7895147
2025-01-01 00:12:14,250809819.85382503
2025-01-01 00:12:15,251132344.6321744
2025-01-01 00:12:16,252624523.76395732
2025-01-01 00:12:17,252183217.85898206
2025-01-01 00:12:18,251969794.4979107
2025-01-01 00:12:19,242913220.29870504
2025-01-01 00:12:20,251217347.71609864
2025-01-01 00:12:21,251094697.26194084
2025-01-01 00:12:22,247660027.10313502
2025-01-01 00:12:23,248300121.21753952
2025-01-01 00:12:24,245768538.5840141
2025-01-01 00:12:25,245101661.69643527
2025-01-01 00:12:26,247769696.45422673
2025-01-01 00:12:27,243575077.16929603
2025-01-01 00:12:28,246260131.82744145
2025-01-01 00:12:29,249605846.76032364
2025-01-01 00:12:30,247658268.44061235
2025-01-01 00:12:31,248272505.36759493
2025-01-01 00:12:32,238533125.36392877
2025-01-01 00:12:33,244383520.04893887
2025-01-01 00:12:34,244079547.53863487
2025-01-01 00:12:35,249210223.70148465
2025-01-01 00:12:36,243863134.6357024
2025-01-01 00:12:37,249147996.76018447
2025-01-01 00:12:38,250748685.1594913
2025-01-01 00:12:39,247219152.90248033
2025-01-01 00:12:40,250360289.1966
2025-01-01 00:12:41,245808746.0049212
2025-01-01 00:12:42,247101782.95995843
2025-01-01 00:12:43,243452157.44614303
2025-01-01 00:12:44,237734240.99485895
2025-01-01 00:12:45,243214934.99547115
2025-01-01 00:12:46,247407118.8875448
2025-01-01 00:12:47,246062468.09539926
2025-01-01 00:12:48,241412479.02528676
2025-01-01 00:12:49,243039379.76204225
2025-01-01 00:12:50,239642253.2503409
2025-01-01 00:12:51,239918884.0096133
2025-01-01 00:12:52,247688517.97429624
2025-01-01 00:12:53,241888187.4479407
2025-01-01 00:12:54,242573093.64448747
2025-01-01 00:12:55,243630446.8742751
2025-01-01 00:12:56,243810173.8616083
2025-01-01 00:12:57,242197823.1962605
2025-01-01 00:12:58,241825778.96847102
2025-01-01 00:12:59,244305372.9838109
2025-01-01 00:13:00,241647059.6824388
2025-01-01 00:13:01,238913583.5371767
2025-01-01 00:13:02,238010602.8407122
2025-01-01 00:13:03,238566489.45158714
2025-01-01 00:13:04,236839262.86242354
2025-01-01 00:13:05,240400842.6708674
2025-01-01 00:13:06,237603757.78517574
2025-01-01 00:13:07,239297612.709629
2025-01-01 00:13:08,253894303.98838726
2025-01-01 00:13:09,243956736.36937293
2025-01-01 00:13:10,243507181.96934578
2025-01-01 00:13:11,243463595.99789026
2025-01-01 00:13:12,242962067.60325095
2025-01-01 00:13:13,245861512.17459154
2025-01-01 00:13:14,247234724.43128276
2025-01-01 00:13:15,250764722.96881935
2025-01-01 00:13:16,245470808.50680983
2025-01-01 00:13:17,248918467.27429515
2025-01-01 00:13:18,245470814.03166544
2025-01-01 00:13:19,247186365.15517595
2025-01-01 00:13:20,250184838.02099422
2025-01-01 00:13:21,246943932.78928623
2025-01-01 00:13:22,249805376.09174734
2025-01-01 00:13:23,249840211.63659054
2025-01-01 00:13:24,248547135.15837875
2025-01-01 00:13:25,243177752.0858027
2025-01-01 00:13:26,245614963.5928441
2025-01-01 00:13:27,244866442.00507703
2025-01-01 00:13:28,244116188.97304744
2025-01-01 00:13:29,245321447.52063164
2025-01-01 00:13:30,241481185.8313426
2025-01-01 00:13:31,234782510.38435838
2025-01-01 00:13:32,237468174.86735064
2025-01-01 00:13:33,234622483.52646792
2025-01-01 00:13:34,237805422.98387855
2025-01-01 00:13:35,236077385.57898846
2025-01-01 00:13:36,234099546.1440116
2025-01-01 00:13:37,232361297.56301922
2025-01-01 00:13:38,238581987.90488133
2025-01-01 00:13:39,239557571.91783664
2025-01-01 00:13:40,243201296.49455997
2025-01-01 00:13:41,246428641.20767105
2025-01-01 00:13:42,244700663.08716467
2025-01-01 00:13:43,245332843.50528994
2025-01-01 00:13:44,243962164.5314537
2025-01-01 00:13:45,237131260.4996733
2025-01-01 00:13:46,238434596.10652986
2025-01-01 00:13:47,240463574.26228723
2025-01-01 00:13:48,242076683.28221303
2025-01-01 00:13:49,237620538.3621509
2025-01-01 00:13:50,246257789.57809985
2025-01-01 00:13:51,248778158.1340082
2025-01-01 00:13:52,248421255.10107577
2025-01-01 00:13:53,252648467.7146975
2025-01-01 00:13:54,257369710.46556708
2025-01-01 00:13:55,252106711.15823174
2025-01-01 00:13:56,253795059.2073578
2025-01-01 00:13:57,248937253.80464298
2025-01-01 00:13:58,251320617.93816
2025-01-01 00:13:59,250147655.07571724
2025-01-01 00:14:00,253535294.866786
2025-01-01 00:14:01,250462548.82415134
2025-01-01 00:14:02,251577176.9759656
2025-01-01 00:14:03,248107222.8135813
2025-01-01 00:14:04,247446725.25795045
2025-01-01 00:14:05,245753587.64119777
2025-01-01 00:14:06,245906688.98372224
2025-01-01 00:14:07,251032818.0863296
2025-01-01 00:14:08,253004258.28021115
2025-01-01 00:14:09,246736801.4855424
2025-01-01 00:14:10,244501892.9528203
2025-01-01 00:14:11,241410462.7882766
2025-01-01 00:14:12,248148780.22174117
2025-01-01 00:14:13,248550329.8949068
2025-01-01 00:14:14,243197191.94928712
2025-01-01 00:14:15,249781510.65726343
2025-01-01 00:14:16,243141326.0250106
2025-01-01 00:14:17,245471570.72288883
2025-01-01 00:14:18,248565487.5199923
2025-01-01 00:14:19,246470143.44550803
2025-01-01 00:14:20,249180058.69870785
2025-01-01 00:14:21,248238901.93239436
2025-01-01 00:14:22,250398847.0612778
2025-01-01 00:14:23,247651568.65756556
2025-01-01 00:14:24,241076385.42602763
2025-01-01 00:14:25,239572525.35432166
2025-01-01 00:14:26,249783881.2527525
2025-01-01 00:14:27,250580858.89184007
2025-01-01 00:14:28,248911364.25515243
2025-01-01 00:14:29,246970397.08753914
2025-01-01 00:14:30,248153486.65222952
2025-01-01 00:14:31,249538243.99188808
2025-01-01 00:14:32,247123454.1910883
2025-01-01 00:14:33,252107580.19698074
2025-01-01 00:14:34,250669726.910666
2025-01-01 00:14:35,250015513.24533352
2025-01-01 00:14:36,249749203.40214953
2025-01-01 00:14:37,250977907.47020757
2025-01-01 00:14:38,252621355.74681634
2025-01-01 00:14:39,252990054.93251276
2025-01-01 00:14:40,254534236.04593423
2025-01-01 00:14:41,249611440.38341966
2025-01-01 00:14:42,247273010.26414922
2025-01-01 00:14:43,246658938.9049202
2025-01-01 00:14:44,246554893.99187648
2025-01-01 00:14:45,248468655.26317105
2025-01-01 00:14:46,247200238.09584814
2025-01-01 00:14:47,249747562.60270807
2025-01-01 00:14:48,246124382.67835614
2025-01-01 00:14:49,240303225.2394571
2025-01-01 00:14:50,240826635.2045689
2025-01-01 00:14:51,251780098.17406473
2025-01-01 00:14:52,253678730.7118293
2025-01-01 00:14:53,253012674.84596792
2025-01-01 00:14:54,250819032.80651954
2025-01-01 00:14:55,251948660.57197875
2025-01-01 00:14:56,252148645.70711735
2025-01-01 00:14:57,248503665.3776458
2025-01-01 00:14:58,247453698.07590964
2025-01-01 00:14:59,243327644.198788
2025-01-01 00:15:00,243052102.36246216
2025-01-01 00:15:01,243178360.32514718
2025-01-01 00:15:02,245764183.1063529
2025-01-01 00:15:03,246139654.267447
2025-01-01 00:15:04,250935136.7926986
2025-01-01 00:15:05,247564388.80963582
2025-01-01 00:15:06,249263892.38961542
2025-01-01 00:15:07,243748711.0484981
2025-01-01 00:15:08,243746259.13366434
2025-01-01 00:15:09,252126473.06376857
2025-01-01 00:15:10,248287312.3790698
2025-01-01 00:15:11,248556524.77783793
2025-01-01 00:15:12,244386200.35224244
2025-01-01 00:15:13,245873780.60213247
2025-01-01 00:15:14,248581008.78488404
2025-01-01 00:15:15,248107315.22057357
2025-01-01 00:15:16,250743312.17588905
2025-01-01 00:15:17,245039812.30655655
2025-01-01 00:15:18,250053366.04935816
2025-01-01 00:15:19,246849766.28738606
2025-01-01 00:15:20,247571323.70000342
2025-01-01 00:15:21,252493392.40067002
2025-01-01 00:15:22,251250500.77997297
2025-01-01 00:15:23,247796196.73679644
2025-01-01 00:15:24,254856794.2183431
2025-01-01 00:15:25,249303727.93963352
2025-01-01 00:15:26,254513022.70459247
2025-01-01 00:15:27,257078572.891538
2025-01-01 00:15:28,250913086.22518545
2025-01-01 00:15:29,249355616.66887316
2025-01-01 00:15:30,254149267.65914628
2025-01-01 00:15:31,256517224.23505977
2025-01-01 00:15:32,254176009.37913176
2025-01-01 00:15:33,252439897.0008258
2025-01-01 00:15:34,253608560.51683733
2025-01-01 00:15:35,254765857.12651354
2025-01-01 00:15:36,251160883.7438514
2025-01-01 00:15:37,255742305.28666338
2025-01-01 00:15:38,252911965.0216187
2025-01-01 00:15:39,251543760.7650797
2025-01-01 00:15:40,251720698.98566496
2025-01-01 00:15:41,246724842.46227214
2025-01-01 00:15:42,242148804.23782256
2025-01-01 00:15:43,244661293.94096833
2025-01-01 00:15:44,244940091.60137627
2025-01-01 00:15:45,251716661.14461958
2025-01-01 00:15:46,251975496.98764193
2025-01-01 00:15:47,250658600.3363227
2025-01-01 00:15:48,250020423.64453974
2025-01-01 00:15:49,252842818.42210612
2025-01-01 00:15:50,257877560.39139003
2025-01-01 00:15:51,245830265.04054555
2025-01-01 00:15:52,244338694.402433
2025-01-01 00:15:53,251979515.04911909
2025-01-01 00:15:54,240738172.27718315
2025-01-01 00:15:55,247171986.92113835
2025-01-01 00:15:56,250339174.72721487
2025-01-01 00:15:57,249831571.54924628
2025-01-01 00:15:58,248914208.91413304
2025-01-01 00:15:59,248252257.26226178
2025-01-01 00:16:00,247596811.66663587
2025-01-01 00:16:01,248692954.64476568
2025-01-01 00:16:02,247521106.3503791
2025-01-01 00:16:03,249475788.755655
2025-01-01 00:16:04,252721342.00424966
2025-01-01 00:16:05,253377353.30372083
2025-01-01 00:16:06,254212348.60951677
2025-01-01 00:16:07,254562223.24396482
2025-01-01 00:16:08,245880174.54494935
2025-01-01 00:16:09,250884237.95009658
2025-01-01 00:16:10,250180111.7521429
2025-01-01 00:16:11,245675253.3595361
2025-01-01 00:16:12,248348376.7600053
2025-01-01 00:16:13,247056639.6172576
2025-01-01 00:16:14,244312265.00912613
2025-01-01 00:16:15,242898619.26690787
2025-01-01 00:16:16,249841546.2442656
2025-01-01 00:16:17,243746587.92732272
2025-01-01 00:16:18,244350263.61457086
2025-01-01 00:16:19,245421168.43401322
2025-01-01 00:16:20,248349025.8023992
2025-01-01 00:16:21,249667715.62735152
2025-01-01 00:16:22,251126896.93328527
2025-01-01 00:16:23,256825912.86158025
2025-01-01 00:16:24,250575675.28481057
2025-01-01 00:16:25,245040885.07991356
2025-01-01 00:16:26,245374214.70188338
2025-01-01 00:16:27,241775857.73262557
2025-01-01 00:16:28,247502374.08418593
2025-01-01 00:16:29,248459972.6301037
2025-01-01 00:16:30,252951429.30090174
2025-01-01 00:16:31,248163741.62614056
2025-01-01 00:16:32,249855758.554874
2025-01-01 00:16:33,251397526.38444018
2025-01-01 00:16:34,255629864.88205865
2025-01-01 00:16:35,252161629.1653047
2025-01-01 00:16:36,254119519.4564316
2025-01-01 00:16:37,248702623.33105892
2025-01-01 00:16:38,249216095.85393298
2025-01-01 00:16:39,246974254.84770405
2025-01-01 00:16:40,250583128.49531785
2025-01-01 00:16:41,246525079.1116782
2025-01-01 00:16:42,244363038.28515202
2025-01-01 00:16:43,246279871.42205212
2025-01-01 00:16:44,253431880.77314904
2025-01-01 00:16:45,247893852.73395443
2025-01-01 00:16:46,249841203.25332355
2025-01-01 00:16:47,250502667.06119305
2025-01-01 00:16:48,248204932.3938479
2025-01-01 00:16:49,245134411.0219827
2025-01-01 00:16:50,247973552.4580949
2025-01-01 00:16:51,250770146.7821512
2025-01-01 00:16:52,245587781.56417906
2025-01-01 00:16:53,250229628.6331614
2025-01-01 00:16:54,253603586.2883316
2025-01-01 00:16:55,249787979.07433817
2025-01-01 00:16:56,246474946.6907924
2025-01-01 00:16:57,248892191.6992649
2025-01-01 00:16:58,246075202.29460648
2025-01-01 00:16:59,238001471.99607432
2025-01-01 00:17:00,243300378.5257922
2025-01-01 00:17:01,245192201.79772833
2025-01-01 00:17:02,244237742.05566907
2025-01-01 00:17:03,249185809.92118952
2025-01-01 00:17:04,249369973.83014
2025-01-01 00:17:05,245757493.96107107
2025-01-01 00:17:06,247059112.82685542
2025-01-01 00:17:07,251700024.93730772
2025-01-01 00:17:08,251534536.578705
2025-01-01 00:17:09,247738246.84817442
2025-01-01 00:17:10,248238631.35232842
2025-01-01 00:17:11,248887326.57495552
2025-01-01 00:17:12,249220389.531127
2025-01-01 00:17:13,246834638.99756226
2025-01-01 00:17:14,244307628.73046502
2025-01-01 00:17:15,249277259.03950614
2025-01-01 00:17:16,248194598.37659678
2025-01-01 00:17:17,246497417.35455132
2025-01-01 00:17:18,242824522.59774345
2025-01-01 00:17:19,247840105.26430392
2025-01-01 00:17:20,247962079.4325715
2025-01-01 00:17:21,244065260.98799032
2025-01-01 00:17:22,245666080.76190916
2025-01-01 00:17:23,244743612.4281112
2025-01-01 00:17:24,253792378.09395704
2025-01-01 00:17:25,251669653.2161411
2025-01-01 00:17:26,251154795.70424464
2025-01-01 00:17:27,245986681.66466495
2025-01-01 00:17:28,242443011.66470632
2025-01-01 00:17:29,242843153.56151
2025-01-01 00:17:30,248776583.2900975
2025-01-01 00:17:31,245431677.41047138
2025-01-01 00:17:32,254368364.89867482
2025-01-01 00:17:33,258359097.8666939
2025-01-01 00:17:34,245105248.65150478
2025-01-01 00:17:35,240307647.8043272
2025-01-01 00:17:36,247058798.63945165
2025-01-01 00:17:37,247265328.33112288
2025-01-01 00:17:38,247544368.56787652
2025-01-01 00:17:39,253722995.8087662
2025-01-01 00:17:40,248810240.76079437
2025-01-01 00:17:41,254799821.46738303
2025-01-01 00:17:42,253067527.90836117
2025-01-01 00:17:43,250915008.0096383
2025-01-01 00:17:44,253446807.22406837
2025-01-01 00:17:45,244673294.2396102
2025-01-01 00:17:46,245100817.3886844
2025-01-01 00:17:47,247558279.72790554
2025-01-01 00:17:48,240850285.54261932
2025-01-01 00:17:49,241936671.94330668
2025-01-01 00:17:50,243978269.4147955
2025-01-01 00:17:51,250482674.84042206
2025-01-01 00:17:52,250171414.16777122
2025-01-01 00:17:53,245034865.31783733
2025-01-01 00:17:54,241475149.81004292
2025-01-01 00:17:55,245317093.68484756
2025-01-01 00:17:56,240107711.7467198
2025-01-01 00:17:57,239398886.40781647
2025-01-01 00:17:58,245058269.3050262
2025-01-01 00:17:59,244681184.32919118
2025-01-01 00:18:00,234041789.04974514
2025-01-01 00:18:01,243138780.68079704
2025-01-01 00:18:02,240931598.18814752
2025-01-01 00:18:03,246244794.48527086
2025-01-01 00:18:04,248230395.63922498
2025-01-01 00:18:05,247669948.3211569
2025-01-01 00:18:06,247614954.14124078
2025-01-01 00:18:07,254049712.24359816
2025-01-01 00:18:08,248115285.03180444
2025-01-01 00:18:09,243226454.6964909
2025-01-01 00:18:10,246686854.8400971
2025-01-01 00:18:11,250576656.0578802
2025-01-01 00:18:12,246229336.95880648
2025-01-01 00:18:13,253601311.00161856
2025-01-01 00:18:14,251005450.20266485
2025-01-01 00:18:15,245799453.8970179
2025-01-01 00:18:16,251607911.70038214
2025-01-01 00:18:17,251351312.3431851
2025-01-01 00:18:18,250873015.58667263
2025-01-01 00:18:19,250232777.19170052
2025-01-01 00:18:20,249139936.6135845
2025-01-01 00:18:21,247964506.805685
2025-01-01 00:18:22,245233643.18973792
2025-01-01 00:18:23,248720991.19292602
2025-01-01 00:18:24,252604350.13108373
2025-01-01 00:18:25,250322177.75412595
2025-01-01 00:18:26,249528839.56375626
2025-01-01 00:18:27,245251343.51497626
2025-01-01 00:18:28,247882561.18101868
2025-01-01 00:18:29,251383946.37551686
2025-01-01 00:18:30,250336312.67989948
2025-01-01 00:18:31,246936590.43768185
2025-01-01 00:18:32,247692862.54500163
2025-01-01 00:18:33,251041929.68242568
2025-01-01 00:18:34,247963612.9264868
2025-01-01 00:18:35,244884108.72404915
2025-01-01 00:18:36,252282796.91249806
2025-01-01 00:18:37,246659074.7161049
2025-01-01 00:18:38,241776580.8731224
2025-01-01 00:18:39,244472838.6494901
2025-01-01 00:18:40,245165554.03844768
2025-01-01 00:18:41,251721912.17507043
2025-01-01 00:18:42,250299501.6449356
2025-01-01 00:18:43,246224013.8133418
2025-01-01 00:18:44,248724145.07848567
2025-01-01 00:18:45,245848197.15545928
2025-01-01 00:18:46,253697255.50709063
2025-01-01 00:18:47,244593815.11578318
2025-01-01 00:18:48,247830370.71212858
2025-01-01 00:18:49,250809702.1935505
2025-01-01 00:18:50,252159971.9657804
2025-01-01 00:18:51,247701743.77649528
2025-01-01 00:18:52,251640425.00313327
2025-01-01 00:18:53,253150943.5180394
2025-01-01 00:18:54,251457347.9446958
2025-01-01 00:18:55,256667494.74080938
2025-01-01 00:18:56,252945079.66350466
2025-01-01 00:18:57,249209541.25606433
2025-01-01 00:18:58,251534187.73458862
2025-01-01 00:18:59,251341670.03661242
2025-01-01 00:19:00,248382307.92588592
2025-01-01 00:19:01,251130228.01774558
2025-01-01 00:19:02,250732781.04319912
2025-01-01 00:19:03,249603889.78833815
2025-01-01 00:19:04,250642908.29681748
2025-01-01 00:19:05,255485626.2402661
2025-01-01 00:19:06,248421991.12882078
2025-01-01 00:19:07,248559502.28617984
2025-01-01 00:19:08,250387150.28220463
2025-01-01 00:19:09,254884119.82813728
2025-01-01 00:19:10,248885404.09526742
2025-01-01 00:19:11,249518069.50139257
2025-01-01 00:19:12,251472167.09211034
2025-01-01 00:19:13,253406479.17384627
2025-01-01 00:19:14,255910608.79274255
2025-01-01 00:19:15,251375825.3765327
2025-01-01 00:19:16,249608513.41437888
2025-01-01 00:19:17,253814677.9731426
2025-01-01 00:19:18,251544738.89763585
2025-01-01 00:19:19,246056058.10684484
2025-01-01 00:19:20,251385024.72976688
2025-01-01 00:19:21,251915136.36675972
2025-01-01 00:19:22,246732168.78379366
2025-01-01 00:19:23,244012430.5133661
2025-01-01 00:19:24,245406486.38783705
2025-01-01 00:19:25,247258547.4799355
2025-01-01 00:19:26,250511084.02877343
2025-01-01 00:19:27,250816856.2813862
2025-01-01 00:19:28,242214046.3549297
2025-01-01 00:19:29,248780796.85167494
2025-01-01 00:19:30,249683572.07377586
2025-01-01 00:19:31,251795998.48462817
2025-01-01 00:19:32,252758130.87231383
2025-01-01 00:19:33,250313589.9673964
2025-01-01 00:19:34,248064873.2799225
2025-01-01 00:19:35,250234403.72319373
2025-01-01 00:19:36,253620627.69217595
2025-01-01 00:19:37,251905886.85298598
2025-01-01 00:19:38,249674505.648813
2025-01-01 00:19:39,250856584.89443812
2025-01-01 00:19:40,244377931.17084494
2025-01-01 00:19:41,243548920.40704158
2025-01-01 00:19:42,250219597.65929547
2025-01-01 00:19:43,248029953.26079348
2025-01-01 00:19:44,251109635.07103723
2025-01-01 00:19:45,247391798.67916664
2025-01-01 00:19:46,256361089.85916486
2025-01-01 00:19:47,250258252.1067161
2025-01-01 00:19:48,252904479.41633534
2025-01-01 00:19:49,249916186.72357914
2025-01-01 00:19:50,251883543.60993457
2025-01-01 00:19:51,248374575.9794026
2025-01-01 00:19:52,251207101.29970554
2025-01-01 00:19:53,249725512.60810632
2025-01-01 00:19:54,247047050.78365213
2025-01-01 00:19:55,245667117.03531814
2025-01-01 00:19:56,247569696.41478598
2025-01-01 00:19:57,251525784.94037083
2025-01-01 00:19:58,252113516.91917935
2025-01-01 00:19:59,249667051.0319982
2025-01-01 00:20:00,248524092.4285706
2025-01-01 00:20:01,249301356.6148443
2025-01-01 00:20:02,249464742.81527686
2025-01-01 00:20:03,249856279.61994645
2025-01-01 00:20:04,249221106.29581836
2025-01-01 00:20:05,249276682.04657084
2025-01-01 00:20:06,247492574.2518858
2025-01-01 00:20:07,247265820.88684744
2025-01-01 00:20:08,247476656.61989117
2025-01-01 00:20:09,253398518.1492651
2025-01-01 00:20:10,252535160.31658363
2025-01-01 00:20:11,254308985.3997824
2025-01-01 00:20:12,251434134.55900463
2025-01-01 00:20:13,250007089.32494968
2025-01-01 00:20:14,253960941.04319173
2025-01-01 00:20:15,247503852.0930725
2025-01-01 00:20:16,249092221.44916657
2025-01-01 00:20:17,241354124.36421803
2025-01-01 00:20:18,241222434.42960122
2025-01-01 00:20:19,248976074.42126605
2025-01-01 00:20:20,255319509.8615281
2025-01-01 00:20:21,256284570.64078042
2025-01-01 00:20:22,251448271.71362522
2025-01-01 00:20:23,250861634.42248335
2025-01-01 00:20:24,253263415.3180404
2025-01-01 00:20:25,251057894.7144761
2025-01-01 00:20:26,254695438.6759819
2025-01-01 00:20:27,251038092.83637702
2025-01-01 00:20:28,253478200.46171772
2025-01-01 00:20:29,257493869.89644018
2025-01-01 00:20:30,258596180.23710778
2025-01-01 00:20:31,255574729.20387363
2025-01-01 00:20:32,252801651.96133885
2025-01-01 00:20:33,253585829.95838037
2025-01-01 00:20:34,253475635.57151172
2025-01-01 00:20:35,251643238.71412444
2025-01-01 00:20:36,253426593.69735998
2025-01-01 00:20:37,254157775.4689315
2025-01-01 00:20:38,253828460.95181617
2025-01-01 00:20:39,252648618.62695032
2025-01-01 00:20:40,251793573.89129496
2025-01-01 00:20:41,246320109.41902286
2025-01-01 00:20:42,254631685.79510602
2025-01-01 00:20:43,253578817.6135268
2025-01-01 00:20:44,250968466.5515372
2025-01-01 00:20:45,255797371.15170202
2025-01-01 00:20:46,253869387.65700847
2025-01-01 00:20:47,259216854.11017188
2025-01-01 00:20:48,256538575.9020171
2025-01-01 00:20:49,255452332.69183585
2025-01-01 00:20:50,251915789.04090625
2025-01-01 00:20:51,255389342.03914663
2025-01-01 00:20:52,254143287.69431382
2025-01-01 00:20:53,253653670.34454972
2025-01-01 00:20:54,253587319.18652096
2025-01-01 00:20:55,253791767.02787232
2025-01-01 00:20:56,251600700.2233423
2025-01-01 00:20:57,245982765.9391358
2025-01-01 00:20:58,241225491.52623424
2025-01-01 00:20:59,245526832.52040264
2025-01-01 00:21:00,246595856.42264983
2025-01-01 00:21:01,243517387.9442682
2025-01-01 00:21:02,252795637.86430937
2025-01-01 00:21:03,251290187.36216313
2025-01-01 00:21:04,251737397.022182
2025-01-01 00:21:05,249298235.83827123
2025-01-01 00:21:06,252472702.02891922
2025-01-01 00:21:07,244168468.8505004
2025-01-01 00:21:08,251141562.77360895
2025-01-01 00:21:09,249513235.43011814
2025-01-01 00:21:10,247145035.7966919
2025-01-01 00:21:11,250897414.21123472
2025-01-01 00:21:12,249611498.50859943
2025-01-01 00:21:13,256248414.36469546
2025-01-01 00:21:14,257451299.45568624
2025-01-01 00:21:15,256245141.5024159
2025-01-01 00:21:16,254668513.35665366
2025-01-01 00:21:17,250265828.9565752
2025-01-01 00:21:18,247951977.64351043
2025-01-01 00:21:19,254181385.0819135
2025-01-01 00:21:20,252478483.62674403
2025-01-01 00:21:21,252339367.25384638
2025-01-01 00:21:22,251831263.631105
2025-01-01 00:21:23,254193352.62671256
2025-01-01 00:21:24,253397408.62401572
2025-01-01 00:21:25,253323647.5226838
2025-01-01 00:21:26,252225869.37079155
2025-01-01 00:21:27,247652126.72791994
2025-01-01 00:21:28,244590327.4870698
2025-01-01 00:21:29,245657632.86519474
2025-01-01 00:21:30,253227754.35028097
2025-01-01 00:21:31,256393063.46988678
2025-01-01 00:21:32,259699698.74266666
2025-01-01 00:21:33,248859659.3978757
2025-01-01 00:21:34,253348988.51491994
2025-01-01 00:21:35,247997088.43568146
2025-01-01 00:21:36,250906618.29566807
2025-01-01 00:21:37,250970112.17162162
2025-01-01 00:21:38,246900296.32864708
2025-01-01 00:21:39,249881927.19980544
2025-01-01 00:21:40,248713148.8974053
2025-01-01 00:21:41,246483175.8067837
2025-01-01 00:21:42,246527998.6013943
2025-01-01 00:21:43,247386761.59642
2025-01-01 00:21:44,246512251.50206074
2025-01-01 00:21:45,245344038.50095943
2025-01-01 00:21:46,244582813.15062392
2025-01-01 00:21:47,257113613.77309823
2025-01-01 00:21:48,252019247.59397775
2025-01-01 00:21:49,248999064.1012373
2025-01-01 00:21:50,248927359.19709253
2025-01-01 00:21:51,253065823.66671023
2025-01-01 00:21:52,250491470.53679144
2025-01-01 00:21:53,245787828.19907612
2025-01-01 00:21:54,249419586.29804343
2025-01-01 00:21:55,242305341.27651253
2025-01-01 00:21:56,249959428.16960815
2025-01-01 00:21:57,253515670.57146826
2025-01-01 00:21:58,250564244.75234622
2025-01-01 00:21:59,251313567.80462283
2025-01-01 00:22:00,251881948.92562115
2025-01-01 00:22:01,249483246.702104
2025-01-01 00:22:02,252639908.01775277
2025-01-01 00:22:03,249463694.5028483
2025-01-01 00:22:04,252217819.77637443
2025-01-01 00:22:05,248254684.2630204
2025-01-01 00:22:06,244338575.52418068
2025-01-01 00:22:07,251997344.6201666
2025-01-01 00:22:08,251332646.69536403
2025-01-01 00:22:09,243860539.5244456
2025-01-01 00:22:10,248596676.0819731
2025-01-01 00:22:11,249598683.33811665
2025-01-01 00:22:12,255446104.9652914
2025-01-01 00:22:13,252321101.56901127
2025-01-01 00:22:14,251182888.113211
2025-01-01 00:22:15,251941201.25512883
2025-01-01 00:22:16,245588784.94023225
2025-01-01 00:22:17,244894328.71060193
2025-01-01 00:22:18,240522115.78198332
2025-01-01 00:22:19,245891500.47128168
2025-01-01 00:22:20,247254102.35456684
2025-01-01 00:22:21,243596312.13293937
2025-01-01 00:22:22,249094458.23086095
2025-01-01 00:22:23,248575089.43306106
2025-01-01 00:22:24,250191710.79113653
2025-01-01 00:22:25,245506784.3130505
2025-01-01 00:22:26,246800426.5644538
2025-01-01 00:22:27,252334180.33501583
2025-01-01 00:22:28,248122755.91787693
2025-01-01 00:22:29,248572309.93106988
2025-01-01 00:22:30,242461640.3656055
2025-01-01 00:22:31,244022926.65790856
2025-01-01 00:22:32,250059364.4381836
2025-01-01 00:22:33,248287263.61225563
2025-01-01 00:22:34,249519575.53795955
2025-01-01 00:22:35,248699874.7218561
2025-01-01 00:22:36,252925481.69050157
2025-01-01 00:22:37,250878432.4051403
2025-01-01 00:22:38,253924469.82248998
2025-01-01 00:22:39,254740262.31390393
2025-01-01 00:22:40,255349276.4458042
2025-01-01 00:22:41,252170171.3696086
2025-01-01 00:22:42,252873836.80347943
2025-01-01 00:22:43,251372092.91004297
2025-01-01 00:22:44,251157841.06112847
2025-01-01 00:22:45,257221791.10006097
2025-01-01 00:22:46,253617738.96414205
2025-01-01 00:22:47,256124980.14159155
2025-01-01 00:22:48,251660441.5623576
2025-01-01 00:22:49,248557397.90813345
2025-01-01 00:22:50,247661313.16694713
2025-01-01 00:22:51,244583193.7293651
2025-01-01 00:22:52,243035133.4808629
2025-01-01 00:22:53,247271963.51047656
2025-01-01 00:22:54,246466370.074603
2025-01-01 00:22:55,247762217.98193866
2025-01-01 00:22:56,254956146.03667536
2025-01-01 00:22:57,239897025.6449852
2025-01-01 00:22:58,248601794.05104145
2025-01-01 00:22:59,253435573.95346898
2025-01-01 00:23:00,248994984.22683245
2025-01-01 00:23:01,254953420.2688735
2025-01-01 00:23:02,250144851.6014866
2025-01-01 00:23:03,252811111.84920338
2025-01-01 00:23:04,253492742.37661484
2025-01-01 00:23:05,252349911.15132993
2025-01-01 00:23:06,252842724.61462957
2025-01-01 00:23:07,242510519.67661238
2025-01-01 00:23:08,253463073.81375802
2025-01-01 00:23:09,248724378.46589583
2025-01-01 00:23:10,255745343.45090273
2025-01-01 00:23:11,254557784.70194945
2025-01-01 00:23:12,249903054.7157672
2025-01-01 00:23:13,254552325.4532004
2025-01-01 00:23:14,249502321.61343956
2025-01-01 00:23:15,248101986.30987203
2025-01-01 00:23:16,249156809.93815294
2025-01-01 00:23:17,256924289.38588
2025-01-01 00:23:18,252481760.6206616
2025-01-01 00:23:19,248727840.1676515
2025-01-01 00:23:20,247568763.26414818
2025-01-01 00:23:21,254683475.68442982
2025-01-01 00:23:22,252371104.9875185
2025-01-01 00:23:23,250949535.81993786
2025-01-01 00:23:24,253828276.0092852
2025-01-01 00:23:25,251751443.9797203
2025-01-01 00:23:26,255745877.00907704
2025-01-01 00:23:27,260841954.2456338
2025-01-01 00:23:28,260472755.00807974
2025-01-01 00:23:29,251084297.54175836
2025-01-01 00:23:30,249367660.35628828
2025-01-01 00:23:31,255037148.9563306
2025-01-01 00:23:32,258788835.40830657
2025-01-01 00:23:33,256470438.5273137
2025-01-01 00:23:34,256688391.50285497
2025-01-01 00:23:35,254000240.64992023
2025-01-01 00:23:36,247729908.6890532
2025-01-01 00:23:37,251521917.93760654
2025-01-01 00:23:38,254588293.71420074
2025-01-01 00:23:39,254086804.9845908
2025-01-01 00:23:40,249012408.17946315
2025-01-01 00:23:41,248329731.66429043
2025-01-01 00:23:42,256319486.10211292
2025-01-01 00:23:43,251794352.89814365
2025-01-01 00:23:44,248737212.78805146
2025-01-01 00:23:45,255188725.80315906
2025-01-01 00:23:46,251090238.20673475
2025-01-01 00:23:47,247438072.48177633
2025-01-01 00:23:48,254156605.22433746
2025-01-01 00:23:49,258502610.61096215
2025-01-01 00:23:50,262552727.82855082
2025-01-01 00:23:51,262410782.6902284
2025-01-01 00:23:52,258060136.2280272
2025-01-01 00:23:53,263768624.80094337
2025-01-01 00:23:54,259695738.21455583
2025-01-01 00:23:55,263620521.7675904
2025-01-01 00:23:56,265922488.51945648
2025-01-01 00:23:57,262400819.67930654
2025-01-01 00:23:58,261663859.08440837
2025-01-01 00:23:59,260845202.79374102
2025-01-01 00:24:00,252717494.2567508
2025-01-01 00:24:01,251481432.51741225
2025-01-01 00:24:02,252327632.6226437
2025-01-01 00:24:03,258531281.77113354
2025-01-01 00:24:04,251767871.78346127
2025-01-01 00:24:05,251206167.48099634
2025-01-01 00:24:06,252538936.55824322
2025-01-01 00:24:07,250448285.27389473
2025-01-01 00:24:08,253407207.85150596
2025-01-01 00:24:09,253842573.58964965
2025-01-01 00:24:10,249862723.51795968
2025-01-01 00:24:11,251236995.771186
2025-01-01 00:24:12,249873614.39356232
2025-01-01 00:24:13,253860513.15214014
2025-01-01 00:24:14,254063794.47696143
2025-01-01 00:24:15,252410263.74186867
2025-01-01 00:24:16,252088804.02609792
2025-01-01 00:24:17,248033396.5430491
2025-01-01 00:24:18,252009820.2929496
2025-01-01 00:24:19,254619377.23708206
2025-01-01 00:24:20,251728291.55115277
2025-01-01 00:24:21,250925240.21061262
2025-01-01 00:24:22,250127891.81763422
2025-01-01 00:24:23,253990629.38854492
2025-01-01 00:24:24,250853924.08894655
2025-01-01 00:24:25,252531058.69887987
2025-01-01 00:24:26,247963037.0148693
2025-01-01 00:24:27,250201765.43050435
2025-01-01 00:24:28,249398127.95255715
2025-01-01 00:24:29,249476821.31743956
2025-01-01 00:24:30,251439014.50812563
2025-01-01 00:24:31,252167437.73973688
2025-01-01 00:24:32,250708038.07854623
2025-01-01 00:24:33,252613915.2610019
2025-01-01 00:24:34,247048446.00736147
2025-01-01 00:24:35,251957021.91443503
2025-01-01 00:24:36,252439266.93907133
2025-01-01 00:24:37,248659547.26844507
2025-01-01 00:24:38,249698363.79940283
2025-01-01 00:24:39,250580651.57212853
2025-01-01 00:24:40,250864733.76773894
2025-01-01 00:24:41,252022024.0709448
2025-01-01 00:24:42,252436427.99651206
2025-01-01 00:24:43,250574538.4614338
2025-01-01 00:24:44,250636936.88375452
2025-01-01 00:24:45,248538473.6272183
2025-01-01 00:24:46,249318541.504045
2025-01-01 00:24:47,251663137.59371814
2025-01-01 00:24:48,252954624.0804823
2025-01-01 00:24:49,254172428.15261853
2025-01-01 00:24:50,250893522.6467688
2025-01-01 00:24:51,256156273.78158206
2025-01-01 00:24:52,255355207.89850944
2025-01-01 00:24:53,251654389.8963721
2025-01-01 00:24:54,246346736.3601974
2025-01-01 00:24:55,247121319.87335396
2025-01-01 00:24:56,238542050.76395512
2025-01-01 00:24:57,244111987.15717456
2025-01-01 00:24:58,243230463.9639997
2025-01-01 00:24:59,246978672.87628037
2025-01-01 00:25:00,249976959.38567472
2025-01-01 00:25:01,247185716.71444148
2025-01-01 00:25:02,253870458.8806754
2025-01-01 00:25:03,246003823.3572766
2025-01-01 00:25:04,248843125.8561693
2025-01-01 00:25:05,252706010.22860298
2025-01-01 00:25:06,252684051.1731873
2025-01-01 00:25:07,250619125.59047368
2025-01-01 00:25:08,244646217.44141302
2025-01-01 00:25:09,246117618.50299627
2025-01-01 00:25:10,245304767.74379304
2025-01-01 00:25:11,250063402.17252615
2025-01-01 00:25:12,250495797.04128087
2025-01-01 00:25:13,254900549.1955231
2025-01-01 00:25:14,255019969.59261417
2025-01-01 00:25:15,253555800.48979506
2025-01-01 00:25:16,253002000.31151643
2025-01-01 00:25:17,251515808.03912294
2025-01-01 00:25:18,250475226.39707223
2025-01-01 00:25:19,248160935.53624842
2025-01-01 00:25:20,249294013.6453328
2025-01-01 00:25:21,252330724.9596462
2025-01-01 00:25:22,247737365.15039355
2025-01-01 00:25:23,251240375.59756517
2025-01-01 00:25:24,250879284.62122
2025-01-01 00:25:25,249484796.81036338
2025-01-01 00:25:26,258398087.0444284
2025-01-01 00:25:27,255401813.03451505
2025-01-01 00:25:28,254191055.46105492
2025-01-01 00:25:29,250084726.84250772
2025-01-01 00:25:30,249833447.76243165
2025-01-01 00:25:31,250466201.6315117
2025-01-01 00:25:32,243939958.85775757
2025-01-01 00:25:33,245358648.24876127
2025-01-01 00:25:34,243246504.49363777
2025-01-01 00:25:35,245678526.97728175
2025-01-01 00:25:36,243506711.4428516
2025-01-01 00:25:37,241307318.41390547
2025-01-01 00:25:38,240218443.51459232
2025-01-01 00:25:39,248476650.6347096
2025-01-01 00:25:40,249679225.61905107
2025-01-01 00:25:41,251924512.65939167
2025-01-01 00:25:42,246214130.72116274
2025-01-01 00:25:43,248613813.51879117
2025-01-01 00:25:44,246120195.583788
2025-01-01 00:25:45,246883489.6864955
2025-01-01 00:25:46,245125521.9340326
2025-01-01 00:25:47,249933824.24104902
2025-01-01 00:25:48,253021573.5816696
2025-01-01 00:25:49,249413391.06807777
2025-01-01 00:25:50,244529767.41448718
2025-01-01 00:25:51,247779790.09193337
2025-01-01 00:25:52,250585866.79490805
2025-01-01 00:25:53,250149358.1145287
2025-01-01 00:25:54,252904949.00486624
2025-01-01 00:25:55,250185591.58660468
2025-01-01 00:25:56,250671568.53534403
2025-01-01 00:25:57,253435141.63885197
2025-01-01 00:25:58,253877918.4589107
2025-01-01 00:25:59,253413063.70010194
2025-01-01 00:26:00,248160381.51747033
2025-01-01 00:26:01,247507835.26079136
2025-01-01 00:26:02,250512880.76663265
2025-01-01 00:26:03,256769434.85396168
2025-01-01 00:26:04,251513941.87007555
2025-01-01 00:26:05,249776577.54550204
2025-01-01 00:26:06,241495794.92677367
2025-01-01 00:26:07,248521899.00933513
2025-01-01 00:26:08,246630622.9295683
2025-01-01 00:26:09,241805558.82400155
2025-01-01 00:26:10,246879541.16566628
2025-01-01 00:26:11,250110547.19158757
2025-01-01 00:26:12,251820413.46601683
2025-01-01 00:26:13,250016772.419993
2025-01-01 00:26:14,257136143.66560546
2025-01-01 00:26:15,255013361.23630017
2025-01-01 00:26:16,245906303.38539472
2025-01-01 00:26:17,250982062.63063934
2025-01-01 00:26:18,253492215.36307868
2025-01-01 00:26:19,258382658.07718903
2025-01-01 00:26:20,255685746.35274172
2025-01-01 00:26:21,258566884.50640696
2025-01-01 00:26:22,253021083.2681023
2025-01-01 00:26:23,254917452.71267292
2025-01-01 00:26:24,251063216.84682348
2025-01-01 00:26:25,253329539.43347138
2025-01-01 00:26:26,244060667.6172306
2025-01-01 00:26:27,243253917.63620722
2025-01-01 00:26:28,242148279.40658346
2025-01-01 00:26:29,242166548.24311855
2025-01-01 00:26:30,242241740.11362925
2025-01-01 00:26:31,247908929.89177358
2025-01-01 00:26:32,240428880.79253793
2025-01-01 00:26:33,246217417.12393644
2025-01-01 00:26:34,241076955.59247965
2025-01-01 00:26:35,240974499.8142635
2025-01-01 00:26:36,242609217.28408676
2025-01-01 00:26:37,240441203.92147964
2025-01-01 00:26:38,245698821.2887977
2025-01-01 00:26:39,257446502.11501813
2025-01-01 00:26:40,249162868.95234907
2025-01-01 00:26:41,242015717.094642
2025-01-01 00:26:42,250034869.68392166
2025-01-01 00:26:43,245948240.97094283
2025-01-01 00:26:44,248031918.6880704
2025-01-01 00:26:45,250859925.59240958
2025-01-01 00:26:46,251973535.54566416
2025-01-01 00:26:47,251038508.80202752
2025-01-01 00:26:48,253253169.14307177
2025-01-01 00:26:49,264023014.5087105
2025-01-01 00:26:50,253711735.65198886
2025-01-01 00:26:51,253073852.0472096
2025-01-01 00:26:52,249830827.24131417
2025-01-01 00:26:53,253185416.122604
2025-01-01 00:26:54,254415926.20249072
2025-01-01 00:26:55,251627103.0227224
2025-01-01 00:26:56,248851872.07235846
2025-01-01 00:26:57,251002688.85100922
2025-01-01 00:26:58,251037083.43231234
2025-01-01 00:26:59,254802308.58552545
2025-01-01 00:27:00,253328310.11572284
2025-01-01 00:27:01,243551137.58483866
2025-01-01 00:27:02,249471583.65013912
2025-01-01 00:27:03,248529255.92546716
2025-01-01 00:27:04,247397471.55253848
2025-01-01 00:27:05,245006651.55559954
2025-01-01 00:27:06,241498738.76247603
2025-01-01 00:27:07,244201322.57713088
2025-01-01 00:27:08,244686695.0868416
2025-01-01 00:27:09,246244733.07121322
2025-01-01 00:27:10,250342830.65508384
2025-01-01 00:27:11,255824925.17296487
2025-01-01 00:27:12,250854072.56720623
2025-01-01 00:27:13,256458193.03810278
2025-01-01 00:27:14,257665338.5882987
2025-01-01 00:27:15,258897033.7150888
2025-01-01 00:27:16,252849554.950315
2025-01-01 00:27:17,258837793.28210038
2025-01-01 00:27:18,261002274.33360487
2025-01-01 00:27:19,255117454.91189164
2025-01-01 00:27:20,251374749.9042961
2025-01-01 00:27:21,253695092.1287837
2025-01-01 00:27:22,255609270.76986423
2025-01-01 00:27:23,249812231.2703513
2025-01-01 00:27:24,248392994.93866998
2025-01-01 00:27:25,245357285.5958664
2025-01-01 00:27:26,241087031.90002415
2025-01-01 00:27:27,241687101.00641623
2025-01-01 00:27:28,244736758.96889403
2025-01-01 00:27:29,252487799.11205906
2025-01-01 00:27:30,254644321.52219594
2025-01-01 00:27:31,258955615.11027542
2025-01-01 00:27:32,253984435.80694857
2025-01-01 00:27:33,251407885.0488015
2025-01-01 00:27:34,251768695.88552335
2025-01-01 00:27:35,251321126.16864264
2025-01-01 00:27:36,252819834.2046819
2025-01-01 00:27:37,253894994.25198072
2025-01-01 00:27:38,259718931.37519443
2025-01-01 00:27:39,255683668.11861596
2025-01-01 00:27:40,256917425.72327575
2025-01-01 00:27:41,254845247.3215591
2025-01-01 00:27:42,258867779.14886558
2025-01-01 00:27:43,256780745.952017
2025-01-01 00:27:44,254386789.77550262
2025-01-01 00:27:45,253911446.64634567
2025-01-01 00:27:46,249336214.56083164
2025-01-01 00:27:47,257805418.92478573
2025-01-01 00:27:48,254856720.67855784
2025-01-01 00:27:49,254636728.4042176
2025-01-01 00:27:50,255351313.22221947
2025-01-01 00:27:51,253343368.00769848
2025-01-01 00:27:52,256709518.46823436
2025-01-01 00:27:53,256116288.92666748
2025-01-01 00:27:54,259967626.59544903
2025-01-01 00:27:55,250724835.31004447
2025-01-01 00:27:56,249345801.03581765
2025-01-01 00:27:57,248689509.74367705
2025-01-01 00:27:58,245063020.0022547
2025-01-01 00:27:59,248216593.0078793
2025-01-01 00:28:00,249172628.2920479
2025-01-01 00:28:01,248477005.4978412
2025-01-01 00:28:02,245283144.18031254
2025-01-01 00:28:03,246925825.65718704
2025-01-01 00:28:04,251659698.9444213
2025-01-01 00:28:05,252628556.059811
2025-01-01 00:28:06,254082564.54948536
2025-01-01 00:28:07,250017436.71627787
2025-01-01 00:28:08,256590066.21771687
2025-01-01 00:28:09,259120707.38450167
2025-01-01 00:28:10,257048209.07668364
2025-01-01 00:28:11,257679116.02894947
2025-01-01 00:28:12,256912610.68509856
2025-01-01 00:28:13,253062852.87506035
2025-01-01 00:28:14,255400425.23819783
2025-01-01 00:28:15,251091410.3627283
2025-01-01 00:28:16,255893457.51045084
2025-01-01 00:28:17,250775552.56848565
2025-01-01 00:28:18,251342247.25896
2025-01-01 00:28:19,255308997.91554248
2025-01-01 00:28:20,252653566.4513135
2025-01-01 00:28:21,255120417.7502891
2025-01-01 00:28:22,250717974.8198414
2025-01-01 00:28:23,251763459.13879824
2025-01-01 00:28:24,252078455.5573573
2025-01-01 00:28:25,248149848.75698745
2025-01-01 00:28:26,242116939.3303503
2025-01-01 00:28:27,247485477.8644808
2025-01-01 00:28:28,251360098.16060778
2025-01-01 00:28:29,257005419.46746126
2025-01-01 00:28:30,258764593.32108378
2025-01-01 00:28:31,252236215.29652655
2025-01-01 00:28:32,245754542.20042774
2025-01-01 00:28:33,243455912.25351018
2025-01-01 00:28:34,240454418.06942016
2025-01-01 00:28:35,242407678.8529701
2025-01-01 00:28:36,238843902.70863515
2025-01-01 00:28:37,238693401.85427335
2025-01-01 00:28:38,239183867.35902095
2025-01-01 00:28:39,239083709.3151772
2025-01-01 00:28:40,247007256.00191662
2025-01-01 00:28:41,248872886.2211583
2025-01-01 00:28:42,245404570.6869083
2025-01-01 00:28:43,245889479.78535408
2025-01-01 00:28:44,248275788.47192034
2025-01-01 00:28:45,244904265.228482
2025-01-01 00:28:46,248484092.55060098
2025-01-01 00:28:47,247513546.7445489
2025-01-01 00:28:48,247906393.35479227
2025-01-01 00:28:49,246403894.1034637
2025-01-01 00:28:50,246959089.27941445
2025-01-01 00:28:51,251141795.81528652
2025-01-01 00:28:52,249968545.11747187
2025-01-01 00:28:53,249940093.6199213
2025-01-01 00:28:54,256474447.35856608
2025-01-01 00:28:55,249413062.11423033
2025-01-01 00:28:56,243875838.019756
2025-01-01 00:28:57,255467777.78995556
2025-01-01 00:28:58,252695797.7188813
2025-01-01 00:28:59,250399285.25370532
2025-01-01 00:29:00,255229932.05725697
2025-01-01 00:29:01,255878093.93617636
2025-01-01 00:29:02,249601781.36897412
2025-01-01 00:29:03,247219797.79569802
2025-01-01 00:29:04,246978543.23934734
2025-01-01 00:29:05,253146159.43078342
2025-01-01 00:29:06,249102128.8801594
2025-01-01 00:29:07,255765496.1668791
2025-01-01 00:29:08,258300733.2331904
2025-01-01 00:29:09,247244455.8645293
2025-01-01 00:29:10,252766931.68006387
2025-01-01 00:29:11,256600068.1439623
2025-01-01 00:29:12,252407451.0874111
2025-01-01 00:29:13,251093768.41930634
2025-01-01 00:29:14,256468634.53159767
2025-01-01 00:29:15,257659797.04319033
2025-01-01 00:29:16,256852056.02855968
2025-01-01 00:29:17,261714911.66155055
2025-01-01 00:29:18,256017890.72098973
2025-01-01 00:29:19,254227880.45134574
2025-01-01 00:29:20,253316179.35821533
2025-01-01 00:29:21,259391403.14835367
2025-01-01 00:29:22,252725997.92167738
2025-01-01 00:29:23,250852321.6430449
2025-01-01 00:29:24,251506275.2027511
2025-01-01 00:29:25,254979090.60301346
2025-01-01 00:29:26,252064707.3586092
2025-01-01 00:29:27,251217759.84301847
2025-01-01 00:29:28,249728927.09483585
2025-01-01 00:29:29,251543184.53133464
2025-01-01 00:29:30,251991091.3530098
2025-01-01 00:29:31,252668682.84104568
2025-01-01 00:29:32,245764345.10176158
2025-01-01 00:29:33,243895733.63835096
2025-01-01 00:29:34,257044725.84514996
2025-01-01 00:29:35,253352611.32441747
2025-01-01 00:29:36,258735347.82064688
2025-01-01 00:29:37,256703649.74953827
2025-01-01 00:29:38,252894330.19029367
2025-01-01 00:29:39,247801905.5418872
2025-01-01 00:29:40,248534229.23893958
2025-01-01 00:29:41,248357669.84611383
2025-01-01 00:29:42,246689424.25078875
2025-01-01 00:29:43,243663263.90254107
2025-01-01 00:29:44,244039588.4057425
2025-01-01 00:29:45,240853056.2178321
2025-01-01 00:29:46,241643851.46488258
2025-01-01 00:29:47,248791104.4395073
2025-01-01 00:29:48,245127242.10013038
2025-01-01 00:29:49,248622206.7137528
2025-01-01 00:29:50,247318314.09624147
2025-01-01 00:29:51,251134623.05542406
2025-01-01 00:29:52,253867423.61455846
2025-01-01 00:29:53,256018987.2526921
2025-01-01 00:29:54,250351726.79940662
2025-01-01 00:29:55,252617307.12669533
2025-01-01 00:29:56,256043824.46325734
2025-01-01 00:29:57,258350653.66744494
2025-01-01 00:29:58,254956298.85917243
2025-01-01 00:29:59,259987158.72059575
2025-01-01 00:30:00,250034521.98379272
2025-01-01 00:30:01,258561928.09335607
2025-01-01 00:30:02,258560816.8263393
2025-01-01 00:30:03,254369177.9034707
2025-01-01 00:30:04,255199811.12002552
2025-01-01 00:30:05,260670240.55622643
2025-01-01 00:30:06,258353215.07397702
2025-01-01 00:30:07,248934480.5172691
2025-01-01 00:30:08,250087450.34574577
2025-01-01 00:30:09,251765248.98922116
2025-01-01 00:30:10,254248135.53947887
2025-01-01 00:30:11,250736103.07268655
2025-01-01 00:30:12,251539554.69547462
2025-01-01 00:30:13,248385551.84816277
2025-01-01 00:30:14,250289531.03605363
2025-01-01 00:30:15,250046590.87844446
2025-01-01 00:30:16,246170161.90298274
2025-01-01 00:30:17,248838885.79727635
2025-01-01 00:30:18,241333120.2079089
2025-01-01 00:30:19,241745559.35245645
2025-01-01 00:30:20,241527488.88579345
2025-01-01 00:30:21,243629723.384518
2025-01-01 00:30:22,246114237.15753153
2025-01-01 00:30:23,244479398.1435405
2025-01-01 00:30:24,249638417.75298032
2025-01-01 00:30:25,250533581.12058458
2025-01-01 00:30:26,249886896.17980707
2025-01-01 00:30:27,252892091.5400772
2025-01-01 00:30:28,255870056.18705872
2025-01-01 00:30:29,249721840.70905995
2025-01-01 00:30:30,247291644.6527629
2025-01-01 00:30:31,252884383.9097908
2025-01-01 00:30:32,259375839.3981493
2025-01-01 00:30:33,254834864.64846784
2025-01-01 00:30:34,254995149.14736938
2025-01-01 00:30:35,255709052.26295736
2025-01-01 00:30:36,248838342.83753732
2025-01-01 00:30:37,248858013.36689383
2025-01-01 00:30:38,250596499.6880516
2025-01-01 00:30:39,243724913.3964224
2025-01-01 00:30:40,249917685.26366195
2025-01-01 00:30:41,247651193.0344909
2025-01-01 00:30:42,250123135.60611665
2025-01-01 00:30:43,247676767.99642685
2025-01-01 00:30:44,245078930.37772283
2025-01-01 00:30:45,246800487.61495617
2025-01-01 00:30:46,246311686.58405614
2025-01-01 00:30:47,245400174.4573998
2025-01-01 00:30:48,247526652.48868424
2025-01-01 00:30:49,248074587.8108728
2025-01-01 00:30:50,244939980.31902084
2025-01-01 00:30:51,246721653.31096584
2025-01-01 00:30:52,241925848.45736563
2025-01-01 00:30:53,243079121.2151171
2025-01-01 00:30:54,246665667.34453773
2025-01-01 00:30:55,248606230.2994901
2025-01-01 00:30:56,252108210.68031645
2025-01-01 00:30:57,247512607.00617877
2025-01-01 00:30:58,250893795.8783572
2025-01-01 00:30:59,249595443.89751455
2025-01-01 00:31:00,244260166.53524357
2025-01-01 00:31:01,240087516.84202662
2025-01-01 00:31:02,250721112.35256717
2025-01-01 00:31:03,245227500.1734415
2025-01-01 00:31:04,243729006.16232756
2025-01-01 00:31:05,248641200.07651764
2025-01-01 00:31:06,244172649.19898888
2025-01-01 00:31:07,247828343.8688668
2025-01-01 00:31:08,245194423.3258173
2025-01-01 00:31:09,245411088.89236376
2025-01-01 00:31:10,243137239.63359827
2025-01-01 00:31:11,241030356.03458738
2025-01-01 00:31:12,243341264.8070698
2025-01-01 00:31:13,244353199.76768506
2025-01-01 00:31:14,241126180.73312205
2025-01-01 00:31:15,245793298.1605345
2025-01-01 00:31:16,247605595.41664997
2025-01-01 00:31:17,239040452.72557595
2025-01-01 00:31:18,245934395.4846481
2025-01-01 00:31:19,245454731.95519754
2025-01-01 00:31:20,248094326.43822947
2025-01-01 00:31:21,245787569.9900069
2025-01-01 00:31:22,243684276.06423894
2025-01-01 00:31:23,244662969.03659487
2025-01-01 00:31:24,245504635.4853407
2025-01-01 00:31:25,247662300.43492398
2025-01-01 00:31:26,245201195.22391042
2025-01-01 00:31:27,241908092.41044235
2025-01-01 00:31:28,233778990.21940038
2025-01-01 00:31:29,247351241.99476832
2025-01-01 00:31:30,244174519.0954812
2025-01-01 00:31:31,245804459.87439317
2025-01-01 00:31:32,250726187.37952098
2025-01-01 00:31:33,252055150.90742847
2025-01-01 00:31:34,243093542.99580672
2025-01-01 00:31:35,241725104.4248792
2025-01-01 00:31:36,250462608.93999988
2025-01-01 00:31:37,244831107.51922596
2025-01-01 00:31:38,241211577.251137
2025-01-01 00:31:39,242553322.08791786
2025-01-01 00:31:40,239661609.64496657
2025-01-01 00:31:41,241669501.44342628
2025-01-01 00:31:42,246031847.7208266
2025-01-01 00:31:43,244837679.13755855
2025-01-01 00:31:44,245565186.13526532
2025-01-01 00:31:45,248807086.5403579
2025-01-01 00:31:46,251363528.36878404
2025-01-01 00:31:47,247290005.53261402
2025-01-01 00:31:48,252003664.9562985
2025-01-01 00:31:49,245637878.6543719
2025-01-01 00:31:50,248698341.37433282
2025-01-01 00:31:51,251071409.31264484
2025-01-01 00:31:52,251067088.62635922
2025-01-01 00:31:53,244941357.68909702
2025-01-01 00:31:54,245683456.84422958
2025-01-01 00:31:55,243961742.0684158
2025-01-01 00:31:56,244502644.5109206
2025-01-01 00:31:57,245109103.6235375
2025-01-01 00:31:58,251752065.42938942
2025-01-01 00:31:59,250626756.13878718
2025-01-01 00:32:00,245889547.31245077
2025-01-01 00:32:01,245624302.5422259
2025-01-01 00:32:02,239321385.82507333
2025-01-01 00:32:03,246458481.09909275
2025-01-01 00:32:04,246759627.37006104
2025-01-01 00:32:05,246333883.23081407
2025-01-01 00:32:06,251350262.461664
2025-01-01 00:32:07,254211632.7260683
2025-01-01 00:32:08,248109526.87672898
2025-01-01 00:32:09,249448200.22521073
2025-01-01 00:32:10,249546468.02302113
2025-01-01 00:32:11,248020195.5359903
2025-01-01 00:32:12,249634896.43344292
2025-01-01 00:32:13,252409755.9448851
2025-01-01 00:32:14,251366163.4299474
2025-01-01 00:32:15,253460086.169805
2025-01-01 00:32:16,250546201.58919898
2025-01-01 00:32:17,250052301.87631696
2025-01-01 00:32:18,254136010.5200415
2025-01-01 00:32:19,254727573.65048847
2025-01-01 00:32:20,251957795.40969807
2025-01-01 00:32:21,247163176.46409652
2025-01-01 00:32:22,247642196.85308444
2025-01-01 00:32:23,245419406.52058885
2025-01-01 00:32:24,247765024.1294464
2025-01-01 00:32:25,254204724.48438296
2025-01-01 00:32:26,251747014.06930035
2025-01-01 00:32:27,256319503.1521891
2025-01-01 00:32:28,255225758.48737323
2025-01-01 00:32:29,257947488.9207022
2025-01-01 00:32:30,253581530.1085013
2025-01-01 00:32:31,254387647.11224166
2025-01-01 00:32:32,252665554.52116883
2025-01-01 00:32:33,254807747.87152085
2025-01-01 00:32:34,256623680.888692
2025-01-01 00:32:35,253082107.63530588
2025-01-01 00:32:36,258518465.884139
2025-01-01 00:32:37,250091418.46776766
2025-01-01 00:32:38,252941828.78253424
2025-01-01 00:32:39,251864348.87316453
2025-01-01 00:32:40,250723122.17754826
2025-01-01 00:32:41,249078348.5634038
2025-01-01 00:32:42,245795995.99103677
2025-01-01 00:32:43,251387421.62266406
2025-01-01 00:32:44,251211230.1043312
2025-01-01 00:32:45,256648744.89825842
2025-01-01 00:32:46,257397016.75522384
2025-01-01 00:32:47,249860041.13096988
2025-01-01 00:32:48,251608260.28292376
2025-01-01 00:32:49,254587964.46034738
2025-01-01 00:32:50,251534514.92247313
2025-01-01 00:32:51,250433563.81073728
2025-01-01 00:32:52,259126475.81201646
2025-01-01 00:32:53,251199426.9446077
2025-01-01 00:32:54,253323504.2880433
2025-01-01 00:32:55,249034279.97938114
2025-01-01 00:32:56,246351838.93201566
2025-01-01 00:32:57,248330921.09264818
2025-01-01 00:32:58,245528503.50749213
2025-01-01 00:32:59,246493584.1240831
2025-01-01 00:33:00,252189761.6171409
2025-01-01 00:33:01,250066136.05025768
2025-01-01 00:33:02,253412562.34700814
2025-01-01 00:33:03,254630033.19781274
2025-01-01 00:33:04,254509907.3436086
2025-01-01 00:33:05,255316672.11547437
2025-01-01 00:33:06,255495708.80004647
2025-01-01 00:33:07,248396196.23340923
2025-01-01 00:33:08,250054532.11076838
2025-01-01 00:33:09,251929711.56330577
2025-01-01 00:33:10,253185629.7000927
2025-01-01 00:33:11,248936571.1597502
2025-01-01 00:33:12,246973336.2260804
2025-01-01 00:33:13,242455815.44033667
2025-01-01 00:33:14,247417259.7936031
2025-01-01 00:33:15,246760962.361981
2025-01-01 00:33:16,239315233.34135318
2025-01-01 00:33:17,246325090.58138523
2025-01-01 00:33:18,240666283.4737831
2025-01-01 00:33:19,239439013.77892324
2025-01-01 00:33:20,239380521.84298614
2025-01-01 00:33:21,243356630.10182497
2025-01-01 00:33:22,248277976.49246576
2025-01-01 00:33:23,247709971.55622855
2025-01-01 00:33:24,247122928.666658
2025-01-01 00:33:25,244286143.77497023
2025-01-01 00:33:26,244550041.7124895
2025-01-01 00:33:27,246301857.47352743
2025-01-01 00:33:28,246425504.48296425
2025-01-01 00:33:29,246161267.663083
2025-01-01 00:33:30,245963503.57101756
2025-01-01 00:33:31,246255148.02914768
2025-01-01 00:33:32,240656861.7981884
2025-01-01 00:33:33,242274526.6880579
2025-01-01 00:33:34,246734375.14520994
2025-01-01 00:33:35,244947838.03980225
2025-01-01 00:33:36,244138760.25238052
2025-01-01 00:33:37,242323769.9204883
2025-01-01 00:33:38,247154595.05155694
2025-01-01 00:33:39,246012745.0799823
2025-01-01 00:33:40,247696538.43412107
2025-01-01 00:33:41,250297432.79289097
2025-01-01 00:33:42,251133446.4028505
2025-01-01 00:33:43,251777169.0769282
2025-01-01 00:33:44,255023759.8998665
2025-01-01 00:33:45,250133147.43656474
2025-01-01 00:33:46,251085177.24501097
2025-01-01 00:33:47,247501684.3446788
2025-01-01 00:33:48,249486486.89777339
2025-01-01 00:33:49,245106136.7209186
2025-01-01 00:33:50,248345419.62960246
2025-01-01 00:33:51,249453179.44855607
2025-01-01 00:33:52,256151280.26633283
2025-01-01 00:33:53,254606420.03886777
2025-01-01 00:33:54,247320118.7401305
2025-01-01 00:33:55,245473060.95911926
2025-01-01 00:33:56,240800841.97180986
2025-01-01 00:33:57,243553553.09830293
2025-01-01 00:33:58,257839430.68233883
2025-01-01 00:33:59,245269483.91745737
2025-01-01 00:34:00,250138415.8932974
2025-01-01 00:34:01,250477978.68687302
2025-01-01 00:34:02,249860966.43660176
2025-01-01 00:34:03,250115984.57958233
2025-01-01 00:34:04,248182854.17749348
2025-01-01 00:34:05,253670268.86438817
2025-01-01 00:34:06,247808426.88960227
2025-01-01 00:34:07,247638793.3339347
2025-01-01 00:34:08,244663260.68262288
2025-01-01 00:34:09,244015449.94946927
2025-01-01 00:34:10,254910641.33930877
2025-01-01 00:34:11,248235871.3836161
2025-01-01 00:34:12,250679277.00369
2025-01-01 00:34:13,251386260.82056817
2025-01-01 00:34:14,253364319.17902473
2025-01-01 00:34:15,256314406.8380434
2025-01-01 00:34:16,252520561.38769013
2025-01-01 00:34:17,251769917.3478004
2025-01-01 00:34:18,252575494.00617063
2025-01-01 00:34:19,244218239.6661324
2025-01-01 00:34:20,246146610.53428563
2025-01-01 00:34:21,245497989.24957123
2025-01-01 00:34:22,245674705.10567364
2025-01-01 00:34:23,248712675.07507718
2025-01-01 00:34:24,246307745.0902224
2025-01-01 00:34:25,245062404.96089366
2025-01-01 00:34:26,246269674.33351547
2025-01-01 00:34:27,248025784.84286913
2025-01-01 00:34:28,246859520.68196684
2025-01-01 00:34:29,247623901.5559486
2025-01-01 00:34:30,244613392.4521523
2025-01-01 00:34:31,248303237.9985807
2025-01-01 00:34:32,250355294.40164918
2025-01-01 00:34:33,246986115.38706335
2025-01-01 00:34:34,250377220.32856753
2025-01-01 00:34:35,243846340.55989227
2025-01-01 00:34:36,244945540.33378518
2025-01-01 00:34:37,245123734.2779068
2025-01-01 00:34:38,251136927.193249
2025-01-01 00:34:39,246782259.1911945
2025-01-01 00:34:40,246806066.4988402
2025-01-01 00:34:41,243493063.80937377
2025-01-01 00:34:42,247233912.961422
2025-01-01 00:34:43,249898960.37085146
2025-01-01 00:34:44,241341294.26865593
2025-01-01 00:34:45,243353710.0277058
2025-01-01 00:34:46,242539163.50686085
2025-01-01 00:34:47,244113504.13891432
2025-01-01 00:34:48,255885783.17316478
2025-01-01 00:34:49,252263787.39408436
2025-01-01 00:34:50,248904080.28097498
2025-01-01 00:34:51,246859592.52484235
2025-01-01 00:34:52,244605457.9880315
2025-01-01 00:34:53,250188711.1583842
2025-01-01 00:34:54,251472171.44416437
2025-01-01 00:34:55,252425647.0925179
2025-01-01 00:34:56,252173057.5850238
2025-01-01 00:34:57,254505528.06623274
2025-01-01 00:34:58,254168335.42913538
2025-01-01 00:34:59,252496701.52431598
2025-01-01 00:35:00,252578069.77331302
2025-01-01 00:35:01,250525326.0345353
2025-01-01 00:35:02,254742760.7986756
2025-01-01 00:35:03,254729129.55036283
2025-01-01 00:35:04,254777984.9069698
2025-01-01 00:35:05,259067997.1323634
2025-01-01 00:35:06,253083745.39453644
2025-01-01 00:35:07,253938026.2050704
2025-01-01 00:35:08,247526297.0366698
2025-01-01 00:35:09,250625747.6938763
2025-01-01 00:35:10,247138828.6370866
2025-01-01 00:35:11,255874911.3139297
2025-01-01 00:35:12,254768097.08330575
2025-01-01 00:35:13,254213626.62359342
2025-01-01 00:35:14,252964859.19717816
2025-01-01 00:35:15,251421740.3349444
2025-01-01 00:35:16,245358728.5769536
2025-01-01 00:35:17,249759423.3997229
2025-01-01 00:35:18,250672962.62362835
2025-01-01 00:35:19,252879469.6891914
2025-01-01 00:35:20,248258549.78153712
2025-01-01 00:35:21,252628145.20838946
2025-01-01 00:35:22,250050641.35993415
2025-01-01 00:35:23,247891122.78863785
2025-01-01 00:35:24,251584128.06695879
2025-01-01 00:35:25,245574429.11612862
2025-01-01 00:35:26,250430363.4555563
2025-01-01 00:35:27,251301236.22432393
2025-01-01 00:35:28,252164546.45965952
2025-01-01 00:35:29,254279130.09701705
2025-01-01 00:35:30,252819839.10231066
2025-01-01 00:35:31,252438470.96025547
2025-01-01 00:35:32,249088408.58302438
2025-01-01 00:35:33,252730843.67487308
2025-01-01 00:35:34,254092457.91535705
2025-01-01 00:35:35,257905591.54651737
2025-01-01 00:35:36,250995424.69070366
2025-01-01 00:35:37,246891314.93790546
2025-01-01 00:35:38,246281249.73079592
2025-01-01 00:35:39,249302631.8781458
2025-01-01 00:35:40,250575529.4768178
2025-01-01 00:35:41,245129584.16139373
2025-01-01 00:35:42,247137354.727191
2025-01-01 00:35:43,243425639.24440947
2025-01-01 00:35:44,245875475.29747006
2025-01-01 00:35:45,250686889.2589905
2025-01-01 00:35:46,248133784.57435375
2025-01-01 00:35:47,248994642.4570353
2025-01-01 00:35:48,250163013.03214642
2025-01-01 00:35:49,251716972.8692761
2025-01-01 00:35:50,253574227.0085793
2025-01-01 00:35:51,251335532.3805563
2025-01-01 00:35:52,250435325.56463334
2025-01-01 00:35:53,249923212.28747278
2025-01-01 00:35:54,250365257.83893284
2025-01-01 00:35:55,246278871.51434198
2025-01-01 00:35:56,246785675.55665267
2025-01-01 00:35:57,252139203.0312054
2025-01-01 00:35:58,256239928.00380757
2025-01-01 00:35:59,260505833.04477915
2025-01-01 00:36:00,259834817.4179023
2025-01-01 00:36:01,255624247.233794
2025-01-01 00:36:02,255831266.12485513
2025-01-01 00:36:03,251354735.34837183
2025-01-01 00:36:04,253541325.64330712
2025-01-01 00:36:05,255217782.31841016
2025-01-01 00:36:06,252393013.56409806
2025-01-01 00:36:07,256793727.11226234
2025-01-01 00:36:08,248759878.3075764
2025-01-01 00:36:09,251489557.92809603
2025-01-01 00:36:10,259042101.22619724
2025-01-01 00:36:11,253601786.32617497
2025-01-01 00:36:12,254753772.60467258
2025-01-01 00:36:13,256014121.3351726
2025-01-01 00:36:14,249381872.45130304
2025-01-01 00:36:15,254039133.17237675
2025-01-01 00:36:16,261220081.54233208
2025-01-01 00:36:17,260835388.15994644
2025-01-01 00:36:18,250255095.21982712
2025-01-01 00:36:19,253975144.87806302
2025-01-01 00:36:20,256230905.2172186
2025-01-01 00:36:21,257045172.1942336
2025-01-01 00:36:22,258466577.67846864
2025-01-01 00:36:23,249509834.08951333
2025-01-01 00:36:24,247039524.74028075
2025-01-01 00:36:25,251341793.74709994
2025-01-01 00:36:26,246972103.92034867
2025-01-01 00:36:27,251097539.37125653
2025-01-01 00:36:28,253298678.2580674
2025-01-01 00:36:29,257840731.21860775
2025-01-01 00:36:30,254780569.34240568
2025-01-01 00:36:31,252081828.21437913
2025-01-01 00:36:32,255830944.0945627
2025-01-01 00:36:33,254454988.08980575
2025-01-01 00:36:34,256101444.4463881
2025-01-01 00:36:35,254457359.22570428
2025-01-01 00:36:36,247389579.56424293
2025-01-01 00:36:37,251462155.76505256
2025-01-01 00:36:38,247802919.3881407
2025-01-01 00:36:39,251695641.83293095
2025-01-01 00:36:40,254406869.46849427
2025-01-01 00:36:41,251252305.21784806
2025-01-01 00:36:42,248906788.93313226
2025-01-01 00:36:43,252631907.27877098
2025-01-01 00:36:44,249943691.0344175
2025-01-01 00:36:45,251250009.2575924
2025-01-01 00:36:46,247909125.75043967
2025-01-01 00:36:47,248782767.7983819
2025-01-01 00:36:48,249576303.02067447
2025-01-01 00:36:49,248668338.40200526
2025-01-01 00:36:50,244732391.33887774
2025-01-01 00:36:51,250818377.25487185
2025-01-01 00:36:52,249756362.12128076
2025-01-01 00:36:53,248680971.85869828
2025-01-01 00:36:54,251838774.74123573
2025-01-01 00:36:55,251439898.376736
2025-01-01 00:36:56,244542208.9529211
2025-01-01 00:36:57,250788289.45620033
2025-01-01 00:36:58,251259483.56741992
2025-01-01 00:36:59,252789991.9405677
2025-01-01 00:37:00,251449031.29959995
2025-01-01 00:37:01,246092090.596248
2025-01-01 00:37:02,243716298.6752942
2025-01-01 00:37:03,248387417.36037946
2025-01-01 00:37:04,244724759.70095047
2025-01-01 00:37:05,243880848.34032452
2025-01-01 00:37:06,247820517.5138928
2025-01-01 00:37:07,246956578.19695315
2025-01-01 00:37:08,248335356.02218807
2025-01-01 00:37:09,248412843.74286124
2025-01-01 00:37:10,242430449.52417266
2025-01-01 00:37:11,243315461.78230247
2025-01-01 00:37:12,250673833.83973628
2025-01-01 00:37:13,249319472.33252275
2025-01-01 00:37:14,245486157.40787274
2025-01-01 00:37:15,251219860.03183746
2025-01-01 00:37:16,249022649.3876103
2025-01-01 00:37:17,244082171.08052805
2025-01-01 00:37:18,241789744.74040478
2025-01-01 00:37:19,244848359.12500012
2025-01-01 00:37:20,244445164.54243693
2025-01-01 00:37:21,245071429.22271758
2025-01-01 00:37:22,249132112.07116637
2025-01-01 00:37:23,253022027.69203767
2025-01-01 00:37:24,255142130.13071322
2025-01-01 00:37:25,261647421.2251551
2025-01-01 00:37:26,255274037.79408222
2025-01-01 00:37:27,247143836.0486286
2025-01-01 00:37:28,249996867.0448193
2025-01-01 00:37:29,251359461.4737399
2025-01-01 00:37:30,251177990.79736823
2025-01-01 00:37:31,247414038.40200475
2025-01-01 00:37:32,249316341.75435057
2025-01-01 00:37:33,242703416.31694782
2025-01-01 00:37:34,246398483.21297085
2025-01-01 00:37:35,239496973.07118776
2025-01-01 00:37:36,239267324.9695431
2025-01-01 00:37:37,242517953.49964595
2025-01-01 00:37:38,243461394.88748533
2025-01-01 00:37:39,246980105.36115044
2025-01-01 00:37:40,248449927.8186413
2025-01-01 00:37:41,247793375.15321958
2025-01-01 00:37:42,245460529.51477623
2025-01-01 00:37:43,249496587.1316813
2025-01-01 00:37:44,248513993.57503715
2025-01-01 00:37:45,246770974.34760118
2025-01-01 00:37:46,245244921.6468731
2025-01-01 00:37:47,244666649.73773822
2025-01-01 00:37:48,250083602.0580573
2025-01-01 00:37:49,252694723.20537943
2025-01-01 00:37:50,254216563.18604165
2025-01-01 00:37:51,251704280.52149418
2025-01-01 00:37:52,250553272.3124975
2025-01-01 00:37:53,249185614.25851068
2025-01-01 00:37:54,253280301.07954192
2025-01-01 00:37:55,248066923.26796427
2025-01-01 00:37:56,245781879.27195722
2025-01-01 00:37:57,245122821.31524807
2025-01-01 00:37:58,251539921.22090676
2025-01-01 00:37:59,242998934.94542676
2025-01-01 00:38:00,245711447.82063174
2025-01-01 00:38:01,248067930.91924965
2025-01-01 00:38:02,244402772.53315708
2025-01-01 00:38:03,243290772.20990986
2025-01-01 00:38:04,244451132.01407003
2025-01-01 00:38:05,245965264.593573
2025-01-01 00:38:06,250908163.36421448
2025-01-01 00:38:07,247707878.01853976
2025-01-01 00:38:08,243074556.28705475
2025-01-01 00:38:09,243700383.6000972
2025-01-01 00:38:10,238339771.69885248
2025-01-01 00:38:11,242063787.71937898
2025-01-01 00:38:12,249728667.09306255
2025-01-01 00:38:13,247901682.97750914
2025-01-01 00:38:14,245527278.09713316
2025-01-01 00:38:15,246972657.05125666
2025-01-01 00:38:16,246869898.2830665
2025-01-01 00:38:17,246906550.05836287
2025-01-01 00:38:18,240890493.66937435
2025-01-01 00:38:19,240963151.3559416
2025-01-01 00:38:20,245040387.72230253
2025-01-01 00:38:21,249466358.94604105
2025-01-01 00:38:22,246223693.18156052
2025-01-01 00:38:23,243992671.7385838
2025-01-01 00:38:24,240696680.99836463
2025-01-01 00:38:25,241714386.06817445
2025-01-01 00:38:26,244683521.24988088
2025-01-01 00:38:27,244214380.7563266
2025-01-01 00:38:28,239343426.72677302
2025-01-01 00:38:29,244836315.17478853
2025-01-01 00:38:30,243957295.5430276
2025-01-01 00:38:31,245467079.40457827
2025-01-01 00:38:32,249658336.85613644
2025-01-01 00:38:33,250446445.890047
2025-01-01 00:38:34,246544662.3300868
2025-01-01 00:38:35,247256700.74538812
2025-01-01 00:38:36,241280558.65230227
2025-01-01 00:38:37,241126136.0747094
2025-01-01 00:38:38,241613848.35595164
2025-01-01 00:38:39,241097261.96076643
2025-01-01 00:38:40,243196480.59613883
2025-01-01 00:38:41,242180195.61898017
2025-01-01 00:38:42,248578409.7868077
2025-01-01 00:38:43,249431281.74912137
2025-01-01 00:38:44,253373415.72869763
2025-01-01 00:38:45,259843576.77091384
2025-01-01 00:38:46,254887017.7265003
2025-01-01 00:38:47,249696108.35566574
2025-01-01 00:38:48,251641071.81668624
2025-01-01 00:38:49,254821445.18531913
2025-01-01 00:38:50,248054156.3060542
2025-01-01 00:38:51,252397891.4238769
2025-01-01 00:38:52,242861311.65950975
2025-01-01 00:38:53,253454593.03879306
2025-01-01 00:38:54,251005599.94995502
2025-01-01 00:38:55,254723310.69036046
2025-01-01 00:38:56,255595738.71216708
2025-01-01 00:38:57,251501773.75652993
2025-01-01 00:38:58,253375061.93707487
2025-01-01 00:38:59,249586723.10525754
2025-01-01 00:39:00,244557585.5616685
2025-01-01 00:39:01,256679870.71521476
2025-01-01 00:39:02,250046019.716342
2025-01-01 00:39:03,247672179.62924677
2025-01-01 00:39:04,248543482.38849342
2025-01-01 00:39:05,245420529.05974242
2025-01-01 00:39:06,247463991.3210117
2025-01-01 00:39:07,252555954.89809594
2025-01-01 00:39:08,252295418.06632915
2025-01-01 00:39:09,255962800.84013188
2025-01-01 00:39:10,256739037.1217016
2025-01-01 00:39:11,247245583.5664937
2025-01-01 00:39:12,252345986.19701228
2025-01-01 00:39:13,254909238.61470127
2025-01-01 00:39:14,256878014.74828258
2025-01-01 00:39:15,247245945.13202965
2025-01-01 00:39:16,250111214.43207365
2025-01-01 00:39:17,247056792.42301267
2025-01-01 00:39:18,248085599.1390481
2025-01-01 00:39:19,244244099.11774772
2025-01-01 00:39:20,242839796.32728687
2025-01-01 00:39:21,246630097.52417746
2025-01-01 00:39:22,247817114.952642
2025-01-01 00:39:23,244606732.76216403
2025-01-01 00:39:24,249990130.25479645
2025-01-01 00:39:25,254962726.4936362
2025-01-01 00:39:26,254182834.4481073
2025-01-01 00:39:27,257585165.80211198
2025-01-01 00:39:28,252752974.66749907
2025-01-01 00:39:29,254662402.70101526
2025-01-01 00:39:30,253309651.080423
2025-01-01 00:39:31,254883964.31133014
2025-01-01 00:39:32,257496079.21131292
2025-01-01 00:39:33,249618396.83235985
2025-01-01 00:39:34,255859477.4524254
2025-01-01 00:39:35,255601113.04979363
2025-01-01 00:39:36,259474500.6970702
2025-01-01 00:39:37,255888971.8451578
2025-01-01 00:39:38,252126562.54712874
2025-01-01 00:39:39,255144458.83305007
2025-01-01 00:39:40,253224760.55451533
2025-01-01 00:39:41,252873828.0552775
2025-01-01 00:39:42,248322602.87318832
2025-01-01 00:39:43,252003731.04036772
2025-01-01 00:39:44,252377839.39117345
2025-01-01 00:39:45,254982340.16403785
2025-01-01 00:39:46,260946951.67476586
2025-01-01 00:39:47,257199384.13011277
2025-01-01 00:39:48,251374994.13169143
2025-01-01 00:39:49,252267960.34485552
2025-01-01 00:39:50,245534438.57408592
2025-01-01 00:39:51,240096140.9341753
2025-01-01 00:39:52,238875018.4995183
2025-01-01 00:39:53,249141820.66251397
2025-01-01 00:39:54,245109597.1131199
2025-01-01 00:39:55,244311379.27488
2025-01-01 00:39:56,250873291.60199034
2025-01-01 00:39:57,244493115.05275
2025-01-01 00:39:58,245405494.08156267
2025-01-01 00:39:59,245504213.48562303
2025-01-01 00:40:00,246306083.8114252
2025-01-01 00:40:01,245868283.56485647
2025-01-01 00:40:02,244536801.16136274
2025-01-01 00:40:03,251363700.444389
2025-01-01 00:40:04,243438738.3723092
2025-01-01 00:40:05,250339114.50002006
2025-01-01 00:40:06,239942543.29549357
2025-01-01 00:40:07,248026728.2674854
2025-01-01 00:40:08,249713282.39945206
2025-01-01 00:40:09,249686233.43507078
2025-01-01 00:40:10,241213729.5610619
2025-01-01 00:40:11,240077504.02473265
2025-01-01 00:40:12,246270554.89166287
2025-01-01 00:40:13,247928067.32318014
2025-01-01 00:40:14,247047172.10275975
2025-01-01 00:40:15,248525011.72162238
2025-01-01 00:40:16,242878750.04201397
2025-01-01 00:40:17,245674886.16442415
2025-01-01 00:40:18,241651741.487653
2025-01-01 00:40:19,245577676.91306207
2025-01-01 00:40:20,237652769.23552755
2025-01-01 00:40:21,239061658.2294051
2025-01-01 00:40:22,237095052.45600393
2025-01-01 00:40:23,236274730.25346625
2025-01-01 00:40:24,243793514.84286144
2025-01-01 00:40:25,249882622.45425949
2025-01-01 00:40:26,247908934.1077224
2025-01-01 00:40:27,248127699.70819953
2025-01-01 00:40:28,242324859.17664418
2025-01-01 00:40:29,247394111.8714174
2025-01-01 00:40:30,245382426.8786293
2025-01-01 00:40:31,241934585.56399947
2025-01-01 00:40:32,250904119.39397836
2025-01-01 00:40:33,250639508.96788538
2025-01-01 00:40:34,244055166.6913907
2025-01-01 00:40:35,247080452.6741663
2025-01-01 00:40:36,253440552.20978907
2025-01-01 00:40:37,252358994.57409096
2025-01-01 00:40:38,249371959.25755668
2025-01-01 00:40:39,248908569.2280505
2025-01-01 00:40:40,245258341.82598191
2025-01-01 00:40:41,245369046.94367057
2025-01-01 00:40:42,250580097.85789955
2025-01-01 00:40:43,250690553.13555238
2025-01-01 00:40:44,247319224.29932955
2025-01-01 00:40:45,240937822.9765275
2025-01-01 00:40:46,238253351.0209837
2025-01-01 00:40:47,244251240.68936065
2025-01-01 00:40:48,250660519.92393342
2025-01-01 00:40:49,245765846.17150682
2025-01-01 00:40:50,246868284.6818683
2025-01-01 00:40:51,241811716.98453408
2025-01-01 00:40:52,240674509.31784287
2025-01-01 00:40:53,242825549.34108657
2025-01-01 00:40:54,244917102.54288775
2025-01-01 00:40:55,244999786.06770355
2025-01-01 00:40:56,250008756.20645094
2025-01-01 00:40:57,251966605.36687204
2025-01-01 00:40:58,252141943.99551615
2025-01-01 00:40:59,244732476.7462951
2025-01-01 00:41:00,246569109.7340946
2025-01-01 00:41:01,249385900.91376272
2025-01-01 00:41:02,253605448.63559517
2025-01-01 00:41:03,249128296.17401576
2025-01-01 00:41:04,247445748.4159384
2025-01-01 00:41:05,248527576.6945756
2025-01-01 00:41:06,244977213.22175086
2025-01-01 00:41:07,246403461.35164374
2025-01-01 00:41:08,255305689.54455248
2025-01-01 00:41:09,251793432.4160724
2025-01-01 00:41:10,247483077.28927922
2025-01-01 00:41:11,254696973.05188584
2025-01-01 00:41:12,251559706.36769053
2025-01-01 00:41:13,250393056.3384706
2025-01-01 00:41:14,254894892.85949412
2025-01-01 00:41:15,255656811.61628118
2025-01-01 00:41:16,251482180.0854379
2025-01-01 00:41:17,243114461.41440865
2025-01-01 00:41:18,240341237.6687861
2025-01-01 00:41:19,248738387.76427418
2025-01-01 00:41:20,249170460.0192993
2025-01-01 00:41:21,244212825.7524914
2025-01-01 00:41:22,247540324.4799745
2025-01-01 00:41:23,246408158.05178908
2025-01-01 00:41:24,245567752.9523523
2025-01-01 00:41:25,253522037.69063953
2025-01-01 00:41:26,251544722.7580271
2025-01-01 00:41:27,239559684.35474232
2025-01-01 00:41:28,240204498.0935748
2025-01-01 00:41:29,247772312.77436203
2025-01-01 00:41:30,249356950.25158522
2025-01-01 00:41:31,247708034.2810991
2025-01-01 00:41:32,248484507.45156878
2025-01-01 00:41:33,248296849.03502175
2025-01-01 00:41:34,247862811.43475798
2025-01-01 00:41:35,244852657.01265144
2025-01-01 00:41:36,247088387.2169352
2025-01-01 00:41:37,244475385.18616283
2025-01-01 00:41:38,241172642.8161983
2025-01-01 00:41:39,240454263.9100514
2025-01-01 00:41:40,239849270.45258927
2025-01-01 00:41:41,239097935.44356307
2025-01-01 00:41:42,242533402.24509838
2025-01-01 00:41:43,244367649.60818893
2025-01-01 00:41:44,241580013.74941885
2025-01-01 00:41:45,243812067.00903887
2025-01-01 00:41:46,243189743.69558963
2025-01-01 00:41:47,241908359.15327534
2025-01-01 00:41:48,241350118.59700808
2025-01-01 00:41:49,237152127.74380007
2025-01-01 00:41:50,241664419.70135337
2025-01-01 00:41:51,243643748.56343555
2025-01-01 00:41:52,249064614.31715298
2025-01-01 00:41:53,239047195.82883126
2025-01-01 00:41:54,239883180.35165003
2025-01-01 00:41:55,241067809.63974962
2025-01-01 00:41:56,240394784.02783015
2025-01-01 00:41:57,238449507.53850117
2025-01-01 00:41:58,244652032.48920715
2025-01-01 00:41:59,245329511.1359539
2025-01-01 00:42:00,242279866.49194598
2025-01-01 00:42:01,243322709.07533804
2025-01-01 00:42:02,238056677.66923624
2025-01-01 00:42:03,244591619.1929391
2025-01-01 00:42:04,243920173.9033956
2025-01-01 00:42:05,242071800.62981477
2025-01-01 00:42:06,242809127.50614062
2025-01-01 00:42:07,240914011.4108077
2025-01-01 00:42:08,241157906.39038914
2025-01-01 00:42:09,246672292.00741667
2025-01-01 00:42:10,250534390.41032788
2025-01-01 00:42:11,247655559.38696072
2025-01-01 00:42:12,249111687.80452862
2025-01-01 00:42:13,243159041.0907197
2025-01-01 00:42:14,246446182.32601032
2025-01-01 00:42:15,242629424.78849027
2025-01-01 00:42:16,246252323.77149495
2025-01-01 00:42:17,247665176.14457098
2025-01-01 00:42:18,241478585.6305125
2025-01-01 00:42:19,237448889.94849727
2025-01-01 00:42:20,244891865.28381196
2025-01-01 00:42:21,246428014.2279513
2025-01-01 00:42:22,243669566.28235176
2025-01-01 00:42:23,245268841.7481063
2025-01-01 00:42:24,241965358.26784158
2025-01-01 00:42:25,243402115.68590713
2025-01-01 00:42:26,238921655.20192656
2025-01-01 00:42:27,240219717.09937587
2025-01-01 00:42:28,245752759.04335058
2025-01-01 00:42:29,244792709.57375547
2025-01-01 00:42:30,247315693.21312463
2025-01-01 00:42:31,247807881.41154107
2025-01-01 00:42:32,251505410.86395878
2025-01-01 00:42:33,249248231.22121006
2025-01-01 00:42:34,250067970.4403433
2025-01-01 00:42:35,246358272.22784293
2025-01-01 00:42:36,244026999.1151581
2025-01-01 00:42:37,245685714.85875782
2025-01-01 00:42:38,246124179.65327495
2025-01-01 00:42:39,248866847.60333082
2025-01-01 00:42:40,246755820.1480456
2025-01-01 00:42:41,245788107.11278173
2025-01-01 00:42:42,251559910.0350105
2025-01-01 00:42:43,249377333.41122657
2025-01-01 00:42:44,243174462.57159144
2025-01-01 00:42:45,246762987.81167135
2025-01-01 00:42:46,247924114.20536563
2025-01-01 00:42:47,249348370.34211522
2025-01-01 00:42:48,252780923.19908136
2025-01-01 00:42:49,256224219.02942824
2025-01-01 00:42:50,248732431.89351434
2025-01-01 00:42:51,249566161.00084648
2025-01-01 00:42:52,240623117.36930725
2025-01-01 00:42:53,252392754.84195378
2025-01-01 00:42:54,253797717.92326438
2025-01-01 00:42:55,252849808.54120204
2025-01-01 00:42:56,251401751.98334783
2025-01-01 00:42:57,246514881.52095544
2025-01-01 00:42:58,251251819.91702628
2025-01-01 00:42:59,248943225.02587602
2025-01-01 00:43:00,248468406.76122928
2025-01-01 00:43:01,252984761.4197547
2025-01-01 00:43:02,251333163.71319416
2025-01-01 00:43:03,248941619.86005247
2025-01-01 00:43:04,248566147.7204503
2025-01-01 00:43:05,248431948.14600384
2025-01-01 00:43:06,250291599.6950228
2025-01-01 00:43:07,250234735.37748122
2025-01-01 00:43:08,247319950.9860683
2025-01-01 00:43:09,252480040.0222266
2025-01-01 00:43:10,246332090.54193822
2025-01-01 00:43:11,249534179.096383
2025-01-01 00:43:12,246814606.51394174
2025-01-01 00:43:13,250734949.25883505
2025-01-01 00:43:14,244904512.26321784
2025-01-01 00:43:15,245234486.88659164
2025-01-01 00:43:16,247841131.7754517
2025-01-01 00:43:17,245504468.25552216
2025-01-01 00:43:18,243007869.90809637
2025-01-01 00:43:19,242605793.66719913
2025-01-01 00:43:20,240476357.13292947
2025-01-01 00:43:21,243772894.96846426
2025-01-01 00:43:22,242735800.00748506
2025-01-01 00:43:23,245026545.92940643
2025-01-01 00:43:24,250515943.9388517
2025-01-01 00:43:25,248905134.38165635
2025-01-01 00:43:26,240480284.96426377
2025-01-01 00:43:27,246418914.70131987
2025-01-01 00:43:28,250369123.71173322
2025-01-01 00:43:29,249622832.63103062
2025-01-01 00:43:30,249325045.64966986
2025-01-01 00:43:31,246228230.7878454
2025-01-01 00:43:32,248355467.16533917
2025-01-01 00:43:33,248517450.93722048
2025-01-01 00:43:34,241638249.43395865
2025-01-01 00:43:35,244553100.4592626
2025-01-01 00:43:36,239725263.10766262
2025-01-01 00:43:37,247366329.39319134
2025-01-01 00:43:38,245162164.2707687
2025-01-01 00:43:39,240672922.01440614
2025-01-01 00:43:40,242941617.4015255
2025-01-01 00:43:41,247553576.78945303
2025-01-01 00:43:42,244351645.0998418
2025-01-01 00:43:43,248219083.87870464
2025-01-01 00:43:44,251291515.9424556
2025-01-01 00:43:45,242707474.79475677
2025-01-01 00:43:46,247138763.3681029
2025-01-01 00:43:47,248159161.63061455
2025-01-01 00:43:48,245281714.17535532
2025-01-01 00:43:49,240440710.65248546
2025-01-01 00:43:50,240040829.16949618
2025-01-01 00:43:51,243583323.87515703
2025-01-01 00:43:52,242512675.7621042
2025-01-01 00:43:53,241996161.58405387
2025-01-01 00:43:54,241368648.90770265
2025-01-01 00:43:55,246536231.0414589
2025-01-01 00:43:56,250457801.52108318
2025-01-01 00:43:57,243026185.19767746
2025-01-01 00:43:58,242583873.67311388
2025-01-01 00:43:59,242750625.99417517
2025-01-01 00:44:00,239070562.29878664
2025-01-01 00:44:01,241792967.60822082
2025-01-01 00:44:02,235601695.19267175
2025-01-01 00:44:03,237843770.74750683
2025-01-01 00:44:04,237711723.52156827
2025-01-01 00:44:05,236376834.7140349
2025-01-01 00:44:06,242835873.990864
2025-01-01 00:44:07,238749055.6767043
2025-01-01 00:44:08,233726726.8442697
2025-01-01 00:44:09,240728984.71171993
2025-01-01 00:44:10,241425656.04966876
2025-01-01 00:44:11,244304994.98038897
2025-01-01 00:44:12,242782346.55346978
2025-01-01 00:44:13,247738740.55610123
2025-01-01 00:44:14,248252063.94066116
2025-01-01 00:44:15,248975240.80694756
2025-01-01 00:44:16,252696506.6956627
2025-01-01 00:44:17,248710787.3901168
2025-01-01 00:44:18,249557896.50521773
2025-01-01 00:44:19,247077453.82412714
2025-01-01 00:44:20,247756382.69895673
2025-01-01 00:44:21,241225735.0299592
2025-01-01 00:44:22,238537709.5052104
2025-01-01 00:44:23,238762393.39854056
2025-01-01 00:44:24,240551087.68538138
2025-01-01 00:44:25,246081097.86363867
2025-01-01 00:44:26,249628900.9548218
2025-01-01 00:44:27,243271831.12531656
2025-01-01 00:44:28,247266921.998817
2025-01-01 00:44:29,242541111.71665728
2025-01-01 00:44:30,239141152.6380116
2025-01-01 00:44:31,240239271.627413
2025-01-01 00:44:32,238185931.83894745
2025-01-01 00:44:33,242344624.6232629
2025-01-01 00:44:34,243137788.87394348
2025-01-01 00:44:35,242568820.63248894
2025-01-01 00:44:36,240124946.0375925
2025-01-01 00:44:37,241527817.06888664
2025-01-01 00:44:38,242356024.86514243
2025-01-01 00:44:39,246649010.2268449
2025-01-01 00:44:40,238088509.71529636
2025-01-01 00:44:41,241411371.5886083
2025-01-01 00:44:42,244789153.46000576
2025-01-01 00:44:43,243346863.6991802
2025-01-01 00:44:44,245752381.4964966
2025-01-01 00:44:45,247557186.85643116
2025-01-01 00:44:46,244830344.1589378
2025-01-01 00:44:47,241083486.53886515
2025-01-01 00:44:48,237362743.55065963
2025-01-01 00:44:49,243486168.1283078
2025-01-01 00:44:50,238579939.67223594
2025-01-01 00:44:51,236681703.00039446
2025-01-01 00:44:52,241724780.04909408
2025-01-01 00:44:53,238695349.5855969
2025-01-01 00:44:54,236933797.71061474
2025-01-01 00:44:55,239183299.1954575
2025-01-01 00:44:56,244058755.07546398
2025-01-01 00:44:57,243331522.1095886
2025-01-01 00:44:58,246974676.5799937
2025-01-01 00:44:59,241260038.72445244
2025-01-01 00:45:00,248044002.26616964
2025-01-01 00:45:01,245837752.70447767
2025-01-01 00:45:02,246137868.33357927
2025-01-01 00:45:03,238431932.25117284
2025-01-01 00:45:04,242197391.72857225
2025-01-01 00:45:05,246079864.2957602
2025-01-01 00:45:06,243483858.30035022
2025-01-01 00:45:07,240828486.47635
2025-01-01 00:45:08,243907897.70928586
2025-01-01 00:45:09,246827679.2601414
2025-01-01 00:45:10,255410122.1678493
2025-01-01 00:45:11,251361214.28665274
2025-01-01 00:45:12,253129034.90189183
2025-01-01 00:45:13,247171613.32400882
2025-01-01 00:45:14,247133635.68675777
2025-01-01 00:45:15,252155654.07958183
2025-01-01 00:45:16,247123018.07075527
2025-01-01 00:45:17,247169736.45865846
2025-01-01 00:45:18,250162197.61665025
2025-01-01 00:45:19,251606079.81853127
2025-01-01 00:45:20,247684837.58868387
2025-01-01 00:45:21,243384936.608928
2025-01-01 00:45:22,247057014.98910186
2025-01-01 00:45:23,248878375.7331148
2025-01-01 00:45:24,251133976.40479478
2025-01-01 00:45:25,254706373.51056212
2025-01-01 00:45:26,250426666.67589536
2025-01-01 00:45:27,247033556.75509283
2025-01-01 00:45:28,243284128.97962242
2025-01-01 00:45:29,248038004.29623744
2025-01-01 00:45:30,240017618.34655282
2025-01-01 00:45:31,247148953.80631834
2025-01-01 00:45:32,246755732.0239339
2025-01-01 00:45:33,240063938.19781262
2025-01-01 00:45:34,252457335.2057946
2025-01-01 00:45:35,245511914.75475663
2025-01-01 00:45:36,245575128.38357753
2025-01-01 00:45:37,243541787.38610518
2025-01-01 00:45:38,245895484.64155677
2025-01-01 00:45:39,240020251.27550587
2025-01-01 00:45:40,239587918.71998438
2025-01-01 00:45:41,246055519.68220198
2025-01-01 00:45:42,250085373.45296508
2025-01-01 00:45:43,256422460.18845525
2025-01-01 00:45:44,248957229.6468209
2025-01-01 00:45:45,250753045.89931238
2025-01-01 00:45:46,247651271.5679628
2025-01-01 00:45:47,249372733.60313067
2025-01-01 00:45:48,253628248.9479777
2025-01-01 00:45:49,248689418.43775246
2025-01-01 00:45:50,247818197.00012147
2025-01-01 00:45:51,246596404.66970494
2025-01-01 00:45:52,245662583.4643828
2025-01-01 00:45:53,242551831.22357857
2025-01-01 00:45:54,249390242.37713647
2025-01-01 00:45:55,251524816.69953385
2025-01-01 00:45:56,247447607.99081358
2025-01-01 00:45:57,248554646.4974227
2025-01-01 00:45:58,253947271.01370472
2025-01-01 00:45:59,251936966.55857003
2025-01-01 00:46:00,256222774.85828453
2025-01-01 00:46:01,248547223.65026736
2025-01-01 00:46:02,253789960.55680317
2025-01-01 00:46:03,249739523.4919868
2025-01-01 00:46:04,249269078.61825112
2025-01-01 00:46:05,252624797.68377352
2025-01-01 00:46:06,247621494.50867674
2025-01-01 00:46:07,247684738.40130538
2025-01-01 00:46:08,246672673.3650112
2025-01-01 00:46:09,249438109.18148166
2025-01-01 00:46:10,252392801.65004084
2025-01-01 00:46:11,250072330.6453865
2025-01-01 00:46:12,256990477.93474984
2025-01-01 00:46:13,247210172.90492547
2025-01-01 00:46:14,251939752.94067377
2025-01-01 00:46:15,251624844.57637128
2025-01-01 00:46:16,249930506.1099958
2025-01-01 00:46:17,242629152.77304637
2025-01-01 00:46:18,248834731.87005347
2025-01-01 00:46:19,250771590.2554128
2025-01-01 00:46:20,253243762.35165256
2025-01-01 00:46:21,250287422.8126393
2025-01-01 00:46:22,251730965.81473693
2025-01-01 00:46:23,249413234.8651797
2025-01-01 00:46:24,249805723.22315902
2025-01-01 00:46:25,252278565.54788014
2025-01-01 00:46:26,259651767.1925826
2025-01-01 00:46:27,256463812.60791576
2025-01-01 00:46:28,250957504.68287134
2025-01-01 00:46:29,254041679.41741478
2025-01-01 00:46:30,252635916.89952773
2025-01-01 00:46:31,251093365.90912607
2025-01-01 00:46:32,246628564.41770735
2025-01-01 00:46:33,252253249.86452687
2025-01-01 00:46:34,245065562.93807626
2025-01-01 00:46:35,244488943.10538843
2025-01-01 00:46:36,247708363.68793425
2025-01-01 00:46:37,243466518.68333948
2025-01-01 00:46:38,247054274.1328495
2025-01-01 00:46:39,244799738.35968804
2025-01-01 00:46:40,237732991.94546735
2025-01-01 00:46:41,243572189.60116643
2025-01-01 00:46:42,241377377.79476947
2025-01-01 00:46:43,249036075.47283855
2025-01-01 00:46:44,248470111.85362
2025-01-01 00:46:45,249968039.71266717
2025-01-01 00:46:46,244591993.34830645
2025-01-01 00:46:47,241386143.28448284
2025-01-01 00:46:48,243072601.11115828
2025-01-01 00:46:49,246684757.53732127
2025-01-01 00:46:50,246080190.7207624
2025-01-01 00:46:51,247946317.07538974
2025-01-01 00:46:52,246920605.0207722
2025-01-01 00:46:53,248796307.38643754
2025-01-01 00:46:54,245241498.63611045
2025-01-01 00:46:55,253792726.65096006
2025-01-01 00:46:56,252554992.02941564
2025-01-01 00:46:57,254634633.68492603
2025-01-01 00:46:58,248494325.80273923
2025-01-01 00:46:59,252155401.7453477
2025-01-01 00:47:00,253180115.46448544
2025-01-01 00:47:01,252831927.45748055
2025-01-01 00:47:02,255915097.36050785
2025-01-01 00:47:03,248119184.49518454
2025-01-01 00:47:04,249094528.42006567
2025-01-01 00:47:05,253154074.38739204
2025-01-01 00:47:06,249048084.03132302
2025-01-01 00:47:07,246205865.40485737
2025-01-01 00:47:08,248862332.94160548
2025-01-01 00:47:09,250411499.75678355
2025-01-01 00:47:10,253162019.0438307
2025-01-01 00:47:11,252951789.08197796
2025-01-01 00:47:12,248399614.44084382
2025-01-01 00:47:13,246603431.6881669
2025-01-01 00:47:14,247500561.40656126
2025-01-01 00:47:15,251000543.29341128
2025-01-01 00:47:16,256250162.45269445
2025-01-01 00:47:17,253084286.12101716
2025-01-01 00:47:18,255040402.43885037
2025-01-01 00:47:19,253222169.96151292
2025-01-01 00:47:20,247414372.25098935
2025-01-01 00:47:21,255690386.86293697
2025-01-01 00:47:22,247334325.95842305
2025-01-01 00:47:23,246735946.77321354
2025-01-01 00:47:24,247311154.50025344
2025-01-01 00:47:25,248635905.13536838
2025-01-01 00:47:26,248076883.09143668
2025-01-01 00:47:27,248205879.70045018
2025-01-01 00:47:28,254051816.21488783
2025-01-01 00:47:29,248224633.58574352
2025-01-01 00:47:30,248891784.0032409
2025-01-01 00:47:31,252234273.95309454
2025-01-01 00:47:32,254450715.08932278
2025-01-01 00:47:33,257881416.14837924
2025-01-01 00:47:34,253035034.31270838
2025-01-01 00:47:35,252094724.99352613
2025-01-01 00:47:36,252704043.23015645
2025-01-01 00:47:37,250555006.67814067
2025-01-01 00:47:38,255020126.4790726
2025-01-01 00:47:39,256640268.99674582
2025-01-01 00:47:40,248360644.1250722
2025-01-01 00:47:41,250822665.39759803
2025-01-01 00:47:42,250166034.04989383
2025-01-01 00:47:43,251846669.45050004
2025-01-01 00:47:44,253305818.6604753
2025-01-01 00:47:45,256278504.76636514
2025-01-01 00:47:46,257569736.6570148
2025-01-01 00:47:47,262644303.11261138
2025-01-01 00:47:48,258515681.82833534
2025-01-01 00:47:49,252496609.00286245
2025-01-01 00:47:50,249975429.89299744
2025-01-01 00:47:51,249906806.6182326
2025-01-01 00:47:52,243850630.2363662
2025-01-01 00:47:53,248583084.91746265
2025-01-01 00:47:54,239478384.45893648
2025-01-01 00:47:55,243097152.2343807
2025-01-01 00:47:56,243280697.04303834
2025-01-01 00:47:57,250397646.27141356
2025-01-01 00:47:58,251490171.55363798
2025-01-01 00:47:59,248038597.66893265
2025-01-01 00:48:00,246857899.95605183
2025-01-01 00:48:01,247769865.14328974
2025-01-01 00:48:02,251725356.3804966
2025-01-01 00:48:03,246360346.6554855
2025-01-01 00:48:04,235605672.27050388
2025-01-01 00:48:05,239902177.87318808
2025-01-01 00:48:06,243354737.94528162
2025-01-01 00:48:07,242812062.7594144
2025-01-01 00:48:08,247549609.26994908
2025-01-01 00:48:09,243263507.62298307
2025-01-01 00:48:10,241230910.85257012
2025-01-01 00:48:11,237100172.31534857
2025-01-01 00:48:12,235907642.20139998
2025-01-01 00:48:13,241342814.11775193
2025-01-01 00:48:14,243323511.607633
2025-01-01 00:48:15,241588836.16032743
2025-01-01 00:48:16,244003115.08205503
2025-01-01 00:48:17,244605003.67024133
2025-01-01 00:48:18,244484124.70452696
2025-01-01 00:48:19,239336966.27951667
2025-01-01 00:48:20,245981706.73061123
2025-01-01 00:48:21,247000805.13236707
2025-01-01 00:48:22,250426594.69814226
2025-01-01 00:48:23,250641438.197807
2025-01-01 00:48:24,247026659.31786168
2025-01-01 00:48:25,249264166.07277587
2025-01-01 00:48:26,253452334.092151
2025-01-01 00:48:27,256022133.00187624
2025-01-01 00:48:28,248207910.49286935
2025-01-01 00:48:29,251537074.29647467
2025-01-01 00:48:30,246334108.93907648
2025-01-01 00:48:31,251061894.31043777
2025-01-01 00:48:32,248978622.43750614
2025-01-01 00:48:33,247642180.5079958
2025-01-01 00:48:34,248559515.61516076
2025-01-01 00:48:35,253289108.4493167
2025-01-01 00:48:36,251220455.5758435
2025-01-01 00:48:37,257451419.13160977
2025-01-01 00:48:38,256257158.76179585
2025-01-01 00:48:39,250544853.00292844
2025-01-01 00:48:40,246678917.185292
2025-01-01 00:48:41,250332013.06726822
2025-01-01 00:48:42,250757053.40877903
2025-01-01 00:48:43,246844293.18243748
2025-01-01 00:48:44,248316508.8662331
2025-01-01 00:48:45,253813599.55289236
2025-01-01 00:48:46,253534882.63001144
2025-01-01 00:48:47,251317376.27521306
2025-01-01 00:48:48,252486465.05060196
2025-01-01 00:48:49,248608259.3433257
2025-01-01 00:48:50,252848436.69682777
2025-01-01 00:48:51,253371898.87871453
2025-01-01 00:48:52,255069031.8173638
2025-01-01 00:48:53,254155561.12597823
2025-01-01 00:48:54,250706477.7094033
2025-01-01 00:48:55,256458054.67375523
2025-01-01 00:48:56,257855761.9360913
2025-01-01 00:48:57,254759155.42612803
2025-01-01 00:48:58,253445328.18110338
2025-01-01 00:48:59,259093420.27852926
2025-01-01 00:49:00,255391920.18717402
2025-01-01 00:49:01,259804916.4605968
2025-01-01 00:49:02,255825581.21443072
2025-01-01 00:49:03,256979471.9571446
2025-01-01 00:49:04,254777317.5042389
2025-01-01 00:49:05,251763592.85968056
2025-01-01 00:49:06,248153025.0167043
2025-01-01 00:49:07,252012013.95905855
2025-01-01 00:49:08,252469136.0018319
2025-01-01 00:49:09,245436653.23858204
2025-01-01 00:49:10,244317476.10822505
2025-01-01 00:49:11,250594169.85061762
2025-01-01 00:49:12,257393642.75568688
2025-01-01 00:49:13,250329743.0049397
2025-01-01 00:49:14,250469790.14357656
2025-01-01 00:49:15,252687735.9248383
2025-01-01 00:49:16,257507527.62136745
2025-01-01 00:49:17,253814777.48346743
2025-01-01 00:49:18,255355278.57802844
2025-01-01 00:49:19,254686862.827632
2025-01-01 00:49:20,249905712.9321909
2025-01-01 00:49:21,246461284.146445
2025-01-01 00:49:22,246383949.60205096
2025-01-01 00:49:23,243494417.03049615
2025-01-01 00:49:24,241847592.07543856
2025-01-01 00:49:25,253479527.57848635
2025-01-01 00:49:26,253378355.47008353
2025-01-01 00:49:27,255055269.88287693
2025-01-01 00:49:28,247752548.0234749
2025-01-01 00:49:29,252625106.09153196
2025-01-01 00:49:30,250889987.38964027
2025-01-01 00:49:31,255217544.45188525
2025-01-01 00:49:32,245466952.22716108
2025-01-01 00:49:33,252061892.71149334
2025-01-01 00:49:34,252197552.6388219
2025-01-01 00:49:35,254802938.92802638
2025-01-01 00:49:36,256542565.6524635
2025-01-01 00:49:37,258043482.80649766
2025-01-01 00:49:38,253907188.66068208
2025-01-01 00:49:39,249962444.46909896
2025-01-01 00:49:40,250852378.22271302
2025-01-01 00:49:41,253846160.90018243
2025-01-01 00:49:42,254643387.31363887
2025-01-01 00:49:43,248297214.30441168
2025-01-01 00:49:44,250619380.09212962
2025-01-01 00:49:45,252475626.50925237
2025-01-01 00:49:46,256047496.9574857
2025-01-01 00:49:47,257646133.03293845
2025-01-01 00:49:48,255036866.24773353
2025-01-01 00:49:49,254438950.35051945
2025-01-01 00:49:50,251201128.67198533
2025-01-01 00:49:51,248063184.0755982
2025-01-01 00:49:52,254664444.84534803
2025-01-01 00:49:53,252283539.63193104
2025-01-01 00:49:54,243779192.47512227
2025-01-01 00:49:55,242568712.25947088
2025-01-01 00:49:56,248148000.99017704
2025-01-01 00:49:57,248428874.99426934
2025-01-01 00:49:58,243953260.275548
2025-01-01 00:49:59,243576209.76282805
2025-01-01 00:50:00,247479052.83516094
2025-01-01 00:50:01,245579041.45020938
2025-01-01 00:50:02,248432994.31472543
2025-01-01 00:50:03,252897011.95563567
2025-01-01 00:50:04,246633149.65562084
2025-01-01 00:50:05,242725781.66479707
2025-01-01 00:50:06,251979816.69309273
2025-01-01 00:50:07,251174208.602838
2025-01-01 00:50:08,252106208.18688676
2025-01-01 00:50:09,253807294.96233606
2025-01-01 00:50:10,255689296.64993766
2025-01-01 00:50:11,252199356.61774707
2025-01-01 00:50:12,256366698.83426565
2025-01-01 00:50:13,253136613.59672323
2025-01-01 00:50:14,255126616.6431915
2025-01-01 00:50:15,251515299.22909912
2025-01-01 00:50:16,252717281.0541829
2025-01-01 00:50:17,248493176.13771337
2025-01-01 00:50:18,252388762.36882335
2025-01-01 00:50:19,254503531.66678587
2025-01-01 00:50:20,255119257.52546585
2025-01-01 00:50:21,256903145.99843758
2025-01-01 00:50:22,255051583.8344013
2025-01-01 00:50:23,248399858.34743583
2025-01-01 00:50:24,251634461.12567726
2025-01-01 00:50:25,253934770.17835903
2025-01-01 00:50:26,255113517.18092054
2025-01-01 00:50:27,259547331.97001907
2025-01-01 00:50:28,254782216.42107427
2025-01-01 00:50:29,257837591.70766598
2025-01-01 00:50:30,249247190.4477361
2025-01-01 00:50:31,253327376.52392733
2025-01-01 00:50:32,249390680.4891676
2025-01-01 00:50:33,245524205.95582134
2025-01-01 00:50:34,250145084.8804593
2025-01-01 00:50:35,252587768.1831289
2025-01-01 00:50:36,248716110.20267165
2025-01-01 00:50:37,248685066.16687775
2025-01-01 00:50:38,249849281.80328053
2025-01-01 00:50:39,255076279.655922
2025-01-01 00:50:40,252155977.6511858
2025-01-01 00:50:41,253591428.21147224
2025-01-01 00:50:42,256158431.11162713
2025-01-01 00:50:43,251955135.2420076
2025-01-01 00:50:44,255678144.4579492
2025-01-01 00:50:45,255400317.5320072
2025-01-01 00:50:46,250237002.40056586
2025-01-01 00:50:47,250099103.20074597
2025-01-01 00:50:48,248472396.99715737
2025-01-01 00:50:49,249350766.36501935
2025-01-01 00:50:50,250244297.5642116
2025-01-01 00:50:51,250040241.19574115
2025-01-01 00:50:52,251051278.40583828
2025-01-01 00:50:53,253086551.98003316
2025-01-01 00:50:54,251650890.3190088
2025-01-01 00:50:55,251050152.92503458
2025-01-01 00:50:56,251290343.43843204
2025-01-01 00:50:57,252184382.13577384
2025-01-01 00:50:58,255362770.4246869
2025-01-01 00:50:59,254594305.05207136
2025-01-01 00:51:00,250952000.40931013
2025-01-01 00:51:01,249182332.0975268
2025-01-01 00:51:02,250567052.8609771
2025-01-01 00:51:03,256037575.85090896
2025-01-01 00:51:04,254744896.78653482
2025-01-01 00:51:05,258578448.92298043
2025-01-01 00:51:06,246847259.75387666
2025-01-01 00:51:07,248768482.82188395
2025-01-01 00:51:08,256104978.12742686
2025-01-01 00:51:09,256974776.7056783
2025-01-01 00:51:10,253686882.57081977
2025-01-01 00:51:11,245870236.9357934
2025-01-01 00:51:12,250789712.8168297
2025-01-01 00:51:13,250451377.65574735
2025-01-01 00:51:14,249816598.40766814
2025-01-01 00:51:15,248861390.94599867
2025-01-01 00:51:16,247449072.39548776
2025-01-01 00:51:17,248694095.96283412
2025-01-01 00:51:18,249683787.29404047
2025-01-01 00:51:19,254799764.2707014
2025-01-01 00:51:20,255701323.0265925
2025-01-01 00:51:21,248421153.36019287
2025-01-01 00:51:22,250425965.85166258
2025-01-01 00:51:23,248198584.06048888
2025-01-01 00:51:24,255104387.1537163
2025-01-01 00:51:25,252051260.78076863
2025-01-01 00:51:26,257057871.93098742
2025-01-01 00:51:27,253485991.86724412
2025-01-01 00:51:28,252575984.40669972
2025-01-01 00:51:29,252584862.13178322
2025-01-01 00:51:30,257761555.56272942
2025-01-01 00:51:31,256908080.63598615
2025-01-01 00:51:32,255582997.35295305
2025-01-01 00:51:33,251688093.5089489
2025-01-01 00:51:34,260935543.06091437
2025-01-01 00:51:35,255381336.53661543
2025-01-01 00:51:36,256720229.92473194
2025-01-01 00:51:37,255945871.86858916
2025-01-01 00:51:38,253770559.2566699
2025-01-01 00:51:39,259979935.7166994
2025-01-01 00:51:40,259211691.40642133
2025-01-01 00:51:41,253069727.42504922
2025-01-01 00:51:42,256507722.10972628
2025-01-01 00:51:43,253682206.67037168
2025-01-01 00:51:44,256457702.92546058
2025-01-01 00:51:45,254764341.07151407
2025-01-01 00:51:46,251251540.80655193
2025-01-01 00:51:47,254760632.6312375
2025-01-01 00:51:48,258444739.0144419
2025-01-01 00:51:49,251337481.54018575
2025-01-01 00:51:50,247395284.6222337
2025-01-01 00:51:51,248161307.50726599
2025-01-01 00:51:52,251571884.77838644
2025-01-01 00:51:53,255086918.5641991
2025-01-01 00:51:54,255764574.97003412
2025-01-01 00:51:55,252549885.2257947
2025-01-01 00:51:56,249600274.97277132
2025-01-01 00:51:57,246949056.79508293
2025-01-01 00:51:58,253129353.36190048
2025-01-01 00:51:59,256351218.871921
2025-01-01 00:52:00,252217086.42624798
2025-01-01 00:52:01,247968439.5017848
2025-01-01 00:52:02,255434942.84939608
2025-01-01 00:52:03,252804181.86119458
2025-01-01 00:52:04,258514491.77704445
2025-01-01 00:52:05,254548461.8200253
2025-01-01 00:52:06,257075272.42500374
2025-01-01 00:52:07,255158875.5560865
2025-01-01 00:52:08,244600368.1376069
2025-01-01 00:52:09,250282977.2537234
2025-01-01 00:52:10,246279828.5333206
2025-01-01 00:52:11,240595485.9990584
2025-01-01 00:52:12,243597910.09474793
2025-01-01 00:52:13,252304842.3717755
2025-01-01 00:52:14,248801028.60511807
2025-01-01 00:52:15,246767390.8082311
2025-01-01 00:52:16,249326220.7471457
2025-01-01 00:52:17,255238426.97334385
2025-01-01 00:52:18,244405078.99621844
2025-01-01 00:52:19,249218103.07628858
2025-01-01 00:52:20,253446126.84182447
2025-01-01 00:52:21,245288462.1229
2025-01-01 00:52:22,246414929.96713397
2025-01-01 00:52:23,245605799.49029806
2025-01-01 00:52:24,247439795.9700177
2025-01-01 00:52:25,242482791.55099225
2025-01-01 00:52:26,238675372.3531192
2025-01-01 00:52:27,241676115.42447868
2025-01-01 00:52:28,243135374.33783633
2025-01-01 00:52:29,243080011.9208161
2025-01-01 00:52:30,250763333.58925694
2025-01-01 00:52:31,244782583.75691622
2025-01-01 00:52:32,247223411.59540793
2025-01-01 00:52:33,250388340.39016092
2025-01-01 00:52:34,245276894.52082223
2025-01-01 00:52:35,249670554.8082755
2025-01-01 00:52:36,250017731.00349966
2025-01-01 00:52:37,245857587.72060627
2025-01-01 00:52:38,248911813.10044202
2025-01-01 00:52:39,251855466.59922874
2025-01-01 00:52:40,246014807.57227045
2025-01-01 00:52:41,248996824.32650843
2025-01-01 00:52:42,249822816.94501033
2025-01-01 00:52:43,245980072.88333338
2025-01-01 00:52:44,247837058.1058666
2025-01-01 00:52:45,248106176.42259285
2025-01-01 00:52:46,251453277.26025698
2025-01-01 00:52:47,245120786.93119293
2025-01-01 00:52:48,243435008.15366632
2025-01-01 00:52:49,237133588.58640912
2025-01-01 00:52:50,244209518.44077536
2025-01-01 00:52:51,252544348.87832668
2025-01-01 00:52:52,246690261.86175233
2025-01-01 00:52:53,254722965.12379488
2025-01-01 00:52:54,254819796.42537454
2025-01-01 00:52:55,248382770.36826956
2025-01-01 00:52:56,250460439.69600713
2025-01-01 00:52:57,252177890.26580703
2025-01-01 00:52:58,253106366.30923137
2025-01-01 00:52:59,253312371.642578
2025-01-01 00:53:00,252032433.85303494
2025-01-01 00:53:01,251147844.78900173
2025-01-01 00:53:02,249383880.93005142
2025-01-01 00:53:03,244209367.81074443
2025-01-01 00:53:04,246235015.77737078
2025-01-01 00:53:05,246062065.32392934
2025-01-01 00:53:06,247093227.9309832
2025-01-01 00:53:07,245272677.89124426
2025-01-01 00:53:08,245350847.45449784
2025-01-01 00:53:09,252957515.05805266
2025-01-01 00:53:10,257570265.47344002
2025-01-01 00:53:11,250996694.15085873
2025-01-01 00:53:12,247041546.5227279
2025-01-01 00:53:13,254094328.806244
2025-01-01 00:53:14,252064318.19435784
2025-01-01 00:53:15,244179672.38653728
2025-01-01 00:53:16,247206225.62872133
2025-01-01 00:53:17,247578033.61543074
2025-01-01 00:53:18,252230884.47079816
2025-01-01 00:53:19,245269767.12996247
2025-01-01 00:53:20,242784330.14696702
2025-01-01 00:53:21,247409121.58335596
2025-01-01 00:53:22,247022825.21754295
2025-01-01 00:53:23,248889582.20738685
2025-01-01 00:53:24,261289321.03904662
2025-01-01 00:53:25,256466049.25208068
2025-01-01 00:53:26,251818129.98781562
2025-01-01 00:53:27,250081309.90228528
2025-01-01 00:53:28,248693790.3423541
2025-01-01 00:53:29,242001871.11797458
2025-01-01 00:53:30,244311796.72969937
2025-01-01 00:53:31,241952758.43207628
2025-01-01 00:53:32,240803436.40604907
2025-01-01 00:53:33,239671712.48325348
2025-01-01 00:53:34,241717376.686388
2025-01-01 00:53:35,245215026.06649983
2025-01-01 00:53:36,245262253.53592235
2025-01-01 00:53:37,249168607.04482177
2025-01-01 00:53:38,238986891.87668243
2025-01-01 00:53:39,243460065.54776296
2025-01-01 00:53:40,240083354.11262715
2025-01-01 00:53:41,239513655.83554706
2025-01-01 00:53:42,250782756.01779705
2025-01-01 00:53:43,246624034.627142
2025-01-01 00:53:44,250732167.777453
2025-01-01 00:53:45,249605186.29942498
2025-01-01 00:53:46,247203659.01656714
2025-01-01 00:53:47,252950859.5673742
2025-01-01 00:53:48,254866366.51512253
2025-01-01 00:53:49,251607654.03870165
2025-01-01 00:53:50,248572005.71590057
2025-01-01 00:53:51,245853214.6241414
2025-01-01 00:53:52,245634265.2675994
2025-01-01 00:53:53,244574702.39112446
2025-01-01 00:53:54,239963324.86915344
2025-01-01 00:53:55,241242292.84996045
2025-01-01 00:53:56,243170670.58814836
2025-01-01 00:53:57,237234637.85777313
2025-01-01 00:53:58,243131006.57824543
2025-01-01 00:53:59,243347623.5145831
2025-01-01 00:54:00,244247502.7534615
2025-01-01 00:54:01,247305051.66181502
2025-01-01 00:54:02,253518719.75740233
2025-01-01 00:54:03,249630486.6455166
2025-01-01 00:54:04,252007013.33640426
2025-01-01 00:54:05,250547500.76564413
2025-01-01 00:54:06,252355360.9941914
2025-01-01 00:54:07,252377352.96375784
2025-01-01 00:54:08,250608658.43615285
2025-01-01 00:54:09,249138694.4478122
2025-01-01 00:54:10,252825656.32587922
2025-01-01 00:54:11,256709335.60383675
2025-01-01 00:54:12,253247725.6767879
2025-01-01 00:54:13,255812032.56586194
2025-01-01 00:54:14,250769769.76392144
2025-01-01 00:54:15,255902664.97190487
2025-01-01 00:54:16,250444174.3550765
2025-01-01 00:54:17,250896510.2116126
2025-01-01 00:54:18,250850666.48236308
2025-01-01 00:54:19,249021016.25832212
2025-01-01 00:54:20,247975311.43200922
2025-01-01 00:54:21,258371896.49394214
2025-01-01 00:54:22,258694772.51047373
2025-01-01 00:54:23,256243452.18128428
2025-01-01 00:54:24,255460283.4305815
2025-01-01 00:54:25,257341278.00444275
2025-01-01 00:54:26,256463317.2302274
2025-01-01 00:54:27,255467153.1715926
2025-01-01 00:54:28,254897183.05145153
2025-01-01 00:54:29,258135922.33953294
2025-01-01 00:54:30,254191097.8423107
2025-01-01 00:54:31,257289171.5686892
2025-01-01 00:54:32,255309092.33354896
2025-01-01 00:54:33,254322191.14066356
2025-01-01 00:54:34,260066971.1166488
2025-01-01 00:54:35,260757341.587253
2025-01-01 00:54:36,258895155.2018557
2025-01-01 00:54:37,251468234.70657364
2025-01-01 00:54:38,249764273.8403224
2025-01-01 00:54:39,255918585.36017933
2025-01-01 00:54:40,261625851.71986848
2025-01-01 00:54:41,256396260.25510505
2025-01-01 00:54:42,253718989.18353692
2025-01-01 00:54:43,260462016.90730232
2025-01-01 00:54:44,258695823.52721226
2025-01-01 00:54:45,261028513.55309713
2025-01-01 00:54:46,258343818.07782346
2025-01-01 00:54:47,255758980.446391
2025-01-01 00:54:48,262516058.91606504
2025-01-01 00:54:49,266215288.9164463
2025-01-01 00:54:50,263945060.48006088
2025-01-01 00:54:51,256405281.1946308
2025-01-01 00:54:52,254867975.78330016
2025-01-01 00:54:53,258314678.20300394
2025-01-01 00:54:54,262230911.0352221
2025-01-01 00:54:55,257909439.53617445
2025-01-01 00:54:56,255869487.8175629
2025-01-01 00:54:57,256759666.46162215
2025-01-01 00:54:58,260703916.7788921
2025-01-01 00:54:59,261071498.3691655
2025-01-01 00:55:00,260570807.11386016
2025-01-01 00:55:01,253829151.85091814
2025-01-01 00:55:02,255426984.88804036
2025-01-01 00:55:03,261255142.87599754
2025-01-01 00:55:04,257178146.61350894
2025-01-01 00:55:05,250380065.3445933
2025-01-01 00:55:06,251058965.16023085
2025-01-01 00:55:07,251272692.16170362
2025-01-01 00:55:08,253819465.11206433
2025-01-01 00:55:09,250288354.28055844
2025-01-01 00:55:10,254120429.69838193
2025-01-01 00:55:11,256820627.8417706
2025-01-01 00:55:12,258790446.4877579
2025-01-01 00:55:13,252105305.94930652
2025-01-01 00:55:14,254012025.67365634
2025-01-01 00:55:15,251485231.21053723
2025-01-01 00:55:16,252412802.5611276
2025-01-01 00:55:17,250728992.35034537
2025-01-01 00:55:18,252279250.97570187
2025-01-01 00:55:19,251115103.2976154
2025-01-01 00:55:20,251581224.54331806
2025-01-01 00:55:21,249555768.8859735
2025-01-01 00:55:22,254439630.0761937
2025-01-01 00:55:23,256114813.00490642
2025-01-01 00:55:24,251150690.43064797
2025-01-01 00:55:25,251720577.63723388
2025-01-01 00:55:26,256317488.27468982
2025-01-01 00:55:27,254931865.21145526
2025-01-01 00:55:28,258092098.05286083
2025-01-01 00:55:29,254090701.98065865
2025-01-01 00:55:30,257639799.5921484
2025-01-01 00:55:31,260542474.7910238
2025-01-01 00:55:32,255204175.22562593
2025-01-01 00:55:33,253957806.7286975
2025-01-01 00:55:34,253614220.98323873
2025-01-01 00:55:35,251356323.71739393
2025-01-01 00:55:36,254324846.5058118
2025-01-01 00:55:37,255047003.08578458
2025-01-01 00:55:38,254913060.97482857
2025-01-01 00:55:39,251635992.97587052
2025-01-01 00:55:40,250522781.52567714
2025-01-01 00:55:41,250336790.73814437
2025-01-01 00:55:42,248680007.95438457
2025-01-01 00:55:43,251929030.3675125
2025-01-01 00:55:44,251202751.0566527
2025-01-01 00:55:45,247803681.78607023
2025-01-01 00:55:46,247939002.37045956
2025-01-01 00:55:47,251688055.46986914
2025-01-01 00:55:48,249044623.48844573
2025-01-01 00:55:49,254495999.94611663
2025-01-01 00:55:50,256020484.75815356
2025-01-01 00:55:51,250931544.58635035
2025-01-01 00:55:52,250151918.1037952
2025-01-01 00:55:53,257733889.94822973
2025-01-01 00:55:54,256268588.74449453
2025-01-01 00:55:55,247538802.22554243
2025-01-01 00:55:56,254541922.51666972
2025-01-01 00:55:57,254621126.6046257
2025-01-01 00:55:58,252597660.77682662
2025-01-01 00:55:59,258989954.19013953
2025-01-01 00:56:00,261138279.74912193
2025-01-01 00:56:01,252932980.9510059
2025-01-01 00:56:02,255908356.09810573
2025-01-01 00:56:03,253974569.09926677
2025-01-01 00:56:04,256742925.25374177
2025-01-01 00:56:05,254682318.26365763
2025-01-01 00:56:06,249813549.17668477
2025-01-01 00:56:07,250025109.6096349
2025-01-01 00:56:08,249878650.33142588
2025-01-01 00:56:09,249557557.64154765
2025-01-01 00:56:10,249695741.0037462
2025-01-01 00:56:11,255717456.0977146
2025-01-01 00:56:12,249160588.04956812
2025-01-01 00:56:13,246752410.14412948
2025-01-01 00:56:14,248603680.3158313
2025-01-01 00:56:15,247038412.96786094
2025-01-01 00:56:16,246786867.8061077
2025-01-01 00:56:17,252327024.79326463
2025-01-01 00:56:18,247557438.48865858
2025-01-01 00:56:19,249842859.99840313
2025-01-01 00:56:20,248775346.01826027
2025-01-01 00:56:21,247602621.99857426
2025-01-01 00:56:22,253381673.64067978
2025-01-01 00:56:23,248333377.93267402
2025-01-01 00:56:24,253921818.60730943
2025-01-01 00:56:25,246699996.31537756
2025-01-01 00:56:26,248642508.3652889
2025-01-01 00:56:27,255071153.6570848
2025-01-01 00:56:28,251250931.35138515
2025-01-01 00:56:29,247332352.98988983
2025-01-01 00:56:30,247103217.3337817
2025-01-01 00:56:31,251329528.5504705
2025-01-01 00:56:32,256492232.05205908
2025-01-01 00:56:33,247991287.27536437
2025-01-01 00:56:34,249588401.5758861
2025-01-01 00:56:35,251438858.9798491
2025-01-01 00:56:36,246749657.99948177
2025-01-01 00:56:37,246332751.17039603
2025-01-01 00:56:38,250276315.39961386
2025-01-01 00:56:39,253825627.33702117
2025-01-01 00:56:40,254676281.26906902
2025-01-01 00:56:41,252494200.91953743
2025-01-01 00:56:42,251412731.14385286
2025-01-01 00:56:43,248766649.27212095
2025-01-01 00:56:44,247611073.56131515
2025-01-01 00:56:45,253040688.220437
2025-01-01 00:56:46,250675889.39007646
2025-01-01 00:56:47,249500816.54970974
2025-01-01 00:56:48,244315980.1408965
2025-01-01 00:56:49,244578350.50753284
2025-01-01 00:56:50,253666931.5716199
2025-01-01 00:56:51,255924367.65853927
2025-01-01 00:56:52,253057404.31564572
2025-01-01 00:56:53,252748856.6830466
2025-01-01 00:56:54,247693148.34494752
2025-01-01 00:56:55,252634289.11225718
2025-01-01 00:56:56,255805838.87468764
2025-01-01 00:56:57,254601572.12589866
2025-01-01 00:56:58,252909595.06736362
2025-01-01 00:56:59,252848105.06183568
2025-01-01 00:57:00,250749857.72163835
2025-01-01 00:57:01,255527979.77126375
2025-01-01 00:57:02,257687789.478206
2025-01-01 00:57:03,254615644.74433362
2025-01-01 00:57:04,253657064.66954908
2025-01-01 00:57:05,251032113.88610363
2025-01-01 00:57:06,256642227.99160597
2025-01-01 00:57:07,253594717.39220452
2025-01-01 00:57:08,252616466.79401475
2025-01-01 00:57:09,250395305.75280696
2025-01-01 00:57:10,251496456.15110967
2025-01-01 00:57:11,249004345.92662442
2025-01-01 00:57:12,248203106.51553836
2025-01-01 00:57:13,246372808.5977641
2025-01-01 00:57:14,249076654.7871731
2025-01-01 00:57:15,247544744.67068303
2025-01-01 00:57:16,250789532.85120043
2025-01-01 00:57:17,251903901.2111175
2025-01-01 00:57:18,252200745.3973406
2025-01-01 00:57:19,248555132.57893017
2025-01-01 00:57:20,249390851.89143133
2025-01-01 00:57:21,240092738.71496454
2025-01-01 00:57:22,246636930.1896143
2025-01-01 00:57:23,246546390.6968962
2025-01-01 00:57:24,248553853.71073088
2025-01-01 00:57:25,246144149.72579563
2025-01-01 00:57:26,245740150.3070264
2025-01-01 00:57:27,247310389.6841444
2025-01-01 00:57:28,243883711.8567285
2025-01-01 00:57:29,246439126.0055172
2025-01-01 00:57:30,250701606.43355438
2025-01-01 00:57:31,249622629.03461897
2025-01-01 00:57:32,252386838.15572357
2025-01-01 00:57:33,251755282.31153065
2025-01-01 00:57:34,253612967.49060237
2025-01-01 00:57:35,255457929.1878722
2025-01-01 00:57:36,252768221.97467571
2025-01-01 00:57:37,251270192.35167155
2025-01-01 00:57:38,246790934.4951713
2025-01-01 00:57:39,248952447.5541516
2025-01-01 00:57:40,254922556.3811956
2025-01-01 00:57:41,250018731.47437528
2025-01-01 00:57:42,246901200.40922603
2025-01-01 00:57:43,250953448.332672
2025-01-01 00:57:44,251215043.90118843
2025-01-01 00:57:45,250794276.19134548
2025-01-01 00:57:46,251720525.42044458
2025-01-01 00:57:47,258573075.443328
2025-01-01 00:57:48,244405743.1596907
2025-01-01 00:57:49,248408656.96292758
2025-01-01 00:57:50,247074515.80516
2025-01-01 00:57:51,243428163.38098192
2025-01-01 00:57:52,245510024.23893306
2025-01-01 00:57:53,250074891.6846169
2025-01-01 00:57:54,254587893.0864792
2025-01-01 00:57:55,254729381.50698793
2025-01-01 00:57:56,251827659.10052422
2025-01-01 00:57:57,257810411.8589863
2025-01-01 00:57:58,256497236.7418868
2025-01-01 00:57:59,259542234.21696633
2025-01-01 00:58:00,258497866.22431156
2025-01-01 00:58:01,259242974.6837588
2025-01-01 00:58:02,254998779.31553555
2025-01-01 00:58:03,257848230.2390812
2025-01-01 00:58:04,257161127.12136418
2025-01-01 00:58:05,259478635.88218614
2025-01-01 00:58:06,251929522.62321797
2025-01-01 00:58:07,249971030.3296961
2025-01-01 00:58:08,256865177.39291957
2025-01-01 00:58:09,255039727.48836803
2025-01-01 00:58:10,250660240.90289602
2025-01-01 00:58:11,250107093.0365531
2025-01-01 00:58:12,252363992.2515972
2025-01-01 00:58:13,250644964.88724762
2025-01-01 00:58:14,248693270.6368275
2025-01-01 00:58:15,242857803.1981815
2025-01-01 00:58:16,249356254.1462775
2025-01-01 00:58:17,245056878.87732667
2025-01-01 00:58:18,245040856.5714056
2025-01-01 00:58:19,249506007.40539995
2025-01-01 00:58:20,246287394.74174428
2025-01-01 00:58:21,246739548.78753558
2025-01-01 00:58:22,247469805.19285443
2025-01-01 00:58:23,248032394.72221276
2025-01-01 00:58:24,247570967.57879573
2025-01-01 00:58:25,241262187.39078423
2025-01-01 00:58:26,239648555.14524925
2025-01-01 00:58:27,245453041.765134
2025-01-01 00:58:28,247391979.93274182
2025-01-01 00:58:29,242610836.28617325
2025-01-01 00:58:30,248067407.61427182
2025-01-01 00:58:31,249083936.80820063
2025-01-01 00:58:32,248705585.18751886
2025-01-01 00:58:33,254812618.69662786
2025-01-01 00:58:34,247762811.2718994
2025-01-01 00:58:35,248266903.50094897
2025-01-01 00:58:36,252592161.19789016
2025-01-01 00:58:37,251981766.3246017
2025-01-01 00:58:38,251989177.27525622
2025-01-01 00:58:39,250176897.2002301
2025-01-01 00:58:40,245565636.26528123
2025-01-01 00:58:41,246182487.11696243
2025-01-01 00:58:42,246945727.51969418
2025-01-01 00:58:43,246636241.55606976
2025-01-01 00:58:44,254603023.3475376
2025-01-01 00:58:45,250546333.36923462
2025-01-01 00:58:46,250487308.38122493
2025-01-01 00:58:47,246885619.96873885
2025-01-01 00:58:48,252576183.68440944
2025-01-01 00:58:49,242275931.48107052
2025-01-01 00:58:50,244398483.01697475
2025-01-01 00:58:51,249253796.1167609
2025-01-01 00:58:52,249626524.10284728
2025-01-01 00:58:53,245454389.98766804
2025-01-01 00:58:54,250788912.75127625
2025-01-01 00:58:55,249897803.89862064
2025-01-01 00:58:56,249634436.00643405
2025-01-01 00:58:57,252180927.78533947
2025-01-01 00:58:58,246246852.94081882
2025-01-01 00:58:59,255378485.26904646
2025-01-01 00:59:00,251473109.7340159
2025-01-01 00:59:01,258078928.39822897
2025-01-01 00:59:02,254342939.64960444
2025-01-01 00:59:03,250490600.91625506
2025-01-01 00:59:04,250230368.7463327
2025-01-01 00:59:05,246039175.96697327
2025-01-01 00:59:06,246132800.78155914
2025-01-01 00:59:07,245853173.58248085
2025-01-01 00:59:08,242666762.16581982
2025-01-01 00:59:09,248320036.50420666
2025-01-01 00:59:10,250362831.75104472
2025-01-01 00:59:11,251234930.15365693
2025-01-01 00:59:12,245215658.60448253
2025-01-01 00:59:13,244413587.9403393
2025-01-01 00:59:14,248570260.38986123
2025-01-01 00:59:15,248518626.1801109
2025-01-01 00:59:16,252359006.44785306
2025-01-01 00:59:17,250820449.00488698
2025-01-01 00:59:18,242812783.69509527
2025-01-01 00:59:19,250208279.43861195
2025-01-01 00:59:20,250257792.57713658
2025-01-01 00:59:21,249871359.4793139
2025-01-01 00:59:22,248678014.70173982
2025-01-01 00:59:23,248349696.07453057
2025-01-01 00:59:24,244637407.87059987
2025-01-01 00:59:25,249367354.07091647
2025-01-01 00:59:26,248114448.4949077
2025-01-01 00:59:27,255300316.74966767
2025-01-01 00:59:28,249060809.95705405
2025-01-01 00:59:29,245646933.90027833
2025-01-01 00:59:30,246098989.28603297
2025-01-01 00:59:31,247908345.34545773
2025-01-01 00:59:32,244162709.327416
2025-01-01 00:59:33,241237799.3482246
2025-01-01 00:59:34,244646459.81741843
2025-01-01 00:59:35,242327207.77997884
2025-01-01 00:59:36,252390025.76201165
2025-01-01 00:59:37,250247113.42555475
2025-01-01 00:59:38,254785637.70590246
2025-01-01 00:59:39,254078437.99436113
2025-01-01 00:59:40,248288505.63903415
2025-01-01 00:59:41,246782398.03665382
2025-01-01 00:59:42,242818479.17332426
2025-01-01 00:59:43,253388916.7510051
2025-01-01 00:59:44,255770782.4107174
2025-01-01 00:59:45,250666762.01327527
2025-01-01 00:59:46,249668782.1850337
2025-01-01 00:59:47,254363365.09506828
2025-01-01 00:59:48,250541624.1236794
2025-01-01 00:59:49,245209506.3609495
2025-01-01 00:59:50,251525845.71564013
2025-01-01 00:59:51,252859547.3524997
2025-01-01 00:59:52,248881715.94087726
2025-01-01 00:59:53,249626105.20531598
2025-01-01 00:59:54,246984551.62310937
2025-01-01 00:59:55,245822172.9947818
2025-01-01 00:59:56,255018882.98878613
2025-01-01 00:59:57,247088425.09928674
2025-01-01 00:59:58,246141433.07172844
2025-01-01 00:59:59,248694989.79590797
2025-01-01 01:00:00,253184590.58616963
2025-01-01 01:00:01,248017332.8574938
2025-01-01 01:00:02,257852928.11580256
2025-01-01 01:00:03,250317464.56100336
2025-01-01 01:00:04,251150525.06188023
2025-01-01 01:00:05,243515899.67010432
2025-01-01 01:00:06,246490857.59753144
2025-01-01 01:00:07,252765559.16659254
2025-01-01 01:00:08,250771755.43599105
2025-01-01 01:00:09,253437871.40991664
2025-01-01 01:00:10,248969286.30991808
2025-01-01 01:00:11,251728186.16278073
2025-01-01 01:00:12,250707803.19634923
2025-01-01 01:00:13,258579596.46150857
2025-01-01 01:00:14,256931074.05206776
2025-01-01 01:00:15,257281207.26207498
2025-01-01 01:00:16,257876104.37539342
2025-01-01 01:00:17,254195792.873134
2025-01-01 01:00:18,254291230.1616675
2025-01-01 01:00:19,254136248.59515086
2025-01-01 01:00:20,254664924.20174292
2025-01-01 01:00:21,255613221.89393103
2025-01-01 01:00:22,249883304.7126841
2025-01-01 01:00:23,249642187.7807493
2025-01-01 01:00:24,247697467.96973187
2025-01-01 01:00:25,251715905.64550117
2025-01-01 01:00:26,248247339.35067844
2025-01-01 01:00:27,246828017.5170894
2025-01-01 01:00:28,240860213.08296585
2025-01-01 01:00:29,248567695.63024956
2025-01-01 01:00:30,256939479.37906933
2025-01-01 01:00:31,253973235.4651578
2025-01-01 01:00:32,250617050.83860853
2025-01-01 01:00:33,252477267.92136428
2025-01-01 01:00:34,250634115.12107995
2025-01-01 01:00:35,252554112.6143976
2025-01-01 01:00:36,255279873.66863453
2025-01-01 01:00:37,254506099.37756371
2025-01-01 01:00:38,249344099.0791296
2025-01-01 01:00:39,242877760.25984794
2025-01-01 01:00:40,246503246.0053626
2025-01-01 01:00:41,251121841.3044612
2025-01-01 01:00:42,244454569.35488346
2025-01-01 01:00:43,250903363.17121047
2025-01-01 01:00:44,253112710.064594
2025-01-01 01:00:45,248795689.17283997
2025-01-01 01:00:46,253771135.8302613
2025-01-01 01:00:47,247179891.5255581
2025-01-01 01:00:48,250026680.722126
2025-01-01 01:00:49,254687577.98684373
2025-01-01 01:00:50,255567802.41160503
2025-01-01 01:00:51,258549526.8968907
2025-01-01 01:00:52,256921609.08641428
2025-01-01 01:00:53,257886076.5961131
2025-01-01 01:00:54,260692538.15282992
2025-01-01 01:00:55,260545324.45665336
2025-01-01 01:00:56,252219276.52813473
2025-01-01 01:00:57,251981663.37032217
2025-01-01 01:00:58,252106974.55141145
2025-01-01 01:00:59,254549850.95053098
2025-01-01 01:01:00,256080336.81841335
2025-01-01 01:01:01,257242708.3973389
2025-01-01 01:01:02,253619001.38715872
2025-01-01 01:01:03,250159362.57136264
2025-01-01 01:01:04,253441759.45536608
2025-01-01 01:01:05,253818426.2376303
2025-01-01 01:01:06,251700389.64018068
2025-01-01 01:01:07,252887129.3641423
2025-01-01 01:01:08,254187239.6837912
2025-01-01 01:01:09,255997431.3042162
2025-01-01 01:01:10,255236046.45915565
2025-01-01 01:01:11,253037604.49192804
2025-01-01 01:01:12,255349581.68086767
2025-01-01 01:01:13,248812147.0921642
2025-01-01 01:01:14,252858597.42833644
2025-01-01 01:01:15,249986231.27126667
2025-01-01 01:01:16,249773106.4738
2025-01-01 01:01:17,245088603.4637806
2025-01-01 01:01:18,247958202.11816272
2025-01-01 01:01:19,252067593.63151103
2025-01-01 01:01:20,250549207.60217056
2025-01-01 01:01:21,251562067.50612092
2025-01-01 01:01:22,256674191.75880742
2025-01-01 01:01:23,253874085.0108661
2025-01-01 01:01:24,246629426.06185699
2025-01-01 01:01:25,245530580.62457195
2025-01-01 01:01:26,251481089.2045234
2025-01-01 01:01:27,254589119.72554505
2025-01-01 01:01:28,251597038.35275376
2025-01-01 01:01:29,248165971.9019658
2025-01-01 01:01:30,253714168.77900764
2025-01-01 01:01:31,251812196.17046645
2025-01-01 01:01:32,256474901.1982658
2025-01-01 01:01:33,256358478.2383682
2025-01-01 01:01:34,257990240.4262807
2025-01-01 01:01:35,261328528.5326974
2025-01-01 01:01:36,255228175.3507027
2025-01-01 01:01:37,249452249.07550254
2025-01-01 01:01:38,250568849.5098998
2025-01-01 01:01:39,249609014.455335
2025-01-01 01:01:40,252281702.94606206
2025-01-01 01:01:41,259675476.17849278
2025-01-01 01:01:42,254261269.9324254
2025-01-01 01:01:43,252231334.90842837
2025-01-01 01:01:44,257388045.38908106
2025-01-01 01:01:45,265655930.07168308
2025-01-01 01:01:46,258198979.61354718
2025-01-01 01:01:47,247903353.62366703
2025-01-01 01:01:48,251720687.65722317
2025-01-01 01:01:49,254177957.1833922
2025-01-01 01:01:50,256248721.01974916
2025-01-01 01:01:51,253115284.1786893
2025-01-01 01:01:52,252009474.29722008
2025-01-01 01:01:53,258562769.91861886
2025-01-01 01:01:54,251992728.59218946
2025-01-01 01:01:55,254152977.80309492
2025-01-01 01:01:56,250347862.7928084
2025-01-01 01:01:57,248918257.29042238
2025-01-01 01:01:58,249896624.7751746
2025-01-01 01:01:59,257975636.82260308
2025-01-01 01:02:00,256291629.3345206
2025-01-01 01:02:01,261608084.41615427
2025-01-01 01:02:02,256733667.58683413
2025-01-01 01:02:03,254270039.73115006
2025-01-01 01:02:04,255416582.79208604
2025-01-01 01:02:05,253101696.55769232
2025-01-01 01:02:06,254343301.86200804
2025-01-01 01:02:07,251458537.2900956
2025-01-01 01:02:08,250030888.33547962
2025-01-01 01:02:09,250524261.5923321
2025-01-01 01:02:10,250985087.2491238
2025-01-01 01:02:11,251933585.12229225
2025-01-01 01:02:12,256226459.554357
2025-01-01 01:02:13,244055177.28815857
2025-01-01 01:02:14,250280580.65753794
2025-01-01 01:02:15,245798989.39135864
2025-01-01 01:02:16,249460629.3290626
2025-01-01 01:02:17,251496971.03255677
2025-01-01 01:02:18,259817179.74834555
2025-01-01 01:02:19,256585445.33040822
2025-01-01 01:02:20,252476920.5068842
2025-01-01 01:02:21,256201181.89643836
2025-01-01 01:02:22,255984784.58321097
2025-01-01 01:02:23,255216405.97820443
2025-01-01 01:02:24,255422409.87346667
2025-01-01 01:02:25,257755386.02757752
2025-01-01 01:02:26,254819147.01012102
2025-01-01 01:02:27,259993242.5079587
2025-01-01 01:02:28,255264687.0356675
2025-01-01 01:02:29,254072569.02255723
2025-01-01 01:02:30,248839485.00473434
2025-01-01 01:02:31,249640264.24616167
2025-01-01 01:02:32,260024128.71548858
2025-01-01 01:02:33,254067947.8660195
2025-01-01 01:02:34,253349568.95764664
2025-01-01 01:02:35,255016678.5238316
2025-01-01 01:02:36,261258966.7350685
2025-01-01 01:02:37,257976498.63424158
2025-01-01 01:02:38,259850969.60291776
2025-01-01 01:02:39,255747300.36924848
2025-01-01 01:02:40,251367158.49398297
2025-01-01 01:02:41,256791026.19570586
2025-01-01 01:02:42,251679825.90440625
2025-01-01 01:02:43,253096271.27695966
2025-01-01 01:02:44,254601067.01787755
2025-01-01 01:02:45,250350313.92656857
2025-01-01 01:02:46,254452218.66048723
2025-01-01 01:02:47,252891199.72236493
2025-01-01 01:02:48,257464187.29674134
2025-01-01 01:02:49,255454644.57173604
2025-01-01 01:02:50,259172305.68238845
2025-01-01 01:02:51,251230098.73710907
2025-01-01 01:02:52,260131422.13501486
2025-01-01 01:02:53,255538927.22632554
2025-01-01 01:02:54,257116728.81468984
2025-01-01 01:02:55,249310397.09327614
2025-01-01 01:02:56,249848538.51873323
2025-01-01 01:02:57,250851566.05659994
2025-01-01 01:02:58,252469391.14615816
2025-01-01 01:02:59,253732117.9375358
2025-01-01 01:03:00,249445165.29164776
2025-01-01 01:03:01,248398497.33845675
2025-01-01 01:03:02,249788393.61712745
2025-01-01 01:03:03,245841925.0899151
2025-01-01 01:03:04,248222687.8740621
2025-01-01 01:03:05,253314979.51821712
2025-01-01 01:03:06,246537354.8127018
2025-01-01 01:03:07,250054099.58392558
2025-01-01 01:03:08,257104308.1277703
2025-01-01 01:03:09,256578250.0716041
2025-01-01 01:03:10,247893494.5756937
2025-01-01 01:03:11,252829979.35778984
2025-01-01 01:03:12,252216515.43187636
2025-01-01 01:03:13,253911871.15831053
2025-01-01 01:03:14,251802001.75429127
2025-01-01 01:03:15,250798350.64866984
2025-01-01 01:03:16,252324268.3453882
2025-01-01 01:03:17,251402525.8873662
2025-01-01 01:03:18,245525355.14906776
2025-01-01 01:03:19,248445848.819013
2025-01-01 01:03:20,250270757.20953417
2025-01-01 01:03:21,249600721.61308652
2025-01-01 01:03:22,255345609.12233883
2025-01-01 01:03:23,247914286.73510018
2025-01-01 01:03:24,251533721.7434453
2025-01-01 01:03:25,261322867.52010715
2025-01-01 01:03:26,253922389.401896
2025-01-01 01:03:27,254480085.2806393
2025-01-01 01:03:28,253518726.7342726
2025-01-01 01:03:29,252367386.5731298
2025-01-01 01:03:30,257125941.94537634
2025-01-01 01:03:31,252218922.9024716
2025-01-01 01:03:32,257403084.52092722
2025-01-01 01:03:33,259830488.66295302
2025-01-01 01:03:34,249997487.7997447
2025-01-01 01:03:35,252931454.06703296
2025-01-01 01:03:36,254713118.35195503
2025-01-01 01:03:37,244942704.59866038
2025-01-01 01:03:38,254230287.83773044
2025-01-01 01:03:39,250207032.96856573
2025-01-01 01:03:40,252636512.7809613
2025-01-01 01:03:41,248520447.46887168
2025-01-01 01:03:42,251035394.99828094
2025-01-01 01:03:43,249797404.98620957
2025-01-01 01:03:44,249004431.2637856
2025-01-01 01:03:45,249996089.2786048
2025-01-01 01:03:46,251936670.06453234
2025-01-01 01:03:47,251205035.94859475
2025-01-01 01:03:48,252953330.81916943
2025-01-01 01:03:49,249143236.47268337
2025-01-01 01:03:50,248671948.0321044
2025-01-01 01:03:51,245708790.1847899
2025-01-01 01:03:52,251259912.65945596
2025-01-01 01:03:53,245872106.13370734
2025-01-01 01:03:54,246833545.8193751
2025-01-01 01:03:55,244036090.90012288
2025-01-01 01:03:56,250457244.09771445
2025-01-01 01:03:57,252928913.17994237
2025-01-01 01:03:58,249648804.44350094
2025-01-01 01:03:59,249761321.87991333
2025-01-01 01:04:00,254667847.86301288
2025-01-01 01:04:01,253576475.78765228
2025-01-01 01:04:02,254988863.12271044
2025-01-01 01:04:03,246988328.60123366
2025-01-01 01:04:04,243223872.70336276
2025-01-01 01:04:05,244135376.38507843
2025-01-01 01:04:06,245011381.0521716
2025-01-01 01:04:07,242531876.06792107
2025-01-01 01:04:08,247814101.02362496
2025-01-01 01:04:09,252857933.1700639
2025-01-01 01:04:10,252243061.2050066
2025-01-01 01:04:11,252909767.8276803
2025-01-01 01:04:12,249538843.05252358
2025-01-01 01:04:13,254689389.29372963
2025-01-01 01:04:14,252638757.12539995
2025-01-01 01:04:15,252392090.76717725
2025-01-01 01:04:16,245996982.79703808
2025-01-01 01:04:17,244604528.63964474
2025-01-01 01:04:18,248953745.27792773
2025-01-01 01:04:19,246088950.6749545
2025-01-01 01:04:20,243340872.3372768
2025-01-01 01:04:21,257783277.91942048
2025-01-01 01:04:22,251843674.88935277
2025-01-01 01:04:23,250506644.07862222
2025-01-01 01:04:24,248845579.69711113
2025-01-01 01:04:25,253302723.5073796
2025-01-01 01:04:26,254177180.31038204
2025-01-01 01:04:27,253653058.68177348
2025-01-01 01:04:28,252303201.53003412
2025-01-01 01:04:29,251711440.04759663
2025-01-01 01:04:30,250820182.44041955
2025-01-01 01:04:31,250505431.1241811
2025-01-01 01:04:32,251490841.22269687
2025-01-01 01:04:33,251752522.66116968
2025-01-01 01:04:34,252784015.69503966
2025-01-01 01:04:35,256007394.51835853
2025-01-01 01:04:36,254083686.33143437
2025-01-01 01:04:37,251042198.23562106
2025-01-01 01:04:38,253810956.44226936
2025-01-01 01:04:39,255425470.1813343
2025-01-01 01:04:40,256135704.06546843
2025-01-01 01:04:41,258856311.20495963
2025-01-01 01:04:42,253009747.17423287
2025-01-01 01:04:43,248296099.31966296
2025-01-01 01:04:44,249042142.61769357
2025-01-01 01:04:45,247557987.7573082
2025-01-01 01:04:46,246430060.82383728
2025-01-01 01:04:47,240332378.4008526
2025-01-01 01:04:48,242166928.98812106
2025-01-01 01:04:49,238080160.74877378
2025-01-01 01:04:50,246369767.2479666
2025-01-01 01:04:51,244756878.44704497
2025-01-01 01:04:52,247797683.87960303
2025-01-01 01:04:53,246888293.60867566
2025-01-01 01:04:54,251182272.68300417
2025-01-01 01:04:55,251412208.20887157
2025-01-01 01:04:56,247501716.50965512
2025-01-01 01:04:57,244529764.68287215
2025-01-01 01:04:58,244483427.93353367
2025-01-01 01:04:59,243688759.26256713
2025-01-01 01:05:00,248323914.65101865
2025-01-01 01:05:01,249018853.96248507
2025-01-01 01:05:02,251882024.48320952
2025-01-01 01:05:03,247866303.38212126
2025-01-01 01:05:04,255186948.27008677
2025-01-01 01:05:05,257521061.12254658
2025-01-01 01:05:06,253278946.72689036
2025-01-01 01:05:07,255195870.09355745
2025-01-01 01:05:08,250385260.72815603
2025-01-01 01:05:09,252094464.48417294
2025-01-01 01:05:10,251141310.5220099
2025-01-01 01:05:11,245511799.40976727
2025-01-01 01:05:12,249439467.2995595
2025-01-01 01:05:13,248167796.6796724
2025-01-01 01:05:14,250212206.51288787
2025-01-01 01:05:15,244996170.33241975
2025-01-01 01:05:16,249940307.0738954
2025-01-01 01:05:17,247494336.69215068
2025-01-01 01:05:18,246138297.04005638
2025-01-01 01:05:19,247124552.6661296
2025-01-01 01:05:20,250360826.7534428
2025-01-01 01:05:21,254075799.2324743
2025-01-01 01:05:22,253223725.62629062
2025-01-01 01:05:23,252497444.6097631
2025-01-01 01:05:24,248693666.72672823
2025-01-01 01:05:25,244591926.08764806
2025-01-01 01:05:26,250038762.23985118
2025-01-01 01:05:27,252427329.88432
2025-01-01 01:05:28,250455109.89030844
2025-01-01 01:05:29,247992217.08753613
2025-01-01 01:05:30,251442610.1218851
2025-01-01 01:05:31,250453922.7924888
2025-01-01 01:05:32,254979470.3165826
2025-01-01 01:05:33,253074193.9235404
2025-01-01 01:05:34,250330521.4309021
2025-01-01 01:05:35,252721517.1658554
2025-01-01 01:05:36,253005646.90735337
2025-01-01 01:05:37,247230361.6611398
2025-01-01 01:05:38,248933040.04293442
2025-01-01 01:05:39,247592429.9786011
2025-01-01 01:05:40,247485334.12408143
2025-01-01 01:05:41,251814296.25597775
2025-01-01 01:05:42,250944639.2185655
2025-01-01 01:05:43,248763325.50276947
2025-01-01 01:05:44,248538696.59993052
2025-01-01 01:05:45,240340653.24417225
2025-01-01 01:05:46,240862635.48614442
2025-01-01 01:05:47,249604770.03512916
2025-01-01 01:05:48,245567545.35912478
2025-01-01 01:05:49,247532133.08078375
2025-01-01 01:05:50,245316807.181066
2025-01-01 01:05:51,242132942.0567863
2025-01-01 01:05:52,240524998.9717686
2025-01-01 01:05:53,246788855.4033798
2025-01-01 01:05:54,249322116.0679268
2025-01-01 01:05:55,242091084.9013908
2025-01-01 01:05:56,243519403.31590414
2025-01-01 01:05:57,248245830.87400424
2025-01-01 01:05:58,255474658.27332872
2025-01-01 01:05:59,246469126.6507798
2025-01-01 01:06:00,249068969.93807003
2025-01-01 01:06:01,254105296.88209227
2025-01-01 01:06:02,252052666.45403025
2025-01-01 01:06:03,246746270.84551957
2025-01-01 01:06:04,249532582.51611987
2025-01-01 01:06:05,253112523.40719965
2025-01-01 01:06:06,252111096.97406936
2025-01-01 01:06:07,258105780.1923398
2025-01-01 01:06:08,257263675.98212436
2025-01-01 01:06:09,255331820.75651985
2025-01-01 01:06:10,252918114.67397657
2025-01-01 01:06:11,248705913.21098801
2025-01-01 01:06:12,255831954.2284453
2025-01-01 01:06:13,258401918.49521852
2025-01-01 01:06:14,257387721.55142942
2025-01-01 01:06:15,253233322.5071279
2025-01-01 01:06:16,251399107.93104446
2025-01-01 01:06:17,249434751.06788447
2025-01-01 01:06:18,252363647.27422005
2025-01-01 01:06:19,247966152.56466156
2025-01-01 01:06:20,246384677.6281789
2025-01-01 01:06:21,249541702.81102416
2025-01-01 01:06:22,252948435.180243
2025-01-01 01:06:23,249117231.92923638
2025-01-01 01:06:24,252930340.50519508
2025-01-01 01:06:25,253911980.5170958
2025-01-01 01:06:26,254972764.89534214
2025-01-01 01:06:27,257453500.23755056
2025-01-01 01:06:28,251775555.64472732
2025-01-01 01:06:29,248502975.1041311
2025-01-01 01:06:30,251098362.1184914
2025-01-01 01:06:31,257574687.472018
2025-01-01 01:06:32,250498346.70485142
2025-01-01 01:06:33,253871782.92797488
2025-01-01 01:06:34,247756155.18575978
2025-01-01 01:06:35,249978462.42185095
2025-01-01 01:06:36,249693758.1406619
2025-01-01 01:06:37,253509448.44693914
2025-01-01 01:06:38,252611125.44162187
2025-01-01 01:06:39,249676315.71611583
2025-01-01 01:06:40,248107110.59738696
2025-01-01 01:06:41,245090202.44479507
2025-01-01 01:06:42,249657790.8078425
2025-01-01 01:06:43,250865166.0790365
2025-01-01 01:06:44,252661766.82516834
2025-01-01 01:06:45,249141721.19519025
2025-01-01 01:06:46,246839773.57721868
2025-01-01 01:06:47,247865739.4777083
2025-01-01 01:06:48,252080627.34736723
2025-01-01 01:06:49,249105801.4783157
2025-01-01 01:06:50,254786867.32649568
2025-01-01 01:06:51,251063420.730944
2025-01-01 01:06:52,255164657.58372942
2025-01-01 01:06:53,258636714.11074483
2025-01-01 01:06:54,256286254.69457528
2025-01-01 01:06:55,259143654.92392516
2025-01-01 01:06:56,250959292.78772384
2025-01-01 01:06:57,254006694.6521374
2025-01-01 01:06:58,251029858.6596955
2025-01-01 01:06:59,247085203.72939894
2025-01-01 01:07:00,252663965.2609729
2025-01-01 01:07:01,259006113.7873163
2025-01-01 01:07:02,256505402.3402736
2025-01-01 01:07:03,250698663.02739048
2025-01-01 01:07:04,241432608.02671647
2025-01-01 01:07:05,244386823.22815475
2025-01-01 01:07:06,250447604.35872194
2025-01-01 01:07:07,253335414.1960399
2025-01-01 01:07:08,256807535.3514314
2025-01-01 01:07:09,255414221.9831292
2025-01-01 01:07:10,257383755.4263755
2025-01-01 01:07:11,251452312.5974083
2025-01-01 01:07:12,255411520.2986286
2025-01-01 01:07:13,251721324.5665307
2025-01-01 01:07:14,256278075.48822147
2025-01-01 01:07:15,256658395.3652889
2025-01-01 01:07:16,254593505.65833756
2025-01-01 01:07:17,252872981.6073428
2025-01-01 01:07:18,254540904.2255851
2025-01-01 01:07:19,253893430.4161885
2025-01-01 01:07:20,260950350.08888316
2025-01-01 01:07:21,258617816.11801234
2025-01-01 01:07:22,256050082.61613238
2025-01-01 01:07:23,259824589.30558825
2025-01-01 01:07:24,256000564.3824579
2025-01-01 01:07:25,256836397.89049265
2025-01-01 01:07:26,260030961.74205256
2025-01-01 01:07:27,256698555.96772778
2025-01-01 01:07:28,253927080.20646387
2025-01-01 01:07:29,257226586.41523868
2025-01-01 01:07:30,253953522.53253806
2025-01-01 01:07:31,258486617.80281508
2025-01-01 01:07:32,254544975.58935964
2025-01-01 01:07:33,245944273.76551357
2025-01-01 01:07:34,252148192.2792218
2025-01-01 01:07:35,250705595.8771498
2025-01-01 01:07:36,248290725.4341335
2025-01-01 01:07:37,250384066.16683733
2025-01-01 01:07:38,248000422.44639006
2025-01-01 01:07:39,246435570.65273216
2025-01-01 01:07:40,251248034.61812282
2025-01-01 01:07:41,250296289.26862553
2025-01-01 01:07:42,251923786.11983532
2025-01-01 01:07:43,255011131.87215742
2025-01-01 01:07:44,249999388.3878424
2025-01-01 01:07:45,247383397.31867653
2025-01-01 01:07:46,244633120.23916024
2025-01-01 01:07:47,247820304.13766187
2025-01-01 01:07:48,243484388.06874493
2025-01-01 01:07:49,246321751.7653029
2025-01-01 01:07:50,247013668.41956407
2025-01-01 01:07:51,251839650.80529198
2025-01-01 01:07:52,247389996.48761547
2025-01-01 01:07:53,250682447.76038954
2025-01-01 01:07:54,256953501.00812176
2025-01-01 01:07:55,251624938.39218223
2025-01-01 01:07:56,250161922.42328542
2025-01-01 01:07:57,254427663.0888162
2025-01-01 01:07:58,245248656.62983847
2025-01-01 01:07:59,243103695.4411311
2025-01-01 01:08:00,244980668.88013908
2025-01-01 01:08:01,252374140.63908818
2025-01-01 01:08:02,252533108.7711129
2025-01-01 01:08:03,248903932.50469878
2025-01-01 01:08:04,248749110.81094614
2025-01-01 01:08:05,250458322.80472222
2025-01-01 01:08:06,246247949.3990568
2025-01-01 01:08:07,251296577.21874446
2025-01-01 01:08:08,251523086.44730964
2025-01-01 01:08:09,248615572.93341866
2025-01-01 01:08:10,245882736.02181107
2025-01-01 01:08:11,249665082.85133478
2025-01-01 01:08:12,248876298.56499916
2025-01-01 01:08:13,248148726.4444404
2025-01-01 01:08:14,250126150.52677575
2025-01-01 01:08:15,247619034.74931842
2025-01-01 01:08:16,246073982.05357367
2025-01-01 01:08:17,246723379.43107778
2025-01-01 01:08:18,239095984.4163317
2025-01-01 01:08:19,243294234.71914196
2025-01-01 01:08:20,253724713.1042577
2025-01-01 01:08:21,250768577.5240425
2025-01-01 01:08:22,250468821.15876633
2025-01-01 01:08:23,254453262.3407649
2025-01-01 01:08:24,249793559.3981165
2025-01-01 01:08:25,252920676.55287063
2025-01-01 01:08:26,250508546.13260436
2025-01-01 01:08:27,252020498.89322916
2025-01-01 01:08:28,244942849.86870843
2025-01-01 01:08:29,249834441.85218558
2025-01-01 01:08:30,247028275.25708836
2025-01-01 01:08:31,251743665.4495468
2025-01-01 01:08:32,247747316.4879775
2025-01-01 01:08:33,246996976.5917549
2025-01-01 01:08:34,245484612.4922533
2025-01-01 01:08:35,245953924.11784452
2025-01-01 01:08:36,250730140.23186535
2025-01-01 01:08:37,253770914.75336966
2025-01-01 01:08:38,251724827.04562208
2025-01-01 01:08:39,248981008.20187664
2025-01-01 01:08:40,251853704.62322044
2025-01-01 01:08:41,249177716.93028316
2025-01-01 01:08:42,254168688.04464957
2025-01-01 01:08:43,242431546.69736123
2025-01-01 01:08:44,248160784.81384557
2025-01-01 01:08:45,250548245.62642717
2025-01-01 01:08:46,253312764.84367937
2025-01-01 01:08:47,242871032.13105455
2025-01-01 01:08:48,245328013.39414164
2025-01-01 01:08:49,246677859.2049541
2025-01-01 01:08:50,250816987.84471336
2025-01-01 01:08:51,251733300.09495476
2025-01-01 01:08:52,251410286.99991965
2025-01-01 01:08:53,253862187.25646266
2025-01-01 01:08:54,248650275.07669038
2025-01-01 01:08:55,248544076.21263635
2025-01-01 01:08:56,252847136.54809728
2025-01-01 01:08:57,253425456.44590974
2025-01-01 01:08:58,243429534.6031895
2025-01-01 01:08:59,248724007.2772329
2025-01-01 01:09:00,245444790.17166668
2025-01-01 01:09:01,249757758.45814314
2025-01-01 01:09:02,252397873.79693916
2025-01-01 01:09:03,247175325.42213848
2025-01-01 01:09:04,256363360.26391473
2025-01-01 01:09:05,256191212.4855098
2025-01-01 01:09:06,248189468.0053656
2025-01-01 01:09:07,252003989.63307726
2025-01-01 01:09:08,253057666.62288898
2025-01-01 01:09:09,246915615.35530946
2025-01-01 01:09:10,245069761.06078127
2025-01-01 01:09:11,248601336.57034838
2025-01-01 01:09:12,248053938.16554806
2025-01-01 01:09:13,250288517.15359634
2025-01-01 01:09:14,246662789.43454564
2025-01-01 01:09:15,250875449.06789845
2025-01-01 01:09:16,247904836.2178646
2025-01-01 01:09:17,250500447.8994015
2025-01-01 01:09:18,252242754.42176166
2025-01-01 01:09:19,246296489.15437794
2025-01-01 01:09:20,246860476.6744911
2025-01-01 01:09:21,251824869.8384632
2025-01-01 01:09:22,247276855.8035641
2025-01-01 01:09:23,248808489.86256295
2025-01-01 01:09:24,242207763.13752958
2025-01-01 01:09:25,236277322.27851358
2025-01-01 01:09:26,235224507.44277376
2025-01-01 01:09:27,246364353.30264157
2025-01-01 01:09:28,247350028.93906766
2025-01-01 01:09:29,247732131.2172244
2025-01-01 01:09:30,251931084.17912117
2025-01-01 01:09:31,245583323.9010881
2025-01-01 01:09:32,241115011.3417416
2025-01-01 01:09:33,246896783.20036274
2025-01-01 01:09:34,244354448.7769177
2025-01-01 01:09:35,246290395.2491497
2025-01-01 01:09:36,243338924.11966553
2025-01-01 01:09:37,239838531.9337658
2025-01-01 01:09:38,244951781.01866075
2025-01-01 01:09:39,251718252.72818297
2025-01-01 01:09:40,251703895.57832006
2025-01-01 01:09:41,251059147.19236898
2025-01-01 01:09:42,248585121.76039675
2025-01-01 01:09:43,248959316.18581653
2025-01-01 01:09:44,245913427.6979612
2025-01-01 01:09:45,252013195.6659625
2025-01-01 01:09:46,256294914.04559577
2025-01-01 01:09:47,251731147.7586518
2025-01-01 01:09:48,255734000.7258517
2025-01-01 01:09:49,251773762.44784227
2025-01-01 01:09:50,255101273.50112635
2025-01-01 01:09:51,258772273.23070294
2025-01-01 01:09:52,259082584.06295773
2025-01-01 01:09:53,253254879.42338076
2025-01-01 01:09:54,252589251.52213034
2025-01-01 01:09:55,250410770.69169843
2025-01-01 01:09:56,250176546.0106726
2025-01-01 01:09:57,254012894.94953924
2025-01-01 01:09:58,257278744.58918267
2025-01-01 01:09:59,251231788.39075172
2025-01-01 01:10:00,245789405.45982096
2025-01-01 01:10:01,251595007.9141994
2025-01-01 01:10:02,251280742.91395023
2025-01-01 01:10:03,244256854.0628836
2025-01-01 01:10:04,249985644.26793382
2025-01-01 01:10:05,253348108.27913225
2025-01-01 01:10:06,254091000.25867066
2025-01-01 01:10:07,254194321.09843546
2025-01-01 01:10:08,253227547.53416756
2025-01-01 01:10:09,245478393.97466213
2025-01-01 01:10:10,254617035.8014606
2025-01-01 01:10:11,254043333.4399231
2025-01-01 01:10:12,256111246.6676568
2025-01-01 01:10:13,248933690.68519405
2025-01-01 01:10:14,248707598.39740458
2025-01-01 01:10:15,247352714.14862564
2025-01-01 01:10:16,253752320.86506003
2025-01-01 01:10:17,258075169.1687701
2025-01-01 01:10:18,255895563.85639843
2025-01-01 01:10:19,249729350.08165586
2025-01-01 01:10:20,250785824.4687759
2025-01-01 01:10:21,248827866.7265622
2025-01-01 01:10:22,255223153.7674161
2025-01-01 01:10:23,249812548.77688116
2025-01-01 01:10:24,256719745.24387407
2025-01-01 01:10:25,257806027.90835202
2025-01-01 01:10:26,252096753.7054321
2025-01-01 01:10:27,251201839.26379558
2025-01-01 01:10:28,250909742.44361496
2025-01-01 01:10:29,252909983.3766186
2025-01-01 01:10:30,252785215.2028563
2025-01-01 01:10:31,248945994.23332328
2025-01-01 01:10:32,248874867.77833238
2025-01-01 01:10:33,249625613.34971178
2025-01-01 01:10:34,253224821.00400338
2025-01-01 01:10:35,253460615.0536947
2025-01-01 01:10:36,255486612.3585898
2025-01-01 01:10:37,258957187.71637347
2025-01-01 01:10:38,254669127.65535745
2025-01-01 01:10:39,252788317.67399788
2025-01-01 01:10:40,252595608.32248643
2025-01-01 01:10:41,258298671.04029927
2025-01-01 01:10:42,251519554.6799714
2025-01-01 01:10:43,249410069.93697828
2025-01-01 01:10:44,246196840.29882047
2025-01-01 01:10:45,246198212.48991594
2025-01-01 01:10:46,247498503.16753328
2025-01-01 01:10:47,251715403.46829534
2025-01-01 01:10:48,254094716.63604745
2025-01-01 01:10:49,256583525.1735398
2025-01-01 01:10:50,258870464.87406313
2025-01-01 01:10:51,260779734.93272474
2025-01-01 01:10:52,247805456.53205898
2025-01-01 01:10:53,252493867.52638748
2025-01-01 01:10:54,247951554.86046952
2025-01-01 01:10:55,243039668.2313103
2025-01-01 01:10:56,248176621.21864578
2025-01-01 01:10:57,248091477.68302593
2025-01-01 01:10:58,250493068.35380867
2025-01-01 01:10:59,254142661.82135907
2025-01-01 01:11:00,247379442.62561905
2025-01-01 01:11:01,250690495.31250584
2025-01-01 01:11:02,253154185.56555507
2025-01-01 01:11:03,246870862.56506246
2025-01-01 01:11:04,249353579.78879166
2025-01-01 01:11:05,247711490.24058467
2025-01-01 01:11:06,244831131.89026427
2025-01-01 01:11:07,246907199.39337942
2025-01-01 01:11:08,246631352.27380735
2025-01-01 01:11:09,246215918.87506747
2025-01-01 01:11:10,246964780.43051228
2025-01-01 01:11:11,247355775.9634841
2025-01-01 01:11:12,243172686.8788601
2025-01-01 01:11:13,246850063.99721715
2025-01-01 01:11:14,246514282.0342644
2025-01-01 01:11:15,253091893.2781069
2025-01-01 01:11:16,251051333.37073767
2025-01-01 01:11:17,250686463.41244948
2025-01-01 01:11:18,250291680.78892145
2025-01-01 01:11:19,252554487.2875071
2025-01-01 01:11:20,249251159.21395174
2025-01-01 01:11:21,254228171.6519101
2025-01-01 01:11:22,246466206.33921337
2025-01-01 01:11:23,246889268.08662382
2025-01-01 01:11:24,247119733.3500022
2025-01-01 01:11:25,251214031.65788162
2025-01-01 01:11:26,249542603.2438436
2025-01-01 01:11:27,252382398.09560493
2025-01-01 01:11:28,251621215.99504644
2025-01-01 01:11:29,252432316.36290875
2025-01-01 01:11:30,248385128.53716838
2025-01-01 01:11:31,250095166.25532705
2025-01-01 01:11:32,252188586.2543304
2025-01-01 01:11:33,246992333.62385622
2025-01-01 01:11:34,255266030.40164718
2025-01-01 01:11:35,249435706.58521548
2025-01-01 01:11:36,254625752.83307707
2025-01-01 01:11:37,255990957.07923424
2025-01-01 01:11:38,247833658.08324653
2025-01-01 01:11:39,246577412.4236823
2025-01-01 01:11:40,246291081.59919998
2025-01-01 01:11:41,250159285.4378123
2025-01-01 01:11:42,258201366.42565557
2025-01-01 01:11:43,252760681.11141557
2025-01-01 01:11:44,247640939.68008548
2025-01-01 01:11:45,250708704.15574974
2025-01-01 01:11:46,246152507.45472986
2025-01-01 01:11:47,246990111.04078454
2025-01-01 01:11:48,246476107.63958165
2025-01-01 01:11:49,244543613.38763466
2025-01-01 01:11:50,246574345.0717837
2025-01-01 01:11:51,253131771.14907375
2025-01-01 01:11:52,260178880.1370967
2025-01-01 01:11:53,253819571.83443227
2025-01-01 01:11:54,248519941.07980317
2025-01-01 01:11:55,249847642.65849572
2025-01-01 01:11:56,247751947.50577065
2025-01-01 01:11:57,249475819.3952566
2025-01-01 01:11:58,251465323.74776325
2025-01-01 01:11:59,249169540.98808673
2025-01-01 01:12:00,251324048.34413046
2025-01-01 01:12:01,248610058.94300342
2025-01-01 01:12:02,251179795.49168104
2025-01-01 01:12:03,249502655.16810942
2025-01-01 01:12:04,251297400.72363803
2025-01-01 01:12:05,252387883.19224477
2025-01-01 01:12:06,252712889.30297124
2025-01-01 01:12:07,254858660.2203486
2025-01-01 01:12:08,246359079.07807723
2025-01-01 01:12:09,247548439.4021678
2025-01-01 01:12:10,251986712.89616597
2025-01-01 01:12:11,250524803.6544317
2025-01-01 01:12:12,252774352.49802148
2025-01-01 01:12:13,249437003.80522478
2025-01-01 01:12:14,245672427.1776111
2025-01-01 01:12:15,242664230.53547987
2025-01-01 01:12:16,248868853.2848182
2025-01-01 01:12:17,249621348.6953011
2025-01-01 01:12:18,253278967.54858193
2025-01-01 01:12:19,250708448.31230626
2025-01-01 01:12:20,254377707.2004723
2025-01-01 01:12:21,252011930.86247623
2025-01-01 01:12:22,250985057.76433012
2025-01-01 01:12:23,255068780.19415852
2025-01-01 01:12:24,248368910.20237544
2025-01-01 01:12:25,249862089.53258848
2025-01-01 01:12:26,253041523.91155457
2025-01-01 01:12:27,252747404.6644038
2025-01-01 01:12:28,250399745.8903177
2025-01-01 01:12:29,259343366.63309205
2025-01-01 01:12:30,258492619.66458288
2025-01-01 01:12:31,256825997.2754413
2025-01-01 01:12:32,255310846.12778977
2025-01-01 01:12:33,254404692.17766622
2025-01-01 01:12:34,246039672.97439158
2025-01-01 01:12:35,248275367.10850564
2025-01-01 01:12:36,251420660.31499144
2025-01-01 01:12:37,245859776.71927866
2025-01-01 01:12:38,248561859.12217006
2025-01-01 01:12:39,244971367.17931336
2025-01-01 01:12:40,246529178.56024122
2025-01-01 01:12:41,244126069.8166643
2025-01-01 01:12:42,249608899.44027168
2025-01-01 01:12:43,247963163.9730078
2025-01-01 01:12:44,245683950.0778333
2025-01-01 01:12:45,256240507.63124433
2025-01-01 01:12:46,256935215.81862023
2025-01-01 01:12:47,259153616.69265985
2025-01-01 01:12:48,250579388.1673626
2025-01-01 01:12:49,252123906.80818954
2025-01-01 01:12:50,250158518.2328481
2025-01-01 01:12:51,247912161.80118498
2025-01-01 01:12:52,245064843.59552723
2025-01-01 01:12:53,239451260.419718
2025-01-01 01:12:54,237982027.60142887
2025-01-01 01:12:55,238417204.6380918
2025-01-01 01:12:56,242849030.7091106
2025-01-01 01:12:57,251880995.70562735
2025-01-01 01:12:58,245176904.48738813
2025-01-01 01:12:59,236590072.06520984
2025-01-01 01:13:00,244351774.59230453
2025-01-01 01:13:01,245631398.17767933
2025-01-01 01:13:02,242308956.78041452
2025-01-01 01:13:03,241324960.59683853
2025-01-01 01:13:04,251330798.5959309
2025-01-01 01:13:05,249990715.1461175
2025-01-01 01:13:06,249651234.87640357
2025-01-01 01:13:07,251406246.49892926
2025-01-01 01:13:08,245596126.77198946
2025-01-01 01:13:09,244677492.20899895
2025-01-01 01:13:10,245231093.49782318
2025-01-01 01:13:11,244763889.80531192
2025-01-01 01:13:12,250419275.26850033
2025-01-01 01:13:13,246567629.65412962
2025-01-01 01:13:14,245046404.80465695
2025-01-01 01:13:15,246985936.98027435
2025-01-01 01:13:16,253049892.39472616
2025-01-01 01:13:17,248256972.1366708
2025-01-01 01:13:18,248432579.5382856
2025-01-01 01:13:19,245510869.19419867
2025-01-01 01:13:20,248458016.0197129
2025-01-01 01:13:21,244619230.3241587
2025-01-01 01:13:22,249976001.54304475
2025-01-01 01:13:23,250936519.82921892
2025-01-01 01:13:24,250189488.33366176
2025-01-01 01:13:25,250665983.35737672
2025-01-01 01:13:26,247146440.2556685
2025-01-01 01:13:27,242171567.7911925
2025-01-01 01:13:28,242973815.4411789
2025-01-01 01:13:29,244417951.54591727
2025-01-01 01:13:30,244083905.23359868
2025-01-01 01:13:31,239602044.625065
2025-01-01 01:13:32,241703084.61910826
2025-01-01 01:13:33,242942352.1390936
2025-01-01 01:13:34,246357346.48067227
2025-01-01 01:13:35,245325401.6748997
2025-01-01 01:13:36,245727153.93734324
2025-01-01 01:13:37,251930562.80336714
2025-01-01 01:13:38,246857849.4238609
2025-01-01 01:13:39,251979435.31516284
2025-01-01 01:13:40,248470219.60246456
2025-01-01 01:13:41,248525163.65287283
2025-01-01 01:13:42,248212976.41866204
2025-01-01 01:13:43,251736285.89046893
2025-01-01 01:13:44,254892828.23665416
2025-01-01 01:13:45,253860479.93796092
2025-01-01 01:13:46,252250365.99698704
2025-01-01 01:13:47,251661203.51822156
2025-01-01 01:13:48,256232846.1451534
2025-01-01 01:13:49,254560583.65243006
2025-01-01 01:13:50,248704576.87772706
2025-01-01 01:13:51,250298005.8500234
2025-01-01 01:13:52,245637293.21697155
2025-01-01 01:13:53,246731802.72003448
2025-01-01 01:13:54,249656825.89761582
2025-01-01 01:13:55,243627609.26711962
2025-01-01 01:13:56,248868983.3156859
2025-01-01 01:13:57,247479202.4121298
2025-01-01 01:13:58,248423246.53313154
2025-01-01 01:13:59,254284867.5539026
2025-01-01 01:14:00,255730503.4192923
2025-01-01 01:14:01,253003534.91189617
2025-01-01 01:14:02,256523253.80825913
2025-01-01 01:14:03,256383857.89311725
2025-01-01 01:14:04,252311835.16453257
2025-01-01 01:14:05,249742753.4151002
2025-01-01 01:14:06,252309927.03306764
2025-01-01 01:14:07,252707721.0313837
2025-01-01 01:14:08,251608298.51137987
2025-01-01 01:14:09,252480375.13243434
2025-01-01 01:14:10,247449686.24997273
2025-01-01 01:14:11,244733886.54579595
2025-01-01 01:14:12,248118142.20633823
2025-01-01 01:14:13,249816987.08780006
2025-01-01 01:14:14,250627354.4347532
2025-01-01 01:14:15,256444872.16150174
2025-01-01 01:14:16,252072611.7872082
2025-01-01 01:14:17,257498874.86995432
2025-01-01 01:14:18,255824646.5374459
2025-01-01 01:14:19,249100244.46278203
2025-01-01 01:14:20,250716468.3440151
2025-01-01 01:14:21,248149915.3336854
2025-01-01 01:14:22,246284715.62321466
2025-01-01 01:14:23,248159079.15164188
2025-01-01 01:14:24,247543402.5000868
2025-01-01 01:14:25,255934115.02877733
2025-01-01 01:14:26,246387654.31345838
2025-01-01 01:14:27,249671671.20665455
2025-01-01 01:14:28,245565554.8262166
2025-01-01 01:14:29,243022666.08550325
2025-01-01 01:14:30,244921643.3450065
2025-01-01 01:14:31,248072301.3615234
2025-01-01 01:14:32,247357667.4625292
2025-01-01 01:14:33,243546612.56292182
2025-01-01 01:14:34,242011686.27395236
2025-01-01 01:14:35,235075262.4969682
2025-01-01 01:14:36,242918139.19084144
2025-01-01 01:14:37,239859193.9219705
2025-01-01 01:14:38,244818648.1213961
2025-01-01 01:14:39,246344648.65977952
2025-01-01 01:14:40,244046491.879928
2025-01-01 01:14:41,242670987.76408148
2025-01-01 01:14:42,244590977.53996593
2025-01-01 01:14:43,246660771.5368591
2025-01-01 01:14:44,249256359.126819
2025-01-01 01:14:45,249355035.18513814
2025-01-01 01:14:46,253241564.34940416
2025-01-01 01:14:47,255586295.95735964
2025-01-01 01:14:48,248456686.50522113
2025-01-01 01:14:49,248546403.11524963
2025-01-01 01:14:50,245578202.91043845
2025-01-01 01:14:51,245983898.13998437
2025-01-01 01:14:52,249082354.3860233
2025-01-01 01:14:53,252380797.55526543
2025-01-01 01:14:54,251025299.9478771
2025-01-01 01:14:55,251040720.36983415
2025-01-01 01:14:56,244281507.3329939
2025-01-01 01:14:57,244481216.7067621
2025-01-01 01:14:58,242877542.8698091
2025-01-01 01:14:59,240771340.7497131
2025-01-01 01:15:00,248753286.4259829
2025-01-01 01:15:01,248704479.30213958
2025-01-01 01:15:02,246005651.67537388
2025-01-01 01:15:03,252269070.18181828
2025-01-01 01:15:04,250025907.10300502
2025-01-01 01:15:05,254482295.94606438
2025-01-01 01:15:06,253728828.46309948
2025-01-01 01:15:07,252495240.00712064
2025-01-01 01:15:08,246278442.4821475
2025-01-01 01:15:09,245041517.95139933
2025-01-01 01:15:10,247570807.83878702
2025-01-01 01:15:11,247279932.1058219
2025-01-01 01:15:12,244780598.27318794
2025-01-01 01:15:13,237522717.18688008
2025-01-01 01:15:14,245177651.42502505
2025-01-01 01:15:15,242825993.57823893
2025-01-01 01:15:16,241154196.3941645
2025-01-01 01:15:17,238945480.63259298
2025-01-01 01:15:18,245854209.24878237
2025-01-01 01:15:19,243163891.189266
2025-01-01 01:15:20,239972971.72252002
2025-01-01 01:15:21,241123042.8447052
2025-01-01 01:15:22,244732999.45292455
2025-01-01 01:15:23,241411447.73644555
2025-01-01 01:15:24,238450469.95477334
2025-01-01 01:15:25,246498095.5182382
2025-01-01 01:15:26,250009852.47062272
2025-01-01 01:15:27,252487132.00164092
2025-01-01 01:15:28,244745173.37421274
2025-01-01 01:15:29,237039102.38813022
2025-01-01 01:15:30,240276278.59183577
2025-01-01 01:15:31,245631608.69949934
2025-01-01 01:15:32,242738244.6909296
2025-01-01 01:15:33,244759326.422105
2025-01-01 01:15:34,245608359.13021493
2025-01-01 01:15:35,245380145.40732366
2025-01-01 01:15:36,250176772.9060457
2025-01-01 01:15:37,255248600.14787555
2025-01-01 01:15:38,249838480.93711823
2025-01-01 01:15:39,248588905.96957645
2025-01-01 01:15:40,249074818.56364393
2025-01-01 01:15:41,250962387.5289499
2025-01-01 01:15:42,250059243.2936037
2025-01-01 01:15:43,241108118.80274287
2025-01-01 01:15:44,247879567.7431317
2025-01-01 01:15:45,249122897.23501182
2025-01-01 01:15:46,244761858.65931165
2025-01-01 01:15:47,245337839.39336446
2025-01-01 01:15:48,253208879.4908341
2025-01-01 01:15:49,247642371.9276918
2025-01-01 01:15:50,243567224.41412693
2025-01-01 01:15:51,246045146.7097091
2025-01-01 01:15:52,245273325.92831498
2025-01-01 01:15:53,247228952.02991277
2025-01-01 01:15:54,248372485.88262355
2025-01-01 01:15:55,250844866.84882358
2025-01-01 01:15:56,249776239.35487464
2025-01-01 01:15:57,252719117.44465706
2025-01-01 01:15:58,248829635.27832818
2025-01-01 01:15:59,246412296.26459518
2025-01-01 01:16:00,255883693.37197673
2025-01-01 01:16:01,253811251.78462297
2025-01-01 01:16:02,255120423.18231305
2025-01-01 01:16:03,261527503.52516067
2025-01-01 01:16:04,254738916.60959545
2025-01-01 01:16:05,255009251.30164433
2025-01-01 01:16:06,263254680.21553114
2025-01-01 01:16:07,265890049.5815542
2025-01-01 01:16:08,258968614.48859817
2025-01-01 01:16:09,253663915.00755253
2025-01-01 01:16:10,257362114.86022693
2025-01-01 01:16:11,262973640.9557545
2025-01-01 01:16:12,255740240.59560996
2025-01-01 01:16:13,258440743.46757224
2025-01-01 01:16:14,257927667.02786595
2025-01-01 01:16:15,260789888.34118354
2025-01-01 01:16:16,258504547.86331192
2025-01-01 01:16:17,247781836.6799902
2025-01-01 01:16:18,249455139.08810243
2025-01-01 01:16:19,253888000.24378178
2025-01-01 01:16:20,256882930.10877168
2025-01-01 01:16:21,261844342.29563794
2025-01-01 01:16:22,260806651.38947642
2025-01-01 01:16:23,257101097.37409404
2025-01-01 01:16:24,257032320.9215503
2025-01-01 01:16:25,252619954.32598814
2025-01-01 01:16:26,253478557.57673734
2025-01-01 01:16:27,257153654.43989322
2025-01-01 01:16:28,256501327.63534656
2025-01-01 01:16:29,256231542.0161849
2025-01-01 01:16:30,251115884.589447
2025-01-01 01:16:31,245485389.01080883
2025-01-01 01:16:32,251638098.48628807
2025-01-01 01:16:33,251079853.70761162
2025-01-01 01:16:34,251568382.45301786
2025-01-01 01:16:35,247308937.992354
2025-01-01 01:16:36,249864802.58007306
2025-01-01 01:16:37,253775411.05549607
2025-01-01 01:16:38,255884322.68039468
2025-01-01 01:16:39,253105700.04196325
2025-01-01 01:16:40,254740361.13051808
2025-01-01 01:16:41,247096396.5061719
2025-01-01 01:16:42,242242264.47750244
2025-01-01 01:16:43,245517579.012695
2025-01-01 01:16:44,247293080.64530414
2025-01-01 01:16:45,246043999.52775657
2025-01-01 01:16:46,254640588.39186054
2025-01-01 01:16:47,256967148.86520475
2025-01-01 01:16:48,255972250.09388238
2025-01-01 01:16:49,245670765.68598533
2025-01-01 01:16:50,248073324.80497918
2025-01-01 01:16:51,247554207.2789158
2025-01-01 01:16:52,245583192.64124203
2025-01-01 01:16:53,252524981.60120466
2025-01-01 01:16:54,248489431.04707995
2025-01-01 01:16:55,245089609.862217
2025-01-01 01:16:56,248382451.98148614
2025-01-01 01:16:57,253090650.04781222
2025-01-01 01:16:58,255423875.07163677
2025-01-01 01:16:59,240279086.1754602
2025-01-01 01:17:00,245438179.31686953
2025-01-01 01:17:01,246611509.04817805
2025-01-01 01:17:02,253301176.37394232
2025-01-01 01:17:03,245844943.26369897
2025-01-01 01:17:04,249230063.46976945
2025-01-01 01:17:05,248623905.44585195
2025-01-01 01:17:06,248702237.3869031
2025-01-01 01:17:07,248408002.87591264
2025-01-01 01:17:08,250877374.01723644
2025-01-01 01:17:09,248566293.46394402
2025-01-01 01:17:10,254230780.71333656
2025-01-01 01:17:11,256473558.7407422
2025-01-01 01:17:12,253437390.99782762
2025-01-01 01:17:13,251745321.39504936
2025-01-01 01:17:14,252217438.40345788
2025-01-01 01:17:15,256818161.9633251
2025-01-01 01:17:16,253629649.56442192
2025-01-01 01:17:17,249518670.06843442
2025-01-01 01:17:18,247468279.1396035
2025-01-01 01:17:19,251214930.20057824
2025-01-01 01:17:20,258084664.66175923
2025-01-01 01:17:21,254933312.07306165
2025-01-01 01:17:22,247400164.72824392
2025-01-01 01:17:23,249943365.2681173
2025-01-01 01:17:24,246313464.65095067
2025-01-01 01:17:25,250819757.63099763
2025-01-01 01:17:26,249267301.3915901
2025-01-01 01:17:27,246799689.863562
2025-01-01 01:17:28,255604331.93272546
2025-01-01 01:17:29,252909926.2069367
2025-01-01 01:17:30,249673881.9364882
2025-01-01 01:17:31,251131989.34578758
2025-01-01 01:17:32,250782145.6916954
2025-01-01 01:17:33,248971078.86534196
2025-01-01 01:17:34,244902404.99733046
2025-01-01 01:17:35,246324711.44907957
2025-01-01 01:17:36,238125848.3707643
2025-01-01 01:17:37,248326181.41691
2025-01-01 01:17:38,243081123.3052782
2025-01-01 01:17:39,242337540.666731
2025-01-01 01:17:40,243567028.55299044
2025-01-01 01:17:41,247802420.33927697
2025-01-01 01:17:42,243007658.04828733
2025-01-01 01:17:43,244761268.92141655
2025-01-01 01:17:44,251794319.04459032
2025-01-01 01:17:45,247913096.5960576
2025-01-01 01:17:46,251796790.5587393
2025-01-01 01:17:47,248156681.68087086
2025-01-01 01:17:48,242980912.57898977
2025-01-01 01:17:49,244816609.163463
2025-01-01 01:17:50,248390428.02732185
2025-01-01 01:17:51,248860396.04732195
2025-01-01 01:17:52,245427502.70452505
2025-01-01 01:17:53,246629765.71423587
2025-01-01 01:17:54,246370176.42620867
2025-01-01 01:17:55,245035273.64472485
2025-01-01 01:17:56,243821842.95046774
2025-01-01 01:17:57,238574835.90720403
2025-01-01 01:17:58,242028411.6353705
2025-01-01 01:17:59,243171686.89054596
2025-01-01 01:18:00,242210031.63603655
2025-01-01 01:18:01,247082117.94851103
2025-01-01 01:18:02,243872404.35953298
2025-01-01 01:18:03,249870846.1009037
2025-01-01 01:18:04,253638749.11379388
2025-01-01 01:18:05,249257134.43558562
2025-01-01 01:18:06,247507276.30623168
2025-01-01 01:18:07,252910453.40189886
2025-01-01 01:18:08,251605864.01119328
2025-01-01 01:18:09,253121514.44775373
2025-01-01 01:18:10,254846142.46331057
2025-01-01 01:18:11,257484684.08030748
2025-01-01 01:18:12,255598448.14607185
2025-01-01 01:18:13,252104447.04537895
2025-01-01 01:18:14,248659121.04452217
2025-01-01 01:18:15,244625199.17316148
2025-01-01 01:18:16,250395250.15477467
2025-01-01 01:18:17,242621443.1657345
2025-01-01 01:18:18,248228514.13209718
2025-01-01 01:18:19,246289389.29284504
2025-01-01 01:18:20,247032845.66417095
2025-01-01 01:18:21,256837418.18163344
2025-01-01 01:18:22,254627050.35496765
2025-01-01 01:18:23,258675828.90298492
2025-01-01 01:18:24,257564628.22074354
2025-01-01 01:18:25,260927094.3088495
2025-01-01 01:18:26,249635369.15688384
2025-01-01 01:18:27,246435370.95224565
2025-01-01 01:18:28,253855961.8373365
2025-01-01 01:18:29,252287108.79065874
2025-01-01 01:18:30,252147462.92069593
2025-01-01 01:18:31,252560471.1119613
2025-01-01 01:18:32,250326188.09987617
2025-01-01 01:18:33,249605723.4794198
2025-01-01 01:18:34,254285779.12828678
2025-01-01 01:18:35,255230167.3790962
2025-01-01 01:18:36,248200888.0186022
2025-01-01 01:18:37,247719785.73711205
2025-01-01 01:18:38,245897652.42887098
2025-01-01 01:18:39,253052404.3086807
2025-01-01 01:18:40,252336627.68257546
2025-01-01 01:18:41,249629641.13179713
2025-01-01 01:18:42,250304994.53621906
2025-01-01 01:18:43,248857198.44713277
2025-01-01 01:18:44,246942629.49848872
2025-01-01 01:18:45,243839109.13794717
2025-01-01 01:18:46,239933055.69462153
2025-01-01 01:18:47,241165595.57615075
2025-01-01 01:18:48,249205068.61727518
2025-01-01 01:18:49,249772744.57275143
2025-01-01 01:18:50,243166346.8551651
2025-01-01 01:18:51,245017782.14206934
2025-01-01 01:18:52,250398816.49880773
2025-01-01 01:18:53,244827342.89648306
2025-01-01 01:18:54,244334080.79053244
2025-01-01 01:18:55,240807319.68693727
2025-01-01 01:18:56,245281870.99676144
2025-01-01 01:18:57,240318867.83314896
2025-01-01 01:18:58,243724287.8129482
2025-01-01 01:18:59,238800836.15446892
2025-01-01 01:19:00,242537325.63694757
2025-01-01 01:19:01,248253371.359815
2025-01-01 01:19:02,252968535.49941897
2025-01-01 01:19:03,253674156.60287496
2025-01-01 01:19:04,249622247.3387652
2025-01-01 01:19:05,249958819.61892155
2025-01-01 01:19:06,253519044.7098612
2025-01-01 01:19:07,250325900.07846192
2025-01-01 01:19:08,254336761.40786427
2025-01-01 01:19:09,251056334.70702288
2025-01-01 01:19:10,250319354.45980617
2025-01-01 01:19:11,247944601.34351993
2025-01-01 01:19:12,249072293.94394654
2025-01-01 01:19:13,241535352.69638634
2025-01-01 01:19:14,241874397.57122228
2025-01-01 01:19:15,247816258.419718
2025-01-01 01:19:16,243978282.50986093
2025-01-01 01:19:17,241363145.36233294
2025-01-01 01:19:18,239025503.36905462
2025-01-01 01:19:19,246395270.06567186
2025-01-01 01:19:20,238179262.1931336
2025-01-01 01:19:21,237725738.7378104
2025-01-01 01:19:22,242714740.64436007
2025-01-01 01:19:23,245353475.117181
2025-01-01 01:19:24,245538270.3597843
2025-01-01 01:19:25,242565077.80926403
2025-01-01 01:19:26,238053080.81235215
2025-01-01 01:19:27,239328422.9626388
2025-01-01 01:19:28,244574238.9015395
2025-01-01 01:19:29,250352809.12497184
2025-01-01 01:19:30,242378422.4699957
2025-01-01 01:19:31,239717138.79162326
2025-01-01 01:19:32,245822896.920572
2025-01-01 01:19:33,249709623.42794973
2025-01-01 01:19:34,246577507.62209797
2025-01-01 01:19:35,250099091.5954626
2025-01-01 01:19:36,254180586.93189868
2025-01-01 01:19:37,250398584.37241766
2025-01-01 01:19:38,253938111.28939614
2025-01-01 01:19:39,251025478.49857548
2025-01-01 01:19:40,254741777.58722726
2025-01-01 01:19:41,251127188.6751083
2025-01-01 01:19:42,250718141.948837
2025-01-01 01:19:43,256561453.96633837
2025-01-01 01:19:44,253110932.65828004
2025-01-01 01:19:45,251799768.03161845
2025-01-01 01:19:46,251214004.5898286
2025-01-01 01:19:47,250811412.08976352
2025-01-01 01:19:48,245715416.93239942
2025-01-01 01:19:49,247380118.49006307
2025-01-01 01:19:50,247710059.498384
2025-01-01 01:19:51,249735214.4723809
2025-01-01 01:19:52,249524527.00604045
2025-01-01 01:19:53,249261903.8641369
2025-01-01 01:19:54,250913588.92246354
2025-01-01 01:19:55,246338787.51071462
2025-01-01 01:19:56,251538092.47472328
2025-01-01 01:19:57,250646933.87130773
2025-01-01 01:19:58,250882312.73591736
2025-01-01 01:19:59,249362111.15150765
2025-01-01 01:20:00,251154688.6379265
2025-01-01 01:20:01,255245583.05363554
2025-01-01 01:20:02,251523538.36325437
2025-01-01 01:20:03,244086481.47840178
2025-01-01 01:20:04,244718666.7433807
2025-01-01 01:20:05,249308039.89376637
2025-01-01 01:20:06,256562162.47534394
2025-01-01 01:20:07,252671267.067788
2025-01-01 01:20:08,249531338.44413787
2025-01-01 01:20:09,247973104.0218021
2025-01-01 01:20:10,250515490.7947708
2025-01-01 01:20:11,247938252.5308656
2025-01-01 01:20:12,245768169.9091263
2025-01-01 01:20:13,252098664.51011202
2025-01-01 01:20:14,256430404.49024922
2025-01-01 01:20:15,249569124.8243047
2025-01-01 01:20:16,254498499.95762452
2025-01-01 01:20:17,252403933.4810768
2025-01-01 01:20:18,254812145.72795126
2025-01-01 01:20:19,253463643.54970866
2025-01-01 01:20:20,249709883.04110777
2025-01-01 01:20:21,251200193.58857098
2025-01-01 01:20:22,249259830.64870617
2025-01-01 01:20:23,244590926.32178
2025-01-01 01:20:24,246237369.4928383
2025-01-01 01:20:25,252970160.7429124
2025-01-01 01:20:26,254053127.1275504
2025-01-01 01:20:27,253064235.95398974
2025-01-01 01:20:28,254029934.30369225
2025-01-01 01:20:29,251375405.11689895
2025-01-01 01:20:30,251212893.3468448
2025-01-01 01:20:31,250382595.50512066
2025-01-01 01:20:32,245584859.7602808
2025-01-01 01:20:33,248902164.06739455
2025-01-01 01:20:34,243899055.6101089
2025-01-01 01:20:35,243406306.51688388
2025-01-01 01:20:36,248249423.9005773
2025-01-01 01:20:37,248782181.13329968
2025-01-01 01:20:38,255159954.6805901
2025-01-01 01:20:39,248272273.3542496
2025-01-01 01:20:40,250366100.61785722
2025-01-01 01:20:41,250768295.71763209
2025-01-01 01:20:42,250571903.93958536
2025-01-01 01:20:43,252012040.1316317
2025-01-01 01:20:44,250334218.654295
2025-01-01 01:20:45,250112439.68754753
2025-01-01 01:20:46,247904975.49559224
2025-01-01 01:20:47,246091971.01305473
2025-01-01 01:20:48,246111379.50733063
2025-01-01 01:20:49,251449185.2494075
2025-01-01 01:20:50,256323690.37031186
2025-01-01 01:20:51,247477387.4140528
2025-01-01 01:20:52,245569300.9136039
2025-01-01 01:20:53,250794441.95191172
2025-01-01 01:20:54,254529332.2887128
2025-01-01 01:20:55,245570294.8715425
2025-01-01 01:20:56,248259660.94426987
2025-01-01 01:20:57,249734803.64544684
2025-01-01 01:20:58,248552996.3752051
2025-01-01 01:20:59,246949373.0288241
2025-01-01 01:21:00,247835092.63669112
2025-01-01 01:21:01,248886188.6613331
2025-01-01 01:21:02,245916336.427631
2025-01-01 01:21:03,248651745.58539274
2025-01-01 01:21:04,245606220.12092516
2025-01-01 01:21:05,244381903.2692818
2025-01-01 01:21:06,244948675.82516146
2025-01-01 01:21:07,245798616.72283915
2025-01-01 01:21:08,247687940.00296202
2025-01-01 01:21:09,244159687.54571894
2025-01-01 01:21:10,247999106.35210744
2025-01-01 01:21:11,247897593.51241174
2025-01-01 01:21:12,246417333.3988192
2025-01-01 01:21:13,252439944.62783575
2025-01-01 01:21:14,252573360.02826196
2025-01-01 01:21:15,252548719.50077268
2025-01-01 01:21:16,253498121.07922754
2025-01-01 01:21:17,253353036.85036796
2025-01-01 01:21:18,254572711.97696355
2025-01-01 01:21:19,247580172.91481337
2025-01-01 01:21:20,248329140.78990778
2025-01-01 01:21:21,253942366.1073297
2025-01-01 01:21:22,249178377.2741128
2025-01-01 01:21:23,250852946.19973594
2025-01-01 01:21:24,250129944.65030897
2025-01-01 01:21:25,254241083.91531262
2025-01-01 01:21:26,254243518.03480658
2025-01-01 01:21:27,253623527.8883496
2025-01-01 01:21:28,255175588.40538368
2025-01-01 01:21:29,247924642.42394817
2025-01-01 01:21:30,250118570.56227472
2025-01-01 01:21:31,249159380.83359653
2025-01-01 01:21:32,251794558.51182684
2025-01-01 01:21:33,249000846.20607957
2025-01-01 01:21:34,252254364.58987495
2025-01-01 01:21:35,247537226.9049849
2025-01-01 01:21:36,249416127.94350475
2025-01-01 01:21:37,251932753.88622987
2025-01-01 01:21:38,250934902.5607844
2025-01-01 01:21:39,245565522.5768969
2025-01-01 01:21:40,250749878.3178271
2025-01-01 01:21:41,248695284.8053561
2025-01-01 01:21:42,243629621.76754445
2025-01-01 01:21:43,245485787.0806527
2025-01-01 01:21:44,245320463.43037838
2025-01-01 01:21:45,247834782.78151688
2025-01-01 01:21:46,241971908.67540395
2025-01-01 01:21:47,241940184.4868771
2025-01-01 01:21:48,249552472.74516022
2025-01-01 01:21:49,245932154.78203818
2025-01-01 01:21:50,249004756.24359205
2025-01-01 01:21:51,255013058.8806369
2025-01-01 01:21:52,253901009.06846145
2025-01-01 01:21:53,249530644.89374992
2025-01-01 01:21:54,250659971.55412152
2025-01-01 01:21:55,251345412.4346972
2025-01-01 01:21:56,254181907.65051895
2025-01-01 01:21:57,246041076.50191328
2025-01-01 01:21:58,251977108.47466442
2025-01-01 01:21:59,252131925.34479913
2025-01-01 01:22:00,249489018.74730837
2025-01-01 01:22:01,247223251.28992453
2025-01-01 01:22:02,248775295.67935288
2025-01-01 01:22:03,253782180.8587687
2025-01-01 01:22:04,252881556.89106226
2025-01-01 01:22:05,248223336.7699928
2025-01-01 01:22:06,248445098.15547553
2025-01-01 01:22:07,248108922.56373882
2025-01-01 01:22:08,249838520.36720145
2025-01-01 01:22:09,253897116.98717293
2025-01-01 01:22:10,252611600.1422506
2025-01-01 01:22:11,251708690.3159452
2025-01-01 01:22:12,249895068.74640393
2025-01-01 01:22:13,248838364.0620832
2025-01-01 01:22:14,251706624.90907216
2025-01-01 01:22:15,245850389.7952287
2025-01-01 01:22:16,250980663.14280003
2025-01-01 01:22:17,251434462.211143
2025-01-01 01:22:18,247887254.49966115
2025-01-01 01:22:19,244918163.43365553
2025-01-01 01:22:20,248204684.71108323
2025-01-01 01:22:21,242687359.84756222
2025-01-01 01:22:22,254013923.69241786
2025-01-01 01:22:23,251265653.46939334
2025-01-01 01:22:24,260576643.32796684
2025-01-01 01:22:25,253020188.76287094
2025-01-01 01:22:26,254287920.99285966
2025-01-01 01:22:27,253974518.9751602
2025-01-01 01:22:28,251950665.47542864
2025-01-01 01:22:29,258473145.89752752
2025-01-01 01:22:30,253926498.81569922
2025-01-01 01:22:31,255759508.96467474
2025-01-01 01:22:32,260194876.5503612
2025-01-01 01:22:33,261128938.91399017
2025-01-01 01:22:34,256330903.59229755
2025-01-01 01:22:35,254314203.39549914
2025-01-01 01:22:36,259640898.04952163
2025-01-01 01:22:37,259824751.71439546
2025-01-01 01:22:38,250502599.4263815
2025-01-01 01:22:39,257410609.14109766
2025-01-01 01:22:40,262478714.410453
2025-01-01 01:22:41,256480859.82554677
2025-01-01 01:22:42,255745749.66426373
2025-01-01 01:22:43,255476889.17621052
2025-01-01 01:22:44,257027494.61623716
2025-01-01 01:22:45,253890360.1695174
2025-01-01 01:22:46,252784384.6178139
2025-01-01 01:22:47,256030331.18303937
2025-01-01 01:22:48,253175727.7175566
2025-01-01 01:22:49,255962944.10061365
2025-01-01 01:22:50,259854877.3435541
2025-01-01 01:22:51,260093544.6025087
2025-01-01 01:22:52,256509103.76023966
2025-01-01 01:22:53,254760319.91419858
2025-01-01 01:22:54,253713797.5133919
2025-01-01 01:22:55,249670726.8974351
2025-01-01 01:22:56,251757035.7911518
2025-01-01 01:22:57,254843597.2985726
2025-01-01 01:22:58,256398561.23666868
2025-01-01 01:22:59,255708707.90968183
2025-01-01 01:23:00,254556538.25703666
2025-01-01 01:23:01,255748129.6353244
2025-01-01 01:23:02,254239808.80955696
2025-01-01 01:23:03,250198334.32542145
2025-01-01 01:23:04,254530261.44673732
2025-01-01 01:23:05,260477231.4124766
2025-01-01 01:23:06,253558277.0559322
2025-01-01 01:23:07,252988571.2898731
2025-01-01 01:23:08,257444096.41398853
2025-01-01 01:23:09,254639787.69957522
2025-01-01 01:23:10,248272139.0664792
2025-01-01 01:23:11,256478034.9489056
2025-01-01 01:23:12,254286695.5135596
2025-01-01 01:23:13,245153627.3194115
2025-01-01 01:23:14,243878234.25741953
2025-01-01 01:23:15,246941486.7909727
2025-01-01 01:23:16,247339623.08841455
2025-01-01 01:23:17,250127951.4074022
2025-01-01 01:23:18,252360810.45742777
2025-01-01 01:23:19,246511241.87624463
2025-01-01 01:23:20,247720325.67656425
2025-01-01 01:23:21,257871014.5992718
2025-01-01 01:23:22,258056460.81564465
2025-01-01 01:23:23,255418037.7686971
2025-01-01 01:23:24,258012516.22807196
2025-01-01 01:23:25,253335769.88629737
2025-01-01 01:23:26,253545102.32407665
2025-01-01 01:23:27,254979495.88422397
2025-01-01 01:23:28,253330632.1032187
2025-01-01 01:23:29,254520463.7200204
2025-01-01 01:23:30,249695179.18787825
2025-01-01 01:23:31,250653380.4916553
2025-01-01 01:23:32,249616298.60940412
2025-01-01 01:23:33,249270696.71473783
2025-01-01 01:23:34,256381570.00874344
2025-01-01 01:23:35,255673757.10346913
2025-01-01 01:23:36,257278543.574359
2025-01-01 01:23:37,254054259.3937662
2025-01-01 01:23:38,251650828.11384672
2025-01-01 01:23:39,256544915.7629455
2025-01-01 01:23:40,249368703.99473536
2025-01-01 01:23:41,252412371.12833914
2025-01-01 01:23:42,251417098.5413166
2025-01-01 01:23:43,251809474.29466233
2025-01-01 01:23:44,254382045.63923863
2025-01-01 01:23:45,247657671.33611825
2025-01-01 01:23:46,242470168.89867064
2025-01-01 01:23:47,242213494.5739217
2025-01-01 01:23:48,243744488.65948215
2025-01-01 01:23:49,244155888.80182076
2025-01-01 01:23:50,247940602.15351602
2025-01-01 01:23:51,248535176.17427224
2025-01-01 01:23:52,246646527.43762508
2025-01-01 01:23:53,243836656.90542784
2025-01-01 01:23:54,242038168.39272895
2025-01-01 01:23:55,242843842.8389154
2025-01-01 01:23:56,250178719.29602462
2025-01-01 01:23:57,250966130.49670577
2025-01-01 01:23:58,247819226.10527
2025-01-01 01:23:59,248417744.65895924
2025-01-01 01:24:00,244076066.63427305
2025-01-01 01:24:01,244610743.26459312
2025-01-01 01:24:02,250782081.77883425
2025-01-01 01:24:03,245523614.41447648
2025-01-01 01:24:04,247478959.3034111
2025-01-01 01:24:05,248226491.62669587
2025-01-01 01:24:06,247407294.46213937
2025-01-01 01:24:07,242030742.8178985
2025-01-01 01:24:08,247729840.94135517
2025-01-01 01:24:09,241897876.93826565
2025-01-01 01:24:10,246501273.934613
2025-01-01 01:24:11,246621321.06550598
2025-01-01 01:24:12,248647083.99360007
2025-01-01 01:24:13,255128997.36629605
2025-01-01 01:24:14,253705069.51939934
2025-01-01 01:24:15,249215256.6622999
2025-01-01 01:24:16,251808703.3935717
2025-01-01 01:24:17,248258473.82104984
2025-01-01 01:24:18,255950686.05248344
2025-01-01 01:24:19,248509131.57567447
2025-01-01 01:24:20,249513823.02424282
2025-01-01 01:24:21,252533868.07721382
2025-01-01 01:24:22,241994542.9236532
2025-01-01 01:24:23,246353791.24314478
2025-01-01 01:24:24,248743594.56289676
2025-01-01 01:24:25,243630705.4102217
2025-01-01 01:24:26,251123727.20610166
2025-01-01 01:24:27,242029793.01125926
2025-01-01 01:24:28,247505211.26359764
2025-01-01 01:24:29,245595000.3635653
2025-01-01 01:24:30,245497574.44856733
2025-01-01 01:24:31,244949444.62552574
2025-01-01 01:24:32,245840270.0198649
2025-01-01 01:24:33,245570973.6621593
2025-01-01 01:24:34,243839645.85453486
2025-01-01 01:24:35,245320572.0927599
2025-01-01 01:24:36,251531451.54043797
2025-01-01 01:24:37,257174662.08328095
2025-01-01 01:24:38,254315605.21781194
2025-01-01 01:24:39,258111481.3428503
2025-01-01 01:24:40,252759631.84691682
2025-01-01 01:24:41,254227346.38079873
2025-01-01 01:24:42,246933236.1745164
2025-01-01 01:24:43,250504085.1356671
2025-01-01 01:24:44,258140367.05989838
2025-01-01 01:24:45,250010506.76712385
2025-01-01 01:24:46,253293200.08272952
2025-01-01 01:24:47,255795693.72144398
2025-01-01 01:24:48,257501306.53818086
2025-01-01 01:24:49,253371492.1007877
2025-01-01 01:24:50,258892728.92566624
2025-01-01 01:24:51,255754099.84289128
2025-01-01 01:24:52,251859803.73233452
2025-01-01 01:24:53,253484548.17017955
2025-01-01 01:24:54,254346842.2858723
2025-01-01 01:24:55,248533444.79166844
2025-01-01 01:24:56,254272511.0604497
2025-01-01 01:24:57,253779877.0820873
2025-01-01 01:24:58,251577600.89617386
2025-01-01 01:24:59,248699132.855867
2025-01-01 01:25:00,250778584.02217498
2025-01-01 01:25:01,249459028.0581224
2025-01-01 01:25:02,251816806.69528306
2025-01-01 01:25:03,247081889.27341872
2025-01-01 01:25:04,253810894.9163734
2025-01-01 01:25:05,252387507.3613872
2025-01-01 01:25:06,256473712.90537012
2025-01-01 01:25:07,254861662.60124356
2025-01-01 01:25:08,249744369.2217639
2025-01-01 01:25:09,254842214.72049102
2025-01-01 01:25:10,258085997.32766834
2025-01-01 01:25:11,256853100.52576733
2025-01-01 01:25:12,256592279.87399027
2025-01-01 01:25:13,249943171.22990105
2025-01-01 01:25:14,250750669.62704933
2025-01-01 01:25:15,249524952.6508669
2025-01-01 01:25:16,249155920.47280824
2025-01-01 01:25:17,249939089.04728416
2025-01-01 01:25:18,246720728.86219302
2025-01-01 01:25:19,250026452.86002916
2025-01-01 01:25:20,253996914.131244
2025-01-01 01:25:21,254438442.32501942
2025-01-01 01:25:22,251215255.44690302
2025-01-01 01:25:23,244854036.1553478
2025-01-01 01:25:24,249925429.4111688
2025-01-01 01:25:25,246681984.61395878
2025-01-01 01:25:26,242700088.65025192
2025-01-01 01:25:27,243061170.67962897
2025-01-01 01:25:28,245591202.8587918
2025-01-01 01:25:29,246460238.0320275
2025-01-01 01:25:30,242829797.0688045
2025-01-01 01:25:31,241798836.54941297
2025-01-01 01:25:32,245547511.79624054
2025-01-01 01:25:33,248767112.197399
2025-01-01 01:25:34,250306085.6677457
2025-01-01 01:25:35,250055017.4123473
2025-01-01 01:25:36,251994062.35967946
2025-01-01 01:25:37,247818469.77759504
2025-01-01 01:25:38,242818963.93606347
2025-01-01 01:25:39,244182352.66743612
2025-01-01 01:25:40,241121231.95096046
2025-01-01 01:25:41,237155215.549079
2025-01-01 01:25:42,243915289.587625
2025-01-01 01:25:43,246408317.53536895
2025-01-01 01:25:44,247304755.12636805
2025-01-01 01:25:45,250377973.21940342
2025-01-01 01:25:46,244231730.91260925
2025-01-01 01:25:47,244864350.15470123
2025-01-01 01:25:48,246112853.0458236
2025-01-01 01:25:49,243529929.32925555
2025-01-01 01:25:50,242720260.64354485
2025-01-01 01:25:51,251049681.90867022
2025-01-01 01:25:52,250014533.2493048
2025-01-01 01:25:53,246692732.90747425
2025-01-01 01:25:54,243439934.10460463
2025-01-01 01:25:55,245274852.07764584
2025-01-01 01:25:56,241424385.43758
2025-01-01 01:25:57,245692819.97889993
2025-01-01 01:25:58,244602529.7825654
2025-01-01 01:25:59,253541562.40307748
2025-01-01 01:26:00,253435677.11063042
2025-01-01 01:26:01,251083997.94926208
2025-01-01 01:26:02,260457060.2245967
2025-01-01 01:26:03,258382951.23526677
2025-01-01 01:26:04,254846341.97364902
2025-01-01 01:26:05,257057463.15158376
2025-01-01 01:26:06,251878502.11741534
2025-01-01 01:26:07,248286029.31932256
2025-01-01 01:26:08,255493122.37619597
2025-01-01 01:26:09,256413580.6763352
2025-01-01 01:26:10,255935518.71146518
2025-01-01 01:26:11,252582884.08323005
2025-01-01 01:26:12,254464628.80243325
2025-01-01 01:26:13,256538536.78228644
2025-01-01 01:26:14,256418260.93207783
2025-01-01 01:26:15,252338710.34380263
2025-01-01 01:26:16,258908507.2983171
2025-01-01 01:26:17,254625375.36013952
2025-01-01 01:26:18,248521604.06704843
2025-01-01 01:26:19,246016224.1848284
2025-01-01 01:26:20,244616468.42038134
2025-01-01 01:26:21,246776658.13121438
2025-01-01 01:26:22,247375757.40310603
2025-01-01 01:26:23,249338313.98144776
2025-01-01 01:26:24,247074794.04790047
2025-01-01 01:26:25,245777219.20055956
2025-01-01 01:26:26,245860889.27813217
2025-01-01 01:26:27,253506930.43549564
2025-01-01 01:26:28,249611190.13197368
2025-01-01 01:26:29,246846155.4219266
2025-01-01 01:26:30,246769766.83629617
2025-01-01 01:26:31,244524337.0582921
2025-01-01 01:26:32,244726319.8510691
2025-01-01 01:26:33,242517928.0924258
2025-01-01 01:26:34,243866691.3395282
2025-01-01 01:26:35,246373398.4867049
2025-01-01 01:26:36,244308975.7455609
2025-01-01 01:26:37,245035521.6332682
2025-01-01 01:26:38,251549085.9676911
2025-01-01 01:26:39,248394493.8343011
2025-01-01 01:26:40,252399335.23721266
2025-01-01 01:26:41,253831683.0431968
2025-01-01 01:26:42,256013605.47332752
2025-01-01 01:26:43,254852129.55160022
2025-01-01 01:26:44,255717300.03568882
2025-01-01 01:26:45,252833826.75576466
2025-01-01 01:26:46,255979445.92120528
2025-01-01 01:26:47,248611086.0146564
2025-01-01 01:26:48,245374894.58760592
2025-01-01 01:26:49,251489383.64458174
2025-01-01 01:26:50,247075069.2347865
2025-01-01 01:26:51,247376591.3317793
2025-01-01 01:26:52,254289848.9279669
2025-01-01 01:26:53,250843059.00567597
2025-01-01 01:26:54,252914013.85713562
2025-01-01 01:26:55,249344051.53768694
2025-01-01 01:26:56,248891394.71692398
2025-01-01 01:26:57,251028903.5744372
2025-01-01 01:26:58,252109567.71462408
2025-01-01 01:26:59,251173983.69582498
2025-01-01 01:27:00,248556816.42686796
2025-01-01 01:27:01,246880802.84839725
2025-01-01 01:27:02,246509739.71589065
2025-01-01 01:27:03,249843765.89123076
2025-01-01 01:27:04,246995306.53386137
2025-01-01 01:27:05,250061600.2593333
2025-01-01 01:27:06,248905297.86052865
2025-01-01 01:27:07,247415836.64920926
2025-01-01 01:27:08,248238321.11658704
2025-01-01 01:27:09,248632391.9979668
2025-01-01 01:27:10,241762595.91548568
2025-01-01 01:27:11,242335776.87744763
2025-01-01 01:27:12,249840463.35226414
2025-01-01 01:27:13,245778938.71049672
2025-01-01 01:27:14,250056845.62049463
2025-01-01 01:27:15,249266048.62905514
2025-01-01 01:27:16,239637140.1412698
2025-01-01 01:27:17,236836385.2736866
2025-01-01 01:27:18,245442260.80841964
2025-01-01 01:27:19,242851856.67811403
2025-01-01 01:27:20,250734586.5074003
2025-01-01 01:27:21,248188233.14515886
2025-01-01 01:27:22,245538806.9156361
2025-01-01 01:27:23,239832019.47118142
2025-01-01 01:27:24,242346208.18949133
2025-01-01 01:27:25,251465954.1117362
2025-01-01 01:27:26,248337996.6393104
2025-01-01 01:27:27,246493135.93992063
2025-01-01 01:27:28,244391023.2379194
2025-01-01 01:27:29,248690270.53987247
2025-01-01 01:27:30,248024073.47763166
2025-01-01 01:27:31,252868029.5130507
2025-01-01 01:27:32,251490209.83325592
2025-01-01 01:27:33,253564672.75604245
2025-01-01 01:27:34,250287971.46769103
2025-01-01 01:27:35,248838771.49021828
2025-01-01 01:27:36,251585190.76586163
2025-01-01 01:27:37,251124408.04726976
2025-01-01 01:27:38,249712551.50683284
2025-01-01 01:27:39,247427430.3768143
2025-01-01 01:27:40,243311328.9176463
2025-01-01 01:27:41,246767549.53019553
2025-01-01 01:27:42,246161860.96594447
2025-01-01 01:27:43,245762984.2485767
2025-01-01 01:27:44,239291623.07569912
2025-01-01 01:27:45,242007535.95534024
2025-01-01 01:27:46,241625152.20169917
2025-01-01 01:27:47,240449238.3736333
2025-01-01 01:27:48,242967365.29166445
2025-01-01 01:27:49,252881177.54777977
2025-01-01 01:27:50,245360486.76917472
2025-01-01 01:27:51,244396406.74328256
2025-01-01 01:27:52,242658089.59561127
2025-01-01 01:27:53,241155962.53575858
2025-01-01 01:27:54,236373891.65751484
2025-01-01 01:27:55,240517496.3432646
2025-01-01 01:27:56,248279747.32910752
2025-01-01 01:27:57,242754555.40352958
2025-01-01 01:27:58,249564272.1308959
2025-01-01 01:27:59,252341056.8548752
2025-01-01 01:28:00,249293828.0019771
2025-01-01 01:28:01,244376283.4543677
2025-01-01 01:28:02,245406289.54910243
2025-01-01 01:28:03,256107599.42420828
2025-01-01 01:28:04,252755795.17511234
2025-01-01 01:28:05,257328164.2780348
2025-01-01 01:28:06,253620300.0002979
2025-01-01 01:28:07,250010212.90923473
2025-01-01 01:28:08,254774077.31269795
2025-01-01 01:28:09,248955060.615006
2025-01-01 01:28:10,244500260.01672268
2025-01-01 01:28:11,249747584.06919137
2025-01-01 01:28:12,243795992.04268834
2025-01-01 01:28:13,243532213.09155923
2025-01-01 01:28:14,245041660.41794997
2025-01-01 01:28:15,247890138.7589731
2025-01-01 01:28:16,248499122.4118612
2025-01-01 01:28:17,246740038.54263538
2025-01-01 01:28:18,251880738.80048978
2025-01-01 01:28:19,249472119.77439475
2025-01-01 01:28:20,252877742.63699612
2025-01-01 01:28:21,250291762.49278045
2025-01-01 01:28:22,252172894.68361652
2025-01-01 01:28:23,251754412.9377993
2025-01-01 01:28:24,255848660.58874378
2025-01-01 01:28:25,251795433.6706498
2025-01-01 01:28:26,250859270.70392698
2025-01-01 01:28:27,247080199.7632807
2025-01-01 01:28:28,245073193.43906966
2025-01-01 01:28:29,245193903.74644354
2025-01-01 01:28:30,242838173.3661545
2025-01-01 01:28:31,243989587.97033355
2025-01-01 01:28:32,246225460.90413654
2025-01-01 01:28:33,248036662.63719788
2025-01-01 01:28:34,243321479.50024682
2025-01-01 01:28:35,249283863.78133383
2025-01-01 01:28:36,248849106.86411422
2025-01-01 01:28:37,252179565.40288377
2025-01-01 01:28:38,247384630.09023598
2025-01-01 01:28:39,250690235.02719575
2025-01-01 01:28:40,249221547.50155368
2025-01-01 01:28:41,247373637.47162
2025-01-01 01:28:42,250971840.88328505
2025-01-01 01:28:43,252657174.3401819
2025-01-01 01:28:44,249387342.44634542
2025-01-01 01:28:45,243812531.97636488
2025-01-01 01:28:46,250862944.2295769
2025-01-01 01:28:47,254228791.08061716
2025-01-01 01:28:48,247581742.64465562
2025-01-01 01:28:49,253709083.9904695
2025-01-01 01:28:50,247530484.42535692
2025-01-01 01:28:51,244664360.7812375
2025-01-01 01:28:52,244965008.4512368
2025-01-01 01:28:53,251605281.36299217
2025-01-01 01:28:54,246327769.9487071
2025-01-01 01:28:55,251582828.90816918
2025-01-01 01:28:56,248974870.6120299
2025-01-01 01:28:57,243841315.41540864
2025-01-01 01:28:58,239110659.4947387
2025-01-01 01:28:59,244071771.17098126
2025-01-01 01:29:00,253635104.03293186
2025-01-01 01:29:01,249833854.7183512
2025-01-01 01:29:02,252458556.53992385
2025-01-01 01:29:03,252537234.68462795
2025-01-01 01:29:04,248241469.0288915
2025-01-01 01:29:05,245400929.42195588
2025-01-01 01:29:06,245602751.16459888
2025-01-01 01:29:07,246340545.4276908
2025-01-01 01:29:08,247461591.92436153
2025-01-01 01:29:09,246328517.07485953
2025-01-01 01:29:10,254302400.23613715
2025-01-01 01:29:11,249142255.23072127
2025-01-01 01:29:12,250594766.1438413
2025-01-01 01:29:13,250355237.83511508
2025-01-01 01:29:14,253311960.52666655
2025-01-01 01:29:15,250177740.35618186
2025-01-01 01:29:16,250974641.15367165
2025-01-01 01:29:17,250379668.9070332
2025-01-01 01:29:18,252006693.21749592
2025-01-01 01:29:19,251523294.6647111
2025-01-01 01:29:20,252310440.19757155
2025-01-01 01:29:21,251351786.9711086
2025-01-01 01:29:22,246296479.10592028
2025-01-01 01:29:23,246302845.84265882
2025-01-01 01:29:24,241171438.21634817
2025-01-01 01:29:25,244322394.67687395
2025-01-01 01:29:26,244376850.12791097
2025-01-01 01:29:27,248473833.61475387
2025-01-01 01:29:28,252588967.20853135
2025-01-01 01:29:29,247297245.78551942
2025-01-01 01:29:30,249186756.64358306
2025-01-01 01:29:31,254720886.52136245
2025-01-01 01:29:32,252191059.3200264
2025-01-01 01:29:33,252456752.1092049
2025-01-01 01:29:34,252583974.69125974
2025-01-01 01:29:35,242059038.38834184
2025-01-01 01:29:36,237437284.5996768
2025-01-01 01:29:37,238277965.88809633
2025-01-01 01:29:38,244800349.16535714
2025-01-01 01:29:39,246172026.697418
2025-01-01 01:29:40,244964541.65670183
2025-01-01 01:29:41,245065620.20568344
2025-01-01 01:29:42,249100459.3035532
2025-01-01 01:29:43,245001653.63883752
2025-01-01 01:29:44,247263839.21956402
2025-01-01 01:29:45,247217843.30021363
2025-01-01 01:29:46,247188610.3711595
2025-01-01 01:29:47,249387149.82979217
2025-01-01 01:29:48,246647081.6496203
2025-01-01 01:29:49,247789040.74298772
2025-01-01 01:29:50,246596623.96031672
2025-01-01 01:29:51,245487535.58855516
2025-01-01 01:29:52,247233333.33776644
2025-01-01 01:29:53,246285615.2857239
2025-01-01 01:29:54,249126827.08021656
2025-01-01 01:29:55,247268394.9849097
2025-01-01 01:29:56,242251898.27892792
2025-01-01 01:29:57,251048985.28112426
2025-01-01 01:29:58,244104864.83475143
2025-01-01 01:29:59,250245973.15739083
2025-01-01 01:30:00,246435520.93529797
2025-01-01 01:30:01,247643840.98269692
2025-01-01 01:30:02,249088138.0870269
2025-01-01 01:30:03,253950795.6853695
2025-01-01 01:30:04,246651129.90912077
2025-01-01 01:30:05,250207635.6054149
2025-01-01 01:30:06,256607923.28756362
2025-01-01 01:30:07,250801540.97234663
2025-01-01 01:30:08,256505684.77681372
2025-01-01 01:30:09,248604124.5017577
2025-01-01 01:30:10,249664468.83674145
2025-01-01 01:30:11,249068576.88485616
2025-01-01 01:30:12,239979349.47223622
2025-01-01 01:30:13,241561038.86413166
2025-01-01 01:30:14,249242696.9672715
2025-01-01 01:30:15,246271889.41448092
2025-01-01 01:30:16,243128373.137587
2025-01-01 01:30:17,247612901.33441252
2025-01-01 01:30:18,247907755.35529247
2025-01-01 01:30:19,249150890.8710912
2025-01-01 01:30:20,245194935.3905584
2025-01-01 01:30:21,242160386.47838104
2025-01-01 01:30:22,246098196.1203688
2025-01-01 01:30:23,253844099.1749294
2025-01-01 01:30:24,253744766.0339076
2025-01-01 01:30:25,253765873.162366
2025-01-01 01:30:26,246870556.65229583
2025-01-01 01:30:27,248065182.40651804
2025-01-01 01:30:28,241376749.17303592
2025-01-01 01:30:29,250050638.18081272
2025-01-01 01:30:30,248897374.31783032
2025-01-01 01:30:31,247857550.32092857
2025-01-01 01:30:32,242267231.84906495
2025-01-01 01:30:33,247271154.25798002
2025-01-01 01:30:34,245904939.95028192
2025-01-01 01:30:35,245446385.7692035
2025-01-01 01:30:36,244877956.06133658
2025-01-01 01:30:37,246606904.36124605
2025-01-01 01:30:38,244708382.85642275
2025-01-01 01:30:39,247933849.02142406
2025-01-01 01:30:40,250859253.87007684
2025-01-01 01:30:41,248900524.5383023
2025-01-01 01:30:42,252579845.27133614
2025-01-01 01:30:43,253022660.3017518
2025-01-01 01:30:44,254144913.69092867
2025-01-01 01:30:45,246579176.47247452
2025-01-01 01:30:46,254330195.69075623
2025-01-01 01:30:47,257027991.46145117
2025-01-01 01:30:48,253178803.67498675
2025-01-01 01:30:49,258779260.02166623
2025-01-01 01:30:50,257853112.77961683
2025-01-01 01:30:51,252632709.48680294
2025-01-01 01:30:52,253426050.3013684
2025-01-01 01:30:53,256401392.86087742
2025-01-01 01:30:54,253753415.0829324
2025-01-01 01:30:55,254680433.62297887
2025-01-01 01:30:56,253750225.7552924
2025-01-01 01:30:57,246348879.3352344
2025-01-01 01:30:58,244336256.4251147
2025-01-01 01:30:59,250516249.31404877
2025-01-01 01:31:00,242829678.5392522
2025-01-01 01:31:01,241753289.20847005
2025-01-01 01:31:02,246685411.60023504
2025-01-01 01:31:03,245805976.64185825
2025-01-01 01:31:04,245271326.7061472
2025-01-01 01:31:05,252333713.50857762
2025-01-01 01:31:06,245810127.2263757
2025-01-01 01:31:07,246850286.75974444
2025-01-01 01:31:08,248244262.27821097
2025-01-01 01:31:09,244666639.5155853
2025-01-01 01:31:10,241958651.74148822
2025-01-01 01:31:11,245182158.61438876
2025-01-01 01:31:12,241561605.6847839
2025-01-01 01:31:13,247383678.6042484
2025-01-01 01:31:14,245786723.47592783
2025-01-01 01:31:15,240159670.19328037
2025-01-01 01:31:16,238498697.92182198
2025-01-01 01:31:17,242293269.36284086
2025-01-01 01:31:18,240210242.9325805
2025-01-01 01:31:19,243256065.15706295
2025-01-01 01:31:20,242446095.76628682
2025-01-01 01:31:21,239322816.7529378
2025-01-01 01:31:22,234736826.7121883
2025-01-01 01:31:23,237522992.047333
2025-01-01 01:31:24,241738731.4231064
2025-01-01 01:31:25,246457449.4366152
2025-01-01 01:31:26,244517070.0529734
2025-01-01 01:31:27,238754628.90953076
2025-01-01 01:31:28,236643882.98658833
2025-01-01 01:31:29,241459922.11079374
2025-01-01 01:31:30,239859653.19846126
2025-01-01 01:31:31,243016303.5557407
2025-01-01 01:31:32,237974344.25822577
2025-01-01 01:31:33,245174754.95885083
2025-01-01 01:31:34,248260043.05821425
2025-01-01 01:31:35,243726300.97961974
2025-01-01 01:31:36,245362133.25104654
2025-01-01 01:31:37,251160482.12120405
2025-01-01 01:31:38,240626722.4327603
2025-01-01 01:31:39,240831312.36070403
2025-01-01 01:31:40,241931291.29299724
2025-01-01 01:31:41,244401289.61528352
2025-01-01 01:31:42,243070555.87535977
2025-01-01 01:31:43,248047726.67888665
2025-01-01 01:31:44,248715024.82648703
2025-01-01 01:31:45,247138071.11583173
2025-01-01 01:31:46,245343165.1267638
2025-01-01 01:31:47,246521289.25122452
2025-01-01 01:31:48,251372035.450383
2025-01-01 01:31:49,244261565.5019281
2025-01-01 01:31:50,243461058.10670814
2025-01-01 01:31:51,243127811.8726077
2025-01-01 01:31:52,244540736.60381618
2025-01-01 01:31:53,240145855.02602586
2025-01-01 01:31:54,240638622.43071708
2025-01-01 01:31:55,247511728.47639918
2025-01-01 01:31:56,249752326.61113024
2025-01-01 01:31:57,241730388.26930225
2025-01-01 01:31:58,243748722.5623754
2025-01-01 01:31:59,250247727.6419613
2025-01-01 01:32:00,244239360.66259193
2025-01-01 01:32:01,246620208.36336252
2025-01-01 01:32:02,241012761.34484944
2025-01-01 01:32:03,244105345.7506032
2025-01-01 01:32:04,238101065.29789117
2025-01-01 01:32:05,246887227.51624572
2025-01-01 01:32:06,246759494.21430233
2025-01-01 01:32:07,243186766.40972716
2025-01-01 01:32:08,239815014.8089426
2025-01-01 01:32:09,245968521.99194655
2025-01-01 01:32:10,245181799.64340016
2025-01-01 01:32:11,249574107.7550365
2025-01-01 01:32:12,248497358.67442814
2025-01-01 01:32:13,245562395.35676196
2025-01-01 01:32:14,247392099.155094
2025-01-01 01:32:15,248344882.03502497
2025-01-01 01:32:16,253257302.838967
2025-01-01 01:32:17,248393016.8951656
2025-01-01 01:32:18,248672291.53105018
2025-01-01 01:32:19,250329949.27833807
2025-01-01 01:32:20,248128521.98662677
2025-01-01 01:32:21,250426019.96928898
2025-01-01 01:32:22,252561688.85743317
2025-01-01 01:32:23,249843122.03072658
2025-01-01 01:32:24,245263855.69811282
2025-01-01 01:32:25,246314891.73371845
2025-01-01 01:32:26,253453834.4327011
2025-01-01 01:32:27,250893187.9975553
2025-01-01 01:32:28,247441776.05656752
2025-01-01 01:32:29,251720558.31300622
2025-01-01 01:32:30,248469786.0028409
2025-01-01 01:32:31,252350634.1217044
2025-01-01 01:32:32,250231962.9777421
2025-01-01 01:32:33,249739720.8818611
2025-01-01 01:32:34,252561773.1815255
2025-01-01 01:32:35,249728903.09596094
2025-01-01 01:32:36,254411965.2734662
2025-01-01 01:32:37,260403140.30064473
2025-01-01 01:32:38,250838254.60627759
2025-01-01 01:32:39,255296459.1426935
2025-01-01 01:32:40,249619995.44135052
2025-01-01 01:32:41,248565010.5287614
2025-01-01 01:32:42,251496573.92323115
2025-01-01 01:32:43,254588770.6535659
2025-01-01 01:32:44,254285738.1571539
2025-01-01 01:32:45,256085225.72977835
2025-01-01 01:32:46,251768989.00326705
2025-01-01 01:32:47,249615549.254494
2025-01-01 01:32:48,252190537.7341127
2025-01-01 01:32:49,257697088.93116784
2025-01-01 01:32:50,251969578.3226789
2025-01-01 01:32:51,255226264.07682127
2025-01-01 01:32:52,254217489.97310442
2025-01-01 01:32:53,257582460.7608838
2025-01-01 01:32:54,256967260.84710008
2025-01-01 01:32:55,254942267.3644767
2025-01-01 01:32:56,255010777.83809343
2025-01-01 01:32:57,248051971.28996405
2025-01-01 01:32:58,247130950.2830345
2025-01-01 01:32:59,244686037.59818506
2025-01-01 01:33:00,241958656.13317254
2025-01-01 01:33:01,244280761.63793138
2025-01-01 01:33:02,246858865.30102107
2025-01-01 01:33:03,251720137.95351905
2025-01-01 01:33:04,247424737.58572942
2025-01-01 01:33:05,249610042.02175263
2025-01-01 01:33:06,245429176.02983108
2025-01-01 01:33:07,253596743.05633688
2025-01-01 01:33:08,252598485.07619518
2025-01-01 01:33:09,250955876.66718256
2025-01-01 01:33:10,247932672.87379423
2025-01-01 01:33:11,247849310.56935692
2025-01-01 01:33:12,250908557.36266804
2025-01-01 01:33:13,248335917.60882428
2025-01-01 01:33:14,243950053.71625212
2025-01-01 01:33:15,245579860.54999402
2025-01-01 01:33:16,247688901.57644
2025-01-01 01:33:17,246517094.8239129
2025-01-01 01:33:18,251618497.6045997
2025-01-01 01:33:19,246760305.43704745
2025-01-01 01:33:20,247046348.14577183
2025-01-01 01:33:21,247938950.85392433
2025-01-01 01:33:22,253614168.80060825
2025-01-01 01:33:23,250841273.78693664
2025-01-01 01:33:24,247908627.65957627
2025-01-01 01:33:25,247391722.3337012
2025-01-01 01:33:26,246871924.53895476
2025-01-01 01:33:27,248263337.7852253
2025-01-01 01:33:28,249978255.19537672
2025-01-01 01:33:29,248125422.01114047
2025-01-01 01:33:30,245379065.1251338
2025-01-01 01:33:31,245289888.22674274
2025-01-01 01:33:32,248440607.1322037
2025-01-01 01:33:33,247424567.18902123
2025-01-01 01:33:34,248015551.55602
2025-01-01 01:33:35,248603197.80246118
2025-01-01 01:33:36,248067484.1421069
2025-01-01 01:33:37,243674594.30851886
2025-01-01 01:33:38,246119647.46967897
2025-01-01 01:33:39,247829410.6304702
2025-01-01 01:33:40,244247953.21962667
2025-01-01 01:33:41,242589616.4529968
2025-01-01 01:33:42,249332846.4142005
2025-01-01 01:33:43,249135125.3953253
2025-01-01 01:33:44,254155527.5462706
2025-01-01 01:33:45,246901593.62636495
2025-01-01 01:33:46,239509905.2788055
2025-01-01 01:33:47,251378575.62873343
2025-01-01 01:33:48,247482238.8954908
2025-01-01 01:33:49,243384640.6718003
2025-01-01 01:33:50,239979430.26040867
2025-01-01 01:33:51,242368101.90257257
2025-01-01 01:33:52,241358136.03878614
2025-01-01 01:33:53,243548074.5873765
2025-01-01 01:33:54,246486704.24528426
2025-01-01 01:33:55,245360755.8467529
2025-01-01 01:33:56,242380018.1782226
2025-01-01 01:33:57,249099005.80876002
2025-01-01 01:33:58,243478717.1693524
2025-01-01 01:33:59,249798825.1862207
2025-01-01 01:34:00,252221188.68306553
2025-01-01 01:34:01,248568561.34343252
2025-01-01 01:34:02,250242553.41990465
2025-01-01 01:34:03,243634124.35524696
2025-01-01 01:34:04,239006205.34155315
2025-01-01 01:34:05,238571674.153347
2025-01-01 01:34:06,243232430.48300174
2025-01-01 01:34:07,239111970.32484233
2025-01-01 01:34:08,251669239.79536387
2025-01-01 01:34:09,252931011.08837163
2025-01-01 01:34:10,249291850.96019775
2025-01-01 01:34:11,250702731.2282653
2025-01-01 01:34:12,247115076.6582805
2025-01-01 01:34:13,241033147.825814
2025-01-01 01:34:14,238472199.00362596
2025-01-01 01:34:15,241315515.6151688
2025-01-01 01:34:16,236739681.74819311
2025-01-01 01:34:17,243335893.55451658
2025-01-01 01:34:18,246680410.11151308
2025-01-01 01:34:19,251786580.74979284
2025-01-01 01:34:20,244347503.9913037
2025-01-01 01:34:21,247949573.46652973
2025-01-01 01:34:22,235881796.21741438
2025-01-01 01:34:23,245456492.1712954
2025-01-01 01:34:24,241116379.88031998
2025-01-01 01:34:25,244893284.32612002
2025-01-01 01:34:26,246066130.26784727
2025-01-01 01:34:27,243709491.70847872
2025-01-01 01:34:28,245420740.74549875
2025-01-01 01:34:29,247392512.31297022
2025-01-01 01:34:30,243804876.07626674
2025-01-01 01:34:31,244862006.70517245
2025-01-01 01:34:32,246570461.93793485
2025-01-01 01:34:33,249553982.77107725
2025-01-01 01:34:34,241938183.3517036
2025-01-01 01:34:35,237365679.50520203
2025-01-01 01:34:36,242066555.98840007
2025-01-01 01:34:37,244874238.78905156
2025-01-01 01:34:38,242193926.4095672
2025-01-01 01:34:39,243458010.79991543
2025-01-01 01:34:40,241717886.848076
2025-01-01 01:34:41,243182711.53656042
2025-01-01 01:34:42,248646127.06199023
2025-01-01 01:34:43,255055240.6547713
2025-01-01 01:34:44,252685626.78241688
2025-01-01 01:34:45,244039743.68575746
2025-01-01 01:34:46,243177745.94835192
2025-01-01 01:34:47,243756673.37958202
2025-01-01 01:34:48,244926854.99992514
2025-01-01 01:34:49,243477429.49447003
2025-01-01 01:34:50,241483614.02686352
2025-01-01 01:34:51,245726781.8706423
2025-01-01 01:34:52,244656090.46914688
2025-01-01 01:34:53,248137074.95610833
2025-01-01 01:34:54,253004993.5681154
2025-01-01 01:34:55,252474541.7991435
2025-01-01 01:34:56,249087131.2627369
2025-01-01 01:34:57,250706859.29811952
2025-01-01 01:34:58,250562688.3413106
2025-01-01 01:34:59,253460937.4732363
2025-01-01 01:35:00,245584266.35255545
2025-01-01 01:35:01,243534891.97035924
2025-01-01 01:35:02,246217644.7632246
2025-01-01 01:35:03,248977238.51351658
2025-01-01 01:35:04,251980717.10054046
2025-01-01 01:35:05,247520442.46399328
2025-01-01 01:35:06,246063926.2913919
2025-01-01 01:35:07,246844257.49405456
2025-01-01 01:35:08,244805216.353574
2025-01-01 01:35:09,247245617.2092143
2025-01-01 01:35:10,251156658.42153794
2025-01-01 01:35:11,247240820.76391825
2025-01-01 01:35:12,245909393.49039674
2025-01-01 01:35:13,240636238.96766785
2025-01-01 01:35:14,249856451.8122148
2025-01-01 01:35:15,252253142.38697866
2025-01-01 01:35:16,241105407.08804548
2025-01-01 01:35:17,246709121.80467167
2025-01-01 01:35:18,248602847.49797755
2025-01-01 01:35:19,243931188.39946327
2025-01-01 01:35:20,240907955.5993494
2025-01-01 01:35:21,247519311.28012347
2025-01-01 01:35:22,247050871.09540728
2025-01-01 01:35:23,243849091.10384434
2025-01-01 01:35:24,242489396.25115237
2025-01-01 01:35:25,245058302.8990395
2025-01-01 01:35:26,251850570.35355204
2025-01-01 01:35:27,247412984.97376373
2025-01-01 01:35:28,246797333.5987208
2025-01-01 01:35:29,249455236.04891786
2025-01-01 01:35:30,249885962.38495755
2025-01-01 01:35:31,246939633.0914333
2025-01-01 01:35:32,258375280.4849846
2025-01-01 01:35:33,255919911.12618324
2025-01-01 01:35:34,252422489.40662557
2025-01-01 01:35:35,255672833.56673762
2025-01-01 01:35:36,252099822.95995995
2025-01-01 01:35:37,254740247.97228867
2025-01-01 01:35:38,254656780.17362007
2025-01-01 01:35:39,249989014.23435473
2025-01-01 01:35:40,252587878.98571062
2025-01-01 01:35:41,246965191.77466416
2025-01-01 01:35:42,253763873.52822894
2025-01-01 01:35:43,257532709.72624797
2025-01-01 01:35:44,252178675.4283403
2025-01-01 01:35:45,253330153.56025952
2025-01-01 01:35:46,253845178.1481672
2025-01-01 01:35:47,249430163.8260431
2025-01-01 01:35:48,249064103.53428146
2025-01-01 01:35:49,254123860.618628
2025-01-01 01:35:50,254218248.9575598
2025-01-01 01:35:51,255599900.14712822
2025-01-01 01:35:52,254754838.9547883
2025-01-01 01:35:53,254573138.45359477
2025-01-01 01:35:54,256755750.18944982
2025-01-01 01:35:55,250659261.22190103
2025-01-01 01:35:56,251463366.2944434
2025-01-01 01:35:57,247722085.60734725
2025-01-01 01:35:58,255121038.04010895
2025-01-01 01:35:59,253021681.8054232
2025-01-01 01:36:00,253932344.1133174
2025-01-01 01:36:01,247169455.2593217
2025-01-01 01:36:02,247599203.6268408
2025-01-01 01:36:03,249578361.92725062
2025-01-01 01:36:04,250533701.67203867
2025-01-01 01:36:05,255990435.52803323
2025-01-01 01:36:06,255440533.7132639
2025-01-01 01:36:07,253584002.4720219
2025-01-01 01:36:08,252561557.12769395
2025-01-01 01:36:09,247278866.68476185
2025-01-01 01:36:10,256446478.35220075
2025-01-01 01:36:11,256665861.63753164
2025-01-01 01:36:12,255360065.77753505
2025-01-01 01:36:13,253399893.78332484
2025-01-01 01:36:14,255168710.8589658
2025-01-01 01:36:15,256836390.31901476
2025-01-01 01:36:16,252225453.16094783
2025-01-01 01:36:17,257990593.10594475
2025-01-01 01:36:18,248890245.46940163
2025-01-01 01:36:19,248754532.46407506
2025-01-01 01:36:20,244831988.5192177
2025-01-01 01:36:21,241616999.16763517
2025-01-01 01:36:22,238186794.99253356
2025-01-01 01:36:23,240102317.94944412
2025-01-01 01:36:24,245896306.7231989
2025-01-01 01:36:25,241568495.07123753
2025-01-01 01:36:26,245484447.24254024
2025-01-01 01:36:27,246167986.92183876
2025-01-01 01:36:28,249900715.8475415
2025-01-01 01:36:29,242250145.05115178
2025-01-01 01:36:30,253278869.5874042
2025-01-01 01:36:31,250581878.10111576
2025-01-01 01:36:32,251104727.58747345
2025-01-01 01:36:33,252109051.09077704
2025-01-01 01:36:34,252733866.84650633
2025-01-01 01:36:35,249387694.97380143
2025-01-01 01:36:36,249969912.19086066
2025-01-01 01:36:37,249639525.28477785
2025-01-01 01:36:38,246934729.80941078
2025-01-01 01:36:39,243020522.81060606
2025-01-01 01:36:40,248748303.25008953
2025-01-01 01:36:41,253627643.3236826
2025-01-01 01:36:42,248687435.6922408
2025-01-01 01:36:43,248133689.44848388
2025-01-01 01:36:44,249680876.84422424
2025-01-01 01:36:45,250020304.41954502
2025-01-01 01:36:46,254072359.3313114
2025-01-01 01:36:47,247689034.80968675
2025-01-01 01:36:48,249462974.61597714
2025-01-01 01:36:49,246069430.709289
2025-01-01 01:36:50,242950359.59293
2025-01-01 01:36:51,245668830.36103082
2025-01-01 01:36:52,246326668.11593482
2025-01-01 01:36:53,245986369.39691278
2025-01-01 01:36:54,246848065.67944634
2025-01-01 01:36:55,248948258.87423757
2025-01-01 01:36:56,252652525.494399
2025-01-01 01:36:57,256028683.11769727
2025-01-01 01:36:58,256381211.9925915
2025-01-01 01:36:59,252971426.2054331
2025-01-01 01:37:00,247744287.60261163
2025-01-01 01:37:01,247827929.4477561
2025-01-01 01:37:02,245028924.6189941
2025-01-01 01:37:03,249570577.79693514
2025-01-01 01:37:04,249033231.84723195
2025-01-01 01:37:05,246333754.08698338
2025-01-01 01:37:06,250873786.1620457
2025-01-01 01:37:07,257616168.02173465
2025-01-01 01:37:08,244647852.39396042
2025-01-01 01:37:09,252816557.58052602
2025-01-01 01:37:10,255766347.54511452
2025-01-01 01:37:11,253994874.44797343
2025-01-01 01:37:12,259541743.2514041
2025-01-01 01:37:13,255000485.95424506
2025-01-01 01:37:14,255348449.76143995
2025-01-01 01:37:15,250238393.68097287
2025-01-01 01:37:16,244867774.4401366
2025-01-01 01:37:17,244346576.91576013
2025-01-01 01:37:18,256901969.4243143
2025-01-01 01:37:19,257492393.2376578
2025-01-01 01:37:20,257745344.5322617
2025-01-01 01:37:21,257836170.17572486
2025-01-01 01:37:22,255852675.3057595
2025-01-01 01:37:23,254705867.06080666
2025-01-01 01:37:24,260900092.93418917
2025-01-01 01:37:25,257791358.82604533
2025-01-01 01:37:26,264397136.99521416
2025-01-01 01:37:27,263153006.3859691
2025-01-01 01:37:28,259617533.73599732
2025-01-01 01:37:29,262248502.54389274
2025-01-01 01:37:30,256930017.2336307
2025-01-01 01:37:31,257982966.6999358
2025-01-01 01:37:32,257606715.03777486
2025-01-01 01:37:33,257272549.1738738
2025-01-01 01:37:34,262927469.20993978
2025-01-01 01:37:35,264704390.26416442
2025-01-01 01:37:36,261469983.28073096
2025-01-01 01:37:37,262483683.77504903
2025-01-01 01:37:38,261072866.48571426
2025-01-01 01:37:39,259316047.60590836
2025-01-01 01:37:40,255401136.43295717
2025-01-01 01:37:41,256935559.5343077
2025-01-01 01:37:42,260174153.59529242
2025-01-01 01:37:43,258508095.95729426
2025-01-01 01:37:44,252344400.96030995
2025-01-01 01:37:45,261529756.9736822
2025-01-01 01:37:46,255734384.24301
2025-01-01 01:37:47,254855931.74798942
2025-01-01 01:37:48,253487760.93831384
2025-01-01 01:37:49,249533149.6591998
2025-01-01 01:37:50,253031211.75025898
2025-01-01 01:37:51,250597806.72348553
2025-01-01 01:37:52,245635449.78106803
2025-01-01 01:37:53,243695550.04284576
2025-01-01 01:37:54,252899152.88935298
2025-01-01 01:37:55,255646938.5783039
2025-01-01 01:37:56,254878853.1816581
2025-01-01 01:37:57,251548967.24783793
2025-01-01 01:37:58,252214604.5724294
2025-01-01 01:37:59,247726949.40808013
2025-01-01 01:38:00,244125271.3032518
2025-01-01 01:38:01,252890969.19517943
2025-01-01 01:38:02,249928805.68972486
2025-01-01 01:38:03,241813789.4778829
2025-01-01 01:38:04,244963949.68605638
2025-01-01 01:38:05,244187630.46180537
2025-01-01 01:38:06,246587187.95333424
2025-01-01 01:38:07,251409335.15533015
2025-01-01 01:38:08,248349840.7290581
2025-01-01 01:38:09,246650312.44913918
2025-01-01 01:38:10,248459974.37402365
2025-01-01 01:38:11,252120413.39090592
2025-01-01 01:38:12,249731205.1687868
2025-01-01 01:38:13,247127876.35490894
2025-01-01 01:38:14,247062171.28035042
2025-01-01 01:38:15,252393808.30618846
2025-01-01 01:38:16,246117120.64492804
2025-01-01 01:38:17,247330147.75565335
2025-01-01 01:38:18,245583800.5896021
2025-01-01 01:38:19,252725846.23802322
2025-01-01 01:38:20,253959975.41512224
2025-01-01 01:38:21,251935227.9518207
2025-01-01 01:38:22,257942615.6295467
2025-01-01 01:38:23,254280031.51510346
2025-01-01 01:38:24,253138309.94704494
2025-01-01 01:38:25,255121269.2825402
2025-01-01 01:38:26,252030524.41421914
2025-01-01 01:38:27,246699609.83497095
2025-01-01 01:38:28,247569344.24822974
2025-01-01 01:38:29,244946012.287387
2025-01-01 01:38:30,248087284.62039652
2025-01-01 01:38:31,250373534.66127297
2025-01-01 01:38:32,247544490.5461154
2025-01-01 01:38:33,249870050.94143113
2025-01-01 01:38:34,251721778.23133188
2025-01-01 01:38:35,249787603.2037657
2025-01-01 01:38:36,251069100.3769025
2025-01-01 01:38:37,249040717.71568397
2025-01-01 01:38:38,248898718.89622465
2025-01-01 01:38:39,248894389.65373027
2025-01-01 01:38:40,258324827.86088803
2025-01-01 01:38:41,249487562.51000032
2025-01-01 01:38:42,251809554.61006486
2025-01-01 01:38:43,252070167.78767592
2025-01-01 01:38:44,252873827.2945593
2025-01-01 01:38:45,250470895.41192964
2025-01-01 01:38:46,245316239.30527076
2025-01-01 01:38:47,244826158.92383456
2025-01-01 01:38:48,244405909.05323642
2025-01-01 01:38:49,250112882.0807262
2025-01-01 01:38:50,250464701.57383192
2025-01-01 01:38:51,247390509.63785484
2025-01-01 01:38:52,247339101.08449435
2025-01-01 01:38:53,245841109.67698324
2025-01-01 01:38:54,245807004.77659047
2025-01-01 01:38:55,240540369.43749997
2025-01-01 01:38:56,244959624.6958963
2025-01-01 01:38:57,247246981.0779985
2025-01-01 01:38:58,248790510.18633708
2025-01-01 01:38:59,248524833.82294303
2025-01-01 01:39:00,252036679.32174176
2025-01-01 01:39:01,251910895.52498305
2025-01-01 01:39:02,249528485.9734511
2025-01-01 01:39:03,250908297.18595797
2025-01-01 01:39:04,249257521.1342155
2025-01-01 01:39:05,244563829.46774283
2025-01-01 01:39:06,251624725.8436788
2025-01-01 01:39:07,251602054.1521284
2025-01-01 01:39:08,250395521.63130793
2025-01-01 01:39:09,242936789.6428057
2025-01-01 01:39:10,248992523.07335156
2025-01-01 01:39:11,245755149.1061613
2025-01-01 01:39:12,249742937.01874104
2025-01-01 01:39:13,250058614.7307886
2025-01-01 01:39:14,249345448.43067852
2025-01-01 01:39:15,245970861.31911418
2025-01-01 01:39:16,245128174.4749458
2025-01-01 01:39:17,246188745.46327424
2025-01-01 01:39:18,253542738.96309677
2025-01-01 01:39:19,248077479.33689007
2025-01-01 01:39:20,247606231.51533946
2025-01-01 01:39:21,245885410.07585537
2025-01-01 01:39:22,253721198.530523
2025-01-01 01:39:23,254750841.6354767
2025-01-01 01:39:24,255815973.88709635
2025-01-01 01:39:25,252152644.6350108
2025-01-01 01:39:26,249254583.2222786
2025-01-01 01:39:27,249683076.96969715
2025-01-01 01:39:28,253749968.11228174
2025-01-01 01:39:29,252899736.9893441
2025-01-01 01:39:30,254899370.1361087
2025-01-01 01:39:31,253891355.1320966
2025-01-01 01:39:32,252813534.4274706
2025-01-01 01:39:33,246618257.13179407
2025-01-01 01:39:34,249702478.61796907
2025-01-01 01:39:35,247527976.94926357
2025-01-01 01:39:36,249139859.2310461
2025-01-01 01:39:37,247878059.84898022
2025-01-01 01:39:38,247255496.39066866
2025-01-01 01:39:39,253008261.85144797
2025-01-01 01:39:40,250651295.00231707
2025-01-01 01:39:41,249753895.55925632
2025-01-01 01:39:42,255100674.7126594
2025-01-01 01:39:43,250063940.80129394
2025-01-01 01:39:44,243723379.9381229
2025-01-01 01:39:45,248991848.19440508
2025-01-01 01:39:46,246881993.87462828
2025-01-01 01:39:47,247069347.10239875
2025-01-01 01:39:48,249540931.22330233
2025-01-01 01:39:49,247514545.09227732
2025-01-01 01:39:50,252072946.65984228
2025-01-01 01:39:51,250346807.52394888
2025-01-01 01:39:52,253021972.4185672
2025-01-01 01:39:53,245402341.77986896
2025-01-01 01:39:54,249457607.60293525
2025-01-01 01:39:55,249768945.0522248
2025-01-01 01:39:56,247025718.45097646
2025-01-01 01:39:57,248254332.74395165
2025-01-01 01:39:58,247593129.7249681
2025-01-01 01:39:59,247298754.94763565
2025-01-01 01:40:00,248802837.4106734
2025-01-01 01:40:01,249050239.26368722
2025-01-01 01:40:02,249534295.11126795
2025-01-01 01:40:03,247836017.228361
2025-01-01 01:40:04,246568547.98050973
2025-01-01 01:40:05,248384153.31228772
2025-01-01 01:40:06,248058460.03019816
2025-01-01 01:40:07,248939349.60525712
2025-01-01 01:40:08,247063562.64052102
2025-01-01 01:40:09,243941031.36245123
2025-01-01 01:40:10,247184873.33369923
2025-01-01 01:40:11,247385651.960396
2025-01-01 01:40:12,241408814.94894165
2025-01-01 01:40:13,243586091.8858889
2025-01-01 01:40:14,240666143.75941664
2025-01-01 01:40:15,236923075.07343322
2025-01-01 01:40:16,244968460.42798916
2025-01-01 01:40:17,245170927.39621693
2025-01-01 01:40:18,248530221.3162886
2025-01-01 01:40:19,245551607.56952408
2025-01-01 01:40:20,250776948.557379
2025-01-01 01:40:21,250991198.9742559
2025-01-01 01:40:22,241326186.5902059
2025-01-01 01:40:23,248138838.37438425
2025-01-01 01:40:24,250842697.6532128
2025-01-01 01:40:25,242543302.8449097
2025-01-01 01:40:26,246805972.88151056
2025-01-01 01:40:27,251222481.2281447
2025-01-01 01:40:28,248837767.43608177
2025-01-01 01:40:29,247063135.96119708
2025-01-01 01:40:30,249637480.76885077
2025-01-01 01:40:31,244964089.04180044
2025-01-01 01:40:32,246349868.22269183
2025-01-01 01:40:33,241853372.624646
2025-01-01 01:40:34,241479066.27912015
2025-01-01 01:40:35,242382398.03135547
2025-01-01 01:40:36,239501567.77177107
2025-01-01 01:40:37,243691629.05368558
2025-01-01 01:40:38,243719064.94439462
2025-01-01 01:40:39,247036968.3211966
2025-01-01 01:40:40,243219143.3019789
2025-01-01 01:40:41,245865554.82774383
2025-01-01 01:40:42,251531916.19464633
2025-01-01 01:40:43,241799303.07177892
2025-01-01 01:40:44,244980588.1370121
2025-01-01 01:40:45,245738970.16145384
2025-01-01 01:40:46,243860817.5450272
2025-01-01 01:40:47,241161358.94201398
2025-01-01 01:40:48,247794032.98797932
2025-01-01 01:40:49,248528959.81352776
2025-01-01 01:40:50,243968468.86694857
2025-01-01 01:40:51,244265337.16445556
2025-01-01 01:40:52,244083933.38352108
2025-01-01 01:40:53,253347563.5848208
2025-01-01 01:40:54,246280185.37275785
2025-01-01 01:40:55,238767616.17361537
2025-01-01 01:40:56,238330585.4648006
2025-01-01 01:40:57,243303268.79273525
2025-01-01 01:40:58,243422294.9213381
2025-01-01 01:40:59,242493206.69538248
2025-01-01 01:41:00,245912998.900596
2025-01-01 01:41:01,247271081.76601088
2025-01-01 01:41:02,244602480.4849221
2025-01-01 01:41:03,245166553.2643583
2025-01-01 01:41:04,245576773.20427594
2025-01-01 01:41:05,246063431.2661741
2025-01-01 01:41:06,249153079.56434935
2025-01-01 01:41:07,249992832.32442486
2025-01-01 01:41:08,251535185.18755844
2025-01-01 01:41:09,253575459.69281
2025-01-01 01:41:10,247586578.85888168
2025-01-01 01:41:11,247128686.05176938
2025-01-01 01:41:12,244609460.52380404
2025-01-01 01:41:13,248770178.75228557
2025-01-01 01:41:14,239332384.1227757
2025-01-01 01:41:15,244984455.8482873
2025-01-01 01:41:16,242244784.46517515
2025-01-01 01:41:17,248205026.33891284
2025-01-01 01:41:18,249497384.6376506
2025-01-01 01:41:19,246216609.21793047
2025-01-01 01:41:20,256784924.52342016
2025-01-01 01:41:21,254210736.04228878
2025-01-01 01:41:22,249045619.82377708
2025-01-01 01:41:23,251253018.57534486
2025-01-01 01:41:24,247468493.84880897
2025-01-01 01:41:25,255849465.26116982
2025-01-01 01:41:26,247038109.6294723
2025-01-01 01:41:27,246849117.19971207
2025-01-01 01:41:28,246109156.2365491
2025-01-01 01:41:29,252535960.74821416
2025-01-01 01:41:30,246901761.67152277
2025-01-01 01:41:31,242689403.177661
2025-01-01 01:41:32,244405239.46309805
2025-01-01 01:41:33,243731620.3671253
2025-01-01 01:41:34,246722996.3982345
2025-01-01 01:41:35,245790170.67725727
2025-01-01 01:41:36,245197026.12047333
2025-01-01 01:41:37,241466956.52026483
2025-01-01 01:41:38,240332533.29527724
2025-01-01 01:41:39,244873933.5309847
2025-01-01 01:41:40,244780866.74431506
2025-01-01 01:41:41,246565104.0495586
2025-01-01 01:41:42,248149647.64111573
2025-01-01 01:41:43,250999679.74338233
2025-01-01 01:41:44,249370043.6990248
2025-01-01 01:41:45,246898720.512816
2025-01-01 01:41:46,252728621.08806658
2025-01-01 01:41:47,252600166.72666097
2025-01-01 01:41:48,248173022.95226
2025-01-01 01:41:49,249325163.85857978
2025-01-01 01:41:50,252431953.35423297
2025-01-01 01:41:51,251099123.51424465
2025-01-01 01:41:52,248126387.07741827
2025-01-01 01:41:53,248732922.4068917
2025-01-01 01:41:54,252954958.0126577
2025-01-01 01:41:55,251539436.72238258
2025-01-01 01:41:56,245664762.91203618
2025-01-01 01:41:57,249901803.24876654
2025-01-01 01:41:58,253598232.95733985
2025-01-01 01:41:59,245944929.57292822
2025-01-01 01:42:00,248463689.2748158
2025-01-01 01:42:01,247029381.7585989
2025-01-01 01:42:02,241773716.15808624
2025-01-01 01:42:03,241591150.5060485
2025-01-01 01:42:04,239747094.55828723
2025-01-01 01:42:05,249574368.77480358
2025-01-01 01:42:06,251711300.67342165
2025-01-01 01:42:07,247676323.3647971
2025-01-01 01:42:08,238520678.46158844
2025-01-01 01:42:09,239338787.73621562
2025-01-01 01:42:10,236428640.26111966
2025-01-01 01:42:11,235056991.9355312
2025-01-01 01:42:12,237090371.07766744
2025-01-01 01:42:13,244069942.00674036
2025-01-01 01:42:14,242090015.6473308
2025-01-01 01:42:15,247009409.14729926
2025-01-01 01:42:16,244101678.75238404
2025-01-01 01:42:17,242301746.85473138
2025-01-01 01:42:18,242826193.95568237
2025-01-01 01:42:19,242590901.81895134
2025-01-01 01:42:20,242234927.83555865
2025-01-01 01:42:21,244882763.0349333
2025-01-01 01:42:22,250115651.303302
2025-01-01 01:42:23,243188299.7422108
2025-01-01 01:42:24,253480040.15316293
2025-01-01 01:42:25,246103866.00589392
2025-01-01 01:42:26,245508408.0766428
2025-01-01 01:42:27,245318770.19068542
2025-01-01 01:42:28,246639756.56491584
2025-01-01 01:42:29,244169998.82676283
2025-01-01 01:42:30,246176172.07569128
2025-01-01 01:42:31,245470208.15111682
2025-01-01 01:42:32,245765113.41383412
2025-01-01 01:42:33,253893094.73562297
2025-01-01 01:42:34,247400455.26894754
2025-01-01 01:42:35,247940976.16176987
2025-01-01 01:42:36,246354313.47182566
2025-01-01 01:42:37,237339721.25693163
2025-01-01 01:42:38,244579670.65602678
2025-01-01 01:42:39,245301307.9355469
2025-01-01 01:42:40,247999082.48913744
2025-01-01 01:42:41,247194343.3151655
2025-01-01 01:42:42,248372549.59276742
2025-01-01 01:42:43,248219027.32046965
2025-01-01 01:42:44,240372020.62017876
2025-01-01 01:42:45,245281953.71384844
2025-01-01 01:42:46,235539145.26075095
2025-01-01 01:42:47,236471128.8326189
2025-01-01 01:42:48,240721875.5878439
2025-01-01 01:42:49,237726928.33127895
2025-01-01 01:42:50,243493376.67731926
2025-01-01 01:42:51,248072244.83679238
2025-01-01 01:42:52,243595513.57483724
2025-01-01 01:42:53,242054282.3074411
2025-01-01 01:42:54,240386048.67873618
2025-01-01 01:42:55,246519603.62038606
2025-01-01 01:42:56,249477426.0170916
2025-01-01 01:42:57,250051309.79819295
2025-01-01 01:42:58,248128106.0379206
2025-01-01 01:42:59,250027638.02143455
2025-01-01 01:43:00,247956803.57203493
2025-01-01 01:43:01,245267588.43166682
2025-01-01 01:43:02,247926904.7226835
2025-01-01 01:43:03,249350999.2691388
2025-01-01 01:43:04,243774794.4595376
2025-01-01 01:43:05,246942934.678199
2025-01-01 01:43:06,255066035.99667686
2025-01-01 01:43:07,253474295.93997368
2025-01-01 01:43:08,246679683.60592476
2025-01-01 01:43:09,250735353.69696036
2025-01-01 01:43:10,245289912.20046464
2025-01-01 01:43:11,235897873.4476568
2025-01-01 01:43:12,245598910.0781835
2025-01-01 01:43:13,250916920.8736821
2025-01-01 01:43:14,247570518.88421756
2025-01-01 01:43:15,245766350.0310573
2025-01-01 01:43:16,248425084.36180377
2025-01-01 01:43:17,251589469.07934934
2025-01-01 01:43:18,249428216.41075262
2025-01-01 01:43:19,250701870.03073078
2025-01-01 01:43:20,252302842.3088008
2025-01-01 01:43:21,251546168.65146637
2025-01-01 01:43:22,249185702.11746827
2025-01-01 01:43:23,248224299.03056583
2025-01-01 01:43:24,246015373.48925558
2025-01-01 01:43:25,243319242.71800017
2025-01-01 01:43:26,244174965.98361868
2025-01-01 01:43:27,243961740.73110068
2025-01-01 01:43:28,239312932.0663693
2025-01-01 01:43:29,244429863.9901399
2025-01-01 01:43:30,245629500.0334503
2025-01-01 01:43:31,240520049.21174103
2025-01-01 01:43:32,248624250.61236626
2025-01-01 01:43:33,245346847.86494017
2025-01-01 01:43:34,242565599.60147023
2025-01-01 01:43:35,243478919.60602102
2025-01-01 01:43:36,240607430.6485798
2025-01-01 01:43:37,244283516.6625073
2025-01-01 01:43:38,240840278.9258962
2025-01-01 01:43:39,244702210.83133948
2025-01-01 01:43:40,240578318.27125028
2025-01-01 01:43:41,239779086.90148523
2025-01-01 01:43:42,240927259.4670829
2025-01-01 01:43:43,235157189.19623122
2025-01-01 01:43:44,241294533.90587515
2025-01-01 01:43:45,240550461.53640616
2025-01-01 01:43:46,245636920.0082836
2025-01-01 01:43:47,245979124.0080267
2025-01-01 01:43:48,243017428.88828084
2025-01-01 01:43:49,245068732.6294428
2025-01-01 01:43:50,242083533.00977707
2025-01-01 01:43:51,238065379.41337955
2025-01-01 01:43:52,233899677.14439082
2025-01-01 01:43:53,238417912.43376338
2025-01-01 01:43:54,237821507.2278008
2025-01-01 01:43:55,240822185.2218976
2025-01-01 01:43:56,243736402.27418035
2025-01-01 01:43:57,232881181.6577454
2025-01-01 01:43:58,238167699.61881983
2025-01-01 01:43:59,240102712.00563693
2025-01-01 01:44:00,240336667.78766656
2025-01-01 01:44:01,243861377.67697984
2025-01-01 01:44:02,242569603.09507757
2025-01-01 01:44:03,241488139.17917323
2025-01-01 01:44:04,243940110.20520064
2025-01-01 01:44:05,252142915.6530039
2025-01-01 01:44:06,251205106.888272
2025-01-01 01:44:07,252229480.1823673
2025-01-01 01:44:08,254259043.66748
2025-01-01 01:44:09,249606422.3972944
2025-01-01 01:44:10,247472727.58616692
2025-01-01 01:44:11,239206754.78633258
2025-01-01 01:44:12,241038110.45063594
2025-01-01 01:44:13,252428953.5212092
2025-01-01 01:44:14,250592742.28544927
2025-01-01 01:44:15,253638091.29797757
2025-01-01 01:44:16,244125460.7719684
2025-01-01 01:44:17,247932954.9035001
2025-01-01 01:44:18,248309438.09791824
2025-01-01 01:44:19,247614161.88352996
2025-01-01 01:44:20,242954207.68485475
2025-01-01 01:44:21,244762782.19395864
2025-01-01 01:44:22,239060710.21287334
2025-01-01 01:44:23,245831327.76575986
2025-01-01 01:44:24,245702674.21710286
2025-01-01 01:44:25,251712793.8758613
2025-01-01 01:44:26,252760319.7115941
2025-01-01 01:44:27,247623559.30227205
2025-01-01 01:44:28,250232806.14182204
2025-01-01 01:44:29,245805564.68250415
2025-01-01 01:44:30,243771351.63070852
2025-01-01 01:44:31,245618103.50367615
2025-01-01 01:44:32,245751695.7131147
2025-01-01 01:44:33,241569447.49000013
2025-01-01 01:44:34,241610175.82847854
2025-01-01 01:44:35,242164876.15313417
2025-01-01 01:44:36,244715669.77254134
2025-01-01 01:44:37,239682111.54406345
2025-01-01 01:44:38,242874282.2480408
2025-01-01 01:44:39,239614301.16050905
2025-01-01 01:44:40,244288758.92538235
2025-01-01 01:44:41,240711219.5348809
2025-01-01 01:44:42,237650807.611084
2025-01-01 01:44:43,244858412.1468266
2025-01-01 01:44:44,246618803.34385931
2025-01-01 01:44:45,242876540.89001262
2025-01-01 01:44:46,243566947.74468634
2025-01-01 01:44:47,241783951.26042232
2025-01-01 01:44:48,237763953.78895995
2025-01-01 01:44:49,248266654.08869576
2025-01-01 01:44:50,248884108.09787273
2025-01-01 01:44:51,248777793.02057025
2025-01-01 01:44:52,247290639.5057071
2025-01-01 01:44:53,245243074.33217928
2025-01-01 01:44:54,240341452.71465424
2025-01-01 01:44:55,238943175.10453767
2025-01-01 01:44:56,240637869.01814455
2025-01-01 01:44:57,245531247.22925076
2025-01-01 01:44:58,248408128.57638595
2025-01-01 01:44:59,252016252.834027
2025-01-01 01:45:00,254730979.2529477
2025-01-01 01:45:01,248686176.6654547
2025-01-01 01:45:02,253017503.220055
2025-01-01 01:45:03,254014001.4357712
2025-01-01 01:45:04,247142321.2232994
2025-01-01 01:45:05,253591811.76150468
2025-01-01 01:45:06,252317726.6256862
2025-01-01 01:45:07,245047703.95586455
2025-01-01 01:45:08,248424558.17688006
2025-01-01 01:45:09,246680021.36402082
2025-01-01 01:45:10,245698123.93772736
2025-01-01 01:45:11,243763090.54055583
2025-01-01 01:45:12,242550186.95558557
2025-01-01 01:45:13,241934605.84103924
2025-01-01 01:45:14,246782931.89529905
2025-01-01 01:45:15,241890935.60765013
2025-01-01 01:45:16,245985327.08247784
2025-01-01 01:45:17,246863840.6860937
2025-01-01 01:45:18,245398315.82511944
2025-01-01 01:45:19,245101002.58541387
2025-01-01 01:45:20,248135710.55871853
2025-01-01 01:45:21,251105954.76662546
2025-01-01 01:45:22,247010219.49312234
2025-01-01 01:45:23,246254536.07628605
2025-01-01 01:45:24,246458589.84840196
2025-01-01 01:45:25,250083616.21345648
2025-01-01 01:45:26,253076982.06003806
2025-01-01 01:45:27,248587593.7706751
2025-01-01 01:45:28,247076463.67615324
2025-01-01 01:45:29,244981314.3805668
2025-01-01 01:45:30,244706263.2759762
2025-01-01 01:45:31,248498766.45753285
2025-01-01 01:45:32,246372689.48945075
2025-01-01 01:45:33,249407841.8529916
2025-01-01 01:45:34,246487627.32983232
2025-01-01 01:45:35,250650293.35508096
2025-01-01 01:45:36,247155870.3279843
2025-01-01 01:45:37,245473033.3140651
2025-01-01 01:45:38,247344787.8481329
2025-01-01 01:45:39,245381465.31508118
2025-01-01 01:45:40,248259550.54912174
2025-01-01 01:45:41,246051572.84428424
2025-01-01 01:45:42,253266212.93754032
2025-01-01 01:45:43,253479664.6467339
2025-01-01 01:45:44,243477627.02862018
2025-01-01 01:45:45,241157898.40814522
2025-01-01 01:45:46,246120514.92170575
2025-01-01 01:45:47,247969317.14210677
2025-01-01 01:45:48,238204718.29558027
2025-01-01 01:45:49,242717222.87069497
2025-01-01 01:45:50,244034406.07065842
2025-01-01 01:45:51,244981506.03017256
2025-01-01 01:45:52,242974045.3052236
2025-01-01 01:45:53,247886551.38743344
2025-01-01 01:45:54,240308020.4654134
2025-01-01 01:45:55,245940500.2219637
2025-01-01 01:45:56,239930551.8630463
2025-01-01 01:45:57,241896531.53738254
2025-01-01 01:45:58,246624843.27482617
2025-01-01 01:45:59,244495409.30010697
2025-01-01 01:46:00,249025655.5668766
2025-01-01 01:46:01,253021698.5938887
2025-01-01 01:46:02,249758410.13641003
2025-01-01 01:46:03,249616727.5647067
2025-01-01 01:46:04,249363442.56443316
2025-01-01 01:46:05,246633081.95848095
2025-01-01 01:46:06,242995450.58537477
2025-01-01 01:46:07,245036806.79615173
2025-01-01 01:46:08,243133783.4066817
2025-01-01 01:46:09,241272638.80719057
2025-01-01 01:46:10,241551194.33580512
2025-01-01 01:46:11,248245665.3170757
2025-01-01 01:46:12,244852873.32739428
2025-01-01 01:46:13,239602503.15187478
2025-01-01 01:46:14,244767323.41598472
2025-01-01 01:46:15,249467427.23383886
2025-01-01 01:46:16,254394449.51423958
2025-01-01 01:46:17,248904976.89703715
2025-01-01 01:46:18,245683923.61704263
2025-01-01 01:46:19,247780036.62087122
2025-01-01 01:46:20,245910327.93087378
2025-01-01 01:46:21,242094269.85964093
2025-01-01 01:46:22,244447851.8249225
2025-01-01 01:46:23,249940725.0439117
2025-01-01 01:46:24,249941354.25408968
2025-01-01 01:46:25,246034604.9541213
2025-01-01 01:46:26,243530019.53993407
2025-01-01 01:46:27,241445862.82151794
2025-01-01 01:46:28,247191513.75054753
2025-01-01 01:46:29,246347667.57481065
2025-01-01 01:46:30,246884765.01505375
2025-01-01 01:46:31,250570239.29619208
2025-01-01 01:46:32,250427795.43662164
2025-01-01 01:46:33,243603169.64000776
2025-01-01 01:46:34,246231526.27841228
2025-01-01 01:46:35,247406230.02058238
2025-01-01 01:46:36,248444806.52410585
2025-01-01 01:46:37,244609817.8479797
2025-01-01 01:46:38,240851670.21333927
2025-01-01 01:46:39,241017725.55402568
2025-01-01 01:46:40,246704958.3667067
2025-01-01 01:46:41,248208709.3149903
2025-01-01 01:46:42,249841687.2661146
2025-01-01 01:46:43,246408950.21238884
2025-01-01 01:46:44,252156047.34559292
2025-01-01 01:46:45,253944681.69747597
2025-01-01 01:46:46,251056466.55018154
2025-01-01 01:46:47,247846067.4425287
2025-01-01 01:46:48,250290256.2233521
2025-01-01 01:46:49,252196477.51754382
2025-01-01 01:46:50,249415878.685375
2025-01-01 01:46:51,251759747.0590854
2025-01-01 01:46:52,249559157.57091588
2025-01-01 01:46:53,242349324.33837822
2025-01-01 01:46:54,246090923.62566844
2025-01-01 01:46:55,239665628.5874824
2025-01-01 01:46:56,248084088.83714765
2025-01-01 01:46:57,250573209.73545757
2025-01-01 01:46:58,248106441.40682235
2025-01-01 01:46:59,246764416.43796352
2025-01-01 01:47:00,246953327.71791074
2025-01-01 01:47:01,242180417.07321298
2025-01-01 01:47:02,240856507.2038964
2025-01-01 01:47:03,241439820.40827632
2025-01-01 01:47:04,249532199.78046036
2025-01-01 01:47:05,245166345.88780108
2025-01-01 01:47:06,245252076.13540077
2025-01-01 01:47:07,254972430.98047328
2025-01-01 01:47:08,246865178.918536
2025-01-01 01:47:09,244771760.3750043
2025-01-01 01:47:10,244226733.92072737
2025-01-01 01:47:11,246493728.73752508
2025-01-01 01:47:12,242318580.64791504
2025-01-01 01:47:13,246342613.8960185
2025-01-01 01:47:14,247199973.09422523
2025-01-01 01:47:15,246347666.75460014
2025-01-01 01:47:16,245366637.0865294
2025-01-01 01:47:17,242012531.63725597
2025-01-01 01:47:18,240118082.45872453
2025-01-01 01:47:19,240759679.3351695
2025-01-01 01:47:20,246090297.48500872
2025-01-01 01:47:21,245037686.74803904
2025-01-01 01:47:22,245744102.33960226
2025-01-01 01:47:23,243492325.62324414
2025-01-01 01:47:24,246336576.96746194
2025-01-01 01:47:25,248501695.75232667
2025-01-01 01:47:26,249170105.4368723
2025-01-01 01:47:27,246419273.43363932
2025-01-01 01:47:28,246147475.95441076
2025-01-01 01:47:29,246920027.08950984
2025-01-01 01:47:30,241759755.76564178
2025-01-01 01:47:31,245720291.8456369
2025-01-01 01:47:32,247301888.14639768
2025-01-01 01:47:33,244698901.10553116
2025-01-01 01:47:34,239270463.44527936
2025-01-01 01:47:35,237658868.52064705
2025-01-01 01:47:36,248763022.5462717
2025-01-01 01:47:37,244643563.85554585
2025-01-01 01:47:38,243307248.7524387
2025-01-01 01:47:39,242332279.06660795
2025-01-01 01:47:40,246699592.67943615
2025-01-01 01:47:41,246833976.8189917
2025-01-01 01:47:42,250934535.80195364
2025-01-01 01:47:43,245085621.09490594
2025-01-01 01:47:44,241874179.569636
2025-01-01 01:47:45,240645695.98853722
2025-01-01 01:47:46,247356166.03110248
2025-01-01 01:47:47,245675253.1364855
2025-01-01 01:47:48,237225450.80530652
2025-01-01 01:47:49,245170076.2308592
2025-01-01 01:47:50,242675499.26823086
2025-01-01 01:47:51,243587578.81079417
2025-01-01 01:47:52,241567923.4407844
2025-01-01 01:47:53,244611604.98577556
2025-01-01 01:47:54,247181791.31752187
2025-01-01 01:47:55,242515295.16642404
2025-01-01 01:47:56,246193356.19706726
2025-01-01 01:47:57,243639038.50667974
2025-01-01 01:47:58,246925087.2123939
2025-01-01 01:47:59,240739703.91437614
2025-01-01 01:48:00,241092753.55901444
2025-01-01 01:48:01,244392420.26240298
2025-01-01 01:48:02,250538292.7470091
2025-01-01 01:48:03,246238734.63097334
2025-01-01 01:48:04,246191414.05037498
2025-01-01 01:48:05,247821453.7453805
2025-01-01 01:48:06,248060453.50317618
2025-01-01 01:48:07,244920690.19135398
2025-01-01 01:48:08,248418313.20946223
2025-01-01 01:48:09,249104977.6276968
2025-01-01 01:48:10,250021874.0530445
2025-01-01 01:48:11,247554405.04782474
2025-01-01 01:48:12,249308807.93341202
2025-01-01 01:48:13,248381673.05136085
2025-01-01 01:48:14,247145098.82550648
2025-01-01 01:48:15,244720345.22692683
2025-01-01 01:48:16,243969161.5730844
2025-01-01 01:48:17,247415002.32248017
2025-01-01 01:48:18,248948004.9932963
2025-01-01 01:48:19,245595127.45650226
2025-01-01 01:48:20,238821318.5677987
2025-01-01 01:48:21,247419371.04573935
2025-01-01 01:48:22,248428731.30095267
2025-01-01 01:48:23,246173688.339155
2025-01-01 01:48:24,240749571.37927413
2025-01-01 01:48:25,250540290.44305754
2025-01-01 01:48:26,246988301.57652718
2025-01-01 01:48:27,250354555.31780463
2025-01-01 01:48:28,248953969.45951688
2025-01-01 01:48:29,244339937.26173413
2025-01-01 01:48:30,249866860.4819559
2025-01-01 01:48:31,251936838.54358187
2025-01-01 01:48:32,254927723.6063008
2025-01-01 01:48:33,246024970.05515033
2025-01-01 01:48:34,249196068.96008554
2025-01-01 01:48:35,244695906.1679545
2025-01-01 01:48:36,244473708.74842453
2025-01-01 01:48:37,243011723.78030604
2025-01-01 01:48:38,242358733.816297
2025-01-01 01:48:39,249441529.48816556
2025-01-01 01:48:40,245646228.05656835
2025-01-01 01:48:41,242937899.81158352
2025-01-01 01:48:42,239887166.34241518
2025-01-01 01:48:43,247370662.84960476
2025-01-01 01:48:44,248814174.05322462
2025-01-01 01:48:45,249171335.05194944
2025-01-01 01:48:46,247272749.28009593
2025-01-01 01:48:47,244536142.6176505
2025-01-01 01:48:48,243645821.41270056
2025-01-01 01:48:49,247760008.82516018
2025-01-01 01:48:50,244760552.39611742
2025-01-01 01:48:51,247718772.88521138
2025-01-01 01:48:52,245527682.62892187
2025-01-01 01:48:53,251086561.89327577
2025-01-01 01:48:54,252811562.11678535
2025-01-01 01:48:55,252521482.86350894
2025-01-01 01:48:56,251282388.44550744
2025-01-01 01:48:57,251026237.8789812
2025-01-01 01:48:58,246535204.82313615
2025-01-01 01:48:59,245438253.14617425
2025-01-01 01:49:00,248788191.69781128
2025-01-01 01:49:01,248921386.22013408
2025-01-01 01:49:02,251467294.57098264
2025-01-01 01:49:03,253033254.21369663
2025-01-01 01:49:04,253925015.6664384
2025-01-01 01:49:05,255169296.28278285
2025-01-01 01:49:06,256523639.55554482
2025-01-01 01:49:07,249399443.34937263
2025-01-01 01:49:08,249655592.61487305
2025-01-01 01:49:09,252606781.83999518
2025-01-01 01:49:10,243781427.83537167
2025-01-01 01:49:11,252122224.84605992
2025-01-01 01:49:12,253020274.421865
2025-01-01 01:49:13,251537997.55441105
2025-01-01 01:49:14,246813469.5563149
2025-01-01 01:49:15,244128959.09263444
2025-01-01 01:49:16,250268418.55328712
2025-01-01 01:49:17,253794433.4784379
2025-01-01 01:49:18,248888757.95856985
2025-01-01 01:49:19,251546964.5880321
2025-01-01 01:49:20,247158334.60921568
2025-01-01 01:49:21,247323486.3289108
2025-01-01 01:49:22,249047133.71514663
2025-01-01 01:49:23,247624532.74105975
2025-01-01 01:49:24,246119001.44041556
2025-01-01 01:49:25,254404640.0229954
2025-01-01 01:49:26,254197395.40393767
2025-01-01 01:49:27,245318358.0727018
2025-01-01 01:49:28,253380937.78287476
2025-01-01 01:49:29,250863921.01184174
2025-01-01 01:49:30,254255778.88098723
2025-01-01 01:49:31,252194666.12700763
2025-01-01 01:49:32,254622181.4290775
2025-01-01 01:49:33,251548419.41712493
2025-01-01 01:49:34,253965186.79443035
2025-01-01 01:49:35,247351891.2007603
2025-01-01 01:49:36,247308092.2017498
2025-01-01 01:49:37,249166918.3160011
2025-01-01 01:49:38,247042362.72399613
2025-01-01 01:49:39,249092357.78448054
2025-01-01 01:49:40,251089197.63526136
2025-01-01 01:49:41,248056013.4549287
2025-01-01 01:49:42,244098962.57389846
2025-01-01 01:49:43,248826277.48090363
2025-01-01 01:49:44,248700339.86940417
2025-01-01 01:49:45,251928579.4234929
2025-01-01 01:49:46,243488450.14353356
2025-01-01 01:49:47,241439672.76830608
2025-01-01 01:49:48,251722148.07313865
2025-01-01 01:49:49,252757241.7722522
2025-01-01 01:49:50,245220450.09590602
2025-01-01 01:49:51,247212586.43070996
2025-01-01 01:49:52,245292746.96961057
2025-01-01 01:49:53,254802008.9940419
2025-01-01 01:49:54,245658151.62803665
2025-01-01 01:49:55,244089884.2472716
2025-01-01 01:49:56,245107481.3118712
2025-01-01 01:49:57,250324955.14399943
2025-01-01 01:49:58,241814568.9668363
2025-01-01 01:49:59,244479792.82289907
2025-01-01 01:50:00,248967919.37170655
2025-01-01 01:50:01,248439950.39206675
2025-01-01 01:50:02,249910738.4813433
2025-01-01 01:50:03,253586501.47551817
2025-01-01 01:50:04,249793363.00375506
2025-01-01 01:50:05,248253528.56298468
2025-01-01 01:50:06,245495789.55145717
2025-01-01 01:50:07,240981865.71098632
2025-01-01 01:50:08,239254621.82869068
2025-01-01 01:50:09,249526937.39170355
2025-01-01 01:50:10,248294422.5713636
2025-01-01 01:50:11,245265015.4833873
2025-01-01 01:50:12,241617370.91140276
2025-01-01 01:50:13,241325427.90201023
2025-01-01 01:50:14,249804645.1473774
2025-01-01 01:50:15,253233716.90983003
2025-01-01 01:50:16,250649820.77671993
2025-01-01 01:50:17,252980998.855307
2025-01-01 01:50:18,252498519.814083
2025-01-01 01:50:19,252588026.10233396
2025-01-01 01:50:20,247949105.54946
2025-01-01 01:50:21,255391893.59396732
2025-01-01 01:50:22,247339536.0212562
2025-01-01 01:50:23,254547832.84836957
2025-01-01 01:50:24,255847543.94916582
2025-01-01 01:50:25,260637225.82220906
2025-01-01 01:50:26,256824882.1580837
2025-01-01 01:50:27,255705576.8924829
2025-01-01 01:50:28,252449061.81342775
2025-01-01 01:50:29,246117805.74933073
2025-01-01 01:50:30,244275920.91661337
2025-01-01 01:50:31,239442032.48020405
2025-01-01 01:50:32,251901423.58843967
2025-01-01 01:50:33,251532793.62481955
2025-01-01 01:50:34,252966568.9529602
2025-01-01 01:50:35,254496029.70752677
2025-01-01 01:50:36,251992060.95708722
2025-01-01 01:50:37,256731345.530201
2025-01-01 01:50:38,248651193.6250945
2025-01-01 01:50:39,253291734.71515605
2025-01-01 01:50:40,257054793.73621166
2025-01-01 01:50:41,257733037.20777586
2025-01-01 01:50:42,260669888.2872506
2025-01-01 01:50:43,259155891.37943244
2025-01-01 01:50:44,256236330.65629473
2025-01-01 01:50:45,251313101.73249766
2025-01-01 01:50:46,258271508.15660205
2025-01-01 01:50:47,253250882.1221354
2025-01-01 01:50:48,259282419.43341982
2025-01-01 01:50:49,264963996.28751078
2025-01-01 01:50:50,256141796.0104127
2025-01-01 01:50:51,254101451.35244966
2025-01-01 01:50:52,247296825.68351108
2025-01-01 01:50:53,246013569.12501433
2025-01-01 01:50:54,243835180.27988613
2025-01-01 01:50:55,246313472.50349972
2025-01-01 01:50:56,251122529.03885657
2025-01-01 01:50:57,254720278.05317885
2025-01-01 01:50:58,252352882.68967178
2025-01-01 01:50:59,248606528.87329525
2025-01-01 01:51:00,240219346.33574075
2025-01-01 01:51:01,247995963.33206502
2025-01-01 01:51:02,247127939.43159613
2025-01-01 01:51:03,243769698.06876332
2025-01-01 01:51:04,244203672.04105788
2025-01-01 01:51:05,248256947.55647328
2025-01-01 01:51:06,249493992.715943
2025-01-01 01:51:07,248657686.61013317
2025-01-01 01:51:08,252265469.7369553
2025-01-01 01:51:09,246590439.8568955
2025-01-01 01:51:10,243958886.6113827
2025-01-01 01:51:11,246503164.1495898
2025-01-01 01:51:12,243964799.63777256
2025-01-01 01:51:13,247422078.83818263
2025-01-01 01:51:14,242552018.00400573
2025-01-01 01:51:15,244287771.8957443
2025-01-01 01:51:16,237992258.18324247
2025-01-01 01:51:17,246266315.73930082
2025-01-01 01:51:18,248477187.21566617
2025-01-01 01:51:19,249505928.63389558
2025-01-01 01:51:20,244100114.97822142
2025-01-01 01:51:21,251592636.22479013
2025-01-01 01:51:22,255491631.08927223
2025-01-01 01:51:23,249697892.68618932
2025-01-01 01:51:24,249053839.98630077
2025-01-01 01:51:25,242128525.569663
2025-01-01 01:51:26,243804950.75098225
2025-01-01 01:51:27,243339937.15527594
2025-01-01 01:51:28,249412142.28213084
2025-01-01 01:51:29,254622620.40454608
2025-01-01 01:51:30,249033357.66475174
2025-01-01 01:51:31,249992002.47985026
2025-01-01 01:51:32,251620412.38479832
2025-01-01 01:51:33,246508123.61997214
2025-01-01 01:51:34,246234739.8362117
2025-01-01 01:51:35,248843030.29384592
2025-01-01 01:51:36,253952254.37097996
2025-01-01 01:51:37,244862576.73966065
2025-01-01 01:51:38,240669280.73367035
2025-01-01 01:51:39,243528551.62276047
2025-01-01 01:51:40,248539251.72716573
2025-01-01 01:51:41,254392249.4379831
2025-01-01 01:51:42,244350839.12311983
2025-01-01 01:51:43,245284199.57337245
2025-01-01 01:51:44,249396806.69411337
2025-01-01 01:51:45,255321281.3494456
2025-01-01 01:51:46,252257591.8582188
2025-01-01 01:51:47,253088751.3805219
2025-01-01 01:51:48,253298522.44367793
2025-01-01 01:51:49,254535986.19722015
2025-01-01 01:51:50,254728593.4415404
2025-01-01 01:51:51,247448691.21573538
2025-01-01 01:51:52,250283727.4968888
2025-01-01 01:51:53,250022228.5668715
2025-01-01 01:51:54,252150819.36081243
2025-01-01 01:51:55,246190744.02917612
2025-01-01 01:51:56,254378993.9253911
2025-01-01 01:51:57,252690597.77506936
2025-01-01 01:51:58,246171697.95647532
2025-01-01 01:51:59,247138445.85785317
2025-01-01 01:52:00,245983413.0626241
2025-01-01 01:52:01,246978463.4493626
2025-01-01 01:52:02,250949462.89762083
2025-01-01 01:52:03,254597631.90414378
2025-01-01 01:52:04,252570017.32707703
2025-01-01 01:52:05,251366379.34200916
2025-01-01 01:52:06,254479477.04493162
2025-01-01 01:52:07,255566651.30934653
2025-01-01 01:52:08,250097479.68399188
2025-01-01 01:52:09,248119930.83253583
2025-01-01 01:52:10,252225476.9963347
2025-01-01 01:52:11,254990650.6174857
2025-01-01 01:52:12,250333636.4827628
2025-01-01 01:52:13,254091556.3475928
2025-01-01 01:52:14,249413580.90611902
2025-01-01 01:52:15,251365559.01923475
2025-01-01 01:52:16,250688880.5139124
2025-01-01 01:52:17,253407118.98849803
2025-01-01 01:52:18,250460709.6205118
2025-01-01 01:52:19,245515279.90690193
2025-01-01 01:52:20,240336019.37562436
2025-01-01 01:52:21,247675839.83947498
2025-01-01 01:52:22,248293916.39054212
2025-01-01 01:52:23,247908806.79589555
2025-01-01 01:52:24,247426931.00823817
2025-01-01 01:52:25,245046831.31498313
2025-01-01 01:52:26,249935550.93795386
2025-01-01 01:52:27,247921721.43724018
2025-01-01 01:52:28,249437451.9403491
2025-01-01 01:52:29,251592780.33154443
2025-01-01 01:52:30,259887916.55793285
2025-01-01 01:52:31,256069508.94538203
2025-01-01 01:52:32,247990225.6690648
2025-01-01 01:52:33,243699069.5988079
2025-01-01 01:52:34,246014478.7697891
2025-01-01 01:52:35,248705464.43033618
2025-01-01 01:52:36,246183887.6820002
2025-01-01 01:52:37,246994452.2794949
2025-01-01 01:52:38,252988265.61359057
2025-01-01 01:52:39,247780072.76693553
2025-01-01 01:52:40,248784189.02721933
2025-01-01 01:52:41,249048089.33700407
2025-01-01 01:52:42,252119584.65069348
2025-01-01 01:52:43,248292321.94684574
2025-01-01 01:52:44,251262100.75722155
2025-01-01 01:52:45,248215547.94345048
2025-01-01 01:52:46,243134514.7107586
2025-01-01 01:52:47,245495034.592117
2025-01-01 01:52:48,246461556.05122113
2025-01-01 01:52:49,241909398.14616832
2025-01-01 01:52:50,244811265.0349094
2025-01-01 01:52:51,241590816.13916805
2025-01-01 01:52:52,241736598.44443682
2025-01-01 01:52:53,246006296.7595204
2025-01-01 01:52:54,247288997.7636296
2025-01-01 01:52:55,248188655.70508295
2025-01-01 01:52:56,250063057.5212872
2025-01-01 01:52:57,246101264.84055126
2025-01-01 01:52:58,244352990.51467335
2025-01-01 01:52:59,247702323.28760177
2025-01-01 01:53:00,250525348.6013735
2025-01-01 01:53:01,247737545.15105066
2025-01-01 01:53:02,243293870.9843138
2025-01-01 01:53:03,241702939.01540026
2025-01-01 01:53:04,248773713.0073865
2025-01-01 01:53:05,250049815.83151767
2025-01-01 01:53:06,249877124.96820313
2025-01-01 01:53:07,251503806.91260126
2025-01-01 01:53:08,250143471.31082106
2025-01-01 01:53:09,255131082.91289064
2025-01-01 01:53:10,253498029.55100495
2025-01-01 01:53:11,251767361.14077812
2025-01-01 01:53:12,253553810.3054896
2025-01-01 01:53:13,252743776.61432844
2025-01-01 01:53:14,245407155.97240704
2025-01-01 01:53:15,245050208.64480594
2025-01-01 01:53:16,247293293.87532833
2025-01-01 01:53:17,242836101.18174055
2025-01-01 01:53:18,244112981.19160712
2025-01-01 01:53:19,246229019.6433396
2025-01-01 01:53:20,248808741.08261195
2025-01-01 01:53:21,245076124.59356096
2025-01-01 01:53:22,241680940.2545423
2025-01-01 01:53:23,246059073.66898555
2025-01-01 01:53:24,247703644.66938645
2025-01-01 01:53:25,247705497.62073553
2025-01-01 01:53:26,251077577.71924844
2025-01-01 01:53:27,247367997.9280878
2025-01-01 01:53:28,250284917.37740207
2025-01-01 01:53:29,246191417.8327206
2025-01-01 01:53:30,248573278.12712082
2025-01-01 01:53:31,247272252.51061463
2025-01-01 01:53:32,242277636.9149615
2025-01-01 01:53:33,248907059.30309558
2025-01-01 01:53:34,250993841.17522913
2025-01-01 01:53:35,242988761.09889078
2025-01-01 01:53:36,245382836.88411683
2025-01-01 01:53:37,242059437.4768898
2025-01-01 01:53:38,239928703.680157
2025-01-01 01:53:39,241368317.08242154
2025-01-01 01:53:40,247557163.3775089
2025-01-01 01:53:41,248607969.18153208
2025-01-01 01:53:42,247684672.56918576
2025-01-01 01:53:43,248158757.30318022
2025-01-01 01:53:44,245261254.0421369
2025-01-01 01:53:45,248011716.09764698
2025-01-01 01:53:46,246625839.73686743
2025-01-01 01:53:47,248569337.65035865
2025-01-01 01:53:48,249752598.73347476
2025-01-01 01:53:49,244828192.5201072
2025-01-01 01:53:50,250853625.81799653
2025-01-01 01:53:51,248919493.43932992
2025-01-01 01:53:52,243887610.3152561
2025-01-01 01:53:53,242756578.9176424
2025-01-01 01:53:54,241654272.68849725
2025-01-01 01:53:55,245184789.79059455
2025-01-01 01:53:56,243686573.2505421
2025-01-01 01:53:57,240295505.05431142
2025-01-01 01:53:58,244867099.95724958
2025-01-01 01:53:59,248336558.8789884
2025-01-01 01:54:00,245421220.498788
2025-01-01 01:54:01,248622829.73767015
2025-01-01 01:54:02,246056276.34812662
2025-01-01 01:54:03,238260139.8286779
2025-01-01 01:54:04,244109058.15013212
2025-01-01 01:54:05,244671784.024712
2025-01-01 01:54:06,247536906.471154
2025-01-01 01:54:07,243819651.20620406
2025-01-01 01:54:08,242583389.55954513
2025-01-01 01:54:09,245865490.27953607
2025-01-01 01:54:10,249231304.34174618
2025-01-01 01:54:11,244203941.78439984
2025-01-01 01:54:12,245454248.54304564
2025-01-01 01:54:13,246395809.97988468
2025-01-01 01:54:14,243892940.4356595
2025-01-01 01:54:15,244201915.40022278
2025-01-01 01:54:16,245727710.09369445
2025-01-01 01:54:17,247510891.08579072
2025-01-01 01:54:18,250019693.11299673
2025-01-01 01:54:19,252138772.09699512
2025-01-01 01:54:20,249313262.18673074
2025-01-01 01:54:21,250345530.3607807
2025-01-01 01:54:22,243977270.37202367
2025-01-01 01:54:23,246774965.2114726
2025-01-01 01:54:24,247007218.11575842
2025-01-01 01:54:25,255786916.8485522
2025-01-01 01:54:26,247355946.7392415
2025-01-01 01:54:27,244713147.72353616
2025-01-01 01:54:28,241552599.50058553
2025-01-01 01:54:29,243614001.20012876
2025-01-01 01:54:30,242221573.07502767
2025-01-01 01:54:31,240440084.91322073
2025-01-01 01:54:32,247482012.265561
2025-01-01 01:54:33,240556932.4044591
2025-01-01 01:54:34,248073321.45394504
2025-01-01 01:54:35,247890204.63634825
2025-01-01 01:54:36,246063868.89694387
2025-01-01 01:54:37,245679677.28680742
2025-01-01 01:54:38,243977597.00636014
2025-01-01 01:54:39,245155621.4844295
2025-01-01 01:54:40,246218020.95832118
2025-01-01 01:54:41,248177996.87602472
2025-01-01 01:54:42,251952658.19516316
2025-01-01 01:54:43,250448988.67024767
2025-01-01 01:54:44,239737838.47400227
2025-01-01 01:54:45,244017270.70479137
2025-01-01 01:54:46,245282498.5711868
2025-01-01 01:54:47,240839012.42754474
2025-01-01 01:54:48,248430355.46663123
2025-01-01 01:54:49,250937165.8841692
2025-01-01 01:54:50,247827559.61544445
2025-01-01 01:54:51,249032822.8600056
2025-01-01 01:54:52,249330360.31882057
2025-01-01 01:54:53,244985293.71861604
2025-01-01 01:54:54,241885687.9340292
2025-01-01 01:54:55,241166398.0903386
2025-01-01 01:54:56,239179017.04467294
2025-01-01 01:54:57,238471062.0129572
2025-01-01 01:54:58,241740731.1732386
2025-01-01 01:54:59,241586672.35222128
2025-01-01 01:55:00,243006979.17319304
2025-01-01 01:55:01,241988729.8961803
2025-01-01 01:55:02,243746115.03836876
2025-01-01 01:55:03,246846273.68564907
2025-01-01 01:55:04,240365071.16630492
2025-01-01 01:55:05,249719827.941356
2025-01-01 01:55:06,250677817.71497995
2025-01-01 01:55:07,241878937.73056385
2025-01-01 01:55:08,243378983.35035062
2025-01-01 01:55:09,239661760.98983306
2025-01-01 01:55:10,241687191.71373048
2025-01-01 01:55:11,247670253.40136114
2025-01-01 01:55:12,248095211.85975882
2025-01-01 01:55:13,255480218.57976893
2025-01-01 01:55:14,248205591.79814517
2025-01-01 01:55:15,249885143.19499427
2025-01-01 01:55:16,248671098.79897633
2025-01-01 01:55:17,243295243.1727954
2025-01-01 01:55:18,242911791.5572342
2025-01-01 01:55:19,231688075.02838352
2025-01-01 01:55:20,247819515.88722223
2025-01-01 01:55:21,250754498.0726043
2025-01-01 01:55:22,245333601.8899481
2025-01-01 01:55:23,248373527.7698306
2025-01-01 01:55:24,252725591.96111616
2025-01-01 01:55:25,250980774.45454782
2025-01-01 01:55:26,246072881.06680152
2025-01-01 01:55:27,247536844.6217908
2025-01-01 01:55:28,248189775.72496715
2025-01-01 01:55:29,243359515.57057524
2025-01-01 01:55:30,243970021.86310875
2025-01-01 01:55:31,248639106.23240644
2025-01-01 01:55:32,248994183.52892372
2025-01-01 01:55:33,250437759.2593064
2025-01-01 01:55:34,246579683.22085708
2025-01-01 01:55:35,254548835.7188033
2025-01-01 01:55:36,251320110.3165329
2025-01-01 01:55:37,253877970.21496046
2025-01-01 01:55:38,253251480.94598898
2025-01-01 01:55:39,253644033.92859277
2025-01-01 01:55:40,257823104.45978692
2025-01-01 01:55:41,253003800.5352135
2025-01-01 01:55:42,253147460.36244106
2025-01-01 01:55:43,254075912.1451565
2025-01-01 01:55:44,259218057.1640074
2025-01-01 01:55:45,257634184.0079658
2025-01-01 01:55:46,257120726.70844463
2025-01-01 01:55:47,262122995.063145
2025-01-01 01:55:48,261781504.96753916
2025-01-01 01:55:49,256188042.83317876
2025-01-01 01:55:50,255216951.56499663
2025-01-01 01:55:51,255226926.2675809
2025-01-01 01:55:52,259540587.03298324
2025-01-01 01:55:53,253572150.0863592
2025-01-01 01:55:54,252523978.09336707
2025-01-01 01:55:55,254319067.81780708
2025-01-01 01:55:56,253928518.70385402
2025-01-01 01:55:57,255585068.8580831
2025-01-01 01:55:58,254486843.99375087
2025-01-01 01:55:59,256477503.16209748
2025-01-01 01:56:00,255091998.84289774
2025-01-01 01:56:01,252004786.88297972
2025-01-01 01:56:02,250402689.20745713
2025-01-01 01:56:03,250646233.1577941
2025-01-01 01:56:04,246750022.3818479
2025-01-01 01:56:05,252045522.2006658
2025-01-01 01:56:06,250366755.11977774
2025-01-01 01:56:07,248281702.06741652
2025-01-01 01:56:08,256209286.59380114
2025-01-01 01:56:09,265173615.6545903
2025-01-01 01:56:10,259351916.0955111
2025-01-01 01:56:11,250542380.79327935
2025-01-01 01:56:12,258712548.24689367
2025-01-01 01:56:13,257547639.86062425
2025-01-01 01:56:14,250082129.26111627
2025-01-01 01:56:15,253305188.97066304
2025-01-01 01:56:16,254590725.00143248
2025-01-01 01:56:17,252817671.6594053
2025-01-01 01:56:18,252384854.85691398
2025-01-01 01:56:19,243996779.48014686
2025-01-01 01:56:20,245315136.60155815
2025-01-01 01:56:21,246103471.41360125
2025-01-01 01:56:22,248776296.5245456
2025-01-01 01:56:23,248971512.52475306
2025-01-01 01:56:24,251386334.6942071
2025-01-01 01:56:25,252736625.39374983
2025-01-01 01:56:26,251894496.86685383
2025-01-01 01:56:27,249934756.44163027
2025-01-01 01:56:28,254461985.57489333
2025-01-01 01:56:29,255690754.38787878
2025-01-01 01:56:30,250057083.62843597
2025-01-01 01:56:31,254747593.99236062
2025-01-01 01:56:32,256123169.78318176
2025-01-01 01:56:33,255624013.5115113
2025-01-01 01:56:34,250977147.04117334
2025-01-01 01:56:35,249595617.7310636
2025-01-01 01:56:36,249141974.2455455
2025-01-01 01:56:37,253757694.48962364
2025-01-01 01:56:38,241495829.33095008
2025-01-01 01:56:39,251756793.74366245
2025-01-01 01:56:40,256983014.890141
2025-01-01 01:56:41,245688089.38698748
2025-01-01 01:56:42,248278936.86039898
2025-01-01 01:56:43,253763160.11256948
2025-01-01 01:56:44,247805251.95542213
2025-01-01 01:56:45,246810303.68326265
2025-01-01 01:56:46,250170161.3764808
2025-01-01 01:56:47,253306897.0543627
2025-01-01 01:56:48,247662893.84634182
2025-01-01 01:56:49,251086124.67338753
2025-01-01 01:56:50,252400740.31851327
2025-01-01 01:56:51,255133181.51921704
2025-01-01 01:56:52,251971091.81315956
2025-01-01 01:56:53,249430640.35660428
2025-01-01 01:56:54,254252568.2555779
2025-01-01 01:56:55,255686318.74916354
2025-01-01 01:56:56,254818722.27591795
2025-01-01 01:56:57,256835983.33548617
2025-01-01 01:56:58,254936607.56663483
2025-01-01 01:56:59,253601819.65943867
2025-01-01 01:57:00,261976745.80348304
2025-01-01 01:57:01,256759375.5086873
2025-01-01 01:57:02,252866137.99008593
2025-01-01 01:57:03,261093178.95323694
2025-01-01 01:57:04,262321631.09218162
2025-01-01 01:57:05,255898026.91679507
2025-01-01 01:57:06,256098231.73256063
2025-01-01 01:57:07,257755718.91427717
2025-01-01 01:57:08,260108438.14010605
2025-01-01 01:57:09,253866480.29950812
2025-01-01 01:57:10,252852743.63764802
2025-01-01 01:57:11,250778089.89118966
2025-01-01 01:57:12,253361867.65867752
2025-01-01 01:57:13,251910369.4733567
2025-01-01 01:57:14,253141022.46555102
2025-01-01 01:57:15,256451043.00467664
2025-01-01 01:57:16,252396845.57869533
2025-01-01 01:57:17,256336509.04092157
2025-01-01 01:57:18,258807559.64214313
2025-01-01 01:57:19,254715187.81596205
2025-01-01 01:57:20,250184133.24667835
2025-01-01 01:57:21,258500129.96334407
2025-01-01 01:57:22,256823498.6290454
2025-01-01 01:57:23,254181725.73923674
2025-01-01 01:57:24,257357161.20077085
2025-01-01 01:57:25,252959326.0753363
2025-01-01 01:57:26,251944626.21313143
2025-01-01 01:57:27,251963840.35566735
2025-01-01 01:57:28,258568960.5498128
2025-01-01 01:57:29,256415457.64507192
2025-01-01 01:57:30,250309185.95467573
2025-01-01 01:57:31,254006547.82843685
2025-01-01 01:57:32,249428051.91223487
2025-01-01 01:57:33,247801242.27210763
2025-01-01 01:57:34,252261984.5842237
2025-01-01 01:57:35,253005055.7096165
2025-01-01 01:57:36,250683943.920626
2025-01-01 01:57:37,252874334.12913832
2025-01-01 01:57:38,252002642.23398152
2025-01-01 01:57:39,248640822.8054579
2025-01-01 01:57:40,253346610.01391852
2025-01-01 01:57:41,254128980.83404434
2025-01-01 01:57:42,252100419.54466122
2025-01-01 01:57:43,259664984.23818848
2025-01-01 01:57:44,251669247.2443756
2025-01-01 01:57:45,255838706.9845421
2025-01-01 01:57:46,257200973.48689434
2025-01-01 01:57:47,250254019.42377356
2025-01-01 01:57:48,248465038.3700755
2025-01-01 01:57:49,256575287.60795504
2025-01-01 01:57:50,253180759.76037836
2025-01-01 01:57:51,250681184.87243828
2025-01-01 01:57:52,255572532.07187206
2025-01-01 01:57:53,250891818.57895347
2025-01-01 01:57:54,247154929.60395023
2025-01-01 01:57:55,254168976.2555925
2025-01-01 01:57:56,251002129.17672887
2025-01-01 01:57:57,252446904.00046965
2025-01-01 01:57:58,253181533.5563324
2025-01-01 01:57:59,254311944.80028716
2025-01-01 01:58:00,245247378.48712358
2025-01-01 01:58:01,252284825.76005262
2025-01-01 01:58:02,247718838.1742626
2025-01-01 01:58:03,252411907.52455258
2025-01-01 01:58:04,254867388.05376354
2025-01-01 01:58:05,252526404.88044745
2025-01-01 01:58:06,247924293.4918939
2025-01-01 01:58:07,252530343.69018224
2025-01-01 01:58:08,251909515.4922543
2025-01-01 01:58:09,249722332.13842174
2025-01-01 01:58:10,250668742.04687884
2025-01-01 01:58:11,250288296.87180677
2025-01-01 01:58:12,252186648.7978723
2025-01-01 01:58:13,250430477.01931483
2025-01-01 01:58:14,243275968.88704738
2025-01-01 01:58:15,246096452.27876446
2025-01-01 01:58:16,252464450.82373792
2025-01-01 01:58:17,254348171.65791446
2025-01-01 01:58:18,250823338.78987992
2025-01-01 01:58:19,253658041.90750533
2025-01-01 01:58:20,260257442.49094078
2025-01-01 01:58:21,257679969.80958834
2025-01-01 01:58:22,260246626.36905032
2025-01-01 01:58:23,262342285.86812332
2025-01-01 01:58:24,256819427.66012982
2025-01-01 01:58:25,254346004.87353235
2025-01-01 01:58:26,254972128.05448815
2025-01-01 01:58:27,258033562.81677407
2025-01-01 01:58:28,258584746.18523815
2025-01-01 01:58:29,256251692.65604383
2025-01-01 01:58:30,251900308.93888435
2025-01-01 01:58:31,252453969.77114433
2025-01-01 01:58:32,252011357.0383264
2025-01-01 01:58:33,255886643.9378862
2025-01-01 01:58:34,259249793.85703045
2025-01-01 01:58:35,262983350.5952156
2025-01-01 01:58:36,263902177.45237806
2025-01-01 01:58:37,257133301.9880749
2025-01-01 01:58:38,254451984.55285117
2025-01-01 01:58:39,256491704.98356763
2025-01-01 01:58:40,251730908.92368963
2025-01-01 01:58:41,258035460.995442
2025-01-01 01:58:42,258996540.0812416
2025-01-01 01:58:43,256922034.68854678
2025-01-01 01:58:44,256634717.04903078
2025-01-01 01:58:45,254052003.57743526
2025-01-01 01:58:46,248868710.5781146
2025-01-01 01:58:47,249567729.26182202
2025-01-01 01:58:48,250320895.0339531
2025-01-01 01:58:49,248247394.2452316
2025-01-01 01:58:50,249584071.70611462
2025-01-01 01:58:51,254373578.02057886
2025-01-01 01:58:52,258282254.50659466
2025-01-01 01:58:53,256634918.6417583
2025-01-01 01:58:54,256688324.35397962
2025-01-01 01:58:55,251959765.32853
2025-01-01 01:58:56,256351956.9107475
2025-01-01 01:58:57,258688258.79419184
2025-01-01 01:58:58,262612733.65649414
2025-01-01 01:58:59,259874748.7153487
2025-01-01 01:59:00,257858120.34533048
2025-01-01 01:59:01,260535972.6202605
2025-01-01 01:59:02,260468362.43750748
2025-01-01 01:59:03,252262752.73391822
2025-01-01 01:59:04,252228731.95195735
2025-01-01 01:59:05,259690319.83156037
2025-01-01 01:59:06,256225307.7868936
2025-01-01 01:59:07,262234576.54128653
2025-01-01 01:59:08,256844575.51255855
2025-01-01 01:59:09,251884615.56798849
2025-01-01 01:59:10,252236534.73906323
2025-01-01 01:59:11,250865150.7092045
2025-01-01 01:59:12,251059270.09903008
2025-01-01 01:59:13,253205490.88624465
2025-01-01 01:59:14,252950793.29673263
2025-01-01 01:59:15,256243656.98101974
2025-01-01 01:59:16,249457168.80738473
2025-01-01 01:59:17,245888019.28198338
2025-01-01 01:59:18,248350058.0692962
2025-01-01 01:59:19,250603576.93500555
2025-01-01 01:59:20,253094968.17178568
2025-01-01 01:59:21,245985287.58782414
2025-01-01 01:59:22,252903080.83754006
2025-01-01 01:59:23,253574035.06259108
2025-01-01 01:59:24,255860746.75605142
2025-01-01 01:59:25,255563305.28750277
2025-01-01 01:59:26,254292790.43536553
2025-01-01 01:59:27,252872058.88144854
2025-01-01 01:59:28,249596963.16608006
2025-01-01 01:59:29,253508496.79598558
2025-01-01 01:59:30,250185827.14103922
2025-01-01 01:59:31,245917992.67471287
2025-01-01 01:59:32,248857333.5619767
2025-01-01 01:59:33,249204743.47404614
2025-01-01 01:59:34,254081720.84123725
2025-01-01 01:59:35,246852478.69623798
2025-01-01 01:59:36,248800446.12716937
2025-01-01 01:59:37,246499806.81565374
2025-01-01 01:59:38,249261912.88095924
2025-01-01 01:59:39,251074657.71332774
2025-01-01 01:59:40,250288063.39933452
2025-01-01 01:59:41,251946322.19998765
2025-01-01 01:59:42,250572187.75666207
2025-01-01 01:59:43,252951883.927426
2025-01-01 01:59:44,249499982.5436653
2025-01-01 01:59:45,256769038.40160504
2025-01-01 01:59:46,250448791.8348741
2025-01-01 01:59:47,251104463.61806315
2025-01-01 01:59:48,246168765.658128
2025-01-01 01:59:49,247708499.7142392
2025-01-01 01:59:50,244921284.97197154
2025-01-01 01:59:51,244112669.8180651
2025-01-01 01:59:52,250305629.97061226
2025-01-01 01:59:53,243432148.025071
2025-01-01 01:59:54,243151630.7620541
2025-01-01 01:59:55,245019769.22649646
2025-01-01 01:59:56,246232228.5068849
2025-01-01 01:59:57,252839532.30721635
2025-01-01 01:59:58,247356461.18089518
2025-01-01 01:59:59,250455080.86275458
