date,OT
2025-01-01 00:00:00,251810741.47741127
2025-01-01 00:00:01,248343335.07885617
2025-01-01 00:00:02,251340794.75702122
2025-01-01 00:00:03,252745238.34341648
2025-01-01 00:00:04,250929042.66343203
2025-01-01 00:00:05,243203963.09828845
2025-01-01 00:00:06,242962324.01640543
2025-01-01 00:00:07,250260258.01715884
2025-01-01 00:00:08,246216370.11071602
2025-01-01 00:00:09,247384883.66642445
2025-01-01 00:00:10,252468239.33114177
2025-01-01 00:00:11,253013150.28335154
2025-01-01 00:00:12,257531878.21361366
2025-01-01 00:00:13,255788971.94894522
2025-01-01 00:00:14,252947642.27373132
2025-01-01 00:00:15,253034528.1051474
2025-01-01 00:00:16,246805710.65058786
2025-01-01 00:00:17,255941382.48609698
2025-01-01 00:00:18,252061356.22935012
2025-01-01 00:00:19,250311577.99865168
2025-01-01 00:00:20,254084554.14907685
2025-01-01 00:00:21,250458955.93895018
2025-01-01 00:00:22,249188067.49306765
2025-01-01 00:00:23,255016419.18501133
2025-01-01 00:00:24,250767407.3095478
2025-01-01 00:00:25,245852434.64741087
2025-01-01 00:00:26,245483838.81456998
2025-01-01 00:00:27,249701298.98041773
2025-01-01 00:00:28,248902078.68595058
2025-01-01 00:00:29,250062326.25191984
2025-01-01 00:00:30,256535216.29331204
2025-01-01 00:00:31,253839748.93566233
2025-01-01 00:00:32,248729112.35668147
2025-01-01 00:00:33,252668415.91048536
2025-01-01 00:00:34,248189917.3542838
2025-01-01 00:00:35,247712926.5963844
2025-01-01 00:00:36,236714265.83634934
2025-01-01 00:00:37,243489029.8609636
2025-01-01 00:00:38,247161480.8289961
2025-01-01 00:00:39,250826428.89447498
2025-01-01 00:00:40,248177888.99262047
2025-01-01 00:00:41,244715103.66176045
2025-01-01 00:00:42,255491287.62179533
2025-01-01 00:00:43,250036853.15981022
2025-01-01 00:00:44,253776624.8852838
2025-01-01 00:00:45,255912218.2412073
2025-01-01 00:00:46,253096678.30719933
2025-01-01 00:00:47,249415506.94823536
2025-01-01 00:00:48,249183888.14231622
2025-01-01 00:00:49,252873966.92647246
2025-01-01 00:00:50,255986565.28347692
2025-01-01 00:00:51,255426406.8312692
2025-01-01 00:00:52,255544774.15783203
2025-01-01 00:00:53,252290442.2645391
2025-01-01 00:00:54,256455093.63282922
2025-01-01 00:00:55,258738153.19688123
2025-01-01 00:00:56,253738806.64342186
2025-01-01 00:00:57,257378687.49241886
2025-01-01 00:00:58,256069082.11018175
2025-01-01 00:00:59,254480514.19756904
2025-01-01 00:01:00,249677020.22832215
2025-01-01 00:01:01,251790211.13551626
2025-01-01 00:01:02,255653719.9985891
2025-01-01 00:01:03,262559242.2038573
2025-01-01 00:01:04,254502321.81247002
2025-01-01 00:01:05,257391539.7299772
2025-01-01 00:01:06,253039690.0725136
2025-01-01 00:01:07,261671030.4493591
2025-01-01 00:01:08,256336077.15938672
2025-01-01 00:01:09,257670107.09837234
2025-01-01 00:01:10,257644599.96752697
2025-01-01 00:01:11,250628045.6922162
2025-01-01 00:01:12,251985660.70295617
2025-01-01 00:01:13,254307931.5235383
2025-01-01 00:01:14,254265902.78673837
2025-01-01 00:01:15,255883958.4814238
2025-01-01 00:01:16,255610864.85655186
2025-01-01 00:01:17,250717717.27007616
2025-01-01 00:01:18,254005206.38019663
2025-01-01 00:01:19,255425759.9509355
2025-01-01 00:01:20,259873078.24692652
2025-01-01 00:01:21,266455949.5403035
2025-01-01 00:01:22,261658258.77007154
2025-01-01 00:01:23,261926760.66395125
2025-01-01 00:01:24,254882325.89979714
2025-01-01 00:01:25,256262486.5850229
2025-01-01 00:01:26,257186972.70545983
2025-01-01 00:01:27,259397893.6699441
2025-01-01 00:01:28,263536423.9388353
2025-01-01 00:01:29,263413752.93549818
2025-01-01 00:01:30,260001184.7782865
2025-01-01 00:01:31,259530839.18742648
2025-01-01 00:01:32,257733918.20050865
2025-01-01 00:01:33,254655922.77323997
2025-01-01 00:01:34,256202464.3860194
2025-01-01 00:01:35,255303001.7973539
2025-01-01 00:01:36,257029553.93712512
2025-01-01 00:01:37,252062156.38122517
2025-01-01 00:01:38,253607752.15521544
2025-01-01 00:01:39,257500431.17537162
2025-01-01 00:01:40,256806655.88722008
2025-01-01 00:01:41,255313745.89053798
2025-01-01 00:01:42,256363379.3220962
2025-01-01 00:01:43,259243922.30757934
2025-01-01 00:01:44,258975458.96857998
2025-01-01 00:01:45,259419804.48754537
2025-01-01 00:01:46,251484652.59866482
2025-01-01 00:01:47,254740948.4052671
2025-01-01 00:01:48,254923158.59708726
2025-01-01 00:01:49,258807051.21267977
2025-01-01 00:01:50,253334920.1333666
2025-01-01 00:01:51,254391489.26451224
2025-01-01 00:01:52,256808567.74771804
2025-01-01 00:01:53,258843484.94676778
2025-01-01 00:01:54,255148016.27131623
2025-01-01 00:01:55,257987807.60486823
2025-01-01 00:01:56,249604592.01204702
2025-01-01 00:01:57,249005876.11303502
2025-01-01 00:01:58,254972661.7213518
2025-01-01 00:01:59,252822669.50464123
2025-01-01 00:02:00,256279652.89744794
2025-01-01 00:02:01,260474027.02376097
2025-01-01 00:02:02,258667956.72352287
2025-01-01 00:02:03,258282295.77085146
2025-01-01 00:02:04,252839103.12234253
2025-01-01 00:02:05,252897604.715456
2025-01-01 00:02:06,260607939.01553825
2025-01-01 00:02:07,257755501.1440624
2025-01-01 00:02:08,263722859.34600398
2025-01-01 00:02:09,256354401.5535213
2025-01-01 00:02:10,251635407.45682645
2025-01-01 00:02:11,257484993.38186014
2025-01-01 00:02:12,257331323.01058754
2025-01-01 00:02:13,256953701.07298663
2025-01-01 00:02:14,258032952.32489625
2025-01-01 00:02:15,256351573.85025802
2025-01-01 00:02:16,259835219.63094047
2025-01-01 00:02:17,257379628.82373193
2025-01-01 00:02:18,250949049.75716373
2025-01-01 00:02:19,253334090.73483056
2025-01-01 00:02:20,254273353.7944728
2025-01-01 00:02:21,254811319.22967687
2025-01-01 00:02:22,255899959.14210847
2025-01-01 00:02:23,263274159.59273753
2025-01-01 00:02:24,254704004.80095288
2025-01-01 00:02:25,249540151.58834085
2025-01-01 00:02:26,250730606.17828366
2025-01-01 00:02:27,247620576.00189614
2025-01-01 00:02:28,253703094.0249907
2025-01-01 00:02:29,252853232.71821848
2025-01-01 00:02:30,256646975.78432477
2025-01-01 00:02:31,255215185.01162872
2025-01-01 00:02:32,255151412.16252676
2025-01-01 00:02:33,263672709.80954662
2025-01-01 00:02:34,263378250.79884976
2025-01-01 00:02:35,263490540.842256
2025-01-01 00:02:36,253853550.10874242
2025-01-01 00:02:37,251338938.97477776
2025-01-01 00:02:38,254810811.1824507
2025-01-01 00:02:39,251820180.75711018
2025-01-01 00:02:40,252544041.59125808
2025-01-01 00:02:41,254329978.36710432
2025-01-01 00:02:42,257389839.0345139
2025-01-01 00:02:43,256691319.0513684
2025-01-01 00:02:44,255521304.552071
2025-01-01 00:02:45,257722450.52670518
2025-01-01 00:02:46,261907404.65722921
2025-01-01 00:02:47,254740408.92898926
2025-01-01 00:02:48,248172443.51712826
2025-01-01 00:02:49,254409480.85963815
2025-01-01 00:02:50,254826088.59724098
2025-01-01 00:02:51,259392212.11459562
2025-01-01 00:02:52,258800332.2063373
2025-01-01 00:02:53,259074858.14787015
2025-01-01 00:02:54,259449081.42058796
2025-01-01 00:02:55,258564688.53200966
2025-01-01 00:02:56,253114334.74310684
2025-01-01 00:02:57,254996622.99751127
2025-01-01 00:02:58,260105239.69992495
2025-01-01 00:02:59,260991290.79904696
2025-01-01 00:03:00,255978776.07192254
2025-01-01 00:03:01,254604944.6368047
2025-01-01 00:03:02,258637574.2962806
2025-01-01 00:03:03,255698279.24077764
2025-01-01 00:03:04,260073112.7320398
2025-01-01 00:03:05,260167557.58418754
2025-01-01 00:03:06,258312495.05273616
2025-01-01 00:03:07,253693448.86002317
2025-01-01 00:03:08,257605504.51370943
2025-01-01 00:03:09,259318208.97860485
2025-01-01 00:03:10,254727681.90483066
2025-01-01 00:03:11,258404998.42349938
2025-01-01 00:03:12,263250866.0111555
2025-01-01 00:03:13,265384892.62086102
2025-01-01 00:03:14,263363436.3907337
2025-01-01 00:03:15,262134623.52385512
2025-01-01 00:03:16,263611337.61947054
2025-01-01 00:03:17,262042498.61261508
2025-01-01 00:03:18,262801906.178845
2025-01-01 00:03:19,260784211.5710921
2025-01-01 00:03:20,255173876.59112853
2025-01-01 00:03:21,259857474.35950315
2025-01-01 00:03:22,258758672.22820354
2025-01-01 00:03:23,255617924.73472598
2025-01-01 00:03:24,257622896.33889645
2025-01-01 00:03:25,255476272.7022536
2025-01-01 00:03:26,258187021.99057624
2025-01-01 00:03:27,258823255.5840351
2025-01-01 00:03:28,259230869.94249728
2025-01-01 00:03:29,254506461.18522298
2025-01-01 00:03:30,256118973.15334535
2025-01-01 00:03:31,259688217.55696446
2025-01-01 00:03:32,263128774.7450541
2025-01-01 00:03:33,264989784.63291416
2025-01-01 00:03:34,258847918.63517353
2025-01-01 00:03:35,257872756.26311293
2025-01-01 00:03:36,250488248.42164913
2025-01-01 00:03:37,255883552.02799335
2025-01-01 00:03:38,257419501.94258243
2025-01-01 00:03:39,252525148.58093706
2025-01-01 00:03:40,253723396.67026246
2025-01-01 00:03:41,255565008.07042244
2025-01-01 00:03:42,255614517.8010288
2025-01-01 00:03:43,256727597.67688888
2025-01-01 00:03:44,254372413.57426286
2025-01-01 00:03:45,259671269.73886
2025-01-01 00:03:46,257785086.90158254
2025-01-01 00:03:47,255402548.23012912
2025-01-01 00:03:48,259977371.5062795
2025-01-01 00:03:49,254225081.95364186
2025-01-01 00:03:50,256553182.7712257
2025-01-01 00:03:51,249834891.69095573
2025-01-01 00:03:52,255392861.66140914
2025-01-01 00:03:53,255209111.5449191
2025-01-01 00:03:54,256240839.73418272
2025-01-01 00:03:55,259303689.02289376
2025-01-01 00:03:56,257272648.69575948
2025-01-01 00:03:57,259369175.51424268
2025-01-01 00:03:58,255692110.98235565
2025-01-01 00:03:59,250427856.53246653
2025-01-01 00:04:00,252106257.50913414
2025-01-01 00:04:01,252098935.1581493
2025-01-01 00:04:02,256454684.06830195
2025-01-01 00:04:03,247893602.67482767
2025-01-01 00:04:04,247942099.85471606
2025-01-01 00:04:05,249603647.36837018
2025-01-01 00:04:06,249309970.66870567
2025-01-01 00:04:07,247116720.87992668
2025-01-01 00:04:08,246894874.58135533
2025-01-01 00:04:09,249047922.01048484
2025-01-01 00:04:10,248954812.07459602
2025-01-01 00:04:11,253332447.47195634
2025-01-01 00:04:12,252423149.07838193
2025-01-01 00:04:13,249498116.790641
2025-01-01 00:04:14,251396806.49100727
2025-01-01 00:04:15,247124419.25660393
2025-01-01 00:04:16,250501649.96043396
2025-01-01 00:04:17,250544765.3460551
2025-01-01 00:04:18,253067734.70503289
2025-01-01 00:04:19,258251285.05708984
2025-01-01 00:04:20,253009691.6539778
2025-01-01 00:04:21,249375142.94721347
2025-01-01 00:04:22,248180368.69248727
2025-01-01 00:04:23,247817796.239887
2025-01-01 00:04:24,248533917.62279934
2025-01-01 00:04:25,249190979.6674871
2025-01-01 00:04:26,252382696.1154117
2025-01-01 00:04:27,251215521.4393017
2025-01-01 00:04:28,252984108.35492438
2025-01-01 00:04:29,256421660.63428432
2025-01-01 00:04:30,253137476.87447163
2025-01-01 00:04:31,256949889.6137029
2025-01-01 00:04:32,252719581.06217676
2025-01-01 00:04:33,257715211.89648196
2025-01-01 00:04:34,260658445.9454765
2025-01-01 00:04:35,260174025.85960054
2025-01-01 00:04:36,251722263.5299721
2025-01-01 00:04:37,251007146.36230713
2025-01-01 00:04:38,250403257.28031564
2025-01-01 00:04:39,256960676.33226836
2025-01-01 00:04:40,259147450.41842866
2025-01-01 00:04:41,253746999.87812516
2025-01-01 00:04:42,250456215.24687657
2025-01-01 00:04:43,251105880.63732427
2025-01-01 00:04:44,253104410.42464367
2025-01-01 00:04:45,248769288.37222216
2025-01-01 00:04:46,248836102.29293412
2025-01-01 00:04:47,260060324.18059862
2025-01-01 00:04:48,256251794.67467773
2025-01-01 00:04:49,255244805.44899666
2025-01-01 00:04:50,247925740.4260485
2025-01-01 00:04:51,254336233.5204871
2025-01-01 00:04:52,256076620.56896812
2025-01-01 00:04:53,256456397.91335315
2025-01-01 00:04:54,257521296.74815673
2025-01-01 00:04:55,249639585.9153896
2025-01-01 00:04:56,259838718.2871927
2025-01-01 00:04:57,252890208.7612504
2025-01-01 00:04:58,251543449.38968962
2025-01-01 00:04:59,251647612.5316874
2025-01-01 00:05:00,250492513.41000035
2025-01-01 00:05:01,248127266.11581308
2025-01-01 00:05:02,249844623.06968328
2025-01-01 00:05:03,249321283.28857708
2025-01-01 00:05:04,247595089.15376592
2025-01-01 00:05:05,253850526.640138
2025-01-01 00:05:06,255835023.11502275
2025-01-01 00:05:07,247960441.55906725
2025-01-01 00:05:08,252328785.19695556
2025-01-01 00:05:09,251518473.21859884
2025-01-01 00:05:10,253318804.51928237
2025-01-01 00:05:11,257666877.23960775
2025-01-01 00:05:12,255768529.069582
2025-01-01 00:05:13,255147240.00509158
2025-01-01 00:05:14,252901315.05136138
2025-01-01 00:05:15,250046896.49535158
2025-01-01 00:05:16,248228616.33064133
2025-01-01 00:05:17,249373581.67598826
2025-01-01 00:05:18,251899866.12499842
2025-01-01 00:05:19,249079927.84596992
2025-01-01 00:05:20,251609044.33198437
2025-01-01 00:05:21,251338114.8223059
2025-01-01 00:05:22,252217385.18838617
2025-01-01 00:05:23,255679305.30191508
2025-01-01 00:05:24,249222423.37595946
2025-01-01 00:05:25,246677040.59190783
2025-01-01 00:05:26,242363757.82395646
2025-01-01 00:05:27,247005916.96941966
2025-01-01 00:05:28,248127940.003243
2025-01-01 00:05:29,248334672.3509595
2025-01-01 00:05:30,251718060.56513584
2025-01-01 00:05:31,246569601.07466558
2025-01-01 00:05:32,254645525.19611186
2025-01-01 00:05:33,253059018.9671483
2025-01-01 00:05:34,250611370.64627907
2025-01-01 00:05:35,251269982.81355566
2025-01-01 00:05:36,248806186.23380405
2025-01-01 00:05:37,247574207.1498271
2025-01-01 00:05:38,248774327.244862
2025-01-01 00:05:39,248235122.70325217
2025-01-01 00:05:40,248028844.47074813
2025-01-01 00:05:41,247463098.43624362
2025-01-01 00:05:42,254555664.15676764
2025-01-01 00:05:43,248929422.88227165
2025-01-01 00:05:44,245402712.06493297
2025-01-01 00:05:45,244251394.5907334
2025-01-01 00:05:46,249646757.78276342
2025-01-01 00:05:47,257095699.72387955
2025-01-01 00:05:48,261052287.77083322
2025-01-01 00:05:49,254480238.71928093
2025-01-01 00:05:50,259693510.22980255
2025-01-01 00:05:51,252771525.58554155
2025-01-01 00:05:52,256598695.56741524
2025-01-01 00:05:53,250707898.19836694
2025-01-01 00:05:54,249888261.90099382
2025-01-01 00:05:55,248658943.36586836
2025-01-01 00:05:56,248342103.26420292
2025-01-01 00:05:57,246490573.66425085
2025-01-01 00:05:58,244151141.54245862
2025-01-01 00:05:59,241961375.62512547
2025-01-01 00:06:00,246339558.72240132
2025-01-01 00:06:01,250034707.5840292
2025-01-01 00:06:02,254042607.51797312
2025-01-01 00:06:03,252838350.1838656
2025-01-01 00:06:04,247694933.8121342
2025-01-01 00:06:05,256097371.22517675
2025-01-01 00:06:06,244157468.5857033
2025-01-01 00:06:07,252461480.08851185
2025-01-01 00:06:08,253506023.8913976
2025-01-01 00:06:09,250937799.02265668
2025-01-01 00:06:10,253663161.96015167
2025-01-01 00:06:11,249259241.53216976
2025-01-01 00:06:12,244234792.79582465
2025-01-01 00:06:13,251019712.3262867
2025-01-01 00:06:14,254887979.66695982
2025-01-01 00:06:15,251981456.92618516
2025-01-01 00:06:16,248300591.95278126
2025-01-01 00:06:17,254187804.1359555
2025-01-01 00:06:18,252592580.99346927
2025-01-01 00:06:19,251693907.58047143
2025-01-01 00:06:20,256780307.45262787
2025-01-01 00:06:21,248916055.85295895
2025-01-01 00:06:22,258379148.99236205
2025-01-01 00:06:23,253350986.72351512
2025-01-01 00:06:24,258254970.73059103
2025-01-01 00:06:25,258426907.7471722
2025-01-01 00:06:26,257701825.51665813
2025-01-01 00:06:27,262124430.13724238
2025-01-01 00:06:28,257839430.7795537
2025-01-01 00:06:29,256160930.5581036
2025-01-01 00:06:30,262317717.81561166
2025-01-01 00:06:31,259407217.70358914
2025-01-01 00:06:32,262197017.9652882
2025-01-01 00:06:33,260581769.1046798
2025-01-01 00:06:34,252441740.09102005
2025-01-01 00:06:35,251566543.0424938
2025-01-01 00:06:36,245791984.92988053
2025-01-01 00:06:37,247609299.05393517
2025-01-01 00:06:38,252876508.06345913
2025-01-01 00:06:39,245966081.82614794
2025-01-01 00:06:40,252119131.56557092
2025-01-01 00:06:41,249001359.94856384
2025-01-01 00:06:42,245941390.18593365
2025-01-01 00:06:43,247320298.3536173
2025-01-01 00:06:44,254739392.06023216
2025-01-01 00:06:45,255076307.6325377
2025-01-01 00:06:46,256136444.74929857
2025-01-01 00:06:47,248185770.40921172
2025-01-01 00:06:48,253082503.29367185
2025-01-01 00:06:49,250619371.23734468
2025-01-01 00:06:50,246564540.26250526
2025-01-01 00:06:51,248849406.0454559
2025-01-01 00:06:52,253703278.85399422
2025-01-01 00:06:53,245556535.36229795
2025-01-01 00:06:54,249514613.36392048
2025-01-01 00:06:55,252133360.54355717
2025-01-01 00:06:56,250296857.5103274
2025-01-01 00:06:57,245838951.55317044
2025-01-01 00:06:58,247364394.8494049
2025-01-01 00:06:59,247979849.14024186
2025-01-01 00:07:00,247263548.66010058
2025-01-01 00:07:01,239872638.5438771
2025-01-01 00:07:02,239799085.6274889
2025-01-01 00:07:03,244657597.8972228
2025-01-01 00:07:04,245561425.0512423
2025-01-01 00:07:05,244515881.73683864
2025-01-01 00:07:06,250059613.64554083
2025-01-01 00:07:07,247934154.72305992
2025-01-01 00:07:08,246679654.60018864
2025-01-01 00:07:09,247579272.6886576
2025-01-01 00:07:10,245510548.0155788
2025-01-01 00:07:11,248756083.63458207
2025-01-01 00:07:12,245887455.52515537
2025-01-01 00:07:13,252511860.0059162
2025-01-01 00:07:14,256275877.79012084
2025-01-01 00:07:15,253687453.39114162
2025-01-01 00:07:16,254545998.97734454
2025-01-01 00:07:17,251480934.33819088
2025-01-01 00:07:18,246389657.79503042
2025-01-01 00:07:19,253594037.75323233
2025-01-01 00:07:20,258218247.18794745
2025-01-01 00:07:21,259931219.50460738
2025-01-01 00:07:22,260171662.47608304
2025-01-01 00:07:23,252453479.4992088
2025-01-01 00:07:24,258139908.22475922
2025-01-01 00:07:25,257022717.25570664
2025-01-01 00:07:26,252275590.2231014
2025-01-01 00:07:27,253667688.556278
2025-01-01 00:07:28,246720973.0961854
2025-01-01 00:07:29,254777667.0830657
2025-01-01 00:07:30,250794391.38633585
2025-01-01 00:07:31,241721913.19289324
2025-01-01 00:07:32,243595925.78189233
2025-01-01 00:07:33,248659987.53296685
2025-01-01 00:07:34,247774192.55266944
2025-01-01 00:07:35,246990157.73182556
2025-01-01 00:07:36,237520476.3076082
2025-01-01 00:07:37,245570788.88152137
2025-01-01 00:07:38,245902946.8032744
2025-01-01 00:07:39,250964055.76981407
2025-01-01 00:07:40,248516691.32875746
2025-01-01 00:07:41,243049172.080948
2025-01-01 00:07:42,247393462.9059888
2025-01-01 00:07:43,247857273.65712398
2025-01-01 00:07:44,251727351.79670644
2025-01-01 00:07:45,250320695.36872643
2025-01-01 00:07:46,249543064.39126968
2025-01-01 00:07:47,252222942.41291967
2025-01-01 00:07:48,250817009.50853893
2025-01-01 00:07:49,252373415.52559862
2025-01-01 00:07:50,254408858.74055663
2025-01-01 00:07:51,247783566.05947158
2025-01-01 00:07:52,244080765.12137562
2025-01-01 00:07:53,251128338.23842856
2025-01-01 00:07:54,256983066.01723367
2025-01-01 00:07:55,249615480.06257772
2025-01-01 00:07:56,252521977.1434189
2025-01-01 00:07:57,254588565.3484255
2025-01-01 00:07:58,251480395.53544483
2025-01-01 00:07:59,252859333.79635617
2025-01-01 00:08:00,243943601.35487658
2025-01-01 00:08:01,246118051.76505858
2025-01-01 00:08:02,243526476.05016354
2025-01-01 00:08:03,246095829.03067464
2025-01-01 00:08:04,252333483.593628
2025-01-01 00:08:05,255875471.67247227
2025-01-01 00:08:06,250171964.12823603
2025-01-01 00:08:07,249504338.76066792
2025-01-01 00:08:08,254232512.04096198
2025-01-01 00:08:09,254605612.90129998
2025-01-01 00:08:10,256139159.26868048
2025-01-01 00:08:11,250158596.78888386
2025-01-01 00:08:12,245101372.95705965
2025-01-01 00:08:13,250401207.9191474
2025-01-01 00:08:14,247688142.42548218
2025-01-01 00:08:15,258763077.44599
2025-01-01 00:08:16,261019849.31729305
2025-01-01 00:08:17,256447650.26729634
2025-01-01 00:08:18,254114428.05946
2025-01-01 00:08:19,256525262.76621473
2025-01-01 00:08:20,252784485.22189546
2025-01-01 00:08:21,248761084.40551662
2025-01-01 00:08:22,257585617.2111437
2025-01-01 00:08:23,258136868.99973074
2025-01-01 00:08:24,255639824.79596403
2025-01-01 00:08:25,251666603.9298501
2025-01-01 00:08:26,248246871.57109734
2025-01-01 00:08:27,255106926.314397
2025-01-01 00:08:28,250700067.51642734
2025-01-01 00:08:29,250892323.0535097
2025-01-01 00:08:30,253534560.96622664
2025-01-01 00:08:31,256094100.02999336
2025-01-01 00:08:32,256523914.81571236
2025-01-01 00:08:33,256014162.0727976
2025-01-01 00:08:34,252487140.72983783
2025-01-01 00:08:35,251805826.91301298
2025-01-01 00:08:36,248430289.22455972
2025-01-01 00:08:37,251308931.39699653
2025-01-01 00:08:38,258467720.1240253
2025-01-01 00:08:39,256363502.1174898
2025-01-01 00:08:40,250101341.19117492
2025-01-01 00:08:41,250906465.51124644
2025-01-01 00:08:42,250597805.62195554
2025-01-01 00:08:43,249780047.23598757
2025-01-01 00:08:44,246101039.46855032
2025-01-01 00:08:45,249960412.58554134
2025-01-01 00:08:46,242861387.35141706
2025-01-01 00:08:47,245922518.2779328
2025-01-01 00:08:48,251422281.3982276
2025-01-01 00:08:49,248900730.4354951
2025-01-01 00:08:50,255258803.7547522
2025-01-01 00:08:51,255729764.041056
2025-01-01 00:08:52,247995434.2962483
2025-01-01 00:08:53,252379756.91011387
2025-01-01 00:08:54,250838626.7533549
2025-01-01 00:08:55,251411653.45351204
2025-01-01 00:08:56,250398182.87568447
2025-01-01 00:08:57,248313415.83446148
2025-01-01 00:08:58,251831455.75485843
2025-01-01 00:08:59,249667906.4067747
2025-01-01 00:09:00,250065730.9516597
2025-01-01 00:09:01,250279295.47571215
2025-01-01 00:09:02,253013945.2956935
2025-01-01 00:09:03,251384460.8600407
2025-01-01 00:09:04,245498854.7296033
2025-01-01 00:09:05,251510208.99442938
2025-01-01 00:09:06,252697437.3251321
2025-01-01 00:09:07,249249716.48013026
2025-01-01 00:09:08,251524109.65682963
2025-01-01 00:09:09,246679707.2165242
2025-01-01 00:09:10,239460776.17662174
2025-01-01 00:09:11,249262436.43778253
2025-01-01 00:09:12,249846662.1796971
2025-01-01 00:09:13,248780502.97075185
2025-01-01 00:09:14,250071153.30869532
2025-01-01 00:09:15,249018114.64263925
2025-01-01 00:09:16,245375896.7077207
2025-01-01 00:09:17,248112194.3730392
2025-01-01 00:09:18,248612408.50971898
2025-01-01 00:09:19,251717555.7277534
2025-01-01 00:09:20,249603803.75467297
2025-01-01 00:09:21,256326123.52399632
2025-01-01 00:09:22,250947195.29173914
2025-01-01 00:09:23,249266537.26793405
2025-01-01 00:09:24,244933304.08794054
2025-01-01 00:09:25,249245033.55705464
2025-01-01 00:09:26,242941070.83847132
2025-01-01 00:09:27,245531990.03214434
2025-01-01 00:09:28,248828258.28271177
2025-01-01 00:09:29,243456145.80306086
2025-01-01 00:09:30,249628891.838516
2025-01-01 00:09:31,252440978.37118953
2025-01-01 00:09:32,251139770.1206938
2025-01-01 00:09:33,249758330.3365418
2025-01-01 00:09:34,250776447.88289034
2025-01-01 00:09:35,249852514.85397488
2025-01-01 00:09:36,253014647.9462653
2025-01-01 00:09:37,253223452.55067113
2025-01-01 00:09:38,252638649.3810968
2025-01-01 00:09:39,248470741.48610228
2025-01-01 00:09:40,251742415.6597574
2025-01-01 00:09:41,253298052.10946655
2025-01-01 00:09:42,252468535.12285542
2025-01-01 00:09:43,249993466.90836206
2025-01-01 00:09:44,255399258.86780772
2025-01-01 00:09:45,254485105.0372706
2025-01-01 00:09:46,250989468.38106507
2025-01-01 00:09:47,246432104.5163082
2025-01-01 00:09:48,244293469.3967577
2025-01-01 00:09:49,239342365.72919133
2025-01-01 00:09:50,245253659.30006602
2025-01-01 00:09:51,245567549.5695866
2025-01-01 00:09:52,249300004.50151658
2025-01-01 00:09:53,258804503.99405742
2025-01-01 00:09:54,256976279.89222178
2025-01-01 00:09:55,254894523.11992466
2025-01-01 00:09:56,256838821.19411543
2025-01-01 00:09:57,250712161.38392198
2025-01-01 00:09:58,247625604.98929134
2025-01-01 00:09:59,245115148.88538387
2025-01-01 00:10:00,245366696.47930762
2025-01-01 00:10:01,247571198.45026422
2025-01-01 00:10:02,246791273.98318815
2025-01-01 00:10:03,244837084.0069541
2025-01-01 00:10:04,242467995.52949256
2025-01-01 00:10:05,245570632.62190378
2025-01-01 00:10:06,248099863.24015403
2025-01-01 00:10:07,247733267.58351028
2025-01-01 00:10:08,248823909.33003637
2025-01-01 00:10:09,252954022.19530308
2025-01-01 00:10:10,250940392.0316663
2025-01-01 00:10:11,245932821.7151824
2025-01-01 00:10:12,250049294.51282725
2025-01-01 00:10:13,250670474.9779001
2025-01-01 00:10:14,250472942.22783297
2025-01-01 00:10:15,248136946.1603548
2025-01-01 00:10:16,250732870.2331231
2025-01-01 00:10:17,248815320.63626412
2025-01-01 00:10:18,247787282.46518734
2025-01-01 00:10:19,250261181.18851435
2025-01-01 00:10:20,260842619.6647023
2025-01-01 00:10:21,252606515.05164343
2025-01-01 00:10:22,249676416.84093246
2025-01-01 00:10:23,252771516.74798664
2025-01-01 00:10:24,253788148.8243287
2025-01-01 00:10:25,250076397.32631344
2025-01-01 00:10:26,255419935.59307843
2025-01-01 00:10:27,255162692.59108707
2025-01-01 00:10:28,254244753.09333128
2025-01-01 00:10:29,253114705.88173097
2025-01-01 00:10:30,251568722.5328759
2025-01-01 00:10:31,254299624.25356779
2025-01-01 00:10:32,256184351.39020017
2025-01-01 00:10:33,253763803.26264086
2025-01-01 00:10:34,252948131.29277316
2025-01-01 00:10:35,254854427.20867035
2025-01-01 00:10:36,255416266.11511323
2025-01-01 00:10:37,252892300.157048
2025-01-01 00:10:38,252432197.04246554
2025-01-01 00:10:39,263928164.88520315
2025-01-01 00:10:40,255884797.8047895
2025-01-01 00:10:41,248458546.9654826
2025-01-01 00:10:42,249567190.39920494
2025-01-01 00:10:43,248006324.63644433
2025-01-01 00:10:44,256113244.39098644
2025-01-01 00:10:45,261132787.54739702
2025-01-01 00:10:46,250582795.31870267
2025-01-01 00:10:47,259096200.68474123
2025-01-01 00:10:48,258875392.6361244
2025-01-01 00:10:49,255158049.90567118
2025-01-01 00:10:50,253487638.54209882
2025-01-01 00:10:51,248169354.20957428
2025-01-01 00:10:52,251041207.0990436
2025-01-01 00:10:53,255126152.2185049
2025-01-01 00:10:54,259964953.2300391
2025-01-01 00:10:55,257993935.20642787
2025-01-01 00:10:56,256578898.07855815
2025-01-01 00:10:57,255461114.14953113
2025-01-01 00:10:58,252828343.2540062
2025-01-01 00:10:59,247556473.47218496
2025-01-01 00:11:00,251521776.06685722
2025-01-01 00:11:01,251642121.41952863
2025-01-01 00:11:02,253348575.9100538
2025-01-01 00:11:03,253234006.6220479
2025-01-01 00:11:04,255871988.55793282
2025-01-01 00:11:05,258722797.64030918
2025-01-01 00:11:06,256646971.7854618
2025-01-01 00:11:07,256509057.1961248
2025-01-01 00:11:08,251456069.84349525
2025-01-01 00:11:09,251042811.46448284
2025-01-01 00:11:10,257036069.59904435
2025-01-01 00:11:11,257237959.13333994
2025-01-01 00:11:12,255043371.08846903
2025-01-01 00:11:13,253407170.05784017
2025-01-01 00:11:14,253886004.63954026
2025-01-01 00:11:15,258006780.38592628
2025-01-01 00:11:16,257025230.65766764
2025-01-01 00:11:17,250673087.56818944
2025-01-01 00:11:18,252498478.46900845
2025-01-01 00:11:19,245679222.00339922
2025-01-01 00:11:20,245044532.11320266
2025-01-01 00:11:21,254017983.06091678
2025-01-01 00:11:22,254242458.5341812
2025-01-01 00:11:23,251270073.12465706
2025-01-01 00:11:24,252361960.957272
2025-01-01 00:11:25,252414722.95612243
2025-01-01 00:11:26,249727780.53899378
2025-01-01 00:11:27,247182302.44099846
2025-01-01 00:11:28,248055988.2911216
2025-01-01 00:11:29,246912295.05396494
2025-01-01 00:11:30,250074904.3671244
2025-01-01 00:11:31,256982440.20165202
2025-01-01 00:11:32,248390509.49971762
2025-01-01 00:11:33,251721277.69063923
2025-01-01 00:11:34,253872681.41801542
2025-01-01 00:11:35,260308592.61535057
2025-01-01 00:11:36,256876192.23242155
2025-01-01 00:11:37,254638324.39202338
2025-01-01 00:11:38,257231367.86097008
2025-01-01 00:11:39,250614458.17398158
2025-01-01 00:11:40,252518146.3347319
2025-01-01 00:11:41,257775274.71863505
2025-01-01 00:11:42,255094937.0820474
2025-01-01 00:11:43,257656316.95292678
2025-01-01 00:11:44,254688834.5760308
2025-01-01 00:11:45,254394380.7095286
2025-01-01 00:11:46,253837976.19445
2025-01-01 00:11:47,251389424.1473572
2025-01-01 00:11:48,254261513.32618383
2025-01-01 00:11:49,255822524.78742975
2025-01-01 00:11:50,250883515.01509714
2025-01-01 00:11:51,256787488.44961706
2025-01-01 00:11:52,251122111.40544719
2025-01-01 00:11:53,249463769.69656423
2025-01-01 00:11:54,255705588.464715
2025-01-01 00:11:55,257899355.60408458
2025-01-01 00:11:56,258000994.66263896
2025-01-01 00:11:57,258765825.94066757
2025-01-01 00:11:58,252662328.1452771
2025-01-01 00:11:59,259587548.582472
2025-01-01 00:12:00,256840986.23077375
2025-01-01 00:12:01,254054648.69978482
2025-01-01 00:12:02,253481963.29773077
2025-01-01 00:12:03,253941396.13194534
2025-01-01 00:12:04,255646519.79910854
2025-01-01 00:12:05,253924585.96296206
2025-01-01 00:12:06,257658185.25815326
2025-01-01 00:12:07,259421761.5182049
2025-01-01 00:12:08,255528988.74332118
2025-01-01 00:12:09,249811647.00996238
2025-01-01 00:12:10,252661409.91944462
2025-01-01 00:12:11,257827709.16656795
2025-01-01 00:12:12,253331132.25368038
2025-01-01 00:12:13,253249730.0394391
2025-01-01 00:12:14,253172446.6947587
2025-01-01 00:12:15,253204271.23314175
2025-01-01 00:12:16,246063711.47710252
2025-01-01 00:12:17,250770678.24368805
2025-01-01 00:12:18,250722231.3243219
2025-01-01 00:12:19,249938197.85330448
2025-01-01 00:12:20,252887308.90317446
2025-01-01 00:12:21,253569344.41886118
2025-01-01 00:12:22,248632782.7922628
2025-01-01 00:12:23,247604045.0599337
2025-01-01 00:12:24,249237066.5980095
2025-01-01 00:12:25,246353754.1765602
2025-01-01 00:12:26,253030867.20343754
2025-01-01 00:12:27,255051157.8322264
2025-01-01 00:12:28,253556253.46959347
2025-01-01 00:12:29,257871165.18682638
2025-01-01 00:12:30,252988871.27130455
2025-01-01 00:12:31,260281735.71334857
2025-01-01 00:12:32,258477670.80185166
2025-01-01 00:12:33,256581342.86274254
2025-01-01 00:12:34,257877763.28420797
2025-01-01 00:12:35,266070394.73426175
2025-01-01 00:12:36,258462184.8014931
2025-01-01 00:12:37,255387614.70750773
2025-01-01 00:12:38,257767273.36986437
2025-01-01 00:12:39,256247807.56803784
2025-01-01 00:12:40,251923054.98999554
2025-01-01 00:12:41,261205049.5244605
2025-01-01 00:12:42,251185908.6248844
2025-01-01 00:12:43,250603663.75872126
2025-01-01 00:12:44,253080830.14644194
2025-01-01 00:12:45,257833033.70326963
2025-01-01 00:12:46,256001018.4565899
2025-01-01 00:12:47,254765191.15382507
2025-01-01 00:12:48,255452601.14300278
2025-01-01 00:12:49,253273612.60954216
2025-01-01 00:12:50,256252466.08423686
2025-01-01 00:12:51,250708907.97322682
2025-01-01 00:12:52,254705756.93242085
2025-01-01 00:12:53,256613277.49740463
2025-01-01 00:12:54,256253192.2361061
2025-01-01 00:12:55,259534506.4748549
2025-01-01 00:12:56,256404415.73354155
2025-01-01 00:12:57,251852462.22948036
2025-01-01 00:12:58,247782638.12105888
2025-01-01 00:12:59,252373928.49474806
2025-01-01 00:13:00,253051717.7463753
2025-01-01 00:13:01,249851423.8792277
2025-01-01 00:13:02,251229263.47654948
2025-01-01 00:13:03,260670242.4502623
2025-01-01 00:13:04,257699090.4132979
2025-01-01 00:13:05,256656461.53161424
2025-01-01 00:13:06,254752336.14788225
2025-01-01 00:13:07,254804040.62965044
2025-01-01 00:13:08,253754773.46414754
2025-01-01 00:13:09,251589474.55334213
2025-01-01 00:13:10,246043718.0651095
2025-01-01 00:13:11,257059209.43641308
2025-01-01 00:13:12,255720293.31882003
2025-01-01 00:13:13,259153906.65120322
2025-01-01 00:13:14,259103323.771031
2025-01-01 00:13:15,262188364.4617276
2025-01-01 00:13:16,261197094.0816625
2025-01-01 00:13:17,264367360.25628057
2025-01-01 00:13:18,261432374.9700459
2025-01-01 00:13:19,263739649.6193819
2025-01-01 00:13:20,264797344.81010202
2025-01-01 00:13:21,265845884.18071508
2025-01-01 00:13:22,265923974.86796314
2025-01-01 00:13:23,262130517.91243243
2025-01-01 00:13:24,262542114.2985433
2025-01-01 00:13:25,262487063.68488818
2025-01-01 00:13:26,266566003.78545862
2025-01-01 00:13:27,259060813.86250776
2025-01-01 00:13:28,259188034.38285092
2025-01-01 00:13:29,257198383.62804216
2025-01-01 00:13:30,254259386.207626
2025-01-01 00:13:31,252725580.63795328
2025-01-01 00:13:32,253650650.1981753
2025-01-01 00:13:33,253151311.89049998
2025-01-01 00:13:34,255835997.81599697
2025-01-01 00:13:35,252174126.70850307
2025-01-01 00:13:36,250025966.10460886
2025-01-01 00:13:37,246397886.84522682
2025-01-01 00:13:38,250550044.69063988
2025-01-01 00:13:39,255266247.92977783
2025-01-01 00:13:40,256001863.0074205
2025-01-01 00:13:41,250944538.1327878
2025-01-01 00:13:42,250957751.10112616
2025-01-01 00:13:43,252169343.18514997
2025-01-01 00:13:44,249699275.20832607
2025-01-01 00:13:45,249934826.9192137
2025-01-01 00:13:46,250178468.59291193
2025-01-01 00:13:47,251358598.61907375
2025-01-01 00:13:48,255170756.1276055
2025-01-01 00:13:49,259321527.9673834
2025-01-01 00:13:50,256908556.75386366
2025-01-01 00:13:51,251891827.43082392
2025-01-01 00:13:52,255053194.55671656
2025-01-01 00:13:53,255923768.87611407
2025-01-01 00:13:54,252935989.97468665
2025-01-01 00:13:55,253919778.0046893
2025-01-01 00:13:56,263079192.09580496
2025-01-01 00:13:57,257598853.31355304
2025-01-01 00:13:58,257431020.87577564
2025-01-01 00:13:59,256973175.50071943
2025-01-01 00:14:00,258739075.6859968
2025-01-01 00:14:01,259507669.96906373
2025-01-01 00:14:02,265271851.13574
2025-01-01 00:14:03,262390103.6754312
2025-01-01 00:14:04,251272462.7776538
2025-01-01 00:14:05,258907118.8786088
2025-01-01 00:14:06,256370093.60147136
2025-01-01 00:14:07,256548131.78411952
2025-01-01 00:14:08,258213813.65942305
2025-01-01 00:14:09,261148549.68212536
2025-01-01 00:14:10,260037396.3282043
2025-01-01 00:14:11,253236425.55431956
2025-01-01 00:14:12,256644387.16343057
2025-01-01 00:14:13,260396841.46806395
2025-01-01 00:14:14,260305783.31238097
2025-01-01 00:14:15,255995383.9798859
2025-01-01 00:14:16,257050247.55256408
2025-01-01 00:14:17,262208321.3757985
2025-01-01 00:14:18,250714587.68763682
2025-01-01 00:14:19,254070307.90180078
2025-01-01 00:14:20,250617778.13732216
2025-01-01 00:14:21,252150302.81158328
2025-01-01 00:14:22,256873904.55736864
2025-01-01 00:14:23,250297415.30103478
2025-01-01 00:14:24,253884318.50122926
2025-01-01 00:14:25,255494504.74896753
2025-01-01 00:14:26,252609958.48619837
2025-01-01 00:14:27,250610539.5419868
2025-01-01 00:14:28,255961607.54148537
2025-01-01 00:14:29,261097122.3046015
2025-01-01 00:14:30,253363496.28522065
2025-01-01 00:14:31,259653472.41511995
2025-01-01 00:14:32,253601480.55009496
2025-01-01 00:14:33,255266000.7738548
2025-01-01 00:14:34,253560121.37485322
2025-01-01 00:14:35,255589069.7616551
2025-01-01 00:14:36,251372968.63159713
2025-01-01 00:14:37,257077415.67398694
2025-01-01 00:14:38,262736907.07009017
2025-01-01 00:14:39,256136022.47703466
2025-01-01 00:14:40,256498893.21201408
2025-01-01 00:14:41,253953925.62597975
2025-01-01 00:14:42,248406926.72578847
2025-01-01 00:14:43,249163001.39573923
2025-01-01 00:14:44,248688942.75363117
2025-01-01 00:14:45,249733813.09102818
2025-01-01 00:14:46,246800780.99063417
2025-01-01 00:14:47,251556410.66011095
2025-01-01 00:14:48,252266542.86649933
2025-01-01 00:14:49,244036851.93831462
2025-01-01 00:14:50,252685877.80258235
2025-01-01 00:14:51,252171411.2068498
2025-01-01 00:14:52,259772689.95321447
2025-01-01 00:14:53,255726253.60413167
2025-01-01 00:14:54,256475367.47404662
2025-01-01 00:14:55,253688225.76575416
2025-01-01 00:14:56,255087030.6385891
2025-01-01 00:14:57,250782876.27859503
2025-01-01 00:14:58,251744307.62223256
2025-01-01 00:14:59,252558344.17597476
2025-01-01 00:15:00,253239157.702777
2025-01-01 00:15:01,253609202.0346598
2025-01-01 00:15:02,259349383.8463387
2025-01-01 00:15:03,249336700.71632195
2025-01-01 00:15:04,255237255.82035354
2025-01-01 00:15:05,252205197.86040768
2025-01-01 00:15:06,256635017.87616155
2025-01-01 00:15:07,250008414.72972116
2025-01-01 00:15:08,250840466.4519601
2025-01-01 00:15:09,248817067.8553447
2025-01-01 00:15:10,250482639.10352397
2025-01-01 00:15:11,246996339.69736442
2025-01-01 00:15:12,250573117.457453
2025-01-01 00:15:13,246341466.99271697
2025-01-01 00:15:14,245818509.97425818
2025-01-01 00:15:15,244224595.14220417
2025-01-01 00:15:16,243410786.0705701
2025-01-01 00:15:17,247118091.72203857
2025-01-01 00:15:18,251280667.76079684
2025-01-01 00:15:19,258024137.3439544
2025-01-01 00:15:20,262514563.8902925
2025-01-01 00:15:21,260402957.14944705
2025-01-01 00:15:22,265956776.79486698
2025-01-01 00:15:23,260492369.40203172
2025-01-01 00:15:24,254963203.41175148
2025-01-01 00:15:25,257461635.07934922
2025-01-01 00:15:26,258110223.48977917
2025-01-01 00:15:27,253380266.49873427
2025-01-01 00:15:28,250643620.36298758
2025-01-01 00:15:29,248666935.6308521
2025-01-01 00:15:30,254381546.42635846
2025-01-01 00:15:31,260677662.30686677
2025-01-01 00:15:32,253938690.12331742
2025-01-01 00:15:33,253273981.95661682
2025-01-01 00:15:34,251925716.58213228
2025-01-01 00:15:35,253832473.0420884
2025-01-01 00:15:36,252751074.1050687
2025-01-01 00:15:37,253337871.437197
2025-01-01 00:15:38,249043103.3585412
2025-01-01 00:15:39,251330933.3460652
2025-01-01 00:15:40,250076473.4492825
2025-01-01 00:15:41,254293674.22368544
2025-01-01 00:15:42,254659052.73312455
2025-01-01 00:15:43,252352674.30862495
2025-01-01 00:15:44,246617833.12822673
2025-01-01 00:15:45,246963440.1594476
2025-01-01 00:15:46,248306132.71681818
2025-01-01 00:15:47,247431425.89104605
2025-01-01 00:15:48,250120701.43636653
2025-01-01 00:15:49,246439443.63943842
2025-01-01 00:15:50,252353332.39216584
2025-01-01 00:15:51,251385075.98298952
2025-01-01 00:15:52,247408317.53111503
2025-01-01 00:15:53,245123756.4055798
2025-01-01 00:15:54,248343651.31336698
2025-01-01 00:15:55,248771594.5434429
2025-01-01 00:15:56,251492669.7747128
2025-01-01 00:15:57,246967932.96461123
2025-01-01 00:15:58,244907676.4397953
2025-01-01 00:15:59,252530612.71494654
2025-01-01 00:16:00,250498127.79049534
2025-01-01 00:16:01,252859251.7616612
2025-01-01 00:16:02,250382019.84998795
2025-01-01 00:16:03,249096705.16037273
2025-01-01 00:16:04,250809890.1871365
2025-01-01 00:16:05,253552063.0145977
2025-01-01 00:16:06,249129420.6792513
2025-01-01 00:16:07,256089013.8489842
2025-01-01 00:16:08,254586334.65063894
2025-01-01 00:16:09,259896049.16235045
2025-01-01 00:16:10,255403167.2452968
2025-01-01 00:16:11,255123488.51021102
2025-01-01 00:16:12,253821070.05837953
2025-01-01 00:16:13,256985921.6078014
2025-01-01 00:16:14,254771692.07058772
2025-01-01 00:16:15,259694699.36500695
2025-01-01 00:16:16,255624574.9081943
2025-01-01 00:16:17,253091397.68263093
2025-01-01 00:16:18,251007456.18608743
2025-01-01 00:16:19,248798466.6300754
2025-01-01 00:16:20,249732182.16253394
2025-01-01 00:16:21,247100052.09303266
2025-01-01 00:16:22,245738672.49559635
2025-01-01 00:16:23,250514324.06445134
2025-01-01 00:16:24,254201282.0378193
2025-01-01 00:16:25,248601880.9108489
2025-01-01 00:16:26,250198660.06839085
2025-01-01 00:16:27,258285165.529433
2025-01-01 00:16:28,258150588.77254388
2025-01-01 00:16:29,255332905.41309452
2025-01-01 00:16:30,253787222.5197698
2025-01-01 00:16:31,250333742.56707406
2025-01-01 00:16:32,254798539.90600532
2025-01-01 00:16:33,250264209.798808
2025-01-01 00:16:34,254201498.9168447
2025-01-01 00:16:35,254769196.0801601
2025-01-01 00:16:36,253526425.20090967
2025-01-01 00:16:37,257699072.29911405
2025-01-01 00:16:38,258905554.3239565
2025-01-01 00:16:39,253839166.58369753
2025-01-01 00:16:40,257681918.03432843
2025-01-01 00:16:41,254700061.07392442
2025-01-01 00:16:42,250147440.16458097
2025-01-01 00:16:43,249688544.94814196
2025-01-01 00:16:44,253231956.057444
2025-01-01 00:16:45,253302554.9609604
2025-01-01 00:16:46,252189155.6431374
2025-01-01 00:16:47,246050844.83899963
2025-01-01 00:16:48,244847081.35969186
2025-01-01 00:16:49,250466954.49411458
2025-01-01 00:16:50,252383962.28741568
2025-01-01 00:16:51,253685547.63499448
2025-01-01 00:16:52,253599931.6412722
2025-01-01 00:16:53,257674750.03408843
2025-01-01 00:16:54,253564821.08151498
2025-01-01 00:16:55,256403959.92761886
2025-01-01 00:16:56,257089789.34165224
2025-01-01 00:16:57,259881201.7834973
2025-01-01 00:16:58,257900565.3053889
2025-01-01 00:16:59,252961131.13954425
2025-01-01 00:17:00,256303745.48809913
2025-01-01 00:17:01,256884616.78646126
2025-01-01 00:17:02,255019072.4275385
2025-01-01 00:17:03,254225023.26907808
2025-01-01 00:17:04,254908253.7410409
2025-01-01 00:17:05,251509267.11823672
2025-01-01 00:17:06,249518788.66284665
2025-01-01 00:17:07,251387538.35402122
2025-01-01 00:17:08,253929306.44399804
2025-01-01 00:17:09,260040089.65723962
2025-01-01 00:17:10,251236734.67168966
2025-01-01 00:17:11,250290092.54601964
2025-01-01 00:17:12,248950457.8501128
2025-01-01 00:17:13,245486698.8236256
2025-01-01 00:17:14,252768442.34041846
2025-01-01 00:17:15,250985154.28350833
2025-01-01 00:17:16,248931836.9563239
2025-01-01 00:17:17,252960553.48340178
2025-01-01 00:17:18,252456436.31148097
2025-01-01 00:17:19,249613134.95925698
2025-01-01 00:17:20,253541463.38090414
2025-01-01 00:17:21,251702417.81549066
2025-01-01 00:17:22,254920613.42508283
2025-01-01 00:17:23,250717465.71741164
2025-01-01 00:17:24,253950258.1533891
2025-01-01 00:17:25,250650744.06792292
2025-01-01 00:17:26,255499870.81514338
2025-01-01 00:17:27,255535961.32881784
2025-01-01 00:17:28,258983774.97576597
2025-01-01 00:17:29,255069340.7207566
2025-01-01 00:17:30,247417674.46417066
2025-01-01 00:17:31,247273137.67039096
2025-01-01 00:17:32,247441019.2115754
2025-01-01 00:17:33,249178633.29713508
2025-01-01 00:17:34,254015528.8514984
2025-01-01 00:17:35,250554523.3963137
2025-01-01 00:17:36,252818698.72960216
2025-01-01 00:17:37,246528652.1915175
2025-01-01 00:17:38,249376610.17092773
2025-01-01 00:17:39,251995051.0490071
2025-01-01 00:17:40,256039894.7804572
2025-01-01 00:17:41,251256802.5799303
2025-01-01 00:17:42,254029171.8588187
2025-01-01 00:17:43,256615850.0235265
2025-01-01 00:17:44,254727828.62763393
2025-01-01 00:17:45,251020063.07783177
2025-01-01 00:17:46,256229411.48992664
2025-01-01 00:17:47,258908487.12926823
2025-01-01 00:17:48,256268685.93440714
2025-01-01 00:17:49,259471052.9968704
2025-01-01 00:17:50,255997884.0444621
2025-01-01 00:17:51,254676190.2925573
2025-01-01 00:17:52,256210285.33346158
2025-01-01 00:17:53,256658652.40775564
2025-01-01 00:17:54,259729303.35048205
2025-01-01 00:17:55,256420602.61487132
2025-01-01 00:17:56,252275500.2136605
2025-01-01 00:17:57,250510543.66477865
2025-01-01 00:17:58,251038250.45682356
2025-01-01 00:17:59,248839825.59418678
2025-01-01 00:18:00,249535296.58862704
2025-01-01 00:18:01,250566998.6821431
2025-01-01 00:18:02,255872599.76508448
2025-01-01 00:18:03,246400354.77439323
2025-01-01 00:18:04,257026998.2400887
2025-01-01 00:18:05,250348110.74125856
2025-01-01 00:18:06,254045922.07507107
2025-01-01 00:18:07,247899413.65360367
2025-01-01 00:18:08,254734855.58005586
2025-01-01 00:18:09,251443625.0165345
2025-01-01 00:18:10,252430554.55353874
2025-01-01 00:18:11,255282542.55680326
2025-01-01 00:18:12,255745765.87232015
2025-01-01 00:18:13,259930351.64987645
2025-01-01 00:18:14,256231239.711517
2025-01-01 00:18:15,250432925.14551172
2025-01-01 00:18:16,248995333.62181342
2025-01-01 00:18:17,251896682.20149338
2025-01-01 00:18:18,252277923.1840325
2025-01-01 00:18:19,255947995.9614862
2025-01-01 00:18:20,255268692.45880356
2025-01-01 00:18:21,254020585.34275988
2025-01-01 00:18:22,253986735.61238205
2025-01-01 00:18:23,254142120.5024526
2025-01-01 00:18:24,258582432.4270543
2025-01-01 00:18:25,255563720.85692236
2025-01-01 00:18:26,255554742.7519575
2025-01-01 00:18:27,253768023.71614212
2025-01-01 00:18:28,248757842.62500268
2025-01-01 00:18:29,250220352.38355398
2025-01-01 00:18:30,249465552.2103328
2025-01-01 00:18:31,255337763.99837303
2025-01-01 00:18:32,255148734.9280453
2025-01-01 00:18:33,254045282.11830392
2025-01-01 00:18:34,258233622.26780456
2025-01-01 00:18:35,254396557.2042746
2025-01-01 00:18:36,255193789.56815967
2025-01-01 00:18:37,253931272.75356072
2025-01-01 00:18:38,249036854.6981997
2025-01-01 00:18:39,249052754.2229961
2025-01-01 00:18:40,248126234.10811535
2025-01-01 00:18:41,250760977.7107059
2025-01-01 00:18:42,249167495.04532048
2025-01-01 00:18:43,252168676.27317923
2025-01-01 00:18:44,254013188.78052166
2025-01-01 00:18:45,255416052.260068
2025-01-01 00:18:46,246382558.40086618
2025-01-01 00:18:47,247815073.11286032
2025-01-01 00:18:48,246004408.94260806
2025-01-01 00:18:49,249846903.30565628
2025-01-01 00:18:50,250176128.32026294
2025-01-01 00:18:51,253032778.48381343
2025-01-01 00:18:52,252374284.4507999
2025-01-01 00:18:53,253294189.47064006
2025-01-01 00:18:54,247696737.1198473
2025-01-01 00:18:55,249822912.63514912
2025-01-01 00:18:56,248488197.73895207
2025-01-01 00:18:57,248175132.7546408
2025-01-01 00:18:58,253772187.3363173
2025-01-01 00:18:59,250384151.3209452
2025-01-01 00:19:00,250874974.52412775
2025-01-01 00:19:01,248860514.69878522
2025-01-01 00:19:02,247246161.51534224
2025-01-01 00:19:03,246793082.45464858
2025-01-01 00:19:04,246387282.30998775
2025-01-01 00:19:05,252872245.202072
2025-01-01 00:19:06,250234358.2898891
2025-01-01 00:19:07,245743335.93337747
2025-01-01 00:19:08,246959688.4483726
2025-01-01 00:19:09,248613909.9207942
2025-01-01 00:19:10,248865136.59588924
2025-01-01 00:19:11,248388244.22715902
2025-01-01 00:19:12,248929621.68891063
2025-01-01 00:19:13,249564394.6807179
2025-01-01 00:19:14,252988646.1078511
2025-01-01 00:19:15,253438505.39639333
2025-01-01 00:19:16,248221096.43613544
2025-01-01 00:19:17,245998176.11858657
2025-01-01 00:19:18,254458997.13773906
2025-01-01 00:19:19,250662158.55714244
2025-01-01 00:19:20,247853566.3013772
2025-01-01 00:19:21,247789511.21648857
2025-01-01 00:19:22,245497010.0307978
2025-01-01 00:19:23,250683601.98930326
2025-01-01 00:19:24,253046858.76627037
2025-01-01 00:19:25,247902791.77007118
2025-01-01 00:19:26,246098560.11896092
2025-01-01 00:19:27,243197543.74992907
2025-01-01 00:19:28,247389278.54707366
2025-01-01 00:19:29,242785808.5877981
2025-01-01 00:19:30,246700203.19886953
2025-01-01 00:19:31,249227364.10434324
2025-01-01 00:19:32,251158012.67289975
2025-01-01 00:19:33,249944955.92726368
2025-01-01 00:19:34,246430919.55995807
2025-01-01 00:19:35,245531068.08522058
2025-01-01 00:19:36,241570785.8698329
2025-01-01 00:19:37,247262055.6993022
2025-01-01 00:19:38,246591100.1884249
2025-01-01 00:19:39,250114852.13067317
2025-01-01 00:19:40,249246435.59655532
2025-01-01 00:19:41,250786147.73518825
2025-01-01 00:19:42,252417843.08191246
2025-01-01 00:19:43,243382985.7839246
2025-01-01 00:19:44,247772067.6145325
2025-01-01 00:19:45,248622947.51332024
2025-01-01 00:19:46,246870971.0711962
2025-01-01 00:19:47,241750822.20011133
2025-01-01 00:19:48,245743977.25402856
2025-01-01 00:19:49,246373248.17555577
2025-01-01 00:19:50,247444361.38219613
2025-01-01 00:19:51,245429083.74229228
2025-01-01 00:19:52,245120554.5878747
2025-01-01 00:19:53,249134876.53404424
2025-01-01 00:19:54,245148799.15588063
2025-01-01 00:19:55,246812426.09784386
2025-01-01 00:19:56,248275408.91861987
2025-01-01 00:19:57,250572091.56868634
2025-01-01 00:19:58,251667746.97889173
2025-01-01 00:19:59,249140191.2276201
2025-01-01 00:20:00,251069105.19896406
2025-01-01 00:20:01,255230504.15660486
2025-01-01 00:20:02,252439162.02489755
2025-01-01 00:20:03,253785892.50646064
2025-01-01 00:20:04,253046610.30994636
2025-01-01 00:20:05,248354924.7270737
2025-01-01 00:20:06,252448941.62904188
2025-01-01 00:20:07,246718415.96083847
2025-01-01 00:20:08,249052933.37277818
2025-01-01 00:20:09,248689876.8572428
2025-01-01 00:20:10,248763344.7829405
2025-01-01 00:20:11,243093025.86993226
2025-01-01 00:20:12,249472774.99618757
2025-01-01 00:20:13,257330062.78165498
2025-01-01 00:20:14,254027771.26964703
2025-01-01 00:20:15,250998589.86855474
2025-01-01 00:20:16,247596407.38844746
2025-01-01 00:20:17,251632593.25826767
2025-01-01 00:20:18,244313906.40677932
2025-01-01 00:20:19,246518325.83328518
2025-01-01 00:20:20,248873807.85969982
2025-01-01 00:20:21,250152160.21841592
2025-01-01 00:20:22,249715888.04640305
2025-01-01 00:20:23,249673198.4482483
2025-01-01 00:20:24,253735326.10079086
2025-01-01 00:20:25,253194471.58173034
2025-01-01 00:20:26,247678788.00037533
2025-01-01 00:20:27,253703743.36747727
2025-01-01 00:20:28,252287404.1553214
2025-01-01 00:20:29,254691394.15239078
2025-01-01 00:20:30,254364939.1984418
2025-01-01 00:20:31,256725565.62857813
2025-01-01 00:20:32,244143558.71705744
2025-01-01 00:20:33,245175953.5343708
2025-01-01 00:20:34,242396430.31405035
2025-01-01 00:20:35,245764555.45947918
2025-01-01 00:20:36,247500843.1942829
2025-01-01 00:20:37,248443748.39885223
2025-01-01 00:20:38,246432781.01396278
2025-01-01 00:20:39,252004500.1659073
2025-01-01 00:20:40,250523932.2282655
2025-01-01 00:20:41,254236240.15771702
2025-01-01 00:20:42,256692604.3662827
2025-01-01 00:20:43,257571145.9325489
2025-01-01 00:20:44,252863537.24097762
2025-01-01 00:20:45,254149565.88406676
2025-01-01 00:20:46,256368454.82772627
2025-01-01 00:20:47,257604772.5491103
2025-01-01 00:20:48,257700236.20878875
2025-01-01 00:20:49,247954182.49014962
2025-01-01 00:20:50,246445557.67123598
2025-01-01 00:20:51,254056750.0585255
2025-01-01 00:20:52,253731702.87750372
2025-01-01 00:20:53,249459335.90087157
2025-01-01 00:20:54,253697539.6651676
2025-01-01 00:20:55,249013594.64310554
2025-01-01 00:20:56,246789592.33998284
2025-01-01 00:20:57,246746391.16505274
2025-01-01 00:20:58,254260010.9422242
2025-01-01 00:20:59,245952955.0603545
2025-01-01 00:21:00,252138235.74040747
2025-01-01 00:21:01,252042683.3859483
2025-01-01 00:21:02,250214822.68710816
2025-01-01 00:21:03,252147485.13073254
2025-01-01 00:21:04,250919143.98603126
2025-01-01 00:21:05,254558576.70980072
2025-01-01 00:21:06,248713534.9961493
2025-01-01 00:21:07,253796540.94557327
2025-01-01 00:21:08,252114479.85536006
2025-01-01 00:21:09,249069467.00823438
2025-01-01 00:21:10,248630862.5531983
2025-01-01 00:21:11,244907795.30666873
2025-01-01 00:21:12,245931672.99055335
2025-01-01 00:21:13,240990392.97498006
2025-01-01 00:21:14,245950819.2836338
2025-01-01 00:21:15,248913531.86052424
2025-01-01 00:21:16,250803692.76287457
2025-01-01 00:21:17,251081794.9673169
2025-01-01 00:21:18,252037323.41018918
2025-01-01 00:21:19,256365596.01950467
2025-01-01 00:21:20,254811643.655303
2025-01-01 00:21:21,255522616.533151
2025-01-01 00:21:22,254025117.459086
2025-01-01 00:21:23,255231011.93682966
2025-01-01 00:21:24,256462399.198213
2025-01-01 00:21:25,257109125.11195534
2025-01-01 00:21:26,249548864.1145946
2025-01-01 00:21:27,247292442.25579804
2025-01-01 00:21:28,247951456.7471267
2025-01-01 00:21:29,246415423.38390264
2025-01-01 00:21:30,259459879.9475641
2025-01-01 00:21:31,260605117.49542296
2025-01-01 00:21:32,257761366.9549287
2025-01-01 00:21:33,260090523.72189286
2025-01-01 00:21:34,263672242.86897045
2025-01-01 00:21:35,261498146.2246899
2025-01-01 00:21:36,255279312.64000222
2025-01-01 00:21:37,256935692.09030443
2025-01-01 00:21:38,254100805.3981218
2025-01-01 00:21:39,252915493.7468809
2025-01-01 00:21:40,252912150.7095979
2025-01-01 00:21:41,250918106.403225
2025-01-01 00:21:42,257615089.24161988
2025-01-01 00:21:43,260055552.65921408
2025-01-01 00:21:44,256780627.21457466
2025-01-01 00:21:45,258155618.5954546
2025-01-01 00:21:46,256919977.10833994
2025-01-01 00:21:47,247879916.94223228
2025-01-01 00:21:48,251194602.5072873
2025-01-01 00:21:49,249569332.8501436
2025-01-01 00:21:50,253233854.1225538
2025-01-01 00:21:51,251796424.46095818
2025-01-01 00:21:52,255061806.78514785
2025-01-01 00:21:53,251738092.17119855
2025-01-01 00:21:54,254318013.0371236
2025-01-01 00:21:55,250228790.6802376
2025-01-01 00:21:56,255501230.20678642
2025-01-01 00:21:57,251226557.43372023
2025-01-01 00:21:58,247299763.69001362
2025-01-01 00:21:59,240710895.6657619
2025-01-01 00:22:00,240915893.5200742
2025-01-01 00:22:01,241341852.1421745
2025-01-01 00:22:02,241241445.14092654
2025-01-01 00:22:03,239443939.6052578
2025-01-01 00:22:04,240512666.81408492
2025-01-01 00:22:05,245990103.18757063
2025-01-01 00:22:06,242222460.68009168
2025-01-01 00:22:07,244013632.14777076
2025-01-01 00:22:08,242885872.16213295
2025-01-01 00:22:09,242898194.18851903
2025-01-01 00:22:10,244008059.13548583
2025-01-01 00:22:11,251525150.56280163
2025-01-01 00:22:12,247678389.90747827
2025-01-01 00:22:13,245706206.26403093
2025-01-01 00:22:14,250116906.4414321
2025-01-01 00:22:15,250360464.33478624
2025-01-01 00:22:16,247769082.33015388
2025-01-01 00:22:17,245167070.91292143
2025-01-01 00:22:18,250140252.3050715
2025-01-01 00:22:19,248475638.40929547
2025-01-01 00:22:20,245398049.48758525
2025-01-01 00:22:21,246225589.538172
2025-01-01 00:22:22,251160116.3190626
2025-01-01 00:22:23,258247923.0610852
2025-01-01 00:22:24,253871112.99213007
2025-01-01 00:22:25,261169384.1269671
2025-01-01 00:22:26,257562028.2768582
2025-01-01 00:22:27,254510169.251075
2025-01-01 00:22:28,254151017.14168328
2025-01-01 00:22:29,246885554.24395737
2025-01-01 00:22:30,248147600.24285397
2025-01-01 00:22:31,245642067.71250495
2025-01-01 00:22:32,241623987.45340988
2025-01-01 00:22:33,253086346.59275344
2025-01-01 00:22:34,247739707.54348308
2025-01-01 00:22:35,248164576.6215788
2025-01-01 00:22:36,248698722.88226885
2025-01-01 00:22:37,254413338.43185613
2025-01-01 00:22:38,248647349.04128203
2025-01-01 00:22:39,248872911.87591586
2025-01-01 00:22:40,254566542.48546717
2025-01-01 00:22:41,254840057.34104335
2025-01-01 00:22:42,255057278.50327456
2025-01-01 00:22:43,252057332.1220195
2025-01-01 00:22:44,250907383.75161642
2025-01-01 00:22:45,250797055.42600504
2025-01-01 00:22:46,256615737.6650874
2025-01-01 00:22:47,259037546.3971518
2025-01-01 00:22:48,258739342.99109465
2025-01-01 00:22:49,255567401.01167428
2025-01-01 00:22:50,248411629.2947456
2025-01-01 00:22:51,254309233.93167177
2025-01-01 00:22:52,250361929.29580784
2025-01-01 00:22:53,243876626.18089712
2025-01-01 00:22:54,252936941.74081632
2025-01-01 00:22:55,252853610.47426978
2025-01-01 00:22:56,247233881.91502976
2025-01-01 00:22:57,243757145.1671374
2025-01-01 00:22:58,250621469.78194004
2025-01-01 00:22:59,246702976.9545436
2025-01-01 00:23:00,247365835.555099
2025-01-01 00:23:01,248477665.29931596
2025-01-01 00:23:02,242352828.29764766
2025-01-01 00:23:03,237714246.99662817
2025-01-01 00:23:04,240124820.98041415
2025-01-01 00:23:05,243617132.36666605
2025-01-01 00:23:06,250107959.00883317
2025-01-01 00:23:07,247855042.62754875
2025-01-01 00:23:08,245557406.40179375
2025-01-01 00:23:09,244349763.2547469
2025-01-01 00:23:10,242962937.82682028
2025-01-01 00:23:11,245404046.50579262
2025-01-01 00:23:12,247491265.55100837
2025-01-01 00:23:13,242470673.73748496
2025-01-01 00:23:14,246149413.6373451
2025-01-01 00:23:15,250450878.16469753
2025-01-01 00:23:16,252944096.40384153
2025-01-01 00:23:17,255943063.7475257
2025-01-01 00:23:18,250097553.0481803
2025-01-01 00:23:19,247522326.52449584
2025-01-01 00:23:20,245195721.7492138
2025-01-01 00:23:21,245020231.32377484
2025-01-01 00:23:22,249266874.71462968
2025-01-01 00:23:23,251745134.0529649
2025-01-01 00:23:24,247326291.82467484
2025-01-01 00:23:25,244373495.93880937
2025-01-01 00:23:26,244626793.66522706
2025-01-01 00:23:27,242070176.56587073
2025-01-01 00:23:28,249437506.33737478
2025-01-01 00:23:29,244304465.06506723
2025-01-01 00:23:30,251430332.32781136
2025-01-01 00:23:31,246105703.47296014
2025-01-01 00:23:32,246303658.66326112
2025-01-01 00:23:33,243780046.66347829
2025-01-01 00:23:34,250882902.5782586
2025-01-01 00:23:35,243321164.79535943
2025-01-01 00:23:36,245282692.1361841
2025-01-01 00:23:37,236701686.02001786
2025-01-01 00:23:38,246137409.741689
2025-01-01 00:23:39,246662801.04669955
2025-01-01 00:23:40,240192828.931481
2025-01-01 00:23:41,245978192.94617307
2025-01-01 00:23:42,244421710.39938602
2025-01-01 00:23:43,242319935.51123422
2025-01-01 00:23:44,242787537.39841092
2025-01-01 00:23:45,244291044.36817306
2025-01-01 00:23:46,244546390.23217875
2025-01-01 00:23:47,247740344.48842302
2025-01-01 00:23:48,244758923.36628932
2025-01-01 00:23:49,250447813.52248675
2025-01-01 00:23:50,245528655.11868048
2025-01-01 00:23:51,247450170.55944413
2025-01-01 00:23:52,252731245.70265374
2025-01-01 00:23:53,253758464.96196982
2025-01-01 00:23:54,252879459.77817252
2025-01-01 00:23:55,254692877.14065695
2025-01-01 00:23:56,254498114.606316
2025-01-01 00:23:57,255974369.07939255
2025-01-01 00:23:58,248909887.4470858
2025-01-01 00:23:59,249170436.92578477
2025-01-01 00:24:00,250034938.84229964
2025-01-01 00:24:01,248101512.18057308
2025-01-01 00:24:02,254574396.84069005
2025-01-01 00:24:03,256740782.8935825
2025-01-01 00:24:04,253087929.6207604
2025-01-01 00:24:05,254323877.20715177
2025-01-01 00:24:06,249925370.1844932
2025-01-01 00:24:07,245407523.37747744
2025-01-01 00:24:08,250984490.08718604
2025-01-01 00:24:09,249004602.39545804
2025-01-01 00:24:10,245410578.93675178
2025-01-01 00:24:11,244517797.14745498
2025-01-01 00:24:12,244158463.83389133
2025-01-01 00:24:13,249136393.60486174
2025-01-01 00:24:14,250074642.9730434
2025-01-01 00:24:15,255425085.37396657
2025-01-01 00:24:16,245110666.87020344
2025-01-01 00:24:17,244560717.83058497
2025-01-01 00:24:18,252684093.9437143
2025-01-01 00:24:19,246033780.91697323
2025-01-01 00:24:20,245814285.2121689
2025-01-01 00:24:21,244032675.98629394
2025-01-01 00:24:22,243315605.6715602
2025-01-01 00:24:23,248223110.92227688
2025-01-01 00:24:24,246201870.98752126
2025-01-01 00:24:25,248428815.84163
2025-01-01 00:24:26,252211221.99076444
2025-01-01 00:24:27,253854782.7626644
2025-01-01 00:24:28,254957498.3211587
2025-01-01 00:24:29,249948966.6744771
2025-01-01 00:24:30,250846718.55159605
2025-01-01 00:24:31,251508413.60084632
2025-01-01 00:24:32,248158155.3470321
2025-01-01 00:24:33,240484574.6197466
2025-01-01 00:24:34,247976842.07317412
2025-01-01 00:24:35,243361354.3940428
2025-01-01 00:24:36,247156834.21068662
2025-01-01 00:24:37,248473670.90920988
2025-01-01 00:24:38,250141686.21211615
2025-01-01 00:24:39,253915741.07985115
2025-01-01 00:24:40,251381895.0078969
2025-01-01 00:24:41,251025868.91445434
2025-01-01 00:24:42,252695510.2923671
2025-01-01 00:24:43,251875523.48634267
2025-01-01 00:24:44,244334322.41879246
2025-01-01 00:24:45,246120228.87119544
2025-01-01 00:24:46,251083304.61073798
2025-01-01 00:24:47,252427777.78556433
2025-01-01 00:24:48,255140757.90718585
2025-01-01 00:24:49,252235408.96374562
2025-01-01 00:24:50,254903666.72956294
2025-01-01 00:24:51,252113573.92515355
2025-01-01 00:24:52,248677174.42874777
2025-01-01 00:24:53,252449088.44399425
2025-01-01 00:24:54,251475516.89251485
2025-01-01 00:24:55,248868131.61279702
2025-01-01 00:24:56,247341740.5137584
2025-01-01 00:24:57,246321506.2233048
2025-01-01 00:24:58,251912335.44115856
2025-01-01 00:24:59,247346791.11414698
2025-01-01 00:25:00,250240809.27195224
2025-01-01 00:25:01,246718640.3524156
2025-01-01 00:25:02,253523159.99766392
2025-01-01 00:25:03,251079159.09765938
2025-01-01 00:25:04,248120172.5910073
2025-01-01 00:25:05,243731709.9274171
2025-01-01 00:25:06,246176202.23962513
2025-01-01 00:25:07,246237172.68142378
2025-01-01 00:25:08,251348212.9795218
2025-01-01 00:25:09,245324065.2410425
2025-01-01 00:25:10,253367404.44615406
2025-01-01 00:25:11,247964202.4849518
2025-01-01 00:25:12,247414402.62348714
2025-01-01 00:25:13,243879959.77298102
2025-01-01 00:25:14,250740889.7448536
2025-01-01 00:25:15,245978463.65520126
2025-01-01 00:25:16,249157922.46638647
2025-01-01 00:25:17,241708034.01027912
2025-01-01 00:25:18,241049890.54406452
2025-01-01 00:25:19,242194159.12447834
2025-01-01 00:25:20,241560287.514204
2025-01-01 00:25:21,245059819.0416656
2025-01-01 00:25:22,246790408.85774043
2025-01-01 00:25:23,245017365.8573592
2025-01-01 00:25:24,246641097.78671104
2025-01-01 00:25:25,245583195.89337385
2025-01-01 00:25:26,253714769.35953364
2025-01-01 00:25:27,248732776.97705588
2025-01-01 00:25:28,246217904.85314092
2025-01-01 00:25:29,245632566.0657915
2025-01-01 00:25:30,251567216.78202236
2025-01-01 00:25:31,249770207.985664
2025-01-01 00:25:32,251410420.94742328
2025-01-01 00:25:33,254152058.90135825
2025-01-01 00:25:34,257597031.80455744
2025-01-01 00:25:35,248076844.66209775
2025-01-01 00:25:36,251409303.37942928
2025-01-01 00:25:37,242232794.68618602
2025-01-01 00:25:38,250022077.3276983
2025-01-01 00:25:39,244568100.45908263
2025-01-01 00:25:40,246738526.84619078
2025-01-01 00:25:41,249157504.8956795
2025-01-01 00:25:42,245057408.12176758
2025-01-01 00:25:43,247261321.68182993
2025-01-01 00:25:44,244739799.10714364
2025-01-01 00:25:45,241072677.27492353
2025-01-01 00:25:46,246982216.7797595
2025-01-01 00:25:47,247674276.55133134
2025-01-01 00:25:48,242510050.2157052
2025-01-01 00:25:49,240821216.1892352
2025-01-01 00:25:50,247985924.94145373
2025-01-01 00:25:51,244185534.67821833
2025-01-01 00:25:52,248715738.56346777
2025-01-01 00:25:53,250498286.76773676
2025-01-01 00:25:54,252540410.87914562
2025-01-01 00:25:55,251095762.23985937
2025-01-01 00:25:56,251157041.0588158
2025-01-01 00:25:57,251818662.47788593
2025-01-01 00:25:58,244708240.3812326
2025-01-01 00:25:59,247728048.50018656
2025-01-01 00:26:00,253968188.33545536
2025-01-01 00:26:01,245674567.52893555
2025-01-01 00:26:02,246144399.97913337
2025-01-01 00:26:03,242150038.5173413
2025-01-01 00:26:04,243297986.46767858
2025-01-01 00:26:05,248955995.92059693
2025-01-01 00:26:06,243761148.7919878
2025-01-01 00:26:07,248427415.82656458
2025-01-01 00:26:08,240617968.01632887
2025-01-01 00:26:09,242933454.76557124
2025-01-01 00:26:10,243394214.83147156
2025-01-01 00:26:11,242266977.0621128
2025-01-01 00:26:12,243492481.52249902
2025-01-01 00:26:13,248786989.93753165
2025-01-01 00:26:14,254239149.82626662
2025-01-01 00:26:15,249519600.38407606
2025-01-01 00:26:16,244098343.93072015
2025-01-01 00:26:17,241520378.90684256
2025-01-01 00:26:18,247888392.28011853
2025-01-01 00:26:19,244579519.4352222
2025-01-01 00:26:20,253952859.45953196
2025-01-01 00:26:21,247027853.06749547
2025-01-01 00:26:22,247733730.22520855
2025-01-01 00:26:23,250418452.98067823
2025-01-01 00:26:24,248701102.90661547
2025-01-01 00:26:25,246113258.96978748
2025-01-01 00:26:26,251722621.23783502
2025-01-01 00:26:27,249913925.43656185
2025-01-01 00:26:28,253236785.13223445
2025-01-01 00:26:29,252894613.21358794
2025-01-01 00:26:30,249382812.6814169
2025-01-01 00:26:31,254631701.4699664
2025-01-01 00:26:32,251265908.49705622
2025-01-01 00:26:33,251718218.3214177
2025-01-01 00:26:34,250340396.84128994
2025-01-01 00:26:35,255959147.85038757
2025-01-01 00:26:36,244965891.32211056
2025-01-01 00:26:37,250734619.74867383
2025-01-01 00:26:38,252798116.79001364
2025-01-01 00:26:39,245594609.0232171
2025-01-01 00:26:40,244111134.5892532
2025-01-01 00:26:41,238688321.78513345
2025-01-01 00:26:42,247037390.14797908
2025-01-01 00:26:43,248475302.59755307
2025-01-01 00:26:44,242301002.9701461
2025-01-01 00:26:45,247140908.92713967
2025-01-01 00:26:46,248101841.45294467
2025-01-01 00:26:47,248011091.74211207
2025-01-01 00:26:48,250161105.87556115
2025-01-01 00:26:49,250079428.42336434
2025-01-01 00:26:50,253629338.65800777
2025-01-01 00:26:51,248160461.93038097
2025-01-01 00:26:52,253685451.08042714
2025-01-01 00:26:53,246527606.98291582
2025-01-01 00:26:54,245519395.48646238
2025-01-01 00:26:55,247108796.95621476
2025-01-01 00:26:56,236168083.36744794
2025-01-01 00:26:57,236320085.2762425
2025-01-01 00:26:58,241350743.82888797
2025-01-01 00:26:59,246005711.92895132
2025-01-01 00:27:00,246617197.44401717
2025-01-01 00:27:01,249356777.6785469
2025-01-01 00:27:02,245126806.9367725
2025-01-01 00:27:03,251358361.7737404
2025-01-01 00:27:04,243550277.6795356
2025-01-01 00:27:05,251821430.7301605
2025-01-01 00:27:06,249890615.29836726
2025-01-01 00:27:07,250225447.77015674
2025-01-01 00:27:08,246051950.16350716
2025-01-01 00:27:09,251106866.8824132
2025-01-01 00:27:10,246792730.61481172
2025-01-01 00:27:11,244289563.74446306
2025-01-01 00:27:12,247698955.52383173
2025-01-01 00:27:13,249219236.49997234
2025-01-01 00:27:14,248847433.15739775
2025-01-01 00:27:15,254422359.28333116
2025-01-01 00:27:16,253268867.41786438
2025-01-01 00:27:17,250669319.49938634
2025-01-01 00:27:18,247690370.827989
2025-01-01 00:27:19,248151750.01558784
2025-01-01 00:27:20,250826106.25440088
2025-01-01 00:27:21,249714570.14462498
2025-01-01 00:27:22,238706802.74625874
2025-01-01 00:27:23,242652895.213256
2025-01-01 00:27:24,243887573.6967266
2025-01-01 00:27:25,246034676.73489466
2025-01-01 00:27:26,245871225.48939192
2025-01-01 00:27:27,248398986.0280053
2025-01-01 00:27:28,255267177.9513398
2025-01-01 00:27:29,248787313.86640993
2025-01-01 00:27:30,244725057.96879205
2025-01-01 00:27:31,249260649.94365606
2025-01-01 00:27:32,251444849.10641745
2025-01-01 00:27:33,236204002.55635265
2025-01-01 00:27:34,246996249.82665932
2025-01-01 00:27:35,249014411.50253937
2025-01-01 00:27:36,247416040.93863884
2025-01-01 00:27:37,244376838.05045164
2025-01-01 00:27:38,250802378.62002763
2025-01-01 00:27:39,247144070.7337024
2025-01-01 00:27:40,245244849.92699444
2025-01-01 00:27:41,250657815.57024026
2025-01-01 00:27:42,246345429.32919726
2025-01-01 00:27:43,251400380.20292264
2025-01-01 00:27:44,249628735.56680915
2025-01-01 00:27:45,248628125.13542008
2025-01-01 00:27:46,249259998.2869467
2025-01-01 00:27:47,249500108.44969302
2025-01-01 00:27:48,245823095.22123638
2025-01-01 00:27:49,247142801.3193497
2025-01-01 00:27:50,246551734.93647045
2025-01-01 00:27:51,247625033.86663002
2025-01-01 00:27:52,245015213.38241106
2025-01-01 00:27:53,247158176.57686624
2025-01-01 00:27:54,252653505.96479517
2025-01-01 00:27:55,250781077.85285488
2025-01-01 00:27:56,248680937.28093255
2025-01-01 00:27:57,249977314.51916093
2025-01-01 00:27:58,251772446.71725157
2025-01-01 00:27:59,246722092.09100607
2025-01-01 00:28:00,250240472.7406049
2025-01-01 00:28:01,246192160.80793148
2025-01-01 00:28:02,247070125.49844307
2025-01-01 00:28:03,250451025.158025
2025-01-01 00:28:04,242105527.46559095
2025-01-01 00:28:05,239193267.23639256
2025-01-01 00:28:06,248300394.7929028
2025-01-01 00:28:07,242534436.38750604
2025-01-01 00:28:08,239233127.8633128
2025-01-01 00:28:09,238426064.86682552
2025-01-01 00:28:10,238547960.73956004
2025-01-01 00:28:11,241042005.20908126
2025-01-01 00:28:12,248165729.98221183
2025-01-01 00:28:13,249516498.1314283
2025-01-01 00:28:14,251270848.00892273
2025-01-01 00:28:15,246776245.8085226
2025-01-01 00:28:16,249165413.16912207
2025-01-01 00:28:17,255051616.2927938
2025-01-01 00:28:18,244475263.13504022
2025-01-01 00:28:19,245145510.99761137
2025-01-01 00:28:20,247946600.71178305
2025-01-01 00:28:21,253577717.48005143
2025-01-01 00:28:22,252700258.0492167
2025-01-01 00:28:23,253803660.6037208
2025-01-01 00:28:24,253314600.64500788
2025-01-01 00:28:25,251217618.4792638
2025-01-01 00:28:26,246895581.2049635
2025-01-01 00:28:27,251028121.57405788
2025-01-01 00:28:28,257070129.85846677
2025-01-01 00:28:29,251794122.57732293
2025-01-01 00:28:30,248205228.21689746
2025-01-01 00:28:31,251575385.78725463
2025-01-01 00:28:32,245477337.75033975
2025-01-01 00:28:33,245988871.466604
2025-01-01 00:28:34,241059981.41443524
2025-01-01 00:28:35,248342496.49090543
2025-01-01 00:28:36,252097720.1133387
2025-01-01 00:28:37,243933690.93107685
2025-01-01 00:28:38,240776499.90559667
2025-01-01 00:28:39,242775111.83704838
2025-01-01 00:28:40,246534090.7955715
2025-01-01 00:28:41,245619466.57857925
2025-01-01 00:28:42,245081081.13288337
2025-01-01 00:28:43,247787858.90684593
2025-01-01 00:28:44,249292605.95718598
2025-01-01 00:28:45,247183840.10180217
2025-01-01 00:28:46,247619028.56844154
2025-01-01 00:28:47,247373548.67617115
2025-01-01 00:28:48,246712447.68541464
2025-01-01 00:28:49,246006131.44928685
2025-01-01 00:28:50,246381158.62369385
2025-01-01 00:28:51,250218847.1023501
2025-01-01 00:28:52,247909991.87406623
2025-01-01 00:28:53,248826922.20816854
2025-01-01 00:28:54,249946338.0142738
2025-01-01 00:28:55,252985416.21006644
2025-01-01 00:28:56,250762352.10504
2025-01-01 00:28:57,250677290.16187194
2025-01-01 00:28:58,251915709.3644062
2025-01-01 00:28:59,253021532.93542916
2025-01-01 00:29:00,248880202.3500798
2025-01-01 00:29:01,246245164.53319257
2025-01-01 00:29:02,250507128.18042848
2025-01-01 00:29:03,238764526.1875864
2025-01-01 00:29:04,243428082.94585028
2025-01-01 00:29:05,241756677.4744564
2025-01-01 00:29:06,248810146.7184274
2025-01-01 00:29:07,251204839.36990285
2025-01-01 00:29:08,250213681.44524786
2025-01-01 00:29:09,246898360.67837995
2025-01-01 00:29:10,244019473.09597746
2025-01-01 00:29:11,245705981.41130176
2025-01-01 00:29:12,246820440.70908478
2025-01-01 00:29:13,245828978.52629003
2025-01-01 00:29:14,247642320.1828461
2025-01-01 00:29:15,242864847.44997415
2025-01-01 00:29:16,245327048.48236835
2025-01-01 00:29:17,248511450.18586475
2025-01-01 00:29:18,241669105.36125034
2025-01-01 00:29:19,246789217.92305118
2025-01-01 00:29:20,252459920.23402733
2025-01-01 00:29:21,249278410.16240564
2025-01-01 00:29:22,247025316.37986022
2025-01-01 00:29:23,238197676.184212
2025-01-01 00:29:24,244141488.93510038
2025-01-01 00:29:25,241129562.32106808
2025-01-01 00:29:26,246951252.23586002
2025-01-01 00:29:27,249135833.14538756
2025-01-01 00:29:28,246001004.57668942
2025-01-01 00:29:29,253882101.95886678
2025-01-01 00:29:30,252852196.26876143
2025-01-01 00:29:31,252751062.2859436
2025-01-01 00:29:32,254891861.81824106
2025-01-01 00:29:33,251926799.34417492
2025-01-01 00:29:34,250439229.8679754
2025-01-01 00:29:35,254193478.51822022
2025-01-01 00:29:36,254955508.81888583
2025-01-01 00:29:37,250709048.0852303
2025-01-01 00:29:38,245819750.19589436
2025-01-01 00:29:39,249611738.2190446
2025-01-01 00:29:40,248864633.2963285
2025-01-01 00:29:41,243897447.43614665
2025-01-01 00:29:42,247097538.34079674
2025-01-01 00:29:43,250305108.0528171
2025-01-01 00:29:44,252752450.04647195
2025-01-01 00:29:45,251194817.1434283
2025-01-01 00:29:46,245942787.96157596
2025-01-01 00:29:47,254459618.97740108
2025-01-01 00:29:48,250402413.90274924
2025-01-01 00:29:49,249664155.68100274
2025-01-01 00:29:50,249362893.28031898
2025-01-01 00:29:51,244805730.5160869
2025-01-01 00:29:52,253432864.00576153
2025-01-01 00:29:53,253383147.51331565
2025-01-01 00:29:54,253183383.1962963
2025-01-01 00:29:55,251103786.5731878
2025-01-01 00:29:56,244882620.4681641
2025-01-01 00:29:57,249065134.38597903
2025-01-01 00:29:58,248854664.54200286
2025-01-01 00:29:59,255473921.83255944
2025-01-01 00:30:00,256149109.8431002
2025-01-01 00:30:01,248463310.231366
2025-01-01 00:30:02,250401390.06178698
2025-01-01 00:30:03,250455155.45140278
2025-01-01 00:30:04,247171358.95128286
2025-01-01 00:30:05,257323810.16434237
2025-01-01 00:30:06,249564574.37374547
2025-01-01 00:30:07,250073845.1253601
2025-01-01 00:30:08,248947325.46512842
2025-01-01 00:30:09,248140364.98724318
2025-01-01 00:30:10,253593787.12302122
2025-01-01 00:30:11,254178869.79936203
2025-01-01 00:30:12,259345841.45721146
2025-01-01 00:30:13,256016374.85621724
2025-01-01 00:30:14,250391260.45797774
2025-01-01 00:30:15,251625934.05038205
2025-01-01 00:30:16,246614716.9652645
2025-01-01 00:30:17,243166972.94988716
2025-01-01 00:30:18,242788610.73725012
2025-01-01 00:30:19,253093272.2845987
2025-01-01 00:30:20,255983549.9990977
2025-01-01 00:30:21,245909255.27166155
2025-01-01 00:30:22,251977705.31335163
2025-01-01 00:30:23,250703220.15515968
2025-01-01 00:30:24,244595609.26933092
2025-01-01 00:30:25,244261343.6963461
2025-01-01 00:30:26,246620029.10005593
2025-01-01 00:30:27,244701876.95707
2025-01-01 00:30:28,250841671.1028731
2025-01-01 00:30:29,252605262.55721334
2025-01-01 00:30:30,253287578.06042722
2025-01-01 00:30:31,257539229.84963766
2025-01-01 00:30:32,251892936.98713344
2025-01-01 00:30:33,249339162.93177617
2025-01-01 00:30:34,249028106.12454322
2025-01-01 00:30:35,254426351.3846663
2025-01-01 00:30:36,256490102.50432047
2025-01-01 00:30:37,250383811.31374854
2025-01-01 00:30:38,252467019.70704088
2025-01-01 00:30:39,241941690.49109814
2025-01-01 00:30:40,249655184.02111185
2025-01-01 00:30:41,247294467.26912874
2025-01-01 00:30:42,249238093.49381918
2025-01-01 00:30:43,249277980.16866472
2025-01-01 00:30:44,244459062.26606667
2025-01-01 00:30:45,240434616.64015377
2025-01-01 00:30:46,243498402.37497756
2025-01-01 00:30:47,247732620.7216779
2025-01-01 00:30:48,246857211.39653105
2025-01-01 00:30:49,246609549.37392536
2025-01-01 00:30:50,246614546.9511457
2025-01-01 00:30:51,247134908.94022107
2025-01-01 00:30:52,254166200.00729653
2025-01-01 00:30:53,255269222.0080776
2025-01-01 00:30:54,248669976.24055102
2025-01-01 00:30:55,248010505.41526273
2025-01-01 00:30:56,245244678.226848
2025-01-01 00:30:57,250079450.97409537
2025-01-01 00:30:58,254988889.5867548
2025-01-01 00:30:59,251328472.8650474
2025-01-01 00:31:00,248727068.08535624
2025-01-01 00:31:01,249388426.18386662
2025-01-01 00:31:02,250959534.80283287
2025-01-01 00:31:03,256170633.94514436
2025-01-01 00:31:04,258081909.87971875
2025-01-01 00:31:05,252301779.58018157
2025-01-01 00:31:06,256877433.0509791
2025-01-01 00:31:07,257105855.70289913
2025-01-01 00:31:08,255851114.07864726
2025-01-01 00:31:09,261336545.2404023
2025-01-01 00:31:10,255927109.81578103
2025-01-01 00:31:11,255780407.94805157
2025-01-01 00:31:12,255612350.00968555
2025-01-01 00:31:13,255519220.16230854
2025-01-01 00:31:14,246968393.03419346
2025-01-01 00:31:15,253194363.36996296
2025-01-01 00:31:16,259043218.17362007
2025-01-01 00:31:17,254095198.55804047
2025-01-01 00:31:18,250598950.4130839
2025-01-01 00:31:19,245956419.92255422
2025-01-01 00:31:20,240614073.51076832
2025-01-01 00:31:21,246992597.275942
2025-01-01 00:31:22,249464848.07296157
2025-01-01 00:31:23,250800129.64139542
2025-01-01 00:31:24,245497010.93665227
2025-01-01 00:31:25,245844146.04752737
2025-01-01 00:31:26,246395150.6083422
2025-01-01 00:31:27,250194981.50975916
2025-01-01 00:31:28,251469328.9038528
2025-01-01 00:31:29,244064793.10520262
2025-01-01 00:31:30,249940421.41292903
2025-01-01 00:31:31,244489476.67567518
2025-01-01 00:31:32,242030683.94829506
2025-01-01 00:31:33,241040495.1176074
2025-01-01 00:31:34,236277973.2717322
2025-01-01 00:31:35,242480986.91958013
2025-01-01 00:31:36,236523592.34856296
2025-01-01 00:31:37,246281282.8950732
2025-01-01 00:31:38,240563402.08847722
2025-01-01 00:31:39,243440130.95037282
2025-01-01 00:31:40,237850951.5509454
2025-01-01 00:31:41,240367490.95887217
2025-01-01 00:31:42,244761220.0852018
2025-01-01 00:31:43,243029544.64369896
2025-01-01 00:31:44,242388567.41783184
2025-01-01 00:31:45,244664593.00170982
2025-01-01 00:31:46,238497216.3197608
2025-01-01 00:31:47,241917810.61078063
2025-01-01 00:31:48,240870254.69045147
2025-01-01 00:31:49,242965904.11584976
2025-01-01 00:31:50,243019385.1399672
2025-01-01 00:31:51,246595073.85012558
2025-01-01 00:31:52,243722697.2245112
2025-01-01 00:31:53,244852007.55620462
2025-01-01 00:31:54,248077115.77188864
2025-01-01 00:31:55,242271283.64587453
2025-01-01 00:31:56,242352897.39351764
2025-01-01 00:31:57,243594541.68531555
2025-01-01 00:31:58,243840233.25462887
2025-01-01 00:31:59,248581345.0153105
2025-01-01 00:32:00,245122803.26426798
2025-01-01 00:32:01,250627452.13727975
2025-01-01 00:32:02,247846925.0799617
2025-01-01 00:32:03,242414727.83685368
2025-01-01 00:32:04,250178839.3672073
2025-01-01 00:32:05,248116545.1597467
2025-01-01 00:32:06,253800654.34041262
2025-01-01 00:32:07,255604985.7159401
2025-01-01 00:32:08,246674410.88372424
2025-01-01 00:32:09,246956940.28538492
2025-01-01 00:32:10,244036440.82524717
2025-01-01 00:32:11,246074897.75230625
2025-01-01 00:32:12,247605363.22583085
2025-01-01 00:32:13,248621250.62146014
2025-01-01 00:32:14,247367040.648056
2025-01-01 00:32:15,247666545.40874925
2025-01-01 00:32:16,245185461.71935895
2025-01-01 00:32:17,241942590.52815005
2025-01-01 00:32:18,249191931.33132285
2025-01-01 00:32:19,247957483.38304883
2025-01-01 00:32:20,247142344.87073556
2025-01-01 00:32:21,246589269.60436612
2025-01-01 00:32:22,253595095.46212348
2025-01-01 00:32:23,248651344.4802895
2025-01-01 00:32:24,252967597.58317286
2025-01-01 00:32:25,250439594.8512115
2025-01-01 00:32:26,250121655.3991826
2025-01-01 00:32:27,243789973.84042758
2025-01-01 00:32:28,245416290.03121442
2025-01-01 00:32:29,244407753.88710245
2025-01-01 00:32:30,245021063.30976084
2025-01-01 00:32:31,255019629.3190047
2025-01-01 00:32:32,251901072.64218706
2025-01-01 00:32:33,247601309.53036696
2025-01-01 00:32:34,257194957.54528224
2025-01-01 00:32:35,248505370.23273954
2025-01-01 00:32:36,250605217.46496943
2025-01-01 00:32:37,248867822.20682424
2025-01-01 00:32:38,245749031.10585046
2025-01-01 00:32:39,248224386.89772752
2025-01-01 00:32:40,248213765.92859223
2025-01-01 00:32:41,244183181.22860864
2025-01-01 00:32:42,254487056.92138538
2025-01-01 00:32:43,251795025.40876773
2025-01-01 00:32:44,248995454.70228985
2025-01-01 00:32:45,251031128.31583574
2025-01-01 00:32:46,253411155.43467778
2025-01-01 00:32:47,248289077.02800006
2025-01-01 00:32:48,253065308.7394671
2025-01-01 00:32:49,249403280.57097077
2025-01-01 00:32:50,252198058.35958642
2025-01-01 00:32:51,248068307.09329826
2025-01-01 00:32:52,248135833.89711586
2025-01-01 00:32:53,248260339.5338915
2025-01-01 00:32:54,246639763.85947263
2025-01-01 00:32:55,249533145.59826502
2025-01-01 00:32:56,255315659.1660404
2025-01-01 00:32:57,251600711.93795556
2025-01-01 00:32:58,253719682.77951556
2025-01-01 00:32:59,252697551.0610405
2025-01-01 00:33:00,255079870.33867538
2025-01-01 00:33:01,258137590.8218588
2025-01-01 00:33:02,251346865.51310414
2025-01-01 00:33:03,256972022.55795264
2025-01-01 00:33:04,245536219.30647433
2025-01-01 00:33:05,241768863.75864616
2025-01-01 00:33:06,248306689.33497053
2025-01-01 00:33:07,252744548.80492112
2025-01-01 00:33:08,246322729.59207284
2025-01-01 00:33:09,245549517.73171204
2025-01-01 00:33:10,249165971.82663962
2025-01-01 00:33:11,248894818.98502392
2025-01-01 00:33:12,251795202.5907989
2025-01-01 00:33:13,248025351.22667724
2025-01-01 00:33:14,252092450.12226528
2025-01-01 00:33:15,249694101.69058254
2025-01-01 00:33:16,252387793.82945767
2025-01-01 00:33:17,247548591.0827838
2025-01-01 00:33:18,246851095.9478249
2025-01-01 00:33:19,248220708.41289905
2025-01-01 00:33:20,246784680.53011057
2025-01-01 00:33:21,250808727.9880192
2025-01-01 00:33:22,251859410.90228063
2025-01-01 00:33:23,248318966.03544784
2025-01-01 00:33:24,248642761.09866297
2025-01-01 00:33:25,246431225.17795247
2025-01-01 00:33:26,246875146.95429626
2025-01-01 00:33:27,250311387.96424422
2025-01-01 00:33:28,246854986.34112945
2025-01-01 00:33:29,250102367.46804458
2025-01-01 00:33:30,247309363.83432892
2025-01-01 00:33:31,246003703.6860749
2025-01-01 00:33:32,249649503.4986415
2025-01-01 00:33:33,250803994.22967684
2025-01-01 00:33:34,252024860.98105693
2025-01-01 00:33:35,248391702.11607233
2025-01-01 00:33:36,247138207.653823
2025-01-01 00:33:37,255080037.68615618
2025-01-01 00:33:38,256572199.66652018
2025-01-01 00:33:39,249306604.3058143
2025-01-01 00:33:40,251295082.05469164
2025-01-01 00:33:41,255363584.72926804
2025-01-01 00:33:42,254858483.57369015
2025-01-01 00:33:43,253381471.89601249
2025-01-01 00:33:44,247863077.34453157
2025-01-01 00:33:45,248526908.33405358
2025-01-01 00:33:46,247462816.5574786
2025-01-01 00:33:47,251693993.990536
2025-01-01 00:33:48,251207084.0891738
2025-01-01 00:33:49,251932464.21837375
2025-01-01 00:33:50,251980855.0712737
2025-01-01 00:33:51,246306828.56295016
2025-01-01 00:33:52,244658074.08885485
2025-01-01 00:33:53,242507895.44838244
2025-01-01 00:33:54,255009064.94862512
2025-01-01 00:33:55,250518041.97844058
2025-01-01 00:33:56,248707309.31529534
2025-01-01 00:33:57,251555039.7103698
2025-01-01 00:33:58,246529503.14131522
2025-01-01 00:33:59,250562765.97470698
2025-01-01 00:34:00,251362763.579692
2025-01-01 00:34:01,253561419.16155776
2025-01-01 00:34:02,246881570.00798038
2025-01-01 00:34:03,241752134.15829057
2025-01-01 00:34:04,238892449.66535124
2025-01-01 00:34:05,241589843.99296787
2025-01-01 00:34:06,245020893.15604463
2025-01-01 00:34:07,248002048.68443826
2025-01-01 00:34:08,246132021.09496477
2025-01-01 00:34:09,242981044.99848112
2025-01-01 00:34:10,239981251.58361244
2025-01-01 00:34:11,239016662.72236708
2025-01-01 00:34:12,238241675.1784417
2025-01-01 00:34:13,245814494.40512735
2025-01-01 00:34:14,252015033.31914455
2025-01-01 00:34:15,242764737.16883856
2025-01-01 00:34:16,249078712.53465965
2025-01-01 00:34:17,241944779.40277147
2025-01-01 00:34:18,252521003.46771657
2025-01-01 00:34:19,240076514.04366562
2025-01-01 00:34:20,240705391.08601907
2025-01-01 00:34:21,247568597.91743046
2025-01-01 00:34:22,247249629.70864773
2025-01-01 00:34:23,248083845.04653442
2025-01-01 00:34:24,246604109.86330953
2025-01-01 00:34:25,251357596.95681736
2025-01-01 00:34:26,244033011.81631514
2025-01-01 00:34:27,246011206.03413484
2025-01-01 00:34:28,253598609.29181924
2025-01-01 00:34:29,258241756.52209806
2025-01-01 00:34:30,251882851.21730542
2025-01-01 00:34:31,251210057.55633768
2025-01-01 00:34:32,249190037.059338
2025-01-01 00:34:33,249215198.79601645
2025-01-01 00:34:34,250074590.2664221
2025-01-01 00:34:35,250798690.1083955
2025-01-01 00:34:36,260139803.56492722
2025-01-01 00:34:37,249046471.08706513
2025-01-01 00:34:38,250822846.59330207
2025-01-01 00:34:39,249132370.30487654
2025-01-01 00:34:40,252086257.65913257
2025-01-01 00:34:41,249161037.73207986
2025-01-01 00:34:42,247265577.14517093
2025-01-01 00:34:43,247091426.78708214
2025-01-01 00:34:44,239222983.97062287
2025-01-01 00:34:45,241281452.79932234
2025-01-01 00:34:46,249787475.43436974
2025-01-01 00:34:47,243632762.55017626
2025-01-01 00:34:48,241313027.87973526
2025-01-01 00:34:49,251076758.61951792
2025-01-01 00:34:50,246846517.30429414
2025-01-01 00:34:51,244917175.9485944
2025-01-01 00:34:52,247795951.8303646
2025-01-01 00:34:53,252353458.51381862
2025-01-01 00:34:54,249209746.24065092
2025-01-01 00:34:55,246747096.52279443
2025-01-01 00:34:56,249300188.12675643
2025-01-01 00:34:57,253073181.03704256
2025-01-01 00:34:58,249570373.7804215
2025-01-01 00:34:59,249292327.15744457
2025-01-01 00:35:00,251043617.63896486
2025-01-01 00:35:01,247334220.13365272
2025-01-01 00:35:02,247657919.71945783
2025-01-01 00:35:03,244990919.92352486
2025-01-01 00:35:04,250481083.93264648
2025-01-01 00:35:05,244387640.58388233
2025-01-01 00:35:06,248861160.72921187
2025-01-01 00:35:07,246496066.99133164
2025-01-01 00:35:08,245898373.2624156
2025-01-01 00:35:09,250743611.46226603
2025-01-01 00:35:10,247523030.4834936
2025-01-01 00:35:11,248424093.47505328
2025-01-01 00:35:12,249444122.7463585
2025-01-01 00:35:13,245000558.33603528
2025-01-01 00:35:14,241959994.45581675
2025-01-01 00:35:15,241052622.61089456
2025-01-01 00:35:16,239691200.97265112
2025-01-01 00:35:17,249547340.0752171
2025-01-01 00:35:18,247749626.61646032
2025-01-01 00:35:19,251547855.4013398
2025-01-01 00:35:20,246071160.2533961
2025-01-01 00:35:21,253124921.7162199
2025-01-01 00:35:22,249898540.13232934
2025-01-01 00:35:23,248854013.47105882
2025-01-01 00:35:24,256624324.09878922
2025-01-01 00:35:25,255455037.3937932
2025-01-01 00:35:26,255790990.22932816
2025-01-01 00:35:27,258621540.00734153
2025-01-01 00:35:28,256615192.9216744
2025-01-01 00:35:29,259557308.61576012
2025-01-01 00:35:30,252073035.7949451
2025-01-01 00:35:31,254159826.35106093
2025-01-01 00:35:32,250135825.10101742
2025-01-01 00:35:33,252909295.47279438
2025-01-01 00:35:34,258169663.59534308
2025-01-01 00:35:35,254346402.90664676
2025-01-01 00:35:36,255028510.16072056
2025-01-01 00:35:37,250185777.73025662
2025-01-01 00:35:38,248594333.85185367
2025-01-01 00:35:39,248139310.67825115
2025-01-01 00:35:40,252954420.12428975
2025-01-01 00:35:41,251115744.14569485
2025-01-01 00:35:42,251153878.2655007
2025-01-01 00:35:43,257484167.46463272
2025-01-01 00:35:44,252307471.92935222
2025-01-01 00:35:45,252046589.41415346
2025-01-01 00:35:46,255538490.12437287
2025-01-01 00:35:47,252097757.8878483
2025-01-01 00:35:48,250029566.11234367
2025-01-01 00:35:49,251064815.91081047
2025-01-01 00:35:50,249828320.0719311
2025-01-01 00:35:51,247219469.12386465
2025-01-01 00:35:52,243728574.85675195
2025-01-01 00:35:53,245900328.8799122
2025-01-01 00:35:54,251695299.86864746
2025-01-01 00:35:55,254023156.57980126
2025-01-01 00:35:56,251752015.73173535
2025-01-01 00:35:57,248695566.69682243
2025-01-01 00:35:58,247312326.76999617
2025-01-01 00:35:59,246816036.14785445
2025-01-01 00:36:00,252968951.26020035
2025-01-01 00:36:01,252174057.14112464
2025-01-01 00:36:02,252770369.7794409
2025-01-01 00:36:03,250557296.5208262
2025-01-01 00:36:04,248752760.19708145
2025-01-01 00:36:05,249396654.84419993
2025-01-01 00:36:06,248606409.97894552
2025-01-01 00:36:07,246354753.4579825
2025-01-01 00:36:08,248426942.98605692
2025-01-01 00:36:09,248839625.47359625
2025-01-01 00:36:10,249772121.76760712
2025-01-01 00:36:11,256494592.61544734
2025-01-01 00:36:12,254976136.99400744
2025-01-01 00:36:13,252183299.71216598
2025-01-01 00:36:14,256687662.47819668
2025-01-01 00:36:15,254707475.57506728
2025-01-01 00:36:16,252512444.87772146
2025-01-01 00:36:17,247263050.61029506
2025-01-01 00:36:18,249990836.8968131
2025-01-01 00:36:19,248920962.11588886
2025-01-01 00:36:20,250874619.1738337
2025-01-01 00:36:21,250779672.88282162
2025-01-01 00:36:22,251288222.16013715
2025-01-01 00:36:23,249070437.4040597
2025-01-01 00:36:24,252815349.39407948
2025-01-01 00:36:25,256840227.68901423
2025-01-01 00:36:26,257938364.52789992
2025-01-01 00:36:27,260367081.34369293
2025-01-01 00:36:28,255663735.7961836
2025-01-01 00:36:29,262252353.74799922
2025-01-01 00:36:30,259156476.4742725
2025-01-01 00:36:31,260551803.79713738
2025-01-01 00:36:32,263461671.89837617
2025-01-01 00:36:33,250546196.71214095
2025-01-01 00:36:34,250557880.30130953
2025-01-01 00:36:35,252761073.1617033
2025-01-01 00:36:36,255006107.5702788
2025-01-01 00:36:37,245987997.21811384
2025-01-01 00:36:38,239938766.29095712
2025-01-01 00:36:39,244414659.62476876
2025-01-01 00:36:40,241013046.66763327
2025-01-01 00:36:41,248594290.9860014
2025-01-01 00:36:42,255486879.83667195
2025-01-01 00:36:43,249278815.83819363
2025-01-01 00:36:44,249198610.36117527
2025-01-01 00:36:45,252130843.5091896
2025-01-01 00:36:46,252181336.4718687
2025-01-01 00:36:47,248057257.32475594
2025-01-01 00:36:48,253227621.6441319
2025-01-01 00:36:49,252088254.84306908
2025-01-01 00:36:50,247662200.39839438
2025-01-01 00:36:51,248979630.01164272
2025-01-01 00:36:52,250811520.68572602
2025-01-01 00:36:53,250485625.13640037
2025-01-01 00:36:54,256257279.04537508
2025-01-01 00:36:55,250096089.45288575
2025-01-01 00:36:56,251234296.819925
2025-01-01 00:36:57,256526538.85210747
2025-01-01 00:36:58,255972398.30015042
2025-01-01 00:36:59,252469525.52639142
2025-01-01 00:37:00,254002724.2943015
2025-01-01 00:37:01,248661772.01466236
2025-01-01 00:37:02,249407775.14420915
2025-01-01 00:37:03,251703417.27565163
2025-01-01 00:37:04,250427162.94222417
2025-01-01 00:37:05,251526020.19817185
2025-01-01 00:37:06,245765481.0189938
2025-01-01 00:37:07,248533015.81631422
2025-01-01 00:37:08,250066025.97448
2025-01-01 00:37:09,249238244.1802738
2025-01-01 00:37:10,255115680.02033117
2025-01-01 00:37:11,243865836.51501632
2025-01-01 00:37:12,245799625.50519666
2025-01-01 00:37:13,238800854.28635994
2025-01-01 00:37:14,251283507.99843428
2025-01-01 00:37:15,252973155.2687349
2025-01-01 00:37:16,247465205.60528052
2025-01-01 00:37:17,248728980.089757
2025-01-01 00:37:18,250871685.88809255
2025-01-01 00:37:19,247551342.6883349
2025-01-01 00:37:20,250815550.4576548
2025-01-01 00:37:21,253605392.54291552
2025-01-01 00:37:22,258277397.36433342
2025-01-01 00:37:23,261273777.3824515
2025-01-01 00:37:24,256213991.60821283
2025-01-01 00:37:25,252442314.9680224
2025-01-01 00:37:26,251079111.98214516
2025-01-01 00:37:27,253565133.11770004
2025-01-01 00:37:28,248066413.04802135
2025-01-01 00:37:29,254469367.00965124
2025-01-01 00:37:30,256030809.5194
2025-01-01 00:37:31,254889751.16646543
2025-01-01 00:37:32,257001986.42310625
2025-01-01 00:37:33,252830390.81665537
2025-01-01 00:37:34,259105672.24351007
2025-01-01 00:37:35,252565414.62329325
2025-01-01 00:37:36,254944917.11309138
2025-01-01 00:37:37,251051857.88083783
2025-01-01 00:37:38,255307108.1327653
2025-01-01 00:37:39,253809464.29983577
2025-01-01 00:37:40,255812617.01466247
2025-01-01 00:37:41,251913637.10080442
2025-01-01 00:37:42,251435710.49043614
2025-01-01 00:37:43,245191684.24554938
2025-01-01 00:37:44,249599870.57048512
2025-01-01 00:37:45,256387283.81356624
2025-01-01 00:37:46,262046981.11899915
2025-01-01 00:37:47,252160729.75459746
2025-01-01 00:37:48,253801758.5308917
2025-01-01 00:37:49,258438544.42370275
2025-01-01 00:37:50,253072655.19080648
2025-01-01 00:37:51,248211357.72217667
2025-01-01 00:37:52,254247578.54096878
2025-01-01 00:37:53,253344839.9473541
2025-01-01 00:37:54,251108617.9860763
2025-01-01 00:37:55,253165385.9332023
2025-01-01 00:37:56,249255223.20291838
2025-01-01 00:37:57,258685675.56910104
2025-01-01 00:37:58,256217821.83532515
2025-01-01 00:37:59,259259277.7938262
2025-01-01 00:38:00,254627591.89173856
2025-01-01 00:38:01,255263165.69347408
2025-01-01 00:38:02,255416242.65020165
2025-01-01 00:38:03,256360545.8159868
2025-01-01 00:38:04,254223598.18998894
2025-01-01 00:38:05,249928472.01476252
2025-01-01 00:38:06,252673553.630058
2025-01-01 00:38:07,254934787.62450105
2025-01-01 00:38:08,256064519.1140452
2025-01-01 00:38:09,253004377.58298722
2025-01-01 00:38:10,250764944.0041105
2025-01-01 00:38:11,254392037.22970432
2025-01-01 00:38:12,251761605.02164066
2025-01-01 00:38:13,259715043.46233177
2025-01-01 00:38:14,255743611.09814572
2025-01-01 00:38:15,253060003.5173138
2025-01-01 00:38:16,251441949.7904637
2025-01-01 00:38:17,254444233.60872543
2025-01-01 00:38:18,255223468.95975307
2025-01-01 00:38:19,256012405.74686337
2025-01-01 00:38:20,257770247.9102495
2025-01-01 00:38:21,260445886.1812518
2025-01-01 00:38:22,257310423.72709498
2025-01-01 00:38:23,260531290.6295753
2025-01-01 00:38:24,263430214.35382116
2025-01-01 00:38:25,262361146.46967417
2025-01-01 00:38:26,259051274.02495053
2025-01-01 00:38:27,262615913.93491244
2025-01-01 00:38:28,259069014.10739282
2025-01-01 00:38:29,258327943.14258626
2025-01-01 00:38:30,252616080.07206678
2025-01-01 00:38:31,250835609.41956604
2025-01-01 00:38:32,250085706.2020409
2025-01-01 00:38:33,252092151.02106646
2025-01-01 00:38:34,254045201.85547608
2025-01-01 00:38:35,253182163.719654
2025-01-01 00:38:36,254892826.2172949
2025-01-01 00:38:37,258542302.16797715
2025-01-01 00:38:38,253387954.19881216
2025-01-01 00:38:39,251910233.93915203
2025-01-01 00:38:40,256632580.71581414
2025-01-01 00:38:41,257349861.23672116
2025-01-01 00:38:42,252873370.2951481
2025-01-01 00:38:43,247174827.57156676
2025-01-01 00:38:44,246399680.8329175
2025-01-01 00:38:45,246277642.73918682
2025-01-01 00:38:46,247177156.51511663
2025-01-01 00:38:47,253056512.5160879
2025-01-01 00:38:48,250326464.1041219
2025-01-01 00:38:49,252680516.9577783
2025-01-01 00:38:50,251388850.72320637
2025-01-01 00:38:51,256412935.0419662
2025-01-01 00:38:52,261788218.25976548
2025-01-01 00:38:53,253911222.37729043
2025-01-01 00:38:54,253626880.5595687
2025-01-01 00:38:55,248214137.62138444
2025-01-01 00:38:56,245051221.07795706
2025-01-01 00:38:57,250113632.71932667
2025-01-01 00:38:58,250414916.09908736
2025-01-01 00:38:59,251930126.84494898
2025-01-01 00:39:00,252767982.71373355
2025-01-01 00:39:01,251496620.96186283
2025-01-01 00:39:02,253148730.9195236
2025-01-01 00:39:03,247934764.39423466
2025-01-01 00:39:04,243367427.05578172
2025-01-01 00:39:05,250089936.7367406
2025-01-01 00:39:06,247310080.3688144
2025-01-01 00:39:07,245625634.39788574
2025-01-01 00:39:08,248015946.47326693
2025-01-01 00:39:09,242671344.4599918
2025-01-01 00:39:10,249624670.45862967
2025-01-01 00:39:11,243438161.1657127
2025-01-01 00:39:12,244296306.1101359
2025-01-01 00:39:13,251416033.9967634
2025-01-01 00:39:14,255566691.49750224
2025-01-01 00:39:15,248996125.80210623
2025-01-01 00:39:16,253957912.8818309
2025-01-01 00:39:17,256116857.6393061
2025-01-01 00:39:18,256377851.4361311
2025-01-01 00:39:19,258886578.0692231
2025-01-01 00:39:20,262183352.99077854
2025-01-01 00:39:21,258267752.33446643
2025-01-01 00:39:22,255560179.99005917
2025-01-01 00:39:23,254013547.82726595
2025-01-01 00:39:24,257684195.2773475
2025-01-01 00:39:25,256358080.50106925
2025-01-01 00:39:26,249022527.5724697
2025-01-01 00:39:27,252293943.68651402
2025-01-01 00:39:28,248285616.25779593
2025-01-01 00:39:29,248243952.32920414
2025-01-01 00:39:30,246901954.90872294
2025-01-01 00:39:31,252286320.80965555
2025-01-01 00:39:32,250343459.6706402
2025-01-01 00:39:33,253298953.26933455
2025-01-01 00:39:34,251286090.39020512
2025-01-01 00:39:35,250554185.9439313
2025-01-01 00:39:36,257498062.9871834
2025-01-01 00:39:37,258805650.62671167
2025-01-01 00:39:38,256687992.55078056
2025-01-01 00:39:39,253851510.85286817
2025-01-01 00:39:40,252055251.79923552
2025-01-01 00:39:41,252368966.7384474
2025-01-01 00:39:42,251763328.8887978
2025-01-01 00:39:43,257994136.04611483
2025-01-01 00:39:44,253879682.26481372
2025-01-01 00:39:45,252594571.05060437
2025-01-01 00:39:46,254641825.14423782
2025-01-01 00:39:47,257365047.396966
2025-01-01 00:39:48,255150540.33683056
2025-01-01 00:39:49,259282179.76752648
2025-01-01 00:39:50,260787417.94839424
2025-01-01 00:39:51,260387437.49850708
2025-01-01 00:39:52,255732202.96321917
2025-01-01 00:39:53,258296256.51636344
2025-01-01 00:39:54,254886605.43325022
2025-01-01 00:39:55,258698235.52157867
2025-01-01 00:39:56,256649183.19426215
2025-01-01 00:39:57,252844983.0569689
2025-01-01 00:39:58,259235418.4951505
2025-01-01 00:39:59,252831273.8722161
2025-01-01 00:40:00,256562115.78421745
2025-01-01 00:40:01,260799480.98702836
2025-01-01 00:40:02,258522177.39087018
2025-01-01 00:40:03,258853300.7038318
2025-01-01 00:40:04,258762518.05244827
2025-01-01 00:40:05,257259721.84277543
2025-01-01 00:40:06,256739119.9511726
2025-01-01 00:40:07,256935681.4875646
2025-01-01 00:40:08,256546551.25941145
2025-01-01 00:40:09,245005825.72496295
2025-01-01 00:40:10,250687528.06069052
2025-01-01 00:40:11,249686637.9383596
2025-01-01 00:40:12,244134702.9403896
2025-01-01 00:40:13,249971601.73177463
2025-01-01 00:40:14,257011288.05832103
2025-01-01 00:40:15,248481571.6106591
2025-01-01 00:40:16,248926919.9540604
2025-01-01 00:40:17,250014530.60217956
2025-01-01 00:40:18,253325046.48025405
2025-01-01 00:40:19,257134418.74558747
2025-01-01 00:40:20,256518288.74340028
2025-01-01 00:40:21,258637441.88469037
2025-01-01 00:40:22,253848959.05688655
2025-01-01 00:40:23,253734214.01466885
2025-01-01 00:40:24,253193838.31782216
2025-01-01 00:40:25,257164424.8512448
2025-01-01 00:40:26,248488990.7318634
2025-01-01 00:40:27,248703786.9749174
2025-01-01 00:40:28,250657452.17544508
2025-01-01 00:40:29,250844328.49607584
2025-01-01 00:40:30,253459986.3333069
2025-01-01 00:40:31,254176940.40414336
2025-01-01 00:40:32,247210049.17732716
2025-01-01 00:40:33,247032110.57381713
2025-01-01 00:40:34,248377313.71406743
2025-01-01 00:40:35,252577441.24155444
2025-01-01 00:40:36,244165374.15619314
2025-01-01 00:40:37,245194764.0168555
2025-01-01 00:40:38,246353777.37549743
2025-01-01 00:40:39,249826376.54081282
2025-01-01 00:40:40,249069842.37588677
2025-01-01 00:40:41,247513349.0669855
2025-01-01 00:40:42,253146276.05756414
2025-01-01 00:40:43,250343000.01182374
2025-01-01 00:40:44,248878775.7862201
2025-01-01 00:40:45,246338659.54975134
2025-01-01 00:40:46,243166701.04459262
2025-01-01 00:40:47,245163071.98029745
2025-01-01 00:40:48,247154289.19530997
2025-01-01 00:40:49,246734239.68757787
2025-01-01 00:40:50,249536105.42624345
2025-01-01 00:40:51,247152756.57383153
2025-01-01 00:40:52,242055767.30138183
2025-01-01 00:40:53,243627758.81448898
2025-01-01 00:40:54,245208362.60706028
2025-01-01 00:40:55,245269890.19591248
2025-01-01 00:40:56,247852645.2971546
2025-01-01 00:40:57,248550276.18957776
2025-01-01 00:40:58,254838513.2568369
2025-01-01 00:40:59,253788455.6581116
2025-01-01 00:41:00,254760732.6244465
2025-01-01 00:41:01,249605184.25385588
2025-01-01 00:41:02,248990232.5765247
2025-01-01 00:41:03,255337312.22355074
2025-01-01 00:41:04,252332613.9635574
2025-01-01 00:41:05,249485137.02408037
2025-01-01 00:41:06,252683237.05966714
2025-01-01 00:41:07,249439608.1361101
2025-01-01 00:41:08,251857756.22415712
2025-01-01 00:41:09,249168861.53204405
2025-01-01 00:41:10,250635467.9553524
2025-01-01 00:41:11,245468445.67533436
2025-01-01 00:41:12,246587112.6881293
2025-01-01 00:41:13,247735719.81865326
2025-01-01 00:41:14,248453131.0669681
2025-01-01 00:41:15,244320728.40139973
2025-01-01 00:41:16,249810737.05123025
2025-01-01 00:41:17,252217664.57011607
2025-01-01 00:41:18,247627222.86328834
2025-01-01 00:41:19,245510743.72386166
2025-01-01 00:41:20,245259663.16230187
2025-01-01 00:41:21,244231123.88066146
2025-01-01 00:41:22,245119966.22856033
2025-01-01 00:41:23,242915158.56679824
2025-01-01 00:41:24,242224097.86723346
2025-01-01 00:41:25,240814965.22923088
2025-01-01 00:41:26,243597955.5140916
2025-01-01 00:41:27,245594957.51775968
2025-01-01 00:41:28,240172859.36918643
2025-01-01 00:41:29,242479774.58900005
2025-01-01 00:41:30,246772787.26471013
2025-01-01 00:41:31,242571991.8812856
2025-01-01 00:41:32,243746132.53766346
2025-01-01 00:41:33,247282601.67315146
2025-01-01 00:41:34,245822402.36953068
2025-01-01 00:41:35,245758580.14663026
2025-01-01 00:41:36,244839134.29509175
2025-01-01 00:41:37,250462038.48662117
2025-01-01 00:41:38,251048121.7884617
2025-01-01 00:41:39,244808888.96736178
2025-01-01 00:41:40,250707451.27839428
2025-01-01 00:41:41,244332652.92331725
2025-01-01 00:41:42,245516550.75349116
2025-01-01 00:41:43,243928276.962748
2025-01-01 00:41:44,250302626.44519508
2025-01-01 00:41:45,248591741.10602817
2025-01-01 00:41:46,247722451.16308704
2025-01-01 00:41:47,243771133.80582568
2025-01-01 00:41:48,242380036.25046167
2025-01-01 00:41:49,242106995.6145525
2025-01-01 00:41:50,247340404.13912725
2025-01-01 00:41:51,246068808.7019357
2025-01-01 00:41:52,252258414.7331504
2025-01-01 00:41:53,246857766.9445626
2025-01-01 00:41:54,247057804.93070415
2025-01-01 00:41:55,249072757.48148867
2025-01-01 00:41:56,251486582.22211906
2025-01-01 00:41:57,251022664.4132281
2025-01-01 00:41:58,252759548.38164443
2025-01-01 00:41:59,251956135.91522488
2025-01-01 00:42:00,254928593.59160593
2025-01-01 00:42:01,254651545.9347902
2025-01-01 00:42:02,256187829.13407496
2025-01-01 00:42:03,254706698.3714776
2025-01-01 00:42:04,251272116.340539
2025-01-01 00:42:05,251081845.0104466
2025-01-01 00:42:06,249277501.5910206
2025-01-01 00:42:07,248763608.33472064
2025-01-01 00:42:08,252519595.5943077
2025-01-01 00:42:09,255366285.13307095
2025-01-01 00:42:10,253191831.3624351
2025-01-01 00:42:11,252134587.99004638
2025-01-01 00:42:12,251320783.35398954
2025-01-01 00:42:13,251690502.366288
2025-01-01 00:42:14,251441142.24591658
2025-01-01 00:42:15,252066219.9754088
2025-01-01 00:42:16,257281081.9193437
2025-01-01 00:42:17,257104949.31691256
2025-01-01 00:42:18,249484857.46358892
2025-01-01 00:42:19,253813051.37612888
2025-01-01 00:42:20,254654955.13587484
2025-01-01 00:42:21,255839421.32673657
2025-01-01 00:42:22,259030519.082909
2025-01-01 00:42:23,267012519.05669597
2025-01-01 00:42:24,258257299.98257157
2025-01-01 00:42:25,258185975.4627817
2025-01-01 00:42:26,260031185.63553607
2025-01-01 00:42:27,258082797.05646282
2025-01-01 00:42:28,253853721.75750262
2025-01-01 00:42:29,249922637.32528636
2025-01-01 00:42:30,251193114.3463962
2025-01-01 00:42:31,250826269.85819843
2025-01-01 00:42:32,248930542.31227008
2025-01-01 00:42:33,255105952.5681976
2025-01-01 00:42:34,252050796.15480554
2025-01-01 00:42:35,253379451.87069
2025-01-01 00:42:36,249701632.96141982
2025-01-01 00:42:37,246702291.32045326
2025-01-01 00:42:38,251160447.82447442
2025-01-01 00:42:39,251715726.9566751
2025-01-01 00:42:40,249454454.63406214
2025-01-01 00:42:41,257226309.1017312
2025-01-01 00:42:42,254909179.8579766
2025-01-01 00:42:43,254133033.3355745
2025-01-01 00:42:44,255324386.40422925
2025-01-01 00:42:45,250346082.0835976
2025-01-01 00:42:46,250436497.5908975
2025-01-01 00:42:47,251316852.62519112
2025-01-01 00:42:48,261380514.79078102
2025-01-01 00:42:49,260222126.9713623
2025-01-01 00:42:50,260973373.63682073
2025-01-01 00:42:51,261283164.7600683
2025-01-01 00:42:52,259406328.30188498
2025-01-01 00:42:53,262568962.33848783
2025-01-01 00:42:54,257823306.11410406
2025-01-01 00:42:55,250589128.42634526
2025-01-01 00:42:56,252886206.72252092
2025-01-01 00:42:57,253268578.97807077
2025-01-01 00:42:58,252043667.96899286
2025-01-01 00:42:59,249010847.68047348
2025-01-01 00:43:00,247896158.256086
2025-01-01 00:43:01,247674307.00957358
2025-01-01 00:43:02,251349714.30543008
2025-01-01 00:43:03,244730485.0474102
2025-01-01 00:43:04,251471560.99231735
2025-01-01 00:43:05,253031451.04874694
2025-01-01 00:43:06,249877163.33870867
2025-01-01 00:43:07,254693057.85737425
2025-01-01 00:43:08,258519361.93794155
2025-01-01 00:43:09,254684589.6825739
2025-01-01 00:43:10,257148141.13459897
2025-01-01 00:43:11,254825868.8387773
2025-01-01 00:43:12,252305856.4959233
2025-01-01 00:43:13,253943502.4625768
2025-01-01 00:43:14,249891385.06204608
2025-01-01 00:43:15,248528489.41409913
2025-01-01 00:43:16,243146616.32308936
2025-01-01 00:43:17,246396464.82523632
2025-01-01 00:43:18,245972647.1697936
2025-01-01 00:43:19,242631601.22284263
2025-01-01 00:43:20,244006494.16416627
2025-01-01 00:43:21,245161270.75829536
2025-01-01 00:43:22,247215858.8124662
2025-01-01 00:43:23,243505821.35394824
2025-01-01 00:43:24,243732336.6362489
2025-01-01 00:43:25,242101514.28107473
2025-01-01 00:43:26,248081513.9140427
2025-01-01 00:43:27,249844959.75314984
2025-01-01 00:43:28,244967947.10707536
2025-01-01 00:43:29,251676821.21959478
2025-01-01 00:43:30,247868494.76053295
2025-01-01 00:43:31,253153139.66653502
2025-01-01 00:43:32,255835837.56337565
2025-01-01 00:43:33,258132350.3308554
2025-01-01 00:43:34,253134471.2833402
2025-01-01 00:43:35,249291038.18185878
2025-01-01 00:43:36,256864492.73203608
2025-01-01 00:43:37,245074476.03601485
2025-01-01 00:43:38,244958544.38811147
2025-01-01 00:43:39,253115970.83956894
2025-01-01 00:43:40,251110608.54512244
2025-01-01 00:43:41,247150703.09232214
2025-01-01 00:43:42,247041657.87266266
2025-01-01 00:43:43,256941820.37911788
2025-01-01 00:43:44,247872470.49488634
2025-01-01 00:43:45,245024957.96064115
2025-01-01 00:43:46,247222836.61320078
2025-01-01 00:43:47,249318888.41631144
2025-01-01 00:43:48,250677704.97359198
2025-01-01 00:43:49,249143378.08617485
2025-01-01 00:43:50,246803435.56976822
2025-01-01 00:43:51,249350908.46255115
2025-01-01 00:43:52,248780326.42913103
2025-01-01 00:43:53,248766093.5802355
2025-01-01 00:43:54,245335122.93127114
2025-01-01 00:43:55,247467701.53780153
2025-01-01 00:43:56,245039120.25164708
2025-01-01 00:43:57,246951471.79581773
2025-01-01 00:43:58,246692460.43332395
2025-01-01 00:43:59,250680172.63099545
2025-01-01 00:44:00,249730747.98702055
2025-01-01 00:44:01,251552812.64327595
2025-01-01 00:44:02,246249400.3635361
2025-01-01 00:44:03,247305172.27337304
2025-01-01 00:44:04,245656944.8389828
2025-01-01 00:44:05,245658687.91439834
2025-01-01 00:44:06,249456878.24674633
2025-01-01 00:44:07,247769028.01191092
2025-01-01 00:44:08,254998912.34241387
2025-01-01 00:44:09,252271252.9098244
2025-01-01 00:44:10,250350728.77825043
2025-01-01 00:44:11,248126989.1245147
2025-01-01 00:44:12,243040654.38291672
2025-01-01 00:44:13,252692941.3933276
2025-01-01 00:44:14,249090459.8507036
2025-01-01 00:44:15,248374400.61385813
2025-01-01 00:44:16,248908876.57065424
2025-01-01 00:44:17,250849753.10285836
2025-01-01 00:44:18,248686086.35869622
2025-01-01 00:44:19,248859732.80448207
2025-01-01 00:44:20,248526598.10814747
2025-01-01 00:44:21,253920970.86409104
2025-01-01 00:44:22,252713473.67254567
2025-01-01 00:44:23,250963983.25532845
2025-01-01 00:44:24,248223001.7657471
2025-01-01 00:44:25,246932826.17524937
2025-01-01 00:44:26,248041654.71752095
2025-01-01 00:44:27,251173580.75405172
2025-01-01 00:44:28,245835441.79739103
2025-01-01 00:44:29,246829880.46333092
2025-01-01 00:44:30,245373205.7839088
2025-01-01 00:44:31,242870751.92018756
2025-01-01 00:44:32,241665986.97866037
2025-01-01 00:44:33,240125098.42114833
2025-01-01 00:44:34,244443396.78872028
2025-01-01 00:44:35,240946973.66555876
2025-01-01 00:44:36,244354129.705619
2025-01-01 00:44:37,249298174.59712875
2025-01-01 00:44:38,248860407.21410882
2025-01-01 00:44:39,247777727.45129004
2025-01-01 00:44:40,245854505.8461682
2025-01-01 00:44:41,239799726.42253506
2025-01-01 00:44:42,249002714.84569976
2025-01-01 00:44:43,243222530.21049938
2025-01-01 00:44:44,241732189.61639214
2025-01-01 00:44:45,246418399.85694242
2025-01-01 00:44:46,245826527.48688814
2025-01-01 00:44:47,245822387.61863664
2025-01-01 00:44:48,248280255.6205561
2025-01-01 00:44:49,252069177.44668454
2025-01-01 00:44:50,248802545.05400535
2025-01-01 00:44:51,245249229.70236456
2025-01-01 00:44:52,249082757.63446954
2025-01-01 00:44:53,251240129.42879653
2025-01-01 00:44:54,244037759.88278538
2025-01-01 00:44:55,243443413.52578476
2025-01-01 00:44:56,250108675.73153928
2025-01-01 00:44:57,245139377.89429748
2025-01-01 00:44:58,252531390.5007479
2025-01-01 00:44:59,250084758.13633505
2025-01-01 00:45:00,251234562.53906262
2025-01-01 00:45:01,252498315.0632993
2025-01-01 00:45:02,248985283.1346807
2025-01-01 00:45:03,245160194.26302454
2025-01-01 00:45:04,248825387.1179345
2025-01-01 00:45:05,250441462.75619414
2025-01-01 00:45:06,245954945.87011945
2025-01-01 00:45:07,248818291.19462237
2025-01-01 00:45:08,249940000.3503083
2025-01-01 00:45:09,251203876.50149405
2025-01-01 00:45:10,246317820.87466535
2025-01-01 00:45:11,249941520.7048005
2025-01-01 00:45:12,250121594.18588272
2025-01-01 00:45:13,248021380.8142903
2025-01-01 00:45:14,248225134.22527936
2025-01-01 00:45:15,246258682.05920416
2025-01-01 00:45:16,245120434.45653626
2025-01-01 00:45:17,245833917.93389183
2025-01-01 00:45:18,245731070.07703584
2025-01-01 00:45:19,243438229.3562603
2025-01-01 00:45:20,253099561.7667195
2025-01-01 00:45:21,254117350.23561186
2025-01-01 00:45:22,253034338.32142174
2025-01-01 00:45:23,248844352.03253087
2025-01-01 00:45:24,246590332.70774353
2025-01-01 00:45:25,249749279.2545472
2025-01-01 00:45:26,241678387.6833779
2025-01-01 00:45:27,245767954.79734755
2025-01-01 00:45:28,244005927.5423482
2025-01-01 00:45:29,245679524.8531853
2025-01-01 00:45:30,247382938.9424104
2025-01-01 00:45:31,249572525.56792992
2025-01-01 00:45:32,252694724.837424
2025-01-01 00:45:33,249824102.34981582
2025-01-01 00:45:34,248333732.76885867
2025-01-01 00:45:35,242174667.56931254
2025-01-01 00:45:36,244264907.0932207
2025-01-01 00:45:37,248780902.58270186
2025-01-01 00:45:38,248094801.3810639
2025-01-01 00:45:39,245992653.20008954
2025-01-01 00:45:40,248054084.15333068
2025-01-01 00:45:41,250075766.97687408
2025-01-01 00:45:42,247341586.01587158
2025-01-01 00:45:43,252174895.04557443
2025-01-01 00:45:44,250604459.2767953
2025-01-01 00:45:45,252384832.6390812
2025-01-01 00:45:46,251989248.3238282
2025-01-01 00:45:47,251563454.70610267
2025-01-01 00:45:48,248342255.5993766
2025-01-01 00:45:49,248915862.56414667
2025-01-01 00:45:50,250579182.69135645
2025-01-01 00:45:51,248325484.22883794
2025-01-01 00:45:52,246265522.29148775
2025-01-01 00:45:53,247551843.95700735
2025-01-01 00:45:54,247110090.36059478
2025-01-01 00:45:55,250798746.42056438
2025-01-01 00:45:56,241074425.01722926
2025-01-01 00:45:57,243772330.72922626
2025-01-01 00:45:58,245062275.6584371
2025-01-01 00:45:59,246045770.17821884
2025-01-01 00:46:00,248469700.07140952
2025-01-01 00:46:01,243212565.4449619
2025-01-01 00:46:02,248922252.56120265
2025-01-01 00:46:03,246186574.446323
2025-01-01 00:46:04,252935150.96266356
2025-01-01 00:46:05,250774906.52715188
2025-01-01 00:46:06,247536785.20619723
2025-01-01 00:46:07,252653578.8582114
2025-01-01 00:46:08,246023975.8703915
2025-01-01 00:46:09,247511286.99086165
2025-01-01 00:46:10,251813327.83149856
2025-01-01 00:46:11,253544165.70368448
2025-01-01 00:46:12,256286219.56052074
2025-01-01 00:46:13,251328723.44126645
2025-01-01 00:46:14,252621428.79668772
2025-01-01 00:46:15,245797296.58353516
2025-01-01 00:46:16,251539692.85096854
2025-01-01 00:46:17,249871124.5824702
2025-01-01 00:46:18,255531313.84861717
2025-01-01 00:46:19,250725968.76129818
2025-01-01 00:46:20,244613996.4942654
2025-01-01 00:46:21,247438094.24902475
2025-01-01 00:46:22,254123958.8530384
2025-01-01 00:46:23,252331277.5818913
2025-01-01 00:46:24,250380623.70750275
2025-01-01 00:46:25,254467529.3408536
2025-01-01 00:46:26,245668569.7937528
2025-01-01 00:46:27,247569784.33222502
2025-01-01 00:46:28,248965306.87036738
2025-01-01 00:46:29,250616741.32115695
2025-01-01 00:46:30,251725504.68794316
2025-01-01 00:46:31,247363850.71573567
2025-01-01 00:46:32,244497411.74774364
2025-01-01 00:46:33,243454595.69456217
2025-01-01 00:46:34,254514911.15343744
2025-01-01 00:46:35,249584707.82637095
2025-01-01 00:46:36,247886144.97592562
2025-01-01 00:46:37,244965628.78679878
2025-01-01 00:46:38,246026409.58127585
2025-01-01 00:46:39,252255561.769266
2025-01-01 00:46:40,252874927.56707343
2025-01-01 00:46:41,247802481.20390114
2025-01-01 00:46:42,245945704.5905133
2025-01-01 00:46:43,247965724.90212747
2025-01-01 00:46:44,249368832.81825066
2025-01-01 00:46:45,248652729.7938942
2025-01-01 00:46:46,254741678.71178362
2025-01-01 00:46:47,254825628.09463525
2025-01-01 00:46:48,257211493.9319831
2025-01-01 00:46:49,260016733.59950793
2025-01-01 00:46:50,258175198.61001164
2025-01-01 00:46:51,254628702.40714118
2025-01-01 00:46:52,251401466.08327678
2025-01-01 00:46:53,248010380.95976445
2025-01-01 00:46:54,249939731.7293733
2025-01-01 00:46:55,248836777.8438992
2025-01-01 00:46:56,247540218.51126617
2025-01-01 00:46:57,249385679.44786426
2025-01-01 00:46:58,254717832.94214037
2025-01-01 00:46:59,248101476.7329116
2025-01-01 00:47:00,249573756.95074052
2025-01-01 00:47:01,251711397.3983278
2025-01-01 00:47:02,248434719.98960876
2025-01-01 00:47:03,250294626.7006264
2025-01-01 00:47:04,261111173.0411726
2025-01-01 00:47:05,257431612.38167614
2025-01-01 00:47:06,249343963.45623645
2025-01-01 00:47:07,252692136.89509434
2025-01-01 00:47:08,251759870.25503537
2025-01-01 00:47:09,253341506.99530482
2025-01-01 00:47:10,255057527.68990442
2025-01-01 00:47:11,253811206.3265089
2025-01-01 00:47:12,252357876.93815655
2025-01-01 00:47:13,251169312.43712452
2025-01-01 00:47:14,250483708.06930006
2025-01-01 00:47:15,252936870.4993085
2025-01-01 00:47:16,253768414.57621595
2025-01-01 00:47:17,253232177.14678368
2025-01-01 00:47:18,249442959.8447514
2025-01-01 00:47:19,251523783.45521948
2025-01-01 00:47:20,250932020.15891257
2025-01-01 00:47:21,244718051.3667181
2025-01-01 00:47:22,244137341.06460243
2025-01-01 00:47:23,244009009.0007766
2025-01-01 00:47:24,248134937.27801323
2025-01-01 00:47:25,247283145.9323693
2025-01-01 00:47:26,243998621.13238943
2025-01-01 00:47:27,246556942.20510215
2025-01-01 00:47:28,246711844.4001294
2025-01-01 00:47:29,250192159.7070914
2025-01-01 00:47:30,257512046.6258809
2025-01-01 00:47:31,248955726.90038306
2025-01-01 00:47:32,248775561.26111266
2025-01-01 00:47:33,253862380.53023225
2025-01-01 00:47:34,241369580.01719314
2025-01-01 00:47:35,250561681.36897305
2025-01-01 00:47:36,248377541.0207836
2025-01-01 00:47:37,245692307.01941752
2025-01-01 00:47:38,251598014.6112338
2025-01-01 00:47:39,246088603.38326395
2025-01-01 00:47:40,248288862.74473187
2025-01-01 00:47:41,245799761.97379348
2025-01-01 00:47:42,248040658.74135587
2025-01-01 00:47:43,246748463.30270112
2025-01-01 00:47:44,247921986.00016445
2025-01-01 00:47:45,255620681.79558948
2025-01-01 00:47:46,248748322.2823016
2025-01-01 00:47:47,253794531.79893106
2025-01-01 00:47:48,243040088.55999246
2025-01-01 00:47:49,249444633.54339722
2025-01-01 00:47:50,250180824.15408754
2025-01-01 00:47:51,250275733.47539693
2025-01-01 00:47:52,246435284.57283902
2025-01-01 00:47:53,251820123.7119283
2025-01-01 00:47:54,242180412.05957207
2025-01-01 00:47:55,245878648.28647617
2025-01-01 00:47:56,241832754.72938523
2025-01-01 00:47:57,244129272.5293206
2025-01-01 00:47:58,245290986.5944739
2025-01-01 00:47:59,250171318.27421826
2025-01-01 00:48:00,249730377.99781695
2025-01-01 00:48:01,251082956.08887193
2025-01-01 00:48:02,250121201.9884465
2025-01-01 00:48:03,248679631.03975263
2025-01-01 00:48:04,246008837.8801097
2025-01-01 00:48:05,246573917.5640042
2025-01-01 00:48:06,246673936.13081184
2025-01-01 00:48:07,248711205.98238757
2025-01-01 00:48:08,249023428.67581683
2025-01-01 00:48:09,246686206.016519
2025-01-01 00:48:10,246654301.00742468
2025-01-01 00:48:11,249508131.16302016
2025-01-01 00:48:12,249919766.10784557
2025-01-01 00:48:13,247517155.34775394
2025-01-01 00:48:14,249699774.55749267
2025-01-01 00:48:15,247170216.16814053
2025-01-01 00:48:16,250939145.56576964
2025-01-01 00:48:17,252374634.85293847
2025-01-01 00:48:18,254865504.79862761
2025-01-01 00:48:19,242807509.1490855
2025-01-01 00:48:20,245401484.00290763
2025-01-01 00:48:21,248520162.6129101
2025-01-01 00:48:22,251511967.20317376
2025-01-01 00:48:23,245289102.89837176
2025-01-01 00:48:24,250212536.78966877
2025-01-01 00:48:25,248236941.68628073
2025-01-01 00:48:26,250024044.2754539
2025-01-01 00:48:27,249978347.01889497
2025-01-01 00:48:28,255111412.6619159
2025-01-01 00:48:29,255598643.34761822
2025-01-01 00:48:30,259085886.43464145
2025-01-01 00:48:31,252590964.22308084
2025-01-01 00:48:32,252668405.24222654
2025-01-01 00:48:33,246528527.96095204
2025-01-01 00:48:34,245239618.96417996
2025-01-01 00:48:35,243713834.73701143
2025-01-01 00:48:36,243124703.24200103
2025-01-01 00:48:37,246516067.86854517
2025-01-01 00:48:38,248216799.15828872
2025-01-01 00:48:39,250062370.01355067
2025-01-01 00:48:40,249596704.8120856
2025-01-01 00:48:41,256132283.11734655
2025-01-01 00:48:42,248653270.324578
2025-01-01 00:48:43,248386866.368935
2025-01-01 00:48:44,248128120.44547126
2025-01-01 00:48:45,248630420.89636245
2025-01-01 00:48:46,251963143.443611
2025-01-01 00:48:47,251874599.63554192
2025-01-01 00:48:48,251358936.43056944
2025-01-01 00:48:49,254817583.53430724
2025-01-01 00:48:50,253185095.8217301
2025-01-01 00:48:51,255651633.4821481
2025-01-01 00:48:52,254981684.3004087
2025-01-01 00:48:53,248957514.4328587
2025-01-01 00:48:54,252637219.6580819
2025-01-01 00:48:55,254830435.1629331
2025-01-01 00:48:56,252213278.65023342
2025-01-01 00:48:57,251197799.55845478
2025-01-01 00:48:58,251583119.54802367
2025-01-01 00:48:59,246912569.1431168
2025-01-01 00:49:00,248339588.28859112
2025-01-01 00:49:01,246578266.7416447
2025-01-01 00:49:02,248455985.72327253
2025-01-01 00:49:03,242197164.01944697
2025-01-01 00:49:04,239691029.10759374
2025-01-01 00:49:05,243073047.12742233
2025-01-01 00:49:06,248471264.60493702
2025-01-01 00:49:07,251656103.44925427
2025-01-01 00:49:08,245887635.9817168
2025-01-01 00:49:09,248787950.8889364
2025-01-01 00:49:10,254531818.30701852
2025-01-01 00:49:11,254181708.21837294
2025-01-01 00:49:12,256298789.4882108
2025-01-01 00:49:13,254430693.04326355
2025-01-01 00:49:14,256691335.34399724
2025-01-01 00:49:15,252957713.8387699
2025-01-01 00:49:16,247082718.6674128
2025-01-01 00:49:17,255073571.3361114
2025-01-01 00:49:18,257450383.99117494
2025-01-01 00:49:19,251647786.2772258
2025-01-01 00:49:20,243872933.74086902
2025-01-01 00:49:21,244906725.348279
2025-01-01 00:49:22,251665548.0588647
2025-01-01 00:49:23,255728646.01198807
2025-01-01 00:49:24,249992204.15908623
2025-01-01 00:49:25,247581220.38521832
2025-01-01 00:49:26,245999104.8462075
2025-01-01 00:49:27,247699960.11189005
2025-01-01 00:49:28,249352553.32667613
2025-01-01 00:49:29,246139276.2113742
2025-01-01 00:49:30,249143541.3187337
2025-01-01 00:49:31,241305435.33346143
2025-01-01 00:49:32,244860652.43108213
2025-01-01 00:49:33,247682347.8709639
2025-01-01 00:49:34,244178654.1759552
2025-01-01 00:49:35,242563283.7891626
2025-01-01 00:49:36,248895118.1212269
2025-01-01 00:49:37,248010988.48905712
2025-01-01 00:49:38,253268768.61339998
2025-01-01 00:49:39,251904327.6309744
2025-01-01 00:49:40,254781156.84483147
2025-01-01 00:49:41,250388415.56979105
2025-01-01 00:49:42,254889304.28716868
2025-01-01 00:49:43,248700210.1018629
2025-01-01 00:49:44,252509133.73857975
2025-01-01 00:49:45,244507047.3534106
2025-01-01 00:49:46,244676168.6105301
2025-01-01 00:49:47,251865062.7353272
2025-01-01 00:49:48,252095619.8689628
2025-01-01 00:49:49,255123645.65532154
2025-01-01 00:49:50,252718369.46437088
2025-01-01 00:49:51,258528577.6874848
2025-01-01 00:49:52,254118564.9424715
2025-01-01 00:49:53,246667528.26073253
2025-01-01 00:49:54,253400435.87739637
2025-01-01 00:49:55,248380902.34361926
2025-01-01 00:49:56,251761280.91131932
2025-01-01 00:49:57,253346061.3001662
2025-01-01 00:49:58,252049664.5117719
2025-01-01 00:49:59,253352095.32055432
2025-01-01 00:50:00,254234331.29111117
2025-01-01 00:50:01,250544051.3335516
2025-01-01 00:50:02,247626892.31601188
2025-01-01 00:50:03,246362796.39172745
2025-01-01 00:50:04,253602697.29485482
2025-01-01 00:50:05,245569706.20160928
2025-01-01 00:50:06,245368268.79237652
2025-01-01 00:50:07,248155542.48105627
2025-01-01 00:50:08,252418413.93880895
2025-01-01 00:50:09,256773077.80226055
2025-01-01 00:50:10,251622639.01899496
2025-01-01 00:50:11,251751278.29928216
2025-01-01 00:50:12,247204889.63980687
2025-01-01 00:50:13,250950122.21916795
2025-01-01 00:50:14,247356918.56415677
2025-01-01 00:50:15,250108870.13259616
2025-01-01 00:50:16,250880019.2359954
2025-01-01 00:50:17,242280217.0484324
2025-01-01 00:50:18,241332870.55838218
2025-01-01 00:50:19,246643656.9543598
2025-01-01 00:50:20,244828163.4288801
2025-01-01 00:50:21,250473975.10931706
2025-01-01 00:50:22,251302786.0942284
2025-01-01 00:50:23,245299425.45233417
2025-01-01 00:50:24,251410696.54712918
2025-01-01 00:50:25,249701589.13911155
2025-01-01 00:50:26,243980211.74706763
2025-01-01 00:50:27,247484581.0293764
2025-01-01 00:50:28,244797864.46151456
2025-01-01 00:50:29,249989911.95573127
2025-01-01 00:50:30,244919468.15244
2025-01-01 00:50:31,247155279.61000088
2025-01-01 00:50:32,251022779.09498206
2025-01-01 00:50:33,253121921.77287942
2025-01-01 00:50:34,250729120.3988134
2025-01-01 00:50:35,254628619.26452297
2025-01-01 00:50:36,257333194.376929
2025-01-01 00:50:37,253738460.67608202
2025-01-01 00:50:38,256339960.16687024
2025-01-01 00:50:39,251768239.6896712
2025-01-01 00:50:40,249734328.28526255
2025-01-01 00:50:41,246879661.86197674
2025-01-01 00:50:42,249105856.9244601
2025-01-01 00:50:43,249475420.51310983
2025-01-01 00:50:44,255383045.2895586
2025-01-01 00:50:45,253873173.4435546
2025-01-01 00:50:46,255135540.81814164
2025-01-01 00:50:47,258092656.72142327
2025-01-01 00:50:48,253798871.15476504
2025-01-01 00:50:49,256807408.92014864
2025-01-01 00:50:50,254733014.9389145
2025-01-01 00:50:51,254862734.11603862
2025-01-01 00:50:52,254048572.53385627
2025-01-01 00:50:53,252772937.53018194
2025-01-01 00:50:54,252108440.42876306
2025-01-01 00:50:55,253002235.7038065
2025-01-01 00:50:56,250714323.96329054
2025-01-01 00:50:57,252658584.22352403
2025-01-01 00:50:58,241529354.7755491
2025-01-01 00:50:59,253065454.1821086
2025-01-01 00:51:00,251531059.19755536
2025-01-01 00:51:01,252909666.35932773
2025-01-01 00:51:02,250924499.33713034
2025-01-01 00:51:03,245282067.94457582
2025-01-01 00:51:04,250465181.86776212
2025-01-01 00:51:05,247496260.5318292
2025-01-01 00:51:06,246862813.87740108
2025-01-01 00:51:07,251428074.40199384
2025-01-01 00:51:08,247098100.37871784
2025-01-01 00:51:09,249454325.2363974
2025-01-01 00:51:10,250073930.34773257
2025-01-01 00:51:11,247691082.44293785
2025-01-01 00:51:12,253424299.92187408
2025-01-01 00:51:13,250185623.6962085
2025-01-01 00:51:14,246423278.35416153
2025-01-01 00:51:15,246541521.15580747
2025-01-01 00:51:16,243482790.5689949
2025-01-01 00:51:17,247796359.00881523
2025-01-01 00:51:18,245587283.6300432
2025-01-01 00:51:19,244838043.06337106
2025-01-01 00:51:20,245064979.07425365
2025-01-01 00:51:21,239686812.49503106
2025-01-01 00:51:22,247838676.68752736
2025-01-01 00:51:23,250046267.81686467
2025-01-01 00:51:24,249339663.42124677
2025-01-01 00:51:25,248377586.14087078
2025-01-01 00:51:26,247150891.37230825
2025-01-01 00:51:27,241940461.5008357
2025-01-01 00:51:28,243647146.34233952
2025-01-01 00:51:29,244981942.76718915
2025-01-01 00:51:30,244632627.16220015
2025-01-01 00:51:31,242683819.5158507
2025-01-01 00:51:32,248267449.92149496
2025-01-01 00:51:33,249934182.33341935
2025-01-01 00:51:34,253208689.6135852
2025-01-01 00:51:35,244688789.25064608
2025-01-01 00:51:36,240383382.577043
2025-01-01 00:51:37,241434776.68543482
2025-01-01 00:51:38,246999582.48912024
2025-01-01 00:51:39,248587349.98778754
2025-01-01 00:51:40,247065986.9107467
2025-01-01 00:51:41,246287801.05718124
2025-01-01 00:51:42,242505601.2671148
2025-01-01 00:51:43,241671400.31461167
2025-01-01 00:51:44,244751224.67287746
2025-01-01 00:51:45,247741100.64642856
2025-01-01 00:51:46,244894215.66880402
2025-01-01 00:51:47,246952787.24028593
2025-01-01 00:51:48,245427011.3890816
2025-01-01 00:51:49,242315353.1340199
2025-01-01 00:51:50,246076126.78920987
2025-01-01 00:51:51,242293733.74425268
2025-01-01 00:51:52,245919601.03435123
2025-01-01 00:51:53,244308302.3810841
2025-01-01 00:51:54,243952832.9127411
2025-01-01 00:51:55,251204401.61974466
2025-01-01 00:51:56,251470387.2799146
2025-01-01 00:51:57,242933238.45525584
2025-01-01 00:51:58,249220533.92811403
2025-01-01 00:51:59,244123132.4314017
2025-01-01 00:52:00,239110398.56895968
2025-01-01 00:52:01,236718660.3188129
2025-01-01 00:52:02,241663639.8360979
2025-01-01 00:52:03,247624299.7992181
2025-01-01 00:52:04,245531073.04433024
2025-01-01 00:52:05,242114876.3865208
2025-01-01 00:52:06,248291054.61434937
2025-01-01 00:52:07,244166697.14865065
2025-01-01 00:52:08,241366281.4458712
2025-01-01 00:52:09,249736565.69707873
2025-01-01 00:52:10,254804770.46635905
2025-01-01 00:52:11,251729966.29853877
2025-01-01 00:52:12,258827031.6492567
2025-01-01 00:52:13,253811032.97137815
2025-01-01 00:52:14,253690093.32892483
2025-01-01 00:52:15,252310626.29585722
2025-01-01 00:52:16,250113574.21260345
2025-01-01 00:52:17,251208586.53511322
2025-01-01 00:52:18,248995370.95305005
2025-01-01 00:52:19,244915257.14295268
2025-01-01 00:52:20,247828504.3734859
2025-01-01 00:52:21,245778295.6029687
2025-01-01 00:52:22,244423792.61039105
2025-01-01 00:52:23,250853349.8366678
2025-01-01 00:52:24,249717858.64606273
2025-01-01 00:52:25,255121445.00649357
2025-01-01 00:52:26,253222498.7034697
2025-01-01 00:52:27,257668370.35442087
2025-01-01 00:52:28,255470255.15401947
2025-01-01 00:52:29,254991790.40684384
2025-01-01 00:52:30,255505855.9309309
2025-01-01 00:52:31,248489009.12942463
2025-01-01 00:52:32,250107034.44035244
2025-01-01 00:52:33,245764784.1578423
2025-01-01 00:52:34,247496978.30697322
2025-01-01 00:52:35,244999327.5480997
2025-01-01 00:52:36,244434910.74627945
2025-01-01 00:52:37,241637475.38897815
2025-01-01 00:52:38,241725950.87408262
2025-01-01 00:52:39,249326157.7975236
2025-01-01 00:52:40,248270543.12245083
2025-01-01 00:52:41,242141362.07872206
2025-01-01 00:52:42,250825246.82877374
2025-01-01 00:52:43,246372834.09074098
2025-01-01 00:52:44,241857237.3997963
2025-01-01 00:52:45,243538097.7549662
2025-01-01 00:52:46,248738213.88552642
2025-01-01 00:52:47,253359216.96255627
2025-01-01 00:52:48,254873839.83669814
2025-01-01 00:52:49,250767649.39114174
2025-01-01 00:52:50,250630923.19529414
2025-01-01 00:52:51,250782561.67945164
2025-01-01 00:52:52,257888538.86789048
2025-01-01 00:52:53,253712433.82740384
2025-01-01 00:52:54,247274375.11925837
2025-01-01 00:52:55,258995648.72286648
2025-01-01 00:52:56,250818369.41598293
2025-01-01 00:52:57,249530820.77246836
2025-01-01 00:52:58,246459452.71174288
2025-01-01 00:52:59,243050489.2590743
2025-01-01 00:53:00,248751865.50024182
2025-01-01 00:53:01,247541274.6575671
2025-01-01 00:53:02,248425570.62931928
2025-01-01 00:53:03,248783237.60717103
2025-01-01 00:53:04,255554092.29897577
2025-01-01 00:53:05,254879074.92996463
2025-01-01 00:53:06,253839690.30903292
2025-01-01 00:53:07,252272347.9301976
2025-01-01 00:53:08,256218454.10388687
2025-01-01 00:53:09,254718687.3608489
2025-01-01 00:53:10,249825319.170438
2025-01-01 00:53:11,246688255.46634117
2025-01-01 00:53:12,249398109.972763
2025-01-01 00:53:13,249389221.6886661
2025-01-01 00:53:14,246141632.78852448
2025-01-01 00:53:15,247146624.92608294
2025-01-01 00:53:16,249073813.37869766
2025-01-01 00:53:17,252416792.16735974
2025-01-01 00:53:18,254031768.22448722
2025-01-01 00:53:19,250730830.87252373
2025-01-01 00:53:20,251926858.1660972
2025-01-01 00:53:21,250166104.24898908
2025-01-01 00:53:22,252556848.62460113
2025-01-01 00:53:23,251524815.7633946
2025-01-01 00:53:24,254635791.82522517
2025-01-01 00:53:25,250726943.44788578
2025-01-01 00:53:26,259633172.13862956
2025-01-01 00:53:27,259004176.6673744
2025-01-01 00:53:28,255954464.3882796
2025-01-01 00:53:29,256264593.35182336
2025-01-01 00:53:30,258523149.59979504
2025-01-01 00:53:31,252975214.2001348
2025-01-01 00:53:32,252325558.77302456
2025-01-01 00:53:33,259069946.80552134
2025-01-01 00:53:34,256601711.5340601
2025-01-01 00:53:35,249907458.17919242
2025-01-01 00:53:36,254665565.4221149
2025-01-01 00:53:37,250234368.77390215
2025-01-01 00:53:38,244242939.12039593
2025-01-01 00:53:39,251143136.1949749
2025-01-01 00:53:40,257013431.13521853
2025-01-01 00:53:41,255378955.75124913
2025-01-01 00:53:42,250347149.51054412
2025-01-01 00:53:43,248444064.4323413
2025-01-01 00:53:44,248487488.912318
2025-01-01 00:53:45,245619324.73011985
2025-01-01 00:53:46,243789067.04022983
2025-01-01 00:53:47,250903653.43384293
2025-01-01 00:53:48,245789578.42189494
2025-01-01 00:53:49,250896626.16928354
2025-01-01 00:53:50,250597210.7289158
2025-01-01 00:53:51,251531685.24465764
2025-01-01 00:53:52,251016921.40941986
2025-01-01 00:53:53,256622390.95863014
2025-01-01 00:53:54,255174902.2640256
2025-01-01 00:53:55,260402756.19709975
2025-01-01 00:53:56,258350321.38459066
2025-01-01 00:53:57,251914887.00231093
2025-01-01 00:53:58,256583758.26013115
2025-01-01 00:53:59,257839269.68640208
2025-01-01 00:54:00,258439879.3802429
2025-01-01 00:54:01,258461113.95836532
2025-01-01 00:54:02,258408985.67402565
2025-01-01 00:54:03,258378952.01452738
2025-01-01 00:54:04,252931480.47204432
2025-01-01 00:54:05,252630865.0889091
2025-01-01 00:54:06,253514360.8282724
2025-01-01 00:54:07,254611958.59083727
2025-01-01 00:54:08,250220775.1145711
2025-01-01 00:54:09,255848738.8799922
2025-01-01 00:54:10,253812508.15313205
2025-01-01 00:54:11,252544274.6426611
2025-01-01 00:54:12,254922765.25075385
2025-01-01 00:54:13,255025503.91992462
2025-01-01 00:54:14,253491784.759442
2025-01-01 00:54:15,247169466.08522084
2025-01-01 00:54:16,251401398.6997352
2025-01-01 00:54:17,248600733.898254
2025-01-01 00:54:18,253702947.68681243
2025-01-01 00:54:19,253364294.11831796
2025-01-01 00:54:20,256339840.09724736
2025-01-01 00:54:21,253359271.97819182
2025-01-01 00:54:22,251793615.03190967
2025-01-01 00:54:23,255020871.280974
2025-01-01 00:54:24,257832848.67891416
2025-01-01 00:54:25,258025850.55010286
2025-01-01 00:54:26,258363430.6284307
2025-01-01 00:54:27,257753457.73734397
2025-01-01 00:54:28,253651142.22919375
2025-01-01 00:54:29,253672687.38203984
2025-01-01 00:54:30,250065359.82269043
2025-01-01 00:54:31,245878679.68485898
2025-01-01 00:54:32,255239857.60930237
2025-01-01 00:54:33,251828196.2108508
2025-01-01 00:54:34,255170373.35318264
2025-01-01 00:54:35,256088197.5786451
2025-01-01 00:54:36,250384409.40460578
2025-01-01 00:54:37,246421134.23132423
2025-01-01 00:54:38,246392957.76037717
2025-01-01 00:54:39,251983194.93138844
2025-01-01 00:54:40,255603249.6136113
2025-01-01 00:54:41,254727890.2263288
2025-01-01 00:54:42,247944957.76047415
2025-01-01 00:54:43,248846737.08512992
2025-01-01 00:54:44,247624941.5870552
2025-01-01 00:54:45,249876124.17050922
2025-01-01 00:54:46,248551222.01757786
2025-01-01 00:54:47,246711817.93574077
2025-01-01 00:54:48,245392447.49132878
2025-01-01 00:54:49,244123998.6695555
2025-01-01 00:54:50,249797004.78174937
2025-01-01 00:54:51,252016109.3897673
2025-01-01 00:54:52,244858047.14076722
2025-01-01 00:54:53,247004392.37032288
2025-01-01 00:54:54,239770778.38276136
2025-01-01 00:54:55,248769101.23683137
2025-01-01 00:54:56,250565159.20579976
2025-01-01 00:54:57,253597327.88585597
2025-01-01 00:54:58,250447614.0901329
2025-01-01 00:54:59,252626564.06796214
2025-01-01 00:55:00,252659001.84914562
2025-01-01 00:55:01,258299896.49282742
2025-01-01 00:55:02,256449900.5682087
2025-01-01 00:55:03,260209861.30549908
2025-01-01 00:55:04,257950515.68676445
2025-01-01 00:55:05,254454935.4474543
2025-01-01 00:55:06,253806091.9431755
2025-01-01 00:55:07,252930327.22178668
2025-01-01 00:55:08,252321039.55020967
2025-01-01 00:55:09,248925517.50462735
2025-01-01 00:55:10,242919560.09915885
2025-01-01 00:55:11,244361210.7068875
2025-01-01 00:55:12,243519316.4385082
2025-01-01 00:55:13,250600087.71718276
2025-01-01 00:55:14,247236474.48870224
2025-01-01 00:55:15,243730566.47252133
2025-01-01 00:55:16,243583990.85519433
2025-01-01 00:55:17,243036596.86717355
2025-01-01 00:55:18,245977558.1238532
2025-01-01 00:55:19,239263896.82249963
2025-01-01 00:55:20,245278108.46526882
2025-01-01 00:55:21,250862878.03482902
2025-01-01 00:55:22,247421343.10844222
2025-01-01 00:55:23,253977003.0754812
2025-01-01 00:55:24,248949568.41759858
2025-01-01 00:55:25,242829551.91654354
2025-01-01 00:55:26,244838091.06245872
2025-01-01 00:55:27,240154187.99146527
2025-01-01 00:55:28,238954376.11348915
2025-01-01 00:55:29,240388362.903484
2025-01-01 00:55:30,245355219.55056947
2025-01-01 00:55:31,245973132.56845474
2025-01-01 00:55:32,251790496.4709119
2025-01-01 00:55:33,243193835.6683222
2025-01-01 00:55:34,244471539.66495624
2025-01-01 00:55:35,248084276.2053817
2025-01-01 00:55:36,249523862.7215449
2025-01-01 00:55:37,252252279.48560405
2025-01-01 00:55:38,242842629.68444863
2025-01-01 00:55:39,245013403.8726751
2025-01-01 00:55:40,244760248.58587196
2025-01-01 00:55:41,247761813.00617418
2025-01-01 00:55:42,249354098.0989237
2025-01-01 00:55:43,247033995.1665869
2025-01-01 00:55:44,253950252.24039772
2025-01-01 00:55:45,253046740.75032744
2025-01-01 00:55:46,250613521.96916506
2025-01-01 00:55:47,253960403.86239293
2025-01-01 00:55:48,250050354.99879432
2025-01-01 00:55:49,250206400.57617176
2025-01-01 00:55:50,249434041.71878955
2025-01-01 00:55:51,254668119.3275531
2025-01-01 00:55:52,252375379.04238388
2025-01-01 00:55:53,256334446.3077442
2025-01-01 00:55:54,252650189.00470886
2025-01-01 00:55:55,253986727.41949895
2025-01-01 00:55:56,254636323.39740115
2025-01-01 00:55:57,256614541.5820306
2025-01-01 00:55:58,255167625.56295088
2025-01-01 00:55:59,254923830.06955698
2025-01-01 00:56:00,252823049.1976474
2025-01-01 00:56:01,248752414.5057073
2025-01-01 00:56:02,246799313.89521062
2025-01-01 00:56:03,252495095.66463667
2025-01-01 00:56:04,247777199.10700944
2025-01-01 00:56:05,248195881.67363146
2025-01-01 00:56:06,252257465.885702
2025-01-01 00:56:07,256493295.61791092
2025-01-01 00:56:08,249373106.98619378
2025-01-01 00:56:09,248850333.78698608
2025-01-01 00:56:10,254557676.34312952
2025-01-01 00:56:11,255693725.1470217
2025-01-01 00:56:12,250216206.00526103
2025-01-01 00:56:13,248761201.0846242
2025-01-01 00:56:14,251719796.18269143
2025-01-01 00:56:15,252441756.80796933
2025-01-01 00:56:16,254840385.02362454
2025-01-01 00:56:17,255309868.78921613
2025-01-01 00:56:18,254580779.92441484
2025-01-01 00:56:19,250923185.00883812
2025-01-01 00:56:20,251124752.23080674
2025-01-01 00:56:21,254277865.8618213
2025-01-01 00:56:22,249459691.90919685
2025-01-01 00:56:23,254221331.61975944
2025-01-01 00:56:24,257638169.14946437
2025-01-01 00:56:25,254982487.32281992
2025-01-01 00:56:26,249636886.32498088
2025-01-01 00:56:27,254311536.0566235
2025-01-01 00:56:28,260377382.84796843
2025-01-01 00:56:29,254433359.22377083
2025-01-01 00:56:30,252955979.97994265
2025-01-01 00:56:31,251221367.9296383
2025-01-01 00:56:32,252306171.9401917
2025-01-01 00:56:33,253806949.2848308
2025-01-01 00:56:34,249815416.48005942
2025-01-01 00:56:35,255518686.27536488
2025-01-01 00:56:36,262125502.39287156
2025-01-01 00:56:37,263407260.12725055
2025-01-01 00:56:38,260408721.7270476
2025-01-01 00:56:39,252597184.11707172
2025-01-01 00:56:40,251428567.4764824
2025-01-01 00:56:41,260095969.31570148
2025-01-01 00:56:42,254865653.40764308
2025-01-01 00:56:43,253405530.32099843
2025-01-01 00:56:44,255161696.5252406
2025-01-01 00:56:45,254234860.39958197
2025-01-01 00:56:46,254293532.8418771
2025-01-01 00:56:47,253273950.23637792
2025-01-01 00:56:48,259366635.96229663
2025-01-01 00:56:49,254962311.2276072
2025-01-01 00:56:50,253203034.9551919
2025-01-01 00:56:51,251156415.77333555
2025-01-01 00:56:52,248428678.0841967
2025-01-01 00:56:53,249107284.40827325
2025-01-01 00:56:54,245313647.8324732
2025-01-01 00:56:55,253331027.68811658
2025-01-01 00:56:56,255087631.10752398
2025-01-01 00:56:57,253993263.17676923
2025-01-01 00:56:58,247838876.45775077
2025-01-01 00:56:59,248062339.22875753
2025-01-01 00:57:00,252731714.1072399
2025-01-01 00:57:01,246803605.29242307
2025-01-01 00:57:02,243654413.8947761
2025-01-01 00:57:03,241688026.71750972
2025-01-01 00:57:04,246486790.3546533
2025-01-01 00:57:05,252723233.2095523
2025-01-01 00:57:06,251165641.29586595
2025-01-01 00:57:07,251004317.54281044
2025-01-01 00:57:08,248104392.09377137
2025-01-01 00:57:09,250355010.66854113
2025-01-01 00:57:10,251523771.8459857
2025-01-01 00:57:11,254471587.79238725
2025-01-01 00:57:12,257264254.43656036
2025-01-01 00:57:13,254443370.23964226
2025-01-01 00:57:14,251318911.36447576
2025-01-01 00:57:15,254838248.15921435
2025-01-01 00:57:16,254019467.35877663
2025-01-01 00:57:17,254820158.1767903
2025-01-01 00:57:18,256160429.7322983
2025-01-01 00:57:19,255813107.46109056
2025-01-01 00:57:20,254114121.2728212
2025-01-01 00:57:21,252838083.3826236
2025-01-01 00:57:22,251764743.77766818
2025-01-01 00:57:23,252068080.71642944
2025-01-01 00:57:24,253930814.85275933
2025-01-01 00:57:25,259383242.61818117
2025-01-01 00:57:26,256386913.55827314
2025-01-01 00:57:27,253714307.44699636
2025-01-01 00:57:28,249452161.8012991
2025-01-01 00:57:29,254905044.64859897
2025-01-01 00:57:30,251771109.52199656
2025-01-01 00:57:31,255919426.0548443
2025-01-01 00:57:32,247023811.09894213
2025-01-01 00:57:33,245801019.08513644
2025-01-01 00:57:34,243564870.35852978
2025-01-01 00:57:35,243948238.99111134
2025-01-01 00:57:36,245800384.07487154
2025-01-01 00:57:37,242519115.1613426
2025-01-01 00:57:38,248668055.09995538
2025-01-01 00:57:39,252769055.45644695
2025-01-01 00:57:40,244452435.2113067
2025-01-01 00:57:41,246481207.6972471
2025-01-01 00:57:42,244714575.74050373
2025-01-01 00:57:43,247114854.5240153
2025-01-01 00:57:44,248398377.75823936
2025-01-01 00:57:45,249087350.2587774
2025-01-01 00:57:46,246985245.17373016
2025-01-01 00:57:47,252121875.084385
2025-01-01 00:57:48,257100325.7497914
2025-01-01 00:57:49,251036187.39482045
2025-01-01 00:57:50,252945771.74386904
2025-01-01 00:57:51,250185979.16438693
2025-01-01 00:57:52,259919344.1847501
2025-01-01 00:57:53,253510678.22962204
2025-01-01 00:57:54,251950286.79073083
2025-01-01 00:57:55,259550274.7803457
2025-01-01 00:57:56,250081839.66948628
2025-01-01 00:57:57,254727874.21500835
2025-01-01 00:57:58,253953406.72527847
2025-01-01 00:57:59,252423530.90769485
2025-01-01 00:58:00,249098216.75267723
2025-01-01 00:58:01,253325591.37227508
2025-01-01 00:58:02,250549258.35942823
2025-01-01 00:58:03,252983815.13023743
2025-01-01 00:58:04,252799309.61235142
2025-01-01 00:58:05,248858516.6612702
2025-01-01 00:58:06,250970399.9742992
2025-01-01 00:58:07,250479466.8188324
2025-01-01 00:58:08,255126574.1897796
2025-01-01 00:58:09,246753937.58987457
2025-01-01 00:58:10,245617071.27550927
2025-01-01 00:58:11,246023249.41579035
2025-01-01 00:58:12,246938765.24060714
2025-01-01 00:58:13,247108076.59864166
2025-01-01 00:58:14,245358158.8062666
2025-01-01 00:58:15,254313914.24420235
2025-01-01 00:58:16,250397550.24077475
2025-01-01 00:58:17,251969432.04264107
2025-01-01 00:58:18,252931965.57497278
2025-01-01 00:58:19,253476026.1362203
2025-01-01 00:58:20,250529200.1352841
2025-01-01 00:58:21,241507578.78067634
2025-01-01 00:58:22,241642487.99281448
2025-01-01 00:58:23,248881363.350637
2025-01-01 00:58:24,249317637.44132832
2025-01-01 00:58:25,251746981.23618147
2025-01-01 00:58:26,255279597.0811817
2025-01-01 00:58:27,248139115.9720506
2025-01-01 00:58:28,246968515.43981802
2025-01-01 00:58:29,247426743.70217675
2025-01-01 00:58:30,244027814.17467532
2025-01-01 00:58:31,247768168.4350173
2025-01-01 00:58:32,242318358.073921
2025-01-01 00:58:33,244172851.28932235
2025-01-01 00:58:34,247757031.19015816
2025-01-01 00:58:35,248576475.68142146
2025-01-01 00:58:36,247216243.470717
2025-01-01 00:58:37,238069398.99704322
2025-01-01 00:58:38,246436516.91905415
2025-01-01 00:58:39,249758018.00078171
2025-01-01 00:58:40,250456625.55948228
2025-01-01 00:58:41,248277738.63724223
2025-01-01 00:58:42,254888328.94015878
2025-01-01 00:58:43,251312760.9306216
2025-01-01 00:58:44,249717011.93734363
2025-01-01 00:58:45,248335412.1285779
2025-01-01 00:58:46,249391541.54221022
2025-01-01 00:58:47,239361097.33631837
2025-01-01 00:58:48,243170012.4080703
2025-01-01 00:58:49,244807403.96748796
2025-01-01 00:58:50,253510590.99019584
2025-01-01 00:58:51,246660694.16960955
2025-01-01 00:58:52,240717832.08053648
2025-01-01 00:58:53,246038866.31660044
2025-01-01 00:58:54,247675168.39823294
2025-01-01 00:58:55,247656258.4322096
2025-01-01 00:58:56,249276213.8699509
2025-01-01 00:58:57,250754707.6989945
2025-01-01 00:58:58,242387844.58910596
2025-01-01 00:58:59,240591400.3629541
2025-01-01 00:59:00,243095437.6335976
2025-01-01 00:59:01,244941934.29427925
2025-01-01 00:59:02,251176724.16338882
2025-01-01 00:59:03,251285533.71137515
2025-01-01 00:59:04,249043910.95937717
2025-01-01 00:59:05,248747468.17079267
2025-01-01 00:59:06,245598714.9745365
2025-01-01 00:59:07,240042660.83640277
2025-01-01 00:59:08,241226634.55876046
2025-01-01 00:59:09,236537710.66122317
2025-01-01 00:59:10,239855319.10127157
2025-01-01 00:59:11,241366122.9415311
2025-01-01 00:59:12,242078124.7977734
2025-01-01 00:59:13,241479414.67151806
2025-01-01 00:59:14,247039517.8161116
2025-01-01 00:59:15,251189805.98116878
2025-01-01 00:59:16,245540485.86746284
2025-01-01 00:59:17,248779184.0891191
2025-01-01 00:59:18,247306876.13958663
2025-01-01 00:59:19,248807807.66382122
2025-01-01 00:59:20,249985632.22062013
2025-01-01 00:59:21,249199406.34714022
2025-01-01 00:59:22,250111087.5345412
2025-01-01 00:59:23,258908171.1748545
2025-01-01 00:59:24,256095790.64512673
2025-01-01 00:59:25,252688787.73546612
2025-01-01 00:59:26,254188507.01681003
2025-01-01 00:59:27,253895721.39300025
2025-01-01 00:59:28,251582700.58689323
2025-01-01 00:59:29,254359224.06873396
2025-01-01 00:59:30,249274372.2367536
2025-01-01 00:59:31,251724690.98088005
2025-01-01 00:59:32,249368780.4502192
2025-01-01 00:59:33,255605957.0937382
2025-01-01 00:59:34,248825085.97840887
2025-01-01 00:59:35,260529052.0202875
2025-01-01 00:59:36,259926868.47060123
2025-01-01 00:59:37,253902948.4466482
2025-01-01 00:59:38,259182701.33841953
2025-01-01 00:59:39,250283126.54297543
2025-01-01 00:59:40,249774800.88448554
2025-01-01 00:59:41,253606020.3581419
2025-01-01 00:59:42,255222139.14090708
2025-01-01 00:59:43,254099156.42666057
2025-01-01 00:59:44,248356037.99899128
2025-01-01 00:59:45,248087915.40779522
2025-01-01 00:59:46,244842447.9781529
2025-01-01 00:59:47,238759629.67806163
2025-01-01 00:59:48,242036198.03333732
2025-01-01 00:59:49,247902112.01986676
2025-01-01 00:59:50,250940869.71613523
2025-01-01 00:59:51,243776797.09969017
2025-01-01 00:59:52,245970600.57272574
2025-01-01 00:59:53,250820308.25873062
2025-01-01 00:59:54,251300868.18436757
2025-01-01 00:59:55,247200270.17389384
2025-01-01 00:59:56,255491736.71630752
2025-01-01 00:59:57,254465296.99392885
2025-01-01 00:59:58,252507114.47560525
2025-01-01 00:59:59,248328898.62722686
2025-01-01 01:00:00,247041925.60495448
2025-01-01 01:00:01,252895433.8195299
2025-01-01 01:00:02,244693700.31469408
2025-01-01 01:00:03,250913277.11633494
2025-01-01 01:00:04,251241572.93031704
2025-01-01 01:00:05,255826518.5573091
2025-01-01 01:00:06,251734955.72819546
2025-01-01 01:00:07,253838417.9676459
2025-01-01 01:00:08,250129674.8760178
2025-01-01 01:00:09,253713631.04525834
2025-01-01 01:00:10,251319454.60968426
2025-01-01 01:00:11,253368576.58825192
2025-01-01 01:00:12,251028574.2860542
2025-01-01 01:00:13,254289260.31678975
2025-01-01 01:00:14,255332974.16933373
2025-01-01 01:00:15,253347239.05810505
2025-01-01 01:00:16,253559449.4468619
2025-01-01 01:00:17,251342384.81604415
2025-01-01 01:00:18,248141002.58442476
2025-01-01 01:00:19,252065621.69677362
2025-01-01 01:00:20,252619045.9818836
2025-01-01 01:00:21,255017969.9514365
2025-01-01 01:00:22,252755939.88904122
2025-01-01 01:00:23,248883205.1951131
2025-01-01 01:00:24,252037896.4081833
2025-01-01 01:00:25,252488521.2224385
2025-01-01 01:00:26,253746812.39467236
2025-01-01 01:00:27,247897562.51169047
2025-01-01 01:00:28,258039198.032714
2025-01-01 01:00:29,256706520.2906315
2025-01-01 01:00:30,255578596.77575105
2025-01-01 01:00:31,253116470.30356106
2025-01-01 01:00:32,253549673.61745548
2025-01-01 01:00:33,251553912.78370872
2025-01-01 01:00:34,242929947.5458979
2025-01-01 01:00:35,251898708.11575475
2025-01-01 01:00:36,251764998.99740157
2025-01-01 01:00:37,253672206.8032791
2025-01-01 01:00:38,258653307.40181708
2025-01-01 01:00:39,255266794.2030721
2025-01-01 01:00:40,256209420.42423213
2025-01-01 01:00:41,254000728.97142854
2025-01-01 01:00:42,248222185.41037956
2025-01-01 01:00:43,245623482.58694145
2025-01-01 01:00:44,252576057.21209937
2025-01-01 01:00:45,253304867.65104342
2025-01-01 01:00:46,252981982.96782357
2025-01-01 01:00:47,248751141.48466128
2025-01-01 01:00:48,252357451.6420358
2025-01-01 01:00:49,251738303.6752467
2025-01-01 01:00:50,257359302.96376273
2025-01-01 01:00:51,257286040.95332277
2025-01-01 01:00:52,257660872.2611022
2025-01-01 01:00:53,253175252.22084442
2025-01-01 01:00:54,247846433.19284442
2025-01-01 01:00:55,245400140.55297253
2025-01-01 01:00:56,247577682.66745096
2025-01-01 01:00:57,250276233.53841
2025-01-01 01:00:58,253413813.19199717
2025-01-01 01:00:59,253130230.35235846
2025-01-01 01:01:00,256562632.84838223
2025-01-01 01:01:01,248988889.52830565
2025-01-01 01:01:02,251213011.52925798
2025-01-01 01:01:03,250666188.48409098
2025-01-01 01:01:04,249984838.78162006
2025-01-01 01:01:05,250898042.38849455
2025-01-01 01:01:06,248376433.98752835
2025-01-01 01:01:07,249830594.2466859
2025-01-01 01:01:08,244781646.55984437
2025-01-01 01:01:09,248531296.6641377
2025-01-01 01:01:10,249693568.8509334
2025-01-01 01:01:11,247790174.5321101
2025-01-01 01:01:12,244736754.16128343
2025-01-01 01:01:13,244327700.14980814
2025-01-01 01:01:14,249179998.8474445
2025-01-01 01:01:15,249575712.47792703
2025-01-01 01:01:16,251304174.29493308
2025-01-01 01:01:17,247917771.53917882
2025-01-01 01:01:18,249581028.12649712
2025-01-01 01:01:19,252629757.61588088
2025-01-01 01:01:20,250345243.49287996
2025-01-01 01:01:21,248054906.39199388
2025-01-01 01:01:22,248954867.79572
2025-01-01 01:01:23,247416400.27411494
2025-01-01 01:01:24,248694494.12920266
2025-01-01 01:01:25,244865488.5083688
2025-01-01 01:01:26,245063711.26997784
2025-01-01 01:01:27,248020043.81681037
2025-01-01 01:01:28,249920258.93434128
2025-01-01 01:01:29,256019284.47794124
2025-01-01 01:01:30,246237101.70708227
2025-01-01 01:01:31,253583022.97211185
2025-01-01 01:01:32,249716223.71801868
2025-01-01 01:01:33,253841892.7127709
2025-01-01 01:01:34,244870053.88217995
2025-01-01 01:01:35,244765162.03360415
2025-01-01 01:01:36,247800665.4177443
2025-01-01 01:01:37,246256212.22246763
2025-01-01 01:01:38,244151304.5036836
2025-01-01 01:01:39,246419222.04527736
2025-01-01 01:01:40,246812576.48351538
2025-01-01 01:01:41,245309448.213447
2025-01-01 01:01:42,252562657.64295676
2025-01-01 01:01:43,245438011.040103
2025-01-01 01:01:44,245535918.20824477
2025-01-01 01:01:45,251624113.69875646
2025-01-01 01:01:46,250223632.81632215
2025-01-01 01:01:47,248589327.54824263
2025-01-01 01:01:48,247770117.78986615
2025-01-01 01:01:49,248537342.6364804
2025-01-01 01:01:50,253077682.9464944
2025-01-01 01:01:51,250277681.62260872
2025-01-01 01:01:52,256348969.53944644
2025-01-01 01:01:53,252658484.3432338
2025-01-01 01:01:54,250085607.19190928
2025-01-01 01:01:55,252607592.69470146
2025-01-01 01:01:56,255517432.7586833
2025-01-01 01:01:57,254209182.79796478
2025-01-01 01:01:58,251439029.09155986
2025-01-01 01:01:59,250055037.14682618
2025-01-01 01:02:00,252314097.92521754
2025-01-01 01:02:01,252138437.1114018
2025-01-01 01:02:02,252973222.50986737
2025-01-01 01:02:03,246662817.6763934
2025-01-01 01:02:04,248076008.7000067
2025-01-01 01:02:05,246475734.63546905
2025-01-01 01:02:06,248266594.72765413
2025-01-01 01:02:07,250616379.8258158
2025-01-01 01:02:08,250189494.13908604
2025-01-01 01:02:09,254114464.47431627
2025-01-01 01:02:10,251257033.3866961
2025-01-01 01:02:11,248854193.34580457
2025-01-01 01:02:12,245180385.4836171
2025-01-01 01:02:13,246888460.19345874
2025-01-01 01:02:14,248077787.42388383
2025-01-01 01:02:15,247199332.82076862
2025-01-01 01:02:16,246697078.8591516
2025-01-01 01:02:17,246894401.49941584
2025-01-01 01:02:18,243534997.37908804
2025-01-01 01:02:19,242602227.56786516
2025-01-01 01:02:20,240147576.0555386
2025-01-01 01:02:21,244675915.35821792
2025-01-01 01:02:22,244784876.05892316
2025-01-01 01:02:23,247652495.21597162
2025-01-01 01:02:24,246503849.46144822
2025-01-01 01:02:25,247701950.47735888
2025-01-01 01:02:26,249078344.68362853
2025-01-01 01:02:27,252031902.90706062
2025-01-01 01:02:28,252776456.8310513
2025-01-01 01:02:29,250983549.3724295
2025-01-01 01:02:30,250155053.0641689
2025-01-01 01:02:31,247822844.3823082
2025-01-01 01:02:32,248946087.5841078
2025-01-01 01:02:33,241990189.00303236
2025-01-01 01:02:34,251286290.16840842
2025-01-01 01:02:35,247238880.79021436
2025-01-01 01:02:36,252234423.79962853
2025-01-01 01:02:37,248142746.071092
2025-01-01 01:02:38,249094567.84526902
2025-01-01 01:02:39,256827277.04726586
2025-01-01 01:02:40,249774654.00864366
2025-01-01 01:02:41,255577985.30403307
2025-01-01 01:02:42,246857876.40286344
2025-01-01 01:02:43,254867774.51030865
2025-01-01 01:02:44,250385070.6250987
2025-01-01 01:02:45,250249043.33535597
2025-01-01 01:02:46,249845478.77932164
2025-01-01 01:02:47,249361646.52936897
2025-01-01 01:02:48,248691842.27625918
2025-01-01 01:02:49,255623852.92726594
2025-01-01 01:02:50,250319110.347019
2025-01-01 01:02:51,250639176.57043657
2025-01-01 01:02:52,252512439.6122719
2025-01-01 01:02:53,251383100.55286548
2025-01-01 01:02:54,255820250.5866193
2025-01-01 01:02:55,252074462.87739277
2025-01-01 01:02:56,253960039.26008508
2025-01-01 01:02:57,251572284.49955165
2025-01-01 01:02:58,244855437.2651015
2025-01-01 01:02:59,250081119.82890567
2025-01-01 01:03:00,248818877.38231853
2025-01-01 01:03:01,248998527.09113747
2025-01-01 01:03:02,254691360.8025716
2025-01-01 01:03:03,253776502.46201393
2025-01-01 01:03:04,249177534.11081958
2025-01-01 01:03:05,249206351.0221251
2025-01-01 01:03:06,249731256.12899095
2025-01-01 01:03:07,254622931.57164004
2025-01-01 01:03:08,248352738.79510167
2025-01-01 01:03:09,247292540.3747513
2025-01-01 01:03:10,250155479.38990584
2025-01-01 01:03:11,253025516.69057176
2025-01-01 01:03:12,251404473.43640608
2025-01-01 01:03:13,250070744.60330752
2025-01-01 01:03:14,246337466.5940355
2025-01-01 01:03:15,251251009.0401538
2025-01-01 01:03:16,253560211.80621246
2025-01-01 01:03:17,251167054.07019255
2025-01-01 01:03:18,247855092.4069459
2025-01-01 01:03:19,245175612.60571802
2025-01-01 01:03:20,246248499.77265784
2025-01-01 01:03:21,244409797.5205286
2025-01-01 01:03:22,249293778.49794582
2025-01-01 01:03:23,249226170.33479127
2025-01-01 01:03:24,251867211.94155872
2025-01-01 01:03:25,253500007.80883512
2025-01-01 01:03:26,252081122.90494227
2025-01-01 01:03:27,252785301.84798455
2025-01-01 01:03:28,247055350.48097137
2025-01-01 01:03:29,250132042.2269182
2025-01-01 01:03:30,251074024.10224676
2025-01-01 01:03:31,250133861.77328175
2025-01-01 01:03:32,249095389.8873704
2025-01-01 01:03:33,249397710.74457166
2025-01-01 01:03:34,246433126.38813496
2025-01-01 01:03:35,252391633.88506222
2025-01-01 01:03:36,254402241.50070572
2025-01-01 01:03:37,253787716.56878233
2025-01-01 01:03:38,249789998.54992163
2025-01-01 01:03:39,245249582.3657846
2025-01-01 01:03:40,249956608.23881644
2025-01-01 01:03:41,244249967.27665257
2025-01-01 01:03:42,246889133.0892211
2025-01-01 01:03:43,246267520.25225598
2025-01-01 01:03:44,249422362.83219883
2025-01-01 01:03:45,245258140.7945854
2025-01-01 01:03:46,256183058.60432974
2025-01-01 01:03:47,246918428.99843958
2025-01-01 01:03:48,246893750.93845958
2025-01-01 01:03:49,245046824.69067028
2025-01-01 01:03:50,245158149.06680134
2025-01-01 01:03:51,244049850.27406564
2025-01-01 01:03:52,245915530.6147286
2025-01-01 01:03:53,249387959.7517962
2025-01-01 01:03:54,243260352.7886613
2025-01-01 01:03:55,243817730.69063455
2025-01-01 01:03:56,249189507.5364746
2025-01-01 01:03:57,246172634.3094424
2025-01-01 01:03:58,249707838.270916
2025-01-01 01:03:59,254610705.44685027
2025-01-01 01:04:00,244964825.59021387
2025-01-01 01:04:01,245296782.92546123
2025-01-01 01:04:02,246859764.30566007
2025-01-01 01:04:03,242630229.1427146
2025-01-01 01:04:04,242458818.1659883
2025-01-01 01:04:05,242415832.76599976
2025-01-01 01:04:06,251159010.20393267
2025-01-01 01:04:07,251369685.82879853
2025-01-01 01:04:08,252240954.27301744
2025-01-01 01:04:09,244773567.3827883
2025-01-01 01:04:10,246468491.8678322
2025-01-01 01:04:11,248720082.22020486
2025-01-01 01:04:12,256327353.43842795
2025-01-01 01:04:13,250698147.57362384
2025-01-01 01:04:14,248491199.1400377
2025-01-01 01:04:15,251821237.84456688
2025-01-01 01:04:16,253014823.72397733
2025-01-01 01:04:17,254416951.71420452
2025-01-01 01:04:18,255358941.98916775
2025-01-01 01:04:19,254023781.11622876
2025-01-01 01:04:20,253258162.59248132
2025-01-01 01:04:21,250862498.73873568
2025-01-01 01:04:22,245576578.38702834
2025-01-01 01:04:23,248209406.00927225
2025-01-01 01:04:24,252686310.43152073
2025-01-01 01:04:25,251712849.78121638
2025-01-01 01:04:26,248816973.74371287
2025-01-01 01:04:27,255344051.99776664
2025-01-01 01:04:28,256054974.03527442
2025-01-01 01:04:29,260412105.2127548
2025-01-01 01:04:30,262511119.82613385
2025-01-01 01:04:31,258755135.8779956
2025-01-01 01:04:32,250747829.01325488
2025-01-01 01:04:33,254657095.97629756
2025-01-01 01:04:34,256269383.4445645
2025-01-01 01:04:35,250678454.43392888
2025-01-01 01:04:36,252393362.64600933
2025-01-01 01:04:37,251723048.17308396
2025-01-01 01:04:38,254754715.81702003
2025-01-01 01:04:39,246896951.4917062
2025-01-01 01:04:40,245806815.98903903
2025-01-01 01:04:41,251400691.6418957
2025-01-01 01:04:42,243045116.69194835
2025-01-01 01:04:43,254151440.72463408
2025-01-01 01:04:44,249358095.65205362
2025-01-01 01:04:45,241674444.335521
2025-01-01 01:04:46,244509728.78063384
2025-01-01 01:04:47,245218599.54137927
2025-01-01 01:04:48,248840082.84447464
2025-01-01 01:04:49,248412797.14054325
2025-01-01 01:04:50,247494027.09008518
2025-01-01 01:04:51,250236689.77934903
2025-01-01 01:04:52,246609857.86536184
2025-01-01 01:04:53,247733722.21808678
2025-01-01 01:04:54,244141398.75373986
2025-01-01 01:04:55,247128965.07672668
2025-01-01 01:04:56,250447594.0559805
2025-01-01 01:04:57,251815383.41621944
2025-01-01 01:04:58,244623093.45770246
2025-01-01 01:04:59,244844546.81744227
2025-01-01 01:05:00,235532921.04898718
2025-01-01 01:05:01,251246287.99016136
2025-01-01 01:05:02,247881808.11967233
2025-01-01 01:05:03,246623047.56019786
2025-01-01 01:05:04,251711900.8631207
2025-01-01 01:05:05,251190839.81889617
2025-01-01 01:05:06,248574623.09123367
2025-01-01 01:05:07,250990036.14856428
2025-01-01 01:05:08,248562292.67157233
2025-01-01 01:05:09,249892293.98554653
2025-01-01 01:05:10,255050031.64332265
2025-01-01 01:05:11,256157664.50406227
2025-01-01 01:05:12,259211182.14099988
2025-01-01 01:05:13,250289043.74784088
2025-01-01 01:05:14,252216703.99542746
2025-01-01 01:05:15,248386301.02653587
2025-01-01 01:05:16,254841579.4654311
2025-01-01 01:05:17,249727233.19347006
2025-01-01 01:05:18,246398723.15219054
2025-01-01 01:05:19,251040494.47773468
2025-01-01 01:05:20,248871032.34925327
2025-01-01 01:05:21,248200370.66567785
2025-01-01 01:05:22,248482352.88884643
2025-01-01 01:05:23,250576328.27486122
2025-01-01 01:05:24,255120027.13778928
2025-01-01 01:05:25,255056164.69447887
2025-01-01 01:05:26,256970048.33878782
2025-01-01 01:05:27,252209982.91127035
2025-01-01 01:05:28,256385310.83027646
2025-01-01 01:05:29,257691128.53160822
2025-01-01 01:05:30,255721144.7745658
2025-01-01 01:05:31,253926423.84318334
2025-01-01 01:05:32,252182466.35957348
2025-01-01 01:05:33,252751355.85453427
2025-01-01 01:05:34,263872760.81316668
2025-01-01 01:05:35,257758091.73621655
2025-01-01 01:05:36,257962322.0180556
2025-01-01 01:05:37,255835503.6635503
2025-01-01 01:05:38,258179595.69359756
2025-01-01 01:05:39,251081090.40460205
2025-01-01 01:05:40,259049493.62556726
2025-01-01 01:05:41,258642213.33946806
2025-01-01 01:05:42,246442706.02419785
2025-01-01 01:05:43,253204060.37805423
2025-01-01 01:05:44,250986496.674549
2025-01-01 01:05:45,252882406.10183492
2025-01-01 01:05:46,248397399.08213687
2025-01-01 01:05:47,248909433.25563422
2025-01-01 01:05:48,250967208.9799915
2025-01-01 01:05:49,255786905.38271168
2025-01-01 01:05:50,252854329.70187047
2025-01-01 01:05:51,252676970.74492753
2025-01-01 01:05:52,253980798.25029162
2025-01-01 01:05:53,249833856.9448315
2025-01-01 01:05:54,245481906.6042537
2025-01-01 01:05:55,249228442.55304518
2025-01-01 01:05:56,250336746.12801406
2025-01-01 01:05:57,250961428.5450898
2025-01-01 01:05:58,251728409.76843235
2025-01-01 01:05:59,251012113.2663362
2025-01-01 01:06:00,251040035.88224623
2025-01-01 01:06:01,253705813.62410486
2025-01-01 01:06:02,253229212.1655446
2025-01-01 01:06:03,249732124.06934544
2025-01-01 01:06:04,247884490.7650455
2025-01-01 01:06:05,248017417.68422472
2025-01-01 01:06:06,251057341.94282195
2025-01-01 01:06:07,249168587.8187336
2025-01-01 01:06:08,253084965.76688322
2025-01-01 01:06:09,248818351.1562802
2025-01-01 01:06:10,254586219.25659555
2025-01-01 01:06:11,255917663.26725337
2025-01-01 01:06:12,254547086.54723617
2025-01-01 01:06:13,249271261.10585412
2025-01-01 01:06:14,252702699.05483747
2025-01-01 01:06:15,252011772.97975937
2025-01-01 01:06:16,250050177.88808346
2025-01-01 01:06:17,249596585.12971964
2025-01-01 01:06:18,248490065.72411054
2025-01-01 01:06:19,257926756.7708821
2025-01-01 01:06:20,259799394.07568783
2025-01-01 01:06:21,256605248.50363618
2025-01-01 01:06:22,253120185.81455323
2025-01-01 01:06:23,253693488.7675943
2025-01-01 01:06:24,249210968.67581308
2025-01-01 01:06:25,248897789.24911752
2025-01-01 01:06:26,250639063.49163517
2025-01-01 01:06:27,250566422.37865618
2025-01-01 01:06:28,245944637.600046
2025-01-01 01:06:29,247238107.86475316
2025-01-01 01:06:30,247952881.5894955
2025-01-01 01:06:31,248441491.48464203
2025-01-01 01:06:32,250400919.42864728
2025-01-01 01:06:33,250799739.00416827
2025-01-01 01:06:34,251496884.3296465
2025-01-01 01:06:35,255780831.87208813
2025-01-01 01:06:36,250615647.0875121
2025-01-01 01:06:37,250095319.83204123
2025-01-01 01:06:38,251082745.22032297
2025-01-01 01:06:39,246985787.98741165
2025-01-01 01:06:40,245073763.8945311
2025-01-01 01:06:41,249719029.5317978
2025-01-01 01:06:42,246357137.1317694
2025-01-01 01:06:43,246993301.05550689
2025-01-01 01:06:44,253210461.2767762
2025-01-01 01:06:45,250324833.4730224
2025-01-01 01:06:46,247733857.80500484
2025-01-01 01:06:47,246636994.63100874
2025-01-01 01:06:48,241887052.7930676
2025-01-01 01:06:49,241577117.8151217
2025-01-01 01:06:50,244699771.41392064
2025-01-01 01:06:51,250541408.0101982
2025-01-01 01:06:52,251992052.41073105
2025-01-01 01:06:53,252076940.63001326
2025-01-01 01:06:54,254258390.72347572
2025-01-01 01:06:55,247273264.68474713
2025-01-01 01:06:56,249191537.88855693
2025-01-01 01:06:57,255200365.35017243
2025-01-01 01:06:58,256974613.06884542
2025-01-01 01:06:59,250334334.0499523
2025-01-01 01:07:00,249909979.2841762
2025-01-01 01:07:01,251950301.17073292
2025-01-01 01:07:02,244284029.3543122
2025-01-01 01:07:03,243352206.0872974
2025-01-01 01:07:04,239098713.58620602
2025-01-01 01:07:05,241837408.3111494
2025-01-01 01:07:06,247149587.37366578
2025-01-01 01:07:07,249185312.2502498
2025-01-01 01:07:08,253641159.45023423
2025-01-01 01:07:09,256741304.23319456
2025-01-01 01:07:10,250951918.38744813
2025-01-01 01:07:11,251877873.38915586
2025-01-01 01:07:12,246612313.91012007
2025-01-01 01:07:13,248856547.37379628
2025-01-01 01:07:14,245933994.9298592
2025-01-01 01:07:15,243004750.91603675
2025-01-01 01:07:16,244818517.295912
2025-01-01 01:07:17,246891332.97513762
2025-01-01 01:07:18,247065825.33902928
2025-01-01 01:07:19,250691143.77426285
2025-01-01 01:07:20,248813960.5640663
2025-01-01 01:07:21,248993055.1894604
2025-01-01 01:07:22,244778357.1170612
2025-01-01 01:07:23,246424785.65811598
2025-01-01 01:07:24,245293894.88894686
2025-01-01 01:07:25,248800238.7025108
2025-01-01 01:07:26,244284252.77834412
2025-01-01 01:07:27,247072932.12709737
2025-01-01 01:07:28,243857581.5567683
2025-01-01 01:07:29,245310578.87660062
2025-01-01 01:07:30,248601528.7843611
2025-01-01 01:07:31,255825871.626319
2025-01-01 01:07:32,248174810.48443824
2025-01-01 01:07:33,253516913.33076724
2025-01-01 01:07:34,254348137.46339568
2025-01-01 01:07:35,248128349.60788494
2025-01-01 01:07:36,247195970.8052018
2025-01-01 01:07:37,246527442.9328374
2025-01-01 01:07:38,247520541.37392223
2025-01-01 01:07:39,246823403.9789568
2025-01-01 01:07:40,248778154.6672004
2025-01-01 01:07:41,251880689.3409319
2025-01-01 01:07:42,253899214.15995014
2025-01-01 01:07:43,251741748.485274
2025-01-01 01:07:44,252804222.27721283
2025-01-01 01:07:45,250110947.84223497
2025-01-01 01:07:46,255093896.25687072
2025-01-01 01:07:47,244802703.8328546
2025-01-01 01:07:48,241642894.35801038
2025-01-01 01:07:49,245466241.99829602
2025-01-01 01:07:50,245933330.51733044
2025-01-01 01:07:51,243381804.97071335
2025-01-01 01:07:52,247330318.47154325
2025-01-01 01:07:53,253452804.00526008
2025-01-01 01:07:54,244531380.08365113
2025-01-01 01:07:55,244743843.62305954
2025-01-01 01:07:56,250221996.6929515
2025-01-01 01:07:57,251652587.45191112
2025-01-01 01:07:58,249324610.28463423
2025-01-01 01:07:59,247768899.23552427
2025-01-01 01:08:00,254997625.49777916
2025-01-01 01:08:01,252589772.17991287
2025-01-01 01:08:02,253075706.9131505
2025-01-01 01:08:03,251788107.83901644
2025-01-01 01:08:04,253748418.06163022
2025-01-01 01:08:05,250921006.7381209
2025-01-01 01:08:06,252045215.46014622
2025-01-01 01:08:07,247330290.90158653
2025-01-01 01:08:08,246854670.39279047
2025-01-01 01:08:09,252837800.77941266
2025-01-01 01:08:10,251244730.2924975
2025-01-01 01:08:11,246770134.27511883
2025-01-01 01:08:12,247142895.85801634
2025-01-01 01:08:13,249524469.23198113
2025-01-01 01:08:14,245648224.9906521
2025-01-01 01:08:15,249695612.9414948
2025-01-01 01:08:16,246543451.7229851
2025-01-01 01:08:17,252752477.14399028
2025-01-01 01:08:18,251543260.02116796
2025-01-01 01:08:19,247103859.46509814
2025-01-01 01:08:20,251652750.99077553
2025-01-01 01:08:21,250044131.8279454
2025-01-01 01:08:22,255253396.9295082
2025-01-01 01:08:23,247708682.3012287
2025-01-01 01:08:24,249572776.12692904
2025-01-01 01:08:25,247731407.41122735
2025-01-01 01:08:26,245375592.7140137
2025-01-01 01:08:27,253258218.4636567
2025-01-01 01:08:28,244655680.00482562
2025-01-01 01:08:29,242813725.70607436
2025-01-01 01:08:30,241775495.61340764
2025-01-01 01:08:31,247885607.3963334
2025-01-01 01:08:32,246494099.58055732
2025-01-01 01:08:33,247262367.72739685
2025-01-01 01:08:34,242230254.8897269
2025-01-01 01:08:35,242622122.86288285
2025-01-01 01:08:36,239313497.49335185
2025-01-01 01:08:37,244425784.75017127
2025-01-01 01:08:38,246142636.6079968
2025-01-01 01:08:39,247429315.80026016
2025-01-01 01:08:40,245888875.12429845
2025-01-01 01:08:41,245257526.52226037
2025-01-01 01:08:42,242191375.15651527
2025-01-01 01:08:43,246700862.7192936
2025-01-01 01:08:44,242918924.29405198
2025-01-01 01:08:45,244014774.87445664
2025-01-01 01:08:46,243079597.15461493
2025-01-01 01:08:47,249112967.26970342
2025-01-01 01:08:48,254364398.53514004
2025-01-01 01:08:49,248420601.8218165
2025-01-01 01:08:50,246733664.35682964
2025-01-01 01:08:51,252404802.74962646
2025-01-01 01:08:52,247553622.12846738
2025-01-01 01:08:53,252724787.77179912
2025-01-01 01:08:54,248743276.3144352
2025-01-01 01:08:55,249763553.75859112
2025-01-01 01:08:56,246044914.31907627
2025-01-01 01:08:57,248606198.59638336
2025-01-01 01:08:58,242836273.54582587
2025-01-01 01:08:59,242090337.08083552
2025-01-01 01:09:00,246263451.709533
2025-01-01 01:09:01,255981202.61196983
2025-01-01 01:09:02,255902539.5444105
2025-01-01 01:09:03,253374297.47717124
2025-01-01 01:09:04,248448908.87343898
2025-01-01 01:09:05,252641219.8787657
2025-01-01 01:09:06,257755049.11388725
2025-01-01 01:09:07,250505917.38629827
2025-01-01 01:09:08,249905431.33405754
2025-01-01 01:09:09,249216224.41450107
2025-01-01 01:09:10,253773913.12038344
2025-01-01 01:09:11,255080851.23602176
2025-01-01 01:09:12,251436348.7207902
2025-01-01 01:09:13,254443891.8391379
2025-01-01 01:09:14,253811095.7069748
2025-01-01 01:09:15,252764395.93101624
2025-01-01 01:09:16,254713566.33243158
2025-01-01 01:09:17,251826223.18173525
2025-01-01 01:09:18,248321955.37345886
2025-01-01 01:09:19,245671221.6017231
2025-01-01 01:09:20,246010682.26876122
2025-01-01 01:09:21,238943259.71087256
2025-01-01 01:09:22,246197402.26330033
2025-01-01 01:09:23,239644458.00821978
2025-01-01 01:09:24,248088137.52544847
2025-01-01 01:09:25,246244079.1440813
2025-01-01 01:09:26,250680431.15694582
2025-01-01 01:09:27,241264615.66916895
2025-01-01 01:09:28,244918367.83580858
2025-01-01 01:09:29,246939456.63778868
2025-01-01 01:09:30,246765445.52888936
2025-01-01 01:09:31,238809159.10864952
2025-01-01 01:09:32,244947852.47311392
2025-01-01 01:09:33,242247555.38466614
2025-01-01 01:09:34,246541557.57095033
2025-01-01 01:09:35,244280940.6124461
2025-01-01 01:09:36,249557910.58885643
2025-01-01 01:09:37,245405646.633837
2025-01-01 01:09:38,236443818.54077256
2025-01-01 01:09:39,243485166.927685
2025-01-01 01:09:40,248023308.07670206
2025-01-01 01:09:41,251648353.08086094
2025-01-01 01:09:42,243658522.50413355
2025-01-01 01:09:43,240813792.70049456
2025-01-01 01:09:44,241261518.69283786
2025-01-01 01:09:45,247901678.98115942
2025-01-01 01:09:46,246175053.66304067
2025-01-01 01:09:47,241488183.99240008
2025-01-01 01:09:48,238653207.9593235
2025-01-01 01:09:49,239576923.84836262
2025-01-01 01:09:50,246173672.0970357
2025-01-01 01:09:51,242019776.75103536
2025-01-01 01:09:52,245591615.84778395
2025-01-01 01:09:53,245217467.99214453
2025-01-01 01:09:54,254736426.4056332
2025-01-01 01:09:55,250973200.5726346
2025-01-01 01:09:56,246208501.4986551
2025-01-01 01:09:57,245609799.72612858
2025-01-01 01:09:58,245479213.1907143
2025-01-01 01:09:59,251799021.91543987
2025-01-01 01:10:00,243928470.55740187
2025-01-01 01:10:01,240841876.3981581
2025-01-01 01:10:02,245809181.32551324
2025-01-01 01:10:03,248484586.9929777
2025-01-01 01:10:04,250603983.15868133
2025-01-01 01:10:05,251230545.48511118
2025-01-01 01:10:06,252456354.09060925
2025-01-01 01:10:07,256574771.8082348
2025-01-01 01:10:08,251266337.76244125
2025-01-01 01:10:09,250187864.8935908
2025-01-01 01:10:10,246651977.87522992
2025-01-01 01:10:11,250818212.61954975
2025-01-01 01:10:12,250527002.4095862
2025-01-01 01:10:13,246513009.42396212
2025-01-01 01:10:14,248926514.14902776
2025-01-01 01:10:15,246347875.48831627
2025-01-01 01:10:16,246894742.78545368
2025-01-01 01:10:17,248894922.2531337
2025-01-01 01:10:18,249886460.96995035
2025-01-01 01:10:19,245539241.1507155
2025-01-01 01:10:20,246121099.08921593
2025-01-01 01:10:21,248117856.643461
2025-01-01 01:10:22,246444854.87489146
2025-01-01 01:10:23,244677614.5749236
2025-01-01 01:10:24,240564343.2803963
2025-01-01 01:10:25,240428128.95844144
2025-01-01 01:10:26,240745422.65593573
2025-01-01 01:10:27,240827207.70009747
2025-01-01 01:10:28,246967005.6200339
2025-01-01 01:10:29,245306210.08844537
2025-01-01 01:10:30,248017431.03702393
2025-01-01 01:10:31,253284706.07999042
2025-01-01 01:10:32,253206185.96609166
2025-01-01 01:10:33,251435731.54728073
2025-01-01 01:10:34,242916732.18515733
2025-01-01 01:10:35,243941039.05336398
2025-01-01 01:10:36,243032250.8676454
2025-01-01 01:10:37,247386831.07774523
2025-01-01 01:10:38,251154578.77333847
2025-01-01 01:10:39,245583048.8102074
2025-01-01 01:10:40,249149730.49359468
2025-01-01 01:10:41,248284483.75981316
2025-01-01 01:10:42,250093498.0515358
2025-01-01 01:10:43,250043884.23061574
2025-01-01 01:10:44,253004217.2135845
2025-01-01 01:10:45,252965490.8758703
2025-01-01 01:10:46,250108464.22230226
2025-01-01 01:10:47,250386504.36003628
2025-01-01 01:10:48,249437228.7557535
2025-01-01 01:10:49,248611302.82785416
2025-01-01 01:10:50,246794996.59501562
2025-01-01 01:10:51,248617541.45590386
2025-01-01 01:10:52,242372544.70044172
2025-01-01 01:10:53,242211825.13728946
2025-01-01 01:10:54,244501555.78205067
2025-01-01 01:10:55,242492199.50466704
2025-01-01 01:10:56,252240149.93463242
2025-01-01 01:10:57,245190870.3103127
2025-01-01 01:10:58,253762945.10177648
2025-01-01 01:10:59,250267896.65449905
2025-01-01 01:11:00,246334260.19661146
2025-01-01 01:11:01,253523284.91918162
2025-01-01 01:11:02,251399010.19792888
2025-01-01 01:11:03,252717453.3822681
2025-01-01 01:11:04,250703954.7709628
2025-01-01 01:11:05,243250458.83452186
2025-01-01 01:11:06,253856417.1690423
2025-01-01 01:11:07,248690119.14411202
2025-01-01 01:11:08,249915401.7983519
2025-01-01 01:11:09,244594383.04114792
2025-01-01 01:11:10,246000169.49039218
2025-01-01 01:11:11,245950790.5065866
2025-01-01 01:11:12,245910233.93043178
2025-01-01 01:11:13,249059982.37081987
2025-01-01 01:11:14,243334550.3827568
2025-01-01 01:11:15,243730011.9362608
2025-01-01 01:11:16,247140076.00725016
2025-01-01 01:11:17,251538360.65082124
2025-01-01 01:11:18,249611873.65069872
2025-01-01 01:11:19,249169002.431232
2025-01-01 01:11:20,253893764.12089133
2025-01-01 01:11:21,249118449.85901916
2025-01-01 01:11:22,252617350.12883946
2025-01-01 01:11:23,253516163.1611545
2025-01-01 01:11:24,255002695.12293833
2025-01-01 01:11:25,255232798.1781682
2025-01-01 01:11:26,250963326.300237
2025-01-01 01:11:27,250817198.50221452
2025-01-01 01:11:28,250623361.58116886
2025-01-01 01:11:29,246833176.0773199
2025-01-01 01:11:30,249507522.90799028
2025-01-01 01:11:31,252107604.17522943
2025-01-01 01:11:32,254041745.43688986
2025-01-01 01:11:33,249719967.64349297
2025-01-01 01:11:34,252230533.82539728
2025-01-01 01:11:35,254396915.87325978
2025-01-01 01:11:36,250831471.1309804
2025-01-01 01:11:37,248646001.13261893
2025-01-01 01:11:38,251188932.45237905
2025-01-01 01:11:39,255799899.23322228
2025-01-01 01:11:40,249676963.25577435
2025-01-01 01:11:41,255232747.72617787
2025-01-01 01:11:42,250325071.63890478
2025-01-01 01:11:43,251644227.06970072
2025-01-01 01:11:44,251923332.93622687
2025-01-01 01:11:45,253079858.79564512
2025-01-01 01:11:46,249475675.86094102
2025-01-01 01:11:47,243631286.42520314
2025-01-01 01:11:48,248504575.1911557
2025-01-01 01:11:49,247806485.24126717
2025-01-01 01:11:50,249610228.27562737
2025-01-01 01:11:51,244348891.63492152
2025-01-01 01:11:52,248816811.29393837
2025-01-01 01:11:53,249046867.22658426
2025-01-01 01:11:54,250544563.6986269
2025-01-01 01:11:55,248346059.41020072
2025-01-01 01:11:56,248502301.29632565
2025-01-01 01:11:57,248250066.48085672
2025-01-01 01:11:58,250980410.38734117
2025-01-01 01:11:59,246295215.293866
2025-01-01 01:12:00,245939516.6438917
2025-01-01 01:12:01,253486659.7187911
2025-01-01 01:12:02,250002346.50664425
2025-01-01 01:12:03,243371217.66828477
2025-01-01 01:12:04,242082661.08757925
2025-01-01 01:12:05,252760967.3357556
2025-01-01 01:12:06,251657502.018772
2025-01-01 01:12:07,247431175.51787055
2025-01-01 01:12:08,250112650.29404604
2025-01-01 01:12:09,246671382.44774014
2025-01-01 01:12:10,251516758.61231798
2025-01-01 01:12:11,251516930.85845637
2025-01-01 01:12:12,248051951.54240665
2025-01-01 01:12:13,247181331.65361178
2025-01-01 01:12:14,253576822.05571473
2025-01-01 01:12:15,251014791.49251282
2025-01-01 01:12:16,252419762.94836605
2025-01-01 01:12:17,245391495.116246
2025-01-01 01:12:18,250227003.80355763
2025-01-01 01:12:19,248072838.8173875
2025-01-01 01:12:20,247942645.40981022
2025-01-01 01:12:21,250325753.23029596
2025-01-01 01:12:22,250041556.83451244
2025-01-01 01:12:23,248703537.81060567
2025-01-01 01:12:24,257070296.77524135
2025-01-01 01:12:25,250366529.41737065
2025-01-01 01:12:26,245486446.98708722
2025-01-01 01:12:27,254360788.94716138
2025-01-01 01:12:28,256179169.29766306
2025-01-01 01:12:29,253093246.47416088
2025-01-01 01:12:30,248738557.61745107
2025-01-01 01:12:31,254072847.7851326
2025-01-01 01:12:32,249630733.8649549
2025-01-01 01:12:33,250064148.90033647
2025-01-01 01:12:34,247991892.89342484
2025-01-01 01:12:35,251789508.37359026
2025-01-01 01:12:36,254019599.28878114
2025-01-01 01:12:37,254256343.47621962
2025-01-01 01:12:38,261346667.30927438
2025-01-01 01:12:39,258110034.9688113
2025-01-01 01:12:40,256135773.82923815
2025-01-01 01:12:41,250973992.7972496
2025-01-01 01:12:42,248999877.06101638
2025-01-01 01:12:43,248957905.10512233
2025-01-01 01:12:44,246464504.65612817
2025-01-01 01:12:45,254768273.08039993
2025-01-01 01:12:46,251537629.61492884
2025-01-01 01:12:47,251072445.87077275
2025-01-01 01:12:48,249215167.29568794
2025-01-01 01:12:49,257747293.45549986
2025-01-01 01:12:50,257116883.36382848
2025-01-01 01:12:51,250418976.21739826
2025-01-01 01:12:52,243059309.89072022
2025-01-01 01:12:53,248533773.46913204
2025-01-01 01:12:54,242519420.1949107
2025-01-01 01:12:55,247395808.54526502
2025-01-01 01:12:56,247791200.1201721
2025-01-01 01:12:57,246416580.32188478
2025-01-01 01:12:58,249262259.6243764
2025-01-01 01:12:59,249338861.73244083
2025-01-01 01:13:00,244591003.02464503
2025-01-01 01:13:01,245820777.99386933
2025-01-01 01:13:02,245406613.2454709
2025-01-01 01:13:03,245619291.95495123
2025-01-01 01:13:04,253601673.43490684
2025-01-01 01:13:05,251361325.88414785
2025-01-01 01:13:06,250540266.48701438
2025-01-01 01:13:07,247387626.7325377
2025-01-01 01:13:08,250146650.3219617
2025-01-01 01:13:09,252025185.65366155
2025-01-01 01:13:10,248552198.13292116
2025-01-01 01:13:11,251664331.79895648
2025-01-01 01:13:12,243012587.350584
2025-01-01 01:13:13,247871724.8091525
2025-01-01 01:13:14,251705866.89945504
2025-01-01 01:13:15,250572129.55157864
2025-01-01 01:13:16,247454418.1489364
2025-01-01 01:13:17,246442581.58908996
2025-01-01 01:13:18,248945718.87896383
2025-01-01 01:13:19,251306596.5116466
2025-01-01 01:13:20,253395775.74957457
2025-01-01 01:13:21,251709834.2803174
2025-01-01 01:13:22,249890891.98133844
2025-01-01 01:13:23,250696205.21481737
2025-01-01 01:13:24,252962648.21278238
2025-01-01 01:13:25,247489088.97234923
2025-01-01 01:13:26,252771886.97445035
2025-01-01 01:13:27,251407849.55364233
2025-01-01 01:13:28,255307271.93498752
2025-01-01 01:13:29,251538715.11623764
2025-01-01 01:13:30,252860067.13639835
2025-01-01 01:13:31,253469340.44716546
2025-01-01 01:13:32,244176679.14564663
2025-01-01 01:13:33,245457959.31338033
2025-01-01 01:13:34,247522760.72650146
2025-01-01 01:13:35,253022938.22453794
2025-01-01 01:13:36,251243413.3432871
2025-01-01 01:13:37,247736069.91292763
2025-01-01 01:13:38,249835767.66666192
2025-01-01 01:13:39,253769997.2547398
2025-01-01 01:13:40,251244475.25443792
2025-01-01 01:13:41,249749235.56588057
2025-01-01 01:13:42,244819316.83090442
2025-01-01 01:13:43,248129179.2862694
2025-01-01 01:13:44,242482741.24868202
2025-01-01 01:13:45,241429554.90895385
2025-01-01 01:13:46,248037786.49192283
2025-01-01 01:13:47,250643238.08136943
2025-01-01 01:13:48,248978022.4225733
2025-01-01 01:13:49,250059336.78848943
2025-01-01 01:13:50,250089718.78821376
2025-01-01 01:13:51,246953776.80632374
2025-01-01 01:13:52,244551584.60632992
2025-01-01 01:13:53,245164409.20267633
2025-01-01 01:13:54,246167685.2614055
2025-01-01 01:13:55,250753441.93618822
2025-01-01 01:13:56,255509611.30470568
2025-01-01 01:13:57,250304859.59250656
2025-01-01 01:13:58,250330704.56328186
2025-01-01 01:13:59,246125459.9307904
2025-01-01 01:14:00,241612033.66019437
2025-01-01 01:14:01,250035421.98974264
2025-01-01 01:14:02,243400250.2005087
2025-01-01 01:14:03,245463865.15338963
2025-01-01 01:14:04,248332823.60269004
2025-01-01 01:14:05,239817115.4480924
2025-01-01 01:14:06,243210331.06024605
2025-01-01 01:14:07,247884691.4741025
2025-01-01 01:14:08,250510569.75864685
2025-01-01 01:14:09,249475493.1054922
2025-01-01 01:14:10,246842071.15604386
2025-01-01 01:14:11,251557699.98166034
2025-01-01 01:14:12,246351239.7095792
2025-01-01 01:14:13,244895626.6832147
2025-01-01 01:14:14,241129096.10385305
2025-01-01 01:14:15,236559406.79281867
2025-01-01 01:14:16,243578260.93472522
2025-01-01 01:14:17,245773319.18604612
2025-01-01 01:14:18,248030934.62300605
2025-01-01 01:14:19,251977935.98799762
2025-01-01 01:14:20,250866573.248667
2025-01-01 01:14:21,251942650.25207642
2025-01-01 01:14:22,253890119.7499972
2025-01-01 01:14:23,257508710.49139005
2025-01-01 01:14:24,250689537.69649398
2025-01-01 01:14:25,245615394.8039855
2025-01-01 01:14:26,245518066.31331602
2025-01-01 01:14:27,247901030.63307106
2025-01-01 01:14:28,252650246.98817796
2025-01-01 01:14:29,252573492.55190912
2025-01-01 01:14:30,247983319.45706376
2025-01-01 01:14:31,243240222.78297344
2025-01-01 01:14:32,249294302.2111258
2025-01-01 01:14:33,249103457.2065928
2025-01-01 01:14:34,245617513.11408898
2025-01-01 01:14:35,243328151.82413015
2025-01-01 01:14:36,244542435.16036877
2025-01-01 01:14:37,247854081.3684849
2025-01-01 01:14:38,250495660.26095363
2025-01-01 01:14:39,253444660.3805618
2025-01-01 01:14:40,248182300.8910751
2025-01-01 01:14:41,254533230.12937745
2025-01-01 01:14:42,251550664.84409326
2025-01-01 01:14:43,244086768.11683562
2025-01-01 01:14:44,245104283.64913058
2025-01-01 01:14:45,251603022.13575324
2025-01-01 01:14:46,253981805.0193744
2025-01-01 01:14:47,257926316.07189196
2025-01-01 01:14:48,249148156.54189533
2025-01-01 01:14:49,248028259.43091103
2025-01-01 01:14:50,244978895.7802375
2025-01-01 01:14:51,248716230.6680466
2025-01-01 01:14:52,254635461.3486201
2025-01-01 01:14:53,248520788.64031956
2025-01-01 01:14:54,244732953.25757226
2025-01-01 01:14:55,252145491.0198172
2025-01-01 01:14:56,251197483.47811493
2025-01-01 01:14:57,255958950.83755386
2025-01-01 01:14:58,247531123.7150254
2025-01-01 01:14:59,249920836.41628414
2025-01-01 01:15:00,248678372.5167297
2025-01-01 01:15:01,245627030.44870433
2025-01-01 01:15:02,250631382.980785
2025-01-01 01:15:03,243812730.51428434
2025-01-01 01:15:04,246909935.2177409
2025-01-01 01:15:05,248302707.56753725
2025-01-01 01:15:06,248798105.2647965
2025-01-01 01:15:07,245742884.04416984
2025-01-01 01:15:08,243533048.4751885
2025-01-01 01:15:09,247057818.69398925
2025-01-01 01:15:10,248722399.23903725
2025-01-01 01:15:11,250894014.2211277
2025-01-01 01:15:12,250467426.79354703
2025-01-01 01:15:13,249550816.89655617
2025-01-01 01:15:14,250955994.50393912
2025-01-01 01:15:15,251184337.3477095
2025-01-01 01:15:16,254250396.17211223
2025-01-01 01:15:17,251656570.0529818
2025-01-01 01:15:18,254253686.9958476
2025-01-01 01:15:19,247908668.11726847
2025-01-01 01:15:20,255838226.58067948
2025-01-01 01:15:21,252400276.80970162
2025-01-01 01:15:22,249955610.14962006
2025-01-01 01:15:23,252328622.80238622
2025-01-01 01:15:24,247085414.10085854
2025-01-01 01:15:25,249168359.7672063
2025-01-01 01:15:26,249760058.43228814
2025-01-01 01:15:27,254369860.3965495
2025-01-01 01:15:28,254165511.46990877
2025-01-01 01:15:29,249387941.59041026
2025-01-01 01:15:30,247413658.91873738
2025-01-01 01:15:31,249753436.0127347
2025-01-01 01:15:32,256905600.33144176
2025-01-01 01:15:33,247770444.08489838
2025-01-01 01:15:34,250002940.333271
2025-01-01 01:15:35,245098133.16700274
2025-01-01 01:15:36,249567170.9879407
2025-01-01 01:15:37,244984286.5863866
2025-01-01 01:15:38,243160408.7136602
2025-01-01 01:15:39,247942247.17097494
2025-01-01 01:15:40,252434129.23017603
2025-01-01 01:15:41,248773618.1551072
2025-01-01 01:15:42,254576852.22427517
2025-01-01 01:15:43,252245854.41712588
2025-01-01 01:15:44,253405462.92682847
2025-01-01 01:15:45,252690158.7921384
2025-01-01 01:15:46,252779299.98721084
2025-01-01 01:15:47,253632650.61623678
2025-01-01 01:15:48,251534114.4856784
2025-01-01 01:15:49,246818486.02985793
2025-01-01 01:15:50,246372592.538617
2025-01-01 01:15:51,245106653.82258776
2025-01-01 01:15:52,246819976.96800137
2025-01-01 01:15:53,248494237.48811752
2025-01-01 01:15:54,240239178.29038966
2025-01-01 01:15:55,248277943.8899206
2025-01-01 01:15:56,253528372.29643318
2025-01-01 01:15:57,250485134.59421247
2025-01-01 01:15:58,247810975.28910324
2025-01-01 01:15:59,248506877.02435243
2025-01-01 01:16:00,249342404.93263677
2025-01-01 01:16:01,249308694.54105595
2025-01-01 01:16:02,250054833.92569113
2025-01-01 01:16:03,251168848.49211147
2025-01-01 01:16:04,249903298.8459676
2025-01-01 01:16:05,252162792.70625365
2025-01-01 01:16:06,251264800.88407516
2025-01-01 01:16:07,253158152.91347462
2025-01-01 01:16:08,256636413.7446426
2025-01-01 01:16:09,251026944.68784285
2025-01-01 01:16:10,256295682.26672655
2025-01-01 01:16:11,247772798.0143918
2025-01-01 01:16:12,255812322.138122
2025-01-01 01:16:13,252672794.7408517
2025-01-01 01:16:14,254258254.60642317
2025-01-01 01:16:15,254519721.35691905
2025-01-01 01:16:16,252938732.08299193
2025-01-01 01:16:17,251616411.8261031
2025-01-01 01:16:18,251969950.61562848
2025-01-01 01:16:19,253317546.99442354
2025-01-01 01:16:20,246376813.24978802
2025-01-01 01:16:21,245438209.4421271
2025-01-01 01:16:22,241309538.0516652
2025-01-01 01:16:23,246956107.69224548
2025-01-01 01:16:24,251653263.81410524
2025-01-01 01:16:25,250855423.89952207
2025-01-01 01:16:26,255782451.13683352
2025-01-01 01:16:27,256996461.27637878
2025-01-01 01:16:28,253575697.6003704
2025-01-01 01:16:29,251882312.23653382
2025-01-01 01:16:30,252204189.76997918
2025-01-01 01:16:31,251269776.7270365
2025-01-01 01:16:32,245647952.35038763
2025-01-01 01:16:33,249570202.51135236
2025-01-01 01:16:34,253273443.840907
2025-01-01 01:16:35,254985790.25152686
2025-01-01 01:16:36,257310080.04057276
2025-01-01 01:16:37,248178072.75125688
2025-01-01 01:16:38,250996529.77345067
2025-01-01 01:16:39,258052980.08040792
2025-01-01 01:16:40,251084103.6293141
2025-01-01 01:16:41,247918233.99229178
2025-01-01 01:16:42,247958479.77053198
2025-01-01 01:16:43,246819014.16536766
2025-01-01 01:16:44,244197247.6717101
2025-01-01 01:16:45,244396587.22914737
2025-01-01 01:16:46,245921264.8867224
2025-01-01 01:16:47,253011523.50610572
2025-01-01 01:16:48,250316192.03306127
2025-01-01 01:16:49,249231951.16591522
2025-01-01 01:16:50,248491774.99004054
2025-01-01 01:16:51,249718740.67742464
2025-01-01 01:16:52,257150940.45341992
2025-01-01 01:16:53,250680666.19951424
2025-01-01 01:16:54,253869820.81564656
2025-01-01 01:16:55,250624554.24172732
2025-01-01 01:16:56,251935682.5882087
2025-01-01 01:16:57,250297911.67738405
2025-01-01 01:16:58,254799385.9395765
2025-01-01 01:16:59,255267006.1813924
2025-01-01 01:17:00,256216989.43012235
2025-01-01 01:17:01,250865286.8868585
2025-01-01 01:17:02,246456553.05122182
2025-01-01 01:17:03,247865188.2472386
2025-01-01 01:17:04,244444648.44243795
2025-01-01 01:17:05,251313008.37521484
2025-01-01 01:17:06,252443706.2474399
2025-01-01 01:17:07,246166860.27612922
2025-01-01 01:17:08,250307644.31168336
2025-01-01 01:17:09,253602136.91751415
2025-01-01 01:17:10,252281602.30306822
2025-01-01 01:17:11,251766442.58586565
2025-01-01 01:17:12,251438537.43292856
2025-01-01 01:17:13,254605824.57196596
2025-01-01 01:17:14,255461097.01142997
2025-01-01 01:17:15,249604644.6457276
2025-01-01 01:17:16,246332999.12275833
2025-01-01 01:17:17,256492486.66034782
2025-01-01 01:17:18,257870271.24634552
2025-01-01 01:17:19,251327738.5088877
2025-01-01 01:17:20,250837197.63355657
2025-01-01 01:17:21,251650299.21007136
2025-01-01 01:17:22,248689656.41672367
2025-01-01 01:17:23,247805683.46089512
2025-01-01 01:17:24,252565685.0210735
2025-01-01 01:17:25,243578576.0159588
2025-01-01 01:17:26,249275813.96559617
2025-01-01 01:17:27,249993689.42213824
2025-01-01 01:17:28,249593602.45872632
2025-01-01 01:17:29,244066651.86143526
2025-01-01 01:17:30,248765133.88276908
2025-01-01 01:17:31,251956600.23890832
2025-01-01 01:17:32,254661137.10257015
2025-01-01 01:17:33,253534650.42409515
2025-01-01 01:17:34,251056769.98289165
2025-01-01 01:17:35,255009333.96224627
2025-01-01 01:17:36,257173459.2987741
2025-01-01 01:17:37,255882067.0383275
2025-01-01 01:17:38,260147356.70333722
2025-01-01 01:17:39,261398551.4381775
2025-01-01 01:17:40,256455714.94837987
2025-01-01 01:17:41,256940979.5538513
2025-01-01 01:17:42,257356622.24048248
2025-01-01 01:17:43,252344626.79454374
2025-01-01 01:17:44,254156367.12960076
2025-01-01 01:17:45,255450527.66526988
2025-01-01 01:17:46,259117561.07703513
2025-01-01 01:17:47,256470445.30417043
2025-01-01 01:17:48,260087097.96884978
2025-01-01 01:17:49,261035315.05017325
2025-01-01 01:17:50,257780810.07536638
2025-01-01 01:17:51,255614897.98560613
2025-01-01 01:17:52,252597075.52064174
2025-01-01 01:17:53,253999498.03663003
2025-01-01 01:17:54,247886298.79744986
2025-01-01 01:17:55,252871125.30021477
2025-01-01 01:17:56,253219137.0148421
2025-01-01 01:17:57,249104264.43705636
2025-01-01 01:17:58,253742004.48358443
2025-01-01 01:17:59,253143440.8901032
2025-01-01 01:18:00,255552645.97232145
2025-01-01 01:18:01,256305407.85321045
2025-01-01 01:18:02,253051251.50506592
2025-01-01 01:18:03,257251568.34452263
2025-01-01 01:18:04,259979958.09375697
2025-01-01 01:18:05,253798019.38729453
2025-01-01 01:18:06,250979658.939621
2025-01-01 01:18:07,254065663.65352955
2025-01-01 01:18:08,249655978.09087285
2025-01-01 01:18:09,257428346.0499737
2025-01-01 01:18:10,261677785.27073187
2025-01-01 01:18:11,257602193.43183234
2025-01-01 01:18:12,255586775.73250496
2025-01-01 01:18:13,245853976.635467
2025-01-01 01:18:14,246933232.66994867
2025-01-01 01:18:15,246703859.63793978
2025-01-01 01:18:16,246519301.94672513
2025-01-01 01:18:17,244894431.17993507
2025-01-01 01:18:18,245040720.98821598
2025-01-01 01:18:19,244696023.76701823
2025-01-01 01:18:20,250306717.64412
2025-01-01 01:18:21,249758149.56726572
2025-01-01 01:18:22,244181142.81557882
2025-01-01 01:18:23,248602050.47256657
2025-01-01 01:18:24,250191989.47860605
2025-01-01 01:18:25,250530911.30420306
2025-01-01 01:18:26,249254626.5059309
2025-01-01 01:18:27,248898198.59839007
2025-01-01 01:18:28,249270863.67598894
2025-01-01 01:18:29,251524609.6380515
2025-01-01 01:18:30,249837721.82349002
2025-01-01 01:18:31,252443999.8565813
2025-01-01 01:18:32,253867300.72051796
2025-01-01 01:18:33,252794088.76704746
2025-01-01 01:18:34,255076110.048567
2025-01-01 01:18:35,252464909.82991964
2025-01-01 01:18:36,249027852.67918444
2025-01-01 01:18:37,254390450.8680598
2025-01-01 01:18:38,251436286.6263764
2025-01-01 01:18:39,251592082.77434936
2025-01-01 01:18:40,257345117.8661735
2025-01-01 01:18:41,252509009.25285986
2025-01-01 01:18:42,253416939.6645666
2025-01-01 01:18:43,257617157.96421686
2025-01-01 01:18:44,256643747.56259894
2025-01-01 01:18:45,255719719.0756051
2025-01-01 01:18:46,255433757.96403235
2025-01-01 01:18:47,254017761.17373082
2025-01-01 01:18:48,252189371.36215028
2025-01-01 01:18:49,256436867.05081108
2025-01-01 01:18:50,260658866.40094504
2025-01-01 01:18:51,253316014.2477209
2025-01-01 01:18:52,256184669.7615092
2025-01-01 01:18:53,259601557.20238253
2025-01-01 01:18:54,261927516.47534624
2025-01-01 01:18:55,260800077.32406104
2025-01-01 01:18:56,257664407.584296
2025-01-01 01:18:57,256478950.8626909
2025-01-01 01:18:58,255682856.20686948
2025-01-01 01:18:59,248925590.34008265
2025-01-01 01:19:00,252232236.09883097
2025-01-01 01:19:01,252402074.0743699
2025-01-01 01:19:02,257309151.07243162
2025-01-01 01:19:03,252983543.78820023
2025-01-01 01:19:04,251207970.32527208
2025-01-01 01:19:05,249381258.42106092
2025-01-01 01:19:06,248003750.823068
2025-01-01 01:19:07,254289187.63057208
2025-01-01 01:19:08,255415965.3227598
2025-01-01 01:19:09,257438244.1543512
2025-01-01 01:19:10,256903985.2746382
2025-01-01 01:19:11,250949364.51111335
2025-01-01 01:19:12,250000693.61598253
2025-01-01 01:19:13,257947211.16368145
2025-01-01 01:19:14,253680277.92638624
2025-01-01 01:19:15,256107724.1213834
2025-01-01 01:19:16,258923290.29417214
2025-01-01 01:19:17,250741943.1745666
2025-01-01 01:19:18,252273095.25698456
2025-01-01 01:19:19,254511565.55947638
2025-01-01 01:19:20,254428886.60253084
2025-01-01 01:19:21,252043025.90033332
2025-01-01 01:19:22,253061048.83780882
2025-01-01 01:19:23,251122138.4696728
2025-01-01 01:19:24,256517812.71615437
2025-01-01 01:19:25,254702681.78549394
2025-01-01 01:19:26,252823015.78164607
2025-01-01 01:19:27,249467111.70531127
2025-01-01 01:19:28,250656678.22708654
2025-01-01 01:19:29,251858640.59224242
2025-01-01 01:19:30,244089481.28656265
2025-01-01 01:19:31,249932881.6348252
2025-01-01 01:19:32,255379201.7171063
2025-01-01 01:19:33,252293630.7521004
2025-01-01 01:19:34,246154681.35571882
2025-01-01 01:19:35,241327766.56285658
2025-01-01 01:19:36,236962559.0220194
2025-01-01 01:19:37,247581222.70349303
2025-01-01 01:19:38,243441812.3730984
2025-01-01 01:19:39,243032314.7486706
2025-01-01 01:19:40,249029298.7443345
2025-01-01 01:19:41,249033397.5642916
2025-01-01 01:19:42,245289118.5548724
2025-01-01 01:19:43,246838808.51022604
2025-01-01 01:19:44,252930831.6130082
2025-01-01 01:19:45,252054489.66225412
2025-01-01 01:19:46,260905432.34873623
2025-01-01 01:19:47,257015005.62194905
2025-01-01 01:19:48,252999242.69484016
2025-01-01 01:19:49,250114470.0498462
2025-01-01 01:19:50,250270985.1389827
2025-01-01 01:19:51,249587167.70594946
2025-01-01 01:19:52,247516118.859593
2025-01-01 01:19:53,244533519.4426416
2025-01-01 01:19:54,247272424.95489645
2025-01-01 01:19:55,250236082.85661703
2025-01-01 01:19:56,252521643.66905162
2025-01-01 01:19:57,248812950.4650633
2025-01-01 01:19:58,244986983.93555605
2025-01-01 01:19:59,243488262.22627667
2025-01-01 01:20:00,253619230.72373885
2025-01-01 01:20:01,248742822.7129394
2025-01-01 01:20:02,254319566.82209238
2025-01-01 01:20:03,250325369.83684987
2025-01-01 01:20:04,253318935.4026681
2025-01-01 01:20:05,255957602.2982592
2025-01-01 01:20:06,246496677.0986548
2025-01-01 01:20:07,248918183.69853172
2025-01-01 01:20:08,245926477.74908528
2025-01-01 01:20:09,249791014.69572562
2025-01-01 01:20:10,248415928.25926456
2025-01-01 01:20:11,251212817.87225962
2025-01-01 01:20:12,249589831.1840092
2025-01-01 01:20:13,256310030.85459816
2025-01-01 01:20:14,258307297.24027607
2025-01-01 01:20:15,252528550.4657013
2025-01-01 01:20:16,248954584.986418
2025-01-01 01:20:17,249422007.91277355
2025-01-01 01:20:18,248240252.97408298
2025-01-01 01:20:19,249430193.69897503
2025-01-01 01:20:20,250381332.48097256
2025-01-01 01:20:21,246848348.47324327
2025-01-01 01:20:22,246991677.51201186
2025-01-01 01:20:23,247524023.47419593
2025-01-01 01:20:24,249245577.80850136
2025-01-01 01:20:25,252054650.3082769
2025-01-01 01:20:26,247055654.35617608
2025-01-01 01:20:27,251224025.85839608
2025-01-01 01:20:28,250618164.06064826
2025-01-01 01:20:29,248514306.86519507
2025-01-01 01:20:30,252206425.35908973
2025-01-01 01:20:31,250444067.87023854
2025-01-01 01:20:32,250672784.35220215
2025-01-01 01:20:33,250010705.17386597
2025-01-01 01:20:34,251728597.6094645
2025-01-01 01:20:35,249769296.61151007
2025-01-01 01:20:36,252991947.57818076
2025-01-01 01:20:37,252014674.11996144
2025-01-01 01:20:38,247556647.76862705
2025-01-01 01:20:39,250000103.59753743
2025-01-01 01:20:40,254518924.85855752
2025-01-01 01:20:41,249193174.79672098
2025-01-01 01:20:42,250739022.73848125
2025-01-01 01:20:43,252885816.14875147
2025-01-01 01:20:44,252165015.1136346
2025-01-01 01:20:45,257458384.31067932
2025-01-01 01:20:46,255370548.6745821
2025-01-01 01:20:47,257196177.8738669
2025-01-01 01:20:48,248210048.26982972
2025-01-01 01:20:49,251165677.3149789
2025-01-01 01:20:50,246810778.5951788
2025-01-01 01:20:51,246633237.34097865
2025-01-01 01:20:52,246525807.02863178
2025-01-01 01:20:53,241199327.65343946
2025-01-01 01:20:54,248840719.78211522
2025-01-01 01:20:55,252487135.83211973
2025-01-01 01:20:56,254542635.06501046
2025-01-01 01:20:57,246566587.6869298
2025-01-01 01:20:58,257514060.31705666
2025-01-01 01:20:59,257688079.43835235
2025-01-01 01:21:00,258699942.64197522
2025-01-01 01:21:01,254836975.581984
2025-01-01 01:21:02,255930722.57850692
2025-01-01 01:21:03,256718190.69777575
2025-01-01 01:21:04,259028270.2506447
2025-01-01 01:21:05,259073263.20125502
2025-01-01 01:21:06,259194190.0925858
2025-01-01 01:21:07,255838059.03750452
2025-01-01 01:21:08,263048068.63962132
2025-01-01 01:21:09,257905269.87844533
2025-01-01 01:21:10,255577535.22226813
2025-01-01 01:21:11,251346630.13982937
2025-01-01 01:21:12,253744844.07497767
2025-01-01 01:21:13,255517757.24388972
2025-01-01 01:21:14,251959327.56029832
2025-01-01 01:21:15,255673782.48124352
2025-01-01 01:21:16,255143369.00295892
2025-01-01 01:21:17,250418265.26534805
2025-01-01 01:21:18,247853567.32524723
2025-01-01 01:21:19,248838507.79549903
2025-01-01 01:21:20,248897320.88494202
2025-01-01 01:21:21,253732276.02011412
2025-01-01 01:21:22,250903457.4045345
2025-01-01 01:21:23,252945683.16489586
2025-01-01 01:21:24,252765383.17744327
2025-01-01 01:21:25,250997086.35037586
2025-01-01 01:21:26,257140161.31521657
2025-01-01 01:21:27,253385751.92148802
2025-01-01 01:21:28,256847331.78910482
2025-01-01 01:21:29,259528809.72279763
2025-01-01 01:21:30,251206963.43209147
2025-01-01 01:21:31,254737929.0540348
2025-01-01 01:21:32,247008245.0940099
2025-01-01 01:21:33,246667178.50171062
2025-01-01 01:21:34,248100365.80647647
2025-01-01 01:21:35,249578456.45864928
2025-01-01 01:21:36,251833895.00358772
2025-01-01 01:21:37,247253797.93437424
2025-01-01 01:21:38,247652820.03395987
2025-01-01 01:21:39,248021863.26647642
2025-01-01 01:21:40,245724093.42729133
2025-01-01 01:21:41,243012714.48432818
2025-01-01 01:21:42,242265833.9013533
2025-01-01 01:21:43,245936725.54981184
2025-01-01 01:21:44,250049756.8723731
2025-01-01 01:21:45,249290814.49380738
2025-01-01 01:21:46,244537262.2173327
2025-01-01 01:21:47,249897390.60630745
2025-01-01 01:21:48,247146806.97288987
2025-01-01 01:21:49,249013224.8874188
2025-01-01 01:21:50,248523489.45765606
2025-01-01 01:21:51,251378400.0161577
2025-01-01 01:21:52,246928323.73383772
2025-01-01 01:21:53,248002741.0721159
2025-01-01 01:21:54,244198663.7443106
2025-01-01 01:21:55,244887704.58004275
2025-01-01 01:21:56,242211821.17841545
2025-01-01 01:21:57,247235453.49189043
2025-01-01 01:21:58,242949943.6726237
2025-01-01 01:21:59,244362306.82506812
2025-01-01 01:22:00,253615192.0975135
2025-01-01 01:22:01,257286797.4210676
2025-01-01 01:22:02,251968907.08629507
2025-01-01 01:22:03,252634298.43620452
2025-01-01 01:22:04,251152883.2339136
2025-01-01 01:22:05,253485966.87824464
2025-01-01 01:22:06,248743748.28048894
2025-01-01 01:22:07,254695611.93511617
2025-01-01 01:22:08,256563395.70539966
2025-01-01 01:22:09,256202949.13774434
2025-01-01 01:22:10,254519491.21987674
2025-01-01 01:22:11,250716426.24915966
2025-01-01 01:22:12,252910848.3937398
2025-01-01 01:22:13,251653350.99699315
2025-01-01 01:22:14,252290278.78633314
2025-01-01 01:22:15,248065973.9864068
2025-01-01 01:22:16,249054664.3482303
2025-01-01 01:22:17,250117178.27877238
2025-01-01 01:22:18,246629061.8274743
2025-01-01 01:22:19,252103761.859511
2025-01-01 01:22:20,250566645.84610462
2025-01-01 01:22:21,252154724.1570088
2025-01-01 01:22:22,247044227.55926043
2025-01-01 01:22:23,250636901.91062322
2025-01-01 01:22:24,252410934.55000192
2025-01-01 01:22:25,251029088.1636838
2025-01-01 01:22:26,251000408.35876825
2025-01-01 01:22:27,251411482.62882417
2025-01-01 01:22:28,251436326.09012276
2025-01-01 01:22:29,248946171.28744084
2025-01-01 01:22:30,250261474.1022726
2025-01-01 01:22:31,251585999.45405966
2025-01-01 01:22:32,251783732.02578405
2025-01-01 01:22:33,252301484.56008282
2025-01-01 01:22:34,257556549.92649943
2025-01-01 01:22:35,253816446.77037
2025-01-01 01:22:36,258327083.83884254
2025-01-01 01:22:37,254949034.0644461
2025-01-01 01:22:38,246798543.77692664
2025-01-01 01:22:39,249193044.6445531
2025-01-01 01:22:40,252317205.23660535
2025-01-01 01:22:41,248096235.3947525
2025-01-01 01:22:42,249073793.3862247
2025-01-01 01:22:43,243260805.8235428
2025-01-01 01:22:44,244325578.85834557
2025-01-01 01:22:45,246734532.53299522
2025-01-01 01:22:46,246889650.6129695
2025-01-01 01:22:47,249949265.6895436
2025-01-01 01:22:48,255527745.85932183
2025-01-01 01:22:49,255524399.7824391
2025-01-01 01:22:50,253044188.6422641
2025-01-01 01:22:51,253126818.99934977
2025-01-01 01:22:52,255018135.37654015
2025-01-01 01:22:53,249612668.59626177
2025-01-01 01:22:54,258494051.3110678
2025-01-01 01:22:55,254917288.73883948
2025-01-01 01:22:56,252573398.6033556
2025-01-01 01:22:57,249410810.17206398
2025-01-01 01:22:58,251153229.63545713
2025-01-01 01:22:59,252535361.27734515
2025-01-01 01:23:00,250193019.11378714
2025-01-01 01:23:01,252913982.73554206
2025-01-01 01:23:02,257074850.30989665
2025-01-01 01:23:03,253195379.69485736
2025-01-01 01:23:04,261235356.621718
2025-01-01 01:23:05,250055837.98543102
2025-01-01 01:23:06,252340277.53965712
2025-01-01 01:23:07,255741435.9693812
2025-01-01 01:23:08,252470767.52875638
2025-01-01 01:23:09,256318032.2889857
2025-01-01 01:23:10,254063204.26837102
2025-01-01 01:23:11,256648628.87700474
2025-01-01 01:23:12,250734515.83731002
2025-01-01 01:23:13,248207699.11323985
2025-01-01 01:23:14,248363482.64140725
2025-01-01 01:23:15,248137052.35645103
2025-01-01 01:23:16,248304844.88430193
2025-01-01 01:23:17,246500147.79696086
2025-01-01 01:23:18,248756736.20265207
2025-01-01 01:23:19,246370532.1083944
2025-01-01 01:23:20,250697961.31152907
2025-01-01 01:23:21,249772269.50831392
2025-01-01 01:23:22,247367814.36174807
2025-01-01 01:23:23,248892887.12980214
2025-01-01 01:23:24,242045967.79524127
2025-01-01 01:23:25,245643060.8393357
2025-01-01 01:23:26,245665783.9175132
2025-01-01 01:23:27,242414073.09620264
2025-01-01 01:23:28,244104934.26262838
2025-01-01 01:23:29,242368556.0649201
2025-01-01 01:23:30,241007457.60503468
2025-01-01 01:23:31,245261334.40180638
2025-01-01 01:23:32,251158539.2849256
2025-01-01 01:23:33,253013775.8315932
2025-01-01 01:23:34,247360498.89435616
2025-01-01 01:23:35,247180125.7364059
2025-01-01 01:23:36,246881610.48555684
2025-01-01 01:23:37,243201388.9643458
2025-01-01 01:23:38,245132938.25305027
2025-01-01 01:23:39,245828085.00571173
2025-01-01 01:23:40,243243826.34104133
2025-01-01 01:23:41,245645264.3266566
2025-01-01 01:23:42,251819299.08363417
2025-01-01 01:23:43,248103965.8869513
2025-01-01 01:23:44,247827357.81381142
2025-01-01 01:23:45,251847012.38727576
2025-01-01 01:23:46,250354531.6086429
2025-01-01 01:23:47,256998235.04953292
2025-01-01 01:23:48,254133115.30402735
2025-01-01 01:23:49,256136219.573591
2025-01-01 01:23:50,254170092.23387778
2025-01-01 01:23:51,254503446.65482315
2025-01-01 01:23:52,245633726.21586314
2025-01-01 01:23:53,253457003.25963753
2025-01-01 01:23:54,254385603.38620755
2025-01-01 01:23:55,252577506.96802852
2025-01-01 01:23:56,256938537.6316868
2025-01-01 01:23:57,254157441.40814787
2025-01-01 01:23:58,253167901.56069148
2025-01-01 01:23:59,252176581.18526742
2025-01-01 01:24:00,248617224.7791883
2025-01-01 01:24:01,249367649.60386425
2025-01-01 01:24:02,247879629.53752232
2025-01-01 01:24:03,251343798.92611378
2025-01-01 01:24:04,248815782.50480196
2025-01-01 01:24:05,245705172.0261743
2025-01-01 01:24:06,250364100.62447613
2025-01-01 01:24:07,247601261.59484208
2025-01-01 01:24:08,244654343.20484564
2025-01-01 01:24:09,245390640.25516018
2025-01-01 01:24:10,248897800.07822356
2025-01-01 01:24:11,254158478.67133835
2025-01-01 01:24:12,251811200.99750844
2025-01-01 01:24:13,249221756.13227227
2025-01-01 01:24:14,245734064.66673714
2025-01-01 01:24:15,250992668.7339612
2025-01-01 01:24:16,254552250.02559564
2025-01-01 01:24:17,252417656.29176733
2025-01-01 01:24:18,250031103.21160784
2025-01-01 01:24:19,250545537.44673467
2025-01-01 01:24:20,252633454.05340168
2025-01-01 01:24:21,256083629.21964908
2025-01-01 01:24:22,254744969.0648682
2025-01-01 01:24:23,255615576.61709866
2025-01-01 01:24:24,252788878.5815203
2025-01-01 01:24:25,248458544.29454538
2025-01-01 01:24:26,250233185.91047883
2025-01-01 01:24:27,250657827.43762794
2025-01-01 01:24:28,253944197.6294347
2025-01-01 01:24:29,255650778.89349505
2025-01-01 01:24:30,252193204.5252297
2025-01-01 01:24:31,253795622.97635856
2025-01-01 01:24:32,257765185.81534675
2025-01-01 01:24:33,253871156.3442512
2025-01-01 01:24:34,259595607.93081436
2025-01-01 01:24:35,252864163.09113792
2025-01-01 01:24:36,257369292.86800024
2025-01-01 01:24:37,253637884.48001742
2025-01-01 01:24:38,257783687.42597014
2025-01-01 01:24:39,256815883.68747452
2025-01-01 01:24:40,254936698.62176648
2025-01-01 01:24:41,248165272.04313844
2025-01-01 01:24:42,250620835.29478604
2025-01-01 01:24:43,254445636.4723801
2025-01-01 01:24:44,250503316.94495708
2025-01-01 01:24:45,248919421.83197808
2025-01-01 01:24:46,243266124.54996574
2025-01-01 01:24:47,248088653.09968314
2025-01-01 01:24:48,245731679.08042523
2025-01-01 01:24:49,252085181.68744832
2025-01-01 01:24:50,243673159.8856095
2025-01-01 01:24:51,246099818.9876027
2025-01-01 01:24:52,249101322.95952916
2025-01-01 01:24:53,253614673.05027327
2025-01-01 01:24:54,251732796.38171607
2025-01-01 01:24:55,250790351.19288072
2025-01-01 01:24:56,254862109.18338382
2025-01-01 01:24:57,250260325.6352022
2025-01-01 01:24:58,251888542.1984696
2025-01-01 01:24:59,255581920.3803321
2025-01-01 01:25:00,254425402.38702258
2025-01-01 01:25:01,257374031.3060689
2025-01-01 01:25:02,255393254.84674463
2025-01-01 01:25:03,255638856.78271073
2025-01-01 01:25:04,252544775.8364753
2025-01-01 01:25:05,252296280.00828508
2025-01-01 01:25:06,255943433.21507314
2025-01-01 01:25:07,255773082.60399967
2025-01-01 01:25:08,249156928.08966652
2025-01-01 01:25:09,253573521.5770437
2025-01-01 01:25:10,249904752.82299304
2025-01-01 01:25:11,247734126.0043222
2025-01-01 01:25:12,252482409.17533985
2025-01-01 01:25:13,252819985.24123174
2025-01-01 01:25:14,250488831.53432143
2025-01-01 01:25:15,258254956.729319
2025-01-01 01:25:16,258627655.21800247
2025-01-01 01:25:17,258977975.96097097
2025-01-01 01:25:18,249610346.6788336
2025-01-01 01:25:19,247433907.2890589
2025-01-01 01:25:20,254781939.87351188
2025-01-01 01:25:21,254118710.8875529
2025-01-01 01:25:22,253743398.468564
2025-01-01 01:25:23,248141378.3699709
2025-01-01 01:25:24,251720756.04250857
2025-01-01 01:25:25,252018542.6325288
2025-01-01 01:25:26,252363280.95002955
2025-01-01 01:25:27,253861713.52569726
2025-01-01 01:25:28,253366538.77368098
2025-01-01 01:25:29,257684034.57866225
2025-01-01 01:25:30,256180252.54654095
2025-01-01 01:25:31,251378758.10507467
2025-01-01 01:25:32,252039456.28655946
2025-01-01 01:25:33,254594872.8909807
2025-01-01 01:25:34,255170738.32094502
2025-01-01 01:25:35,258240768.03389654
2025-01-01 01:25:36,257311231.5545113
2025-01-01 01:25:37,252456686.92851633
2025-01-01 01:25:38,254852863.55814877
2025-01-01 01:25:39,249186224.70308948
2025-01-01 01:25:40,250327465.97084862
2025-01-01 01:25:41,251360049.838112
2025-01-01 01:25:42,249645413.35449666
2025-01-01 01:25:43,241648135.2012843
2025-01-01 01:25:44,246884049.12535316
2025-01-01 01:25:45,247454834.67616305
2025-01-01 01:25:46,252764252.65333182
2025-01-01 01:25:47,256034579.27004182
2025-01-01 01:25:48,258152708.76207796
2025-01-01 01:25:49,249621903.9742982
2025-01-01 01:25:50,252228328.75882524
2025-01-01 01:25:51,249820283.195143
2025-01-01 01:25:52,255700942.17153475
2025-01-01 01:25:53,251039481.33641735
2025-01-01 01:25:54,247927966.75869614
2025-01-01 01:25:55,251626510.42133167
2025-01-01 01:25:56,252705630.65126225
2025-01-01 01:25:57,254333051.27525455
2025-01-01 01:25:58,257053207.359555
2025-01-01 01:25:59,254093444.71972054
2025-01-01 01:26:00,254113687.6616729
2025-01-01 01:26:01,250917025.51612616
2025-01-01 01:26:02,249030277.97017875
2025-01-01 01:26:03,252739180.953733
2025-01-01 01:26:04,257526663.5534872
2025-01-01 01:26:05,259615677.72047147
2025-01-01 01:26:06,257960166.2220857
2025-01-01 01:26:07,259110163.64470744
2025-01-01 01:26:08,260377378.43829474
2025-01-01 01:26:09,253229383.5558394
2025-01-01 01:26:10,251785458.8864693
2025-01-01 01:26:11,254917408.29406717
2025-01-01 01:26:12,256668298.3704104
2025-01-01 01:26:13,255574939.22212324
2025-01-01 01:26:14,252942005.02003786
2025-01-01 01:26:15,249397752.75323427
2025-01-01 01:26:16,252215040.52512863
2025-01-01 01:26:17,253156801.2112748
2025-01-01 01:26:18,249014265.7551887
2025-01-01 01:26:19,248653140.1407001
2025-01-01 01:26:20,253002636.6354632
2025-01-01 01:26:21,253099312.15295818
2025-01-01 01:26:22,256840058.53457984
2025-01-01 01:26:23,255682423.55775964
2025-01-01 01:26:24,252078319.04813337
2025-01-01 01:26:25,258836380.04555905
2025-01-01 01:26:26,259729363.5264614
2025-01-01 01:26:27,250799592.28202733
2025-01-01 01:26:28,252971085.6831689
2025-01-01 01:26:29,255101385.7192438
2025-01-01 01:26:30,250404722.34287426
2025-01-01 01:26:31,253162358.1541735
2025-01-01 01:26:32,251934725.21607327
2025-01-01 01:26:33,252828904.60551333
2025-01-01 01:26:34,259151387.81564018
2025-01-01 01:26:35,259570275.6446908
2025-01-01 01:26:36,258537093.2513906
2025-01-01 01:26:37,254112299.83713475
2025-01-01 01:26:38,258508677.99228036
2025-01-01 01:26:39,253370982.68316823
2025-01-01 01:26:40,251496104.8194318
2025-01-01 01:26:41,251390933.7744353
2025-01-01 01:26:42,245718976.45375976
2025-01-01 01:26:43,245539322.58135957
2025-01-01 01:26:44,250686748.82676804
2025-01-01 01:26:45,252140643.0728948
2025-01-01 01:26:46,254554210.77005577
2025-01-01 01:26:47,254329196.81428665
2025-01-01 01:26:48,255298902.2790316
2025-01-01 01:26:49,251997584.44396502
2025-01-01 01:26:50,248526507.89191374
2025-01-01 01:26:51,248504654.33383942
2025-01-01 01:26:52,248249998.70458668
2025-01-01 01:26:53,247408961.60628018
2025-01-01 01:26:54,252873835.24732196
2025-01-01 01:26:55,252463704.8900622
2025-01-01 01:26:56,257945656.99592566
2025-01-01 01:26:57,253019853.1853848
2025-01-01 01:26:58,252201108.6574803
2025-01-01 01:26:59,251134346.99141088
2025-01-01 01:27:00,245043132.26071373
2025-01-01 01:27:01,246733504.13736716
2025-01-01 01:27:02,250096232.0629833
2025-01-01 01:27:03,253901965.66307986
2025-01-01 01:27:04,248664990.8438685
2025-01-01 01:27:05,251880350.83488467
2025-01-01 01:27:06,246322056.27994335
2025-01-01 01:27:07,251594949.94452053
2025-01-01 01:27:08,249696231.74787012
2025-01-01 01:27:09,251682153.51904655
2025-01-01 01:27:10,256485075.53188118
2025-01-01 01:27:11,251962528.2319148
2025-01-01 01:27:12,252853856.65560353
2025-01-01 01:27:13,247350522.31478402
2025-01-01 01:27:14,247983001.3646242
2025-01-01 01:27:15,250040560.32645622
2025-01-01 01:27:16,250650309.9384845
2025-01-01 01:27:17,245420900.26700497
2025-01-01 01:27:18,252561597.78492475
2025-01-01 01:27:19,250602425.61114684
2025-01-01 01:27:20,250784328.74944064
2025-01-01 01:27:21,258721855.52800965
2025-01-01 01:27:22,259187848.75196615
2025-01-01 01:27:23,258094653.58684883
2025-01-01 01:27:24,253615051.490734
2025-01-01 01:27:25,255870156.67719516
2025-01-01 01:27:26,260777041.10750255
2025-01-01 01:27:27,253765694.79545742
2025-01-01 01:27:28,261257089.1178093
2025-01-01 01:27:29,253554855.4367233
2025-01-01 01:27:30,259204568.42884868
2025-01-01 01:27:31,250140601.36951867
2025-01-01 01:27:32,247710244.01920202
2025-01-01 01:27:33,253687599.0651797
2025-01-01 01:27:34,255596605.7722071
2025-01-01 01:27:35,256437167.1085155
2025-01-01 01:27:36,247764265.27732292
2025-01-01 01:27:37,248132466.89815152
2025-01-01 01:27:38,258537011.3011395
2025-01-01 01:27:39,258687191.06027582
2025-01-01 01:27:40,254786196.8560146
2025-01-01 01:27:41,254339196.87042543
2025-01-01 01:27:42,256138342.93475974
2025-01-01 01:27:43,265754288.73881537
2025-01-01 01:27:44,255759930.25959632
2025-01-01 01:27:45,257295636.32115787
2025-01-01 01:27:46,253311147.47035736
2025-01-01 01:27:47,256680990.96506286
2025-01-01 01:27:48,256156278.85995674
2025-01-01 01:27:49,252152480.18440616
2025-01-01 01:27:50,251425538.05370516
2025-01-01 01:27:51,252249304.47418773
2025-01-01 01:27:52,254137399.06370118
2025-01-01 01:27:53,249915971.76997128
2025-01-01 01:27:54,252544216.6930452
2025-01-01 01:27:55,253583627.76374632
2025-01-01 01:27:56,253235719.0863122
2025-01-01 01:27:57,254825848.24807054
2025-01-01 01:27:58,250767276.36343822
2025-01-01 01:27:59,245705135.74496818
2025-01-01 01:28:00,252187452.11676922
2025-01-01 01:28:01,255877074.172412
2025-01-01 01:28:02,257571445.51669717
2025-01-01 01:28:03,255194742.39822647
2025-01-01 01:28:04,249917334.1036885
2025-01-01 01:28:05,252876324.75214833
2025-01-01 01:28:06,254516099.12441018
2025-01-01 01:28:07,256693581.58698195
2025-01-01 01:28:08,252038444.88576216
2025-01-01 01:28:09,252164681.49667343
2025-01-01 01:28:10,257280671.7084368
2025-01-01 01:28:11,250745866.8975469
2025-01-01 01:28:12,246976694.35406443
2025-01-01 01:28:13,250537040.84181118
2025-01-01 01:28:14,253088072.76947117
2025-01-01 01:28:15,252642812.57962012
2025-01-01 01:28:16,242229809.37662396
2025-01-01 01:28:17,249631110.5341465
2025-01-01 01:28:18,249196694.8672907
2025-01-01 01:28:19,254908790.66605702
2025-01-01 01:28:20,247260377.75037548
2025-01-01 01:28:21,249461388.0196357
2025-01-01 01:28:22,251221113.4981535
2025-01-01 01:28:23,255202052.7735094
2025-01-01 01:28:24,251198290.9161643
2025-01-01 01:28:25,255033989.34029427
2025-01-01 01:28:26,249718399.0194917
2025-01-01 01:28:27,257186717.57260472
2025-01-01 01:28:28,253851364.44718227
2025-01-01 01:28:29,259523132.20126507
2025-01-01 01:28:30,257757142.41282913
2025-01-01 01:28:31,254248801.34794876
2025-01-01 01:28:32,252294314.85313034
2025-01-01 01:28:33,252920765.6168519
2025-01-01 01:28:34,251243150.75160486
2025-01-01 01:28:35,254744652.52343997
2025-01-01 01:28:36,256098258.36130494
2025-01-01 01:28:37,255952211.49278858
2025-01-01 01:28:38,251328445.03791967
2025-01-01 01:28:39,258924317.76070043
2025-01-01 01:28:40,261380553.4738449
2025-01-01 01:28:41,256786313.54460412
2025-01-01 01:28:42,259691297.3535982
2025-01-01 01:28:43,257060618.88821113
2025-01-01 01:28:44,258257932.55626285
2025-01-01 01:28:45,259952753.77148482
2025-01-01 01:28:46,251510257.8214246
2025-01-01 01:28:47,248065572.5337765
2025-01-01 01:28:48,253975097.75000435
2025-01-01 01:28:49,254912384.0434704
2025-01-01 01:28:50,252755659.3141171
2025-01-01 01:28:51,252315724.76643214
2025-01-01 01:28:52,254782751.81963545
2025-01-01 01:28:53,260764139.4969869
2025-01-01 01:28:54,259394874.8198054
2025-01-01 01:28:55,255485541.86254752
2025-01-01 01:28:56,253402646.6305686
2025-01-01 01:28:57,254404369.4167967
2025-01-01 01:28:58,254003692.09371728
2025-01-01 01:28:59,253665987.26016217
2025-01-01 01:29:00,254856961.04351154
2025-01-01 01:29:01,257234168.13397762
2025-01-01 01:29:02,254080669.69653463
2025-01-01 01:29:03,255663696.08593324
2025-01-01 01:29:04,251042769.80947724
2025-01-01 01:29:05,251568585.34095228
2025-01-01 01:29:06,251442222.22586632
2025-01-01 01:29:07,253177901.35346967
2025-01-01 01:29:08,251309203.16057473
2025-01-01 01:29:09,252606208.634842
2025-01-01 01:29:10,254440945.83448985
2025-01-01 01:29:11,249793279.86160842
2025-01-01 01:29:12,247252679.3760544
2025-01-01 01:29:13,245320890.29816324
2025-01-01 01:29:14,245571714.06985435
2025-01-01 01:29:15,250816479.95348975
2025-01-01 01:29:16,249235784.381568
2025-01-01 01:29:17,249021015.65168777
2025-01-01 01:29:18,251481503.12080908
2025-01-01 01:29:19,248816976.97573692
2025-01-01 01:29:20,245334778.37110966
2025-01-01 01:29:21,248974137.70439833
2025-01-01 01:29:22,253724840.00539407
2025-01-01 01:29:23,256612547.3138891
2025-01-01 01:29:24,256011279.38511127
2025-01-01 01:29:25,253910404.09110793
2025-01-01 01:29:26,253490114.844838
2025-01-01 01:29:27,255700166.98749715
2025-01-01 01:29:28,253601259.0813607
2025-01-01 01:29:29,256388846.01390964
2025-01-01 01:29:30,251574831.8165124
2025-01-01 01:29:31,254624133.8981772
2025-01-01 01:29:32,250780898.8003362
2025-01-01 01:29:33,254141024.91484392
2025-01-01 01:29:34,261809183.29730138
2025-01-01 01:29:35,259164929.09361023
2025-01-01 01:29:36,253904506.79914922
2025-01-01 01:29:37,255698773.04051533
2025-01-01 01:29:38,255986199.05087888
2025-01-01 01:29:39,262886705.07583812
2025-01-01 01:29:40,254607957.71726224
2025-01-01 01:29:41,256466255.76313183
2025-01-01 01:29:42,260997324.6089894
2025-01-01 01:29:43,257972639.4012823
2025-01-01 01:29:44,259827438.2791633
2025-01-01 01:29:45,252723445.0392343
2025-01-01 01:29:46,256964966.35396034
2025-01-01 01:29:47,251304992.24481446
2025-01-01 01:29:48,257479623.64785782
2025-01-01 01:29:49,249936024.53528002
2025-01-01 01:29:50,253582622.03100914
2025-01-01 01:29:51,253952684.4325728
2025-01-01 01:29:52,254808978.90557298
2025-01-01 01:29:53,252025701.70221224
2025-01-01 01:29:54,251510852.2483388
2025-01-01 01:29:55,252774888.53014803
2025-01-01 01:29:56,247009093.8567946
2025-01-01 01:29:57,252811661.70144933
2025-01-01 01:29:58,257134144.92619994
2025-01-01 01:29:59,250232342.94943812
2025-01-01 01:30:00,252653285.29452017
2025-01-01 01:30:01,255623705.65321726
2025-01-01 01:30:02,260740011.16287035
2025-01-01 01:30:03,263736280.0583296
2025-01-01 01:30:04,262340158.40669692
2025-01-01 01:30:05,257680838.4774813
2025-01-01 01:30:06,257769151.98483765
2025-01-01 01:30:07,260776310.99406335
2025-01-01 01:30:08,261020906.565147
2025-01-01 01:30:09,259938268.62601873
2025-01-01 01:30:10,255646597.40100706
2025-01-01 01:30:11,259926886.58665884
2025-01-01 01:30:12,257844969.9660805
2025-01-01 01:30:13,257677011.78911012
2025-01-01 01:30:14,263198335.2395855
2025-01-01 01:30:15,258821154.6582079
2025-01-01 01:30:16,261518246.0700844
2025-01-01 01:30:17,258911066.34161496
2025-01-01 01:30:18,254138367.01910168
2025-01-01 01:30:19,247693592.32107034
2025-01-01 01:30:20,250287648.76973128
2025-01-01 01:30:21,249277804.89915586
2025-01-01 01:30:22,251299470.4281582
2025-01-01 01:30:23,257720711.1498592
2025-01-01 01:30:24,261001226.41954932
2025-01-01 01:30:25,254045630.04137072
2025-01-01 01:30:26,246066550.59626883
2025-01-01 01:30:27,246210139.90431494
2025-01-01 01:30:28,251017827.43929833
2025-01-01 01:30:29,252779276.49832144
2025-01-01 01:30:30,251045615.91835228
2025-01-01 01:30:31,250719008.01534593
2025-01-01 01:30:32,247518540.47286633
2025-01-01 01:30:33,246556500.72664866
2025-01-01 01:30:34,244868093.6238534
2025-01-01 01:30:35,250075667.68842116
2025-01-01 01:30:36,254952073.16094455
2025-01-01 01:30:37,254759285.65292543
2025-01-01 01:30:38,251663433.83588174
2025-01-01 01:30:39,250799303.7205724
2025-01-01 01:30:40,250375521.37205058
2025-01-01 01:30:41,248865768.40642375
2025-01-01 01:30:42,249944189.81065792
2025-01-01 01:30:43,247964069.64664674
2025-01-01 01:30:44,247886802.65485528
2025-01-01 01:30:45,255860942.00768912
2025-01-01 01:30:46,254009148.86876398
2025-01-01 01:30:47,254275560.56235516
2025-01-01 01:30:48,253806898.58501592
2025-01-01 01:30:49,253323950.32914975
2025-01-01 01:30:50,254461644.03737202
2025-01-01 01:30:51,255143890.57313293
2025-01-01 01:30:52,255652097.5143585
2025-01-01 01:30:53,252120945.41083026
2025-01-01 01:30:54,258720988.38350666
2025-01-01 01:30:55,253556111.92657763
2025-01-01 01:30:56,258206511.7543616
2025-01-01 01:30:57,258209850.65141395
2025-01-01 01:30:58,252026504.36776003
2025-01-01 01:30:59,252867447.06368607
2025-01-01 01:31:00,248892181.62948054
2025-01-01 01:31:01,249509220.72392222
2025-01-01 01:31:02,253960520.37296796
2025-01-01 01:31:03,252538630.07873678
2025-01-01 01:31:04,243690509.1204244
2025-01-01 01:31:05,244710045.86476737
2025-01-01 01:31:06,246118316.29724112
2025-01-01 01:31:07,244997472.07917425
2025-01-01 01:31:08,244055100.14546052
2025-01-01 01:31:09,245146152.12496665
2025-01-01 01:31:10,249028436.36273155
2025-01-01 01:31:11,249050078.8953923
2025-01-01 01:31:12,241498215.1854365
2025-01-01 01:31:13,248814656.46053857
2025-01-01 01:31:14,252123475.49592778
2025-01-01 01:31:15,245518908.19417712
2025-01-01 01:31:16,255012240.5527527
2025-01-01 01:31:17,254265545.98182338
2025-01-01 01:31:18,251303658.68398985
2025-01-01 01:31:19,245414890.459695
2025-01-01 01:31:20,248398316.89406037
2025-01-01 01:31:21,245730045.03630182
2025-01-01 01:31:22,252583921.71033484
2025-01-01 01:31:23,254574381.51834777
2025-01-01 01:31:24,247643679.73204207
2025-01-01 01:31:25,250127329.89731285
2025-01-01 01:31:26,250929223.49650145
2025-01-01 01:31:27,255074509.50043494
2025-01-01 01:31:28,249865284.48834634
2025-01-01 01:31:29,247937136.69178304
2025-01-01 01:31:30,244885486.26624197
2025-01-01 01:31:31,252712474.13409036
2025-01-01 01:31:32,254138979.84525284
2025-01-01 01:31:33,253737844.85342547
2025-01-01 01:31:34,249901522.07056963
2025-01-01 01:31:35,258006183.39013362
2025-01-01 01:31:36,257411285.62659195
2025-01-01 01:31:37,247919140.0518148
2025-01-01 01:31:38,249315676.1818682
2025-01-01 01:31:39,249622850.36033335
2025-01-01 01:31:40,248140787.0142475
2025-01-01 01:31:41,249341471.83748156
2025-01-01 01:31:42,247909898.71966484
2025-01-01 01:31:43,242240886.22064573
2025-01-01 01:31:44,248205044.70889047
2025-01-01 01:31:45,248124481.59345514
2025-01-01 01:31:46,250900709.79607755
2025-01-01 01:31:47,253477645.63557392
2025-01-01 01:31:48,252166833.61480045
2025-01-01 01:31:49,248389808.9422628
2025-01-01 01:31:50,248108180.6691618
2025-01-01 01:31:51,249266258.32465014
2025-01-01 01:31:52,247004987.91980135
2025-01-01 01:31:53,238285380.8740838
2025-01-01 01:31:54,248340567.20317584
2025-01-01 01:31:55,245672187.10361886
2025-01-01 01:31:56,247574023.73741844
2025-01-01 01:31:57,245971903.33124855
2025-01-01 01:31:58,245908986.40140402
2025-01-01 01:31:59,242540418.23736587
2025-01-01 01:32:00,243268842.29487586
2025-01-01 01:32:01,247798719.51599035
2025-01-01 01:32:02,243364341.93271816
2025-01-01 01:32:03,247722494.27139196
2025-01-01 01:32:04,251123319.2691334
2025-01-01 01:32:05,252387789.4523148
2025-01-01 01:32:06,252568238.5256032
2025-01-01 01:32:07,251896544.8743884
2025-01-01 01:32:08,256290631.58300868
2025-01-01 01:32:09,254237553.3956447
2025-01-01 01:32:10,256544970.53357044
2025-01-01 01:32:11,254594682.3044169
2025-01-01 01:32:12,256410517.70283228
2025-01-01 01:32:13,258855489.5872385
2025-01-01 01:32:14,257166505.94349357
2025-01-01 01:32:15,256862469.55996102
2025-01-01 01:32:16,260119457.31682044
2025-01-01 01:32:17,255552934.12572336
2025-01-01 01:32:18,256958320.16967052
2025-01-01 01:32:19,258560643.8100631
2025-01-01 01:32:20,258570045.16132656
2025-01-01 01:32:21,261853829.00815058
2025-01-01 01:32:22,258512400.44893166
2025-01-01 01:32:23,258673881.79024875
2025-01-01 01:32:24,256469361.15052176
2025-01-01 01:32:25,262043997.72330454
2025-01-01 01:32:26,256665383.7402555
2025-01-01 01:32:27,261503941.91102806
2025-01-01 01:32:28,261866660.2787771
2025-01-01 01:32:29,260733870.93142536
2025-01-01 01:32:30,248739503.02740923
2025-01-01 01:32:31,253830974.1496414
2025-01-01 01:32:32,257084063.8523541
2025-01-01 01:32:33,260484863.2882413
2025-01-01 01:32:34,253910204.08094755
2025-01-01 01:32:35,257171957.53713623
2025-01-01 01:32:36,255173586.2082487
2025-01-01 01:32:37,254919883.43924913
2025-01-01 01:32:38,250414029.52032605
2025-01-01 01:32:39,250089150.37013593
2025-01-01 01:32:40,254536680.62231374
2025-01-01 01:32:41,258093740.46510676
2025-01-01 01:32:42,251778856.74297613
2025-01-01 01:32:43,257601345.34607825
2025-01-01 01:32:44,256216442.0766794
2025-01-01 01:32:45,253651017.52363262
2025-01-01 01:32:46,254166227.8866206
2025-01-01 01:32:47,251437704.92601106
2025-01-01 01:32:48,253570618.43746942
2025-01-01 01:32:49,252787306.46818256
2025-01-01 01:32:50,252346364.19944492
2025-01-01 01:32:51,249097421.77673525
2025-01-01 01:32:52,253340962.0948014
2025-01-01 01:32:53,251148917.08161214
2025-01-01 01:32:54,256344114.9089067
2025-01-01 01:32:55,256036341.7351673
2025-01-01 01:32:56,253693321.98157644
2025-01-01 01:32:57,255117208.2072244
2025-01-01 01:32:58,247080950.20767814
2025-01-01 01:32:59,251713880.78999645
2025-01-01 01:33:00,251755203.71015683
2025-01-01 01:33:01,250030061.7400535
2025-01-01 01:33:02,247948057.28938898
2025-01-01 01:33:03,251191316.9748168
2025-01-01 01:33:04,251186749.61725354
2025-01-01 01:33:05,254304859.48070782
2025-01-01 01:33:06,262223736.3088043
2025-01-01 01:33:07,255123122.44094756
2025-01-01 01:33:08,255654044.39778104
2025-01-01 01:33:09,260594513.06809843
2025-01-01 01:33:10,254416912.54434136
2025-01-01 01:33:11,250955992.80016086
2025-01-01 01:33:12,247939705.38502708
2025-01-01 01:33:13,250213666.81803283
2025-01-01 01:33:14,245747656.12066767
2025-01-01 01:33:15,251258179.5196693
2025-01-01 01:33:16,255297308.0220754
2025-01-01 01:33:17,265465301.44507596
2025-01-01 01:33:18,252757121.83137512
2025-01-01 01:33:19,253359043.150258
2025-01-01 01:33:20,251353253.8993868
2025-01-01 01:33:21,249302539.86386925
2025-01-01 01:33:22,255494970.24438462
2025-01-01 01:33:23,255925465.05592418
2025-01-01 01:33:24,251934282.2410208
2025-01-01 01:33:25,252474897.91697353
2025-01-01 01:33:26,248936298.4472309
2025-01-01 01:33:27,246966564.7087886
2025-01-01 01:33:28,246141794.37617075
2025-01-01 01:33:29,246769684.60903937
2025-01-01 01:33:30,255467354.76335743
2025-01-01 01:33:31,259622253.40767235
2025-01-01 01:33:32,260527032.4930789
2025-01-01 01:33:33,259156898.57475626
2025-01-01 01:33:34,252939855.62310535
2025-01-01 01:33:35,252696214.97781828
2025-01-01 01:33:36,254367971.30960166
2025-01-01 01:33:37,247537035.9546423
2025-01-01 01:33:38,247099597.63676032
2025-01-01 01:33:39,253940519.65365726
2025-01-01 01:33:40,246853818.16263634
2025-01-01 01:33:41,250130460.9198023
2025-01-01 01:33:42,251340617.0736762
2025-01-01 01:33:43,248167441.78087902
2025-01-01 01:33:44,249533525.71212053
2025-01-01 01:33:45,249664932.1679115
2025-01-01 01:33:46,252240066.09015942
2025-01-01 01:33:47,256908976.19708994
2025-01-01 01:33:48,249670897.09037918
2025-01-01 01:33:49,245393650.11419523
2025-01-01 01:33:50,247044638.75063083
2025-01-01 01:33:51,251589567.17177626
2025-01-01 01:33:52,252935091.4380093
2025-01-01 01:33:53,252881966.79717475
2025-01-01 01:33:54,246950181.4834439
2025-01-01 01:33:55,247047592.0833078
2025-01-01 01:33:56,249520090.8210163
2025-01-01 01:33:57,243560326.81310716
2025-01-01 01:33:58,242514287.65851414
2025-01-01 01:33:59,242863402.9355253
2025-01-01 01:34:00,248752974.51892948
2025-01-01 01:34:01,247305916.19786265
2025-01-01 01:34:02,248337580.71935427
2025-01-01 01:34:03,251693152.38314265
2025-01-01 01:34:04,255470564.72903386
2025-01-01 01:34:05,257185802.64103547
2025-01-01 01:34:06,252602269.66424578
2025-01-01 01:34:07,250335585.32194093
2025-01-01 01:34:08,248368070.1739877
2025-01-01 01:34:09,254700904.208923
2025-01-01 01:34:10,248850236.01715967
2025-01-01 01:34:11,243569047.16509962
2025-01-01 01:34:12,251696300.41738218
2025-01-01 01:34:13,244735251.086935
2025-01-01 01:34:14,247598468.10466206
2025-01-01 01:34:15,246255962.06352928
2025-01-01 01:34:16,249575511.4459789
2025-01-01 01:34:17,247344859.40670583
2025-01-01 01:34:18,252655533.4007626
2025-01-01 01:34:19,251502229.98247683
2025-01-01 01:34:20,242782819.6089822
2025-01-01 01:34:21,244234339.00708187
2025-01-01 01:34:22,246717448.10258678
2025-01-01 01:34:23,243787720.83937657
2025-01-01 01:34:24,240585189.51112184
2025-01-01 01:34:25,238124648.15283966
2025-01-01 01:34:26,241698990.72898805
2025-01-01 01:34:27,244759256.35248587
2025-01-01 01:34:28,248725905.64004257
2025-01-01 01:34:29,252109041.6795787
2025-01-01 01:34:30,245131908.14536756
2025-01-01 01:34:31,249987580.2911747
2025-01-01 01:34:32,240485947.43278772
2025-01-01 01:34:33,240468067.19082725
2025-01-01 01:34:34,244173769.8513116
2025-01-01 01:34:35,245310913.33465794
2025-01-01 01:34:36,238122795.207757
2025-01-01 01:34:37,241780303.90196544
2025-01-01 01:34:38,246798822.70416692
2025-01-01 01:34:39,242118034.4379445
2025-01-01 01:34:40,240020536.65234962
2025-01-01 01:34:41,239130759.63220763
2025-01-01 01:34:42,244974298.33008572
2025-01-01 01:34:43,249376706.93889868
2025-01-01 01:34:44,247923639.4041018
2025-01-01 01:34:45,246233564.15571743
2025-01-01 01:34:46,244395778.2908974
2025-01-01 01:34:47,243877622.0105292
2025-01-01 01:34:48,246252815.25031552
2025-01-01 01:34:49,247948391.33733603
2025-01-01 01:34:50,239356545.76959404
2025-01-01 01:34:51,246805329.3096882
2025-01-01 01:34:52,248712664.13171452
2025-01-01 01:34:53,247991084.70514694
2025-01-01 01:34:54,244608803.88331226
2025-01-01 01:34:55,244277862.0573863
2025-01-01 01:34:56,250041288.25832322
2025-01-01 01:34:57,246497027.354505
2025-01-01 01:34:58,251035358.87087038
2025-01-01 01:34:59,249366097.11547953
2025-01-01 01:35:00,245148757.78289843
2025-01-01 01:35:01,245129550.74359888
2025-01-01 01:35:02,248287384.8043373
2025-01-01 01:35:03,245973803.1947254
2025-01-01 01:35:04,246810347.59964314
2025-01-01 01:35:05,248076652.96168852
2025-01-01 01:35:06,249241970.993623
2025-01-01 01:35:07,256768673.16835615
2025-01-01 01:35:08,250693776.0167866
2025-01-01 01:35:09,243257650.8113707
2025-01-01 01:35:10,241878861.1406226
2025-01-01 01:35:11,246013969.47692502
2025-01-01 01:35:12,248567575.38115743
2025-01-01 01:35:13,252525301.11524174
2025-01-01 01:35:14,244917773.99550575
2025-01-01 01:35:15,239106965.70654
2025-01-01 01:35:16,244056269.38657862
2025-01-01 01:35:17,247702482.62742734
2025-01-01 01:35:18,245624730.86222327
2025-01-01 01:35:19,248922440.17633858
2025-01-01 01:35:20,249057841.75542247
2025-01-01 01:35:21,247895789.2998342
2025-01-01 01:35:22,246703518.10550982
2025-01-01 01:35:23,247922065.0594498
2025-01-01 01:35:24,247395625.0079318
2025-01-01 01:35:25,253080183.02921572
2025-01-01 01:35:26,252992862.09005004
2025-01-01 01:35:27,244021311.20690957
2025-01-01 01:35:28,243063260.36666086
2025-01-01 01:35:29,243377070.12124428
2025-01-01 01:35:30,255248532.3119554
2025-01-01 01:35:31,256767741.93669188
2025-01-01 01:35:32,256304261.27610463
2025-01-01 01:35:33,251915189.99993148
2025-01-01 01:35:34,252048925.64560124
2025-01-01 01:35:35,246421201.3742872
2025-01-01 01:35:36,251923721.23895165
2025-01-01 01:35:37,250887694.26259843
2025-01-01 01:35:38,249173848.1444536
2025-01-01 01:35:39,256781120.30391914
2025-01-01 01:35:40,248829797.23098743
2025-01-01 01:35:41,252169405.350759
2025-01-01 01:35:42,254850564.81246558
2025-01-01 01:35:43,251248655.73622265
2025-01-01 01:35:44,248845064.7767904
2025-01-01 01:35:45,250016014.6202843
2025-01-01 01:35:46,251573868.90293038
2025-01-01 01:35:47,254315228.00227594
2025-01-01 01:35:48,255475717.3763628
2025-01-01 01:35:49,255625514.434666
2025-01-01 01:35:50,254530471.63721567
2025-01-01 01:35:51,252786852.28908217
2025-01-01 01:35:52,250053912.6095209
2025-01-01 01:35:53,252361562.55492097
2025-01-01 01:35:54,252460695.3620596
2025-01-01 01:35:55,243739272.757055
2025-01-01 01:35:56,243499666.0821971
2025-01-01 01:35:57,242674188.71048903
2025-01-01 01:35:58,240760716.079114
2025-01-01 01:35:59,241498128.5078502
2025-01-01 01:36:00,246955275.73869276
2025-01-01 01:36:01,251812566.570954
2025-01-01 01:36:02,246931216.79319757
2025-01-01 01:36:03,245473599.6456975
2025-01-01 01:36:04,243669471.47420615
2025-01-01 01:36:05,252000894.09091833
2025-01-01 01:36:06,246682414.04942274
2025-01-01 01:36:07,251174282.45482734
2025-01-01 01:36:08,248560053.54854462
2025-01-01 01:36:09,244201002.98832586
2025-01-01 01:36:10,247325282.37331372
2025-01-01 01:36:11,245592839.6622621
2025-01-01 01:36:12,248092904.03016257
2025-01-01 01:36:13,250442075.14772278
2025-01-01 01:36:14,247302457.3491266
2025-01-01 01:36:15,248614060.87198976
2025-01-01 01:36:16,251299855.6835346
2025-01-01 01:36:17,253758753.93607295
2025-01-01 01:36:18,253606523.2349374
2025-01-01 01:36:19,252185493.52476203
2025-01-01 01:36:20,253555349.74612328
2025-01-01 01:36:21,247082002.63818434
2025-01-01 01:36:22,252836195.34182706
2025-01-01 01:36:23,250296641.649893
2025-01-01 01:36:24,247128522.32791284
2025-01-01 01:36:25,255312025.06944737
2025-01-01 01:36:26,251724486.43154258
2025-01-01 01:36:27,255013673.84995592
2025-01-01 01:36:28,251538203.4764352
2025-01-01 01:36:29,255172213.67760977
2025-01-01 01:36:30,254238031.3091817
2025-01-01 01:36:31,247733727.15724507
2025-01-01 01:36:32,249475418.25010467
2025-01-01 01:36:33,249743384.1542088
2025-01-01 01:36:34,254883039.83047718
2025-01-01 01:36:35,246980981.94791874
2025-01-01 01:36:36,254946822.6147628
2025-01-01 01:36:37,245867571.02940464
2025-01-01 01:36:38,247867984.25591406
2025-01-01 01:36:39,253260748.63379472
2025-01-01 01:36:40,250833603.56914726
2025-01-01 01:36:41,246991971.4725438
2025-01-01 01:36:42,246875770.19147465
2025-01-01 01:36:43,250327063.0810748
2025-01-01 01:36:44,245380914.2905666
2025-01-01 01:36:45,251308225.80831137
2025-01-01 01:36:46,250474892.0694874
2025-01-01 01:36:47,251240552.3604166
2025-01-01 01:36:48,250525558.83634704
2025-01-01 01:36:49,249385793.2732135
2025-01-01 01:36:50,249855258.16495737
2025-01-01 01:36:51,243529089.65734422
2025-01-01 01:36:52,240446550.03832486
2025-01-01 01:36:53,248714396.25268248
2025-01-01 01:36:54,247256537.2744475
2025-01-01 01:36:55,253704114.24393842
2025-01-01 01:36:56,251966638.00608894
2025-01-01 01:36:57,256819842.59843922
2025-01-01 01:36:58,254264331.01647034
2025-01-01 01:36:59,253723580.6761064
2025-01-01 01:37:00,251447641.93310493
2025-01-01 01:37:01,244928189.42758003
2025-01-01 01:37:02,242717063.49221677
2025-01-01 01:37:03,240687514.15561202
2025-01-01 01:37:04,245370776.47654405
2025-01-01 01:37:05,254097628.81651658
2025-01-01 01:37:06,251529339.6518591
2025-01-01 01:37:07,253609287.60443223
2025-01-01 01:37:08,252802065.56886423
2025-01-01 01:37:09,252766032.27555734
2025-01-01 01:37:10,248751957.9919608
2025-01-01 01:37:11,252321907.27238595
2025-01-01 01:37:12,249600174.30548942
2025-01-01 01:37:13,252032904.9411739
2025-01-01 01:37:14,257517834.49231607
2025-01-01 01:37:15,250161182.52977958
2025-01-01 01:37:16,248477945.34108198
2025-01-01 01:37:17,248210884.38207063
2025-01-01 01:37:18,249591580.25059968
2025-01-01 01:37:19,251876374.59428787
2025-01-01 01:37:20,251489747.14266387
2025-01-01 01:37:21,245071370.46107435
2025-01-01 01:37:22,249090577.51550427
2025-01-01 01:37:23,255542887.3929559
2025-01-01 01:37:24,254045396.3662221
2025-01-01 01:37:25,249180001.12381288
2025-01-01 01:37:26,255351833.02683708
2025-01-01 01:37:27,244251795.21142218
2025-01-01 01:37:28,252052774.6720145
2025-01-01 01:37:29,248491914.76503438
2025-01-01 01:37:30,252277780.8328683
2025-01-01 01:37:31,252532055.34023163
2025-01-01 01:37:32,250334866.4516352
2025-01-01 01:37:33,251145695.86772177
2025-01-01 01:37:34,246970050.5593464
2025-01-01 01:37:35,250408691.89676595
2025-01-01 01:37:36,248021365.1747299
2025-01-01 01:37:37,248442960.84082907
2025-01-01 01:37:38,252644891.60103586
2025-01-01 01:37:39,249477888.64574522
2025-01-01 01:37:40,247804364.54297796
2025-01-01 01:37:41,247627397.8868685
2025-01-01 01:37:42,248517418.84763125
2025-01-01 01:37:43,245275457.97344828
2025-01-01 01:37:44,243984566.94831747
2025-01-01 01:37:45,250556806.7444765
2025-01-01 01:37:46,246879284.1445802
2025-01-01 01:37:47,250505210.82986325
2025-01-01 01:37:48,252541932.61283216
2025-01-01 01:37:49,255804859.44541305
2025-01-01 01:37:50,253147956.53500822
2025-01-01 01:37:51,246131943.7878783
2025-01-01 01:37:52,248922857.13413548
2025-01-01 01:37:53,242802873.79834864
2025-01-01 01:37:54,247050167.85651243
2025-01-01 01:37:55,246071383.51996672
2025-01-01 01:37:56,241039208.47029167
2025-01-01 01:37:57,244699941.8609639
2025-01-01 01:37:58,250579321.48523286
2025-01-01 01:37:59,246275724.76316163
2025-01-01 01:38:00,247556104.60934258
2025-01-01 01:38:01,248499984.62960866
2025-01-01 01:38:02,243034894.37501413
2025-01-01 01:38:03,244550285.70587274
2025-01-01 01:38:04,248206189.95545465
2025-01-01 01:38:05,246896160.9627595
2025-01-01 01:38:06,243132307.0772587
2025-01-01 01:38:07,243267491.1459053
2025-01-01 01:38:08,245431567.97540814
2025-01-01 01:38:09,250544005.24307856
2025-01-01 01:38:10,251031390.03064188
2025-01-01 01:38:11,253086635.1955392
2025-01-01 01:38:12,248893701.0647187
2025-01-01 01:38:13,251654284.7316923
2025-01-01 01:38:14,252890871.74269843
2025-01-01 01:38:15,251639973.18015844
2025-01-01 01:38:16,256017044.031807
2025-01-01 01:38:17,253140318.42693657
2025-01-01 01:38:18,252666315.99549237
2025-01-01 01:38:19,253226675.08433005
2025-01-01 01:38:20,245091525.0324324
2025-01-01 01:38:21,246037070.38668016
2025-01-01 01:38:22,249294743.69877788
2025-01-01 01:38:23,244707419.98254016
2025-01-01 01:38:24,244740498.33808658
2025-01-01 01:38:25,248858108.88719606
2025-01-01 01:38:26,256049009.79034483
2025-01-01 01:38:27,246610501.00803733
2025-01-01 01:38:28,250833896.46340403
2025-01-01 01:38:29,251615502.62897345
2025-01-01 01:38:30,245068236.8497846
2025-01-01 01:38:31,257668296.37673163
2025-01-01 01:38:32,252295105.7328064
2025-01-01 01:38:33,251675473.06698817
2025-01-01 01:38:34,246726292.00075334
2025-01-01 01:38:35,249187159.73657435
2025-01-01 01:38:36,249853979.95975474
2025-01-01 01:38:37,250493264.22568902
2025-01-01 01:38:38,254560463.4104184
2025-01-01 01:38:39,252092946.63972834
2025-01-01 01:38:40,255277616.35652313
2025-01-01 01:38:41,256693752.4188188
2025-01-01 01:38:42,255750425.23020238
2025-01-01 01:38:43,252177486.92445275
2025-01-01 01:38:44,249232282.4568255
2025-01-01 01:38:45,253456314.27047193
2025-01-01 01:38:46,249850850.95267096
2025-01-01 01:38:47,252933502.09719574
2025-01-01 01:38:48,250464052.02446476
2025-01-01 01:38:49,251664044.79628274
2025-01-01 01:38:50,248991744.1144871
2025-01-01 01:38:51,257530307.71477735
2025-01-01 01:38:52,254003484.8089017
2025-01-01 01:38:53,247431192.23044324
2025-01-01 01:38:54,242773262.35707006
2025-01-01 01:38:55,247885069.12908268
2025-01-01 01:38:56,242163063.80425978
2025-01-01 01:38:57,244820186.56791025
2025-01-01 01:38:58,239101213.51304495
2025-01-01 01:38:59,237321944.62445477
2025-01-01 01:39:00,242702164.40463993
2025-01-01 01:39:01,242170934.91927153
2025-01-01 01:39:02,239829926.38013637
2025-01-01 01:39:03,249594234.47895098
2025-01-01 01:39:04,253566062.08906034
2025-01-01 01:39:05,250495613.08739704
2025-01-01 01:39:06,244391969.4423921
2025-01-01 01:39:07,246341952.94191068
2025-01-01 01:39:08,238813305.66518864
2025-01-01 01:39:09,238251977.47109085
2025-01-01 01:39:10,246274161.53133437
2025-01-01 01:39:11,239435946.89242673
2025-01-01 01:39:12,244120965.48926547
2025-01-01 01:39:13,244412796.8011071
2025-01-01 01:39:14,247702922.1988487
2025-01-01 01:39:15,257332555.02532756
2025-01-01 01:39:16,257445396.77934882
2025-01-01 01:39:17,258236738.8568191
2025-01-01 01:39:18,253741587.8476895
2025-01-01 01:39:19,254545985.51810706
2025-01-01 01:39:20,254979485.15815914
2025-01-01 01:39:21,252105972.672015
2025-01-01 01:39:22,249741296.26685226
2025-01-01 01:39:23,251903287.66929087
2025-01-01 01:39:24,260152637.56932473
2025-01-01 01:39:25,249895598.3370688
2025-01-01 01:39:26,251661367.7972
2025-01-01 01:39:27,250316782.11065537
2025-01-01 01:39:28,246387220.81097966
2025-01-01 01:39:29,251837306.16594586
2025-01-01 01:39:30,250339442.03728515
2025-01-01 01:39:31,247772810.36449495
2025-01-01 01:39:32,249674205.59050608
2025-01-01 01:39:33,243728410.40164623
2025-01-01 01:39:34,242602284.33895826
2025-01-01 01:39:35,249794955.6992562
2025-01-01 01:39:36,248537777.28263596
2025-01-01 01:39:37,250873749.47702938
2025-01-01 01:39:38,246641862.90064117
2025-01-01 01:39:39,251032273.85770515
2025-01-01 01:39:40,247903937.69821823
2025-01-01 01:39:41,247678361.25723353
2025-01-01 01:39:42,249677507.3680019
2025-01-01 01:39:43,250846186.57539794
2025-01-01 01:39:44,249554213.95959365
2025-01-01 01:39:45,253976422.3659431
2025-01-01 01:39:46,244765731.9167738
2025-01-01 01:39:47,250662531.3501354
2025-01-01 01:39:48,250492498.9252022
2025-01-01 01:39:49,253310456.22634703
2025-01-01 01:39:50,255814860.06785053
2025-01-01 01:39:51,254013955.03391632
2025-01-01 01:39:52,249096043.9556011
2025-01-01 01:39:53,249817545.87141314
2025-01-01 01:39:54,254509811.91306618
2025-01-01 01:39:55,254866676.30733335
2025-01-01 01:39:56,250448504.03934652
2025-01-01 01:39:57,250967528.51759902
2025-01-01 01:39:58,250787408.85773003
2025-01-01 01:39:59,244752906.87164852
2025-01-01 01:40:00,245893047.4161025
2025-01-01 01:40:01,246703279.73244092
2025-01-01 01:40:02,247906742.2896096
2025-01-01 01:40:03,250248947.92076612
2025-01-01 01:40:04,253534066.14995766
2025-01-01 01:40:05,253953577.86970362
2025-01-01 01:40:06,255308664.3315428
2025-01-01 01:40:07,249644723.1831853
2025-01-01 01:40:08,251224577.8977549
2025-01-01 01:40:09,254402837.8753601
2025-01-01 01:40:10,254296932.50995842
2025-01-01 01:40:11,255144431.96794674
2025-01-01 01:40:12,250354372.1842525
2025-01-01 01:40:13,251789252.4132967
2025-01-01 01:40:14,255139470.3790511
2025-01-01 01:40:15,248872270.47237048
2025-01-01 01:40:16,250879369.87173906
2025-01-01 01:40:17,251028341.57343477
2025-01-01 01:40:18,249929887.20474568
2025-01-01 01:40:19,254513533.55387983
2025-01-01 01:40:20,254583725.54916424
2025-01-01 01:40:21,256869746.59323186
2025-01-01 01:40:22,251065076.20688444
2025-01-01 01:40:23,252130157.3153105
2025-01-01 01:40:24,247964157.76319554
2025-01-01 01:40:25,256737283.34303725
2025-01-01 01:40:26,254294264.52627558
2025-01-01 01:40:27,247603429.7893448
2025-01-01 01:40:28,249762988.60613316
2025-01-01 01:40:29,249038968.70641348
2025-01-01 01:40:30,248295652.93200994
2025-01-01 01:40:31,246175302.63572827
2025-01-01 01:40:32,247271533.80900198
2025-01-01 01:40:33,245637691.97585133
2025-01-01 01:40:34,247316065.3580244
2025-01-01 01:40:35,245092935.9295078
2025-01-01 01:40:36,247506709.40989038
2025-01-01 01:40:37,249442064.94546235
2025-01-01 01:40:38,248648875.41059217
2025-01-01 01:40:39,246764735.4183773
2025-01-01 01:40:40,247106993.15408784
2025-01-01 01:40:41,253245602.68375263
2025-01-01 01:40:42,248070169.8302455
2025-01-01 01:40:43,251586543.8324181
2025-01-01 01:40:44,247806136.5467147
2025-01-01 01:40:45,245317394.27370667
2025-01-01 01:40:46,246251749.83119178
2025-01-01 01:40:47,242716263.2790205
2025-01-01 01:40:48,247021974.32372305
2025-01-01 01:40:49,245652682.6552481
2025-01-01 01:40:50,243591761.13135162
2025-01-01 01:40:51,248349469.48080415
2025-01-01 01:40:52,242562774.4693793
2025-01-01 01:40:53,242289221.9797086
2025-01-01 01:40:54,247572156.70526874
2025-01-01 01:40:55,246771022.06674227
2025-01-01 01:40:56,241139942.04911795
2025-01-01 01:40:57,240395817.54878783
2025-01-01 01:40:58,246160056.95997775
2025-01-01 01:40:59,247670802.09083906
2025-01-01 01:41:00,240915680.3935648
2025-01-01 01:41:01,240330820.92248333
2025-01-01 01:41:02,247024405.22883534
2025-01-01 01:41:03,246816103.596635
2025-01-01 01:41:04,247268762.319537
2025-01-01 01:41:05,247381215.18211028
2025-01-01 01:41:06,244868662.87841713
2025-01-01 01:41:07,243954686.25030664
2025-01-01 01:41:08,243120304.36009264
2025-01-01 01:41:09,244413125.73081267
2025-01-01 01:41:10,245525721.00940052
2025-01-01 01:41:11,245640839.44282994
2025-01-01 01:41:12,248028632.23073927
2025-01-01 01:41:13,245921818.9843732
2025-01-01 01:41:14,239880774.72107762
2025-01-01 01:41:15,244188998.92522496
2025-01-01 01:41:16,240303220.51846907
2025-01-01 01:41:17,246728508.0735128
2025-01-01 01:41:18,251072269.002917
2025-01-01 01:41:19,245790862.2794066
2025-01-01 01:41:20,246720712.31334758
2025-01-01 01:41:21,242033627.81967372
2025-01-01 01:41:22,252873135.5683476
2025-01-01 01:41:23,248453764.51009724
2025-01-01 01:41:24,245894655.6437859
2025-01-01 01:41:25,246414826.7566652
2025-01-01 01:41:26,241911606.01399043
2025-01-01 01:41:27,249356353.20972234
2025-01-01 01:41:28,251734911.43756837
2025-01-01 01:41:29,245253228.4650042
2025-01-01 01:41:30,245919916.7705301
2025-01-01 01:41:31,241958327.11532876
2025-01-01 01:41:32,241632171.73854628
2025-01-01 01:41:33,242923105.09652087
2025-01-01 01:41:34,246442210.31991947
2025-01-01 01:41:35,247477098.46910584
2025-01-01 01:41:36,245640863.35765478
2025-01-01 01:41:37,242811655.16598958
2025-01-01 01:41:38,249862141.39682397
2025-01-01 01:41:39,252046456.6151768
2025-01-01 01:41:40,247627706.00210115
2025-01-01 01:41:41,242829771.89468238
2025-01-01 01:41:42,241062832.4508316
2025-01-01 01:41:43,251618497.41277727
2025-01-01 01:41:44,253698342.63708255
2025-01-01 01:41:45,248142280.87062657
2025-01-01 01:41:46,246891886.23577955
2025-01-01 01:41:47,251284529.281912
2025-01-01 01:41:48,252879767.88670948
2025-01-01 01:41:49,259433547.93106756
2025-01-01 01:41:50,250094783.65805808
2025-01-01 01:41:51,250821659.33419582
2025-01-01 01:41:52,247611137.0292374
2025-01-01 01:41:53,242144151.37406558
2025-01-01 01:41:54,250022780.46581706
2025-01-01 01:41:55,247789288.4593839
2025-01-01 01:41:56,244847671.87711805
2025-01-01 01:41:57,251484877.28106648
2025-01-01 01:41:58,245048434.3163189
2025-01-01 01:41:59,249921715.8871461
2025-01-01 01:42:00,245628504.79225653
2025-01-01 01:42:01,237817583.2274701
2025-01-01 01:42:02,241876242.806974
2025-01-01 01:42:03,247976286.10147604
2025-01-01 01:42:04,242136035.8340862
2025-01-01 01:42:05,239795558.64338908
2025-01-01 01:42:06,248303474.635778
2025-01-01 01:42:07,242665339.77903238
2025-01-01 01:42:08,245142879.95781523
2025-01-01 01:42:09,246529816.2385261
2025-01-01 01:42:10,247637065.89655796
2025-01-01 01:42:11,254883801.15331528
2025-01-01 01:42:12,245447987.47881758
2025-01-01 01:42:13,256693697.0521183
2025-01-01 01:42:14,254052449.63562655
2025-01-01 01:42:15,246744010.58508465
2025-01-01 01:42:16,247526571.59346563
2025-01-01 01:42:17,245453601.27172717
2025-01-01 01:42:18,249714973.52752158
2025-01-01 01:42:19,245333635.84702238
2025-01-01 01:42:20,248465519.14353222
2025-01-01 01:42:21,245006008.15606412
2025-01-01 01:42:22,248603974.00241983
2025-01-01 01:42:23,243460087.2032197
2025-01-01 01:42:24,241647268.4570781
2025-01-01 01:42:25,238743519.64150992
2025-01-01 01:42:26,239095499.23468694
2025-01-01 01:42:27,241704724.1031014
2025-01-01 01:42:28,243562064.26449353
2025-01-01 01:42:29,245823547.04690897
2025-01-01 01:42:30,237181474.51939058
2025-01-01 01:42:31,236902952.09734178
2025-01-01 01:42:32,240782974.89628676
2025-01-01 01:42:33,245095904.3836592
2025-01-01 01:42:34,239946098.037477
2025-01-01 01:42:35,242301610.88067052
2025-01-01 01:42:36,245873717.75687188
2025-01-01 01:42:37,247847347.81864518
2025-01-01 01:42:38,244636917.56551906
2025-01-01 01:42:39,245775908.0778287
2025-01-01 01:42:40,247119604.05320406
2025-01-01 01:42:41,246755380.6546075
2025-01-01 01:42:42,244097229.8387278
2025-01-01 01:42:43,246104460.78256065
2025-01-01 01:42:44,249528238.09101936
2025-01-01 01:42:45,242930019.8300607
2025-01-01 01:42:46,241614285.32302672
2025-01-01 01:42:47,237613320.94379303
2025-01-01 01:42:48,245588237.48479337
2025-01-01 01:42:49,241383548.45931643
2025-01-01 01:42:50,239606808.32378238
2025-01-01 01:42:51,241477999.21666864
2025-01-01 01:42:52,243762630.30190513
2025-01-01 01:42:53,245882574.13038263
2025-01-01 01:42:54,250579975.37481242
2025-01-01 01:42:55,244265617.02441904
2025-01-01 01:42:56,250667838.93877164
2025-01-01 01:42:57,244667472.94377002
2025-01-01 01:42:58,241367012.00938478
2025-01-01 01:42:59,245079548.37326542
2025-01-01 01:43:00,242619486.77407417
2025-01-01 01:43:01,241007440.03097135
2025-01-01 01:43:02,247642325.51408985
2025-01-01 01:43:03,250504984.93176928
2025-01-01 01:43:04,247020808.80518952
2025-01-01 01:43:05,243926406.4920535
2025-01-01 01:43:06,251894909.5056405
2025-01-01 01:43:07,248251870.75377652
2025-01-01 01:43:08,244658822.4709003
2025-01-01 01:43:09,242204316.53079686
2025-01-01 01:43:10,239162239.23074993
2025-01-01 01:43:11,243164348.4285287
2025-01-01 01:43:12,243145163.32875428
2025-01-01 01:43:13,247161112.96943837
2025-01-01 01:43:14,239701024.69758967
2025-01-01 01:43:15,239914407.049876
2025-01-01 01:43:16,244506521.61244944
2025-01-01 01:43:17,246897034.25059906
2025-01-01 01:43:18,247907614.6432126
2025-01-01 01:43:19,252345068.7013319
2025-01-01 01:43:20,248368333.043034
2025-01-01 01:43:21,244558571.29044306
2025-01-01 01:43:22,250788181.75585547
2025-01-01 01:43:23,246497069.21397683
2025-01-01 01:43:24,248487454.14399853
2025-01-01 01:43:25,248930813.566114
2025-01-01 01:43:26,248807876.77604166
2025-01-01 01:43:27,244716783.7041743
2025-01-01 01:43:28,247985415.63454363
2025-01-01 01:43:29,247247072.19599897
2025-01-01 01:43:30,242218287.7316518
2025-01-01 01:43:31,244504721.2504878
2025-01-01 01:43:32,242347478.4521859
2025-01-01 01:43:33,247986170.02474657
2025-01-01 01:43:34,245478760.67088872
2025-01-01 01:43:35,244567992.75690264
2025-01-01 01:43:36,241530865.66299134
2025-01-01 01:43:37,235077117.01192692
2025-01-01 01:43:38,238854920.2450122
2025-01-01 01:43:39,242843233.15793428
2025-01-01 01:43:40,243073746.84808293
2025-01-01 01:43:41,236980971.14578924
2025-01-01 01:43:42,240663816.89130595
2025-01-01 01:43:43,244054634.0655992
2025-01-01 01:43:44,247742239.99716833
2025-01-01 01:43:45,238877638.26980698
2025-01-01 01:43:46,240631313.42479756
2025-01-01 01:43:47,240177717.6064861
2025-01-01 01:43:48,243599480.7228708
2025-01-01 01:43:49,239612305.96032873
2025-01-01 01:43:50,243782936.59793597
2025-01-01 01:43:51,239152981.30491918
2025-01-01 01:43:52,244262148.78832433
2025-01-01 01:43:53,244109186.0589804
2025-01-01 01:43:54,242977833.95159242
2025-01-01 01:43:55,241813372.02044415
2025-01-01 01:43:56,242089234.1771323
2025-01-01 01:43:57,239340882.89039028
2025-01-01 01:43:58,247607773.2212634
2025-01-01 01:43:59,245603357.04317823
2025-01-01 01:44:00,252088047.27450025
2025-01-01 01:44:01,251269908.1799592
2025-01-01 01:44:02,254001767.82777634
2025-01-01 01:44:03,247390823.79514366
2025-01-01 01:44:04,252577827.84138998
2025-01-01 01:44:05,251848551.28615618
2025-01-01 01:44:06,254102363.84259224
2025-01-01 01:44:07,250474886.53178242
2025-01-01 01:44:08,245762416.58017626
2025-01-01 01:44:09,240813107.7302496
2025-01-01 01:44:10,249292463.29370472
2025-01-01 01:44:11,244559484.55714953
2025-01-01 01:44:12,246049094.7509361
2025-01-01 01:44:13,245524872.06912974
2025-01-01 01:44:14,249995050.7757121
2025-01-01 01:44:15,250170189.5473525
2025-01-01 01:44:16,247464446.05463603
2025-01-01 01:44:17,252503324.29236734
2025-01-01 01:44:18,248666252.32323986
2025-01-01 01:44:19,253822682.29315832
2025-01-01 01:44:20,252498354.17419034
2025-01-01 01:44:21,251792207.10292158
2025-01-01 01:44:22,247720039.9434296
2025-01-01 01:44:23,242901299.6542315
2025-01-01 01:44:24,240568311.41575003
2025-01-01 01:44:25,242714548.89296547
2025-01-01 01:44:26,253474393.51541743
2025-01-01 01:44:27,251638831.076566
2025-01-01 01:44:28,254026588.3071879
2025-01-01 01:44:29,247348591.69803622
2025-01-01 01:44:30,244859064.3569578
2025-01-01 01:44:31,247005749.39991385
2025-01-01 01:44:32,250047462.90301135
2025-01-01 01:44:33,251862633.92611364
2025-01-01 01:44:34,244781824.92655197
2025-01-01 01:44:35,248750623.09622446
2025-01-01 01:44:36,246193090.58070302
2025-01-01 01:44:37,238695343.31353226
2025-01-01 01:44:38,240595548.04206708
2025-01-01 01:44:39,237313474.80568728
2025-01-01 01:44:40,237367804.12750432
2025-01-01 01:44:41,243249959.5062118
2025-01-01 01:44:42,239089451.2104751
2025-01-01 01:44:43,248595573.15975326
2025-01-01 01:44:44,243363618.95748088
2025-01-01 01:44:45,246492467.0102482
2025-01-01 01:44:46,241125357.7449479
2025-01-01 01:44:47,249549714.18772855
2025-01-01 01:44:48,248279685.77170032
2025-01-01 01:44:49,249903065.12475035
2025-01-01 01:44:50,242955597.21094924
2025-01-01 01:44:51,250685637.00020787
2025-01-01 01:44:52,254136749.0050252
2025-01-01 01:44:53,249948393.99378997
2025-01-01 01:44:54,247640156.92219436
2025-01-01 01:44:55,250187833.5332349
2025-01-01 01:44:56,247709341.39668134
2025-01-01 01:44:57,255261953.57927737
2025-01-01 01:44:58,252546291.2413186
2025-01-01 01:44:59,254445022.91937444
2025-01-01 01:45:00,255008274.5999116
2025-01-01 01:45:01,256103085.5634026
2025-01-01 01:45:02,257944506.9195799
2025-01-01 01:45:03,252172395.86129197
2025-01-01 01:45:04,251214830.45727473
2025-01-01 01:45:05,261162702.1373688
2025-01-01 01:45:06,259768790.19113404
2025-01-01 01:45:07,255274081.0857522
2025-01-01 01:45:08,260561774.7150827
2025-01-01 01:45:09,257559298.8579465
2025-01-01 01:45:10,253330748.40689188
2025-01-01 01:45:11,253082585.41511077
2025-01-01 01:45:12,251167935.28092238
2025-01-01 01:45:13,258064669.85403585
2025-01-01 01:45:14,248595279.83549377
2025-01-01 01:45:15,256225999.42969465
2025-01-01 01:45:16,258538483.97352612
2025-01-01 01:45:17,255333931.23158476
2025-01-01 01:45:18,251737656.79503414
2025-01-01 01:45:19,252209920.15449703
2025-01-01 01:45:20,259438616.74452364
2025-01-01 01:45:21,248993114.8645419
2025-01-01 01:45:22,249580681.98852742
2025-01-01 01:45:23,254322120.96729654
2025-01-01 01:45:24,248560338.5739414
2025-01-01 01:45:25,254011903.63555816
2025-01-01 01:45:26,253865454.56349358
2025-01-01 01:45:27,256270865.53196478
2025-01-01 01:45:28,248920789.5164991
2025-01-01 01:45:29,247108851.92737988
2025-01-01 01:45:30,245040816.30075052
2025-01-01 01:45:31,251725120.17020744
2025-01-01 01:45:32,251685103.4207093
2025-01-01 01:45:33,253978503.41486537
2025-01-01 01:45:34,252761472.38107115
2025-01-01 01:45:35,251676807.5371001
2025-01-01 01:45:36,255139362.93945152
2025-01-01 01:45:37,247252757.57126382
2025-01-01 01:45:38,250026802.42082715
2025-01-01 01:45:39,250385875.73997757
2025-01-01 01:45:40,246906604.36321285
2025-01-01 01:45:41,243684624.26764745
2025-01-01 01:45:42,248024124.42513376
2025-01-01 01:45:43,244056671.37992623
2025-01-01 01:45:44,247263391.90978616
2025-01-01 01:45:45,249079032.12087876
2025-01-01 01:45:46,250946480.1840122
2025-01-01 01:45:47,245134715.62731048
2025-01-01 01:45:48,241603935.7530035
2025-01-01 01:45:49,246758193.26349756
2025-01-01 01:45:50,250780330.50649902
2025-01-01 01:45:51,248123904.44035736
2025-01-01 01:45:52,248644964.01408723
2025-01-01 01:45:53,253277718.4755123
2025-01-01 01:45:54,248845855.17729828
2025-01-01 01:45:55,250251044.77094284
2025-01-01 01:45:56,250723402.80317894
2025-01-01 01:45:57,247095068.06586978
2025-01-01 01:45:58,252900613.81431496
2025-01-01 01:45:59,251214532.71680093
2025-01-01 01:46:00,251429793.85076433
2025-01-01 01:46:01,242415335.9471811
2025-01-01 01:46:02,241171735.73490253
2025-01-01 01:46:03,245523863.49719837
2025-01-01 01:46:04,249197819.47076353
2025-01-01 01:46:05,246562115.07113495
2025-01-01 01:46:06,248381376.49741203
2025-01-01 01:46:07,243918548.18552384
2025-01-01 01:46:08,243612691.3915805
2025-01-01 01:46:09,251559082.35360765
2025-01-01 01:46:10,252787912.76842457
2025-01-01 01:46:11,248484858.25208628
2025-01-01 01:46:12,249106107.90928423
2025-01-01 01:46:13,248688302.7571821
2025-01-01 01:46:14,250256145.67430875
2025-01-01 01:46:15,261999649.6933527
2025-01-01 01:46:16,262294218.36204165
2025-01-01 01:46:17,251816721.55948764
2025-01-01 01:46:18,248211672.68751562
2025-01-01 01:46:19,251542776.7068477
2025-01-01 01:46:20,249680853.67714503
2025-01-01 01:46:21,249696798.06071055
2025-01-01 01:46:22,249177735.2020863
2025-01-01 01:46:23,244146313.480147
2025-01-01 01:46:24,247248003.70858884
2025-01-01 01:46:25,244542658.46751696
2025-01-01 01:46:26,249773270.92915767
2025-01-01 01:46:27,247454617.46639466
2025-01-01 01:46:28,248184879.28559443
2025-01-01 01:46:29,250786948.60108227
2025-01-01 01:46:30,254070873.8930416
2025-01-01 01:46:31,254940779.99487853
2025-01-01 01:46:32,250144037.793646
2025-01-01 01:46:33,254592603.14169842
2025-01-01 01:46:34,254250023.6182095
2025-01-01 01:46:35,258168627.42414105
2025-01-01 01:46:36,250288659.19629332
2025-01-01 01:46:37,251793913.64697313
2025-01-01 01:46:38,255088398.56926534
2025-01-01 01:46:39,250551197.57956526
2025-01-01 01:46:40,250275756.6204491
2025-01-01 01:46:41,243021356.98121673
2025-01-01 01:46:42,243027591.4763424
2025-01-01 01:46:43,247531479.81214806
2025-01-01 01:46:44,254562352.22460237
2025-01-01 01:46:45,253065735.0759493
2025-01-01 01:46:46,248378773.04190534
2025-01-01 01:46:47,245296622.98842412
2025-01-01 01:46:48,246091238.95636275
2025-01-01 01:46:49,245994448.14408797
2025-01-01 01:46:50,250253796.97615427
2025-01-01 01:46:51,251254885.68593028
2025-01-01 01:46:52,245129374.35987532
2025-01-01 01:46:53,246993360.2916626
2025-01-01 01:46:54,240698604.00333256
2025-01-01 01:46:55,244224244.60611546
2025-01-01 01:46:56,251597876.66738522
2025-01-01 01:46:57,254952562.58833978
2025-01-01 01:46:58,253178729.42509985
2025-01-01 01:46:59,247715047.53087628
2025-01-01 01:47:00,247698987.22663948
2025-01-01 01:47:01,255929515.16054565
2025-01-01 01:47:02,250090143.80630288
2025-01-01 01:47:03,241144133.07820722
2025-01-01 01:47:04,251822364.27911174
2025-01-01 01:47:05,247212190.7957653
2025-01-01 01:47:06,245235650.64330432
2025-01-01 01:47:07,251235289.98405617
2025-01-01 01:47:08,247346284.17830208
2025-01-01 01:47:09,247778233.51197276
2025-01-01 01:47:10,247504071.00634947
2025-01-01 01:47:11,244723962.8865027
2025-01-01 01:47:12,246797204.7419544
2025-01-01 01:47:13,245786334.89450932
2025-01-01 01:47:14,251608288.18913704
2025-01-01 01:47:15,254625575.02761865
2025-01-01 01:47:16,252352288.34336793
2025-01-01 01:47:17,248160162.2757771
2025-01-01 01:47:18,252612539.19226602
2025-01-01 01:47:19,251322330.04577303
2025-01-01 01:47:20,253400966.28439006
2025-01-01 01:47:21,254975112.21515015
2025-01-01 01:47:22,258223598.09404224
2025-01-01 01:47:23,254171592.13617015
2025-01-01 01:47:24,255435030.02250692
2025-01-01 01:47:25,251726870.59812507
2025-01-01 01:47:26,252185155.92817676
2025-01-01 01:47:27,252550291.172146
2025-01-01 01:47:28,251602536.29606542
2025-01-01 01:47:29,249909479.77411997
2025-01-01 01:47:30,249731600.61693034
2025-01-01 01:47:31,252041262.57412007
2025-01-01 01:47:32,250368129.54458946
2025-01-01 01:47:33,245001317.15925726
2025-01-01 01:47:34,249058127.05768222
2025-01-01 01:47:35,251114193.144248
2025-01-01 01:47:36,255124725.62814763
2025-01-01 01:47:37,242896301.6906446
2025-01-01 01:47:38,244661707.7136407
2025-01-01 01:47:39,249968179.34062985
2025-01-01 01:47:40,247669262.64743325
2025-01-01 01:47:41,248428175.74630043
2025-01-01 01:47:42,256775459.38694674
2025-01-01 01:47:43,260304114.78671885
2025-01-01 01:47:44,257023595.25913197
2025-01-01 01:47:45,250430925.91090044
2025-01-01 01:47:46,253870562.41326082
2025-01-01 01:47:47,256144288.47423732
2025-01-01 01:47:48,251632667.02341753
2025-01-01 01:47:49,252709686.3549541
2025-01-01 01:47:50,251687445.55696866
2025-01-01 01:47:51,247945426.04115394
2025-01-01 01:47:52,246290726.8058052
2025-01-01 01:47:53,246956537.3189316
2025-01-01 01:47:54,242354904.22623387
2025-01-01 01:47:55,246988041.66769332
2025-01-01 01:47:56,244997520.51342785
2025-01-01 01:47:57,248490058.50090817
2025-01-01 01:47:58,253398245.31824797
2025-01-01 01:47:59,247669606.8121364
2025-01-01 01:48:00,254979602.2681985
2025-01-01 01:48:01,254898239.7301006
2025-01-01 01:48:02,252786523.51234087
2025-01-01 01:48:03,253203136.05543923
2025-01-01 01:48:04,251127868.96752822
2025-01-01 01:48:05,253453943.08033702
2025-01-01 01:48:06,245115944.29252
2025-01-01 01:48:07,249293506.46357033
2025-01-01 01:48:08,254897098.32830158
2025-01-01 01:48:09,253887890.3290606
2025-01-01 01:48:10,253362252.31630123
2025-01-01 01:48:11,256954907.94087344
2025-01-01 01:48:12,246958673.203937
2025-01-01 01:48:13,254844072.61053184
2025-01-01 01:48:14,253379245.80774233
2025-01-01 01:48:15,250747571.06712967
2025-01-01 01:48:16,252623936.55900723
2025-01-01 01:48:17,246993429.5032408
2025-01-01 01:48:18,249903028.02986753
2025-01-01 01:48:19,256193936.42244542
2025-01-01 01:48:20,251655699.95532587
2025-01-01 01:48:21,255141646.76257405
2025-01-01 01:48:22,253998136.9679026
2025-01-01 01:48:23,251395919.35055432
2025-01-01 01:48:24,247559897.98306563
2025-01-01 01:48:25,241495681.42988482
2025-01-01 01:48:26,245205482.41601682
2025-01-01 01:48:27,252313222.7251117
2025-01-01 01:48:28,248034629.33259833
2025-01-01 01:48:29,246949432.09678787
2025-01-01 01:48:30,252904211.6141727
2025-01-01 01:48:31,251540761.7077999
2025-01-01 01:48:32,248448335.49523354
2025-01-01 01:48:33,246035766.41555628
2025-01-01 01:48:34,248204724.97319862
2025-01-01 01:48:35,245626700.9842586
2025-01-01 01:48:36,246136216.69698206
2025-01-01 01:48:37,248025473.03396115
2025-01-01 01:48:38,247232090.5048382
2025-01-01 01:48:39,249079365.09768206
2025-01-01 01:48:40,252429367.19069165
2025-01-01 01:48:41,252182285.844161
2025-01-01 01:48:42,252332927.06635076
2025-01-01 01:48:43,253103288.81450185
2025-01-01 01:48:44,254061242.78072092
2025-01-01 01:48:45,256070838.0409915
2025-01-01 01:48:46,253095927.34514445
2025-01-01 01:48:47,255775023.38682097
2025-01-01 01:48:48,252894094.45062757
2025-01-01 01:48:49,250932880.09946808
2025-01-01 01:48:50,250946484.39943647
2025-01-01 01:48:51,253962288.2981257
2025-01-01 01:48:52,248821524.96088293
2025-01-01 01:48:53,243244263.75871554
2025-01-01 01:48:54,245522732.0880067
2025-01-01 01:48:55,247764263.1089402
2025-01-01 01:48:56,253180933.45856687
2025-01-01 01:48:57,250882146.66770545
2025-01-01 01:48:58,244838194.5535366
2025-01-01 01:48:59,255193748.9606189
2025-01-01 01:49:00,251140155.12099287
2025-01-01 01:49:01,253583531.87924695
2025-01-01 01:49:02,254131221.51027802
2025-01-01 01:49:03,248411607.08946064
2025-01-01 01:49:04,247662981.49956673
2025-01-01 01:49:05,251026802.96221024
2025-01-01 01:49:06,247502421.9922634
2025-01-01 01:49:07,249251768.97321397
2025-01-01 01:49:08,244916297.18131116
2025-01-01 01:49:09,241937629.9628675
2025-01-01 01:49:10,245303349.82055864
2025-01-01 01:49:11,242046483.67026767
2025-01-01 01:49:12,250020603.50455213
2025-01-01 01:49:13,256099496.0125945
2025-01-01 01:49:14,250119740.1909576
2025-01-01 01:49:15,250754405.4126911
2025-01-01 01:49:16,241163559.71292615
2025-01-01 01:49:17,244413958.76348907
2025-01-01 01:49:18,251338147.51852515
2025-01-01 01:49:19,248801894.08212483
2025-01-01 01:49:20,255402610.93087247
2025-01-01 01:49:21,246007830.24290103
2025-01-01 01:49:22,250608925.3101627
2025-01-01 01:49:23,252858570.1780148
2025-01-01 01:49:24,252019229.18558556
2025-01-01 01:49:25,251339485.70131996
2025-01-01 01:49:26,246289903.01432714
2025-01-01 01:49:27,255748399.32451233
2025-01-01 01:49:28,255984596.42698708
2025-01-01 01:49:29,248743059.3367726
2025-01-01 01:49:30,252198100.66437367
2025-01-01 01:49:31,246551759.45635256
2025-01-01 01:49:32,248335644.7830638
2025-01-01 01:49:33,244575949.57852235
2025-01-01 01:49:34,249323584.31951797
2025-01-01 01:49:35,252548827.7067625
2025-01-01 01:49:36,252315456.74449807
2025-01-01 01:49:37,248667753.04825386
2025-01-01 01:49:38,254499185.69578132
2025-01-01 01:49:39,259676730.23312545
2025-01-01 01:49:40,252391349.51351297
2025-01-01 01:49:41,249957247.8748214
2025-01-01 01:49:42,254694394.10153064
2025-01-01 01:49:43,254232412.03286034
2025-01-01 01:49:44,251529961.05045623
2025-01-01 01:49:45,248697637.65521112
2025-01-01 01:49:46,247186078.29640496
2025-01-01 01:49:47,244894414.40979955
2025-01-01 01:49:48,250878169.47415558
2025-01-01 01:49:49,248410874.8673207
2025-01-01 01:49:50,250249005.47548532
2025-01-01 01:49:51,250388483.40588084
2025-01-01 01:49:52,253523184.63960728
2025-01-01 01:49:53,250438025.85340655
2025-01-01 01:49:54,254945853.5540789
2025-01-01 01:49:55,251574540.93712205
2025-01-01 01:49:56,255901809.1759335
2025-01-01 01:49:57,254208294.80693647
2025-01-01 01:49:58,253414717.57164344
2025-01-01 01:49:59,254142518.6682891
2025-01-01 01:50:00,245948417.94076818
2025-01-01 01:50:01,247027907.04405198
2025-01-01 01:50:02,249514918.91473415
2025-01-01 01:50:03,246912977.32100338
2025-01-01 01:50:04,250109571.93111518
2025-01-01 01:50:05,256190677.0353835
2025-01-01 01:50:06,253478313.6878941
2025-01-01 01:50:07,246119772.9209598
2025-01-01 01:50:08,242940460.41334513
2025-01-01 01:50:09,240953926.78358075
2025-01-01 01:50:10,249675503.5042679
2025-01-01 01:50:11,247680959.8629452
2025-01-01 01:50:12,244349766.58560845
2025-01-01 01:50:13,244207303.77219388
2025-01-01 01:50:14,251521631.55826566
2025-01-01 01:50:15,247384266.51907322
2025-01-01 01:50:16,249131562.70105627
2025-01-01 01:50:17,247456899.46473157
2025-01-01 01:50:18,247974337.12937164
2025-01-01 01:50:19,250009932.23276237
2025-01-01 01:50:20,254483810.4967157
2025-01-01 01:50:21,247850097.9778919
2025-01-01 01:50:22,251427709.86471716
2025-01-01 01:50:23,251889542.9396516
2025-01-01 01:50:24,249654734.9292432
2025-01-01 01:50:25,248527888.4498839
2025-01-01 01:50:26,249523640.19655943
2025-01-01 01:50:27,243071617.58982694
2025-01-01 01:50:28,247422663.15450796
2025-01-01 01:50:29,244968496.64674392
2025-01-01 01:50:30,246125663.50451288
2025-01-01 01:50:31,250023410.82516068
2025-01-01 01:50:32,251555904.51694116
2025-01-01 01:50:33,257302735.5778531
2025-01-01 01:50:34,255747772.18051895
2025-01-01 01:50:35,253209369.17940527
2025-01-01 01:50:36,249320855.44029725
2025-01-01 01:50:37,249887809.54153118
2025-01-01 01:50:38,249647699.4619288
2025-01-01 01:50:39,250300383.1999049
2025-01-01 01:50:40,254341434.39553007
2025-01-01 01:50:41,250816685.63055518
2025-01-01 01:50:42,251825471.39753205
2025-01-01 01:50:43,248748101.06426957
2025-01-01 01:50:44,247511237.01323467
2025-01-01 01:50:45,254310839.75635466
2025-01-01 01:50:46,249149243.35644445
2025-01-01 01:50:47,241657518.7794033
2025-01-01 01:50:48,243642429.5943225
2025-01-01 01:50:49,242989557.32758442
2025-01-01 01:50:50,242188839.1431812
2025-01-01 01:50:51,248592078.23541054
2025-01-01 01:50:52,250584744.81542635
2025-01-01 01:50:53,257769973.3819418
2025-01-01 01:50:54,251290216.27570274
2025-01-01 01:50:55,251282653.61299145
2025-01-01 01:50:56,257717576.4089843
2025-01-01 01:50:57,252471414.90722787
2025-01-01 01:50:58,250922122.54719743
2025-01-01 01:50:59,251645055.64789942
2025-01-01 01:51:00,255284509.66984382
2025-01-01 01:51:01,246858324.08291844
2025-01-01 01:51:02,251539376.5019635
2025-01-01 01:51:03,253203692.1293038
2025-01-01 01:51:04,251729063.5913805
2025-01-01 01:51:05,255976961.74369958
2025-01-01 01:51:06,256848927.40109625
2025-01-01 01:51:07,251789082.79217377
2025-01-01 01:51:08,258814119.9088841
2025-01-01 01:51:09,254945142.02467325
2025-01-01 01:51:10,257657496.47958547
2025-01-01 01:51:11,253541361.07383966
2025-01-01 01:51:12,254504731.4651192
2025-01-01 01:51:13,257022851.0468296
2025-01-01 01:51:14,248328237.09373862
2025-01-01 01:51:15,250264153.05149293
2025-01-01 01:51:16,244895360.04950058
2025-01-01 01:51:17,241768369.25506723
2025-01-01 01:51:18,246155207.54149202
2025-01-01 01:51:19,249529412.04273975
2025-01-01 01:51:20,248169511.3849828
2025-01-01 01:51:21,244937106.06740114
2025-01-01 01:51:22,243960450.17240795
2025-01-01 01:51:23,250434920.81039312
2025-01-01 01:51:24,242877165.06832656
2025-01-01 01:51:25,247340038.51593298
2025-01-01 01:51:26,248670415.29217112
2025-01-01 01:51:27,245942109.08005244
2025-01-01 01:51:28,247678677.53354222
2025-01-01 01:51:29,247206709.14524725
2025-01-01 01:51:30,248274054.4509934
2025-01-01 01:51:31,254269374.11961353
2025-01-01 01:51:32,251079711.12302765
2025-01-01 01:51:33,245745416.4016517
2025-01-01 01:51:34,250337705.23303157
2025-01-01 01:51:35,251851808.23152223
2025-01-01 01:51:36,252355131.99545676
2025-01-01 01:51:37,248100872.7838398
2025-01-01 01:51:38,246031185.3118892
2025-01-01 01:51:39,251284880.38195065
2025-01-01 01:51:40,244779991.40551856
2025-01-01 01:51:41,245029570.5538938
2025-01-01 01:51:42,248884604.06331795
2025-01-01 01:51:43,247307742.71473002
2025-01-01 01:51:44,245653134.15002856
2025-01-01 01:51:45,243186350.52853188
2025-01-01 01:51:46,242266281.40778393
2025-01-01 01:51:47,248593158.22203735
2025-01-01 01:51:48,246184695.26407897
2025-01-01 01:51:49,250935997.56748882
2025-01-01 01:51:50,249195695.3905019
2025-01-01 01:51:51,243421886.1277759
2025-01-01 01:51:52,247356373.38224298
2025-01-01 01:51:53,253050549.62797293
2025-01-01 01:51:54,248392887.1429689
2025-01-01 01:51:55,245365998.06445247
2025-01-01 01:51:56,250360107.54394102
2025-01-01 01:51:57,252145721.0037397
2025-01-01 01:51:58,249278630.57549712
2025-01-01 01:51:59,247786882.69215217
2025-01-01 01:52:00,251829021.71673867
2025-01-01 01:52:01,251402715.3708721
2025-01-01 01:52:02,248884807.26164472
2025-01-01 01:52:03,247254723.4792628
2025-01-01 01:52:04,254729453.79492104
2025-01-01 01:52:05,249803656.15671054
2025-01-01 01:52:06,247291751.25256005
2025-01-01 01:52:07,250548571.47846815
2025-01-01 01:52:08,251066788.7990676
2025-01-01 01:52:09,255407968.416479
2025-01-01 01:52:10,257357136.0882288
2025-01-01 01:52:11,252659733.95372567
2025-01-01 01:52:12,244819717.67838967
2025-01-01 01:52:13,249053959.60021815
2025-01-01 01:52:14,250177438.41412085
2025-01-01 01:52:15,255060774.11222577
2025-01-01 01:52:16,249231885.9354127
2025-01-01 01:52:17,256338024.70988938
2025-01-01 01:52:18,245944514.82447857
2025-01-01 01:52:19,243702904.34371874
2025-01-01 01:52:20,248021656.2626929
2025-01-01 01:52:21,248052199.0736879
2025-01-01 01:52:22,250713888.0275279
2025-01-01 01:52:23,247271856.16799033
2025-01-01 01:52:24,250593973.24038765
2025-01-01 01:52:25,247820960.93985456
2025-01-01 01:52:26,247800115.3519026
2025-01-01 01:52:27,256127824.45759058
2025-01-01 01:52:28,248459394.64864933
2025-01-01 01:52:29,248345817.3454128
2025-01-01 01:52:30,247019926.89053985
2025-01-01 01:52:31,250279575.15776598
2025-01-01 01:52:32,252593594.8864717
2025-01-01 01:52:33,254643521.3777522
2025-01-01 01:52:34,249596846.07296187
2025-01-01 01:52:35,247934349.35652566
2025-01-01 01:52:36,247622872.11333752
2025-01-01 01:52:37,247262641.804592
2025-01-01 01:52:38,250516662.49603748
2025-01-01 01:52:39,245643680.30943295
2025-01-01 01:52:40,247459412.71864557
2025-01-01 01:52:41,242784271.54820746
2025-01-01 01:52:42,247664812.02019167
2025-01-01 01:52:43,250178703.62908706
2025-01-01 01:52:44,247528278.42076296
2025-01-01 01:52:45,242307806.99557453
2025-01-01 01:52:46,244216386.3571959
2025-01-01 01:52:47,245034081.22093332
2025-01-01 01:52:48,235221446.02315256
2025-01-01 01:52:49,238414361.49283436
2025-01-01 01:52:50,247108601.22960457
2025-01-01 01:52:51,242284741.36865315
2025-01-01 01:52:52,245011720.9088794
2025-01-01 01:52:53,243643439.83769414
2025-01-01 01:52:54,247393526.94114494
2025-01-01 01:52:55,246833577.27567455
2025-01-01 01:52:56,248137058.4068627
2025-01-01 01:52:57,248861470.59762517
2025-01-01 01:52:58,251471274.90514776
2025-01-01 01:52:59,249046612.1985073
2025-01-01 01:53:00,244931210.6960133
2025-01-01 01:53:01,249688992.57861084
2025-01-01 01:53:02,249171159.18501532
2025-01-01 01:53:03,249183852.83369026
2025-01-01 01:53:04,247749906.8459738
2025-01-01 01:53:05,244529353.10150498
2025-01-01 01:53:06,246997069.53657916
2025-01-01 01:53:07,242986708.03721142
2025-01-01 01:53:08,243213186.08657658
2025-01-01 01:53:09,242217395.5187036
2025-01-01 01:53:10,244028128.10251635
2025-01-01 01:53:11,247093932.83013287
2025-01-01 01:53:12,245097177.94777226
2025-01-01 01:53:13,251976807.1765775
2025-01-01 01:53:14,254975417.23208088
2025-01-01 01:53:15,246859505.24076816
2025-01-01 01:53:16,245529458.7077351
2025-01-01 01:53:17,246671970.43369016
2025-01-01 01:53:18,248721067.33647433
2025-01-01 01:53:19,250757396.33239937
2025-01-01 01:53:20,255938127.91195887
2025-01-01 01:53:21,254016678.36040634
2025-01-01 01:53:22,248689262.4478196
2025-01-01 01:53:23,254205582.4425279
2025-01-01 01:53:24,254975500.08174312
2025-01-01 01:53:25,254996307.84753573
2025-01-01 01:53:26,250502794.84557906
2025-01-01 01:53:27,250034359.95665678
2025-01-01 01:53:28,252687743.75993326
2025-01-01 01:53:29,244655522.1286171
2025-01-01 01:53:30,253279756.4183247
2025-01-01 01:53:31,254695447.87130782
2025-01-01 01:53:32,260160909.88724136
2025-01-01 01:53:33,254277261.617126
2025-01-01 01:53:34,250977806.74229124
2025-01-01 01:53:35,251014355.73841628
2025-01-01 01:53:36,251406739.4404192
2025-01-01 01:53:37,251859744.7352231
2025-01-01 01:53:38,248422805.3266179
2025-01-01 01:53:39,245605723.11734176
2025-01-01 01:53:40,239912049.9261917
2025-01-01 01:53:41,242899797.92886242
2025-01-01 01:53:42,245303097.4226258
2025-01-01 01:53:43,252034381.4881471
2025-01-01 01:53:44,250342003.6603484
2025-01-01 01:53:45,245062664.24978185
2025-01-01 01:53:46,242946057.64424524
2025-01-01 01:53:47,244745391.26158196
2025-01-01 01:53:48,243126371.03442103
2025-01-01 01:53:49,244915889.48175922
2025-01-01 01:53:50,247895819.17842042
2025-01-01 01:53:51,239425485.3338907
2025-01-01 01:53:52,238510232.66411448
2025-01-01 01:53:53,244019693.71998894
2025-01-01 01:53:54,241941678.23903355
2025-01-01 01:53:55,245088508.76384714
2025-01-01 01:53:56,244963492.51158336
2025-01-01 01:53:57,247936977.99497932
2025-01-01 01:53:58,247456679.11403143
2025-01-01 01:53:59,249246437.6426442
2025-01-01 01:54:00,243160130.24031508
2025-01-01 01:54:01,237736310.28644922
2025-01-01 01:54:02,239297527.17376778
2025-01-01 01:54:03,247508433.6556156
2025-01-01 01:54:04,245512758.01402152
2025-01-01 01:54:05,243175003.9298422
2025-01-01 01:54:06,252084661.0438939
2025-01-01 01:54:07,249086582.00420633
2025-01-01 01:54:08,245624543.12442058
2025-01-01 01:54:09,248303191.9110308
2025-01-01 01:54:10,248701607.38373306
2025-01-01 01:54:11,250144418.63991487
2025-01-01 01:54:12,247103133.82946333
2025-01-01 01:54:13,249842373.73892483
2025-01-01 01:54:14,245507633.22671628
2025-01-01 01:54:15,240352524.96523026
2025-01-01 01:54:16,246938426.6502275
2025-01-01 01:54:17,250228429.93118864
2025-01-01 01:54:18,250634167.46742404
2025-01-01 01:54:19,253693265.889975
2025-01-01 01:54:20,248237008.34057853
2025-01-01 01:54:21,250963628.1932162
2025-01-01 01:54:22,248877548.3360687
2025-01-01 01:54:23,252585290.78394258
2025-01-01 01:54:24,252281525.9185254
2025-01-01 01:54:25,259310740.90625954
2025-01-01 01:54:26,254038890.76522136
2025-01-01 01:54:27,259517228.5488934
2025-01-01 01:54:28,256022307.4185669
2025-01-01 01:54:29,250885903.12879023
2025-01-01 01:54:30,243775423.42682955
2025-01-01 01:54:31,245592587.76874685
2025-01-01 01:54:32,251495421.92302853
2025-01-01 01:54:33,251811525.69204277
2025-01-01 01:54:34,255762445.8365217
2025-01-01 01:54:35,252560530.20218042
2025-01-01 01:54:36,246686369.3630621
2025-01-01 01:54:37,249122863.6203905
2025-01-01 01:54:38,246744769.81417957
2025-01-01 01:54:39,249135373.62550506
2025-01-01 01:54:40,242720754.76714417
2025-01-01 01:54:41,243926349.98315316
2025-01-01 01:54:42,250495581.09728152
2025-01-01 01:54:43,251589712.04641238
2025-01-01 01:54:44,247131521.83235615
2025-01-01 01:54:45,250535834.50684255
2025-01-01 01:54:46,249268716.72585458
2025-01-01 01:54:47,245505008.8117341
2025-01-01 01:54:48,238677807.6073142
2025-01-01 01:54:49,242528438.8121945
2025-01-01 01:54:50,241693326.3239898
2025-01-01 01:54:51,243652788.60395938
2025-01-01 01:54:52,246420913.3215336
2025-01-01 01:54:53,246010701.1891405
2025-01-01 01:54:54,245053661.66295153
2025-01-01 01:54:55,245702698.92921352
2025-01-01 01:54:56,251902192.22511223
2025-01-01 01:54:57,250936172.70405868
2025-01-01 01:54:58,248127578.8154371
2025-01-01 01:54:59,249216859.92038965
2025-01-01 01:55:00,245159339.61288556
2025-01-01 01:55:01,250674249.55058596
2025-01-01 01:55:02,245483536.99859127
2025-01-01 01:55:03,246676139.80479747
2025-01-01 01:55:04,244727096.62138367
2025-01-01 01:55:05,248951120.654664
2025-01-01 01:55:06,252559772.21134436
2025-01-01 01:55:07,251679928.63783365
2025-01-01 01:55:08,247724009.43071353
2025-01-01 01:55:09,246045156.75648782
2025-01-01 01:55:10,245189032.99179783
2025-01-01 01:55:11,245723431.90869287
2025-01-01 01:55:12,248519602.73436725
2025-01-01 01:55:13,252438517.01313725
2025-01-01 01:55:14,249061699.24090227
2025-01-01 01:55:15,247842357.9231785
2025-01-01 01:55:16,244664777.8095439
2025-01-01 01:55:17,242583930.1204469
2025-01-01 01:55:18,243962676.85530803
2025-01-01 01:55:19,248877922.04765174
2025-01-01 01:55:20,250249329.32094908
2025-01-01 01:55:21,249453194.3105776
2025-01-01 01:55:22,245931205.15605643
2025-01-01 01:55:23,245415916.0913723
2025-01-01 01:55:24,249919188.284317
2025-01-01 01:55:25,248158131.49473706
2025-01-01 01:55:26,249139535.0836192
2025-01-01 01:55:27,250442564.30361748
2025-01-01 01:55:28,247955084.51652312
2025-01-01 01:55:29,248083756.43598902
2025-01-01 01:55:30,244985876.68499112
2025-01-01 01:55:31,254170449.4837777
2025-01-01 01:55:32,251280994.2089343
2025-01-01 01:55:33,253502056.72205085
2025-01-01 01:55:34,250811898.79474458
2025-01-01 01:55:35,251870888.7104558
2025-01-01 01:55:36,252589955.27232945
2025-01-01 01:55:37,254833383.26228932
2025-01-01 01:55:38,251728128.8509039
2025-01-01 01:55:39,252287279.17711604
2025-01-01 01:55:40,249127411.25972936
2025-01-01 01:55:41,248797370.93679613
2025-01-01 01:55:42,249603834.0241057
2025-01-01 01:55:43,249559248.6991054
2025-01-01 01:55:44,249642925.3931128
2025-01-01 01:55:45,257056515.2897316
2025-01-01 01:55:46,259501467.29973584
2025-01-01 01:55:47,259863018.15775642
2025-01-01 01:55:48,252844169.5180254
2025-01-01 01:55:49,254751306.27797624
2025-01-01 01:55:50,252976805.77723986
2025-01-01 01:55:51,250359566.43424925
2025-01-01 01:55:52,252137397.51067078
2025-01-01 01:55:53,248046245.14423358
2025-01-01 01:55:54,246753064.41167867
2025-01-01 01:55:55,247243209.48776948
2025-01-01 01:55:56,250280195.88014013
2025-01-01 01:55:57,253914129.49340883
2025-01-01 01:55:58,257112027.2246708
2025-01-01 01:55:59,254779131.2569743
2025-01-01 01:56:00,253331358.98346427
2025-01-01 01:56:01,255017950.97815284
2025-01-01 01:56:02,249435355.00046074
2025-01-01 01:56:03,246179819.77545515
2025-01-01 01:56:04,251210926.27843153
2025-01-01 01:56:05,254135574.86273658
2025-01-01 01:56:06,245973747.0469454
2025-01-01 01:56:07,251561650.5174876
2025-01-01 01:56:08,253248655.6573622
2025-01-01 01:56:09,254518363.3299539
2025-01-01 01:56:10,253650133.95002553
2025-01-01 01:56:11,253019389.47316104
2025-01-01 01:56:12,251361777.74068892
2025-01-01 01:56:13,257146189.49911165
2025-01-01 01:56:14,257288163.72522032
2025-01-01 01:56:15,250575349.00666997
2025-01-01 01:56:16,250972011.42807534
2025-01-01 01:56:17,252160998.9438466
2025-01-01 01:56:18,252722694.49486157
2025-01-01 01:56:19,254339949.617015
2025-01-01 01:56:20,255186642.33113486
2025-01-01 01:56:21,254809262.88103002
2025-01-01 01:56:22,259602070.36644077
2025-01-01 01:56:23,252955426.78053972
2025-01-01 01:56:24,254453145.68783033
2025-01-01 01:56:25,251719823.6329641
2025-01-01 01:56:26,245085291.04843363
2025-01-01 01:56:27,250843141.7380898
2025-01-01 01:56:28,256978589.2081427
2025-01-01 01:56:29,253457442.27925935
2025-01-01 01:56:30,254103507.60320944
2025-01-01 01:56:31,254788818.8439847
2025-01-01 01:56:32,257778813.6034278
2025-01-01 01:56:33,258736331.97789332
2025-01-01 01:56:34,256909384.9492274
2025-01-01 01:56:35,255907965.72291583
2025-01-01 01:56:36,251010354.65828046
2025-01-01 01:56:37,249066248.81834796
2025-01-01 01:56:38,247454232.43722144
2025-01-01 01:56:39,246893238.90692502
2025-01-01 01:56:40,252015237.25200424
2025-01-01 01:56:41,250213380.0357442
2025-01-01 01:56:42,259368938.69638243
2025-01-01 01:56:43,255975182.1653972
2025-01-01 01:56:44,249116354.2445129
2025-01-01 01:56:45,250760330.1032932
2025-01-01 01:56:46,252029311.49602047
2025-01-01 01:56:47,253935749.83902544
2025-01-01 01:56:48,252693852.23042718
2025-01-01 01:56:49,251888405.24316493
2025-01-01 01:56:50,248496495.25623682
2025-01-01 01:56:51,255141268.65934396
2025-01-01 01:56:52,254617198.94922408
2025-01-01 01:56:53,250008812.39562386
2025-01-01 01:56:54,257109597.4291793
2025-01-01 01:56:55,254322132.76244876
2025-01-01 01:56:56,257848636.35636976
2025-01-01 01:56:57,251704428.97954944
2025-01-01 01:56:58,250336943.05737936
2025-01-01 01:56:59,253316951.84855744
2025-01-01 01:57:00,250593161.26393878
2025-01-01 01:57:01,253311717.5958314
2025-01-01 01:57:02,257212720.27162468
2025-01-01 01:57:03,256237165.81998906
2025-01-01 01:57:04,252025221.95021173
2025-01-01 01:57:05,251423351.33221605
2025-01-01 01:57:06,258927070.64893058
2025-01-01 01:57:07,263628190.26977286
2025-01-01 01:57:08,260346193.48697832
2025-01-01 01:57:09,258147492.1689496
2025-01-01 01:57:10,257662888.98067158
2025-01-01 01:57:11,257515990.62216157
2025-01-01 01:57:12,255980823.2057039
2025-01-01 01:57:13,252255576.53566375
2025-01-01 01:57:14,254567962.60393277
2025-01-01 01:57:15,249408818.3858821
2025-01-01 01:57:16,248257619.76075137
2025-01-01 01:57:17,246241688.75812212
2025-01-01 01:57:18,250037713.8738677
2025-01-01 01:57:19,245508594.2201531
2025-01-01 01:57:20,247524771.84935287
2025-01-01 01:57:21,243432215.34441364
2025-01-01 01:57:22,252694836.26283726
2025-01-01 01:57:23,249946596.326663
2025-01-01 01:57:24,249088764.98199788
2025-01-01 01:57:25,245240899.13497755
2025-01-01 01:57:26,245238884.17645866
2025-01-01 01:57:27,250354209.30256078
2025-01-01 01:57:28,252266856.62382078
2025-01-01 01:57:29,251594849.6839319
2025-01-01 01:57:30,243894911.55961788
2025-01-01 01:57:31,250539736.19063437
2025-01-01 01:57:32,253124540.75396726
2025-01-01 01:57:33,247067051.12930557
2025-01-01 01:57:34,249032881.345197
2025-01-01 01:57:35,255703932.11511147
2025-01-01 01:57:36,256436286.2549242
2025-01-01 01:57:37,252107158.36601138
2025-01-01 01:57:38,248049070.6732571
2025-01-01 01:57:39,244220146.59427258
2025-01-01 01:57:40,251216947.94632822
2025-01-01 01:57:41,257350332.43094313
2025-01-01 01:57:42,254073611.18598965
2025-01-01 01:57:43,252097516.11443973
2025-01-01 01:57:44,256641185.28273866
2025-01-01 01:57:45,254968516.96215162
2025-01-01 01:57:46,255205149.72088858
2025-01-01 01:57:47,249548206.9506561
2025-01-01 01:57:48,254687666.2858731
2025-01-01 01:57:49,256376191.1198553
2025-01-01 01:57:50,255753434.5780814
2025-01-01 01:57:51,250607414.21227613
2025-01-01 01:57:52,252768493.8681741
2025-01-01 01:57:53,253186011.21720803
2025-01-01 01:57:54,249157413.7602247
2025-01-01 01:57:55,246151681.95875868
2025-01-01 01:57:56,248004141.84245712
2025-01-01 01:57:57,246644015.55554104
2025-01-01 01:57:58,251055680.30026552
2025-01-01 01:57:59,253535170.06586573
2025-01-01 01:58:00,242450033.7234822
2025-01-01 01:58:01,235453831.45171583
2025-01-01 01:58:02,240577942.51417
2025-01-01 01:58:03,240552001.03738934
2025-01-01 01:58:04,243803676.5583465
2025-01-01 01:58:05,248677283.12020427
2025-01-01 01:58:06,249220985.11164314
2025-01-01 01:58:07,254656586.02497116
2025-01-01 01:58:08,251032790.15981206
2025-01-01 01:58:09,250576655.97065443
2025-01-01 01:58:10,253487877.18474796
2025-01-01 01:58:11,250062221.98008162
2025-01-01 01:58:12,257368233.83838418
2025-01-01 01:58:13,253720480.8449551
2025-01-01 01:58:14,254719530.96666947
2025-01-01 01:58:15,247273981.14993775
2025-01-01 01:58:16,246474410.87296376
2025-01-01 01:58:17,257856915.93917182
2025-01-01 01:58:18,248972242.07544878
2025-01-01 01:58:19,248909278.57291353
2025-01-01 01:58:20,254235260.34761107
2025-01-01 01:58:21,250925343.206286
2025-01-01 01:58:22,253884754.5084427
2025-01-01 01:58:23,252027415.55949524
2025-01-01 01:58:24,250545573.00167197
2025-01-01 01:58:25,251393756.78166017
2025-01-01 01:58:26,256780286.55566776
2025-01-01 01:58:27,251097935.511375
2025-01-01 01:58:28,249708047.50513345
2025-01-01 01:58:29,246784096.9810868
2025-01-01 01:58:30,247717840.5856812
2025-01-01 01:58:31,246611063.65846625
2025-01-01 01:58:32,257368097.02728897
2025-01-01 01:58:33,257726673.69361353
2025-01-01 01:58:34,256536000.59064412
2025-01-01 01:58:35,249151301.964519
2025-01-01 01:58:36,251499606.50043067
2025-01-01 01:58:37,248271302.99082637
2025-01-01 01:58:38,249336377.13623467
2025-01-01 01:58:39,256437783.7119264
2025-01-01 01:58:40,256292600.51910478
2025-01-01 01:58:41,251110596.56287852
2025-01-01 01:58:42,251859519.28814664
2025-01-01 01:58:43,248443352.9367143
2025-01-01 01:58:44,250145328.64664307
2025-01-01 01:58:45,253590719.45008782
2025-01-01 01:58:46,255716849.16778123
2025-01-01 01:58:47,252145845.25663394
2025-01-01 01:58:48,252819830.46628737
2025-01-01 01:58:49,247787818.8693021
2025-01-01 01:58:50,248189545.217052
2025-01-01 01:58:51,250012497.87780306
2025-01-01 01:58:52,245916599.2655644
2025-01-01 01:58:53,248816399.04732037
2025-01-01 01:58:54,240523930.26666686
2025-01-01 01:58:55,246509134.9296872
2025-01-01 01:58:56,245451838.62726843
2025-01-01 01:58:57,247937197.7840947
2025-01-01 01:58:58,242139082.34895825
2025-01-01 01:58:59,246323450.23354718
2025-01-01 01:59:00,243082527.48007908
2025-01-01 01:59:01,244062556.95394975
2025-01-01 01:59:02,244988766.6704044
2025-01-01 01:59:03,246963805.2940627
2025-01-01 01:59:04,250685680.6279102
2025-01-01 01:59:05,247098427.74333447
2025-01-01 01:59:06,240203726.0762145
2025-01-01 01:59:07,244012390.6644458
2025-01-01 01:59:08,239435880.03258175
2025-01-01 01:59:09,239019392.96354884
2025-01-01 01:59:10,243084068.64094922
2025-01-01 01:59:11,239468258.02144757
2025-01-01 01:59:12,241505227.35545838
2025-01-01 01:59:13,241925004.03854683
2025-01-01 01:59:14,251224477.67428547
2025-01-01 01:59:15,251132243.26030287
2025-01-01 01:59:16,247988289.07150072
2025-01-01 01:59:17,246187060.32857427
2025-01-01 01:59:18,242463416.76209158
2025-01-01 01:59:19,239531446.22013223
2025-01-01 01:59:20,241669141.77603757
2025-01-01 01:59:21,245151299.55944395
2025-01-01 01:59:22,243749230.3457957
2025-01-01 01:59:23,242968541.9694124
2025-01-01 01:59:24,245918955.96523046
2025-01-01 01:59:25,250048223.95133486
2025-01-01 01:59:26,248624167.959023
2025-01-01 01:59:27,254223668.7252598
2025-01-01 01:59:28,243462843.96016654
2025-01-01 01:59:29,245420229.02496684
2025-01-01 01:59:30,250418215.9230313
2025-01-01 01:59:31,244893484.1563978
2025-01-01 01:59:32,238670576.32104298
2025-01-01 01:59:33,241522957.71120498
2025-01-01 01:59:34,245758766.2064543
2025-01-01 01:59:35,245292699.4395666
2025-01-01 01:59:36,241647538.50100625
2025-01-01 01:59:37,246268593.74219385
2025-01-01 01:59:38,248331163.4813408
2025-01-01 01:59:39,250525155.47719395
2025-01-01 01:59:40,242566547.81476665
2025-01-01 01:59:41,244268335.9343391
2025-01-01 01:59:42,242316030.8494753
2025-01-01 01:59:43,246585403.70827997
2025-01-01 01:59:44,244419422.6988784
2025-01-01 01:59:45,252727281.1565663
2025-01-01 01:59:46,248073652.83461604
2025-01-01 01:59:47,245334672.270179
2025-01-01 01:59:48,247491620.6479529
2025-01-01 01:59:49,246171143.47489315
2025-01-01 01:59:50,248072158.68170896
2025-01-01 01:59:51,248468292.39620182
2025-01-01 01:59:52,250200817.8768965
2025-01-01 01:59:53,250029437.922346
2025-01-01 01:59:54,243392361.6998054
2025-01-01 01:59:55,247660055.2168411
2025-01-01 01:59:56,249881479.40167892
2025-01-01 01:59:57,248855262.97246724
2025-01-01 01:59:58,246305292.49563733
2025-01-01 01:59:59,252116530.87638298
