idx,date,truth,season,norros_f,linearP_f,farima_f,persist
7190,2001-11-06 22:20:00,994676597064.0,0.0,1174634001743.4114,1180781057620.0425,1204641723919.5737,1188297555296.0
7191,2001-11-06 22:30:00,1332127082128.0,0.0,1059575296483.7943,1055228069236.5892,999387450785.8473,994676597064.0
7192,2001-11-06 22:40:00,1226793739544.0,0.0,1261073652389.8728,1274692166980.3667,1356109688888.7925,1332127082128.0
7193,2001-11-06 22:50:00,1142495285480.0,0.0,1216798309854.2827,1206304089179.7861,1212346683298.6982,1226793739544.0
7194,2001-11-06 23:00:00,1025551991992.0,0.0,1162945018125.566,1161296204004.7559,1138561336704.7207,1142495285480.0
7195,2001-11-06 23:10:00,959483851952.0,0.0,1082842238482.2195,1083456547061.8241,1034636399865.5435,1025551991992.0
7196,2001-11-06 23:20:00,986618660024.0,0.0,1026992110563.5171,1032655451129.4761,982353392579.5315,959483851952.0
7197,2001-11-06 23:30:00,789467886792.0,0.0,1031871592623.0166,1040393738583.5266,1017352174157.5251,986618660024.0
7198,2001-11-06 23:40:00,878395557296.0,0.0,900126704062.7242,902647880337.6106,816460903733.3971,789467886792.0
7199,2001-11-06 23:50:00,715051601864.0,0.0,934299042967.718,949508164911.9463,924749705569.2162,878395557296.0
7200,2001-11-07 00:00:00,748137343432.0,0.0,825792796520.683,830117130558.9929,750360528802.3882,715051601864.0
7201,2001-11-07 00:10:00,769231594040.0,0.0,827732136875.6316,842609714418.2966,799240384237.128,748137343432.0
7202,2001-11-07 00:20:00,935936701520.0,0.0,832256489258.4194,842483327394.6578,813186579586.496,769231594040.0
7203,2001-11-07 00:30:00,797874749904.0,0.0,933037285431.901,944082007238.9794,972182397879.8551,935936701520.0
7204,2001-11-07 00:40:00,805540931040.0,0.0,854308777112.1775,852579583979.8175,811808624528.6862,797874749904.0
7205,2001-11-07 00:50:00,660846062544.0,0.0,850273823240.3074,858456164027.3219,833450158271.2042,805540931040.0
7206,2001-11-07 01:00:00,676680942992.0,0.0,753690938933.3398,757332804784.5684,688315193386.4502,660846062544.0
7207,2001-11-07 01:10:00,751001504688.0,0.0,747298622278.3269,759492731797.819,718439283378.3113,676680942992.0
7208,2001-11-07 01:20:00,766885590056.0,0.0,787772544115.4402,798036551024.3175,789417283326.4257,751001504688.0
7209,2001-11-07 01:30:00,872190341848.0,0.0,798653180386.0933,804132552409.8765,793034771491.9133,766885590056.0
7210,2001-11-07 01:40:00,794523709808.0,0.0,867200104771.2985,873898705691.2046,894993758326.5225,872190341848.0
7211,2001-11-07 01:50:00,838614320520.0,0.0,825435539804.4188,824370813790.7985,803212874325.4775,794523709808.0
7212,2001-11-07 02:00:00,759380703208.0,0.0,850608182549.3916,856084264688.4486,855484010943.9794,838614320520.0
7213,2001-11-07 02:10:00,785782339896.0,0.0,802663735962.4153,803372318603.8806,771742218002.3623,759380703208.0
7214,2001-11-07 02:20:00,790599806320.0,0.0,813812612288.3245,820216796342.9589,807045685879.8282,785782339896.0
7215,2001-11-07 02:30:00,726738114784.0,0.0,816603544847.5322,820538799417.5261,809196712087.688,790599806320.0
7216,2001-11-07 02:40:00,682725021856.0,0.0,775225897597.6469,777995463136.6757,744370444711.0599,726738114784.0
7217,2001-11-07 02:50:00,726284456024.0,0.0,741170314640.0466,747065168312.7244,708802896974.0244,682725021856.0
7218,2001-11-07 03:00:00,722625739368.0,0.0,759984378236.7803,768015941735.8885,755480045616.7172,726284456024.0
7219,2001-11-07 03:10:00,683958594312.0,0.0,755706632422.0289,760082977041.2332,744599195483.8037,722625739368.0
7220,2001-11-07 03:20:00,617420557072.0,0.0,728550311368.1788,732590051452.724,704706380215.5397,683958594312.0
7221,2001-11-07 03:30:00,620919824200.0,0.0,680743366983.5736,685745076762.0111,642471625322.73,617420557072.0
7222,2001-11-07 03:40:00,637834955912.0,0.0,672733535731.6741,680910054470.6128,651806777468.8859,620919824200.0
7223,2001-11-07 03:50:00,678050376968.0,0.0,677661815900.403,684558860903.1304,665864352343.1958,637834955912.0
7224,2001-11-07 04:00:00,635850053928.0,0.0,701334912672.654,707511299061.0165,702565027463.3333,678050376968.0
7225,2001-11-07 04:10:00,639471902096.0,0.0,675436176417.113,678329359714.5092,654258650682.9392,635850053928.0
7226,2001-11-07 04:20:00,674670117104.0,0.0,673497266662.5507,679108146664.3572,661233143379.5686,639471902096.0
7227,2001-11-07 04:30:00,561841054104.0,0.0,693770371266.6962,698967874437.9337,694803473780.8428,674670117104.0
7228,2001-11-07 04:40:00,680459062064.0,0.0,623562811779.4263,624864901592.3099,578332968112.8666,561841054104.0
7229,2001-11-07 04:50:00,646683073560.0,0.0,689022864104.2352,698975197656.7427,707961255815.2322,680459062064.0
7230,2001-11-07 05:00:00,694464052104.0,0.0,672888792316.8807,673844695431.2301,660610695652.0056,646683073560.0
7231,2001-11-07 05:10:00,713647736000.0,0.0,700833219075.2461,705375919258.8243,708627831983.1013,694464052104.0
7232,2001-11-07 05:20:00,665543363960.0,0.0,718004824159.0424,719764210927.5651,724071696311.9155,713647736000.0
7233,2001-11-07 05:30:00,766568855232.0,0.0,689218191434.7998,689502113711.4547,672486507799.3678,665543363960.0
7234,2001-11-07 05:40:00,638024045736.0,0.0,750478250358.5918,755239990559.1128,777494402497.343,766568855232.0
7235,2001-11-07 05:50:00,563740540616.0,0.0,677065603312.2568,673536748598.7255,639754975560.5454,638024045736.0
7236,2001-11-07 06:00:00,669524641920.0,0.0,621198806892.6191,625286383780.8246,580308248288.4199,563740540616.0
7237,2001-11-07 06:10:00,690657593680.0,0.0,678271190649.4105,686939613098.1919,694606770070.4023,669524641920.0
7238,2001-11-07 06:20:00,668151321824.0,0.0,694004103509.5092,695155828139.3464,699817994779.5356,690657593680.0
7239,2001-11-07 06:30:00,633722373744.0,0.0,684332016683.7085,685249589083.9335,676874113576.5848,668151321824.0
7240,2001-11-07 06:40:00,710570365368.0,0.0,659673563792.1456,661255622875.9664,643731762021.5582,633722373744.0
7241,2001-11-07 06:50:00,676398241040.0,0.0,703332447191.0438,707627378103.7527,722434699616.0663,710570365368.0
7242,2001-11-07 07:00:00,576502612584.0,0.0,685026552013.88,683555278807.9548,678078920526.6298,676398241040.0
7243,2001-11-07 07:10:00,676384907216.0,0.0,619679773113.9954,619460572555.7563,582175523396.52,576502612584.0
7244,2001-11-07 07:20:00,717127176392.0,0.0,673369565680.7015,680184747664.1724,692817528795.8064,676384907216.0
7245,2001-11-07 07:30:00,693141830216.0,0.0,701821656493.0099,701660709575.2557,719025957811.9756,717127176392.0
7246,2001-11-07 07:40:00,640611281936.0,0.0,692161250322.3126,690462961467.8901,690804451218.5011,693141830216.0
7247,2001-11-07 07:50:00,627499468616.0,0.0,658004724873.5436,657176964654.7106,640194897948.4158,640611281936.0
7248,2001-11-07 08:00:00,667102730528.0,0.0,645825558809.4424,647836976841.2454,634051796797.4205,627499468616.0
7249,2001-11-07 08:10:00,670112571120.0,0.0,668047852536.6136,670752336648.2866,674724132867.3427,667102730528.0
7250,2001-11-07 08:20:00,721557446024.0,0.0,672466910699.8765,672838740379.5587,674252209173.547,670112571120.0
7251,2001-11-07 08:30:00,1016402669840.0,0.0,704590071432.3812,705645888092.4434,722842254120.7297,721557446024.0
7252,2001-11-07 08:40:00,1214949634304.0,0.0,896785437966.4,899156694979.6442,1008172193840.1154,1016402669840.0
7253,2001-11-07 08:50:00,1303017447584.0,0.0,1051256793990.6655,1039549366949.2131,1168800454847.7236,1214949634304.0
7254,2001-11-07 09:00:00,1482724263344.0,0.0,1140904880984.352,1122750085225.19,1234209501674.5781,1303017447584.0
7255,2001-11-07 09:10:00,1572367621720.0,0.0,1282841786478.7925,1265674160644.2747,1406025542476.271,1482724263344.0
7256,2001-11-07 09:20:00,1542572465576.0,0.0,1373273488362.5137,1349332674703.5469,1478905558537.2764,1572367621720.0
7257,2001-11-07 09:30:00,1687192264368.0,0.0,1383452659541.7517,1357820982633.935,1445832642564.1362,1542572465576.0
7258,2001-11-07 09:40:00,1679573789984.0,0.0,1490694127654.4941,1471703784731.602,1597828394938.025,1687192264368.0
7259,2001-11-07 09:50:00,1511721510600.0,0.0,1511555168350.1484,1485358820680.2056,1580297705518.7407,1679573789984.0
7260,2001-11-07 10:00:00,1674957838672.0,0.0,1420242568989.7524,1395315655539.7827,1420354024484.2495,1511721510600.0
7261,2001-11-07 10:10:00,1955188384856.0,0.0,1521193359271.103,1510083682141.575,1607312130912.7373,1674957838672.0
7262,2001-11-07 10:20:00,2034616062736.0,0.0,1716089216545.3794,1698647840847.748,1870034101393.4248,1955188384856.0
7263,2001-11-07 10:30:00,2167945007400.0,0.0,1802288838712.0535,1772283846285.2593,1918892871773.3167,2034616062736.0
7264,2001-11-07 10:40:00,1698540419160.0,0.0,1915418614128.4226,1887215863749.948,2045909947032.659,2167945007400.0
7265,2001-11-07 10:50:00,1907509321864.0,0.0,1648425308903.7585,1608230032875.7969,1574036943165.1382,1698540419160.0
7266,2001-11-07 11:00:00,1936473149352.0,0.0,1759117935425.0137,1753532604294.8154,1842203419262.2666,1907509321864.0
7267,2001-11-07 11:10:00,2054962050832.0,0.0,1789858662570.21,1768029283710.2393,1852361346587.4387,1936473149352.0
7268,2001-11-07 11:20:00,2143425248248.0,0.0,1875751267058.2412,1857372307214.0317,1968264405243.7734,2054962050832.0
7269,2001-11-07 11:30:00,2082366557576.0,0.0,1951112577974.7336,1928014293480.5847,2045741393003.109,2143425248248.0
7270,2001-11-07 11:40:00,1871830048472.0,0.0,1932923303622.3748,1906267289242.3945,1979485624331.0166,2082366557576.0
7271,2001-11-07 11:50:00,1822212650152.0,0.0,1807468324348.8809,1783757475569.8682,1784029126918.7532,1871830048472.0
7272,2001-11-07 12:00:00,1975266296248.0,0.0,1764293553740.9907,1752871754441.8198,1764157335457.7234,1822212650152.0
7273,2001-11-07 12:10:00,2075432567688.0,0.0,1854381238233.617,1846487523246.1714,1924760963707.0942,1975266296248.0
7274,2001-11-07 12:20:00,1690565049800.0,0.0,1929829790052.2659,1914212498420.1165,2008038802745.314,2075432567688.0
7275,2001-11-07 12:30:00,1705582808496.0,0.0,1700520180190.6685,1675261906359.3901,1616685485792.2817,1690565049800.0
7276,2001-11-07 12:40:00,1443645847008.0,0.0,1686155122107.2344,1686012709495.8262,1680328950518.976,1705582808496.0
7277,2001-11-07 12:50:00,1340974575944.0,0.0,1510535399850.691,1501435279117.6245,1421979975737.7617,1443645847008.0
7278,2001-11-07 13:00:00,1535092361672.0,0.0,1417440479932.9143,1422656497031.523,1351186009983.2305,1340974575944.0
7279,2001-11-07 13:10:00,1276615853592.0,0.0,1517141839042.541,1527545752420.7715,1554051765312.4736,1535092361672.0
7280,2001-11-07 13:20:00,1288921111384.0,0.0,1356498525984.9478,1349401837562.375,1272807791508.9507,1276615853592.0
7281,2001-11-07 13:30:00,1395797462208.0,0.0,1341506716124.5464,1351621727800.9377,1313426688127.7769,1288921111384.0
7282,2001-11-07 13:40:00,1429440248888.0,0.0,1397074054222.6033,1404075166255.4336,1414916316373.7334,1395797462208.0
7283,2001-11-07 13:50:00,1297303206832.0,0.0,1420454623275.231,1421030400348.204,1432296164622.4849,1429440248888.0
7284,2001-11-07 14:00:00,1499140198392.0,0.0,1340145292700.998,1337570639953.8916,1296938063431.2935,1297303206832.0
7285,2001-11-07 14:10:00,1393130370848.0,0.0,1457448269990.8105,1465873198970.5967,1511149541555.0215,1499140198392.0
7286,2001-11-07 14:20:00,1348724079992.0,0.0,1402389003507.0366,1395511116725.1116,1382309906605.8025,1393130370848.0
7287,2001-11-07 14:30:00,1428761857832.0,0.0,1370130075045.1108,1371219891069.4426,1349748923030.4644,1348724079992.0
7288,2001-11-07 14:40:00,1418305731352.0,0.0,1416076180273.8074,1419789402960.1655,1435316576332.7651,1428761857832.0
7289,2001-11-07 14:50:00,1700146461136.0,0.0,1413636204776.847,1411992152557.6768,1415371286329.767,1418305731352.0
7290,2001-11-07 15:00:00,1748816423864.0,0.0,1593566241829.1553,1597450124492.6133,1693840442841.7754,1700146461136.0
7291,2001-11-07 15:10:00,1497171685224.0,0.0,1651986110364.233,1639927566119.313,1710616363380.6543,1748816423864.0
7292,2001-11-07 15:20:00,1443018585176.0,0.0,1510681332296.5872,1495999996586.3992,1458145167067.0427,1497171685224.0
7293,2001-11-07 15:30:00,1402677520080.0,0.0,1464794228149.8828,1465690948705.5737,1437150076550.8923,1443018585176.0
7294,2001-11-07 15:40:00,1542228922592.0,0.0,1430771119614.4438,1432056880239.8164,1406155112430.0479,1402677520080.0
7295,2001-11-07 15:50:00,1431248808784.0,0.0,1512795040215.8809,1518194486493.5522,1549447234541.9712,1542228922592.0
7296,2001-11-07 16:00:00,1528021187784.0,0.0,1452374297321.5142,1447380232919.1082,1424239229262.0452,1431248808784.0
7297,2001-11-07 16:10:00,1651486516296.0,0.0,1509345642515.2544,1514199932167.0212,1533100056818.0847,1528021187784.0
7298,2001-11-07 16:20:00,1655256504840.0,0.0,1596136531026.28,1595892893442.475,1645099597836.2686,1651486516296.0
7299,2001-11-07 16:30:00,1770549426992.0,0.0,1616244469889.0461,1610514244805.5488,1637555459626.94,1655256504840.0
7300,2001-11-07 16:40:00,1891871083184.0,0.0,1699688289027.1843,1697480338906.497,1753959815238.044,1770549426992.0
7301,2001-11-07 16:50:00,1977064718400.0,0.0,1793611468576.0347,1786981860755.246,1862905708707.736,1891871083184.0
7302,2001-11-07 17:00:00,1872250296392.0,0.0,1869327422680.77,1859001596924.7188,1936513776625.3328,1977064718400.0
7303,2001-11-07 17:10:00,1939210133272.0,0.0,1822799613389.3857,1808275824339.7292,1826691925864.5046,1872250296392.0
7304,2001-11-07 17:20:00,1950280891248.0,0.0,1867881006954.8408,1862524476411.7498,1908088976332.2637,1939210133272.0
7305,2001-11-07 17:30:00,1973087074544.0,0.0,1885759699945.2566,1876443715784.1487,1916025232940.0598,1950280891248.0
7306,2001-11-07 17:40:00,1847349637352.0,0.0,1907622172857.57,1899644053549.1887,1939782214148.1196,1973087074544.0
7307,2001-11-07 17:50:00,1629348076376.0,0.0,1834612091473.3894,1823971330517.329,1813795535677.4805,1847349637352.0
7308,2001-11-07 18:00:00,1553776762048.0,0.0,1691977728244.7202,1686698452118.8315,1616766763177.625,1629348076376.0
7309,2001-11-07 18:10:00,1490944769336.0,0.0,1624589396753.9531,1630379148029.2776,1571646268638.852,1553776762048.0
7310,2001-11-07 18:20:00,1591963700256.0,0.0,1567384431538.6655,1573961109623.3174,1518650900706.9336,1490944769336.0
7311,2001-11-07 18:30:00,1572902512240.0,0.0,1615867100662.773,1626464415541.7812,1625210268277.4067,1591963700256.0
7312,2001-11-07 18:40:00,1516367989880.0,0.0,1599962371144.222,1601941217237.6753,1587311625972.9292,1572902512240.0
7313,2001-11-07 18:50:00,1503273415080.0,0.0,1562152222966.915,1565275988010.2722,1533239228743.8137,1516367989880.0
7314,2001-11-07 19:00:00,1579911256984.0,0.0,1546016291204.4834,1551551520434.6033,1525408133129.3672,1503273415080.0
7315,2001-11-07 19:10:00,1676913904048.0,0.0,1589068725534.3735,1595497345996.4531,1601907657712.9849,1579911256984.0
7316,2001-11-07 19:20:00,1461866839176.0,0.0,1653148133455.7139,1655836252624.5334,1687573705814.548,1676913904048.0
7317,2001-11-07 19:30:00,1500222907200.0,0.0,1523958234885.5771,1518160128764.686,1461701916685.079,1461866839176.0
7318,2001-11-07 19:40:00,1601621007368.0,0.0,1530857489420.4792,1539136483777.2314,1521930793976.3303,1500222907200.0
7319,2001-11-07 19:50:00,1526123142264.0,0.0,1590612029309.1963,1595217437261.0251,1616580631444.4958,1601621007368.0
7320,2001-11-07 20:00:00,1574975175688.0,0.0,1549177448792.0073,1546868259774.0955,1529710584543.9678,1526123142264.0
7321,2001-11-07 20:10:00,1772201871552.0,0.0,1574919181281.9678,1578839466523.031,1586626661532.1482,1574975175688.0
7322,2001-11-07 20:20:00,1695830356272.0,0.0,1698580642187.6523,1700787883188.8447,1771468093390.2563,1772201871552.0
7323,2001-11-07 20:30:00,1744870825552.0,0.0,1667967641867.8835,1657952169352.5803,1672901071075.8247,1695830356272.0
7324,2001-11-07 20:40:00,1734905572352.0,0.0,1699478817291.5908,1696955755754.2495,1728287421637.4075,1744870825552.0
7325,2001-11-07 20:50:00,1857362374712.0,0.0,1699683600400.5496,1693363496161.6182,1713400441285.1301,1734905572352.0
7326,2001-11-07 21:00:00,1709129043648.0,0.0,1782206219819.6562,1779737106616.082,1838948523545.513,1857362374712.0
7327,2001-11-07 21:10:00,1588990829256.0,0.0,1700038092061.2207,1688024036245.086,1677344177041.6865,1709129043648.0
7328,2001-11-07 21:20:00,1508879401160.0,0.0,1618789299152.39,1615826704412.6052,1577678554720.3083,1588990829256.0
7329,2001-11-07 21:30:00,1624515531888.0,0.0,1556692132772.645,1558434887446.0059,1515430416112.4714,1508879401160.0
7330,2001-11-07 21:40:00,1737842390352.0,0.0,1617449123496.9004,1624463489772.196,1639758803246.9272,1624515531888.0
7331,2001-11-07 21:50:00,1780260784808.0,0.0,1692385486504.4185,1692660180461.8994,1735983584020.2441,1737842390352.0
7332,2001-11-07 22:00:00,1541770262352.0,0.0,1732051983426.4675,1727621517976.607,1765697582295.2593,1780260784808.0
7333,2001-11-07 22:10:00,1538498165208.0,0.0,1589133779821.9858,1579934520468.0625,1524463384345.3535,1541770262352.0
7334,2001-11-07 22:20:00,1476504876312.0,0.0,1571045006704.3062,1576778008292.5469,1549807659075.4492,1538498165208.0
7335,2001-11-07 22:30:00,1384884100096.0,0.0,1525056861931.2732,1527568480744.461,1490675819545.0098,1476504876312.0
7336,2001-11-07 22:40:00,1502754306896.0,0.0,1457258299477.9937,1461818169682.4863,1406100969043.618,1384884100096.0
7337,2001-11-07 22:50:00,1515481126728.0,0.0,1520027405918.3252,1530823583038.7078,1534436321805.0046,1502754306896.0
7338,2001-11-07 23:00:00,1586334062632.0,0.0,1530130689279.3018,1532560942246.8623,1531992558636.9895,1515481126728.0
7339,2001-11-07 23:10:00,1581901707856.0,0.0,1574004395819.4702,1577305008063.6199,1596206103876.1753,1586334062632.0
7340,2001-11-07 23:20:00,1457518809016.0,0.0,1577332710929.1145,1576212778503.316,1582462424036.5688,1581901707856.0
7341,2001-11-07 23:30:00,1491216865472.0,0.0,1500977111555.165,1499097542307.998,1459528182632.1355,1457518809016.0
7342,2001-11-07 23:40:00,1406353421752.0,0.0,1513836675284.246,1520158283241.4436,1509150665416.954,1491216865472.0
7343,2001-11-07 23:50:00,1017545068824.0,0.0,1457733455339.919,1459178986705.665,1420344151195.5642,1406353421752.0
7344,2001-11-08 00:00:00,1451686160928.0,0.0,1202641944896.9736,1203805164680.209,1046260758067.6445,1017545068824.0
7345,2001-11-08 00:10:00,1393061059872.0,0.0,1439377034457.5818,1468831618200.213,1520532188574.643,1451686160928.0
7346,2001-11-08 00:20:00,1383923407168.0,0.0,1420109001897.164,1417428002809.02,1409561614572.734,1393061059872.0
7347,2001-11-08 00:30:00,1505514453888.0,0.0,1415795086734.436,1421012945266.4734,1404376369774.3513,1383923407168.0
7348,2001-11-08 00:40:00,1364007007600.0,0.0,1492545874254.9507,1498877291679.9902,1525567814449.622,1505514453888.0
7349,2001-11-08 00:50:00,1277393749488.0,0.0,1412355871471.564,1409366767779.0984,1371433117637.8555,1364007007600.0
7350,2001-11-08 01:00:00,1061492316200.0,0.0,1347611893748.822,1352901759226.7305,1300439797493.516,1277393749488.0
7351,2001-11-08 01:10:00,1078010251096.0,0.0,1198313115787.552,1203801441049.4172,1097514016648.0292,1061492316200.0
7352,2001-11-08 01:20:00,1030657616880.0,0.0,1181793161047.7852,1198931920203.6172,1137344539654.453,1078010251096.0
7353,2001-11-08 01:30:00,880506716584.0,0.0,1137627915648.3188,1149636004476.9749,1086100300941.7771,1030657616880.0
7354,2001-11-08 01:40:00,821563201216.0,0.0,1026771911156.8424,1038404378812.9022,938243080706.1337,880506716584.0
7355,2001-11-08 01:50:00,753694816592.0,0.0,964569629068.214,982293595322.5745,891903481155.7358,821563201216.0
7356,2001-11-08 02:00:00,722188984296.0,0.0,901705997189.333,919012167921.2886,827365075418.5686,753694816592.0
7357,2001-11-08 02:10:00,706432726680.0,0.0,862683899785.6327,881535047623.2286,799009459803.4785,722188984296.0
7358,2001-11-08 02:20:00,657099492888.0,0.0,838017485134.5842,856509791495.3047,783461716415.1901,706432726680.0
7359,2001-11-08 02:30:00,711923572872.0,0.0,793996229896.1836,811037046081.9878,731737370061.4072,657099492888.0
7360,2001-11-08 02:40:00,788006274856.0,0.0,814698585411.4808,834028246799.3425,786694465702.6344,711923572872.0
7361,2001-11-08 02:50:00,775291451720.0,0.0,858343797451.0648,873799814892.3335,851143802206.3044,788006274856.0
7362,2001-11-08 03:00:00,693096082576.0,0.0,852544630100.9958,863018509341.0073,826470294552.1261,775291451720.0
7363,2001-11-08 03:10:00,627348390552.0,0.0,798109281864.4928,808505070504.5269,744922233017.7053,693096082576.0
7364,2001-11-08 03:20:00,630935164440.0,0.0,744562914249.6672,757935891710.5383,685402177123.012,627348390552.0
7365,2001-11-08 03:30:00,559571403752.0,0.0,734914689101.5302,750788928041.5791,694795777765.9985,630935164440.0
7366,2001-11-08 03:40:00,671406051216.0,0.0,682465432652.8627,695786180909.4081,622185087411.4056,559571403752.0
7367,2001-11-08 03:50:00,859328228408.0,0.0,740582095153.7598,758946163299.7426,737101539049.626,671406051216.0
7368,2001-11-08 04:00:00,765644317840.0,0.0,862418600587.3313,875189072970.4136,906929432263.7295,859328228408.0
7369,2001-11-08 04:10:00,787874217696.0,0.0,819694846612.8185,820861864416.802,791387310937.3276,765644317840.0
7370,2001-11-08 04:20:00,799206434464.0,0.0,830990617548.4849,839799227199.5034,821783561901.3474,787874217696.0
7371,2001-11-08 04:30:00,800347779528.0,0.0,839068374051.8253,845583312540.6117,830420085080.4448,799206434464.0
7372,2001-11-08 04:40:00,873947372952.0,0.0,840179873402.8733,846147433216.5411,828960782928.8813,800347779528.0
7373,2001-11-08 04:50:00,668790305904.0,0.0,887005840267.0117,894067413323.5645,901792271531.5126,873947372952.0
7374,2001-11-08 05:00:00,807170009360.0,0.0,760875387813.1813,760205009794.4944,688375817054.3684,668790305904.0
7375,2001-11-08 05:10:00,673583290184.0,0.0,831703720791.3074,845935169444.4952,847238506426.128,807170009360.0
7376,2001-11-08 05:20:00,701524801264.0,0.0,750629510809.9135,751851117145.1516,697720885244.1478,673583290184.0
7377,2001-11-08 05:30:00,690026594368.0,0.0,758036833952.1193,769111110358.3899,740072886864.3125,701524801264.0
7378,2001-11-08 05:40:00,746093489240.0,0.0,747279503431.7595,754481118669.8524,725120087700.7734,690026594368.0
7379,2001-11-08 05:50:00,747456355168.0,0.0,777999661747.6742,786733164125.595,780296167691.2744,746093489240.0
7380,2001-11-08 06:00:00,600489777248.0,0.0,778378277675.8848,782782337107.6262,771031591413.8624,747456355168.0
7381,2001-11-08 06:10:00,723787413528.0,0.0,684632988530.8163,687149818062.8173,624283231611.4039,600489777248.0
7382,2001-11-08 06:20:00,727206221456.0,0.0,748381157373.4321,761172407828.8523,761714598393.7826,723787413528.0
7383,2001-11-08 06:30:00,720459596304.0,0.0,753490993583.7273,756755792863.9531,748580417351.9491,727206221456.0
7384,2001-11-08 06:40:00,742294763456.0,0.0,750710460458.4209,754949472948.9927,740745368871.3427,720459596304.0
7385,2001-11-08 06:50:00,692135989616.0,0.0,763481405885.8217,768097959902.443,762053232868.2515,742294763456.0
7386,2001-11-08 07:00:00,721381513616.0,0.0,732524137899.0757,734906250340.9176,709615548719.888,692135989616.0
7387,2001-11-08 07:10:00,630345819160.0,0.0,745676848355.0864,751533471004.6685,743368790233.5623,721381513616.0
7388,2001-11-08 07:20:00,746418583920.0,0.0,686201925155.5808,687927386678.4883,647876787161.1188,630345819160.0
7389,2001-11-08 07:30:00,738572367576.0,0.0,750596303514.9292,759556222596.2249,772355969581.159,746418583920.0
7390,2001-11-08 07:40:00,699344703256.0,0.0,749682645322.2577,750275818934.6936,749585851825.0612,738572367576.0
7391,2001-11-08 07:50:00,797912275640.0,0.0,723522179452.9349,724512202377.5,706485993689.2424,699344703256.0
7392,2001-11-08 08:00:00,735861767608.0,0.0,786061001783.5464,791171052905.7676,812161486842.9886,797912275640.0
7393,2001-11-08 08:10:00,746022121336.0,0.0,752581724192.2853,750247328055.4552,738096614794.6296,735861767608.0
7394,2001-11-08 08:20:00,766713329816.0,0.0,755890943483.4595,758352853246.149,754327175555.8192,746022121336.0
7395,2001-11-08 08:30:00,776058694616.0,0.0,768575838442.5576,770020789644.2928,774461969311.9263,766713329816.0
7396,2001-11-08 08:40:00,929907121480.0,0.0,773818241843.3864,773961133886.8362,779225892726.1278,776058694616.0
7397,2001-11-08 08:50:00,1012986601656.0,0.0,871377536953.8466,873256158096.0863,928904966602.685,929907121480.0
7398,2001-11-08 09:00:00,1011182871792.0,0.0,936696385716.2874,930395065371.7474,990765675109.7972,1012986601656.0
7399,2001-11-08 09:10:00,1158074631752.0,0.0,950262295068.3131,941032950044.0541,979873286126.8352,1011182871792.0
7400,2001-11-08 09:20:00,1115275583360.0,0.0,1051179631510.1794,1045620250025.7146,1126476590778.1372,1158074631752.0
7401,2001-11-08 09:30:00,982735296232.0,0.0,1041654696305.8956,1027179518095.0112,1067967210252.8674,1115275583360.0
7402,2001-11-08 09:40:00,1120171620024.0,0.0,964129528761.2991,952747412496.3564,944026369268.4058,982735296232.0
7403,2001-11-08 09:50:00,1135322935704.0,0.0,1044837115551.9951,1043532895722.2466,1097698307384.9751,1120171620024.0
7404,2001-11-08 10:00:00,1108077940048.0,0.0,1065358321038.4711,1055103617041.4161,1098634333128.8086,1135322935704.0
7405,2001-11-08 10:10:00,1300563234024.0,0.0,1055772895610.0477,1046319789266.8369,1071251411198.2717,1108077940048.0
7406,2001-11-08 10:20:00,1449129323704.0,0.0,1180880635585.3162,1176428455337.655,1266166995506.6968,1300563234024.0
7407,2001-11-08 10:30:00,1371824103440.0,0.0,1296225991010.808,1282805904043.4116,1393011093061.573,1449129323704.0
7408,2001-11-08 10:40:00,1153641731616.0,0.0,1272483426889.4077,1252162633901.0515,1302228646967.9404,1371824103440.0
7409,2001-11-08 10:50:00,1456025862456.0,0.0,1141308821020.5728,1125113314480.2192,1099291033738.334,1153641731616.0
7410,2001-11-08 11:00:00,1359661841136.0,0.0,1320023496709.0674,1321346421977.3652,1426847831100.9536,1456025862456.0
7411,2001-11-08 11:10:00,1216944452936.0,0.0,1281595545985.9463,1261584918710.299,1298730568021.2778,1359661841136.0
7412,2001-11-08 11:20:00,1145060713208.0,0.0,1194976336836.0112,1182906319753.4192,1170881571942.921,1216944452936.0
7413,2001-11-08 11:30:00,1230609123832.0,0.0,1140607536452.9353,1135313275342.1606,1119038896220.928,1145060713208.0
7414,2001-11-08 11:40:00,1241764491832.0,0.0,1187045120416.4438,1186268145691.4026,1214867671889.5054,1230609123832.0
7415,2001-11-08 11:50:00,1160442174272.0,0.0,1198992838934.7737,1192788388485.0068,1218282507159.319,1241764491832.0
7416,2001-11-08 12:00:00,1088831457120.0,0.0,1149341797008.5562,1142121883943.6807,1135776996232.2402,1160442174272.0
7417,2001-11-08 12:10:00,1324326072160.0,0.0,1098558010437.1954,1095354018860.7896,1075410775003.7881,1088831457120.0
7418,2001-11-08 12:20:00,1344956859232.0,0.0,1239635429674.2695,1243302931593.7422,1317035664049.896,1324326072160.0
7419,2001-11-08 12:30:00,1176605057192.0,0.0,1269718791956.685,1258709708846.507,1309813292907.5386,1344956859232.0
7420,2001-11-08 12:40:00,1195216952640.0,0.0,1173123481344.7246,1161493347739.99,1142033936739.8752,1176605057192.0
7421,2001-11-08 12:50:00,1335582138344.0,0.0,1174613661088.0627,1173507225025.4116,1179705267997.5369,1195216952640.0
7422,2001-11-08 13:00:00,1232626970888.0,0.0,1263264019804.602,1261765251904.4182,1319197942677.1245,1335582138344.0
7423,2001-11-08 13:10:00,1147793339096.0,0.0,1209092156234.9055,1197928396661.4956,1200231418158.042,1232626970888.0
7424,2001-11-08 13:20:00,1206277630160.0,0.0,1152723641828.7063,1148331525862.7405,1129477879991.0884,1147793339096.0
7425,2001-11-08 13:30:00,1283331904680.0,0.0,1181979632882.4043,1182489679653.09,1198397108176.6926,1206277630160.0
7426,2001-11-08 13:40:00,1133053604800.0,0.0,1233129262816.2192,1230498429468.7043,1268713827064.928,1283331904680.0
7427,2001-11-08 13:50:00,1261521374944.0,0.0,1145286894955.0347,1136623211038.25,1111455892692.4248,1133053604800.0
7428,2001-11-08 14:00:00,1278789022944.0,0.0,1216830129460.3801,1219780152388.8096,1254964372110.288,1261521374944.0
7429,2001-11-08 14:10:00,1321566071600.0,0.0,1236584462329.8887,1230660298299.3494,1259114776151.776,1278789022944.0
7430,2001-11-08 14:20:00,1409004620272.0,0.0,1269230032969.4678,1264614303582.834,1299517189270.2644,1321566071600.0
7431,2001-11-08 14:30:00,1318396232696.0,0.0,1332074874757.9795,1326536737651.88,1381845144146.182,1409004620272.0
7432,2001-11-08 14:40:00,1274163765728.0,0.0,1287046867610.5352,1275961732115.6726,1283760893277.7505,1318396232696.0
7433,2001-11-08 14:50:00,1439470190464.0,0.0,1257825742144.8857,1252945167838.5757,1251911601991.9902,1274163765728.0
7434,2001-11-08 15:00:00,1415662528048.0,0.0,1360270779077.7192,1359948783795.8064,1422771656675.1577,1439470190464.0
7435,2001-11-08 15:10:00,1554769866296.0,0.0,1359188981269.1184,1348374038074.732,1380287763765.1208,1415662528048.0
7436,2001-11-08 15:20:00,1443385518640.0,0.0,1454384846060.0234,1449516158438.5073,1522760682525.7769,1554769866296.0
7437,2001-11-08 15:30:00,1624909686920.0,0.0,1400544305889.1416,1385984648859.3987,1398695577932.3145,1443385518640.0
7438,2001-11-08 15:40:00,1354326285168.0,0.0,1515784474421.9397,1512834963618.0762,1592797097394.9097,1624909686920.0
7439,2001-11-08 15:50:00,1481185671704.0,0.0,1362979264958.2166,1344743458955.6328,1308224864512.3774,1354326285168.0
7440,2001-11-08 16:00:00,1448433763808.0,0.0,1429481613264.995,1432067931512.7197,1466690341548.1177,1481185671704.0
7441,2001-11-08 16:10:00,1573738288040.0,0.0,1415618575808.4597,1407411411083.5947,1422273380136.2961,1448433763808.0
7442,2001-11-08 16:20:00,1552146170872.0,0.0,1496652672251.3047,1494253646758.438,1550948124248.9436,1573738288040.0
7443,2001-11-08 16:30:00,1627382909936.0,0.0,1496304482682.018,1485913333416.6235,1516458202973.4546,1552146170872.0
7444,2001-11-08 16:40:00,1694773000400.0,0.0,1550926146803.5156,1545097590768.0327,1596131412087.3738,1627382909936.0
7445,2001-11-08 16:50:00,1664833238584.0,0.0,1605368049863.3245,1596405813408.5154,1656789677608.2957,1694773000400.0
7446,2001-11-08 17:00:00,1497901122024.0,0.0,1599360500669.7385,1587416642702.9746,1621182383432.3135,1664833238584.0
7447,2001-11-08 17:10:00,1517900828456.0,0.0,1499564098684.6611,1488596273459.8323,1463631359545.302,1497901122024.0
7448,2001-11-08 17:20:00,1535016049696.0,0.0,1501173476064.2588,1500747907432.2415,1505086911382.9058,1517900828456.0
7449,2001-11-08 17:30:00,1744486405784.0,0.0,1509314460207.57,1506158047989.7031,1520047635365.505,1535016049696.0
7450,2001-11-08 17:40:00,1842201038240.0,0.0,1644573155329.8875,1644043194994.0122,1726690148662.7336,1744486405784.0
7451,2001-11-08 17:50:00,1764283192488.0,0.0,1726622183023.6392,1715355669085.4124,1799460302440.3586,1842201038240.0
7452,2001-11-08 18:00:00,1738753154600.0,0.0,1696591218977.102,1681180127495.7002,1711839873258.474,1764283192488.0
7453,2001-11-08 18:10:00,1637808201608.0,0.0,1686306401171.44,1677220818213.335,1700069855312.0942,1738753154600.0
7454,2001-11-08 18:20:00,1876161228816.0,0.0,1624787321918.656,1615808217822.4443,1607689477211.5112,1637808201608.0
7455,2001-11-08 18:30:00,1916543549232.0,0.0,1768585071259.1196,1769394691740.9033,1856278758181.7761,1876161228816.0
7456,2001-11-08 18:40:00,1858747755760.0,0.0,1812270394616.982,1798153941941.5928,1867410276745.2524,1916543549232.0
7457,2001-11-08 18:50:00,2063192999920.0,0.0,1791454117223.2402,1777754464929.4106,1809645324855.3794,1858747755760.0
7458,2001-11-08 19:00:00,1885460984712.0,0.0,1923731569343.5967,1917409796208.718,2020104701996.9795,2063192999920.0
7459,2001-11-08 19:10:00,2016527027912.0,0.0,1831898055910.9626,1810779744460.386,1822310196734.1682,1885460984712.0
7460,2001-11-08 19:20:00,1979596932200.0,0.0,1911792120157.6138,1906353021380.432,1974463898975.6265,2016527027912.0
7461,2001-11-08 19:30:00,2063070335848.0,0.0,1901883297680.9204,1886819263207.7244,1926972588336.458,1979596932200.0
7462,2001-11-08 19:40:00,2015343737648.0,0.0,1959539095929.8887,1950297948114.4595,2016172232256.6267,2063070335848.0
7463,2001-11-08 19:50:00,1864445706464.0,0.0,1940539240826.027,1925730929904.0784,1961434689399.4868,2015343737648.0
7464,2001-11-08 20:00:00,1742622407184.0,0.0,1847985257859.9553,1835407581102.0698,1819677469793.64,1864445706464.0
7465,2001-11-08 20:10:00,1595223774928.0,0.0,1762339531089.8564,1757289087565.062,1721832501074.0205,1742622407184.0
7466,2001-11-08 20:20:00,1664997841248.0,0.0,1653770116233.0513,1652461602169.5732,1592413573812.5464,1595223774928.0
7467,2001-11-08 20:30:00,1582976308352.0,0.0,1676564101061.9478,1683315347844.329,1676994954335.1777,1664997841248.0
7468,2001-11-08 20:40:00,1636260755864.0,0.0,1620420720152.247,1619556829102.968,1586809560104.9707,1582976308352.0
7469,2001-11-08 20:50:00,1717330957960.0,0.0,1644257410797.4558,1649539202459.9795,1648532027969.4844,1636260755864.0
7470,2001-11-08 21:00:00,1827138239344.0,0.0,1693436243089.8438,1695094607135.6233,1720172579018.6523,1717330957960.0
7471,2001-11-08 21:10:00,1834345527512.0,0.0,1768521591690.3838,1767172945329.213,1817046633002.9304,1827138239344.0
7472,2001-11-08 21:20:00,1733604991544.0,0.0,1786156819868.0645,1779236601080.6616,1811455246778.446,1834345527512.0
7473,2001-11-08 21:30:00,1391021520200.0,0.0,1729772993308.5352,1722648570776.8994,1712624288046.9421,1733604991544.0
7474,2001-11-08 21:40:00,1300351858504.0,0.0,1506682700758.5571,1500788658231.7278,1385970987523.7056,1391021520200.0
7475,2001-11-08 21:50:00,1372699644792.0,0.0,1417951260824.7405,1430407296148.2852,1338732182981.3398,1300351858504.0
7476,2001-11-08 22:00:00,1373009761056.0,0.0,1439803128167.4211,1454343757235.0479,1420272560124.871,1372699644792.0
7477,2001-11-08 22:10:00,1442855534312.0,0.0,1432690335939.8384,1440981803509.1643,1409218631530.8992,1373009761056.0
7478,2001-11-08 22:20:00,1379961603520.0,0.0,1471258778023.5664,1480459479231.9026,1475517876677.3809,1442855534312.0
7479,2001-11-08 22:30:00,1398889069592.0,0.0,1431980433953.0833,1435224270734.2114,1401894531896.189,1379961603520.0
7480,2001-11-08 22:40:00,1497015058760.0,0.0,1437684844977.1748,1445216238686.3545,1425495400494.9429,1398889069592.0
7481,2001-11-08 22:50:00,1651384400080.0,0.0,1499062954811.3687,1506034415724.3804,1520550354906.5188,1497015058760.0
7482,2001-11-08 23:00:00,1618945351304.0,0.0,1603783585440.516,1607003432282.8792,1659765585649.079,1651384400080.0
7483,2001-11-08 23:10:00,1733491867080.0,0.0,1600554521961.0325,1595334326799.6917,1610237910257.1665,1618945351304.0
7484,2001-11-08 23:20:00,1557662011848.0,0.0,1677926309206.4834,1678051259858.8108,1726167201979.4863,1733491867080.0
7485,2001-11-08 23:30:00,1504478294640.0,0.0,1581090850866.4434,1572180961626.542,1542491145794.877,1557662011848.0
7486,2001-11-08 23:40:00,1524690257808.0,0.0,1537341132545.2656,1539604658420.272,1509101974886.9844,1504478294640.0
7487,2001-11-08 23:50:00,1216506173024.0,0.0,1543702092114.1094,1547849821913.677,1538060519283.8052,1524690257808.0
7488,2001-11-09 00:00:00,1340342238608.0,0.0,1345875768577.5825,1343677835460.83,1230866329312.6272,1216506173024.0
7489,2001-11-09 00:10:00,1502296286104.0,0.0,1396325668359.7568,1414473890103.5645,1389638628392.1182,1340342238608.0
7490,2001-11-09 00:20:00,1292630191288.0,0.0,1495139943489.1912,1504016017394.248,1533578863192.299,1502296286104.0
7491,2001-11-09 00:30:00,1406959683760.0,0.0,1372920981687.5063,1369991587549.3083,1305279968021.3018,1292630191288.0
7492,2001-11-09 00:40:00,1393792316240.0,0.0,1430840971997.6172,1443493770538.3994,1441608314044.5938,1406959683760.0
7493,2001-11-09 00:50:00,1138673919952.0,0.0,1424435090927.137,1427322704585.004,1414475035616.422,1393792316240.0
7494,2001-11-09 01:00:00,1121967241800.0,0.0,1260093486968.983,1260976853739.9023,1160926752828.9182,1138673919952.0
7495,2001-11-09 01:10:00,895228113952.0,0.0,1225883193654.0908,1241292245105.893,1173642605436.5315,1121967241800.0
7496,2001-11-09 01:20:00,1190637914224.0,0.0,1068093560731.6492,1077682226047.434,950281427679.9967,895228113952.0
7497,2001-11-09 01:30:00,1299949311144.0,0.0,1227710011355.5635,1254361062263.4297,1267105690376.6477,1190637914224.0
7498,2001-11-09 01:40:00,1146606327680.0,0.0,1306918122582.857,1313792496073.2996,1337804455433.576,1299949311144.0
7499,2001-11-09 01:50:00,1008543775416.0,0.0,1220020619610.5767,1220635594790.449,1168676928735.1455,1146606327680.0
7500,2001-11-09 02:00:00,902201251416.0,0.0,1122660611639.2617,1131186632130.8867,1048570876814.7526,1008543775416.0
7501,2001-11-09 02:10:00,899565431696.0,0.0,1037167613150.0083,1050184484286.1797,957748396751.071,902201251416.0
7502,2001-11-09 02:20:00,763035387584.0,0.0,1017590900192.0082,1035075049086.6547,967636131102.747,899565431696.0
7503,2001-11-09 02:30:00,815988706216.0,0.0,918462255709.8254,931964319598.0934,830041710849.7163,763035387584.0
7504,2001-11-09 02:40:00,706222561296.0,0.0,930360442176.0651,951431341875.1959,893389061909.5376,815988706216.0
7505,2001-11-09 02:50:00,711849559088.0,0.0,853001271131.6548,866808356066.2197,776714383572.7905,706222561296.0
7506,2001-11-09 03:00:00,719171493408.0,0.0,837587751996.4548,857170502555.8075,788561676674.6526,711849559088.0
7507,2001-11-09 03:10:00,748632933792.0,0.0,831896101311.1057,848906221284.6998,792219101136.1481,719171493408.0
7508,2001-11-09 03:20:00,735571582576.0,0.0,842009214806.9366,857851758477.2775,815434594021.5583,748632933792.0
7509,2001-11-09 03:30:00,760252560200.0,0.0,829511793293.8458,842462743514.2211,795734892432.0399,735571582576.0
7510,2001-11-09 03:40:00,616315885040.0,0.0,838227910474.324,851699549174.2585,817632849680.6687,760252560200.0
7511,2001-11-09 03:50:00,667409356424.0,0.0,742267191862.9193,751039566791.661,668243551652.3928,616315885040.0
7512,2001-11-09 04:00:00,607386863968.0,0.0,757260432424.4407,774903984626.0557,731809864214.377,667409356424.0
7513,2001-11-09 04:10:00,591679747880.0,0.0,712953021156.811,724025986017.759,662622221238.4093,607386863968.0
7514,2001-11-09 04:20:00,452749656992.0,0.0,693225477314.0153,707674320234.048,651707343138.2977,591679747880.0
7515,2001-11-09 04:30:00,477502305704.0,0.0,595929628908.8135,607624945676.0944,512703275916.1041,452749656992.0
7516,2001-11-09 04:40:00,468691805896.0,0.0,593257106793.5685,612704402414.7155,550709308305.5657,477502305704.0
7517,2001-11-09 04:50:00,398718001792.0,0.0,578688648089.1686,593971233443.2339,536350496542.77563,468691805896.0
7518,2001-11-09 05:00:00,465362579312.0,0.0,526087809101.08215,540238667836.06805,465065590991.6577,398718001792.0
7519,2001-11-09 05:10:00,487627449280.0,0.0,554493701673.4883,572575785520.4154,535317679354.9592,465362579312.0
7520,2001-11-09 05:20:00,489337758744.0,0.0,563978163716.2703,576590629565.5391,545296969675.5941,487627449280.0
7521,2001-11-09 05:30:00,458490896208.0,0.0,560472519068.5485,571356390303.1777,537907615594.9868,489337758744.0
7522,2001-11-09 05:40:00,501963922528.0,0.0,538074554307.8545,547915514753.4506,504028800899.2372,458490896208.0
7523,2001-11-09 05:50:00,562532745016.0,0.0,561046398978.9747,573066133513.9404,549371958587.8889,501963922528.0
7524,2001-11-09 06:00:00,544597986880.0,0.0,599594404385.0862,609084143956.5817,602238756053.3634,562532745016.0
7525,2001-11-09 06:10:00,605527731248.0,0.0,592720426348.4498,598590565189.9598,576360041565.8843,544597986880.0
7526,2001-11-09 06:20:00,630788843464.0,0.0,630441852729.3987,638631278437.2747,636710655417.2573,605527731248.0
7527,2001-11-09 06:30:00,603563615344.0,0.0,651433635930.4023,656000289993.428,653807341872.4855,630788843464.0
7528,2001-11-09 06:40:00,598520367024.0,0.0,638825382112.138,642180020339.2974,623850678232.6837,603563615344.0
7529,2001-11-09 06:50:00,601126018536.0,0.0,635434986103.1066,640743919433.4625,622885699220.58,598520367024.0
7530,2001-11-09 07:00:00,563059111024.0,0.0,635101415395.2415,640182031601.5638,624922847563.3141,601126018536.0
7531,2001-11-09 07:10:00,523831346312.0,0.0,609931433604.9829,614235243488.7745,587254018926.1764,563059111024.0
7532,2001-11-09 07:20:00,595877608568.0,0.0,578451229817.7747,583982670479.3044,550219419565.9143,523831346312.0
7533,2001-11-09 07:30:00,572838890296.0,0.0,616949339181.962,625001268995.7358,624323844521.2786,595877608568.0
7534,2001-11-09 07:40:00,561298174712.0,0.0,604205640146.6577,606965168060.1053,592280460519.0751,572838890296.0
7535,2001-11-09 07:50:00,597726596352.0,0.0,592808758185.6656,596882977074.9222,579188854577.2335,561298174712.0
7536,2001-11-09 08:00:00,619613687016.0,0.0,614530388438.002,619386128173.9188,616732621096.1888,597726596352.0
7537,2001-11-09 08:10:00,576593643880.0,0.0,630424444016.1616,633370387061.6393,634755419535.3954,619613687016.0
7538,2001-11-09 08:20:00,587444595856.0,0.0,603182284511.0739,604043847766.5264,586530272237.0679,576593643880.0
7539,2001-11-09 08:30:00,913964011528.0,0.0,607111738925.7496,610888632550.3164,602617103274.6172,587444595856.0
7540,2001-11-09 08:40:00,1033530876280.0,0.0,812672757574.0588,819961067017.022,923261466086.3759,913964011528.0
7541,2001-11-09 08:50:00,1048516253488.0,0.0,914949545743.2068,904186350965.0703,1000190815172.1155,1033530876280.0
7542,2001-11-09 09:00:00,1004553392720.0,0.0,949183006192.7284,935793731892.0298,1001502634648.5571,1048516253488.0
7543,2001-11-09 09:10:00,1173203213408.0,0.0,935761233298.4204,922654361058.229,956859801894.3102,1004553392720.0
7544,2001-11-09 09:20:00,1093056602504.0,0.0,1051515059639.6895,1045137808427.3931,1134795298027.8962,1173203213408.0
7545,2001-11-09 09:30:00,864212008248.0,0.0,1021154964012.7073,1004088049923.1118,1040069446592.5837,1093056602504.0
7546,2001-11-09 09:40:00,1002445873968.0,0.0,878590345357.0198,865582079193.9858,824594665079.3369,864212008248.0
7547,2001-11-09 09:50:00,1094674294712.0,0.0,949083173269.5243,951333486469.0787,989741200223.5359,1002445873968.0
7548,2001-11-09 10:00:00,1105998025784.0,0.0,1012873998772.3055,1005828879741.3936,1065568549412.2291,1094674294712.0
7549,2001-11-09 10:10:00,1064827805192.0,0.0,1031441995614.5256,1020950521578.3757,1066460237783.0403,1105998025784.0
7550,2001-11-09 10:20:00,1455358935472.0,0.0,1012014470675.0564,1001350914561.97,1024528784750.9158,1064827805192.0
7551,2001-11-09 10:30:00,1229016731464.0,0.0,1262154427897.1328,1260469975410.5767,1417740685593.3958,1455358935472.0
7552,2001-11-09 10:40:00,1111543329480.0,0.0,1155068074935.558,1126756787539.4688,1149713804633.644,1229016731464.0
7553,2001-11-09 10:50:00,1260863273832.0,0.0,1080309102712.6179,1069294750729.3762,1062647081853.9119,1111543329480.0
7554,2001-11-09 11:00:00,1071156003872.0,0.0,1167796281591.2715,1164149468759.2527,1228208786388.6846,1260863273832.0
7555,2001-11-09 11:10:00,1168625418584.0,0.0,1058824493096.0935,1042948481606.3108,1025977160241.4353,1071156003872.0
7556,2001-11-09 11:20:00,1193101993320.0,0.0,1110004053420.2559,1108898415680.6333,1145468738024.0664,1168625418584.0
7557,2001-11-09 11:30:00,1212706791944.0,0.0,1130339532071.3289,1121809093665.7346,1160300752061.6023,1193101993320.0
7558,2001-11-09 11:40:00,1222314138616.0,0.0,1146759928266.6147,1138274733956.6145,1175967478413.7434,1212706791944.0
7559,2001-11-09 11:50:00,1276557711608.0,0.0,1158332737554.724,1149378897296.5625,1184958899359.625,1222314138616.0
7560,2001-11-09 12:00:00,1318210231144.0,0.0,1196756939434.1628,1188559292056.0347,1238341191444.139,1276557711608.0
7561,2001-11-09 12:10:00,1413554615288.0,0.0,1231285446490.2776,1221036555424.6257,1274807191212.259,1318210231144.0
7562,2001-11-09 12:20:00,1238568539768.0,0.0,1300184778048.0679,1289809321348.1528,1364653976255.066,1413554615288.0
7563,2001-11-09 12:30:00,1089612404160.0,0.0,1204094306268.4148,1186615066045.7385,1183296538114.1,1238568539768.0
7564,2001-11-09 12:40:00,1121050182792.0,0.0,1102789339625.041,1095446520796.9296,1059228456306.558,1089612404160.0
7565,2001-11-09 12:50:00,1024697011696.0,0.0,1107795543700.1982,1108167838174.0635,1109606846709.1633,1121050182792.0
7566,2001-11-09 13:00:00,1168838688616.0,0.0,1043561981866.7134,1039198349127.4812,1012310258650.6433,1024697011696.0
7567,2001-11-09 13:10:00,1395884041424.0,0.0,1124733398281.0452,1128468703531.399,1165823126210.2593,1168838688616.0
7568,2001-11-09 13:20:00,1304225766784.0,0.0,1276759434244.0518,1273861076381.4087,1373079139595.913,1395884041424.0
7569,2001-11-09 13:30:00,1190604901976.0,0.0,1242491499921.302,1226404526835.421,1255477001384.7932,1304225766784.0
7570,2001-11-09 13:40:00,1301930066240.0,0.0,1175257189332.88,1166061257084.4604,1155668647139.6702,1190604901976.0
7571,2001-11-09 13:50:00,1199707858128.0,0.0,1240439698253.956,1239303813998.4116,1282184394749.668,1301930066240.0
7572,2001-11-09 14:00:00,1178171112768.0,0.0,1183794006629.2422,1173686712148.6824,1169752673215.4148,1199707858128.0
7573,2001-11-09 14:10:00,1246462036752.0,0.0,1166141598002.2034,1163490273923.653,1161870018495.8682,1178171112768.0
7574,2001-11-09 14:20:00,1313742249248.0,0.0,1206480935454.2048,1205100046730.5137,1233346594673.8643,1246462036752.0
7575,2001-11-09 14:30:00,1318114739344.0,0.0,1254025554793.734,1249449365054.6938,1292089549673.9004,1313742249248.0
7576,2001-11-09 14:40:00,1303198415976.0,0.0,1265705687597.9355,1258095102461.3335,1289035211290.1223,1318114739344.0
7577,2001-11-09 14:50:00,1282567414896.0,0.0,1261877942471.1084,1254896029704.5212,1275058407200.6646,1303198415976.0
7578,2001-11-09 15:00:00,1200830514456.0,0.0,1251223451795.2825,1245305993812.271,1257829984334.689,1282567414896.0
7579,2001-11-09 15:10:00,1042312859680.0,0.0,1199906887989.9917,1194226841620.9043,1180767707596.3618,1200830514456.0
7580,2001-11-09 15:20:00,1179181173872.0,0.0,1093776050172.782,1090852403845.9412,1035837279625.3109,1042312859680.0
7581,2001-11-09 15:30:00,1126878249784.0,0.0,1164118819439.851,1171806694322.5322,1190174803857.0754,1179181173872.0
7582,2001-11-09 15:40:00,1260372872096.0,0.0,1135235874890.9734,1131995066307.9546,1122379291224.021,1126878249784.0
7583,2001-11-09 15:50:00,1111207370760.0,0.0,1217347999250.989,1220684149157.8203,1259867128838.1167,1260372872096.0
7584,2001-11-09 16:00:00,1160711896488.0,0.0,1133485778671.487,1125998416597.5876,1097434768632.0358,1111207370760.0
7585,2001-11-09 16:10:00,1375348654760.0,0.0,1157005545145.0835,1160922847076.3916,1163651992238.3865,1160711896488.0
7586,2001-11-09 16:20:00,1416783837728.0,0.0,1295525781550.393,1297900041113.0454,1370611307362.787,1375348654760.0
7587,2001-11-09 16:30:00,1270776945152.0,0.0,1344476867288.2324,1335816022969.6997,1389437723089.4458,1416783837728.0
7588,2001-11-09 16:40:00,1229353702480.0,0.0,1266236726277.6401,1255854867413.358,1242044043513.0132,1270776945152.0
7589,2001-11-09 16:50:00,1276063369944.0,0.0,1234906498544.91,1233678886912.8635,1220355425359.0896,1229353702480.0
7590,2001-11-09 17:00:00,1280270531272.0,0.0,1259588306347.8574,1260166405082.9072,1272598077744.3977,1276063369944.0
7591,2001-11-09 17:10:00,1254320688264.0,0.0,1265511632886.1052,1263299938196.2046,1273479578190.4885,1280270531272.0
7592,2001-11-09 17:20:00,1237987450912.0,0.0,1249665657685.292,1247372245477.704,1246956120718.7236,1254320688264.0
7593,2001-11-09 17:30:00,1284959292584.0,0.0,1236843137253.6257,1235669353212.8713,1232147936645.1821,1237987450912.0
7594,2001-11-09 17:40:00,1269122518632.0,0.0,1266539451335.6587,1267038252698.0479,1282280502738.1814,1284959292584.0
7595,2001-11-09 17:50:00,1024779519568.0,0.0,1260891629873.1243,1258352378307.5327,1262279374959.4253,1269122518632.0
7596,2001-11-09 18:00:00,1088895830640.0,0.0,1106195957471.1226,1101718537399.8064,1023100795948.5559,1024779519568.0
7597,2001-11-09 18:10:00,1032846407712.0,0.0,1125482410472.896,1136107671714.1387,1114438137655.314,1088895830640.0
7598,2001-11-09 18:20:00,1166036457496.0,0.0,1087101954054.0847,1090513343536.1111,1054967152396.6826,1032846407712.0
7599,2001-11-09 18:30:00,1325309583176.0,0.0,1160528781678.3745,1169249361519.8547,1188845522676.063,1166036457496.0
7600,2001-11-09 18:40:00,1094986921632.0,0.0,1267538515087.7576,1269163574562.2556,1327836008820.5537,1325309583176.0
7601,2001-11-09 18:50:00,1003499871032.0,0.0,1138702607637.5889,1129109577951.4993,1082133601188.344,1094986921632.0
7602,2001-11-09 19:00:00,1123098757264.0,0.0,1066756600406.491,1071196932355.9021,1016911147979.0846,1003499871032.0
7603,2001-11-09 19:10:00,1011806058216.0,0.0,1129915973374.814,1139075498639.5898,1147466328819.0215,1123098757264.0
7604,2001-11-09 19:20:00,948678860440.0,0.0,1062735138572.9966,1061942783039.1758,1022814307956.6255,1011806058216.0
7605,2001-11-09 19:30:00,889188422584.0,0.0,1013273177518.9357,1019223803932.6676,972116271624.5938,948678860440.0
7606,2001-11-09 19:40:00,987953573632.0,0.0,964601748579.7971,971717299644.8248,919863631359.7524,889188422584.0
7607,2001-11-09 19:50:00,876707702024.0,0.0,1015796531632.864,1026805873391.8463,1023099979139.7048,987953573632.0
7608,2001-11-09 20:00:00,735562768976.0,0.0,946722423551.7333,948846801970.5184,899773319588.6023,876707702024.0
7609,2001-11-09 20:10:00,862115673384.0,0.0,846204879039.1155,853638461699.5127,772113141538.3783,735562768976.0
7610,2001-11-09 20:20:00,985876249872.0,0.0,905732498770.5121,921352774202.135,910434583662.0376,862115673384.0
7611,2001-11-09 20:30:00,1134948652320.0,0.0,983824274285.2761,991239279900.8059,1014253408309.9823,985876249872.0
7612,2001-11-09 20:40:00,1074712424488.0,0.0,1088436658129.8611,1091664209146.5771,1144886334147.003,1134948652320.0
7613,2001-11-09 20:50:00,1082646451024.0,0.0,1067143080637.5061,1061625379762.165,1065879007058.0242,1074712424488.0
7614,2001-11-09 21:00:00,930621052064.0,0.0,1076833921438.658,1077104181486.6165,1082191463153.1001,1082646451024.0
7615,2001-11-09 21:10:00,923719773120.0,0.0,984601790737.701,982089937206.8774,934409515216.1897,930621052064.0
7616,2001-11-09 21:20:00,772683396232.0,0.0,967261698810.5707,973982398234.2401,945003692728.4219,923719773120.0
7617,2001-11-09 21:30:00,1001134970520.0,0.0,864075379576.39,866910048129.9883,795485950938.8376,772683396232.0
7618,2001-11-09 21:40:00,1080454551344.0,0.0,992372365526.8118,1007390630641.0227,1038711774840.3091,1001134970520.0
7619,2001-11-09 21:50:00,1053446247568.0,0.0,1052897704870.5308,1053004008311.9658,1087934009320.3937,1080454551344.0
7620,2001-11-09 22:00:00,1096325648288.0,0.0,1046919311178.0258,1044264404160.346,1049937115320.6138,1053446247568.0
7621,2001-11-09 22:10:00,897334399072.0,0.0,1077831294367.2012,1078342051413.1941,1096070185290.3429,1096325648288.0
7622,2001-11-09 22:20:00,892476414512.0,0.0,957540692662.4641,952604227876.7911,895790594709.5308,897334399072.0
7623,2001-11-09 22:30:00,872156326288.0,0.0,939435458048.984,946984828063.346,914610302481.3519,892476414512.0
7624,2001-11-09 22:40:00,949483708688.0,0.0,918548210779.481,923598032220.7552,895026951408.844,872156326288.0
7625,2001-11-09 22:50:00,1002368873768.0,0.0,960724326580.0806,967751098354.1945,972265611347.7617,949483708688.0
7626,2001-11-09 23:00:00,1096572504840.0,0.0,996330225303.2281,998775303597.9548,1013483170400.1158,1002368873768.0
7627,2001-11-09 23:10:00,903959915976.0,0.0,1060708647400.8381,1061794541677.3093,1097688388199.1753,1096572504840.0
7628,2001-11-09 23:20:00,926587216224.0,0.0,950391801126.8685,943855203241.3575,897637270215.507,903959915976.0
7629,2001-11-09 23:30:00,1058256526896.0,0.0,952781237319.3226,959208797949.8572,942194646002.8302,926587216224.0
7630,2001-11-09 23:40:00,1014801484360.0,0.0,1034007504069.5482,1039033698711.7745,1071552409150.5547,1058256526896.0
7631,2001-11-09 23:50:00,863715219392.0,0.0,1015133111000.2429,1011710572390.6891,1011065122736.7642,1014801484360.0
7632,2001-11-10 00:00:00,982335068256.0,0.0,920382598555.5057,918783050214.5848,866790261235.5315,863715219392.0
7633,2001-11-10 00:10:00,1023179717760.0,0.0,984063579168.7323,992942741022.529,1003792617719.4902,982335068256.0
7634,2001-11-10 00:20:00,899222795184.0,0.0,1013745589744.1597,1014340177121.9435,1030335942026.6243,1023179717760.0
7635,2001-11-10 00:30:00,851764967080.0,0.0,938377397728.6459,935734278773.9379,900573653384.3219,899222795184.0
7636,2001-11-10 00:40:00,809097771520.0,0.0,898899457359.0211,903195594985.0763,867458426459.392,851764967080.0
7637,2001-11-10 00:50:00,768447066472.0,0.0,863222425282.1002,868218019738.3376,831069971591.5886,809097771520.0
7638,2001-11-10 01:00:00,781352437888.0,0.0,828194866814.9072,834288602473.1855,794717107892.4276,768447066472.0
7639,2001-11-10 01:10:00,700800561168.0,0.0,826768524475.6034,834417309684.2144,810282615449.91,781352437888.0
7640,2001-11-10 01:20:00,680296265024.0,0.0,770577811696.3872,775183280685.5334,727060326452.0333,700800561168.0
7641,2001-11-10 01:30:00,763025173736.0,0.0,746528728436.9104,755242485458.3506,714579839080.7004,680296265024.0
7642,2001-11-10 01:40:00,706426968624.0,0.0,789831094591.1118,799490135539.7825,796797624042.425,763025173736.0
7643,2001-11-10 01:50:00,660851842064.0,0.0,753755960579.5896,756495603188.453,726699664891.7997,706426968624.0
7644,2001-11-10 02:00:00,620454465952.0,0.0,719739282338.4856,725817890332.2825,687116064445.8909,660851842064.0
7645,2001-11-10 02:10:00,569724167208.0,0.0,686092823902.982,693122275590.6338,650616106763.9496,620454465952.0
7646,2001-11-10 02:20:00,464912408568.0,0.0,646214114324.0155,654050559446.6277,604650619058.53,569724167208.0
7647,2001-11-10 02:30:00,716702570272.0,0.0,569785077116.5175,578311064884.1844,506632383408.81165,464912408568.0
7648,2001-11-10 02:40:00,629250888736.0,0.0,711548007440.4681,728460554647.7335,763063315409.8234,716702570272.0
7649,2001-11-10 02:50:00,523342698672.0,0.0,668359538034.2379,666846421861.9797,643824356382.359,629250888736.0
7650,2001-11-10 03:00:00,576443895104.0,0.0,598369902702.8994,603191755367.0521,548218162889.5834,523342698672.0
7651,2001-11-10 03:10:00,556431814744.0,0.0,619376063048.4852,629740404979.2341,611308208852.0631,576443895104.0
7652,2001-11-10 03:20:00,563961310440.0,0.0,604337278657.9733,609725422177.6697,583603604211.6771,556431814744.0
7653,2001-11-10 03:30:00,539780351456.0,0.0,604865735262.1565,611645626348.2264,590987492430.189,563961310440.0
7654,2001-11-10 03:40:00,536535804784.0,0.0,587857329911.6318,593342108073.0171,565967071587.3036,539780351456.0
7655,2001-11-10 03:50:00,529757266920.0,0.0,580692583092.1605,587299435711.5078,563443043234.1201,536535804784.0
7656,2001-11-10 04:00:00,548451181736.0,0.0,572700264287.5228,578633445490.562,554683988568.291,529757266920.0
7657,2001-11-10 04:10:00,593209851568.0,0.0,583009272647.8843,589478228340.6318,573930977102.3582,548451181736.0
7658,2001-11-10 04:20:00,552434782368.0,0.0,611856085416.436,617577062299.0948,615758505297.8682,593209851568.0
7659,2001-11-10 04:30:00,587480527600.0,0.0,589511970833.7719,592107055095.568,570452403205.7789,552434782368.0
7660,2001-11-10 04:40:00,523676850752.0,0.0,607964671025.1373,613684678411.8771,608212792766.1089,587480527600.0
7661,2001-11-10 04:50:00,598183094288.0,0.0,568288773906.2736,570384847417.4358,540665260137.8844,523676850752.0
7662,2001-11-10 05:00:00,585298450608.0,0.0,608717762817.5396,615775686861.419,619519096754.8749,598183094288.0
7663,2001-11-10 05:10:00,612487395952.0,0.0,604036053652.1755,605620938147.0154,597693304116.2589,585298450608.0
7664,2001-11-10 05:20:00,587989628560.0,0.0,620741333819.0199,624022983365.7932,623714532490.7728,612487395952.0
7665,2001-11-10 05:30:00,608230671144.0,0.0,609329083435.7394,610653154457.9707,598176555191.457,587989628560.0
7666,2001-11-10 05:40:00,584656156760.0,0.0,621119466854.8374,624595928492.3497,621346179447.7963,608230671144.0
7667,2001-11-10 05:50:00,592120786968.0,0.0,606563983402.6788,608010577278.2915,595025060680.408,584656156760.0
7668,2001-11-10 06:00:00,584594814680.0,0.0,609142267832.8734,612387743023.9154,605253362872.8815,592120786968.0
7669,2001-11-10 06:10:00,600433319584.0,0.0,602255445317.8301,604293179448.6805,594741739966.326,584594814680.0
7670,2001-11-10 06:20:00,578482584912.0,0.0,611201326147.4156,613964239644.4226,610885768316.2341,600433319584.0
7671,2001-11-10 06:30:00,611398074472.0,0.0,597893604808.4125,599165647664.8608,586760630212.515,578482584912.0
7672,2001-11-10 06:40:00,627493421352.0,0.0,617497145866.0198,620765456994.4042,622102933301.6954,611398074472.0
7673,2001-11-10 06:50:00,592674206512.0,0.0,629747618671.4178,630919500541.8278,634131789193.0994,627493421352.0
7674,2001-11-10 07:00:00,556708526560.0,0.0,609772230059.9878,609963288795.2596,598388357688.0143,592674206512.0
7675,2001-11-10 07:10:00,484691518792.0,0.0,583028901031.2793,584635641242.2064,564819971195.021,556708526560.0
7676,2001-11-10 07:20:00,558528488464.0,0.0,533047589786.42456,535260420143.7556,497793177209.2324,484691518792.0
7677,2001-11-10 07:30:00,621898740912.0,0.0,571552775737.3524,578713510174.4141,579753516526.8884,558528488464.0
7678,2001-11-10 07:40:00,627612715552.0,0.0,612542033527.7037,615057248287.9421,632362932763.8901,621898740912.0
7679,2001-11-10 07:50:00,555757757544.0,0.0,620618705033.3256,619786172077.7909,627789238668.8975,627612715552.0
7680,2001-11-10 08:00:00,549321144392.0,0.0,578576387498.604,577063766427.729,556692018647.4089,555757757544.0
7681,2001-11-10 08:10:00,572235104840.0,0.0,569193632491.0322,572012214687.5437,559104877983.5947,549321144392.0
7682,2001-11-10 08:20:00,477595703368.0,0.0,579341452350.1218,581815910055.9287,581166432765.3903,572235104840.0
7683,2001-11-10 08:30:00,639802290792.0,0.0,518743531900.6752,518198155517.22754,483978155996.5372,477595703368.0
7684,2001-11-10 08:40:00,558212613264.0,0.0,612468601018.8231,619972176576.6376,654217099425.407,639802290792.0
7685,2001-11-10 08:50:00,577625286744.0,0.0,570118800597.4475,565360656148.1077,553753908271.2552,558212613264.0
7686,2001-11-10 09:00:00,570623592264.0,0.0,579300413895.6271,581571298106.209,581859065141.9578,577625286744.0
7687,2001-11-10 09:10:00,551765459760.0,0.0,574611661088.4911,574481040569.9772,572148865396.6742,570623592264.0
7688,2001-11-10 09:20:00,550184911328.0,0.0,561981264650.1322,562218056111.7095,553858810935.4783,551765459760.0
7689,2001-11-10 09:30:00,567308341904.0,0.0,559313098212.125,560600112902.5573,555148564625.3337,550184911328.0
7690,2001-11-10 09:40:00,618714278664.0,0.0,568198606664.7626,569460634943.3816,571462518318.6653,567308341904.0
7691,2001-11-10 09:50:00,671224581768.0,0.0,601049928631.7749,601880636291.3578,619500724763.8345,618714278664.0
7692,2001-11-10 10:00:00,591057721920.0,0.0,638852004084.7783,637488813268.1238,664825066209.3727,671224581768.0
7693,2001-11-10 10:10:00,568863309560.0,0.0,594708109495.342,589721930809.6619,579289546888.4542,591057721920.0
7694,2001-11-10 10:20:00,599267450120.0,0.0,576971212492.1342,577009488801.8004,566127004908.61,568863309560.0
7695,2001-11-10 10:30:00,633526749600.0,0.0,594939470426.2881,596307159501.2495,601912175675.2015,599267450120.0
7696,2001-11-10 10:40:00,544744585288.0,0.0,616986959378.4658,616738115307.1317,631423662508.4229,633526749600.0
7697,2001-11-10 10:50:00,505277905856.0,0.0,563463292496.9789,560031116914.7957,538594652369.36633,544744585288.0
7698,2001-11-10 11:00:00,627377697544.0,0.0,532703138396.31433,534505010474.1987,510684842673.0392,505277905856.0
7699,2001-11-10 11:10:00,645653090264.0,0.0,603766723518.3274,608616375080.7021,635876000672.8151,627377697544.0
7700,2001-11-10 11:20:00,672874899976.0,0.0,622974983242.2285,620272571492.6385,639320766464.536,645653090264.0
7701,2001-11-10 11:30:00,601332233824.0,0.0,645144844818.1356,643092099038.7471,663424987792.5929,672874899976.0
7702,2001-11-10 11:40:00,559260629400.0,0.0,605000114731.6924,600591419125.9039,590116888246.5784,601332233824.0
7703,2001-11-10 11:50:00,608002920024.0,0.0,574979761880.4249,574801458176.5303,557591160125.5862,559260629400.0
7704,2001-11-10 12:00:00,546859349480.0,0.0,601260061199.6288,603608308937.8503,611455534728.0734,608002920024.0
7705,2001-11-10 12:10:00,573720413008.0,0.0,564658584357.9702,562806039677.0245,545835569577.1408,546859349480.0
7706,2001-11-10 12:20:00,711677876952.0,0.0,576696668740.1262,579305689118.2188,578795451232.547,573720413008.0
7707,2001-11-10 12:30:00,799691302928.0,0.0,664675483298.3002,666968040244.6783,712258235906.9329,711677876952.0
7708,2001-11-10 12:40:00,921857695848.0,0.0,732525971966.1312,728073860062.9867,782118015905.7026,799691302928.0
7709,2001-11-10 12:50:00,933833911936.0,0.0,824881409998.1421,818843250206.0327,893495191134.7324,921857695848.0
7710,2001-11-10 13:00:00,957659473824.0,0.0,851385976733.4574,839687283416.0901,892392970740.2753,933833911936.0
7711,2001-11-10 13:10:00,1064699583320.0,0.0,878734064359.6292,868919945775.3905,917128638114.3033,957659473824.0
7712,2001-11-10 13:20:00,964583962312.0,0.0,956809059836.1296,948086666319.2213,1022810102318.5884,1064699583320.0
7713,2001-11-10 13:30:00,1188964910568.0,0.0,910044846889.5485,894672981693.6033,914540241941.5515,964583962312.0
7714,2001-11-10 13:40:00,1231499893480.0,0.0,1053772738027.6365,1049731988814.2407,1150490789796.9978,1188964910568.0
7715,2001-11-10 13:50:00,1073666889824.0,0.0,1104045306671.7097,1086869785439.8308,1169551910460.1443,1231499893480.0
7716,2001-11-10 14:00:00,1229129849888.0,0.0,1020809453524.5215,1002359098060.5906,1011293277477.6348,1073666889824.0
7717,2001-11-10 14:10:00,1005888333856.0,0.0,1116718175268.923,1111419113239.1982,1187312903237.7073,1229129849888.0
7718,2001-11-10 14:20:00,837736215176.0,0.0,989867821332.5479,971080078160.1602,952019196025.2021,1005888333856.0
7719,2001-11-10 14:30:00,888000533664.0,0.0,872213027397.2251,866892900105.6282,814600037844.4382,837736215176.0
7720,2001-11-10 14:40:00,799718098200.0,0.0,885395665059.7812,888552735065.5673,886433655414.11,888000533664.0
7721,2001-11-10 14:50:00,955643864632.0,0.0,824537274131.764,821443894622.1919,793377962382.1992,799718098200.0
7722,2001-11-10 15:00:00,942941684144.0,0.0,912625249115.2305,917330501370.1704,956506009429.0946,955643864632.0
7723,2001-11-10 15:10:00,1064729408912.0,0.0,912655860380.8468,906360944206.2668,924438277949.7656,942941684144.0
7724,2001-11-10 15:20:00,990944454568.0,0.0,993310929416.7566,991399790172.0117,1046220096672.2742,1064729408912.0
7725,2001-11-10 15:30:00,1042107601368.0,0.0,959453413060.5476,949149079296.7471,960279896376.7029,990944454568.0
7726,2001-11-10 15:40:00,1110389708032.0,0.0,991983885818.3153,988649625619.1135,1020380055725.8981,1042107601368.0
7727,2001-11-10 15:50:00,1097772718824.0,0.0,1040662430238.3542,1034641437502.288,1082725544195.3284,1110389708032.0
7728,2001-11-10 16:00:00,1148772463736.0,0.0,1042540935539.3458,1033273476346.2471,1063397641243.686,1097772718824.0
7729,2001-11-10 16:10:00,1082213621384.0,0.0,1079933487078.2173,1073461998913.0981,1117102655650.52,1148772463736.0
7730,2001-11-10 16:20:00,1044014794664.0,0.0,1045555925477.0095,1035229905069.7603,1046295841117.3889,1082213621384.0
7731,2001-11-10 16:30:00,867701750320.0,0.0,1021818349278.0237,1016282405172.7324,1019722566792.5491,1044014794664.0
7732,2001-11-10 16:40:00,968404491608.0,0.0,906637866033.2869,900270079633.4576,850967361370.2479,867701750320.0
7733,2001-11-10 16:50:00,926026041920.0,0.0,954439076452.6719,959878219116.4078,972171421168.9342,968404491608.0
7734,2001-11-10 17:00:00,820799207136.0,0.0,928706714677.9833,925342187680.904,918727884286.7891,926026041920.0
7735,2001-11-10 17:10:00,977418344248.0,0.0,857966491138.1249,856596316599.4119,818769776298.3234,820799207136.0
7736,2001-11-10 17:20:00,1014724411440.0,0.0,946170692288.3251,952622428651.199,985522089301.9365,977418344248.0
7737,2001-11-10 17:30:00,941429402856.0,0.0,978322794677.7898,974593675863.2114,1003712926494.4153,1014724411440.0
7738,2001-11-10 17:40:00,992504762888.0,0.0,938954766200.05,933700707929.2878,926626970852.9761,941429402856.0
7739,2001-11-10 17:50:00,960048424672.0,0.0,968676405603.5693,969089715758.85,986630463248.0381,992504762888.0
7740,2001-11-10 18:00:00,837104000824.0,0.0,951084150002.4099,947211565767.0392,948578590133.5562,960048424672.0
7741,2001-11-10 18:10:00,741564922472.0,0.0,872010795619.9642,869002631677.498,831044937462.8341,837104000824.0
7742,2001-11-10 18:20:00,806144113024.0,0.0,800435911588.8798,803039281047.3998,751795583406.5004,741564922472.0
7743,2001-11-10 18:30:00,798558558736.0,0.0,827543922740.3226,835328154292.4525,827083887050.8444,806144113024.0
7744,2001-11-10 18:40:00,921861240584.0,0.0,820300787535.6593,822577387906.3965,810206566925.351,798558558736.0
7745,2001-11-10 18:50:00,922703090016.0,0.0,896105065931.868,900914794868.6404,930958229388.4,921861240584.0
7746,2001-11-10 19:00:00,959039811104.0,0.0,906925375916.9219,904169165330.837,917738337279.9545,922703090016.0
7747,2001-11-10 19:10:00,972576277680.0,0.0,934432389033.9207,933603666891.626,953260185656.6902,959039811104.0
7748,2001-11-10 19:20:00,868161563304.0,0.0,948921025641.6696,946313752498.2665,963308320253.6638,972576277680.0
7749,2001-11-10 19:30:00,782563455632.0,0.0,886665780985.0,882388693766.5735,858776306320.3159,868161563304.0
7750,2001-11-10 19:40:00,772182819120.0,0.0,825777656396.4865,826843635326.8859,787046126145.4419,782563455632.0
7751,2001-11-10 19:50:00,746074955568.0,0.0,809437006295.1377,814491434061.8014,788141690360.1658,772182819120.0
7752,2001-11-10 20:00:00,807675047032.0,0.0,786631911126.2825,790792503981.785,762814717614.5165,746074955568.0
7753,2001-11-10 20:10:00,840341260416.0,0.0,820562021093.6206,826812479923.6399,826019154500.5366,807675047032.0
7754,2001-11-10 20:20:00,827444114792.0,0.0,844647450543.278,847262333585.3209,851379947471.0591,840341260416.0
7755,2001-11-10 20:30:00,805440287952.0,0.0,840502245908.4312,841572422579.1066,834594811420.4495,827444114792.0
7756,2001-11-10 20:40:00,737077515224.0,0.0,827489660536.4553,829436827297.0564,815086069555.3479,805440287952.0
7757,2001-11-10 20:50:00,732674412416.0,0.0,782015002302.0315,784114937529.5846,750023088267.4331,737077515224.0
7758,2001-11-10 21:00:00,828926450472.0,0.0,772026893214.641,777784386680.6359,753408634291.7988,732674412416.0
7759,2001-11-10 21:10:00,877390698824.0,0.0,829309309386.9377,835923587768.5573,849355758112.4868,828926450472.0
7760,2001-11-10 21:20:00,773352621000.0,0.0,865158418955.8829,866189430011.8313,883613508102.4485,877390698824.0
7761,2001-11-10 21:30:00,790101572960.0,0.0,806933761477.2834,804721129337.9276,776262412231.2316,773352621000.0
7762,2001-11-10 21:40:00,747856563600.0,0.0,810882377033.2075,815723355915.0637,805153631690.834,790101572960.0
7763,2001-11-10 21:50:00,676362769976.0,0.0,780983995657.348,782616990221.864,759687280211.0822,747856563600.0
7764,2001-11-10 22:00:00,658308717256.0,0.0,730939313519.2034,734365795549.2643,694880229435.937,676362769976.0
7765,2001-11-10 22:10:00,656404518168.0,0.0,707883096580.8503,714277986064.5222,682653463405.6982,658308717256.0
7766,2001-11-10 22:20:00,725902706960.0,0.0,698639169258.2056,704698130976.8828,680287602056.0697,656404518168.0
7767,2001-11-10 22:30:00,759193369960.0,0.0,738786819717.7075,745523560401.0688,748386283861.7192,725902706960.0
7768,2001-11-10 22:40:00,740134220272.0,0.0,762734521537.9705,765244489380.0652,770859157905.5928,759193369960.0
7769,2001-11-10 22:50:00,769957920672.0,0.0,755657172415.4004,756727766718.6879,748614328825.6769,740134220272.0
7770,2001-11-10 23:00:00,807108473336.0,0.0,774407909817.2461,777267951098.8711,779616411830.3523,769957920672.0
7771,2001-11-10 23:10:00,748891938056.0,0.0,801231574256.9938,802817616378.9382,813858228704.2866,807108473336.0
7772,2001-11-10 23:20:00,730735357336.0,0.0,768018954633.5066,766782085595.6311,751004790406.6409,748891938056.0
7773,2001-11-10 23:30:00,936785420992.0,0.0,753751687509.8962,756217014415.3643,740244348910.8711,730735357336.0
7774,2001-11-10 23:40:00,753158693952.0,0.0,881901584013.0922,887859524217.3998,946494228734.4836,936785420992.0
7775,2001-11-10 23:50:00,675936811832.0,0.0,781624804060.926,772279415066.506,740436766167.0879,753158693952.0
7776,2001-11-11 00:00:00,613052670776.0,0.0,724017012885.7944,727032925753.0624,685860541045.8099,675936811832.0
7777,2001-11-11 00:10:00,471986278992.0,0.0,672608854092.9746,677026176659.2224,632848551775.3109,613052670776.0
7778,2001-11-11 00:20:00,527181371352.0,0.0,570983389848.1648,576108178202.5576,499943988943.42896,471986278992.0
7779,2001-11-11 00:30:00,529696256312.0,0.0,585550367518.1931,598361144629.5002,567673939895.3495,527181371352.0
7780,2001-11-11 00:40:00,369058854416.0,0.0,581904873372.4465,589254293286.2708,562620832567.5101,529696256312.0
7781,2001-11-11 00:50:00,470375758456.0,0.0,474660363733.8041,479442597585.0254,400596431462.1178,369058854416.0
7782,2001-11-11 01:00:00,503523075200.0,0.0,520187483130.2366,535174694967.2506,516100429205.1749,470375758456.0
7783,2001-11-11 01:10:00,476813475472.0,0.0,541015626384.8691,548077796501.0665,536262553975.1248,503523075200.0
7784,2001-11-11 01:20:00,490322780536.0,0.0,524214259153.8876,529528852327.4896,503514645096.433,476813475472.0
7785,2001-11-11 01:30:00,512211467736.0,0.0,528423748955.3728,535198787331.1638,517306081097.0408,490322780536.0
7786,2001-11-11 01:40:00,504124919168.0,0.0,540857142796.3281,546541560899.1211,536420042964.61597,512211467736.0
7787,2001-11-11 01:50:00,495667598752.0,0.0,535297886008.9115,539389037466.4526,524289872827.209,504124919168.0
7788,2001-11-11 02:00:00,473207454680.0,0.0,527481127149.3782,531813061014.01013,514773086339.81354,495667598752.0
7789,2001-11-11 02:10:00,516530220248.0,0.0,510758459996.2762,514855530269.4708,491924817972.11334,473207454680.0
7790,2001-11-11 02:20:00,452908270560.0,0.0,535437414544.95966,541366690413.4127,537260305683.4038,516530220248.0
7791,2001-11-11 02:30:00,549413320512.0,0.0,496723928154.88116,498618013291.97394,468361456239.5305,452908270560.0
7792,2001-11-11 02:40:00,446104535136.0,0.0,553290540871.5765,560870238557.3951,571325550283.3278,549413320512.0
7793,2001-11-11 02:50:00,430371637120.0,0.0,492866800947.20386,492166719757.0541,457203704863.4259,446104535136.0
7794,2001-11-11 03:00:00,458494074240.0,0.0,475491851332.40344,481719126999.43524,453014185200.01434,430371637120.0
7795,2001-11-11 03:10:00,517327807520.0,0.0,487617295893.9588,493742354546.4404,482247257906.96405,458494074240.0
7796,2001-11-11 03:20:00,645433684408.0,0.0,522987169153.2454,527758896426.84186,534958008929.12964,517327807520.0
7797,2001-11-11 03:30:00,739888281568.0,0.0,607809050013.7227,610869281659.1871,652729108681.7054,645433684408.0
7798,2001-11-11 03:40:00,712249117424.0,0.0,680948798270.7031,678353892662.0894,730451156452.4875,739888281568.0
7799,2001-11-11 03:50:00,777568985016.0,0.0,678455863009.0522,671468070961.5317,692113296058.571,712249117424.0
7800,2001-11-11 04:00:00,689390060288.0,0.0,726349964526.3455,723592454324.0032,761758886996.5867,777568985016.0
7801,2001-11-11 04:10:00,696641920400.0,0.0,680505873804.2656,672825753643.5787,669177890238.4231,689390060288.0
7802,2001-11-11 04:20:00,713819376440.0,0.0,682946356824.0819,681908661971.1208,688029479947.7281,696641920400.0
7803,2001-11-11 04:30:00,622247652672.0,0.0,694388944487.5692,692464877796.8607,705512640433.0728,713819376440.0
7804,2001-11-11 04:40:00,665982578384.0,0.0,638222663245.2698,634217426127.19,613172790099.4363,622247652672.0
7805,2001-11-11 04:50:00,610479432920.0,0.0,659587881903.6597,661973217894.0725,667523919572.8406,665982578384.0
7806,2001-11-11 05:00:00,574774451672.0,0.0,625995564603.5873,624005628254.6815,608817589895.608,610479432920.0
7807,2001-11-11 05:10:00,579791615336.0,0.0,598600223866.179,599967969894.4183,580236481049.2853,574774451672.0
7808,2001-11-11 05:20:00,584211868232.0,0.0,595210067923.7146,597801386810.0093,588140189452.3356,579791615336.0
7809,2001-11-11 05:30:00,618235098408.0,0.0,595290714802.3739,597095687757.6306,591536006842.7413,584211868232.0
7810,2001-11-11 05:40:00,520035856400.0,0.0,614988119733.0697,616824518856.4104,623532797442.937,618235098408.0
7811,2001-11-11 05:50:00,587221352952.0,0.0,554007957012.0966,552167054212.8232,521364365585.5144,520035856400.0
7812,2001-11-11 06:00:00,587619717680.0,0.0,588545974982.9268,593847409765.1097,598668914307.142,587221352952.0
7813,2001-11-11 06:10:00,586062799280.0,0.0,590857737416.3152,590849400207.051,590891389772.1537,587619717680.0
7814,2001-11-11 06:20:00,584880175984.0,0.0,590835360114.4988,591541600478.3878,589162880787.9456,586062799280.0
7815,2001-11-11 06:30:00,586778095008.0,0.0,590055252678.8351,590740791421.1924,588165114942.3308,584880175984.0
7816,2001-11-11 06:40:00,587457676992.0,0.0,590688129041.7396,591377471745.8181,589678321733.4651,586778095008.0
7817,2001-11-11 06:50:00,518212785464.0,0.0,591059869749.8411,591579242965.296,590070962847.9952,587457676992.0
7818,2001-11-11 07:00:00,587383578000.0,0.0,546840835193.9287,546312382386.30756,521670160281.225,518212785464.0
7819,2001-11-11 07:10:00,610727008968.0,0.0,583661755525.3562,588138710374.8938,597176843028.5116,587383578000.0
7820,2001-11-11 07:20:00,546888763160.0,0.0,601133240723.0917,600720652615.349,611304406698.2625,610727008968.0
7821,2001-11-11 07:30:00,513774002176.0,0.0,564367662500.8883,562606675549.0948,546785850115.4343,546888763160.0
7822,2001-11-11 07:40:00,496708387784.0,0.0,536898960112.3846,538352258728.73236,519511568294.80585,513774002176.0
7823,2001-11-11 07:50:00,517901655552.0,0.0,519964864402.39966,522227184578.3826,505728305798.6751,496708387784.0
7824,2001-11-11 08:00:00,447238303120.0,0.0,528285905649.1035,531318874908.77966,527657353993.5947,517901655552.0
7825,2001-11-11 08:10:00,495244407528.0,0.0,481677091505.5908,481780402343.47534,453319350821.7019,447238303120.0
7826,2001-11-11 08:20:00,512999154400.0,0.0,505421210568.71423,510548152045.19116,508833307165.9196,495244407528.0
7827,2001-11-11 08:30:00,564457957864.0,0.0,516939719968.07715,518484667613.1804,520369603552.2164,512999154400.0
7828,2001-11-11 08:40:00,488909310864.0,0.0,549914521914.7987,551326828685.0051,566735702479.055,564457957864.0
7829,2001-11-11 08:50:00,485608588888.0,0.0,507857372222.8257,505324131231.5914,486779061056.28284,488909310864.0
7830,2001-11-11 09:00:00,520989242088.0,0.0,501590344518.1024,504211543600.8262,492640895127.9347,485608588888.0
7831,2001-11-11 09:10:00,507056852744.0,0.0,521586679975.61206,523992365089.60156,527879337415.8582,520989242088.0
7832,2001-11-11 09:20:00,497058673520.0,0.0,514691966760.0939,514725595476.1112,509769767166.68494,507056852744.0
7833,2001-11-11 09:30:00,548596714320.0,0.0,507880810696.2883,508954868758.83325,501424010178.17786,497058673520.0
7834,2001-11-11 09:40:00,488636190200.0,0.0,539308819890.8825,541516236413.0987,553356466216.54,548596714320.0
7835,2001-11-11 09:50:00,510251116840.0,0.0,505084138956.32117,503217776525.9308,487953835130.53577,488636190200.0
7836,2001-11-11 10:00:00,574336349440.0,0.0,515209924702.5681,517800738160.76904,515983977469.3398,510251116840.0
7837,2001-11-11 10:10:00,577130004800.0,0.0,556594524618.5785,558217243882.616,577405788944.7382,574336349440.0
7838,2001-11-11 10:20:00,698431470008.0,0.0,563863597876.7903,561857788293.0721,571851975787.1865,577130004800.0
7839,2001-11-11 10:30:00,512339333568.0,0.0,644814395910.8573,645397455569.4844,692505020312.8162,698431470008.0
7840,2001-11-11 10:40:00,537294476688.0,0.0,538818960389.24536,529546557772.0908,494294075587.0231,512339333568.0
7841,2001-11-11 10:50:00,544010777872.0,0.0,545091915688.65,549057649678.89355,541461540080.1797,537294476688.0
7842,2001-11-11 11:00:00,594827511088.0,0.0,548293688809.0438,548922580728.0675,546678866151.4005,544010777872.0
7843,2001-11-11 11:10:00,651898179704.0,0.0,581072609849.02,582506372024.8207,596399668251.1823,594827511088.0
7844,2001-11-11 11:20:00,710338900336.0,0.0,622718811410.6028,622047154599.0912,647779804887.9076,651898179704.0
7845,2001-11-11 11:30:00,785039519192.0,0.0,667582550214.7534,665125652672.7526,699660532650.252,710338900336.0
7846,2001-11-11 11:40:00,754725923496.0,0.0,723811041108.1268,719695133420.2656,766667378427.3784,785039519192.0
7847,2001-11-11 11:50:00,760052269352.0,0.0,716618029180.494,708719754431.778,729626984926.3755,754725923496.0
7848,2001-11-11 12:00:00,971874475608.0,0.0,723319850854.6285,718511953815.5502,738981935229.7217,760052269352.0
7849,2001-11-11 12:10:00,941634846640.0,0.0,861725585712.3982,859805760513.1112,949362395285.1704,971874475608.0
7850,2001-11-11 12:20:00,1110082870560.0,0.0,864450458936.4839,850051911013.4939,896468767281.2021,941634846640.0
7851,2001-11-11 12:30:00,1182231215744.0,0.0,980161871599.5212,972983819539.1877,1067224662262.8342,1110082870560.0
7852,2001-11-11 12:40:00,873372563416.0,0.0,1048265577721.8279,1032580468043.3721,1122371321772.9258,1182231215744.0
7853,2001-11-11 12:50:00,876035788720.0,0.0,870972354225.17,849444944208.6461,811491836161.4711,873372563416.0
7854,2001-11-11 13:00:00,784073668456.0,0.0,857010296476.5969,855752984506.0657,853755809327.3003,876035788720.0
7855,2001-11-11 13:10:00,740123450216.0,0.0,793800381554.6064,788159156365.0117,766008502455.835,784073668456.0
7856,2001-11-11 13:20:00,1065083654352.0,0.0,755825634384.695,755342299116.1345,734079663841.5399,740123450216.0
7857,2001-11-11 13:30:00,923199496568.0,0.0,953786190043.22,959484966802.4308,1060758711406.7014,1065083654352.0
7858,2001-11-11 13:40:00,933897927824.0,0.0,887752235151.6509,871189005137.4976,881324310819.0786,923199496568.0
7859,2001-11-11 13:50:00,1024356872232.0,0.0,894493388961.1768,890607768058.7585,909167943882.4917,933897927824.0
7860,2001-11-11 14:00:00,1039529270080.0,0.0,954148528157.6371,949581207103.0431,999322689926.3928,1024356872232.0
7861,2001-11-11 14:10:00,1109539135576.0,0.0,973863111069.3677,964770519806.2827,1004925396391.6382,1039529270080.0
7862,2001-11-11 14:20:00,1130275785536.0,0.0,1025591773333.6443,1018018009381.7921,1073567362690.8914,1109539135576.0
7863,2001-11-11 14:30:00,1363305764176.0,0.0,1049986846189.2292,1039193223366.5784,1087761806023.8389,1130275785536.0
7864,2001-11-11 14:40:00,1496341104432.0,0.0,1206901181830.7651,1199765687293.254,1317610359729.0625,1363305764176.0
7865,2001-11-11 14:50:00,1320453905952.0,0.0,1318263697092.5251,1300004883684.0527,1423609009867.8801,1496341104432.0
7866,2001-11-11 15:00:00,1612671483344.0,0.0,1234527187366.5776,1209588240911.2717,1238054664284.4194,1320453905952.0
7867,2001-11-11 15:10:00,1759311738064.0,0.0,1421227712271.2183,1413902863353.0662,1552047803809.875,1612671483344.0
7868,2001-11-11 15:20:00,1855160037096.0,0.0,1544304796743.439,1520857101935.6794,1667119946837.1587,1759311738064.0
7869,2001-11-11 15:30:00,1706077986488.0,0.0,1636057202828.4673,1610085815069.8823,1748395962517.5986,1855160037096.0
7870,2001-11-11 15:40:00,1385005406768.0,0.0,1569390189394.6833,1538712198518.8447,1595697314728.7163,1706077986488.0
7871,2001-11-11 15:50:00,1620821331208.0,0.0,1370634673944.103,1347235166718.0786,1302909640212.4402,1385005406768.0
7872,2001-11-11 16:00:00,1863674860672.0,0.0,1498298571654.6323,1497190825395.954,1578775183027.56,1620821331208.0
7873,2001-11-11 16:10:00,1863452736304.0,0.0,1666608284376.4434,1652192267539.6177,1795415237167.073,1863674860672.0
7874,2001-11-11 16:20:00,1492151031048.0,0.0,1696419393674.836,1670891744793.3127,1768663001388.162,1863452736304.0
7875,2001-11-11 16:30:00,1454570779040.0,0.0,1477837381236.61,1450634401606.4092,1406086799994.6797,1492151031048.0
7876,2001-11-11 16:40:00,1365180612200.0,0.0,1432011632977.012,1427556273850.4792,1416604503339.961,1454570779040.0
7877,2001-11-11 16:50:00,1492477693744.0,0.0,1364342116957.004,1357288195355.6843,1336532875690.4521,1365180612200.0
7878,2001-11-11 17:00:00,1392729977976.0,0.0,1432767616839.4753,1432755065892.6453,1473812564210.4976,1492477693744.0
7879,2001-11-11 17:10:00,1665448243176.0,0.0,1374650875405.0444,1364249977750.7134,1360409182015.5393,1392729977976.0
7880,2001-11-11 17:20:00,1630066371392.0,0.0,1541610084684.858,1542548965281.2842,1641115122539.0376,1665448243176.0
7881,2001-11-11 17:30:00,1466173803576.0,0.0,1541574768135.2876,1524665163306.662,1575700521336.4976,1630066371392.0
7882,2001-11-11 17:40:00,1526922765904.0,0.0,1445391161157.0747,1431787113971.8896,1418318807419.5056,1466173803576.0
7883,2001-11-11 17:50:00,1569239201328.0,0.0,1475684337999.0776,1472857027113.3694,1500323045929.6074,1526922765904.0
7884,2001-11-11 18:00:00,1649084506472.0,0.0,1505942240150.7231,1498860761657.109,1537736314002.2175,1569239201328.0
7885,2001-11-11 18:10:00,1899013738664.0,0.0,1562695026666.9666,1555210522166.282,1612472385148.9038,1649084506472.0
7886,2001-11-11 18:20:00,1721624760448.0,0.0,1733283104522.8005,1725687721808.4424,1852655342877.004,1899013738664.0
7887,2001-11-11 18:30:00,1750993176704.0,0.0,1648660733127.701,1624831438142.3818,1648503387438.8784,1721624760448.0
7888,2001-11-11 18:40:00,1755913595040.0,0.0,1668462515606.4082,1659581834567.5632,1701570293273.4343,1750993176704.0
7889,2001-11-11 18:50:00,1707175325368.0,0.0,1678066216733.0732,1666406471899.6812,1707320669894.141,1755913595040.0
7890,2001-11-11 19:00:00,1672476742928.0,0.0,1653294046975.0215,1641991134503.4028,1661908478757.3218,1707175325368.0
7891,2001-11-11 19:10:00,1790691401968.0,0.0,1632137610424.416,1623951366164.0195,1636428305672.8232,1672476742928.0
7892,2001-11-11 19:20:00,1667193285536.0,0.0,1706550798935.4895,1702184055552.8696,1759966553475.1758,1790691401968.0
7893,2001-11-11 19:30:00,1500141591000.0,0.0,1639886783068.6956,1626781276588.9507,1626601434679.1545,1667193285536.0
7894,2001-11-11 19:40:00,1719824597440.0,0.0,1529116495055.826,1522723540298.0403,1477231930088.9062,1500141591000.0
7895,2001-11-11 19:50:00,1866059525800.0,0.0,1653332507672.4949,1658901461662.2368,1715411302104.934,1719824597440.0
7896,2001-11-11 20:00:00,1693591904120.0,0.0,1760388411716.027,1753474023863.397,1836796344254.5295,1866059525800.0
7897,2001-11-11 20:10:00,1807811284160.0,0.0,1669776017620.5522,1654161278872.1323,1648697112073.6074,1693591904120.0
7898,2001-11-11 20:20:00,1713953412040.0,0.0,1738384627419.232,1736889675915.895,1784648281899.088,1807811284160.0
7899,2001-11-11 20:30:00,1781700921176.0,0.0,1688029314714.8696,1677027545102.3662,1681785563113.783,1713953412040.0
7900,2001-11-11 20:40:00,1809757099592.0,0.0,1725857479684.372,1722882418723.8892,1758020990359.1096,1781700921176.0
7901,2001-11-11 20:50:00,1502474091720.0,0.0,1750010332178.8726,1742665982250.8398,1779885616762.0928,1809757099592.0
7902,2001-11-11 21:00:00,1449278107864.0,0.0,1560953146006.6372,1548667978321.492,1473771773907.98,1502474091720.0
7903,2001-11-11 21:10:00,1463863402568.0,0.0,1504373317364.9497,1510144827096.8892,1458157472619.7063,1449278107864.0
7904,2001-11-11 21:20:00,1520967504360.0,0.0,1500728908247.059,1506832201462.5647,1483059730156.2424,1463863402568.0
7905,2001-11-11 21:30:00,1599654053936.0,0.0,1528936682152.5542,1533889912149.7764,1535099681652.0088,1520967504360.0
7906,2001-11-11 21:40:00,1673399565520.0,0.0,1580001919590.54,1582305839121.9995,1604681482483.767,1599654053936.0
7907,2001-11-11 21:50:00,1490066068768.0,0.0,1634503435312.611,1633709478986.5784,1668221643281.9785,1673399565520.0
7908,2001-11-11 22:00:00,1511227545120.0,0.0,1528232281287.6797,1521287392108.5752,1478538053325.2183,1490066068768.0
7909,2001-11-11 22:10:00,1583696923328.0,0.0,1531320676268.0083,1536840301505.0059,1522200704419.6748,1511227545120.0
7910,2001-11-11 22:20:00,1608813652456.0,0.0,1575081276379.4053,1578343481411.8545,1592090513072.532,1583696923328.0
7911,2001-11-11 22:30:00,1631171762568.0,0.0,1597678289834.6719,1597477977462.0208,1609982346969.894,1608813652456.0
7912,2001-11-11 22:40:00,1559504110920.0,0.0,1616912239025.664,1616536440338.1292,1630137975038.671,1631171762568.0
7913,2001-11-11 22:50:00,1586350367752.0,0.0,1574740485828.0283,1572024045095.7307,1555010931225.3555,1559504110920.0
7914,2001-11-11 23:00:00,1578897571232.0,0.0,1590078191343.3926,1592792133824.051,1592867062597.3208,1586350367752.0
7915,2001-11-11 23:10:00,1478305025120.0,0.0,1586615187132.827,1586904682196.5708,1583701667478.4424,1578897571232.0
7916,2001-11-11 23:20:00,1382312175632.0,0.0,1521893854483.4001,1521520919689.355,1485723399840.5159,1478305025120.0
7917,2001-11-11 23:30:00,1369847967848.0,0.0,1449507264986.206,1453429775731.8076,1401190907475.8733,1382312175632.0
7918,2001-11-11 23:40:00,1335306386480.0,0.0,1426015483709.3005,1433627916407.168,1396377749533.9097,1369847967848.0
7919,2001-11-11 23:50:00,1018724712904.0,0.0,1397459676326.6882,1404007369766.226,1364357000697.9941,1335306386480.0
7920,2001-11-12 00:00:00,1095615349624.0,0.0,1188523571780.4795,1191955512775.7478,1055706305626.5225,1018724712904.0
7921,2001-11-12 00:10:00,1169925571568.0,0.0,1201676307425.477,1224027236485.1714,1166435050385.3945,1095615349624.0
7922,2001-11-12 00:20:00,1175831902584.0,0.0,1233797891022.2456,1247409701461.7134,1224441020295.568,1169925571568.0
7923,2001-11-12 00:30:00,1154612735456.0,0.0,1235041299218.2598,1244179185979.4446,1217007131257.7117,1175831902584.0
7924,2001-11-12 00:40:00,1113791702488.0,0.0,1218295750457.1873,1226469326769.7058,1191195167762.4602,1154612735456.0
7925,2001-11-12 00:50:00,1169205668208.0,0.0,1188469591566.5518,1197055968151.4187,1152496534439.8855,1113791702488.0
7926,2001-11-12 01:00:00,1154124084992.0,0.0,1215869143699.984,1226752153517.8994,1208905950525.1694,1169205668208.0
7927,2001-11-12 01:10:00,1027993382816.0,0.0,1208115882998.0195,1214860562292.0068,1188221089543.7263,1154124084992.0
7928,2001-11-12 01:20:00,958064954888.0,0.0,1124437862811.979,1130439299609.1208,1063218782119.1118,1027993382816.0
7929,2001-11-12 01:30:00,1090168127192.0,0.0,1065094790223.1704,1076773162431.0303,1005843726155.7181,958064954888.0
7930,2001-11-12 01:40:00,1124371947936.0,0.0,1135531511241.8645,1151454102209.2666,1143398109851.4138,1090168127192.0
7931,2001-11-12 01:50:00,939953035816.0,0.0,1160901117569.434,1168042488552.4421,1159534949255.8152,1124371947936.0
7932,2001-11-12 02:00:00,847599743504.0,0.0,1047113966620.982,1050426946804.0403,971230714079.6572,939953035816.0
7933,2001-11-12 02:10:00,924707191112.0,0.0,973207527127.1648,986462889552.5549,902362445584.4143,847599743504.0
7934,2001-11-12 02:20:00,853210942424.0,0.0,1002938238261.4629,1019883308023.0159,985820693181.8705,924707191112.0
7935,2001-11-12 02:30:00,687648671616.0,0.0,953718482697.7601,963214961986.532,903468840452.02,853210942424.0
7936,2001-11-12 02:40:00,708165034104.0,0.0,837502232148.0577,848861999823.6149,744987129131.0807,687648671616.0
7937,2001-11-12 02:50:00,692310370160.0,0.0,827804590176.7788,847580520395.7942,781327174361.7822,708165034104.0
7938,2001-11-12 03:00:00,656193218640.0,0.0,806057982949.5896,821397690821.7181,759491078741.8665,692310370160.0
7939,2001-11-12 03:10:00,787138326000.0,0.0,773583247226.4078,788693544491.5012,722707056903.5681,656193218640.0
7940,2001-11-12 03:20:00,684915715088.0,0.0,844731446370.6543,862564431084.7501,851480009377.0774,787138326000.0
7941,2001-11-12 03:30:00,779535654952.0,0.0,782943071378.6685,789893257667.0093,730078240248.5566,684915715088.0
7942,2001-11-12 03:40:00,729359821520.0,0.0,835373235240.4945,850868148045.261,834317231563.7979,779535654952.0
7943,2001-11-12 03:50:00,757174152856.0,0.0,806301237575.1887,813809813161.9219,772976143341.7476,729359821520.0
7944,2001-11-12 04:00:00,740791284136.0,0.0,817242253924.5753,828494781593.4592,801987712089.5846,757174152856.0
7945,2001-11-12 04:10:00,611592127184.0,0.0,805967588184.424,814376291343.052,781864466760.9594,740791284136.0
7946,2001-11-12 04:20:00,763322139272.0,0.0,719298190157.8477,726543484229.3992,653155601104.9547,611592127184.0
7947,2001-11-12 04:30:00,737533248712.0,0.0,801138531782.0128,817639204887.0665,816815186606.7833,763322139272.0
7948,2001-11-12 04:40:00,742473203520.0,0.0,789144229435.0332,794252075281.2432,772064179142.8239,737533248712.0
7949,2001-11-12 04:50:00,743852759112.0,0.0,788163325558.754,795795392284.168,774687126856.6284,742473203520.0
7950,2001-11-12 05:00:00,769136139944.0,0.0,787687583244.4229,794293932106.0707,773865884169.063,743852759112.0
7951,2001-11-12 05:10:00,729807956824.0,0.0,802820809793.1757,809616375835.6342,797664733159.3607,769136139944.0
7952,2001-11-12 05:20:00,758796979952.0,0.0,779207079160.9429,783742684238.9742,755240211147.0461,729807956824.0
7953,2001-11-12 05:30:00,606386725168.0,0.0,794164822466.1813,801581278700.1631,788011094443.0226,758796979952.0
7954,2001-11-12 05:40:00,725891280624.0,0.0,697287200075.2281,700167878409.4403,633899945863.5281,606386725168.0
7955,2001-11-12 05:50:00,761861482136.0,0.0,757089737508.6348,770627396959.432,766682555104.2295,725891280624.0
7956,2001-11-12 06:00:00,729179729800.0,0.0,782862920600.3683,787584909238.7666,787095521548.431,761861482136.0
7957,2001-11-12 06:10:00,765588325168.0,0.0,765564660379.0756,768776527627.495,749190970157.3191,729179729800.0
7958,2001-11-12 06:20:00,802494691248.0,0.0,786324318677.4548,792063938677.332,787951479232.7649,765588325168.0
7959,2001-11-12 06:30:00,732341696856.0,0.0,811066482188.5715,814648417019.4517,819488412417.9353,802494691248.0
7960,2001-11-12 06:40:00,642602586032.0,0.0,769015676885.4454,769497956807.5812,744140483279.2762,732341696856.0
7961,2001-11-12 06:50:00,743126138024.0,0.0,706639306170.2101,710265276963.1425,663195293345.4025,642602586032.0
7962,2001-11-12 07:00:00,774554566056.0,0.0,758859074773.1478,768268247786.8411,772243514607.9792,743126138024.0
7963,2001-11-12 07:10:00,768576949912.0,0.0,780362128687.5859,782722415477.5,789349118881.1173,774554566056.0
7964,2001-11-12 07:20:00,762129813944.0,0.0,778614680886.0415,779703432616.1841,777249034753.0781,768576949912.0
7965,2001-11-12 07:30:00,752467297408.0,0.0,774536119164.4661,775957624757.3978,770752951054.7452,762129813944.0
7966,2001-11-12 07:40:00,722470492448.0,0.0,766989944080.037,768605257156.3276,761583613397.9554,752467297408.0
7967,2001-11-12 07:50:00,659226498080.0,0.0,744415617511.0518,745618493929.2676,729788455550.4667,722470492448.0
7968,2001-11-12 08:00:00,762430484520.0,0.0,701556241010.8761,703538244382.3871,671257599116.7504,659226498080.0
7969,2001-11-12 08:10:00,808188725840.0,0.0,759868701981.9102,766721101721.1897,780734068655.5275,762430484520.0
7970,2001-11-12 08:20:00,864841940056.0,0.0,793672639622.5371,794045626324.5541,813054599416.2605,808188725840.0
7971,2001-11-12 08:30:00,947895029632.0,0.0,835098043439.8784,834581534874.8489,862450226054.7141,864841940056.0
7972,2001-11-12 08:40:00,758529406832.0,0.0,895353761041.2816,893076252808.9109,937277064672.1509,947895029632.0
7973,2001-11-12 08:50:00,1184541640568.0,0.0,786789940998.0961,777710002045.2645,741473368441.0853,758529406832.0
7974,2001-11-12 09:00:00,1088518251488.0,0.0,1046312955151.7026,1056039808280.0596,1185125422388.7383,1184541640568.0
7975,2001-11-12 09:10:00,1015889261704.0,0.0,1018173072080.5911,998975374506.0227,1040561211943.4946,1088518251488.0
7976,2001-11-12 09:20:00,1005326248192.0,0.0,980105885076.5527,971021287157.0608,979915445479.306,1015889261704.0
7977,2001-11-12 09:30:00,1305498367488.0,0.0,974087616932.7748,968732080460.4797,982255478534.064,1005326248192.0
7978,2001-11-12 09:40:00,1333120474256.0,0.0,1165090198027.921,1164742020602.18,1282490900405.4814,1305498367488.0
7979,2001-11-12 09:50:00,1176986525960.0,0.0,1209325187429.799,1191529237402.7249,1274429155378.6704,1333120474256.0
7980,2001-11-12 10:00:00,1079784181088.0,0.0,1127171485810.514,1109471159386.0894,1117897888659.6624,1176986525960.0
7981,2001-11-12 10:10:00,1312103504320.0,0.0,1063091914883.1808,1054594340480.8446,1044644818778.7786,1079784181088.0
7982,2001-11-12 10:20:00,1457936488192.0,0.0,1202297670076.2495,1202025518853.735,1288229558915.2788,1312103504320.0
7983,2001-11-12 10:30:00,1362258559640.0,0.0,1312433138551.3013,1299579946152.2195,1405395494301.9688,1457936488192.0
7984,2001-11-12 10:40:00,1225882594456.0,0.0,1275248714483.34,1255570675568.2312,1295600892604.126,1362258559640.0
7985,2001-11-12 10:50:00,1213290984216.0,0.0,1193682280795.0652,1180234244083.0789,1175191640481.6758,1225882594456.0
7986,2001-11-12 11:00:00,1157497792128.0,0.0,1178672980062.929,1172923802136.5168,1182030195794.3965,1213290984216.0
7987,2001-11-12 11:10:00,1193234238496.0,0.0,1141389420843.5176,1134857095213.326,1132209355825.9744,1157497792128.0
7988,2001-11-12 11:20:00,1356873847440.0,0.0,1157873122725.4749,1155107497175.4695,1174023670054.9216,1193234238496.0
7989,2001-11-12 11:30:00,1321293440744.0,0.0,1263585377458.4888,1260614293780.645,1333094993193.105,1356873847440.0
7990,2001-11-12 11:40:00,1379173607544.0,0.0,1256151314574.516,1243339873433.5815,1278744624559.5576,1321293440744.0
7991,2001-11-12 11:50:00,1498161826672.0,0.0,1298281279417.1519,1290691600071.9556,1341385631918.6887,1379173607544.0
7992,2001-11-12 12:00:00,1573445279856.0,0.0,1383029677581.391,1373853346596.6357,1454284432870.2944,1498161826672.0
7993,2001-11-12 12:10:00,1596087614168.0,0.0,1447068225240.123,1433043022599.7754,1515503076037.429,1573445279856.0
7994,2001-11-12 12:20:00,1567540556720.0,0.0,1479608677920.0654,1463794913195.8367,1533172280596.6606,1596087614168.0
7995,2001-11-12 12:30:00,1221279030520.0,0.0,1474039149346.4585,1458239650838.5054,1505450738519.2002,1567540556720.0
7996,2001-11-12 12:40:00,1201210947096.0,0.0,1260364254555.6733,1242489881940.3154,1170513087217.308,1221279030520.0
7997,2001-11-12 12:50:00,1185409238032.0,0.0,1221919239804.9336,1224876939189.078,1194331722057.752,1201210947096.0
7998,2001-11-12 13:00:00,1663099521064.0,0.0,1199008014771.6687,1199159093011.0598,1183196210670.8867,1185409238032.0
7999,2001-11-12 13:10:00,1397020643288.0,0.0,1494003168041.6218,1501575567450.0984,1655593773027.6543,1663099521064.0
8000,2001-11-12 13:20:00,1321304248680.0,0.0,1363382977797.7903,1338079782528.9773,1336633792648.9346,1397020643288.0
8001,2001-11-12 13:30:00,1412664808000.0,0.0,1309417995923.9868,1304547855704.0742,1291666839466.0928,1321304248680.0
8002,2001-11-12 13:40:00,1425062515152.0,0.0,1361621978059.6401,1360082504411.068,1394998807635.305,1412664808000.0
8003,2001-11-12 13:50:00,1332882886864.0,0.0,1375446752767.0664,1368386824900.585,1398117383766.433,1425062515152.0
8004,2001-11-12 14:00:00,1488978789224.0,0.0,1321012180484.664,1312995214503.6375,1305857394749.0112,1332882886864.0
8005,2001-11-12 14:10:00,1462726336600.0,0.0,1415194955537.5972,1415333635880.666,1472222189914.2373,1488978789224.0
8006,2001-11-12 14:20:00,1532580065480.0,0.0,1410908339590.942,1400575415403.3047,1429564605062.5688,1462726336600.0
8007,2001-11-12 14:30:00,1395981373392.0,0.0,1458951590039.771,1453319529903.8706,1501833406445.0894,1532580065480.0
8008,2001-11-12 14:40:00,1287951928264.0,0.0,1381482275279.6604,1369597498127.5737,1359693945758.8381,1395981373392.0
8009,2001-11-12 14:50:00,1492899239808.0,0.0,1307469058152.1865,1303659406459.5615,1271623128968.3994,1287951928264.0
8010,2001-11-12 15:00:00,1429373486200.0,0.0,1426406877938.6514,1430770520578.538,1488616936514.9197,1492899239808.0
8011,2001-11-12 15:10:00,1603447212584.0,0.0,1399159897935.4395,1389215153142.4097,1402359781262.8555,1429373486200.0
8012,2001-11-12 15:20:00,1644392672496.0,0.0,1510580407113.3657,1509467986612.6584,1581736351425.9502,1603447212584.0
8013,2001-11-12 15:30:00,1557540440808.0,0.0,1553775776498.5488,1542353701816.9302,1603314787030.9688,1644392672496.0
8014,2001-11-12 15:40:00,1520922427112.0,0.0,1511751554528.9453,1499318139993.1365,1514175221029.1152,1557540440808.0
8015,2001-11-12 15:50:00,1694954119184.0,0.0,1489137584300.3079,1482412514438.391,1490300515607.299,1520922427112.0
8016,2001-11-12 16:00:00,1701342008648.0,0.0,1599928592977.7961,1597803173502.3403,1670176086187.2673,1694954119184.0
8017,2001-11-12 16:10:00,1572494069368.0,0.0,1621149553041.1042,1608905541335.4946,1658406535604.852,1701342008648.0
8018,2001-11-12 16:20:00,1404639578408.0,0.0,1549797855178.6682,1537897406676.038,1532588948981.8362,1572494069368.0
8019,2001-11-12 16:30:00,1550623958272.0,0.0,1438911327606.9395,1433173435951.788,1385515245034.3474,1404639578408.0
8020,2001-11-12 16:40:00,1441296470760.0,0.0,1515146356799.276,1520183242552.76,1549324581809.4033,1550623958272.0
8021,2001-11-12 16:50:00,1486015264600.0,0.0,1454712756574.0847,1448193022116.8796,1429130613002.267,1441296470760.0
8022,2001-11-12 17:00:00,1581652633600.0,0.0,1474899792088.505,1477081403937.6606,1484720485339.8057,1486015264600.0
8023,2001-11-12 17:10:00,1591566737904.0,0.0,1536124824823.4717,1535575995829.394,1573690010866.2563,1581652633600.0
8024,2001-11-12 17:20:00,1683900895040.0,0.0,1551878569681.294,1546277642362.6313,1571869475375.5151,1591566737904.0
8025,2001-11-12 17:30:00,1409582860072.0,0.0,1618295982169.0305,1615034043102.6038,1665060221855.7258,1683900895040.0
8026,2001-11-12 17:40:00,1345743985560.0,0.0,1455447987793.0552,1443115990532.8901,1384746935283.7385,1409582860072.0
8027,2001-11-12 17:50:00,1291779538520.0,0.0,1395573269581.6191,1400013103340.5332,1353568000304.3704,1345743985560.0
8028,2001-11-12 18:00:00,1388046800088.0,0.0,1347387375847.3208,1351534864438.936,1307787131007.3228,1291779538520.0
8029,2001-11-12 18:10:00,1423348202576.0,0.0,1398194978136.6707,1406254697472.727,1410150853689.0771,1388046800088.0
8030,2001-11-12 18:20:00,1706072842648.0,0.0,1422630589929.0845,1424375177678.7537,1433383125936.1836,1423348202576.0
8031,2001-11-12 18:30:00,1617406270688.0,0.0,1603784438911.4683,1608143534125.1516,1705932842934.2603,1706072842648.0
8032,2001-11-12 18:40:00,1595397472016.0,0.0,1572808413635.4277,1559077651712.394,1583602281793.6348,1617406270688.0
8033,2001-11-12 18:50:00,1573604321616.0,0.0,1564274593639.7163,1559254865875.9102,1572874876748.0244,1595397472016.0
8034,2001-11-12 19:00:00,1612058957696.0,0.0,1552829948689.4395,1548273572281.0386,1555918020087.3713,1573604321616.0
8035,2001-11-12 19:10:00,1558411493560.0,0.0,1578518676492.128,1576218723688.0723,1598423654161.4424,1612058957696.0
8036,2001-11-12 19:20:00,1584063757680.0,0.0,1550317912916.726,1545240957270.1106,1543755090360.0288,1558411493560.0
8037,2001-11-12 19:30:00,1834433324224.0,0.0,1564516593270.3857,1563668049722.8542,1575813775113.4023,1584063757680.0
8038,2001-11-12 19:40:00,1855940631544.0,0.0,1726274540058.875,1727147024365.3677,1821377131172.142,1834433324224.0
8039,2001-11-12 19:50:00,1692859470808.0,0.0,1764698307172.0693,1751584331622.9763,1814891282654.2751,1855940631544.0
8040,2001-11-12 20:00:00,1930596302328.0,0.0,1675692406283.876,1662335671317.498,1652991352887.406,1692859470808.0
8041,2001-11-12 20:10:00,1815641830664.0,0.0,1820758421328.9492,1821470659416.1602,1909652097628.7686,1930596302328.0
8042,2001-11-12 20:20:00,1571048052624.0,0.0,1767226171335.8281,1750922228196.5752,1770849943302.6265,1815641830664.0
8043,2001-11-12 20:30:00,1687370707616.0,0.0,1610153036289.8892,1600136937124.1248,1541155727607.4253,1571048052624.0
8044,2001-11-12 20:40:00,1559088904336.0,0.0,1664943280274.3662,1670428291321.1128,1687315732676.5498,1687370707616.0
8045,2001-11-12 20:50:00,1687952584520.0,0.0,1586020170945.2207,1579924922888.7153,1547781042122.7632,1559088904336.0
8046,2001-11-12 21:00:00,1567649164696.0,0.0,1660006170465.5137,1665450057367.8442,1694197492858.0854,1687952584520.0
8047,2001-11-12 21:10:00,1826905965488.0,0.0,1587314913168.0557,1581145745904.2178,1557664205950.7651,1567649164696.0
8048,2001-11-12 21:20:00,1960390897448.0,0.0,1743541387149.3496,1749711907818.0679,1826436769157.7166,1826905965488.0
8049,2001-11-12 21:30:00,1978144046216.0,0.0,1848735098835.1099,1839991047080.1726,1929159577609.4377,1960390897448.0
8050,2001-11-12 21:40:00,1716779853224.0,0.0,1881810610993.2732,1868819286567.5906,1931531735702.955,1978144046216.0
8051,2001-11-12 21:50:00,1827463389152.0,0.0,1729189988236.1516,1713279319834.9214,1672637035989.192,1716779853224.0
8052,2001-11-12 22:00:00,1737765865168.0,0.0,1786250566639.0908,1788900398183.5625,1817085366218.6528,1827463389152.0
8053,2001-11-12 22:10:00,1674858255088.0,0.0,1733623954960.44,1725747040193.768,1717600615435.3904,1737765865168.0
8054,2001-11-12 22:20:00,1660393648216.0,0.0,1688417232220.3313,1686674395530.8684,1667165049308.7812,1674858255088.0
8055,2001-11-12 22:30:00,1449267605144.0,0.0,1670401670492.2979,1670986152196.1987,1659819374446.2388,1660393648216.0
8056,2001-11-12 22:40:00,1543546725728.0,0.0,1530893733449.5444,1528317172132.8425,1451904025837.8535,1449267605144.0
8057,2001-11-12 22:50:00,1494816081072.0,0.0,1570651626064.8193,1581983138328.199,1571158127779.4102,1543546725728.0
8058,2001-11-12 23:00:00,1350494784256.0,0.0,1536473469436.5244,1538355004256.3276,1510146990621.0015,1494816081072.0
8059,2001-11-12 23:10:00,1252542964864.0,0.0,1438519681426.4614,1441979988939.3535,1372604994175.5537,1350494784256.0
8060,2001-11-12 23:20:00,1337559820128.0,0.0,1358336642240.0215,1367793940611.0217,1291425080559.3325,1252542964864.0
8061,2001-11-12 23:30:00,1542902346392.0,0.0,1392523786129.5586,1406642048438.0447,1383914632435.2944,1337559820128.0
8062,2001-11-12 23:40:00,1465865567680.0,0.0,1519127471062.476,1529059102104.781,1573257094615.8706,1542902346392.0
8063,2001-11-12 23:50:00,1229880557952.0,0.0,1485590262049.395,1482526213443.109,1471629860935.963,1465865567680.0
8064,2001-11-13 00:00:00,1841554866728.0,0.0,1333830555764.8445,1333879353201.8096,1245832348584.7642,1229880557952.0
8065,2001-11-13 00:10:00,1406675001048.0,0.0,1699253423676.2036,1721157783729.8628,1876141521226.6692,1841554866728.0
8066,2001-11-13 00:20:00,1307856446064.0,0.0,1465630455002.6206,1441477972619.1394,1372768101535.0625,1406675001048.0
8067,2001-11-13 00:30:00,1242136388264.0,0.0,1385263798945.692,1393177400779.0269,1326297430627.8884,1307856446064.0
8068,2001-11-13 00:40:00,1193789158656.0,0.0,1326255685875.4077,1333790406194.6975,1273886452463.651,1242136388264.0
8069,2001-11-13 00:50:00,1150127980928.0,0.0,1281252412957.5593,1290943464010.0444,1233043346943.9954,1193789158656.0
8070,2001-11-13 01:00:00,1017218559408.0,0.0,1240899633915.1138,1251377307572.6248,1194155650018.2214,1150127980928.0
8071,2001-11-13 01:10:00,1020253153240.0,0.0,1143867910182.971,1153521301059.3113,1065150294058.5378,1017218559408.0
8072,2001-11-13 01:20:00,980967717000.0,0.0,1125622740012.5525,1142034336889.1484,1081748230057.2891,1020253153240.0
8073,2001-11-13 01:30:00,1038593439248.0,0.0,1086525310486.96,1099290764501.5354,1036883204665.9207,980967717000.0
8074,2001-11-13 01:40:00,875411380272.0,0.0,1110963438923.746,1125974837043.1206,1094329455254.0355,1038593439248.0
8075,2001-11-13 01:50:00,1079149245120.0,0.0,1004357684617.1713,1012067246710.6548,922731278315.924,875411380272.0
8076,2001-11-13 02:00:00,1087326792880.0,0.0,1116640142166.8496,1137167313637.5605,1140952907046.4841,1079149245120.0
8077,2001-11-13 02:10:00,1042507701168.0,0.0,1130039170207.561,1135764629362.8342,1122736340809.0115,1087326792880.0
8078,2001-11-13 02:20:00,1081839273584.0,0.0,1105579392194.5103,1112400680104.2603,1077214312430.0752,1042507701168.0
8079,2001-11-13 02:30:00,1038951932632.0,0.0,1125558540740.85,1135102514568.3325,1118960359473.9165,1081839273584.0
8080,2001-11-13 02:40:00,1084143785872.0,0.0,1098745253433.4868,1104571379691.2952,1070648353273.6453,1038951932632.0
8081,2001-11-13 02:50:00,1071535511440.0,0.0,1122866929931.519,1132079621133.4016,1118747104713.0916,1084143785872.0
8082,2001-11-13 03:00:00,865145886560.0,0.0,1116236111212.6182,1121858010443.677,1100392624515.9946,1071535511440.0
8083,2001-11-13 03:10:00,1004221419648.0,0.0,983350451667.1948,986979196849.1045,896314680056.2675,865145886560.0
8084,2001-11-13 03:20:00,970346131536.0,0.0,1052275668964.6985,1069766322622.2112,1056771613351.1868,1004221419648.0
8085,2001-11-13 03:30:00,1064720627008.0,0.0,1034025501362.7126,1040115179170.7604,1007822765681.9703,970346131536.0
8086,2001-11-13 03:40:00,953422331440.0,0.0,1089373623731.4895,1100043276227.2576,1102520509932.7837,1064720627008.0
8087,2001-11-13 03:50:00,1050084663504.0,0.0,1022593002999.1765,1024677009638.4891,978039260803.0856,953422331440.0
8088,2001-11-13 04:00:00,955260328160.0,0.0,1076678188316.2056,1087967032336.6406,1087232541630.8994,1050084663504.0
8089,2001-11-13 04:10:00,745679201528.0,0.0,1018624559432.7251,1021021685985.533,980325642926.0625,955260328160.0
8090,2001-11-13 04:20:00,828763298312.0,0.0,875913584640.0309,881435191103.4717,780553976720.1722,745679201528.0
8091,2001-11-13 04:30:00,830442742736.0,0.0,906181466549.0363,924139456117.5891,887348257362.6592,828763298312.0
8092,2001-11-13 04:40:00,864652293520.0,0.0,901099425993.7675,910869699950.1562,875990130323.675,830442742736.0
8093,2001-11-13 04:50:00,828535110392.0,0.0,919030234468.987,929692830816.2523,907756082500.3997,864652293520.0
8094,2001-11-13 05:00:00,876328935424.0,0.0,894490161766.9215,901599079889.0024,864223516104.9275,828535110392.0
8095,2001-11-13 05:10:00,839208850352.0,0.0,921450647851.4902,931599436578.2104,915725598080.2388,876328935424.0
8096,2001-11-13 05:20:00,753568984688.0,0.0,898489462483.4418,904390239187.5052,872603016580.8103,839208850352.0
8097,2001-11-13 05:30:00,861427379280.0,0.0,838541160883.5256,845597561942.257,790576593824.6893,753568984688.0
8098,2001-11-13 05:40:00,830196519904.0,0.0,893616796505.8317,906008971361.1252,902740328746.6316,861427379280.0
8099,2001-11-13 05:50:00,827874911376.0,0.0,877041481651.7197,881197348959.8702,858459047241.8191,830196519904.0
8100,2001-11-13 06:00:00,733018433992.0,0.0,871417289908.8572,878062056768.241,856737219140.1232,827874911376.0
8101,2001-11-13 06:10:00,756774625320.0,0.0,807637313850.6757,812097224036.9918,761317482047.8733,733018433992.0
8102,2001-11-13 06:20:00,770028058744.0,0.0,811263553291.5605,821443286576.1273,794439641099.799,756774625320.0
8103,2001-11-13 06:30:00,644850589232.0,0.0,813808371531.7251,820859353034.1753,801118925745.1154,770028058744.0
8104,2001-11-13 06:40:00,729064592272.0,0.0,732433079607.2854,736796846964.279,674882428733.743,644850589232.0
8105,2001-11-13 06:50:00,752354548944.0,0.0,771535179932.8215,784209378196.9458,770574244112.8372,729064592272.0
8106,2001-11-13 07:00:00,801296305936.0,0.0,784882018105.8882,790763113337.5348,780837515685.0132,752354548944.0
8107,2001-11-13 07:10:00,827868886928.0,0.0,816034272935.0717,821681214649.0139,823399714113.8724,801296305936.0
8108,2001-11-13 07:20:00,787050932040.0,0.0,837532037779.6493,840566510870.5248,843219452763.2368,827868886928.0
8109,2001-11-13 07:30:00,750178791504.0,0.0,816227775906.3522,817745659401.7708,800788596997.1022,787050932040.0
8110,2001-11-13 07:40:00,732505126992.0,0.0,789333093420.952,792988457778.712,767971767904.9823,750178791504.0
8111,2001-11-13 07:50:00,835467223544.0,0.0,771977668917.6818,776371983323.9541,751465233288.6753,732505126992.0
8112,2001-11-13 08:00:00,934111141184.0,0.0,836262360872.2449,843482421082.3137,860320226308.1951,835467223544.0
8113,2001-11-13 08:10:00,767669646440.0,0.0,900891001516.7937,902245288491.7019,940211408006.2505,934111141184.0
8114,2001-11-13 08:20:00,934462572536.0,0.0,805266235718.5869,799207476008.0239,762465352593.6782,767669646440.0
8115,2001-11-13 08:30:00,1256303691152.0,0.0,901117321381.4397,908535722243.5005,946084320291.0107,934462572536.0
8116,2001-11-13 08:40:00,1142968721352.0,0.0,1115946925393.3926,1116184497281.205,1244581332039.9126,1256303691152.0
8117,2001-11-13 08:50:00,1271859260024.0,0.0,1077592385121.241,1059175555498.0198,1094707497153.5889,1142968721352.0
8118,2001-11-13 09:00:00,1196815847256.0,0.0,1166329017079.053,1160719838418.9297,1235704453114.599,1271859260024.0
8119,2001-11-13 09:10:00,1084192426344.0,0.0,1136863027187.8135,1122110214835.7466,1150370289762.706,1196815847256.0
8120,2001-11-13 09:20:00,1097518942944.0,0.0,1069360831916.8237,1059965415770.2323,1050454926589.6396,1084192426344.0
8121,2001-11-13 09:30:00,1197585816424.0,0.0,1072416635027.2319,1069945162980.95,1080630688309.8506,1097518942944.0
8122,2001-11-13 09:40:00,1378373216752.0,0.0,1135032904315.7825,1132179548683.087,1178196711334.596,1197585816424.0
8123,2001-11-13 09:50:00,1455843090240.0,0.0,1261185081699.552,1255701174524.5981,1347930068709.6616,1378373216752.0
8124,2001-11-13 10:00:00,1157533805920.0,0.0,1332073060553.1045,1318425853358.9297,1404463626096.6348,1455843090240.0
8125,2001-11-13 10:10:00,1203279959368.0,0.0,1161217677326.3044,1141259900547.4316,1102394325877.4482,1157533805920.0
8126,2001-11-13 10:20:00,1433580885704.0,0.0,1175302999847.9087,1175655632012.7324,1186025438690.2239,1203279959368.0
8127,2001-11-13 10:30:00,1312646327720.0,0.0,1320118810157.1785,1318154724282.553,1410510326127.2578,1433580885704.0
8128,2001-11-13 10:40:00,1566271317640.0,0.0,1264078047284.432,1247531483375.3352,1265245234327.0981,1312646327720.0
8129,2001-11-13 10:50:00,1707667163032.0,0.0,1424914844789.4436,1422340470392.665,1531055168585.7212,1566271317640.0
8130,2001-11-13 11:00:00,1540768450320.0,0.0,1538285529206.001,1521456438239.6768,1641623929839.338,1707667163032.0
8131,2001-11-13 11:10:00,1649097258936.0,0.0,1459917557855.667,1436362604066.3613,1463994095640.5508,1540768450320.0
8132,2001-11-13 11:20:00,1627704896848.0,0.0,1529424582225.2175,1519983657559.7485,1594032139438.504,1649097258936.0
8133,2001-11-13 11:30:00,1661132557544.0,0.0,1529685338730.3928,1512814999635.1064,1565585671804.6006,1627704896848.0
8134,2001-11-13 11:40:00,1625385394864.0,0.0,1556853851772.8325,1543802007020.0488,1602901624829.8833,1661132557544.0
8135,2001-11-13 11:50:00,1704321859080.0,0.0,1543292155167.064,1528321279697.997,1567917386520.9478,1625385394864.0
8136,2001-11-13 12:00:00,1634058812656.0,0.0,1595584037949.771,1585051875206.197,1652224153194.8655,1704321859080.0
8137,2001-11-13 12:10:00,1640604708568.0,0.0,1560408862533.4443,1544107739034.454,1574461731623.6604,1634058812656.0
8138,2001-11-13 12:20:00,1606282984880.0,0.0,1566280555184.4966,1556044139633.5156,1592538466437.9058,1640604708568.0
8139,2001-11-13 12:30:00,1813495195720.0,0.0,1547583084321.5596,1536199730727.8445,1560560183520.1538,1606282984880.0
8140,2001-11-13 12:40:00,1615142716784.0,0.0,1679405580609.8953,1673795527102.312,1771584014372.054,1813495195720.0
8141,2001-11-13 12:50:00,1632807406304.0,0.0,1573103130956.4421,1552166109249.1084,1552960364248.7764,1615142716784.0
8142,2001-11-13 13:00:00,2111467506528.0,0.0,1577910819960.5786,1572148192197.472,1595927896549.6152,1632807406304.0
8143,2001-11-13 13:10:00,1984436266296.0,0.0,1882164989522.3665,1880500179706.3325,2069107716834.2932,2111467506528.0
8144,2001-11-13 13:20:00,1916953460504.0,0.0,1845514101649.1033,1814108410102.0793,1888472513970.3328,1984436266296.0
8145,2001-11-13 13:30:00,1798899672504.0,0.0,1815616140957.5215,1797445539822.1626,1840255587480.2803,1916953460504.0
8146,2001-11-13 13:40:00,1775033770656.0,0.0,1744085807558.5044,1727825938267.0283,1736616328010.9634,1798899672504.0
8147,2001-11-13 13:50:00,1770734621472.0,0.0,1723039601616.4663,1714000419954.4058,1731006470801.774,1775033770656.0
8148,2001-11-13 14:00:00,1867698469880.0,0.0,1716874847030.3127,1708307777066.8533,1731509769157.579,1770734621472.0
8149,2001-11-13 14:10:00,2253751124024.0,0.0,1778306103595.359,1771536570481.3457,1829699891705.6016,1867698469880.0
8150,2001-11-13 14:20:00,2348699321904.0,0.0,2033327649151.8293,2026718967003.2937,2201331033341.3916,2253751124024.0
8151,2001-11-13 14:30:00,2340361214496.0,0.0,2133880835389.7197,2107104911144.509,2250615285165.96,2348699321904.0
8152,2001-11-13 14:40:00,2348692377640.0,0.0,2160523477596.0066,2133736610947.4412,2235537136270.919,2340361214496.0
8153,2001-11-13 14:50:00,2562197581072.0,0.0,2185109017625.118,2161698052051.6865,2251094704314.624,2348692377640.0
8154,2001-11-13 15:00:00,2420467440920.0,0.0,2336037418426.1445,2317101906208.695,2467922659030.6094,2562197581072.0
8155,2001-11-13 15:10:00,2117562835816.0,0.0,2276935453985.2544,2245006122437.004,2309231104869.5557,2420467440920.0
8156,2001-11-13 15:20:00,2144445848720.0,0.0,2090678682438.164,2066886624840.9712,2032046289174.8528,2117562835816.0
8157,2001-11-13 15:30:00,1770574816232.0,0.0,2088215470600.4028,2082634453517.7026,2099906468075.585,2144445848720.0
8158,2001-11-13 15:40:00,1509346508824.0,0.0,1846797225104.984,1831522077857.4854,1731373156025.6064,1770574816232.0
8159,2001-11-13 15:50:00,1569265556304.0,0.0,1647155928840.0342,1651042880233.689,1519232912189.353,1509346508824.0
8160,2001-11-13 16:00:00,1511632050032.0,0.0,1645688672669.493,1661367513054.418,1610223416574.76,1569265556304.0
8161,2001-11-13 16:10:00,1524252775472.0,0.0,1592077663473.3975,1599112505450.265,1541776805121.6238,1511632050032.0
8162,2001-11-13 16:20:00,1633118546448.0,0.0,1585758246571.6653,1595890680929.9146,1557961410721.787,1524252775472.0
8163,2001-11-13 16:30:00,1695210686032.0,0.0,1647727409840.8008,1657234524306.0747,1663497222413.209,1633118546448.0
8164,2001-11-13 16:40:00,1669738895088.0,0.0,1689056635897.754,1691990994936.3765,1707534687391.2598,1695210686032.0
8165,2001-11-13 16:50:00,1664355390280.0,0.0,1678861846329.0425,1678556334670.3184,1674039090799.6396,1669738895088.0
8166,2001-11-13 17:00:00,1758881047304.0,0.0,1674257864304.1934,1675798157874.3542,1670109864555.8794,1664355390280.0
8167,2001-11-13 17:10:00,1747995496864.0,0.0,1732941079337.2285,1735738243121.6304,1762893605858.8066,1758881047304.0
8168,2001-11-13 17:20:00,1749430512848.0,0.0,1734664245816.4973,1731667966193.3096,1741093415521.261,1747995496864.0
8169,2001-11-13 17:30:00,1647991509096.0,0.0,1739747046640.3765,1738718001220.62,1744653255014.7666,1749430512848.0
8170,2001-11-13 17:40:00,1774717774808.0,0.0,1678638694269.3347,1676227530623.5413,1646554353384.6606,1647991509096.0
8171,2001-11-13 17:50:00,1590018496680.0,0.0,1751475426574.812,1757378988602.5322,1785037090304.6816,1774717774808.0
8172,2001-11-13 18:00:00,1536997152360.0,0.0,1640000854195.0308,1634123608108.1729,1585358650643.8872,1590018496680.0
8173,2001-11-13 18:10:00,1457367565824.0,0.0,1594496794771.7354,1600428871830.8037,1554778436373.522,1536997152360.0
8174,2001-11-13 18:20:00,1539149435936.0,0.0,1534871044337.735,1540880305406.1338,1484909687200.9365,1457367565824.0
8175,2001-11-13 18:30:00,1470758691424.0,0.0,1573050582724.8389,1583903662399.54,1572398103357.5,1539149435936.0
8176,2001-11-13 18:40:00,1641578726088.0,0.0,1531222034383.4863,1534937945894.531,1495805306852.3374,1470758691424.0
8177,2001-11-13 18:50:00,1589844207552.0,0.0,1632526723806.991,1643502635518.6572,1671833625713.926,1641578726088.0
8178,2001-11-13 19:00:00,1655155621512.0,0.0,1608913287195.9648,1607389605889.6157,1597693200378.347,1589844207552.0
8179,2001-11-13 19:10:00,1555576568424.0,0.0,1650825953899.594,1655366633848.0588,1668076265345.4026,1655155621512.0
8180,2001-11-13 19:20:00,1539378852464.0,0.0,1593039534981.4543,1591474372855.0857,1561855111491.851,1555576568424.0
8181,2001-11-13 19:30:00,1760476086400.0,0.0,1576657003562.3804,1581752084863.1426,1557697823236.9697,1539378852464.0
8182,2001-11-13 19:40:00,1751963659032.0,0.0,1712516137142.8154,1720491305634.5415,1777598616579.6426,1760476086400.0
8183,2001-11-13 19:50:00,1723518381008.0,0.0,1724946742441.15,1719504250022.2744,1743642438311.954,1751963659032.0
8184,2001-11-13 20:00:00,2037586745024.0,0.0,1713946686360.8276,1711174001598.184,1715702211302.4822,1723518381008.0
8185,2001-11-13 20:10:00,2098160853832.0,0.0,1915927673373.8462,1919719389903.039,2030735194790.5837,2037586745024.0
8186,2001-11-13 20:20:00,1791072361704.0,0.0,1984942386738.0845,1970959433854.269,2054832426744.8555,2098160853832.0
8187,2001-11-13 20:30:00,1636569415416.0,0.0,1812748216983.751,1795451751249.459,1748397325769.2173,1791072361704.0
8188,2001-11-13 20:40:00,1688213441616.0,0.0,1698872662135.5312,1699059742574.0332,1633456213654.3774,1636569415416.0
8189,2001-11-13 20:50:00,1652230940576.0,0.0,1713903268846.834,1721061999658.8691,1705304328415.7397,1688213441616.0
8190,2001-11-13 21:00:00,1623942225472.0,0.0,1689736809440.6765,1692190632710.3179,1668317782823.22,1652230940576.0
8191,2001-11-13 21:10:00,1874255868848.0,0.0,1663734172045.6714,1667860516147.9612,1641877653187.8801,1623942225472.0
8192,2001-11-13 21:20:00,1735862835896.0,0.0,1815580900281.823,1824130463781.932,1890780532343.9375,1874255868848.0
8193,2001-11-13 21:30:00,1731421922512.0,0.0,1745534636146.5032,1736408635525.9653,1722835900151.8213,1735862835896.0
8194,2001-11-13 21:40:00,1513067126216.0,0.0,1739240944136.6582,1741282973458.3333,1734009303591.961,1731421922512.0
8195,2001-11-13 21:50:00,1666454681720.0,0.0,1599608048893.1384,1597242778516.7637,1519869328052.735,1513067126216.0
8196,2001-11-13 22:00:00,1638969599144.0,0.0,1678169982461.8613,1691191744093.7063,1697360656174.879,1666454681720.0
8197,2001-11-13 22:10:00,1659775681904.0,0.0,1666718245984.5884,1667689800303.765,1654907876815.9062,1638969599144.0
8198,2001-11-13 22:20:00,1748228227720.0,0.0,1677494905163.4211,1681863493449.0596,1677121888909.5894,1659775681904.0
8199,2001-11-13 22:30:00,1849264357456.0,0.0,1732816520044.2832,1736362713255.8325,1760496255621.8943,1748228227720.0
8200,2001-11-13 22:40:00,1813036047584.0,0.0,1803617916255.592,1803240968581.3433,1848387325781.7202,1849264357456.0
8201,2001-11-13 22:50:00,1648502443728.0,0.0,1792935892789.1523,1787095882479.7231,1801853934593.9731,1813036047584.0
8202,2001-11-13 23:00:00,1565327083856.0,0.0,1688495134439.435,1683487250927.1675,1642265220836.3833,1648502443728.0
8203,2001-11-13 23:10:00,1527164674888.0,0.0,1619609941768.4114,1622404470552.6912,1576940578136.2817,1565327083856.0
8204,2001-11-13 23:20:00,1521404588664.0,0.0,1580839584243.1724,1586169033268.6592,1549555845621.291,1527164674888.0
8205,2001-11-13 23:30:00,1496788238768.0,0.0,1562892923862.6448,1568661204171.2998,1543792185721.2295,1521404588664.0
8206,2001-11-13 23:40:00,1436831151896.0,0.0,1538626723405.4893,1543026226402.3037,1516067826263.2554,1496788238768.0
8207,2001-11-13 23:50:00,1253927623472.0,0.0,1494444519743.054,1498985376019.3647,1458788986372.712,1436831151896.0
8208,2001-11-14 00:00:00,1207350372344.0,0.0,1368210227137.4014,1372831361293.1028,1283111744615.5781,1253927623472.0
8209,2001-11-14 00:10:00,1184873453280.0,0.0,1316557732681.3955,1330179142294.7402,1256833213495.4932,1207350372344.0
8210,2001-11-14 00:20:00,1230604130816.0,0.0,1286288493653.5137,1299563188667.0356,1238663409659.9663,1184873453280.0
8211,2001-11-14 00:30:00,1256611017928.0,0.0,1302783051809.65,1316626721669.813,1283442634926.3125,1230604130816.0
8212,2001-11-14 00:40:00,1190073577272.0,0.0,1314188492019.4243,1324316000064.7617,1299864448808.818,1256611017928.0
8213,2001-11-14 00:50:00,1144642135256.0,0.0,1269484638653.0835,1276704402802.764,1227670538771.156,1190073577272.0
8214,2001-11-14 01:00:00,1091966163488.0,0.0,1232093421564.5083,1242346933745.0042,1188869899594.1353,1144642135256.0
8215,2001-11-14 01:10:00,1071399277560.0,0.0,1188109018627.6938,1198852083265.745,1139738113041.4006,1091966163488.0
8216,2001-11-14 01:20:00,1055654093552.0,0.0,1163141095676.6812,1175563258567.1545,1123057837626.3438,1071399277560.0
8217,2001-11-14 01:30:00,1029057772592.0,0.0,1142765338081.242,1154562773805.0044,1105995556045.052,1055654093552.0
8218,2001-11-14 01:40:00,1057545537088.0,0.0,1118151939635.8774,1129681878376.287,1079966873756.1072,1029057772592.0
8219,2001-11-14 01:50:00,1085336119144.0,0.0,1126181543897.5532,1138507170657.1084,1106674045438.1714,1057545537088.0
8220,2001-11-14 02:00:00,938196673712.0,0.0,1140033029268.406,1150045345267.9956,1127844116098.2336,1085336119144.0
8221,2001-11-14 02:10:00,975786805672.0,0.0,1045298731439.6372,1051126496635.0481,976162530614.7498,938196673712.0
8222,2001-11-14 02:20:00,888216890312.0,0.0,1054855528948.077,1070019484870.4729,1029469854281.2087,975786805672.0
8223,2001-11-14 02:30:00,700480423128.0,0.0,993677278725.56,1002893341593.5621,935994971917.2288,888216890312.0
8224,2001-11-14 02:40:00,704694561168.0,0.0,863164617954.6508,874959981959.4032,759823318920.7401,700480423128.0
8225,2001-11-14 02:50:00,762073448840.0,0.0,840534258595.3931,861624311811.8925,782749429599.0781,704694561168.0
8226,2001-11-14 03:00:00,664463704640.0,0.0,863127208116.684,881766604011.632,836298038552.7141,762073448840.0
8227,2001-11-14 03:10:00,568925441368.0,0.0,795486568918.6373,808121489355.224,727950136465.4128,664463704640.0
8228,2001-11-14 03:20:00,572347328432.0,0.0,721032029572.9797,737599099888.2549,640783517896.3931,568925441368.0
8229,2001-11-14 03:30:00,708959366968.0,0.0,706892211180.233,727386423631.9509,654022879235.0049,572347328432.0
8230,2001-11-14 03:40:00,559742745272.0,0.0,782143441843.1093,802306015104.3273,784447580695.3938,708959366968.0
8231,2001-11-14 03:50:00,473157865536.0,0.0,690887255197.0636,699487587915.9873,616163828227.3569,559742745272.0
8232,2001-11-14 04:00:00,403431917688.0,0.0,623202610881.5757,640406718186.9314,547008767167.05945,473157865536.0
8233,2001-11-14 04:10:00,502311074544.0,0.0,561021783369.6582,579806519871.3385,485904161619.4906,403431917688.0
8234,2001-11-14 04:20:00,542279344984.0,0.0,603463064172.5984,625509746879.2289,584958935396.1273,502311074544.0
8235,2001-11-14 04:30:00,611217899472.0,0.0,625069873369.1414,639599762101.8754,607168699961.6902,542279344984.0
8236,2001-11-14 04:40:00,554047843648.0,0.0,668590952439.5259,681996931141.7543,667054385585.7179,611217899472.0
8237,2001-11-14 04:50:00,588917217328.0,0.0,635723698182.5924,643882685779.0073,599312195424.5918,554047843648.0
8238,2001-11-14 05:00:00,623205647848.0,0.0,652965038477.5592,665255643302.4492,637715536131.4803,588917217328.0
8239,2001-11-14 05:10:00,538179509032.0,0.0,675639239830.2302,685628079652.6486,668234248600.0813,623205647848.0
8240,2001-11-14 05:20:00,605245254288.0,0.0,621485259940.0774,627977709836.9701,576898803350.7916,538179509032.0
8241,2001-11-14 05:30:00,568060085288.0,0.0,655516335979.2183,668169928163.1555,651618261555.5638,605245254288.0
8242,2001-11-14 05:40:00,590209351688.0,0.0,631470511441.8116,637872818269.6694,603469533113.0149,568060085288.0
8243,2001-11-14 05:50:00,645681181104.0,0.0,642572061385.7424,652200173887.1503,629401968045.676,590209351688.0
8244,2001-11-14 06:00:00,615893984496.0,0.0,676472426259.3445,684701457274.308,679860174484.4078,645681181104.0
8245,2001-11-14 06:10:00,608108838232.0,0.0,660998210002.2406,665434301790.7059,642461253602.8138,615893984496.0
8246,2001-11-14 06:20:00,531482046840.0,0.0,654443677372.5276,660942710324.9205,637539709620.2477,608108838232.0
8247,2001-11-14 06:30:00,587935963056.0,0.0,603347593871.6726,608644214897.4144,562515282962.4448,531482046840.0
8248,2001-11-14 06:40:00,615052368896.0,0.0,628998615505.8955,639248572512.618,625506323109.2542,587935963056.0
8249,2001-11-14 06:50:00,657378348032.0,0.0,643997244944.3207,649716178398.9163,642589183346.6038,615052368896.0
8250,2001-11-14 07:00:00,640218901304.0,0.0,670907163925.0588,675781393569.708,678613709775.2528,657378348032.0
8251,2001-11-14 07:10:00,683061445696.0,0.0,662844060351.1525,664849676495.3936,655069229060.6587,640218901304.0
8252,2001-11-14 07:20:00,747997930112.0,0.0,689173182172.6926,693135476870.8325,698419230790.0067,683061445696.0
8253,2001-11-14 07:30:00,663382675824.0,0.0,733019598628.1729,734990534947.5804,756751682406.694,747997930112.0
8254,2001-11-14 07:40:00,597898833768.0,0.0,685323842718.1195,682603758036.853,664650916653.2168,663382675824.0
8255,2001-11-14 07:50:00,631512435840.0,0.0,637957725474.3499,639877197253.8462,608100887603.3983,597898833768.0
8256,2001-11-14 08:00:00,746055226608.0,0.0,651210252559.4882,656505570651.1069,648752363593.2557,631512435840.0
8257,2001-11-14 08:10:00,547042109864.0,0.0,722731449971.9722,726775003813.9208,757135234005.172,746055226608.0
8258,2001-11-14 08:20:00,565013371976.0,0.0,605503159812.2369,599993335120.9504,546592736450.7181,547042109864.0
8259,2001-11-14 08:30:00,826449813792.0,0.0,602811721664.1913,610666940997.305,587205624601.4264,565013371976.0
8260,2001-11-14 08:40:00,1005193870032.0,0.0,762835693067.0488,770803962901.0671,842463976283.6111,826449813792.0
8261,2001-11-14 08:50:00,853203425768.0,0.0,895867164969.5696,890825439220.3749,986721744912.227,1005193870032.0
8262,2001-11-14 09:00:00,1317789558736.0,0.0,824218501595.9789,809258471440.614,814711024783.906,853203425768.0
8263,2001-11-14 09:10:00,1258203837632.0,0.0,1119282177792.708,1122769802674.0256,1292834356719.9087,1317789558736.0
8264,2001-11-14 09:20:00,1436455114568.0,0.0,1125117351930.5122,1099030403874.8677,1182435329906.2417,1258203837632.0
8265,2001-11-14 09:30:00,1304597184424.0,0.0,1256095584271.4697,1242763175318.0278,1367672548254.6753,1436455114568.0
8266,2001-11-14 09:40:00,1186346373640.0,0.0,1200974303722.5957,1175582673214.4854,1222076257956.224,1304597184424.0
8267,2001-11-14 09:50:00,1130942860520.0,0.0,1131170241500.0308,1115735967739.6694,1125786397981.005,1186346373640.0
8268,2001-11-14 10:00:00,1122591288904.0,0.0,1090362190011.0574,1080549681711.2452,1088354809729.5483,1130942860520.0
8269,2001-11-14 10:10:00,1805962449568.0,0.0,1080289479264.6438,1073204989066.6741,1090180301735.929,1122591288904.0
8270,2001-11-14 10:20:00,1922476877648.0,0.0,1511866738607.5083,1514944839406.1548,1767144695982.7192,1805962449568.0
8271,2001-11-14 10:30:00,1938327033696.0,0.0,1646424345277.834,1610470452763.2983,1802135825809.275,1922476877648.0
8272,2001-11-14 10:40:00,1782706691152.0,0.0,1699597189776.187,1666133591390.266,1807163455067.4128,1938327033696.0
8273,2001-11-14 10:50:00,1867600265280.0,0.0,1629042467745.9868,1595747962278.5603,1660053153891.6514,1782706691152.0
8274,2001-11-14 11:00:00,1790267051320.0,0.0,1687890324714.5918,1667716969333.2476,1769495571359.772,1867600265280.0
8275,2001-11-14 11:10:00,1753135564056.0,0.0,1653944766150.4077,1627564519742.8079,1689555063327.729,1790267051320.0
8276,2001-11-14 11:20:00,1658306025416.0,0.0,1635340053897.793,1615509178627.7515,1667247631195.872,1753135564056.0
8277,2001-11-14 11:30:00,1677897406576.0,0.0,1578497900093.0542,1559928103133.5454,1584370649281.6665,1658306025416.0
8278,2001-11-14 11:40:00,1812152745360.0,0.0,1585312518520.1372,1573044439283.2224,1617337768761.109,1677897406576.0
8279,2001-11-14 11:50:00,1670500064960.0,0.0,1672110384189.2744,1660114711726.937,1750051122987.3298,1812152745360.0
8280,2001-11-14 12:00:00,1736982736552.0,0.0,1596822360215.2627,1575444922111.2046,1596137471345.5518,1670500064960.0
8281,2001-11-14 12:10:00,1663946970864.0,0.0,1636510283344.0527,1626892160109.4807,1681828696968.0664,1736982736552.0
8282,2001-11-14 12:20:00,1398088255376.0,0.0,1597015228022.3936,1581328489199.2935,1605292129147.059,1663946970864.0
8283,2001-11-14 12:30:00,1345429137728.0,0.0,1426579485122.7678,1412869802966.7002,1353968413196.1343,1398088255376.0
8284,2001-11-14 12:40:00,1176734159552.0,0.0,1369330611670.0261,1370057252717.085,1334400667719.273,1345429137728.0
8285,2001-11-14 12:50:00,1226180787304.0,0.0,1246862957359.8804,1245155073727.5405,1175020396625.9287,1176734159552.0
8286,2001-11-14 13:00:00,1315529472832.0,0.0,1254739698752.2363,1262842209902.0535,1242642050698.6987,1226180787304.0
8287,2001-11-14 13:10:00,1446139609240.0,0.0,1302542422352.066,1306051181813.9358,1322341827463.5322,1315529472832.0
8288,2001-11-14 13:20:00,1199875965928.0,0.0,1388214077593.5107,1388293197447.3633,1439057085624.9722,1446139609240.0
8289,2001-11-14 13:30:00,1295375664664.0,0.0,1243202789346.94,1232377549864.3677,1178688423598.0522,1199875965928.0
8290,2001-11-14 13:40:00,1151219505952.0,0.0,1287532162163.6135,1294265964931.6506,1301636695319.7534,1295375664664.0
8291,2001-11-14 13:50:00,1240507488712.0,0.0,1197024893355.7488,1193057672612.8457,1149031259605.7366,1151219505952.0
8292,2001-11-14 14:00:00,1224739793080.0,0.0,1240156582765.08,1247068139706.0947,1252730471220.8315,1240507488712.0
8293,2001-11-14 14:10:00,1222930206384.0,0.0,1231184366999.9731,1230464475101.0166,1226172650361.773,1224739793080.0
8294,2001-11-14 14:20:00,1633003541176.0,0.0,1228024557940.9922,1228977012464.8916,1224362576362.4517,1222930206384.0
8295,2001-11-14 14:30:00,1232145727208.0,0.0,1488114434069.3354,1494858188320.1626,1629777562970.0308,1633003541176.0
8296,2001-11-14 14:40:00,1286113726176.0,0.0,1269992092238.9275,1246466474295.6333,1186159546900.2212,1232145727208.0
8297,2001-11-14 14:50:00,1286798994152.0,0.0,1286840309575.5386,1293337441019.769,1287438493222.38,1286113726176.0
8298,2001-11-14 15:00:00,1224913457072.0,0.0,1285425338014.3809,1284311881247.1284,1284345962928.7827,1286798994152.0
8299,2001-11-14 15:10:00,1241747058256.0,0.0,1245718060308.6223,1244696989741.9368,1223538105107.2305,1224913457072.0
8300,2001-11-14 15:20:00,1220455014144.0,0.0,1250905340699.3357,1253756725203.1675,1248196549288.9976,1241747058256.0
8301,2001-11-14 15:30:00,1403408757968.0,0.0,1235461824899.8972,1236161897456.583,1224565985749.0713,1220455014144.0
8302,2001-11-14 15:40:00,1255472382992.0,0.0,1348928179196.7417,1353667844435.6055,1406982948310.3652,1403408757968.0
8303,2001-11-14 15:50:00,1373608056288.0,0.0,1270799766878.1123,1262189225090.0662,1239884575615.4204,1255472382992.0
8304,2001-11-14 16:00:00,1342519771736.0,0.0,1341183233559.3604,1345748744352.9097,1375575417175.1484,1373608056288.0
8305,2001-11-14 16:10:00,1341895505432.0,0.0,1329468036892.4683,1324834339044.2212,1330781654259.9622,1342519771736.0
8306,2001-11-14 16:20:00,1500767439648.0,0.0,1332420170706.4355,1331469439986.7837,1334672349622.1543,1341895505432.0
8307,2001-11-14 16:30:00,1468319855576.0,0.0,1437977701082.2192,1439578994132.564,1495390476970.3125,1500767439648.0
8308,2001-11-14 16:40:00,1535010012704.0,0.0,1434801151154.029,1427188190108.6536,1447685193652.9019,1468319855576.0
8309,2001-11-14 16:50:00,1507315039632.0,0.0,1482584164511.81,1479811253356.9888,1516667786230.4163,1535010012704.0
8310,2001-11-14 17:00:00,1439923544888.0,0.0,1478762690124.0283,1472396389851.3477,1487999430901.789,1507315039632.0
8311,2001-11-14 17:10:00,1595028444832.0,0.0,1439091226768.9941,1434573029493.6665,1425486583330.668,1439923544888.0
8312,2001-11-14 17:20:00,1435182490232.0,0.0,1535622913455.446,1537753424638.9995,1590045364937.175,1595028444832.0
8313,2001-11-14 17:30:00,1472270521760.0,0.0,1446250721981.7795,1436221194574.8882,1414207601960.4326,1435182490232.0
8314,2001-11-14 17:40:00,1345720232328.0,0.0,1462164120400.2837,1464307411670.8306,1469551782624.5586,1472270521760.0
8315,2001-11-14 17:50:00,1315228054200.0,0.0,1383219833503.0537,1379759376336.3032,1341534368431.0073,1345720232328.0
8316,2001-11-14 18:00:00,1259936853128.0,0.0,1354714502488.7173,1358851828544.2026,1325993760684.0112,1315228054200.0
8317,2001-11-14 18:10:00,1288673622944.0,0.0,1316828118327.9243,1321173997061.0005,1281174724096.043,1259936853128.0
8318,2001-11-14 18:20:00,1291160402736.0,0.0,1325306550670.1,1332728310890.0024,1315486458893.7747,1288673622944.0
8319,2001-11-14 18:30:00,1128680224664.0,0.0,1322634367299.4758,1327188753254.0774,1312927445251.6064,1291160402736.0
8320,2001-11-14 18:40:00,1381452920552.0,0.0,1214933639572.53,1216495365902.746,1148545046472.437,1128680224664.0
8321,2001-11-14 18:50:00,1597690868592.0,0.0,1358589320368.2336,1373190818057.9426,1416337405904.7473,1381452920552.0
8322,2001-11-14 19:00:00,1711142403264.0,0.0,1508241468503.6733,1508380184198.5637,1597961478067.1318,1597690868592.0
8323,2001-11-14 19:10:00,1627522940000.0,0.0,1604346181771.8562,1595947581728.8193,1682581030487.8374,1711142403264.0
8324,2001-11-14 19:20:00,1621608107256.0,0.0,1573099598044.915,1559303972008.901,1586390715718.0566,1627522940000.0
8325,2001-11-14 19:30:00,1474554656560.0,0.0,1574819245232.6226,1568011064938.9585,1592766887283.3086,1621608107256.0
8326,2001-11-14 19:40:00,1568262452248.0,0.0,1485984854087.2,1477421459222.8433,1452344734540.0298,1474554656560.0
8327,2001-11-14 19:50:00,1463408437296.0,0.0,1534187777645.6255,1536011823427.6255,1562296033311.5942,1568262452248.0
8328,2001-11-14 20:00:00,1358890556856.0,0.0,1471868998459.5742,1465051144406.63,1449447224723.5085,1463408437296.0
8329,2001-11-14 20:10:00,1313558520752.0,0.0,1396837126035.4905,1395873339222.9155,1357920142822.4038,1358890556856.0
8330,2001-11-14 20:20:00,1309519007216.0,0.0,1353105703202.0664,1355981698266.854,1323211093381.836,1313558520752.0
8331,2001-11-14 20:30:00,1338864038624.0,0.0,1339503080922.627,1343640673021.3076,1323755207774.0635,1309519007216.0
8332,2001-11-14 20:40:00,1258436289128.0,0.0,1350846648924.6992,1354502003421.044,1350425301689.4404,1338864038624.0
8333,2001-11-14 20:50:00,1438088407504.0,0.0,1299044682354.0986,1299357344876.5225,1266644133334.1016,1258436289128.0
8334,2001-11-14 21:00:00,1377162361160.0,0.0,1405195094023.8499,1412950794420.5479,1452969969317.6216,1438088407504.0
8335,2001-11-14 21:10:00,1383826475616.0,0.0,1378176550525.974,1373321298072.625,1372310002801.3948,1377162361160.0
8336,2001-11-14 21:20:00,1430819924800.0,0.0,1379904866141.3337,1380404032221.4863,1382664509892.538,1383826475616.0
8337,2001-11-14 21:30:00,1512980235360.0,0.0,1411027369785.0557,1411277770797.935,1429782953676.6594,1430819924800.0
8338,2001-11-14 21:40:00,1400702241816.0,0.0,1467046051164.6074,1465722989350.536,1504184702363.6025,1512980235360.0
8339,2001-11-14 21:50:00,1369895932408.0,0.0,1406462555921.288,1399407059266.675,1384955383140.787,1400702241816.0
8340,2001-11-14 22:00:00,1423515801304.0,0.0,1382232841697.4292,1382673329273.8423,1368255442383.0352,1369895932408.0
8341,2001-11-14 22:10:00,1506841446992.0,0.0,1412362418385.088,1414082747407.787,1425351706671.4282,1423515801304.0
8342,2001-11-14 22:20:00,1398983891768.0,0.0,1470293220823.3335,1470412975470.3022,1505544775717.6265,1506841446992.0
8343,2001-11-14 22:30:00,1388187326592.0,0.0,1407189833993.4106,1400751219231.3066,1385171764459.2122,1398983891768.0
8344,2001-11-14 22:40:00,1228771922296.0,0.0,1395684432609.7861,1396694076656.8877,1388081577356.9766,1388187326592.0
8345,2001-11-14 22:50:00,1149841599560.0,0.0,1291421417025.373,1289629566084.422,1232758140034.5747,1228771922296.0
8346,2001-11-14 23:00:00,1227691491136.0,0.0,1225081362150.1272,1231459714020.2104,1172768331304.0476,1149841599560.0
8347,2001-11-14 23:10:00,1264121229728.0,0.0,1259595110064.9287,1269685090483.4365,1258494285259.1428,1227691491136.0
8348,2001-11-14 23:20:00,1163044899248.0,0.0,1281168040881.4238,1285613497219.8555,1283236161989.6875,1264121229728.0
8349,2001-11-14 23:30:00,986815116944.0,0.0,1219079666313.9355,1220534705133.334,1178964593265.2666,1163044899248.0
8350,2001-11-14 23:40:00,1007685986664.0,0.0,1096490233879.852,1101160521351.0193,1013910871184.6438,986815116944.0
8351,2001-11-14 23:50:00,851157411784.0,0.0,1089335263912.3618,1103455656781.2817,1055191251944.8545,1007685986664.0
8352,2001-11-15 00:00:00,953350260232.0,0.0,979624328883.8428,987508724456.6345,895825096197.1003,851157411784.0
8353,2001-11-15 00:10:00,945741796536.0,0.0,1023509234147.6844,1041574516965.6956,1011718343980.1531,953350260232.0
8354,2001-11-15 00:20:00,993929957280.0,0.0,1016273464132.8052,1025485520938.9956,990646935401.7677,945741796536.0
8355,2001-11-15 00:30:00,863782060416.0,0.0,1041471510742.8052,1052094153010.7297,1035032625246.7686,993929957280.0
8356,2001-11-15 00:40:00,945015186952.0,0.0,958958758063.6241,963982432409.9739,898849228371.0887,863782060416.0
8357,2001-11-15 00:50:00,1033529271016.0,0.0,996724737307.032,1010739649539.4188,991763511799.5791,945015186952.0
8358,2001-11-15 01:00:00,987918923392.0,0.0,1051861991540.7626,1060035781483.7925,1066954602586.0658,1033529271016.0
8359,2001-11-15 01:10:00,1203417292416.0,0.0,1029533552977.8242,1032489230123.7131,1010742971509.6704,987918923392.0
8360,2001-11-15 01:20:00,1147952770888.0,0.0,1162759491510.169,1171962885857.31,1225797878720.4443,1203417292416.0
8361,2001-11-15 01:30:00,945134077360.0,0.0,1145342737996.717,1140296838154.3018,1145698398864.837,1147952770888.0
8362,2001-11-15 01:40:00,867733920408.0,0.0,1018846656837.8512,1016653816586.168,950363694933.2747,945134077360.0
8363,2001-11-15 01:50:00,602719945952.0,0.0,953585769943.5658,961856036008.7246,898385262189.0322,867733920408.0
8364,2001-11-15 02:00:00,748939055968.0,0.0,770234235068.949,776822346487.6917,645271999627.8445,602719945952.0
8365,2001-11-15 02:10:00,725639142464.0,0.0,831215006958.0629,854394284810.5969,819202070835.7194,748939055968.0
8366,2001-11-15 02:20:00,736006599152.0,0.0,811825622467.2666,821951290553.9669,776529625331.6437,725639142464.0
8367,2001-11-15 02:30:00,700196792192.0,0.0,810546603630.1431,822711059055.7538,783687722486.1477,736006599152.0
8368,2001-11-15 02:40:00,697150599248.0,0.0,785418441488.9932,795494578680.6292,746448481927.9498,700196792192.0
8369,2001-11-15 02:50:00,739837507808.0,0.0,777344534534.8748,789192209505.2614,746691692970.2422,697150599248.0
8370,2001-11-15 03:00:00,745461164168.0,0.0,798761836745.958,810422991189.6014,787581557851.6149,739837507808.0
8371,2001-11-15 03:10:00,869532617600.0,0.0,800183253706.8235,808518827987.6843,784584337517.6342,745461164168.0
8372,2001-11-15 03:20:00,759916403776.0,0.0,876818013048.4661,886594097748.8037,904137837730.3091,869532617600.0
8373,2001-11-15 03:30:00,590780330480.0,0.0,814996473385.4205,815145253455.4043,778128733781.1564,759916403776.0
8374,2001-11-15 03:40:00,655721083256.0,0.0,701471523358.557,707068166425.8359,623559300111.8457,590780330480.0
8375,2001-11-15 03:50:00,579650199464.0,0.0,722785879912.5249,737750006889.5619,705871149472.9484,655721083256.0
8376,2001-11-15 04:00:00,588689960880.0,0.0,669046979586.8472,676500819273.3674,620600054732.1681,579650199464.0
8377,2001-11-15 04:10:00,634601961520.0,0.0,663559686284.2638,675766102388.7031,635393506843.6353,588689960880.0
8378,2001-11-15 04:20:00,575490536968.0,0.0,686666238820.1437,697366365091.4308,677448050325.6337,634601961520.0
8379,2001-11-15 04:30:00,518037408576.0,0.0,648658043961.7524,655386960801.9664,611649926117.9004,575490536968.0
8380,2001-11-15 04:40:00,570093172072.0,0.0,604605601720.2583,613830424851.79,558782386020.1423,518037408576.0
8381,2001-11-15 04:50:00,549622375992.0,0.0,628933771947.6366,641416935462.6862,616880789917.5868,570093172072.0
8382,2001-11-15 05:00:00,548120956880.0,0.0,613543493102.4747,621318044484.6588,587791560771.0629,549622375992.0
8383,2001-11-15 05:10:00,524027921024.0,0.0,608189125579.4758,617205705566.4637,586353787652.9829,548120956880.0
8384,2001-11-15 05:20:00,512608085312.0,0.0,589426300511.0469,597408277907.5034,561146659124.1494,524027921024.0
8385,2001-11-15 05:30:00,514616636280.0,0.0,576959361236.2769,585864101160.5383,551565721673.623,512608085312.0
8386,2001-11-15 05:40:00,514663941536.0,0.0,572086971720.7963,580774030714.2858,551906295188.8285,514616636280.0
8387,2001-11-15 05:50:00,517020602104.0,0.0,568154341364.4326,576047229737.3135,549411244697.1904,514663941536.0
8388,2001-11-15 06:00:00,518563283656.0,0.0,566706525580.7396,574175737081.3066,550177712077.8976,517020602104.0
8389,2001-11-15 06:10:00,590172642592.0,0.0,565082041511.2393,572084285657.4666,550380620022.023,518563283656.0
8390,2001-11-15 06:20:00,565616279816.0,0.0,606902056419.7864,614266413937.5608,618101705224.6735,590172642592.0
8391,2001-11-15 06:30:00,529313600968.0,0.0,594886580618.1459,597285855953.469,583977967902.2588,565616279816.0
8392,2001-11-15 06:40:00,496832467424.0,0.0,569345724863.0269,573091693853.1035,548342524717.1571,529313600968.0
8393,2001-11-15 06:50:00,559873239104.0,0.0,543959249128.8498,548794031165.53296,519048294110.5078,496832467424.0
8394,2001-11-15 07:00:00,521261486064.0,0.0,578867515407.0867,586015639454.7809,584907134315.426,559873239104.0
8395,2001-11-15 07:10:00,626825896920.0,0.0,556167966167.5544,558333700538.3491,538581444044.36743,521261486064.0
8396,2001-11-15 07:20:00,596566405376.0,0.0,618652580525.9805,625036741907.0099,645274827805.0454,626825896920.0
8397,2001-11-15 07:30:00,527616263008.0,0.0,605431570464.646,604138133529.2545,600712772458.864,596566405376.0
8398,2001-11-15 07:40:00,537292040176.0,0.0,562153521100.929,562984647280.9788,535977670145.43665,527616263008.0
8399,2001-11-15 07:50:00,562018548320.0,0.0,561492609068.7166,565961363914.9104,552169053483.9248,537292040176.0
8400,2001-11-15 08:00:00,549682277384.0,0.0,575943716005.0294,579528671270.4381,576266662401.1298,562018548320.0
8401,2001-11-15 08:10:00,720502534272.0,0.0,568679664838.5765,570517292382.4271,560330857585.5974,549682277384.0
8402,2001-11-15 08:20:00,735731687752.0,0.0,676168264167.3138,681477910778.6654,730414427396.1958,720502534272.0
8403,2001-11-15 08:30:00,710887134496.0,0.0,699534644538.395,694467730486.1174,723849172682.1075,735731687752.0
8404,2001-11-15 08:40:00,775787503400.0,0.0,692958796353.84,688853443488.6031,698205829517.9663,710887134496.0
8405,2001-11-15 08:50:00,820244479680.0,0.0,737413291678.0845,736338492700.3987,767129641559.9099,775787503400.0
8406,2001-11-15 09:00:00,871380920888.0,0.0,773241981922.8652,768860096551.506,803780657389.6838,820244479680.0
8407,2001-11-15 09:10:00,844423322288.0,0.0,815233664252.1284,810257854390.441,851836930120.6919,871380920888.0
8408,2001-11-15 09:20:00,889867282056.0,0.0,806349284630.9335,798705266487.1357,819867080455.1036,844423322288.0
8409,2001-11-15 09:30:00,971701472904.0,0.0,836538072181.8853,831906389903.9105,867436701672.292,889867282056.0
8410,2001-11-15 09:40:00,1009751534656.0,0.0,894632361519.8606,888641289126.9838,944203001453.7385,971701472904.0
8411,2001-11-15 09:50:00,1117868809264.0,0.0,929170013464.4055,919494478488.7461,971223664912.1252,1009751534656.0
8412,2001-11-15 10:00:00,1046366547616.0,0.0,1009904136369.8357,1001287264621.2394,1076978703239.8342,1117868809264.0
8413,2001-11-15 10:10:00,1016321049040.0,0.0,981059583871.8875,966036390395.082,995935383472.6294,1046366547616.0
8414,2001-11-15 10:20:00,968171157040.0,0.0,965717477535.1726,956629518333.195,977423207502.6434,1016321049040.0
8415,2001-11-15 10:30:00,984691358320.0,0.0,936151893894.4325,927997663075.7972,936005016720.2092,968171157040.0
8416,2001-11-15 10:40:00,930432351496.0,0.0,944542188106.4492,939730208038.0558,959950128535.8528,984691358320.0
8417,2001-11-15 10:50:00,990315809168.0,0.0,911850295606.2451,905065673205.3167,906227540436.3655,930432351496.0
8418,2001-11-15 11:00:00,911030436744.0,0.0,946409125612.5441,944065275803.2214,972440844820.3472,990315809168.0
8419,2001-11-15 11:10:00,944298987824.0,0.0,900710421141.7327,893246869589.0029,889061955351.2885,911030436744.0
8420,2001-11-15 11:20:00,855974462848.0,0.0,915804410683.0851,914283109649.8722,930631906445.3616,944298987824.0
8421,2001-11-15 11:30:00,883043586456.0,0.0,859654863940.5254,853714861232.2412,838548899752.8811,855974462848.0
8422,2001-11-15 11:40:00,1168071363360.0,0.0,870154201447.3916,870488181319.7175,876543144445.4528,883043586456.0
8423,2001-11-15 11:50:00,1098074134976.0,0.0,1049958822588.4897,1051652862063.865,1154438602086.73,1168071363360.0
8424,2001-11-15 12:00:00,1062615588688.0,0.0,1030865159198.1387,1014885906188.3184,1052010506258.922,1098074134976.0
8425,2001-11-15 12:10:00,1075775827008.0,0.0,1015139207094.2985,1006552685203.1372,1026398580924.5085,1062615588688.0
8426,2001-11-15 12:20:00,1216550662808.0,0.0,1024906976036.6665,1018302198356.6608,1045625016776.853,1075775827008.0
8427,2001-11-15 12:30:00,1175428635376.0,0.0,1117707708114.3584,1112546822287.4092,1184573173401.3875,1216550662808.0
8428,2001-11-15 12:40:00,1050723058384.0,0.0,1107643254684.1145,1094161653622.4312,1129670752999.8916,1175428635376.0
8429,2001-11-15 12:50:00,1106094185008.0,0.0,1033492064080.204,1022800151812.0426,1012921213210.7922,1050723058384.0
8430,2001-11-15 13:00:00,1154728268472.0,0.0,1061837553009.7566,1059482302093.1597,1084671024437.0948,1106094185008.0
8431,2001-11-15 13:10:00,1247559183096.0,0.0,1095591497641.169,1089619681340.0093,1127837517479.1072,1154728268472.0
8432,2001-11-15 13:20:00,1226760195224.0,0.0,1161108513291.4656,1154516848226.7495,1214643683236.4778,1247559183096.0
8433,2001-11-15 13:30:00,1275454309600.0,0.0,1160508711094.1775,1148938510161.5786,1184605475380.5945,1226760195224.0
8434,2001-11-15 13:40:00,1327198881720.0,0.0,1197134886254.5168,1189139179487.8315,1236959909997.2954,1275454309600.0
8435,2001-11-15 13:50:00,1264881243824.0,0.0,1238997755045.7734,1229223897699.0688,1284771819249.882,1327198881720.0
8436,2001-11-15 14:00:00,1338526781576.0,0.0,1210151255696.9797,1197591114535.9673,1219332724622.957,1264881243824.0
8437,2001-11-15 14:10:00,1428042040040.0,0.0,1258786802961.1045,1252359113096.133,1302429870558.789,1338526781576.0
8438,2001-11-15 14:20:00,1215191553952.0,0.0,1324518441986.3672,1314855760447.818,1384480653983.5752,1428042040040.0
8439,2001-11-15 14:30:00,1258797738952.0,0.0,1203021007517.9756,1186373853177.184,1165559809722.5947,1215191553952.0
8440,2001-11-15 14:40:00,1371544700680.0,0.0,1220196271590.5303,1218493028382.295,1235605849556.4126,1258797738952.0
8441,2001-11-15 14:50:00,1257560941536.0,0.0,1293047035316.5654,1288507702558.5127,1344986935740.1938,1371544700680.0
8442,2001-11-15 15:00:00,1306857800808.0,0.0,1231677845673.2285,1219539815673.0945,1219732970838.1348,1257560941536.0
8443,2001-11-15 15:10:00,1679592761624.0,0.0,1259903541443.7412,1257002474095.7637,1284006402078.2764,1306857800808.0
8444,2001-11-15 15:20:00,1661212464616.0,0.0,1500389008952.2637,1498994960890.773,1647938772731.294,1679592761624.0
8445,2001-11-15 15:30:00,1826876600264.0,0.0,1524812656861.1318,1501898552484.1113,1586944670168.529,1661212464616.0
8446,2001-11-15 15:40:00,1686059664912.0,0.0,1648395303239.3657,1634219859396.855,1755245985925.4038,1826876600264.0
8447,2001-11-15 15:50:00,1807254500032.0,0.0,1586651287044.3757,1561620295437.5894,1602066846466.8457,1686059664912.0
8448,2001-11-15 16:00:00,1740391472440.0,0.0,1668271005360.9727,1656904212561.3354,1742854698328.3499,1807254500032.0
8449,2001-11-15 16:10:00,1618645043064.0,0.0,1643978135383.1501,1624245933717.6377,1669477072634.5674,1740391472440.0
8450,2001-11-15 16:20:00,1641508253728.0,0.0,1571734816982.1187,1556907411813.369,1561088361543.4165,1618645043064.0
8451,2001-11-15 16:30:00,1748394000592.0,0.0,1580679799219.4658,1573495029442.3408,1601569501532.9263,1641508253728.0
8452,2001-11-15 16:40:00,2410093616632.0,0.0,1650739845994.8354,1643135425072.9358,1707919575321.213,1748394000592.0
8453,2001-11-15 16:50:00,2281704439936.0,0.0,2083453578223.2642,2079937467025.3892,2351104832945.364,2410093616632.0
8454,2001-11-15 17:00:00,2163242760088.0,0.0,2069271375711.904,2026388201250.738,2149826042110.7175,2281704439936.0
8455,2001-11-15 17:10:00,2155406806032.0,0.0,2018287894634.9785,1990608661379.9294,2051866157852.773,2163242760088.0
8456,2001-11-15 17:20:00,2037524269272.0,0.0,2021180357967.5044,2000949829514.124,2066641946802.1387,2155406806032.0
8457,2001-11-15 17:30:00,1659052787016.0,0.0,1954680291490.2722,1933979943560.8884,1958493547296.4941,2037524269272.0
8458,2001-11-15 17:40:00,1543868937896.0,0.0,1711077171997.6675,1693010250603.0986,1603433831456.7842,1659052787016.0
8459,2001-11-15 17:50:00,1371135290912.0,0.0,1605239188730.5479,1607531934921.4268,1538387609076.32,1543868937896.0
8460,2001-11-15 18:00:00,1500269445016.0,0.0,1469108591106.5671,1471201355500.142,1381844014904.2068,1371135290912.0
8461,2001-11-15 18:10:00,1644679782592.0,0.0,1521526016309.8271,1533793354686.8818,1527459155821.5918,1500269445016.0
8462,2001-11-15 18:20:00,1509679144648.0,0.0,1608266061234.3613,1611690464455.8896,1651673479901.2769,1644679782592.0
8463,2001-11-15 18:30:00,1669154236448.0,0.0,1530977687996.1143,1524489369505.2485,1498473007500.937,1509679144648.0
8464,2001-11-15 18:40:00,1465783017072.0,0.0,1622922881824.7231,1627875025067.1162,1669664190872.556,1669154236448.0
8465,2001-11-15 18:50:00,1364180099328.0,0.0,1503868836068.3818,1494693237509.4634,1450649272293.6182,1465783017072.0
8466,2001-11-15 19:00:00,1387349571504.0,0.0,1424878236385.4734,1428129138627.3018,1372740946926.9915,1364180099328.0
8467,2001-11-15 19:10:00,1351132025240.0,0.0,1424156599877.3235,1431292841433.899,1408137916181.7063,1387349571504.0
8468,2001-11-15 19:20:00,1396114672472.0,0.0,1394325956169.0083,1398008505281.9006,1367622371174.011,1351132025240.0
8469,2001-11-15 19:30:00,1474133876024.0,0.0,1415976463622.7744,1422132671358.708,1414487497981.3335,1396114672472.0
8470,2001-11-15 19:40:00,1629717598808.0,0.0,1466729560493.192,1470793974938.8813,1487465679914.169,1474133876024.0
8471,2001-11-15 19:50:00,1733014548768.0,0.0,1570465114083.1963,1572239877741.0457,1629894602501.8325,1629717598808.0
8472,2001-11-15 20:00:00,1744351712072.0,0.0,1652253091145.3433,1647020480260.928,1712807350824.9373,1733014548768.0
8473,2001-11-15 20:10:00,1755175983936.0,0.0,1677465402367.375,1668303730386.6855,1712491236430.7822,1744351712072.0
8474,2001-11-15 20:20:00,1841834803744.0,0.0,1696322688523.5684,1688638671777.2158,1725124086345.4146,1755175983936.0
8475,2001-11-15 20:30:00,1749015870736.0,0.0,1759144164016.3926,1752985986328.997,1811739298327.761,1841834803744.0
8476,2001-11-15 20:40:00,1627584329768.0,0.0,1713158203605.8276,1701212470673.2776,1711304226389.1667,1749015870736.0
8477,2001-11-15 20:50:00,1591802693848.0,0.0,1636880895866.8508,1630546164369.398,1605241353001.062,1627584329768.0
8478,2001-11-15 21:00:00,1801831504944.0,0.0,1605720987074.414,1605630884274.0574,1586971566275.2236,1591802693848.0
8479,2001-11-15 21:10:00,1952705012112.0,0.0,1733252664728.1025,1737405454820.8726,1800749516268.6204,1801831504944.0
8480,2001-11-15 21:20:00,1822099095800.0,0.0,1844902052241.756,1838306531634.4614,1925181466274.283,1952705012112.0
8481,2001-11-15 21:30:00,1854073152328.0,0.0,1783974057563.8184,1769169703760.976,1779393006439.4785,1822099095800.0
8482,2001-11-15 21:40:00,1960540605128.0,0.0,1804995530376.7935,1800877855779.6704,1828902338228.2166,1854073152328.0
8483,2001-11-15 21:50:00,1890784297640.0,0.0,1877523214122.266,1872161946744.6526,1932548045724.8267,1960540605128.0
8484,2001-11-15 22:00:00,1849450659096.0,0.0,1847360003335.718,1835711892865.6047,1853736893454.8396,1890784297640.0
8485,2001-11-15 22:10:00,1846050851600.0,0.0,1823269815201.6316,1817163171630.827,1824110569240.4958,1849450659096.0
8486,2001-11-15 22:20:00,1681326886752.0,0.0,1818677711129.3352,1814456439867.7363,1825989814362.0632,1846050851600.0
8487,2001-11-15 22:30:00,1576365662064.0,0.0,1715226726902.8628,1708839869475.1187,1665827616930.7024,1681326886752.0
8488,2001-11-15 22:40:00,1688797750320.0,0.0,1635718881197.8374,1638049674427.1611,1583760906338.1714,1576365662064.0
8489,2001-11-15 22:50:00,1601571063144.0,0.0,1691048679740.1416,1699236406917.9158,1706555718759.9106,1688797750320.0
8490,2001-11-15 23:00:00,1629953797752.0,0.0,1638682119979.2227,1637351385646.5522,1606637556633.1963,1601571063144.0
8491,2001-11-15 23:10:00,1363742249744.0,0.0,1651552642724.5225,1657295266280.914,1646922507616.2734,1629953797752.0
8492,2001-11-15 23:20:00,1301086514072.0,0.0,1480135545982.1636,1478727067130.8467,1379406047637.8032,1363742249744.0
8493,2001-11-15 23:30:00,1041325271408.0,0.0,1415210957181.4473,1429052585660.286,1348874620580.9482,1301086514072.0
8494,2001-11-15 23:40:00,1034352918280.0,0.0,1229404314176.7637,1239081220651.678,1096416074178.1707,1041325271408.0
8495,2001-11-15 23:50:00,858693420648.0,0.0,1190096441043.6963,1213637815010.0027,1117436567345.0305,1034352918280.0
8496,2001-11-16 00:00:00,632143661544.0,0.0,1056549215572.4114,1073350078916.1492,939836653445.5225,858693420648.0
8497,2001-11-16 00:10:00,939836052184.0,0.0,881566137677.4775,903758234404.165,729710922891.075,632143661544.0
8498,2001-11-16 00:20:00,965371259968.0,0.0,1038512289403.6274,1074934176765.8364,1054461430436.9651,939836052184.0
8499,2001-11-16 00:30:00,1447744835856.0,0.0,1059909834740.612,1073678566298.2417,1037315982211.0997,965371259968.0
8500,2001-11-16 00:40:00,1115795923560.0,0.0,1369347726178.2676,1391412554260.936,1509696993908.6182,1447744835856.0
8501,2001-11-16 00:50:00,1134891144936.0,0.0,1195786908629.5586,1183021907548.4727,1119815602276.3782,1115795923560.0
8502,2001-11-16 01:00:00,915609975904.0,0.0,1193846840000.2646,1206420325862.3323,1173667589067.1255,1134891144936.0
8503,2001-11-16 01:10:00,1021898367984.0,0.0,1049491835381.3481,1053590481392.9229,955219981230.1785,915609975904.0
8504,2001-11-16 01:20:00,1076602014992.0,0.0,1092153773629.7778,1110993828354.7974,1083239407146.6289,1021898367984.0
8505,2001-11-16 01:30:00,1175383864464.0,0.0,1120691215299.528,1130144807852.0393,1119370390470.5679,1076602014992.0
8506,2001-11-16 01:40:00,1134277282976.0,0.0,1184009810702.0203,1192236446403.301,1206766466973.4302,1175383864464.0
8507,2001-11-16 01:50:00,1301990860760.0,0.0,1165403667370.04,1166999461101.0574,1151198907271.859,1134277282976.0
8508,2001-11-16 02:00:00,1006618504528.0,0.0,1273050611025.5195,1280718132307.162,1321887902450.1975,1301990860760.0
8509,2001-11-16 02:10:00,1046467554848.0,0.0,1100971194682.043,1094063685199.9291,1011879713195.1289,1006618504528.0
8510,2001-11-16 02:20:00,922379822952.0,0.0,1105705735780.3574,1118820327332.1567,1084023490121.8458,1046467554848.0
8511,2001-11-16 02:30:00,728550040832.0,0.0,1021786675560.0925,1027330807800.1616,958717591922.0801,922379822952.0
8512,2001-11-16 02:40:00,741843536800.0,0.0,881503969820.8232,891570757989.8142,778136795926.0902,728550040832.0
8513,2001-11-16 02:50:00,762244497888.0,0.0,863117527814.1093,882607581004.6382,811122812180.9291,741843536800.0
8514,2001-11-16 03:00:00,788095721672.0,0.0,862734809609.1218,878668720860.5505,827145127964.9017,762244497888.0
8515,2001-11-16 03:10:00,815022174280.0,0.0,871476153157.89,885647008059.2578,846016333647.5808,788095721672.0
8516,2001-11-16 03:20:00,677064920080.0,0.0,885336180880.4983,897666276337.5945,866530408166.5905,815022174280.0
8517,2001-11-16 03:30:00,635714545304.0,0.0,796953810016.3491,805297217633.6162,724863753980.774,677064920080.0
8518,2001-11-16 03:40:00,589402277128.0,0.0,756863330435.935,772700028911.1333,699018025138.4225,635714545304.0
8519,2001-11-16 03:50:00,669081510224.0,0.0,715083627806.7937,730500262339.2795,656544155081.9855,589402277128.0
8520,2001-11-16 04:00:00,748943768112.0,0.0,752607197322.6035,770632565802.3671,737277752411.1967,669081510224.0
8521,2001-11-16 04:10:00,757533800072.0,0.0,801498475340.149,814355001506.9617,803223167007.6111,748943768112.0
8522,2001-11-16 04:20:00,676767601392.0,0.0,810998367924.184,819448067489.4889,799816202854.8654,757533800072.0
8523,2001-11-16 04:30:00,661780487072.0,0.0,759514393950.2203,766530597042.7242,715887801009.1969,676767601392.0
8524,2001-11-16 04:40:00,597760796184.0,0.0,741219485537.6249,752490867924.6532,707938160220.5271,661780487072.0
8525,2001-11-16 04:50:00,569685006016.0,0.0,694415040055.0938,704262366442.4396,644491332916.542,597760796184.0
8526,2001-11-16 05:00:00,556791008560.0,0.0,667808669754.157,680602309493.016,623912388281.7881,569685006016.0
8527,2001-11-16 05:10:00,540446735688.0,0.0,650736135988.1339,663791149565.3193,613403386891.4939,556791008560.0
8528,2001-11-16 05:20:00,481819915712.0,0.0,631114062411.2905,643411095679.3813,594457570683.4713,540446735688.0
8529,2001-11-16 05:30:00,478496902440.0,0.0,586348873894.6697,597777729378.4872,535557594927.49615,481819915712.0
8530,2001-11-16 05:40:00,469609231856.0,0.0,573279523136.5988,587283736287.102,537030950014.9744,478496902440.0
8531,2001-11-16 05:50:00,474897861848.0,0.0,558477538542.0182,570897381995.502,524768598117.88684,469609231856.0
8532,2001-11-16 06:00:00,532474811504.0,0.0,553880990957.4069,565914816891.4653,527223335334.62695,474897861848.0
8533,2001-11-16 06:10:00,481645338880.0,0.0,584502309564.6401,596135807554.965,580386254250.6792,532474811504.0
8534,2001-11-16 06:20:00,479457486552.0,0.0,551061312973.7632,557669008455.129,519090775410.23267,481645338880.0
8535,2001-11-16 06:30:00,513345615056.0,0.0,542730831536.4235,552223883573.117,519301606778.71924,479457486552.0
8536,2001-11-16 06:40:00,481605053840.0,0.0,560070546773.4188,569216304419.3457,552129683049.4463,513345615056.0
8537,2001-11-16 06:50:00,471636954968.0,0.0,537902865056.9043,543827154585.55115,513659145360.77905,481605053840.0
8538,2001-11-16 07:00:00,528935461952.0,0.0,526188670553.81866,533833677232.89124,505916700274.55054,471636954968.0
8539,2001-11-16 07:10:00,548289442520.0,0.0,555674471497.8115,563526529466.723,559490962178.2788,528935461952.0
8540,2001-11-16 07:20:00,500214489472.0,0.0,568896775732.0619,573121162862.5588,569983297919.9385,548289442520.0
8541,2001-11-16 07:30:00,512304507528.0,0.0,538079540588.5287,540462075294.92993,516542106996.53284,500214489472.0
8542,2001-11-16 07:40:00,480421241664.0,0.0,541718062609.4133,547261634281.9926,533665966772.4758,512304507528.0
8543,2001-11-16 07:50:00,679366312144.0,0.0,519156260442.2107,522780128946.4629,499038099211.66394,480421241664.0
8544,2001-11-16 08:00:00,630914789376.0,0.0,641107946044.7068,649238785140.803,696400092409.7277,679366312144.0
8545,2001-11-16 08:10:00,648360581272.0,0.0,628898746389.2274,624460255397.0892,627811177669.6632,630914789376.0
8546,2001-11-16 08:20:00,819703309736.0,0.0,643596122297.9701,644504331191.8005,649988139676.5592,648360581272.0
8547,2001-11-16 08:30:00,984844683552.0,0.0,758714686088.0815,761358176349.2869,822591775681.9952,819703309736.0
8548,2001-11-16 08:40:00,950040732040.0,0.0,877992944079.5133,872782910565.0269,962739465210.3596,984844683552.0
8549,2001-11-16 08:50:00,1140842187800.0,0.0,879695963448.7687,866646947808.0972,910361412859.393,950040732040.0
8550,2001-11-16 09:00:00,1048948159904.0,0.0,1009870424810.4352,1004046583380.2773,1103066305877.8604,1140842187800.0
8551,2001-11-16 09:10:00,1078652245168.0,0.0,977161551560.0088,959316376933.1187,994348104133.9641,1048948159904.0
8552,2001-11-16 09:20:00,1094387010160.0,0.0,1002464370788.9778,993875713953.828,1037837426377.2592,1078652245168.0
8553,2001-11-16 09:30:00,1160539396280.0,0.0,1021158839493.773,1010963939578.0045,1054406187630.7932,1094387010160.0
8554,2001-11-16 09:40:00,1184682581448.0,0.0,1069969544295.3798,1060807560237.043,1119800047557.458,1160539396280.0
8555,2001-11-16 09:50:00,1219334886544.0,0.0,1096985068421.4785,1085303922831.1509,1139992801338.1028,1184682581448.0
8556,2001-11-16 10:00:00,1188601982296.0,0.0,1125769252920.283,1114118946517.6174,1170745294619.798,1219334886544.0
8557,2001-11-16 10:10:00,1408624530744.0,0.0,1115799746630.6438,1102661201446.8547,1139428475262.482,1188601982296.0
8558,2001-11-16 10:20:00,1288143604392.0,0.0,1258248773344.436,1251196721807.8857,1361950172934.746,1408624530744.0
8559,2001-11-16 10:30:00,1253517040024.0,0.0,1204113140573.3215,1182273101861.9512,1218198402816.3442,1288143604392.0
8560,2001-11-16 10:40:00,1254365297600.0,0.0,1185219458486.763,1173550990843.005,1200976849283.7634,1253517040024.0
8561,2001-11-16 10:50:00,1365547789280.0,0.0,1186947755729.6746,1176753440002.1963,1209711819076.4253,1254365297600.0
8562,2001-11-16 11:00:00,1153540718632.0,0.0,1260119505164.527,1251850697394.8677,1322100191116.1792,1365547789280.0
8563,2001-11-16 11:10:00,1154370739992.0,0.0,1137863969554.5825,1120388495199.7578,1102013555525.7754,1153540718632.0
8564,2001-11-16 11:20:00,1255692703872.0,0.0,1125744633096.923,1122549997259.4282,1128219209915.5657,1154370739992.0
8565,2001-11-16 11:30:00,1386857178664.0,0.0,1185963822805.061,1182028930940.804,1229992903680.3584,1255692703872.0
8566,2001-11-16 11:40:00,1150283399352.0,0.0,1276935144520.1672,1269065134321.7708,1347829022733.4639,1386857178664.0
8567,2001-11-16 11:50:00,1205436164832.0,0.0,1143450656700.3323,1125697043017.614,1100279343318.4321,1150283399352.0
8568,2001-11-16 12:00:00,1208258992088.0,0.0,1166689353234.9148,1165875496067.5815,1184646543423.256,1205436164832.0
8569,2001-11-16 12:10:00,1262764079720.0,0.0,1168629535862.2998,1162132803589.1152,1183021951260.0344,1208258992088.0
8570,2001-11-16 12:20:00,1278803043384.0,0.0,1203220113065.9639,1198113294607.7039,1236081035683.4502,1262764079720.0
8571,2001-11-16 12:30:00,1283895685936.0,0.0,1218938478817.3574,1210857750290.884,1246122708221.6812,1278803043384.0
8572,2001-11-16 12:40:00,1201955084520.0,0.0,1226591274002.3499,1218440104156.04,1249589308250.914,1283895685936.0
8573,2001-11-16 12:50:00,1248685425584.0,0.0,1178201870656.9229,1169020322484.431,1169176038158.107,1201955084520.0
8574,2001-11-16 13:00:00,1562059240856.0,0.0,1203399974275.7637,1200201981617.0044,1226237712851.311,1248685425584.0
8575,2001-11-16 13:10:00,1603389807456.0,0.0,1405452282507.126,1403362914787.2046,1531471122034.0693,1562059240856.0
8576,2001-11-16 13:20:00,1590102672184.0,0.0,1461802672151.5508,1442420858016.6882,1536116696539.6243,1603389807456.0
8577,2001-11-16 13:30:00,1678884964072.0,0.0,1473519923662.3765,1455837344059.1958,1520156122328.6292,1590102672184.0
8578,2001-11-16 13:40:00,1589012153128.0,0.0,1541721338197.1235,1527676450140.7783,1613534771310.8364,1678884964072.0
8579,2001-11-16 13:50:00,1524837051904.0,0.0,1501696959769.033,1482168640626.48,1518759830960.3638,1589012153128.0
8580,2001-11-16 14:00:00,1948088465816.0,0.0,1464399787281.085,1451578376888.4534,1470438972870.1006,1524837051904.0
8581,2001-11-16 14:10:00,2119176299352.0,0.0,1731725115876.062,1728746877964.865,1899405249685.1611,1948088465816.0
8582,2001-11-16 14:20:00,1858802358368.0,0.0,1880332857299.0786,1854704016188.1213,2021970948906.7954,2119176299352.0
8583,2001-11-16 14:30:00,1730347091952.0,0.0,1752419716808.6272,1718944620965.634,1748516477272.3347,1858802358368.0
8584,2001-11-16 14:40:00,1745599955728.0,0.0,1669976371884.0964,1653693690680.761,1658014873937.8594,1730347091952.0
8585,2001-11-16 14:50:00,1707997524304.0,0.0,1672694807684.9146,1662884790416.9272,1694438734285.3105,1745599955728.0
8586,2001-11-16 15:00:00,1494543536752.0,0.0,1650056654551.687,1638426919813.1377,1659847295410.312,1707997524304.0
8587,2001-11-16 15:10:00,1465394713968.0,0.0,1513232865828.7168,1501437834093.4038,1455954693209.7964,1494543536752.0
8588,2001-11-16 15:20:00,1612070284792.0,0.0,1476130161640.3784,1476455011515.8188,1453613305815.7842,1465394713968.0
8589,2001-11-16 15:30:00,1360161982288.0,0.0,1559018272012.266,1560883997140.7383,1603240393586.7754,1612070284792.0
8590,2001-11-16 15:40:00,1451172906000.0,0.0,1406994054818.3247,1395857247521.9722,1336559615196.3225,1360161982288.0
8591,2001-11-16 15:50:00,1364868296760.0,0.0,1447450029237.483,1454529921072.4858,1457547318484.311,1451172906000.0
8592,2001-11-16 16:00:00,1440982789912.0,0.0,1391670002389.0469,1388868340511.891,1361612860770.6348,1364868296760.0
8593,2001-11-16 16:10:00,1392348320640.0,0.0,1431863464295.5288,1436290425114.195,1445924335966.4468,1440982789912.0
8594,2001-11-16 16:20:00,1441166368384.0,0.0,1404789653482.015,1402761706077.4634,1389984999824.024,1392348320640.0
8595,2001-11-16 16:30:00,1375338880560.0,0.0,1433103876853.2837,1435704285446.6086,1444619602503.2249,1441166368384.0
8596,2001-11-16 16:40:00,1317247497456.0,0.0,1393406838921.7725,1391229446550.0112,1373053232756.566,1375338880560.0
8597,2001-11-16 16:50:00,1304920114296.0,0.0,1352575486049.6533,1354283930699.8457,1324791018965.3462,1317247497456.0
8598,2001-11-16 17:00:00,1224771030640.0,0.0,1336091671576.3774,1340014196949.4678,1318242142073.9463,1304920114296.0
8599,2001-11-16 17:10:00,1254722349928.0,0.0,1279990723910.7666,1282649751753.3381,1240097345646.097,1224771030640.0
8600,2001-11-16 17:20:00,1091147753968.0,0.0,1288589488421.7627,1295991694002.0225,1278011144494.1597,1254722349928.0
8601,2001-11-16 17:30:00,1143280980864.0,0.0,1181720540997.0425,1183656710601.6108,1112285354645.724,1091147753968.0
8602,2001-11-16 17:40:00,928809078520.0,0.0,1197398255803.2988,1209773764160.4897,1181351841326.2349,1143280980864.0
8603,2001-11-16 17:50:00,930484533968.0,0.0,1056166481115.2257,1059836700321.818,962095911065.0267,928809078520.0
8604,2001-11-16 18:00:00,945074839568.0,0.0,1033458223466.436,1049785066074.9303,985657215144.1016,930484533968.0
8605,2001-11-16 18:10:00,1117532832120.0,0.0,1030726564526.843,1044028541751.9208,999448766726.6304,945074839568.0
8606,2001-11-16 18:20:00,1013438770008.0,0.0,1131253945098.1968,1145141747600.275,1163166535818.3286,1117532832120.0
8607,2001-11-16 18:30:00,891478189192.0,0.0,1074125469237.7872,1075389678844.6897,1036644472284.4419,1013438770008.0
8608,2001-11-16 18:40:00,870646967056.0,0.0,990101960922.6067,997214085908.5181,925877444488.6296,891478189192.0
8609,2001-11-16 18:50:00,870475206064.0,0.0,962312481438.5718,974977102326.4473,919662309128.4551,870646967056.0
8610,2001-11-16 19:00:00,931754213032.0,0.0,950094921553.3438,961862236120.9607,918085689245.1475,870475206064.0
8611,2001-11-16 19:10:00,1091146095784.0,0.0,982364242591.1061,994114654707.0021,976029753264.3738,931754213032.0
8612,2001-11-16 19:20:00,1039419177104.0,0.0,1084826431805.0438,1094611787261.4696,1124625541780.3867,1091146095784.0
8613,2001-11-16 19:30:00,1027774809640.0,0.0,1065481112658.6023,1065492894197.0269,1054309055957.5312,1039419177104.0
8614,2001-11-16 19:40:00,1056559247448.0,0.0,1057304710173.5417,1061608709738.7443,1045558573905.8564,1027774809640.0
8615,2001-11-16 19:50:00,813766065608.0,0.0,1075807129917.3306,1080765301900.0315,1076156629632.5837,1056559247448.0
8616,2001-11-16 20:00:00,815371233368.0,0.0,924002731514.718,923661096711.8944,832912653363.7904,813766065608.0
8617,2001-11-16 20:10:00,915855288112.0,0.0,904534800283.6273,919046422322.0176,863039897925.1962,815371233368.0
8618,2001-11-16 20:20:00,922965769832.0,0.0,957924765071.4088,970630335718.2017,961531026049.8291,915855288112.0
8619,2001-11-16 20:30:00,1090601361648.0,0.0,964698451611.8162,971092591133.444,954667478823.8835,922965769832.0
8620,2001-11-16 20:40:00,1051713598864.0,0.0,1071309441053.8595,1080294400828.6821,1116667822193.007,1090601361648.0
8621,2001-11-16 20:50:00,1109519944272.0,0.0,1062167677983.0984,1060397944851.388,1057925268197.9609,1051713598864.0
8622,2001-11-16 21:00:00,843902057080.0,0.0,1104508374152.19,1108343168160.9072,1121967830194.008,1109519944272.0
8623,2001-11-16 21:10:00,838859343136.0,0.0,942828466948.5171,939037628320.8489,853700306206.6793,843902057080.0
8624,2001-11-16 21:20:00,920917647416.0,0.0,919057170053.6547,931842766122.0353,879618233395.7767,838859343136.0
8625,2001-11-16 21:30:00,778442756152.0,0.0,961054197444.7916,972128014642.1179,961902686580.43,920917647416.0
8626,2001-11-16 21:40:00,769821609256.0,0.0,870471432124.6565,874035062668.0293,808640971883.3044,778442756152.0
8627,2001-11-16 21:50:00,902670798200.0,0.0,851052669049.6427,863096794682.4288,813583822322.5968,769821609256.0
8628,2001-11-16 22:00:00,966553692288.0,0.0,929411273452.147,942052660362.6672,947617270097.8499,902670798200.0
8629,2001-11-16 22:10:00,822572922664.0,0.0,975513195647.4512,980639514521.7078,993966247807.27,966553692288.0
8630,2001-11-16 22:20:00,813854473176.0,0.0,887818315082.283,887623321612.7551,839335665005.8357,822572922664.0
8631,2001-11-16 22:30:00,886578060304.0,0.0,870450125396.616,878955137530.1075,845095711248.1248,813854473176.0
8632,2001-11-16 22:40:00,758080273880.0,0.0,909882915559.1544,918020876196.6797,917238107718.3992,886578060304.0
8633,2001-11-16 22:50:00,796254909664.0,0.0,829465383699.9802,830930408752.6997,779885992697.4147,758080273880.0
8634,2001-11-16 23:00:00,848917252688.0,0.0,840292370598.0732,850133768709.5093,828965856060.5791,796254909664.0
8635,2001-11-16 23:10:00,905546186200.0,0.0,870529065366.5126,876810074020.1914,874911510580.1501,848917252688.0
8636,2001-11-16 23:20:00,747080672632.0,0.0,909026555870.1183,913360076788.137,924426784856.904,905546186200.0
8637,2001-11-16 23:30:00,709294278984.0,0.0,811392483824.1228,809875398928.8667,757445681541.5325,747080672632.0
8638,2001-11-16 23:40:00,789254228624.0,0.0,775595333987.6418,783648501953.4214,738828216823.6094,709294278984.0
8639,2001-11-16 23:50:00,550491605080.0,0.0,815822757045.0178,825019075578.8961,820623320289.7644,789254228624.0
8640,2001-11-17 00:00:00,549873015792.0,0.0,665490185193.7349,665694822235.1163,574408121553.7817,550491605080.0
8641,2001-11-17 00:10:00,618822402976.0,0.0,642073693477.8242,656777765824.3434,599091750395.8545,549873015792.0
8642,2001-11-17 00:20:00,497619675144.0,0.0,673521350264.4281,685819283948.738,665857644371.8911,618822402976.0
8643,2001-11-17 00:30:00,368591881992.0,0.0,593391305221.7981,598939995438.785,534172132587.49133,497619675144.0
8644,2001-11-17 00:40:00,393985101144.0,0.0,496496961696.7263,507209367744.8503,417300407677.8119,368591881992.0
8645,2001-11-17 00:50:00,406665522952.0,0.0,491853439167.04626,508410010132.2714,454845910876.83887,393985101144.0
8646,2001-11-17 01:00:00,320251095352.0,0.0,489033653169.1382,501691545699.18896,460271236516.2742,406665522952.0
8647,2001-11-17 01:10:00,404765318464.0,0.0,427353733890.79065,437358793563.9635,369998443172.3162,320251095351.99994
8648,2001-11-17 01:20:00,334114014424.0,0.0,466296614068.4939,481609255315.58136,458631803069.49365,404765318464.0
8649,2001-11-17 01:30:00,320957840896.0,0.0,420407221052.70966,427964012686.7223,376790297082.4577,334114014424.0
8650,2001-11-17 01:40:00,375763016992.0,0.0,401459759507.30145,413065922969.7241,367096202562.1276,320957840896.0
8651,2001-11-17 01:50:00,318941720432.0,0.0,429368873996.9018,441097947698.7859,420642649840.4092,375763016992.0
8652,2001-11-17 02:00:00,356013019296.0,0.0,393255417963.8287,400121419804.08386,355701793442.4261,318941720432.0
8653,2001-11-17 02:10:00,306804630664.0,0.0,410832945152.7994,421948667957.6403,398382527066.05347,356013019296.0
8654,2001-11-17 02:20:00,295171326464.0,0.0,377017484322.55206,383910580721.1238,342742210471.2758,306804630664.0
8655,2001-11-17 02:30:00,318116012456.0,0.0,362239197556.0244,371782237699.1066,334021067411.66846,295171326464.0
8656,2001-11-17 02:40:00,343664102304.0,0.0,371504214673.6725,381047133152.3424,356350389045.7623,318116012456.0
8657,2001-11-17 02:50:00,334668432000.0,0.0,386163054132.09515,394180814516.04565,377123264716.5199,343664102304.0
8658,2001-11-17 03:00:00,369907505760.0,0.0,381257100930.70654,387486866439.5633,363973013391.444,334668432000.0
8659,2001-11-17 03:10:00,469033416000.0,0.0,402768785840.9645,410216236714.6269,399879687956.4305,369907505760.0
8660,2001-11-17 03:20:00,403872682280.0,0.0,466462668897.4232,472779669409.66614,491898967644.3305,469033416000.0
8661,2001-11-17 03:30:00,409286530800.0,0.0,433539272751.5963,433134397780.26526,414728040424.8558,403872682280.0
8662,2001-11-17 03:40:00,523264004464.0,0.0,434744463443.6484,439523197484.1654,427607017606.0134,409286530800.0
8663,2001-11-17 03:50:00,330257856368.0,0.0,505023968823.52356,510080586409.50037,537355986093.69324,523264004464.0
8664,2001-11-17 04:00:00,372362922832.0,0.0,392622939225.0905,388168365788.1486,333168978914.64923,330257856368.0
8665,2001-11-17 04:10:00,326303571264.0,0.0,407584761666.7115,416779656998.8462,398073739376.4192,372362922832.0
8666,2001-11-17 04:20:00,336612004816.0,0.0,376118064712.17395,379679416885.38226,347610322880.0915,326303571264.0
8667,2001-11-17 04:30:00,256045566536.0,0.0,377356517340.5505,384347980289.7599,363404090221.4883,336612004816.0
8668,2001-11-17 04:40:00,260597658072.0,0.0,322393723281.8337,326446762171.80176,280833371405.961,256045566535.99994
8669,2001-11-17 04:50:00,299077893736.0,0.0,315190030083.27405,324014875216.762,293958623012.95044,260597658072.0
8670,2001-11-17 05:00:00,299464728920.0,0.0,332056243465.89703,339404642301.6474,327434703926.9441,299077893736.0
8671,2001-11-17 05:10:00,276865870512.0,0.0,331914852547.97156,336550491108.536,321449094301.1497,299464728920.0
8672,2001-11-17 05:20:00,287413930784.0,0.0,316629271016.8074,321109360714.5516,298459134084.2984,276865870512.0
8673,2001-11-17 05:30:00,286757122768.0,0.0,318793684953.6131,324314817338.77905,309071314351.4029,287413930784.0
8674,2001-11-17 05:40:00,283493755080.0,0.0,317093884303.4957,321426057737.9304,306004556917.869,286757122768.0
8675,2001-11-17 05:50:00,275916724056.0,0.0,314357700158.2194,318676590694.9917,302910155515.4639,283493755080.00006
8676,2001-11-17 06:00:00,288792486080.0,0.0,307705512536.19403,311941210534.55365,295427072928.56696,275916724056.0
8677,2001-11-17 06:10:00,306479723200.0,0.0,312305590801.658,316704493068.8463,306634914103.6586,288792486080.00006
8678,2001-11-17 06:20:00,293679094032.0,0.0,322825208164.32605,326334802293.51324,321498393050.09845,306479723200.0
8679,2001-11-17 06:30:00,272181711416.0,0.0,315554222594.0057,317900360501.29865,306655074888.2951,293679094032.00006
8680,2001-11-17 06:40:00,313536037144.0,0.0,299467916825.49506,302103308617.254,284885620948.48096,272181711416.0
8681,2001-11-17 06:50:00,291518587872.0,0.0,322967718395.6843,327218214290.9661,327908082040.9444,313536037144.0
8682,2001-11-17 07:00:00,270105779056.0,0.0,310826183635.4949,311860597496.32135,300947774846.3641,291518587872.0
8683,2001-11-17 07:10:00,330656169984.0,0.0,295285880343.7352,297717448262.1296,282112268476.8258,270105779055.99994
8684,2001-11-17 07:20:00,304712957928.0,0.0,329037072344.899,332973729076.0457,342293420133.9868,330656169984.0
8685,2001-11-17 07:30:00,320463015928.0,0.0,315542748349.6976,314960000304.28485,308461369966.5143,304712957928.0
8686,2001-11-17 07:40:00,294095472104.0,0.0,324468351681.8996,326416446917.1817,327314058325.18744,320463015928.0
8687,2001-11-17 07:50:00,317495736976.0,0.0,306481096195.4266,306372585056.69366,296915574242.24744,294095472103.99994
8688,2001-11-17 08:00:00,280887487728.0,0.0,319174969957.2717,321101861923.2228,322761744047.42236,317495736976.0
8689,2001-11-17 08:10:00,267093281200.0,0.0,296954036467.17816,296658835482.5395,284381241174.24097,280887487728.00006
8690,2001-11-17 08:20:00,292507673976.0,0.0,283874604010.46136,285650678197.73206,273644858765.1991,267093281200.00006
8691,2001-11-17 08:30:00,322890555640.0,0.0,296272216962.65454,298542981722.12775,298954377323.1092,292507673976.0
8692,2001-11-17 08:40:00,294423344584.0,0.0,316478314145.7374,317454748078.95374,325869626587.77356,322890555639.99994
8693,2001-11-17 08:50:00,316945291520.0,0.0,301159083387.6375,300168430367.9659,294026763244.47455,294423344584.0
8694,2001-11-17 09:00:00,306851002648.0,0.0,313656207962.3891,314870733001.98376,318603006198.2985,316945291520.0
8695,2001-11-17 09:10:00,298785298936.0,0.0,309282602898.0291,308826271069.9939,306984155807.1581,306851002648.0
8696,2001-11-17 09:20:00,329315716288.0,0.0,303386360313.9752,303625247559.75305,299493086154.3547,298785298936.0
8697,2001-11-17 09:30:00,292419794144.0,0.0,322028438423.5805,323035327148.8225,330511649755.68335,329315716288.0
8698,2001-11-17 09:40:00,318538116248.0,0.0,301302960780.9594,299968417427.786,291087316607.0665,292419794144.00006
8699,2001-11-17 09:50:00,294367786720.0,0.0,315322980978.9554,316845280455.92175,320600052799.0064,318538116248.0
8700,2001-11-17 10:00:00,305103494128.0,0.0,301581578930.75616,300828039170.95483,294219548775.88416,294367786720.0
8701,2001-11-17 10:10:00,293127658416.0,0.0,306513857246.9004,307635789583.4391,307136229714.953,305103494128.0
8702,2001-11-17 10:20:00,315870066336.0,0.0,299205863524.1063,299195448780.573,294016934263.0974,293127658416.0
8703,2001-11-17 10:30:00,314210597504.0,0.0,312936481696.9575,314134708644.3985,318013363041.7769,315870066336.0
8704,2001-11-17 10:40:00,277627899824.0,0.0,313641730124.357,313335820265.8642,313937632230.96405,314210597504.0
8705,2001-11-17 10:50:00,297443780160.0,0.0,290952800238.56055,290473176744.08887,277802593810.0377,277627899824.0
8706,2001-11-17 11:00:00,398704094776.0,0.0,300894592295.1847,302862561268.08,301900033177.917,297443780159.99994
8707,2001-11-17 11:10:00,395513196368.0,0.0,366042191743.9128,367993830800.6641,400459513235.2461,398704094776.0
8708,2001-11-17 11:20:00,466669618728.0,0.0,372436196892.95087,368407068953.6394,384526255213.7615,395513196368.0
8709,2001-11-17 11:30:00,567282588624.0,0.0,421873908687.2361,420265495769.2007,455160124390.7672,466669618728.0
8710,2001-11-17 11:40:00,434926477920.0,0.0,495286508961.94763,491283292274.8705,548231153848.07355,567282588624.0
8711,2001-11-17 11:50:00,478501934048.0,0.0,423806138782.8612,412785026185.83875,404832703173.9287,434926477920.0
8712,2001-11-17 12:00:00,557553752840.0,0.0,447923217706.4095,447157104148.7418,465331539205.49756,478501934048.0
8713,2001-11-17 12:10:00,681247546960.0,0.0,501184642465.7492,497762271242.62024,539707853221.1809,557553752840.0
8714,2001-11-17 12:20:00,608875581528.0,0.0,589245930363.2522,583855528619.9753,653729872246.0424,681247546960.0
8715,2001-11-17 12:30:00,676360293320.0,0.0,559404415235.3779,546732745679.2878,568319411310.4459,608875581528.0
8716,2001-11-17 12:40:00,742988336024.0,0.0,605567176378.712,600248085385.5604,645427366178.5166,676360293320.0
8717,2001-11-17 12:50:00,713403862112.0,0.0,657688562002.2711,649158537825.3358,706268876759.9121,742988336024.0
8718,2001-11-17 13:00:00,692225600304.0,0.0,650945393543.4272,639487171961.4083,671295575548.6836,713403862112.0
8719,2001-11-17 13:10:00,641202639248.0,0.0,642289739684.9943,633644943799.5222,655936083906.6661,692225600304.0
8720,2001-11-17 13:20:00,770546335424.0,0.0,612298324280.9248,604482024110.6829,610611519905.8074,641202639248.0
8721,2001-11-17 13:30:00,613700373976.0,0.0,692512552488.0688,689921395965.0765,746280824500.1619,770546335424.0
8722,2001-11-17 13:40:00,740396319368.0,0.0,604609238113.9309,591767761754.7611,577768394558.7184,613700373976.0
8723,2001-11-17 13:50:00,730275365240.0,0.0,677662528157.6072,677914089021.497,722336758171.1487,740396319368.0
8724,2001-11-17 14:00:00,754454620392.0,0.0,680371138570.1139,671343093977.6016,699328734937.5359,730275365240.0
8725,2001-11-17 14:10:00,761879564368.0,0.0,699927643756.9347,693751241082.7454,725355149776.0369,754454620392.0
8726,2001-11-17 14:20:00,680375855800.0,0.0,709827032776.0828,702456632362.3718,731274985590.3485,761879564368.0
8727,2001-11-17 14:30:00,805535747872.0,0.0,662277306873.1201,653957234809.9934,651141301679.9285,680375855800.0
8728,2001-11-17 14:40:00,1069872023832.0,0.0,738007282428.2429,736895465181.033,786172590317.7994,805535747872.0
8729,2001-11-17 14:50:00,789364060448.0,0.0,916091964613.9447,910711756933.054,1033742554806.0891,1069872023832.0
8730,2001-11-17 15:00:00,695567316824.0,0.0,767347954679.9167,743916026485.0265,726631624721.6914,789364060448.0
8731,2001-11-17 15:10:00,809554142528.0,0.0,698999443306.3523,694781291541.3236,669594546092.7961,695567316824.0
8732,2001-11-17 15:20:00,734173239648.0,0.0,760727355532.1863,761067316442.0765,796140535544.9017,809554142528.0
8733,2001-11-17 15:30:00,724670604128.0,0.0,718772867989.8578,710559398470.801,709540589400.2426,734173239648.0
8734,2001-11-17 15:40:00,765265349168.0,0.0,708833375462.7876,706277464065.6238,708926010829.32,724670604128.0
8735,2001-11-17 15:50:00,784153146192.0,0.0,732722062803.9805,730520350775.7368,751205405756.4208,765265349168.0
8736,2001-11-17 16:00:00,1089614744960.0,0.0,747411571204.5,743041660454.3959,765152562362.5671,784153146192.0
8737,2001-11-17 16:10:00,1072101202440.0,0.0,945042895170.7837,944557204223.9197,1064904355735.9592,1089614744960.0
8738,2001-11-17 16:20:00,1047867694744.0,0.0,964092496795.2859,945624197777.8163,1013081418516.1562,1072101202440.0
8739,2001-11-17 16:30:00,1116224008864.0,0.0,963203990694.6877,949740662769.382,993243291463.9688,1047867694744.0
8740,2001-11-17 16:40:00,1053857930616.0,0.0,1014009084526.5605,1003632733985.2249,1067014749465.5793,1116224008864.0
8741,2001-11-17 16:50:00,1139385735936.0,0.0,986893992990.6031,972341809318.6633,1001076567616.6592,1053857930616.0
8742,2001-11-17 17:00:00,1109075192360.0,0.0,1043795162194.0962,1035859092810.0493,1095710559125.3005,1139385735936.0
8743,2001-11-17 17:10:00,1216786033136.0,0.0,1035718112960.6827,1022200849898.3623,1058678576448.7882,1109075192360.0
8744,2001-11-17 17:20:00,1057805797896.0,0.0,1108949741595.5312,1100622088909.7932,1171382682764.8171,1216786033136.0
8745,2001-11-17 17:30:00,1060464350512.0,0.0,1021648125284.7498,1004791859749.727,1004176326901.5061,1057805797896.0
8746,2001-11-17 17:40:00,1307908894976.0,0.0,1017923651520.7083,1012649708957.5461,1028161583401.3325,1060464350512.0
8747,2001-11-17 17:50:00,1429746570832.0,0.0,1174562658821.3047,1171376776375.8257,1274683553587.2197,1307908894976.0
8748,2001-11-17 18:00:00,1514447363352.0,0.0,1275358846573.8657,1259762597806.5835,1367793220684.6519,1429746570832.0
8749,2001-11-17 18:10:00,1315113850504.0,0.0,1353022817119.7869,1334892824462.2534,1439096073180.7917,1514447363352.0
8750,2001-11-17 18:20:00,1338106203816.0,0.0,1248737513876.752,1225135941429.9763,1236512380816.3547,1315113850504.0
8751,2001-11-17 18:30:00,1289409750632.0,0.0,1259752404066.3833,1250761113146.5781,1287266681112.4326,1338106203816.0
8752,2001-11-17 18:40:00,1188518923664.0,0.0,1232359156575.876,1220014781176.5388,1240665235103.3975,1289409750632.0
8753,2001-11-17 18:50:00,1232227454528.0,0.0,1168095346458.067,1158275472237.0356,1149537325509.6333,1188518923664.0
8754,2001-11-17 19:00:00,1233786927664.0,0.0,1189060712850.9065,1185895533664.6562,1207709979506.6077,1232227454528.0
8755,2001-11-17 19:10:00,1193355953552.0,0.0,1191478024653.0005,1184822477961.3452,1205520622598.296,1233786927664.0
8756,2001-11-17 19:20:00,1178414171208.0,0.0,1167768724013.6348,1161156627050.8918,1166703380866.0571,1193355953552.0
8757,2001-11-17 19:30:00,1097589825312.0,0.0,1156548825649.792,1152459871923.4883,1158660352209.581,1178414171208.0
8758,2001-11-17 19:40:00,1208193102680.0,0.0,1102539560301.2524,1097680429234.7955,1080184179073.5312,1097589825312.0
8759,2001-11-17 19:50:00,1205023946424.0,0.0,1165790287250.6138,1167367823755.4912,1199807625473.5552,1208193102680.0
8760,2001-11-17 20:00:00,1171633279864.0,0.0,1171039046384.1138,1165068016497.9653,1184701666085.1956,1205023946424.0
8761,2001-11-17 20:10:00,1168999786120.0,0.0,1153487002477.6987,1148764853435.187,1153284200770.7458,1171633279864.0
8762,2001-11-17 20:20:00,1274622707192.0,0.0,1150266197882.201,1147428442604.9568,1154544997167.5566,1168999786120.0
8763,2001-11-17 20:30:00,1109389051360.0,0.0,1217767016353.4,1216500151637.779,1260446855202.9272,1274622707192.0
8764,2001-11-17 20:40:00,1004607461624.0,0.0,1122866570658.4841,1113067366628.738,1086016835125.5157,1109389051360.0
8765,2001-11-17 20:50:00,1030282367296.0,0.0,1046235316401.6635,1046126257261.9092,1002110461717.5864,1004607461624.0
8766,2001-11-17 21:00:00,950737391736.0,0.0,1048869539402.0786,1053512186056.4906,1040447048205.7358,1030282367296.0
8767,2001-11-17 21:10:00,916245251888.0,0.0,993532541902.9692,994005842346.5876,957840404864.2657,950737391736.0
8768,2001-11-17 21:20:00,947932717672.0,0.0,962195890329.3567,967080176459.0256,933255601964.3538,916245251888.0
8769,2001-11-17 21:30:00,884498647576.0,0.0,972487288946.3394,978257561816.5076,965903118282.4668,947932717672.0
8770,2001-11-17 21:40:00,1007007198216.0,0.0,930695007315.8055,933020180514.0428,899333801965.4288,884498647576.0
8771,2001-11-17 21:50:00,995179680976.0,0.0,1000497394928.421,1008318839731.3289,1026127059895.0156,1007007198216.0
8772,2001-11-17 22:00:00,836567529696.0,0.0,999502473195.228,998748907014.2079,999256446937.4463,995179680976.0
8773,2001-11-17 22:10:00,953803040192.0,0.0,899989517532.3138,898946457348.9363,843089671081.62,836567529696.0
8774,2001-11-17 22:20:00,946133013736.0,0.0,960450111805.804,970202697626.0173,976373597904.0194,953803040192.0
8775,2001-11-17 22:30:00,987053116064.0,0.0,960312335362.6558,960988327677.0989,955601813676.3215,946133013736.0
8776,2001-11-17 22:40:00,1018693430576.0,0.0,987707725870.3937,991020556422.344,998292390238.491,987053116064.0
8777,2001-11-17 22:50:00,888899555248.0,0.0,1008843090994.3584,1009516841354.3179,1021732914131.3723,1018693430576.0
8778,2001-11-17 23:00:00,687832703024.0,0.0,930439460439.6537,927713871831.4995,888832038258.9231,888899555248.0
8779,2001-11-17 23:10:00,686897281984.0,0.0,794282836293.5205,797002429481.8273,706892289538.3531,687832703024.0
8780,2001-11-17 23:20:00,645867801568.0,0.0,770723429552.1034,783765434545.6686,728913930385.9443,686897281984.0
8781,2001-11-17 23:30:00,741134414208.0,0.0,732962608579.7777,742702072911.7007,687251418043.5305,645867801568.0
8782,2001-11-17 23:40:00,785805151872.0,0.0,782801546131.0013,795787002192.7039,783980729551.5178,741134414208.0
8783,2001-11-17 23:50:00,640042166784.0,0.0,813115454864.6714,819719418005.8197,814395613156.4363,785805151872.0
8784,2001-11-18 00:00:00,696241994864.0,0.0,725583821109.0228,728367009246.8381,665776494588.649,640042166784.0
8785,2001-11-18 00:10:00,969055317856.0,0.0,748129756840.2764,760516703986.6838,736642441079.6431,696241994864.0
8786,2001-11-18 00:20:00,965374338232.0,0.0,919276363153.3069,930166614366.5504,998017479755.9603,969055317856.0
8787,2001-11-18 00:30:00,765483814648.0,0.0,939603830810.0181,934643882944.7225,961429804145.0746,965374338232.0
8788,2001-11-18 00:40:00,770795050600.0,0.0,822174711353.792,817537624958.6204,763051724026.4994,765483814648.0
8789,2001-11-18 00:50:00,842689122696.0,0.0,813919629685.9954,821655804561.8314,793672983480.7166,770795050600.0
8790,2001-11-18 01:00:00,796425526560.0,0.0,854439913049.79,860694974418.7549,864360955468.0022,842689122696.0
8791,2001-11-18 01:10:00,697096712912.0,0.0,829056427840.6768,830516049310.0094,810614976310.4144,796425526560.0
8792,2001-11-18 01:20:00,783046986016.0,0.0,761825300650.4135,765026475486.9904,715648421669.3182,697096712912.0
8793,2001-11-18 01:30:00,708917274592.0,0.0,806338829004.0991,815976550987.1553,811592304136.8495,783046986016.0
8794,2001-11-18 01:40:00,672572196128.0,0.0,763011397669.8832,765320335105.5538,729586903109.889,708917274592.0
8795,2001-11-18 01:50:00,557096118608.0,0.0,733471898300.373,740394609772.6494,701662220424.1217,672572196128.0
8796,2001-11-18 02:00:00,688651552752.0,0.0,652334359317.2446,658555679068.1503,591462399158.5554,557096118608.0
8797,2001-11-18 02:10:00,663465573536.0,0.0,718709876549.7372,732569874145.4724,731119016412.3594,688651552752.0
8798,2001-11-18 02:20:00,716335706232.0,0.0,705462239073.4906,709144678401.4353,689055512436.676,663465573536.0
8799,2001-11-18 02:30:00,630739441088.0,0.0,735810677033.1249,742753961947.3883,741422891257.7314,716335706232.0
8800,2001-11-18 02:40:00,679697481152.0,0.0,683197789450.7513,684838527082.3809,648417592249.1047,630739441088.0
8801,2001-11-18 02:50:00,653579808256.0,0.0,707291117003.9722,715234822903.9048,706025155162.9783,679697481152.0
8802,2001-11-18 03:00:00,850555158504.0,0.0,690722521856.3798,694076701280.6997,673662035980.7123,653579808256.0
8803,2001-11-18 03:10:00,651931424648.0,0.0,812297525772.9221,820371613704.7742,869584007304.0297,850555158504.0
8804,2001-11-18 03:20:00,625792298744.0,0.0,701389629573.6487,694266723306.5173,649499454772.0275,651931424648.0
8805,2001-11-18 03:30:00,682644922088.0,0.0,673583219210.9088,680102586875.6205,645418316177.3131,625792298744.0
8806,2001-11-18 03:40:00,643369244024.0,0.0,703109614654.0399,709727352154.5825,705969324902.1511,682644922088.0
8807,2001-11-18 03:50:00,672867762752.0,0.0,678589841421.8582,680795591586.594,659365582445.8948,643369244024.0
8808,2001-11-18 04:00:00,563363112312.0,0.0,692791033297.8285,698017050620.7831,691426657865.5867,672867762752.0
8809,2001-11-18 04:10:00,549284626104.0,0.0,623015126182.7557,624036141666.3524,578727372785.8306,563363112312.0
8810,2001-11-18 04:20:00,436113469928.0,0.0,603617383837.9001,611228495895.9395,577582221366.6589,549284626104.0
8811,2001-11-18 04:30:00,594023363880.0,0.0,522766621630.79065,527682630376.10205,464843140353.27637,436113469928.0
8812,2001-11-18 04:40:00,601723902416.0,0.0,607300099145.7893,620511433395.1033,631243454695.4984,594023363880.0
8813,2001-11-18 04:50:00,594499040440.0,0.0,617786464390.5454,619806283623.0153,618842923331.1515,601723902416.0
8814,2001-11-18 05:00:00,611622046720.0,0.0,614409447171.8792,617202901238.2968,607990247628.452,594499040440.0
8815,2001-11-18 05:10:00,664232858720.0,0.0,624814271237.2142,628019282783.8944,624638117466.461,611622046720.0
8816,2001-11-18 05:20:00,703646756984.0,0.0,659490406944.468,662394688136.3433,674459160456.2864,664232858720.0
8817,2001-11-18 05:30:00,706382470584.0,0.0,689108812700.6016,689454676612.304,706064275986.4321,703646756984.0
8818,2001-11-18 05:40:00,624269031800.0,0.0,697418186523.3652,696217416854.082,705102384976.2529,706382470584.0
8819,2001-11-18 05:50:00,648635036664.0,0.0,648013744789.4485,646053843669.9495,623891353986.3058,624269031800.0
8820,2001-11-18 06:00:00,542005146728.0,0.0,656930955542.6633,660148181270.0448,656366851457.6458,648635036664.0
8821,2001-11-18 06:10:00,512670815568.0,0.0,589685914559.7203,589131082809.3638,549528675276.60645,542005146728.0
8822,2001-11-18 06:20:00,492669757824.0,0.0,560705892047.6927,566237986777.3428,532327912105.9029,512670815568.0
8823,2001-11-18 06:30:00,507754878920.0,0.0,539936283195.27295,545366527218.40857,515593380451.8358,492669757824.0
8824,2001-11-18 06:40:00,545445355728.0,0.0,542371613058.693,548520218765.2792,531687823889.2824,507754878920.0
8825,2001-11-18 06:50:00,448182558816.0,0.0,561747736500.5834,566699879086.1613,564476285200.9468,545445355728.0
8826,2001-11-18 07:00:00,521089575712.0,0.0,499351280237.2767,500158509943.19214,460750372450.38617,448182558816.0
8827,2001-11-18 07:10:00,523077340960.0,0.0,536838644874.6825,544736069839.9469,543223272650.0641,521089575712.0
8828,2001-11-18 07:20:00,537725382408.0,0.0,539714001682.44885,541823307774.30347,535499722370.65204,523077340960.0
8829,2001-11-18 07:30:00,591972923912.0,0.0,549977321338.0562,552945199911.0452,549469040412.39233,537725382408.0
8830,2001-11-18 07:40:00,584835400104.0,0.0,585571656424.5199,588395837646.0232,601311186248.2848,591972923912.0
8831,2001-11-18 07:50:00,525515060920.0,0.0,585253126424.3398,584699511265.9165,586132829263.9656,584835400104.0
8832,2001-11-18 08:00:00,523367745968.0,0.0,550159674526.0237,549805501822.8842,528528634208.3998,525515060920.0
8833,2001-11-18 08:10:00,472742823904.0,0.0,546104559749.3115,549517919513.1863,535924321740.2223,523367745968.0
8834,2001-11-18 08:20:00,534636902040.0,0.0,510683102511.825,512764745004.33813,485997223321.45966,472742823904.0
8835,2001-11-18 08:30:00,521576872960.0,0.0,542089223692.2948,547640095443.8966,550433466561.1671,534636902040.0
8836,2001-11-18 08:40:00,517899531856.0,0.0,535884960654.42773,536688687731.3187,529563724032.00134,521576872960.0
8837,2001-11-18 08:50:00,514879648168.0,0.0,533019903965.00464,535178434175.81757,527240592609.3078,517899531856.0
8838,2001-11-18 09:00:00,548441395480.0,0.0,529408208011.4696,531385975055.14905,523848435472.01715,514879648168.0
8839,2001-11-18 09:10:00,522144951480.0,0.0,548913130961.45636,551256228211.4875,555872238829.6776,548441395480.0
8840,2001-11-18 09:20:00,531144954200.0,0.0,534855430349.36115,534804465554.7423,526439857322.74866,522144951480.0
8841,2001-11-18 09:30:00,566424458464.0,0.0,538302715410.2542,540172417021.49603,537373422438.4617,531144954200.0
8842,2001-11-18 09:40:00,594163474296.0,0.0,560369185169.7063,561879584676.3386,570862557824.4901,566424458464.0
8843,2001-11-18 09:50:00,624900097104.0,0.0,580482940786.957,580203276301.326,592786502792.7334,594163474296.0
8844,2001-11-18 10:00:00,617258139568.0,0.0,605055479795.967,604205362781.6212,621176994938.5369,624900097104.0
8845,2001-11-18 10:10:00,628835941392.0,0.0,604906701402.9249,602463767204.1444,609998833311.5006,617258139568.0
8846,2001-11-18 10:20:00,658739158504.0,0.0,614586839523.6989,613411000743.8502,623394359724.1951,628835941392.0
8847,2001-11-18 10:30:00,524830816616.0,0.0,635518934139.4834,634048489881.6238,651356572848.6172,658739158504.0
8848,2001-11-18 10:40:00,600784995360.0,0.0,555132889882.4185,550345798290.1929,516651293258.4016,524830816616.0
8849,2001-11-18 10:50:00,577492493608.0,0.0,593757827846.3718,598422229884.9021,607337749540.0093,600784995360.0
8850,2001-11-18 11:00:00,529401049312.0,0.0,582367867592.7596,580902769288.3479,577781017375.8279,577492493608.0
8851,2001-11-18 11:10:00,578675190744.0,0.0,548792814498.29785,548600655387.5844,530576666453.8808,529401049312.0
8852,2001-11-18 11:20:00,572266007032.0,0.0,575003980077.292,577936696052.6633,584507835707.4045,578675190744.0
8853,2001-11-18 11:30:00,592947670376.0,0.0,573091657628.1938,572453713334.9476,572740258144.2391,572266007032.0
8854,2001-11-18 11:40:00,566127535560.0,0.0,585827584589.6406,586272030689.1057,593021776344.6122,592947670376.0
8855,2001-11-18 11:50:00,540089385912.0,0.0,570568974700.5266,569313914726.7186,564403367120.0743,566127535560.0
8856,2001-11-18 12:00:00,753719849400.0,0.0,551607100747.8599,551686525202.4983,540797389328.4866,540089385912.0
8857,2001-11-18 12:10:00,759368360136.0,0.0,684335773657.2097,688846990890.8447,754987717939.2872,753719849400.0
8858,2001-11-18 12:20:00,834843113408.0,0.0,705311246109.293,696704311922.8881,734497383714.9557,759368360136.0
8859,2001-11-18 12:30:00,839743837792.0,0.0,764084024486.5886,759217151440.825,810237379556.7849,834843113408.0
8860,2001-11-18 12:40:00,682020518648.0,0.0,779952718365.593,771157621664.8302,808125537071.1581,839743837792.0
8861,2001-11-18 12:50:00,564907645992.0,0.0,687742776793.1344,677912977180.5337,653622511720.7253,682020518648.0
8862,2001-11-18 13:00:00,628382562928.0,0.0,604769349656.5376,603257268752.588,558596493667.7443,564907645992.0
8863,2001-11-18 13:10:00,978902726256.0,0.0,631712510870.9652,636623266640.408,636837412625.3857,628382562928.0
8864,2001-11-18 13:20:00,1105807402528.0,0.0,853510605693.0438,858349508594.5778,975778078103.7122,978902726256.0
8865,2001-11-18 13:30:00,1094079360904.0,0.0,964376173766.6025,950738630180.975,1059443644207.8901,1105807402528.0
8866,2001-11-18 13:40:00,1129126096336.0,0.0,982927004671.0728,965822653782.6918,1032778158249.0247,1094079360904.0
8867,2001-11-18 13:50:00,1166530736808.0,0.0,1019668394110.759,1006235604181.5117,1072477278139.0284,1129126096336.0
8868,2001-11-18 14:00:00,1311776697248.0,0.0,1055911829797.8297,1041936953956.317,1108563127589.6917,1166530736808.0
8869,2001-11-18 14:10:00,1550733616128.0,0.0,1160817662038.582,1148298948565.5503,1251293703337.1343,1311776697248.0
8870,2001-11-18 14:20:00,1814193054816.0,0.0,1334791082148.5898,1318593731673.9634,1473967910240.128,1550733616128.0
8871,2001-11-18 14:30:00,1916063310144.0,0.0,1537810840884.4314,1514151362536.7988,1710488089042.414,1814193054816.0
8872,2001-11-18 14:40:00,1965355182712.0,0.0,1647713229092.7046,1614333504250.5034,1786149380672.5806,1916063310144.0
8873,2001-11-18 14:50:00,1788006939176.0,0.0,1714904746451.2866,1681237912057.0789,1829172604220.877,1965355182712.0
8874,2001-11-18 15:00:00,1881126773280.0,0.0,1631422161590.3286,1595968774996.7212,1657639504768.5273,1788006939176.0
8875,2001-11-18 15:10:00,1913819182952.0,0.0,1694922697554.1384,1674408375879.4077,1778851513834.1885,1881126773280.0
8876,2001-11-18 15:20:00,1704961155728.0,0.0,1731878400409.4067,1706136458476.7483,1807869789971.245,1913819182952.0
8877,2001-11-18 15:30:00,1472122587432.0,0.0,1614330858258.0796,1586336387980.296,1603854241287.7856,1704961155728.0
8878,2001-11-18 15:40:00,1463750248200.0,0.0,1458566413066.8445,1441264441448.6387,1403647198328.3015,1472122587432.0
8879,2001-11-18 15:50:00,1767949739032.0,0.0,1431490575152.1914,1426396678743.4253,1426549258275.519,1463750248200.0
8880,2001-11-18 16:00:00,1880616587416.0,0.0,1615346379762.0732,1612898429763.0552,1730172848832.038,1767949739032.0
8881,2001-11-18 16:10:00,1840295114472.0,0.0,1709886438417.3613,1690755906135.1724,1805812351393.8977,1880616587416.0
8882,2001-11-18 16:20:00,1818341014920.0,0.0,1707084261700.1829,1684589636994.5552,1754523013994.6104,1840295114472.0
8883,2001-11-18 16:30:00,1876976409800.0,0.0,1702956998596.4878,1684677851940.993,1740982416009.0586,1818341014920.0
8884,2001-11-18 16:40:00,1686125817904.0,0.0,1746290330026.6357,1730879844544.7554,1805717064471.4016,1876976409800.0
8885,2001-11-18 16:50:00,1683071490688.0,0.0,1636048615370.1436,1615097537636.086,1614048019859.4172,1686125817904.0
8886,2001-11-18 17:00:00,1867794594152.0,0.0,1624971459270.5293,1616944553905.543,1636912066262.1162,1683071490688.0
8887,2001-11-18 17:10:00,1665962425984.0,0.0,1739597966160.823,1732751646607.2495,1822397413099.5356,1867794594152.0
8888,2001-11-18 17:20:00,1819262998416.0,0.0,1628008171441.0806,1607599465052.2937,1603057658765.749,1665962425984.0
8889,2001-11-18 17:30:00,1699546812256.0,0.0,1716912879662.6895,1713378917891.606,1779958397081.578,1819262998416.0
8890,2001-11-18 17:40:00,1814446399336.0,0.0,1652386049355.6265,1636011090872.269,1646520698543.8606,1699546812256.0
8891,2001-11-18 17:50:00,2150588454664.0,0.0,1721374728247.8486,1716205854806.9712,1775594346180.1152,1814446399336.0
8892,2001-11-18 18:00:00,1662754940568.0,0.0,1944785655887.6562,1936546738211.1648,2096112804869.3704,2150588454664.0
8893,2001-11-18 18:10:00,1836710185232.0,0.0,1671097898853.6604,1637604712483.6973,1576770817678.748,1662754940568.0
8894,2001-11-18 18:20:00,1784817219008.0,0.0,1757630501790.9219,1760634030332.4238,1808802338783.0176,1836710185232.0
8895,2001-11-18 18:30:00,1828214733512.0,0.0,1730759371355.6196,1717380077034.776,1740037890864.5535,1784817219008.0
8896,2001-11-18 18:40:00,1602138087688.0,0.0,1758497100247.376,1751662779417.5352,1790712191817.327,1828214733512.0
8897,2001-11-18 18:50:00,1538520613168.0,0.0,1619642963023.8086,1606400420316.2642,1563956058903.1558,1602138087688.0
8898,2001-11-18 19:00:00,1746419126976.0,0.0,1562232333028.0752,1562396042442.3804,1528507480565.9917,1538520613168.0
8899,2001-11-18 19:10:00,1783850946400.0,0.0,1681875268583.7368,1686362432190.8262,1742966814645.6362,1746419126976.0
8900,2001-11-18 19:20:00,1686367441992.0,0.0,1717909056220.989,1709694353214.2925,1755222837885.957,1783850946400.0
8901,2001-11-18 19:30:00,1861810031872.0,0.0,1665389415760.5908,1655929968087.6343,1654564645619.898,1686367441992.0
8902,2001-11-18 19:40:00,1703735613960.0,0.0,1773732484192.5889,1773362103202.4155,1840479270119.6812,1861810031872.0
8903,2001-11-18 19:50:00,1662774709632.0,0.0,1689159364682.2734,1675245995300.8408,1665225149063.2012,1703735613960.0
8904,2001-11-18 20:00:00,1493535482800.0,0.0,1659214257745.8357,1656985476259.7898,1646565525000.0762,1662774709632.0
8905,2001-11-18 20:10:00,1626657809448.0,0.0,1546716523349.944,1542859213220.413,1486115885859.1292,1493535482800.0
8906,2001-11-18 20:20:00,1672354298840.0,0.0,1614620405436.683,1622631273784.6982,1638695371436.1934,1626657809448.0
8907,2001-11-18 20:30:00,1416790861952.0,0.0,1647087804286.9695,1645684239671.5552,1668456745738.3564,1672354298840.0
8908,2001-11-18 20:40:00,1452953088104.0,0.0,1489034145149.2593,1482485306258.1836,1408708585730.033,1416790861952.0
8909,2001-11-18 20:50:00,1516925714904.0,0.0,1491926915746.1436,1501567508697.5928,1473698095925.4404,1452953088104.0
8910,2001-11-18 21:00:00,1769220734616.0,0.0,1528021672897.9211,1533432372365.535,1533493623075.0425,1516925714904.0
8911,2001-11-18 21:10:00,1716442409304.0,0.0,1693318254835.5903,1699270838459.706,1777186074967.4917,1769220734616.0
8912,2001-11-18 21:20:00,1660879108856.0,0.0,1683746085964.6743,1674518077020.1594,1695974170819.5454,1716442409304.0
8913,2001-11-18 21:30:00,1631652278056.0,0.0,1655261852791.447,1651575214071.521,1647499128846.3987,1660879108856.0
8914,2001-11-18 21:40:00,1675231896808.0,0.0,1637151335505.4697,1636302630216.1152,1627578868447.9155,1631652278056.0
8915,2001-11-18 21:50:00,1733835969280.0,0.0,1664157786376.9146,1665651625071.1873,1675861836830.7412,1675231896808.0
8916,2001-11-18 22:00:00,1795987250336.0,0.0,1706890968114.4983,1706703974117.496,1730630800384.1558,1733835969280.0
8917,2001-11-18 22:10:00,2044912949792.0,0.0,1755916534334.3174,1754036568134.842,1787507841987.9111,1795987250336.0
8918,2001-11-18 22:20:00,1832550327864.0,0.0,1925468707237.8691,1924684920403.5908,2028899553759.278,2044912949792.0
8919,2001-11-18 22:30:00,1671900959496.0,0.0,1818513843294.177,1800898591168.5288,1791819909419.4646,1832550327864.0
8920,2001-11-18 22:40:00,1639956890696.0,0.0,1711719570478.0422,1708072627397.8716,1660130688271.5522,1671900959496.0
8921,2001-11-18 22:50:00,1467910297344.0,0.0,1675227071572.7947,1678425750733.276,1648143680428.3357,1639956890696.0
8922,2001-11-18 23:00:00,1617725173968.0,0.0,1556721646889.5386,1557729282481.8726,1483330056049.1223,1467910297344.0
8923,2001-11-18 23:10:00,1241491887112.0,0.0,1630642363422.5754,1643429155213.1633,1650809132247.714,1617725173968.0
8924,2001-11-18 23:20:00,1504814927368.0,0.0,1391792428193.0615,1387297426690.2542,1258474676762.7603,1241491887112.0
8925,2001-11-18 23:30:00,1489670978136.0,0.0,1523470797393.6494,1546260640020.403,1558171696535.8755,1504814927368.0
8926,2001-11-18 23:40:00,1466162138616.0,0.0,1520461504422.1577,1522011117331.4243,1510599155916.5354,1489670978136.0
8927,2001-11-18 23:50:00,1278722353840.0,0.0,1507024250320.8833,1512034541374.907,1488523808099.6606,1466162138616.0
