idx,date,truth,season,norros_f,linearP_f,farima_f,persist
7190,2001-11-06 22:20:00,994676597064.0,468252741113.3125,1169517836582.794,1175795141026.4766,1161211003915.1626,1179885077960.9844
7191,2001-11-06 22:30:00,1332127082128.0,470531298032.21875,1061757956212.4971,1058034715437.9539,1028922504614.9653,996955153982.9133
7192,2001-11-06 22:40:00,1226793739544.0,468784084092.125,1260744859230.8936,1274405811220.2625,1273344162282.5386,1330379868187.918
7193,2001-11-06 22:50:00,1142495285480.0,464482636761.375,1213536673407.3638,1203378163771.227,1212369515099.1887,1222492292213.2437
7194,2001-11-06 23:00:00,1025551991992.0,457780415986.90625,1156224538807.1829,1154890042936.2124,1144298659702.083,1135793064705.5322
7195,2001-11-06 23:10:00,959483851952.0,427591436423.28125,1051037176867.5823,1051886224207.0156,1023841221976.2493,995363012428.3635
7196,2001-11-06 23:20:00,986618660024.0,412005954962.84375,1000041804523.586,1006103015658.0304,969985236963.2491,943898370491.5742
7197,2001-11-06 23:30:00,789467886792.0,400352445048.25,1006689604354.4587,1014191784206.5216,984023653312.611,974965150109.3932
7198,2001-11-06 23:40:00,878395557296.0,381241129299.4375,866657452843.9331,867879261074.2701,822100674440.4199,770356571043.1768
7199,2001-11-06 23:50:00,715051601864.0,367684996038.65625,902563235700.913,916400895945.4237,875939290757.729,864839424035.2233
7200,2001-11-07 00:00:00,748137343432.0,373337348966.34375,812143588929.405,814502321925.5518,768425664717.3512,720703954791.68
7201,2001-11-07 00:10:00,769231594040.0,355485639331.625,796313131484.0685,808781879137.6501,759189401676.1992,730285633797.296
7202,2001-11-07 00:20:00,935936701520.0,346513426310.4375,805150468749.5614,813961697060.2859,777039103668.5513,760259381018.8278
7203,2001-11-07 00:30:00,797874749904.0,323797192172.6875,892053007503.2362,900904324423.1382,890543923527.1406,913220467382.246
7204,2001-11-07 00:40:00,805540931040.0,310852198753.90625,817594732520.1929,813876704247.2905,802785750528.8317,784929756485.2343
7205,2001-11-07 00:50:00,660846062544.0,301087879507.78125,815900674522.1392,821215104178.5339,804640919804.919,795776611793.875
7206,2001-11-07 01:00:00,676680942992.0,312805192145.375,740766653362.315,741381860932.684,712952678002.9899,672563375181.5906
7207,2001-11-07 01:10:00,751001504688.0,311115178781.03125,728317256801.0499,737086483660.9875,703524312917.6433,674990929627.6682
7208,2001-11-07 01:20:00,766885590056.0,293886386271.46875,753511947779.3724,761392351282.4646,740789601979.9801,733772712178.4355
7209,2001-11-07 01:30:00,872190341848.0,284837352005.9375,767187572402.5815,770448884920.4923,761202964894.8315,757836555790.4822
7210,2001-11-07 01:40:00,794523709808.0,263675843355.90625,822557658160.5256,826275438457.0399,831814128409.2195,851028833197.9608
7211,2001-11-07 01:50:00,838614320520.0,247248605548.53125,780039453088.6543,776080520405.1287,782634716760.8325,778096472000.629
7212,2001-11-07 02:00:00,759380703208.0,225866455266.9375,797572385588.0444,799375843283.3014,807625804416.3428,817232170238.4143
7213,2001-11-07 02:10:00,785782339896.0,201926870997.0,742686297488.1692,739458540244.7953,744621117661.1478,735441118938.0671
7214,2001-11-07 02:20:00,790599806320.0,190267012423.1875,761543024791.494,763482242082.4731,769439042731.5122,774122481322.1754
7215,2001-11-07 02:30:00,726738114784.0,171178423671.34375,757410806876.478,756121490194.4408,766698581282.9014,771511217568.1509
7216,2001-11-07 02:40:00,682725021856.0,156822852231.90625,717837562297.6753,715520650509.2765,720770136213.4113,712382543344.5483
7217,2001-11-07 02:50:00,726284456024.0,140608097128.9375,681209189611.8314,681535115986.88,679481637955.2301,666510266753.019
7218,2001-11-07 03:00:00,722625739368.0,119161081001.28125,693296614186.4259,695702136349.1345,701112361008.9507,704837439896.3457
7219,2001-11-07 03:10:00,683958594312.0,107695121014.65625,695870627244.2474,694489628063.9958,707129672263.8367,711159779381.3713
7220,2001-11-07 03:20:00,617420557072.0,91742851299.53125,665480255633.0983,663239015742.7666,673078505504.037,668006324596.8743
7221,2001-11-07 03:30:00,620919824200.0,79711674224.65625,620612032548.4902,619549744176.8575,621176072244.6165,605389379997.1295
7222,2001-11-07 03:40:00,637834955912.0,67723991518.03125,613154912075.2876,615028698712.3881,616926341136.3202,608932141493.3733
7223,2001-11-07 03:50:00,678050376968.0,54977107067.84375,617611533052.8842,618264443190.629,626126272714.1945,625088071461.8011
7224,2001-11-07 04:00:00,635850053928.0,49109343046.4375,648016012009.84,647972496728.6918,663101405788.5986,672182612946.5927
7225,2001-11-07 04:10:00,639471902096.0,37689845681.9375,618801838910.2572,615329422047.4208,628777641757.8302,624430556563.4897
7226,2001-11-07 04:20:00,674670117104.0,33044004431.15625,623235557789.6073,622833603994.3195,634853103176.6587,634826060845.2161
7227,2001-11-07 04:30:00,561841054104.0,31156908382.5625,648515865161.4785,647523567938.1184,664873570996.555,672783021055.3983
7228,2001-11-07 04:40:00,680459062064.0,31293512280.65625,583094818340.0409,578467149519.6243,583407579280.9744,561977658002.1089
7229,2001-11-07 04:50:00,646683073560.0,32837603561.84375,652832383223.7078,657137066866.5597,668810011519.9774,682003153345.1769
7230,2001-11-07 05:00:00,694464052104.0,28428424773.0,633595679779.0118,629235986343.187,644253100516.5177,642273894771.1414
7231,2001-11-07 05:10:00,713647736000.0,25173215800.0,662875520188.8722,662539428826.203,680883646006.9869,691208843131.0088
7232,2001-11-07 05:20:00,665543363960.0,22928988443.90625,681943507907.9574,678851620114.7372,700340284933.4939,711403508643.9144
7233,2001-11-07 05:30:00,766568855232.0,19224818113.1875,652896271640.0735,648462239819.898,665075658822.0883,661839193629.276
7234,2001-11-07 05:40:00,638024045736.0,20196310513.8125,719362500911.5719,719591770542.3203,744800641162.9584,767540347632.6122
7235,2001-11-07 05:50:00,563740540616.0,15546896237.46875,642682611655.5117,634642468912.4542,648579389073.8267,633374631459.6687
7236,2001-11-07 06:00:00,669524641920.0,17256003184.8125,593108306742.5017,593092400894.2761,589432314305.2155,565449647563.3497
7237,2001-11-07 06:10:00,690657593680.0,15707943075.21875,649412260102.6345,653874506638.048,660027947930.3322,667976581810.4113
7238,2001-11-07 06:20:00,668151321824.0,11826195470.21875,663746175287.0469,661100416518.2274,678854666074.0952,686775846075.0032
7239,2001-11-07 06:30:00,633722373744.0,394385573.71875,646595068433.0193,643862867601.2006,656490503012.952,656719511927.4963
7240,2001-11-07 06:40:00,710570365368.0,-8109823308.4375,622441052049.898,620533481500.1779,630251599220.0823,625218164861.8511
7241,2001-11-07 06:50:00,676398241040.0,-12023687836.3125,670142620098.2402,670644848465.1592,690443458404.4841,706656500840.1099
7242,2001-11-07 07:00:00,576502612584.0,-13909267195.78125,655159780491.9128,649793131946.0151,671719408627.961,674512661680.5278
7243,2001-11-07 07:10:00,676384907216.0,-10398115225.65625,597065573284.3702,593104508659.1102,599814183215.3755,580013764554.1234
7244,2001-11-07 07:20:00,717127176392.0,-9806504055.6875,651192015721.0618,654393178020.0778,667026052573.6826,676976518385.9762
7245,2001-11-07 07:30:00,693141830216.0,-7836567917.8125,682619552172.7227,679295035477.2516,705011982730.499,719097112529.8755
7246,2001-11-07 07:40:00,640611281936.0,4237897165.0625,685094871758.4185,680413916293.4043,702065491245.5259,705216295298.8663
7247,2001-11-07 07:50:00,627499468616.0,21552678005.3125,661588985243.3486,657909363631.6234,669674337587.6353,657926062776.2363
7248,2001-11-07 08:00:00,667102730528.0,38411473363.03125,655101362664.8251,654844448202.409,658184912439.2621,644358263973.7286
7249,2001-11-07 08:10:00,670112571120.0,68396947706.46875,695551086499.0579,696779390939.8978,701426185598.8611,697088204871.4491
7250,2001-11-07 08:20:00,721557446024.0,114844602210.90625,725653435008.5098,724994329179.5421,727070982434.1753,716560225624.4325
7251,2001-11-07 08:30:00,1016402669840.0,162466411016.75,772623689438.6871,773602699774.9348,776056402055.9099,769179254829.8469
7252,2001-11-07 08:40:00,1214949634304.0,198681332450.03125,964980188820.1084,968950143070.9708,1001984124452.4346,1052617591273.2916
7253,2001-11-07 08:50:00,1303017447584.0,237447912130.1875,1127849484711.2253,1119373644211.4976,1185554819125.586,1253716213984.1675
7254,2001-11-07 09:00:00,1482724263344.0,265513750246.8125,1213458803300.7441,1199301725240.5645,1272595517045.4092,1331083285700.623
7255,2001-11-07 09:10:00,1572367621720.0,296359750501.375,1360613619030.0164,1348576953859.923,1433694007662.024,1513570263598.5776
7256,2001-11-07 09:20:00,1542572465576.0,334698907582.65625,1462670672576.043,1444248123430.9968,1536795658648.578,1610706778801.2727
7257,2001-11-07 09:30:00,1687192264368.0,363742225217.59375,1470256529931.5808,1450663372369.1934,1527548824646.7947,1571615783210.9514
7258,2001-11-07 09:40:00,1679573789984.0,388880859629.40625,1576186985127.9192,1564294758447.7222,1643833753900.5303,1712330898779.8247
7259,2001-11-07 09:50:00,1511721510600.0,413163055389.78125,1597675640729.1094,1579016698774.0793,1655122787229.3582,1703855985744.3735
7260,2001-11-07 10:00:00,1674957838672.0,426875065485.96875,1497407439246.1873,1480322279197.2,1524285502404.4236,1525433520696.1719
7261,2001-11-07 10:10:00,1955188384856.0,423622490071.53125,1579375689106.488,1576550861566.935,1623366772342.608,1671705263257.5698
7262,2001-11-07 10:20:00,2034616062736.0,415847776560.84375,1762506158132.4282,1753402721427.854,1842209984718.8638,1947413671345.3052
7263,2001-11-07 10:30:00,2167945007400.0,414508412754.3125,1848351354004.7275,1825947804830.7212,1934548162230.4932,2033276698929.4705
7264,2001-11-07 10:40:00,1698540419160.0,408728029246.46875,1954055054040.2822,1932592672901.1985,2050873372189.7883,2162164623892.143
7265,2001-11-07 10:50:00,1907509321864.0,416963958094.28125,1696809988191.2024,1663064810213.1738,1722294547932.4512,1706776348007.8186
7266,2001-11-07 11:00:00,1936473149352.0,427910139718.875,1811790574356.1387,1811898286064.691,1860114771933.8093,1918455503488.5906
7267,2001-11-07 11:10:00,2054962050832.0,429993699489.90625,1835354343235.3823,1819343187443.39,1883851408851.132,1938556709123.0303
7268,2001-11-07 11:20:00,2143425248248.0,421224627829.25,1908326052509.919,1896042944033.0146,1969083022380.0083,2046192979171.331
7269,2001-11-07 11:30:00,2082366557576.0,411547086465.125,1977248311602.7664,1960120665525.668,2046175768364.0327,2133747706883.87
7270,2001-11-07 11:40:00,1871830048472.0,401117569615.40625,1953668987386.1704,1932324402063.5063,2009551052492.3892,2071937040726.2832
7271,2001-11-07 11:50:00,1822212650152.0,391357644016.0625,1824700794191.474,1805752367418.1309,1847930410711.0508,1862070122872.6553
7272,2001-11-07 12:00:00,1975266296248.0,399921062435.09375,1796399920233.04,1789177272392.484,1811788695249.5972,1830776068571.016
7273,2001-11-07 12:10:00,2075432567688.0,410546882096.75,1892118811273.4648,1887697385372.6665,1925855254845.972,1985892115909.6665
7274,2001-11-07 12:20:00,1690565049800.0,433253782593.1875,1982502902138.1643,1970709376809.9976,2026074671298.8354,2098139468184.4531
7275,2001-11-07 12:30:00,1705582808496.0,454200525150.65625,1757843724003.0493,1736492683899.0,1743467388794.1836,1711511792357.471
7276,2001-11-07 12:40:00,1443645847008.0,462597737638.25,1735135224924.9502,1739682613071.127,1718469735541.4087,1713980020983.5781
7277,2001-11-07 12:50:00,1340974575944.0,462487029639.90625,1549949147919.88,1546200288522.704,1499028624382.983,1443535139009.6567
7278,2001-11-07 13:00:00,1535092361672.0,463515035172.59375,1454531066570.4695,1465115523201.3215,1393296466798.4048,1342002581476.682
7279,2001-11-07 13:10:00,1276615853592.0,490191054937.21875,1577811147327.1968,1593188905649.2346,1548150969654.5054,1561768381436.618
7280,2001-11-07 13:20:00,1288921111384.0,517129561393.75,1425078607214.191,1422352227592.208,1360935018723.1567,1303554360048.5212
7281,2001-11-07 13:30:00,1395797462208.0,544062895341.90625,1415745509469.5188,1431160123582.662,1353167833519.6978,1315854445332.146
7282,2001-11-07 13:40:00,1429440248888.0,562625059441.75,1467523440940.0225,1480444231700.2188,1421924988797.5107,1414359626307.8408
7283,2001-11-07 13:50:00,1297303206832.0,577231759088.8125,1487860300878.558,1495061285358.648,1448190368420.8296,1444046948535.0613
7284,2001-11-07 14:00:00,1499140198392.0,586271790617.5312,1401706671006.1543,1405948187664.0305,1343684006884.0508,1306343238360.7134
7285,2001-11-07 14:10:00,1393130370848.0,579494197537.1875,1501310399357.595,1516655813236.4067,1472179389677.9893,1492362605311.6655
7286,2001-11-07 14:20:00,1348724079992.0,575258294810.2188,1441816751140.5015,1441893989351.7847,1401302789813.7874,1388894468121.02
7287,2001-11-07 14:30:00,1428761857832.0,574053804522.25,1408315171685.6335,1415498532857.6133,1363642439801.2769,1347519589704.0283
7288,2001-11-07 14:40:00,1418305731352.0,593127585210.1562,1471993621741.7253,1481260571432.9802,1439605202070.674,1447835638519.9019
7289,2001-11-07 14:50:00,1700146461136.0,608802203359.25,1471123150205.0864,1474383476819.3164,1436347174911.991,1433980349501.1047
7290,2001-11-07 15:00:00,1748816423864.0,604160163000.1875,1632783765746.0793,1642184437230.0518,1635122536879.5244,1695504420776.9438
7291,2001-11-07 15:10:00,1497171685224.0,603971160252.7812,1689780132539.8354,1683694799735.189,1696900597226.1138,1748627421116.5916
7292,2001-11-07 15:20:00,1443018585176.0,611590179742.3125,1553559613733.9468,1544053887672.7124,1523194892440.6184,1504790704713.5212
7293,2001-11-07 15:30:00,1402677520080.0,618430136437.1875,1507288090376.2158,1512942083164.0757,1467768905082.4866,1449858541870.8726
7294,2001-11-07 15:40:00,1542228922592.0,613721713184.7188,1461259085284.319,1467312038180.0608,1416915111838.1816,1397969096827.545
7295,2001-11-07 15:50:00,1431248808784.0,620099713170.6562,1549544699484.425,1559765422762.2598,1526311034829.6204,1548606922577.9514
7296,2001-11-07 16:00:00,1528021187784.0,630903076268.25,1493738747810.4001,1492786503541.4756,1454612198056.7712,1442052171881.5813
7297,2001-11-07 16:10:00,1651486516296.0,642364182192.7812,1552576002163.232,1561425968245.2495,1525031505295.4607,1539482293708.525
7298,2001-11-07 16:20:00,1655256504840.0,655454855811.25,1641799324677.6006,1645627106601.024,1628565247917.9438,1664577189914.469
7299,2001-11-07 16:30:00,1770549426992.0,651728125919.375,1646222621399.6777,1644611935443.6594,1627959409247.2295,1651529774948.117
7300,2001-11-07 16:40:00,1891871083184.0,645493898277.1875,1721966455191.524,1724272192982.9136,1716697686429.2898,1764315199349.8213
7301,2001-11-07 16:50:00,1977064718400.0,635744687851.5625,1807629894940.4858,1804908814449.9746,1816782707744.13,1882121872758.3796
7302,2001-11-07 17:00:00,1872250296392.0,616202912601.5,1868514015331.431,1861622152923.9683,1885807397891.9087,1957522943149.945
7303,2001-11-07 17:10:00,1939210133272.0,585894217721.8438,1803456351629.15,1791891515724.317,1804597506849.7505,1841941601512.354
7304,2001-11-07 17:20:00,1950280891248.0,562906827056.0938,1845588798073.0334,1842380763464.1543,1856772509012.9617,1916222742606.253
7305,2001-11-07 17:30:00,1973087074544.0,542345741958.53125,1860221977350.2153,1851691946754.3823,1872017886418.0242,1929719806150.45
7306,2001-11-07 17:40:00,1847349637352.0,527630323462.03125,1883631951398.878,1875695478749.5657,1898159437877.1748,1958371656047.5007
7307,2001-11-07 17:50:00,1629348076376.0,497821467267.03125,1793621576100.1826,1782332598479.5825,1790463780107.8809,1817540781156.9993
7308,2001-11-07 18:00:00,1553776762048.0,474144024096.65625,1649555451396.2834,1643551497531.4766,1616796993794.3386,1605670633205.6145
7309,2001-11-07 18:10:00,1490944769336.0,466789996606.09375,1594611111222.4104,1598592779095.894,1553095061657.2898,1546422734557.442
7310,2001-11-07 18:20:00,1591963700256.0,450966399233.5,1531175590687.7026,1535206990183.2075,1484122928886.546,1475121171963.4155
7311,2001-11-07 18:30:00,1572902512240.0,443827163726.5625,1586164885774.746,1594520399063.7822,1557648534900.8247,1584824464749.0732
7312,2001-11-07 18:40:00,1516367989880.0,448544373510.25,1583316718598.6357,1582562309216.5486,1558309373018.5298,1577619722023.6968
7313,2001-11-07 18:50:00,1503273415080.0,466169006399.21875,1563132600057.6704,1563457219626.93,1528869207211.2258,1533992622768.9797
7314,2001-11-07 19:00:00,1579911256984.0,482018987828.125,1553250772394.008,1556313405861.9062,1515952343110.3887,1519123396508.8994
7315,2001-11-07 19:10:00,1676913904048.0,502029503336.125,1606023074224.122,1610941468755.5,1578113095494.782,1599921772492.0112
7316,2001-11-07 19:20:00,1461866839176.0,522506027442.96875,1676794758284.2375,1678564036691.2532,1660634442818.2979,1697390428154.8542
7317,2001-11-07 19:30:00,1500222907200.0,530681355855.78125,1540656670477.3816,1534713068481.3137,1494340851945.7397,1470042167588.8003
7318,2001-11-07 19:40:00,1601621007368.0,559725973995.25,1568547106040.2524,1577529523585.753,1530061302818.909,1529267525339.4565
7319,2001-11-07 19:50:00,1526123142264.0,573118838807.7812,1620908679735.775,1625962638269.8022,1595376009501.7246,1615013872180.5361
7320,2001-11-07 20:00:00,1574975175688.0,582513823154.625,1576157149340.6948,1575589020594.8977,1539849053213.4397,1535518126610.837
7321,2001-11-07 20:10:00,1772201871552.0,598235112077.0625,1607930918864.2207,1613724848380.1582,1579495770669.7104,1590696464610.4453
7322,2001-11-07 20:20:00,1695830356272.0,609224065528.4688,1729283806113.5085,1733314272288.6777,1730900932534.5723,1783190825003.4043
7323,2001-11-07 20:30:00,1744870825552.0,618208412453.1562,1697048410982.4229,1689276031250.582,1687189715454.6628,1704814703196.676
7324,2001-11-07 20:40:00,1734905572352.0,606067490884.7188,1707421922428.537,1707246741569.4336,1704374870809.607,1732729903983.5532
7325,2001-11-07 20:50:00,1857362374712.0,619222651684.3125,1725502273707.5078,1721882642355.1367,1722564101587.5874,1748060733151.582
7326,2001-11-07 21:00:00,1709129043648.0,622045266169.2812,1801452621098.7896,1800435906378.4426,1811258161100.2373,1860184989196.958
7327,2001-11-07 21:10:00,1588990829256.0,612926928966.875,1705909081242.1104,1696005052876.941,1695760268560.2722,1700010706445.5889
7328,2001-11-07 21:20:00,1508879401160.0,621535881385.9688,1637078141842.44,1636171842529.227,1610696089267.4316,1597599781675.101
7329,2001-11-07 21:30:00,1624515531888.0,621020279836.0938,1568346792499.8257,1571273135450.7498,1530207889483.9402,1508363799610.1296
7330,2001-11-07 21:40:00,1737842390352.0,635690189595.9688,1642639123408.3804,1651321695722.1929,1622345996433.639,1639185441647.8882
7331,2001-11-07 21:50:00,1780260784808.0,642357631719.4062,1713969936459.8232,1715449976753.3738,1709089126848.3625,1744509832475.4526
7332,2001-11-07 22:00:00,1541770262352.0,653440987212.5312,1758445981820.7158,1755904183391.435,1756385690123.0366,1791344140301.1177
7333,2001-11-07 22:10:00,1538498165208.0,660241916533.7812,1613505712952.7913,1606158496911.7139,1577094168099.423,1548571191673.2446
7334,2001-11-07 22:20:00,1476504876312.0,651739354267.5625,1580375317811.733,1588325906397.8833,1543159559323.3076,1529995602941.7778
7335,2001-11-07 22:30:00,1384884100096.0,649045757383.4062,1534997132440.7632,1539988726447.1584,1491838397406.8984,1473811279427.8423
7336,2001-11-07 22:40:00,1502754306896.0,627406362915.6562,1446483385484.1357,1452814207295.2869,1393545806099.674,1363244705628.2422
7337,2001-11-07 22:50:00,1515481126728.0,608169967020.4062,1503267774836.5093,1515946056791.9165,1470398921051.9717,1483517911000.7476
7338,2001-11-07 23:00:00,1586334062632.0,593250194160.375,1512229530392.4119,1515480934112.405,1486111969264.837,1500561353867.966
7339,2001-11-07 23:10:00,1581901707856.0,539374542970.6875,1514015901071.005,1517433873299.483,1502213386767.3916,1532458411442.3384
7340,2001-11-07 23:20:00,1457518809016.0,506274237326.0,1520921683110.7466,1520061609428.9119,1515491579110.4297,1548801402211.302
7341,2001-11-07 23:30:00,1491216865472.0,478213888562.5625,1443758509123.9072,1439669333736.1858,1424444601597.5566,1429458460252.5645
7342,2001-11-07 23:40:00,1406353421752.0,438284198046.4375,1440937783827.2861,1444311186654.5542,1427892530077.4753,1451287174955.885
7343,2001-11-07 23:50:00,1017545068824.0,405568737150.375,1383743764973.3506,1381805096641.2822,1364530141640.3242,1373637960855.9238
7344,2001-11-08 00:00:00,1451686160928.0,445463075320.25,1196788255271.6465,1193346402414.978,1128009024339.068,1057439406993.8623
7345,2001-11-08 00:10:00,1393061059872.0,421039958806.25,1391300351413.4094,1414491757240.554,1377498067160.9844,1427263044413.984
7346,2001-11-08 00:20:00,1383923407168.0,409681490435.625,1377437312144.8464,1372048956303.191,1360216377376.9438,1381702591501.3472
7347,2001-11-08 00:30:00,1505514453888.0,396953827685.125,1371686613621.3389,1372854795648.254,1352787828113.2083,1371195744417.473
7348,2001-11-08 00:40:00,1364007007600.0,389056268529.625,1452577947360.2776,1455029535576.6355,1450325066429.8203,1497616894732.5237
7349,2001-11-08 00:50:00,1277393749488.0,391465954750.8125,1383874928049.8618,1376809934155.2866,1361875549916.368,1366416693821.2114
7350,2001-11-08 01:00:00,1061492316200.0,390064325770.75,1319910033956.99,1321113193863.5781,1285999291397.0586,1275992120507.9487
7351,2001-11-08 01:10:00,1078010251096.0,375703210001.25,1159736901721.1196,1161736555599.7573,1097549469380.5332,1047131200430.5063
7352,2001-11-08 01:20:00,1030657616880.0,355915633076.375,1134779885641.7812,1148828789637.5413,1080493290597.2808,1058222674171.1243
7353,2001-11-08 01:30:00,880506716584.0,340589266016.5,1090979598121.3619,1099614470092.8228,1037625969275.514,1015331249820.1521
7354,2001-11-08 01:40:00,821563201216.0,322287288511.125,975530633895.113,983238113035.8029,909313110050.0863,862204739078.5985
7355,2001-11-08 01:50:00,753694816592.0,307295936962.0,914079722028.6957,927730216452.917,848501911076.2424,806571849666.8981
7356,2001-11-08 02:00:00,722188984296.0,286306680900.0625,844120907487.7772,856944849585.4913,776729617681.3086,732705560530.0476
7357,2001-11-08 02:10:00,706432726680.0,257738479840.3125,794015679932.0679,808287752428.2577,730336969435.0437,693620783236.2219
7358,2001-11-08 02:20:00,657099492888.0,237946296031.0625,772433022438.6018,785986041562.8064,714304552953.686,686640542870.7745
7359,2001-11-08 02:30:00,711923572872.0,211419966392.375,720061576153.0042,731300896883.0222,662299723714.397,630573163249.3196
7360,2001-11-08 02:40:00,788006274856.0,193884256067.3125,745344479332.4387,758737991766.5786,702781325707.9043,694387862546.9111
7361,2001-11-08 02:50:00,775291451720.0,176945445480.75,788972652572.92,797737027638.6365,761893241619.9774,771067464269.4182
7362,2001-11-08 03:00:00,693096082576.0,154071779888.25,776422171469.7097,780094784194.621,750644916537.2372,752417786127.518
7363,2001-11-08 03:10:00,627348390552.0,134803898727.3125,722406268997.6979,725920165446.7031,689032146394.0669,673828201415.0677
7364,2001-11-08 03:20:00,630935164440.0,115184048113.9375,667128906323.642,673134078375.4623,630315171507.7427,607728539938.6459
7365,2001-11-08 03:30:00,559571403752.0,98865549207.375,659287839725.1519,667633689788.5607,626907499360.7802,614616665533.467
7366,2001-11-08 03:40:00,671406051216.0,87098235293.875,611031808150.7487,616532959239.3469,572477915586.0173,547804089838.5292
7367,2001-11-08 03:50:00,859328228408.0,80525529223.5625,675552450320.4681,685976731911.5916,656108749693.8103,664833345145.6743
7368,2001-11-08 04:00:00,765644317840.0,83178332892.5,809244374714.2332,814123561132.291,816437790631.3158,861981032076.9252
7369,2001-11-08 04:10:00,787874217696.0,78693175589.125,764629477388.4391,758060877628.562,756306257507.1853,761159160536.6458
7370,2001-11-08 04:20:00,799206434464.0,77169037827.375,780372287348.8046,782184478695.6865,775068800369.6835,786350079934.281
7371,2001-11-08 04:30:00,800347779528.0,77848857563.5625,793232873638.8324,792869338222.011,788810930148.4236,799886254200.2031
7372,2001-11-08 04:40:00,873947372952.0,81747802320.625,800679186273.2449,800116419530.8163,795847993990.1979,804246724285.0745
7373,2001-11-08 04:50:00,668790305904.0,84279414575.875,849795424187.667,850652851346.1305,853647562478.0819,876478985207.2288
7374,2001-11-08 05:00:00,807170009360.0,82385853814.625,721920218771.3646,715542699516.858,698553166809.779,666896745142.762
7375,2001-11-08 05:10:00,673583290184.0,82981841908.5625,796129320678.4391,805087743540.5558,793231540122.8646,807765997453.9454
7376,2001-11-08 05:20:00,701524801264.0,80151361988.4375,713502741421.48,709543769630.7523,693559879924.4564,670752810263.8489
7377,2001-11-08 05:30:00,690026594368.0,80494489302.0625,724596040032.5603,730834920198.2899,708697453495.9103,701867928577.6366
7378,2001-11-08 05:40:00,746093489240.0,81491934012.8125,716275733445.5375,718675692749.2681,699740065988.6063,691024039078.7786
7379,2001-11-08 05:50:00,747456355168.0,73201527755.3125,739606874742.2576,743807486051.6957,732153746311.6112,737803082982.5135
7380,2001-11-08 06:00:00,600489777248.0,69643629093.5,743069020683.4556,743339239892.6838,739673205480.887,743898456506.1926
7381,2001-11-08 06:10:00,723787413528.0,59088632076.625,643218349011.4688,641370132577.011,620660317435.89,589934780231.1233
7382,2001-11-08 06:20:00,727206221456.0,52998592147.0,709822457086.2516,718540728958.4166,706828807368.4741,717697373598.349
7383,2001-11-08 06:30:00,720459596304.0,37123742189.1875,705771032101.8527,704708735328.9044,705063482289.399,711331371498.1926
7384,2001-11-08 06:40:00,742294763456.0,30146026590.0625,708997161246.4895,709189398442.0894,707997477658.9958,713481880704.8481
7385,2001-11-08 06:50:00,692135989616.0,21011685165.875,720808527613.25,720902526284.2281,723080753208.5734,733160422031.8215
7386,2001-11-08 07:00:00,721381513616.0,9869237534.8125,687897054018.203,685952690083.3828,683685989328.0132,680993541984.9661
7387,2001-11-08 07:10:00,630345819160.0,8505804435.625,710434216762.9404,712016736333.2498,711607787397.2135,720018080516.8237
7388,2001-11-08 07:20:00,746418583920.0,7195118557.875,654161617973.3724,651402642026.2603,644116770279.3533,629035133282.2678
7389,2001-11-08 07:30:00,738572367576.0,6439498953.6875,721432219779.1106,726282153067.9403,727624569390.5276,745662964315.8063
7390,2001-11-08 07:40:00,699344703256.0,17934146082.3125,734915054169.7429,731646442502.0505,741046679250.5444,750067014704.6045
7391,2001-11-08 07:50:00,797912275640.0,37055832160.5625,722531273858.3452,719765480892.0818,723265751464.092,718466389334.239
7392,2001-11-08 08:00:00,735861767608.0,69902757136.5625,805995713416.6067,807922965025.1802,814272374585.8573,830759200616.0115
7393,2001-11-08 08:10:00,746022121336.0,108328684703.375,789419346682.5535,784646375368.3453,785204547850.8232,774287695174.7949
7394,2001-11-08 08:20:00,766713329816.0,160674803337.4375,817823951313.948,819159037814.5155,810217018845.736,798368239970.0576
7395,2001-11-08 08:30:00,776058694616.0,212737600594.75,844761548294.8544,846272619000.0732,833694955170.3043,818776127073.3333
7396,2001-11-08 08:40:00,929907121480.0,268738511315.875,865980151664.2842,868046067518.2024,852414545606.46,832059605337.096
7397,2001-11-08 08:50:00,1012986601656.0,320496737061.25,971314059412.101,976601955702.4197,974035215541.9329,981665347225.3988
7398,2001-11-08 09:00:00,1011182871792.0,355836206660.625,1029390901006.9607,1028170646340.4604,1038973253498.0665,1048326071255.376
7399,2001-11-08 09:10:00,1158074631752.0,391971705792.3125,1046474339183.9408,1043836882092.5016,1050721675810.55,1047318370923.6743
7400,2001-11-08 09:20:00,1115275583360.0,433679465196.5625,1156925857281.62,1158445188279.857,1176450651064.1763,1199782391156.2478
7401,2001-11-08 09:30:00,982735296232.0,460134424998.875,1138290529126.5884,1131473249958.6548,1146620226597.4485,1141730543162.3193
7402,2001-11-08 09:40:00,1120171620024.0,483732453321.625,1058014604646.95,1055391801189.5505,1044354115701.9506,1006333324554.7441
7403,2001-11-08 09:50:00,1135322935704.0,491071024368.375,1122563280860.865,1130164748435.5625,1125541671459.5884,1127510191070.775
7404,2001-11-08 10:00:00,1108077940048.0,495170872873.375,1134761334202.2769,1133800042436.92,1139519149903.3408,1139422784208.9868
7405,2001-11-08 10:10:00,1300563234024.0,493497298394.6875,1114977621830.7788,1114334791950.3655,1115126319246.8818,1106404365569.3203
7406,2001-11-08 10:20:00,1449129323704.0,495309510127.0625,1238191353501.7285,1242174052799.458,1264390051300.6436,1302375445756.4028
7407,2001-11-08 10:30:00,1371824103440.0,499520907911.1875,1353101983281.6304,1347448868606.6436,1396683766296.7676,1453340721488.1235
7408,2001-11-08 10:40:00,1153641731616.0,510266820527.9375,1334292132170.8955,1321366904424.88,1362489767107.4688,1382570016056.7378
7409,2001-11-08 10:50:00,1456025862456.0,535477569046.375,1218496684789.204,1209381872230.0166,1212594107861.371,1178852480134.4546
7410,2001-11-08 11:00:00,1359661841136.0,547331586125.5625,1389637052463.1152,1397922177837.9048,1421104288750.333,1467879879535.1697
7411,2001-11-08 11:10:00,1216944452936.0,570696900680.625,1362118501432.2593,1349935504127.7424,1377867604960.5376,1383027155691.0903
7412,2001-11-08 11:20:00,1145060713208.0,605597007959.625,1291068078318.9563,1286538216369.7227,1282123445027.4888,1251844560214.9692
7413,2001-11-08 11:30:00,1230609123832.0,627397355178.4375,1230891745218.162,1233496221758.0298,1207817102956.942,1166861060426.7925
7414,2001-11-08 11:40:00,1241764491832.0,659835241934.625,1288919562682.8381,1297101978945.4343,1275321569385.0952,1263047010588.2017
7415,2001-11-08 11:50:00,1160442174272.0,677166308306.75,1290884006010.5933,1293590143085.2888,1275244384878.1204,1259095558204.1165
7416,2001-11-08 12:00:00,1088831457120.0,688399478170.3125,1233782454343.5374,1236377130378.0215,1207309657972.3906,1171675344135.561
7417,2001-11-08 12:10:00,1324326072160.0,690513432632.0625,1171210649986.52,1177760166129.229,1135695766212.3008,1090945411581.7266
7418,2001-11-08 12:20:00,1344956859232.0,703004412682.875,1317537482540.158,1330834500007.0957,1316717504926.248,1336817052210.7817
7419,2001-11-08 12:30:00,1176605057192.0,709643423667.8125,1341685727577.836,1339562225173.0735,1343389162991.102,1351595870216.9304
7420,2001-11-08 12:40:00,1195216952640.0,711750937248.3125,1238091783173.941,1235451012825.4224,1215721611492.565,1178712570772.499
7421,2001-11-08 12:50:00,1335582138344.0,733636257246.625,1255772565996.6587,1263388114611.436,1238213054307.0093,1217102272638.3022
7422,2001-11-08 13:00:00,1232626970888.0,732975805946.4375,1326228671071.1338,1332732104745.0327,1325583814665.6104,1334921687043.8313
7423,2001-11-08 13:10:00,1147793339096.0,724704163470.375,1259184735089.7183,1256879222119.5251,1246332873136.1523,1224355328411.912
7424,2001-11-08 13:20:00,1206277630160.0,734210123153.25,1213989307920.3064,1217860824844.0293,1191088314167.7673,1157299298778.8604
7425,2001-11-08 13:30:00,1283331904680.0,751840551655.0,1252577823187.8552,1260323821199.8696,1238042697644.1274,1223908058661.7683
7426,2001-11-08 13:40:00,1133053604800.0,766074128839.9375,1303663238793.4507,1308288664132.07,1298384822138.6367,1297565481864.921
7427,2001-11-08 13:50:00,1261521374944.0,791543077649.375,1228165381840.901,1227149941881.591,1201469006747.6997,1158522553609.4146
7428,2001-11-08 14:00:00,1278789022944.0,826014373453.4375,1313653131102.7192,1324168718365.792,1303222422788.1934,1295992670748.0828
7429,2001-11-08 14:10:00,1321566071600.0,846342884778.0625,1326333475702.4229,1328450462231.8813,1313930336502.581,1299117534268.6235
7430,2001-11-08 14:20:00,1409004620272.0,877005264490.8125,1369719921931.2976,1374176474772.1978,1361183380750.026,1352228451312.7786
7431,2001-11-08 14:30:00,1318396232696.0,905579426250.875,1435113598359.0825,1438541293693.3247,1434876236905.6362,1437578782032.0818
7432,2001-11-08 14:40:00,1274163765728.0,929696710727.875,1388539449595.7207,1387060091986.6162,1372194805362.6,1342513517172.9817
7433,2001-11-08 14:50:00,1439470190464.0,953753726854.4375,1360218227395.7727,1365353927437.249,1335785464787.9316,1298220781854.5564
7434,2001-11-08 15:00:00,1415662528048.0,974928937813.0,1460825712004.3835,1470663205479.078,1457264479777.2332,1460645401422.535
7435,2001-11-08 15:10:00,1554769866296.0,987137291984.8125,1450655059043.431,1450184218704.449,1442635042365.0195,1427870882219.8218
7436,2001-11-08 15:20:00,1443385518640.0,985260060547.625,1528550888663.501,1534149009025.9863,1537226725883.2334,1552892634858.8262
7437,2001-11-08 15:30:00,1624909686920.0,991064544861.625,1474869435657.0054,1470598308951.336,1468665063105.6584,1449190002954.0054
7438,2001-11-08 15:40:00,1354326285168.0,1002210520087.5,1592306407922.3223,1598613354409.409,1610093743177.86,1636055662145.877
7439,2001-11-08 15:50:00,1481185671704.0,1015648963446.0625,1440735609766.0908,1431301699949.9683,1419382021073.9958,1367764728526.5679
7440,2001-11-08 16:00:00,1448433763808.0,1020662008364.9375,1498252836140.6912,1509410849615.3066,1493754786441.925,1486198716622.8735
7441,2001-11-08 16:10:00,1573738288040.0,1015900205815.6875,1470718790217.8174,1471089788723.4177,1462738292107.5354,1443671961258.762
7442,2001-11-08 16:20:00,1552146170872.0,1008916974199.1875,1542704866784.211,1548505382898.1519,1553272670420.273,1566755056423.5166
7443,2001-11-08 16:30:00,1627382909936.0,1007214783466.1875,1541326214063.8086,1538335703944.149,1549772967962.554,1550443980138.9746
7444,2001-11-08 16:40:00,1694773000400.0,999524942892.9375,1586537568544.327,1587259183308.8906,1603654146511.9536,1619693069362.7422
7445,2001-11-08 16:50:00,1664833238584.0,983762991807.8125,1627539173547.6943,1624769737680.6187,1653357773653.4814,1679011049314.8823
7446,2001-11-08 17:00:00,1497901122024.0,953620820065.3125,1599745290587.71,1593417098630.7773,1621791880240.5713,1634691066841.4966
7447,2001-11-08 17:10:00,1517900828456.0,915078777753.5,1480124730784.2546,1474051542511.462,1481081583780.103,1459359079712.1824
7448,2001-11-08 17:20:00,1535016049696.0,882716958754.5,1475476243811.7876,1478633107602.9146,1484760899665.0413,1485539009456.9863
7449,2001-11-08 17:30:00,1744486405784.0,840521619755.9375,1465700745324.9094,1464502317612.2031,1482514531074.195,1492820710697.4187
7450,2001-11-08 17:40:00,1842201038240.0,805708469121.625,1597388903517.9766,1597905728849.5378,1646154492584.7966,1709673255149.6992
7451,2001-11-08 17:50:00,1764283192488.0,766128535448.375,1668009199619.0374,1656233867383.9639,1731207996353.0173,1802621104566.7566
7452,2001-11-08 18:00:00,1738753154600.0,730185832990.125,1633498191633.6064,1616740205027.1328,1685916929589.267,1728340490029.7622
7453,2001-11-08 18:10:00,1637808201608.0,699764851282.6875,1622739168425.479,1611120032402.8958,1669883675684.7205,1708332172892.5742
7454,2001-11-08 18:20:00,1876161228816.0,661117103239.875,1549173409123.9724,1536726892997.7036,1582211916331.705,1599160453565.177
7455,2001-11-08 18:30:00,1916543549232.0,629487311915.1875,1692896166418.8076,1689754214196.9944,1761705474182.9658,1844531437491.2954
7456,2001-11-08 18:40:00,1858747755760.0,612405564002.0625,1747276989996.077,1728105117022.2744,1823049108645.5986,1899461801318.871
7457,2001-11-08 18:50:00,2063192999920.0,613216428181.5625,1745549108362.399,1726002800904.4087,1808067596473.8577,1859558619939.5256
7458,2001-11-08 19:00:00,1885460984712.0,622736936763.25,1893065780010.191,1880675730212.6929,1979127458138.5757,2072713508501.6626
7459,2001-11-08 19:10:00,2016527027912.0,615217426012.875,1791611879610.124,1764968347309.5676,1847811729745.7314,1877941473961.621
7460,2001-11-08 19:20:00,1979596932200.0,612131083548.1875,1875188309024.4155,1865266283795.6558,1945642576973.032,2013440685447.298
7461,2001-11-08 19:30:00,2063070335848.0,593529042307.3125,1851189374028.1885,1831458103434.0232,1912027802431.8706,1960994890959.1301
7462,2001-11-08 19:40:00,2015343737648.0,593849240292.0625,1923162773087.793,1909685692552.1157,1993455506597.0366,2063390533832.771
7463,2001-11-08 19:50:00,1864445706464.0,595687006570.1875,1909293344062.7026,1889412287103.294,1968932719089.8296,2017181503926.0977
7464,2001-11-08 20:00:00,1742622407184.0,602390192487.1875,1824656383038.9053,1807463806851.3474,1859245502515.248,1871148892381.0173
7465,2001-11-08 20:10:00,1595223774928.0,598521578791.375,1732616279151.1792,1723207059034.786,1745596935017.3267,1738753793488.1816
7466,2001-11-08 20:20:00,1664997841248.0,600021029080.8125,1628806920844.7969,1623789849106.1572,1622590681011.3113,1596723225217.45
7467,2001-11-08 20:30:00,1582976308352.0,601468029564.8125,1653385987352.417,1656272078519.87,1659322788642.3086,1666444841731.9758
7468,2001-11-08 20:40:00,1636260755864.0,584269728417.25,1580069527199.1965,1575618010315.9253,1575864055426.33,1565778007204.4683
7469,2001-11-08 20:50:00,1717330957960.0,577538687964.625,1608737557604.6802,1610860578583.2432,1614591197250.2485,1629529715411.3774
7470,2001-11-08 21:00:00,1827138239344.0,593183355711.125,1680182091296.655,1677864110598.9365,1699509938893.3613,1732975625706.4727
7471,2001-11-08 21:10:00,1834345527512.0,598440217137.875,1752714391658.8745,1747103743945.8462,1784311264066.5642,1832395100770.729
7472,2001-11-08 21:20:00,1733604991544.0,610299468482.0625,1778778599501.3306,1768658202276.8052,1807832790089.601,1846204778856.2007
7473,2001-11-08 21:30:00,1391021520200.0,615975576968.3125,1720298456067.7817,1710033943514.9695,1731174545916.4312,1739281100030.2236
7474,2001-11-08 21:40:00,1300351858504.0,625359189897.0625,1502007769542.2937,1493612443354.6482,1465503027633.5151,1400405133128.7239
7475,2001-11-08 21:50:00,1372699644792.0,630983597862.9375,1411999558726.3235,1422038315115.091,1363364300186.2686,1305976266469.8577
7476,2001-11-08 22:00:00,1373009761056.0,635056509091.9375,1433041165680.1887,1445563473092.917,1398328194421.4792,1376772556020.9731
7477,2001-11-08 22:10:00,1442855534312.0,640217556647.8125,1427444091865.5415,1433876356111.43,1396108068760.5298,1378170808611.8818
7478,2001-11-08 22:20:00,1379961603520.0,637508901318.4375,1459081317475.791,1466499486345.4526,1439122346714.8174,1440146878982.6287
7479,2001-11-08 22:30:00,1398889069592.0,641846870753.0625,1424949159594.541,1426686330812.3376,1399492440251.2283,1384299572954.6028
7480,2001-11-08 22:40:00,1497015058760.0,634451327658.0,1420351414701.7683,1426080769000.398,1398357149406.7808,1391493526496.9202
7481,2001-11-08 22:50:00,1651384400080.0,620006136975.8125,1471588092884.8462,1477161533529.278,1463890981993.501,1482569868077.8198
7482,2001-11-08 23:00:00,1618945351304.0,588483004355.3125,1554593723637.383,1556156065762.981,1569876849576.0283,1619861267459.4692
7483,2001-11-08 23:10:00,1733491867080.0,554180345220.0,1538950664532.8315,1531814167406.8413,1551149646752.1772,1584642692168.71
7484,2001-11-08 23:20:00,1557662011848.0,536024187820.0625,1624094226896.8306,1621205703507.2754,1654175254766.4534,1715335709680.036
7485,2001-11-08 23:30:00,1504478294640.0,518280905224.125,1526580659822.2295,1513423424422.434,1530629183923.175,1539918729252.0322
7486,2001-11-08 23:40:00,1524690257808.0,492478183147.3125,1473297777601.6816,1471151312616.4321,1471647456969.2517,1478675572563.171
7487,2001-11-08 23:50:00,1216506173024.0,474793020990.6875,1483299682467.4663,1482896973084.4521,1485401064739.4675,1507005095651.3848
7488,2001-11-09 00:00:00,1340342238608.0,382270075601.1875,1209986448278.3843,1202545169524.8154,1171585530630.8274,1123983227634.5005
7489,2001-11-09 00:10:00,1502296286104.0,373180046361.375,1315753686758.4766,1329677114703.8765,1306321530140.1162,1331252209368.195
7490,2001-11-09 00:20:00,1292630191288.0,372943345178.0625,1432445054024.9917,1432380908591.8926,1446663352317.9004,1502059584920.6787
7491,2001-11-09 00:30:00,1406959683760.0,359722522159.25,1305402417381.8938,1294644600692.9414,1288421316919.1494,1279409368269.1643
7492,2001-11-09 00:40:00,1393792316240.0,356993205453.5625,1374911854684.0718,1380649076239.3418,1373249192368.2437,1404230367054.3374
7493,2001-11-09 00:50:00,1138673919952.0,357094156825.125,1376263690709.8516,1372155063048.4692,1372379934980.7026,1393893267611.5425
7494,2001-11-09 01:00:00,1121967241800.0,353686219806.0625,1213343803024.4463,1207816889836.837,1174123696526.0422,1135265982932.9495
7495,2001-11-09 01:10:00,895228113952.0,330346738298.6875,1161978825678.0889,1171614053926.8125,1120649497307.8992,1098627760292.6277
7496,2001-11-09 01:20:00,1190637914224.0,298822469373.8125,991197410843.5479,995636168828.2485,923681942011.3928,863703845027.1035
7497,2001-11-09 01:30:00,1299949311144.0,261148330097.8125,1138462822811.9856,1159528056706.185,1116637773641.31,1152963774948.0117
7498,2001-11-09 01:40:00,1146606327680.0,221405465741.875,1208521171724.7773,1209186355077.2896,1207469739903.2837,1260206446788.0542
7499,2001-11-09 01:50:00,1008543775416.0,193376346906.6875,1126840162169.749,1120416747948.0417,1109161067611.4893,1118577208844.7944
7500,2001-11-09 02:00:00,902201251416.0,174929314259.625,1037738880023.8809,1038231382961.9906,1003619301019.7861,990096742768.9453
7501,2001-11-09 02:10:00,899565431696.0,148810753499.875,946246786885.3202,950862876598.7749,900766794674.2561,876082690656.2281
7502,2001-11-09 02:20:00,763035387584.0,131321286614.875,933230089127.0931,942537982845.7413,890743446183.0425,882075964811.024
7503,2001-11-09 02:30:00,815988706216.0,108352341731.625,829831533008.7316,834682817335.7031,773361927769.8231,740066442700.725
7504,2001-11-09 02:40:00,706222561296.0,93579789868.4375,848316276592.2346,860923206793.3126,805445406740.5516,801216154352.7859
7505,2001-11-09 02:50:00,711849559088.0,81392181717.9375,774972490017.1228,779925595694.4105,721075254332.0422,694034953145.4852
7506,2001-11-09 03:00:00,719171493408.0,68686523689.0625,760736860198.3872,771576093424.7854,713741526800.1919,699143901059.145
7507,2001-11-09 03:10:00,748632933792.0,59014940810.4375,759170711902.1472,767626963681.9862,717113520487.9773,709499910529.3844
7508,2001-11-09 03:20:00,735571582576.0,48578327678.0,770420406641.6908,777762648398.7378,736711317174.3962,738196320659.5327
7509,2001-11-09 03:30:00,760252560200.0,36730727666.0625,757751196613.6188,762454178801.0474,725383481151.392,723723982564.0922
7510,2001-11-09 03:40:00,616315885040.0,31428864371.0625,773377278804.9922,778742148846.7756,748646213628.576,754950696904.985
7511,2001-11-09 03:50:00,667409356424.0,23218149470.8125,677232622216.2949,677852794841.9741,636705756488.524,608105170139.7291
7512,2001-11-09 04:00:00,607386863968.0,18017273170.4375,696253369367.7605,706123189999.6105,666952736143.339,662208480123.6443
7513,2001-11-09 04:10:00,591679747880.0,15219270443.25,656462953344.5043,659846194577.9951,622786277218.3003,604588861240.8347
7514,2001-11-09 04:20:00,452749656992.0,18902111242.125,645802634870.2239,652802352918.6412,611749858205.8099,595362588678.8591
7515,2001-11-09 04:30:00,477502305704.0,17786802791.75,548236864985.7784,552705408215.8745,497569391235.43933,451634348541.6533
7516,2001-11-09 04:40:00,468691805896.0,12664461855.0,543580125333.36536,556452670315.8298,498934836461.7031,472379964767.2246
7517,2001-11-09 04:50:00,398718001792.0,10495153627.25,532338904561.27203,541355624743.12756,490222286879.21216,466522497668.2711
7518,2001-11-09 05:00:00,465362579312.0,1341624852.0,474307575687.38074,482215214606.354,425998921923.1024,389564473016.72095
7519,2001-11-09 05:10:00,487627449280.0,-8866899976.5,500578282824.0465,512767791308.30743,466727215299.4518,455154054483.5137
7520,2001-11-09 05:20:00,489337758744.0,-12774023227.4375,515400677504.77344,522021070404.4882,490467816338.3882,483720326029.0348
7521,2001-11-09 05:30:00,458490896208.0,-17411532727.9375,512902516322.69415,517639795571.81836,493082621347.4442,484700249243.5032
7522,2001-11-09 05:40:00,501963922528.0,-22251436404.1875,491394594900.0325,495337063273.93475,469333430230.03467,453650992531.76575
7523,2001-11-09 05:50:00,562532745016.0,-21165161504.1875,521267357108.94183,527537339919.7079,505878300374.1419,503050197427.9956
7524,2001-11-09 06:00:00,544597986880.0,-23275989916.0625,559743152746.6454,563547685612.4678,552784472865.3385,560421916604.117
7525,2001-11-09 06:10:00,605527731248.0,-31723839688.625,547947651950.3862,548589707655.90466,538088517730.9409,536150137107.4343
7526,2001-11-09 06:20:00,630788843464.0,-32743721146.25,592271194830.999,595529660097.7164,591637927769.3625,604507849790.4055
7527,2001-11-09 06:30:00,603563615344.0,-34961767101.75,614460801351.5289,613925151431.7377,616104753362.9006,628570797508.5175
7528,2001-11-09 06:40:00,598520367024.0,-35995222083.5,604692274245.5225,603321106089.7422,600690704757.9478,602530160362.2725
7529,2001-11-09 06:50:00,601126018536.0,-34979365625.8125,605414557353.4376,606198427051.189,598948104596.7428,599536223481.7063
7530,2001-11-09 07:00:00,563059111024.0,-31306251713.5625,610461540780.6554,611284094377.9336,604155790351.5344,604799132448.2677
7531,2001-11-09 07:10:00,523831346312.0,-24967397713.625,591298139954.8364,591668455006.2601,578852274366.3646,569397965023.9559
7532,2001-11-09 07:20:00,595877608568.0,-18151867770.875,564035383395.5197,566015075612.9933,547572099277.1615,530646876254.7628
7533,2001-11-09 07:30:00,572838890296.0,-5782404131.375,611506891088.1892,616483666374.9236,605409371938.45,608247072207.5216
7534,2001-11-09 07:40:00,561298174712.0,4317376442.1875,601636619378.1586,601708439986.3351,591588683004.3494,582938670869.5785
7535,2001-11-09 07:50:00,597726596352.0,23979838054.0,603337218544.9769,605383712527.2235,592770465665.47,580960636323.8033
7536,2001-11-09 08:00:00,619613687016.0,47865904640.625,636406522614.7522,639634332786.729,627089058980.3022,621612662938.5957
7537,2001-11-09 08:10:00,576593643880.0,77785336268.6875,665185073177.4299,667282105994.6764,655753962479.1797,649533118644.0391
7538,2001-11-09 08:20:00,587444595856.0,121969480708.875,660219552011.1096,661001809942.0793,643561566047.4541,620777788320.1902
7539,2001-11-09 08:30:00,913964011528.0,168956018587.25,679087520092.1725,683628648748.3564,658718241828.5616,634431133734.3848
7540,2001-11-09 08:40:00,1033530876280.0,209267860343.9375,889042675861.659,898597865429.0485,909125777687.8821,954275853284.7146
7541,2001-11-09 08:50:00,1048516253488.0,255633890523.6875,1004590059185.6731,997610890098.3904,1036996339305.6396,1079896906459.762
7542,2001-11-09 09:00:00,1004553392720.0,288607971125.5,1034576112541.9678,1025876086948.5847,1059925829733.081,1081490334089.7959
7543,2001-11-09 09:10:00,1173203213408.0,318805883160.5,1021839930505.1091,1014896852824.683,1034865030575.0802,1034751304754.9988
7544,2001-11-09 09:20:00,1093056602504.0,356973718837.1875,1148593561416.5095,1148954966596.33,1176122069428.2263,1211371049084.7173
7545,2001-11-09 09:30:00,864212008248.0,398996514177.25,1128357450568.9255,1118431801552.4321,1137761787356.588,1135079397844.0396
7546,2001-11-09 09:40:00,1002445873968.0,436756428287.6875,988502842906.8406,983453720331.4221,961772981470.9027,901971922358.4445
7547,2001-11-09 09:50:00,1094674294712.0,469481559694.25,1058501930758.1992,1069687725173.8146,1048537496861.1212,1035171005374.5607
7548,2001-11-09 10:00:00,1105998025784.0,498341367183.875,1120958015434.1584,1123543790581.98,1122331478483.6362,1123534102201.6292
7549,2001-11-09 10:10:00,1064827805192.0,510294994797.5,1124058550166.5342,1123671783581.0347,1124094343881.5596,1117951653397.6453
7550,2001-11-09 10:20:00,1455358935472.0,521568852761.9375,1099553665311.5552,1099500735978.0713,1093798587794.665,1076101663156.4274
7551,2001-11-09 10:30:00,1229016731464.0,537981806413.4375,1351885518424.6418,1360367875443.1548,1397624312138.123,1471771889123.4907
7552,2001-11-09 10:40:00,1111543329480.0,549515902781.125,1239664656780.5068,1221170483672.5962,1251235294740.5115,1240550827831.6975
7553,2001-11-09 10:50:00,1260863273832.0,570672658796.4375,1172544451953.6587,1171416473029.3064,1164356160624.37,1132700085495.3098
7554,2001-11-09 11:00:00,1071156003872.0,584997922657.4375,1255280178328.0503,1261139752051.7312,1264891356912.1265,1275188537692.978
7555,2001-11-09 11:10:00,1168625418584.0,587237475711.75,1133242690721.8137,1127246115899.7595,1115650046581.9805,1073395556926.3176
7556,2001-11-09 11:20:00,1193101993320.0,594796022178.0625,1184753176878.6113,1193564629540.6973,1181554249424.66,1176183965050.335
7557,2001-11-09 11:30:00,1212706791944.0,590976161752.3125,1191940011741.0159,1192663206977.7378,1192690277592.0942,1189282132894.2507
7558,2001-11-09 11:40:00,1222314138616.0,585653790578.125,1201086520245.9272,1201826097470.24,1206758685094.9307,1207384420769.8071
7559,2001-11-09 11:50:00,1276557711608.0,575243878653.5,1202490605938.5244,1202053252487.5386,1210016510176.6284,1211904226691.3657
7560,2001-11-09 12:00:00,1318210231144.0,583355825284.625,1253290440696.1362,1253064358040.154,1269936465870.6775,1284669658239.1064
7561,2001-11-09 12:10:00,1413554615288.0,582190091460.625,1280115488060.3599,1276783277097.6719,1300749721925.616,1317044497319.979
7562,2001-11-09 12:20:00,1238568539768.0,583737953852.375,1348839762970.3394,1345674142175.2695,1381969550604.8115,1415102477679.7349
7563,2001-11-09 12:30:00,1089612404160.0,579320991134.3125,1245371287013.059,1234619966192.8916,1251985324557.109,1234151577049.941
7564,2001-11-09 12:40:00,1121050182792.0,574843252504.9375,1140433015211.3252,1139722387976.2368,1126363080921.1055,1085134665530.6431
7565,2001-11-09 12:50:00,1024697011696.0,574711007719.8125,1146751546392.228,1153269813230.203,1139024121402.4287,1120917938006.8567
7566,2001-11-09 13:00:00,1168838688616.0,569857740385.9375,1076719521108.3258,1078048026061.4226,1056928038344.8005,1019843744362.1136
7567,2001-11-09 13:10:00,1395884041424.0,569763157380.125,1159667335405.66,1168990424766.5808,1161624304900.7085,1168744105610.2173
7568,2001-11-09 13:20:00,1304225766784.0,575292654728.6875,1316407963794.4546,1318599822327.2534,1349789330069.855,1401413538772.5894
7569,2001-11-09 13:30:00,1190604901976.0,584360745538.625,1286612854221.948,1275389722836.2483,1304779743216.588,1313293857593.9224
7570,2001-11-09 13:40:00,1301930066240.0,590591457997.625,1218185170763.1777,1213862021578.543,1216803396951.5732,1196835614434.9841
7571,2001-11-09 13:50:00,1199707858128.0,588004366842.375,1274523297432.3503,1278445388675.5884,1286364513657.191,1299342975084.764
7572,2001-11-09 14:00:00,1178171112768.0,594240791893.75,1223418393963.1833,1218455960573.7676,1221468919337.646,1205944283179.3735
7573,2001-11-09 14:10:00,1246462036752.0,606144069576.0625,1212103890153.0327,1214054768638.97,1205818769736.4153,1190074390450.2952
7574,2001-11-09 14:20:00,1313742249248.0,615500809399.75,1252100789512.8594,1255308840994.0044,1254149175913.8496,1255818776575.661
7575,2001-11-09 14:30:00,1318114739344.0,614173763506.3125,1289516173088.6123,1289785226489.041,1300063802866.4485,1312415203354.558
7576,2001-11-09 14:40:00,1303198415976.0,624477926205.375,1309309715432.1802,1306726862104.7314,1320204793714.7769,1328418902043.0586
7577,2001-11-09 14:50:00,1282567414896.0,630907862275.8125,1303129192165.7964,1300556110784.3306,1309834865120.5303,1309628352046.461
7578,2001-11-09 15:00:00,1200830514456.0,619467973019.9375,1274015632467.1511,1272752794346.3875,1276832361159.0605,1271127525640.128
7579,2001-11-09 15:10:00,1042312859680.0,601348915298.125,1208932249431.503,1208037725633.59,1202348908034.1353,1182711456734.1733
7580,2001-11-09 15:20:00,1179181173872.0,593256377128.875,1104896485120.7764,1105972474736.2703,1079561585300.1055,1034220321510.7522
7581,2001-11-09 15:30:00,1126878249784.0,584840529828.875,1172003070507.9346,1182575407876.7297,1168655282591.0703,1170765326571.9805
7582,2001-11-09 15:40:00,1260372872096.0,572710191533.25,1136284900859.6738,1135546120109.099,1128563637287.9548,1114747911488.3953
7583,2001-11-09 15:50:00,1111207370760.0,557609186039.0625,1210996548508.5813,1216409396484.143,1223366392346.414,1245271866601.812
7584,2001-11-09 16:00:00,1160711896488.0,538069836993.125,1117626332067.5532,1111649675284.095,1111429875536.4575,1091668021714.0715
7585,2001-11-09 16:10:00,1375348654760.0,520029546159.9375,1136491589646.8013,1141310178038.7612,1139665219509.0369,1142671605654.7947
7586,2001-11-09 16:20:00,1416783837728.0,512343541670.8125,1280469893953.918,1282907726670.995,1314567362847.605,1367662650270.8618
7587,2001-11-09 16:30:00,1270776945152.0,501147651961.0,1325190915579.6821,1315790442727.231,1361327844379.5469,1405587948018.1704
7588,2001-11-09 16:40:00,1229353702480.0,496402249954.3125,1250864968725.719,1239653034530.1152,1264871933959.8499,1266031543145.3193
7589,2001-11-09 16:50:00,1276063369944.0,485860011678.8125,1213663962664.2573,1211110414159.9724,1221079887894.3022,1218811464204.4727
7590,2001-11-09 17:00:00,1280270531272.0,474327719149.5,1234801475738.8372,1234102341486.2075,1249930140737.1348,1264531077414.6694
7591,2001-11-09 17:10:00,1254320688264.0,448653430082.5625,1224004589192.729,1220165064495.1729,1239938072355.3333,1254596242205.089
7592,2001-11-09 17:20:00,1237987450912.0,421921288984.25,1199588007692.9585,1195536768887.9297,1215797105257.5137,1227588547165.7097
7593,2001-11-09 17:30:00,1284959292584.0,403309953435.5,1188461068246.435,1184596830010.5903,1206638807070.56,1219376115363.2234
7594,2001-11-09 17:40:00,1269122518632.0,401411970388.3125,1232377994168.248,1229289592124.4963,1257009971958.989,1283061309536.794
7595,2001-11-09 17:50:00,1024779519568.0,394151747904.3125,1224899649139.2393,1218190830008.7192,1245377200237.6006,1261862296147.9885
7596,2001-11-09 18:00:00,1088895830640.0,397400820973.8125,1080912812283.3113,1072710643778.1577,1067698615800.2572,1028028592637.5175
7597,2001-11-09 18:10:00,1032846407712.0,404563251215.5,1108086781158.3137,1114791136269.9465,1103568815401.5762,1096058260881.6992
7598,2001-11-09 18:20:00,1166036457496.0,405625404228.4375,1067906663308.9697,1067818579148.5618,1054035434569.7784,1033908560724.9586
7599,2001-11-09 18:30:00,1325309583176.0,403689608742.0625,1139450449783.4375,1145244974820.6494,1147206619529.6992,1164100662009.6382
7600,2001-11-09 18:40:00,1094986921632.0,407667406501.0,1252437956975.144,1251323368536.2744,1283107934894.3423,1329287380934.9167
7601,2001-11-09 18:50:00,1003499871032.0,418333370351.5,1132649558310.7573,1120263167951.1426,1128958079767.1382,1105652885482.5146
7602,2001-11-09 19:00:00,1123098757264.0,428446897684.75,1064548750208.5911,1066418773477.9258,1047621147683.1018,1013613398365.2478
7603,2001-11-09 19:10:00,1011806058216.0,435782905661.1875,1128348279933.9575,1135503961157.416,1126754883429.5273,1130434765240.4666
7604,2001-11-09 19:20:00,948678860440.0,436269269295.6875,1056254195709.8876,1053916850125.3547,1039526785708.9689,1012292421850.5262
7605,2001-11-09 19:30:00,889188422584.0,421179974304.375,990678264919.3234,995463920316.6882,966354854203.41,933589565448.6929
7606,2001-11-09 19:40:00,987953573632.0,409073434565.625,939278405598.5239,945426716527.7672,911047409563.544,877081882845.2211
7607,2001-11-09 19:50:00,876707702024.0,391425840293.0625,981921292022.6221,991274167728.1002,970922237137.5254,970305979359.4421
7608,2001-11-09 20:00:00,735562768976.0,378289705402.3125,912749680464.7234,912964142449.0746,890768137437.9893,863571567133.2333
7609,2001-11-09 20:10:00,862115673384.0,366559381081.0625,811629360951.7306,816523554193.411,773868325980.8325,723832444654.7202
7610,2001-11-09 20:20:00,985876249872.0,357689549585.75,872626114718.1917,885435298490.6345,858241744587.2721,853245841888.666
7611,2001-11-09 20:30:00,1134948652320.0,351004602099.3125,952624296446.5841,956985286088.45,959191862982.3418,979191302385.5398
7612,2001-11-09 20:40:00,1074712424488.0,329610529489.875,1042848130595.2915,1042927666304.4313,1069692568052.8861,1113554579710.586
7613,2001-11-09 20:50:00,1082646451024.0,320529938954.25,1028543632540.2678,1020095974942.347,1047925205828.8834,1065631833952.3846
7614,2001-11-09 21:00:00,930621052064.0,323214860292.0,1050403084591.0004,1046889859759.5922,1067816042019.4398,1085331372361.7192
7615,2001-11-09 21:10:00,923719773120.0,319260312328.0625,955680523386.809,949276051824.2509,948824001364.2284,926666504100.0789
7616,2001-11-09 21:20:00,772683396232.0,321234482725.6875,944731914172.5837,948109845373.7407,938288182051.0328,925693943517.6125
7617,2001-11-09 21:30:00,1001134970520.0,326145004033.6875,847090739745.7869,846508470080.3777,821669306322.4154,777593917539.9769
7618,2001-11-09 21:40:00,1080454551344.0,331734414313.5,979185557544.9575,991079492476.8468,985202698300.6584,1006724380799.7913
7619,2001-11-09 21:50:00,1053446247568.0,329984721637.1875,1035195037364.8513,1032550879841.912,1052637315779.5422,1078704858667.7135
7620,2001-11-09 22:00:00,1096325648288.0,330094394191.625,1030740159880.4907,1025790588396.6741,1043327620765.6627,1053555920122.4637
7621,2001-11-09 22:10:00,897334399072.0,336653994177.4375,1068818956084.7162,1066985941100.3223,1085025213452.2142,1102885248273.7935
7622,2001-11-09 22:20:00,892476414512.0,335004914065.1875,943413510995.7855,936172394745.1415,930069823216.3677,895685318959.7587
7623,2001-11-09 22:30:00,872156326288.0,346856421549.25,938388628669.387,944168294636.723,925052176608.3749,904327921996.0889
7624,2001-11-09 22:40:00,949483708688.0,356028407899.3125,919684197765.6403,922717096475.3157,903976960893.676,881328312638.0801
7625,2001-11-09 22:50:00,1002368873768.0,354358189873.125,953928425139.7037,959624954768.1764,949449826273.3821,947813490661.7844
7626,2001-11-09 23:00:00,1096572504840.0,346287374015.0,981935197518.7721,983574211566.8254,986334558093.5087,994298057909.8712
7627,2001-11-09 23:10:00,903959915976.0,336818900348.125,1042149868495.2566,1042424010744.0236,1060731468740.3228,1087104031173.1271
7628,2001-11-09 23:20:00,926587216224.0,344115824824.5625,946132470364.6879,938514609860.3749,937194298958.5974,911256840452.4396
7629,2001-11-09 23:30:00,1058256526896.0,357502719904.0625,958854664902.0233,963690718445.3574,951670972704.6396,939974111303.529
7630,2001-11-09 23:40:00,1014801484360.0,374554740805.0,1049072134114.6987,1052953318433.442,1057448158710.384,1075308547796.9639
7631,2001-11-09 23:50:00,863715219392.0,388971856548.5625,1033148477835.8782,1029143540723.7333,1033696108736.51,1029218600103.5334
7632,2001-11-10 00:00:00,982335068256.0,249129184983.0625,787831713827.7701,786374719940.9897,764491225357.9286,723872547826.4938
7633,2001-11-10 00:10:00,1023179717760.0,224192418979.5625,913527044224.4985,925282522125.5477,924672260751.3345,957398302252.5018
7634,2001-11-10 00:20:00,899222795184.0,202103093032.8125,948629905413.1907,943958281505.5005,968904330074.4436,1001090391813.269
7635,2001-11-10 00:30:00,851764967080.0,179378055496.4375,872765125210.7163,865504897873.7996,878579372735.3351,876497757647.6519
7636,2001-11-10 00:40:00,809097771520.0,165367782621.5,840670529325.4331,839975710837.4028,842051096225.9318,837754694205.0758
7637,2001-11-10 00:50:00,768447066472.0,167133675021.5625,822288726821.5481,821902674859.5178,819171961922.4298,810863663920.0878
7638,2001-11-10 01:00:00,781352437888.0,163020463809.375,787738542653.3634,788318465821.8416,779225988449.5865,764333855259.8153
7639,2001-11-10 01:10:00,700800561168.0,150477013867.1875,780302366712.284,783228807062.3064,775064563429.7113,768808987945.8242
7640,2001-11-10 01:20:00,680296265024.0,144062914892.625,729087127376.9629,729306006416.1394,715629109141.8118,694386462193.4608
7641,2001-11-10 01:30:00,763025173736.0,132060334066.375,700825858503.4386,704909956026.1285,686622191175.1647,668293684197.7249
7642,2001-11-10 01:40:00,706426968624.0,108434246526.75,731291889601.693,736561979419.3345,732191407830.9498,739399086196.3798
7643,2001-11-10 01:50:00,660851842064.0,91129917660.9375,696401913417.8463,694756224414.29,695323110887.9482,689122639758.1812
7644,2001-11-10 02:00:00,620454465952.0,83704748523.5625,670520472719.7114,671488315374.7124,665272684413.5208,653426672926.6332
7645,2001-11-10 02:10:00,569724167208.0,75197985196.3125,637674972512.2278,639245830472.0394,628817661264.3579,611947702624.7535
7646,2001-11-10 02:20:00,464912408568.0,66580386424.6875,598435182640.3342,601025833774.6918,583885749483.2605,561106568436.4028
7647,2001-11-10 02:30:00,716702570272.0,49984091651.125,514485945807.5522,517816672059.3281,488024241530.47144,448316113794.44495
7648,2001-11-10 02:40:00,629250888736.0,38160480385.0,658381259492.7233,670258527141.2544,672728593837.2045,704878959005.8666
7649,2001-11-10 02:50:00,523342698672.0,21103101068.8125,609663328726.5164,602712620831.1648,614858569529.2927,612193509419.8268
7650,2001-11-10 03:00:00,576443895104.0,4117988395.75,537464309825.1655,536910179915.3887,529319681689.7748,506357585998.95496
7651,2001-11-10 03:10:00,556431814744.0,-11739602142.9375,557854669559.6678,562550337225.4429,560723639685.398,560586304565.3392
7652,2001-11-10 03:20:00,563961310440.0,-28461464458.0625,540939097537.52905,540437077154.0603,544053627432.8685,539709952428.88257
7653,2001-11-10 03:30:00,539780351456.0,-38929731658.8125,546552592186.8406,547332836561.5928,552913419419.5471,553493043239.232
7654,2001-11-10 03:40:00,536535804784.0,-48272630912.5625,531877384583.68994,531101298775.8977,535276445269.33716,530437452202.2584
7655,2001-11-10 03:50:00,529757266920.0,-57806810579.875,525677478714.9729,526143203342.36475,530278450283.6001,527001625116.69727
7656,2001-11-10 04:00:00,548451181736.0,-66113898934.1875,519617933386.8031,519515749566.35986,524678151038.449,521450178565.7174
7657,2001-11-10 04:10:00,593209851568.0,-74311245911.9375,530998157888.7814,531483915573.4033,537752381815.1527,540253834758.26355
7658,2001-11-10 04:20:00,552434782368.0,-82960664462.8125,560144524115.8247,559991069158.891,572335288056.9761,584560433017.1427
7659,2001-11-10 04:30:00,587480527600.0,-91787098500.8125,538055057811.069,534858919793.3519,544112055436.35706,543608348330.0204
7660,2001-11-10 04:40:00,523676850752.0,-97567771924.0625,559930361601.3639,559924939916.0033,571814206412.7845,581699854176.7651
7661,2001-11-10 04:50:00,598183094288.0,-104464346098.625,520456809143.2977,516818627068.6046,524086774387.2123,516780276577.46204
7662,2001-11-10 05:00:00,585298450608.0,-111377941952.1875,561389939278.9666,562878559024.257,576871456302.2985,591269498434.4347
7663,2001-11-10 05:10:00,612487395952.0,-112866596874.0,562629735019.8073,558711679182.9196,576583260964.3661,583809795686.1815
7664,2001-11-10 05:20:00,587989628560.0,-113741795133.6875,582321211144.3136,580084412291.6075,599647601036.366,611612197692.3306
7665,2001-11-10 05:30:00,608230671144.0,-114611234538.875,572968959505.9364,569063313762.1913,583995238678.2195,587120189154.8082
7666,2001-11-10 05:40:00,584656156760.0,-117330138112.6875,584644569115.579,583138483277.1512,597266578957.6835,605511767570.1681
7667,2001-11-10 05:50:00,592120786968.0,-123393561429.125,567647990344.5841,564373004977.2932,577144805950.3606,578592733443.5582
7668,2001-11-10 06:00:00,584594814680.0,-126625241711.3125,572737975042.4396,571442614031.1582,583620821851.3545,588889106685.8011
7669,2001-11-10 06:10:00,600433319584.0,-129999399403.5625,566661715856.0898,564095818726.598,578053011151.5988,581220656987.7502
7670,2001-11-10 06:20:00,578482584912.0,-134458508914.1875,575345993665.0934,573667118026.5363,588590188625.1494,595974210073.3563
7671,2001-11-10 06:30:00,611398074472.0,-139694245936.125,561563834030.3431,558514450716.2474,571691612948.4115,573246847890.038
7672,2001-11-10 06:40:00,627493421352.0,-144025892312.8125,582222437578.3373,581243050250.0758,596137232688.066,607066428095.2961
7673,2001-11-10 06:50:00,592674206512.0,-148751238128.0625,594757031474.9745,591719984563.4916,610209922362.7085,622768075536.7576
7674,2001-11-10 07:00:00,556708526560.0,-148856292267.875,579939435152.5078,576034768035.4775,589886031289.5682,592569152372.21
7675,2001-11-10 07:10:00,484691518792.0,-146348471138.0625,558032398731.2822,555563005127.97,563764701179.9304,559216347689.8313
7676,2001-11-10 07:20:00,558528488464.0,-143134317415.25,511415181103.9369,509797485013.6825,506531183005.8618,487905672514.7866
7677,2001-11-10 07:30:00,621898740912.0,-139213891127.875,553121227145.6411,556784550178.5647,557637238314.1602,562448914751.3878
7678,2001-11-10 07:40:00,627612715552.0,-120107032738.0625,611824629573.866,611188369115.7264,625380428640.979,641005599301.8319
7679,2001-11-10 07:50:00,555757757544.0,-102685131866.6875,626222385276.4862,622308414406.1508,638074735816.5,645034616423.3876
7680,2001-11-10 08:00:00,549321144392.0,-81167972349.0,594978709740.9216,591580154182.7549,591876155477.8947,577274917061.6777
7681,2001-11-10 08:10:00,572235104840.0,-49055003444.375,602629955781.887,604194901645.328,595870538846.4423,581434113296.6167
7682,2001-11-10 08:20:00,477595703368.0,-13900875796.625,625191524583.7555,627091002618.1387,619247163035.3267,607389232487.7533
7683,2001-11-10 08:30:00,639802290792.0,21101042574.375,573355585088.079,573384494960.5168,551376891085.9758,512597621738.98145
7684,2001-11-10 08:40:00,558212613264.0,42994500904.0625,661544851158.2692,670755875953.8772,659099045759.1971,661695749121.702
7685,2001-11-10 08:50:00,577625286744.0,65439162206.125,621674299258.1489,619806799574.5581,607061079785.4695,580657274566.0364
7686,2001-11-10 09:00:00,570623592264.0,82055967916.625,627840952686.183,633330245867.3518,614054629464.2002,594242092454.5273
7687,2001-11-10 09:10:00,551765459760.0,96419615811.3125,621748336006.4247,625404288632.1786,606938686444.1077,584987240158.685
7688,2001-11-10 09:20:00,550184911328.0,119939303220.75,618775546284.5692,623012582599.0022,601061898048.1768,575285147169.4233
7689,2001-11-10 09:30:00,567308341904.0,139355138223.125,616302007575.9456,621604039385.1523,596393842764.0046,569600746330.3577
7690,2001-11-10 09:40:00,618714278664.0,164136545655.0625,632773689056.0139,638711164347.431,614960019603.7173,592089749335.957
7691,2001-11-10 09:50:00,671224581768.0,176103391811.0,656945644299.6321,662668563739.485,644899480388.6416,630681124819.9296
7692,2001-11-10 10:00:00,591057721920.0,190065652010.75,695613686538.3691,699890009571.3278,690668368621.2565,685186841967.7303
7693,2001-11-10 10:10:00,568863309560.0,194895721132.375,642811880463.3885,643338472390.8579,626043548109.1901,595887791041.6538
7694,2001-11-10 10:20:00,599267450120.0,204343488028.5,627047265584.1484,632869435188.4604,607908012092.4644,578311076456.125
7695,2001-11-10 10:30:00,633526749600.0,219394748744.375,650643810763.5658,657445930229.6407,634113881508.5046,614318710835.8623
7696,2001-11-10 10:40:00,544744585288.0,231603817133.6875,671940884932.1313,677091858957.2002,660404623336.8196,645735817989.296
7697,2001-11-10 10:50:00,505277905856.0,248777057966.9375,624044753691.5364,626319829067.5457,600528584781.9264,561917826121.2743
7698,2001-11-10 11:00:00,627377697544.0,271853206634.75,601704044444.9382,609220418879.4061,571623295653.5724,528354054523.8239
7699,2001-11-10 11:10:00,645653090264.0,285972284939.375,668014201846.0847,678818623895.2222,653860984076.1276,641496775848.6367
7700,2001-11-10 11:20:00,672874899976.0,293428239393.875,680714479709.186,684618320545.0149,668731695512.3777,653109044718.483
7701,2001-11-10 11:30:00,601332233824.0,284806256817.4375,684855927153.9797,689526478439.6077,676527785871.4333,664252917399.5537
7702,2001-11-10 11:40:00,559260629400.0,285157011515.1875,646588949845.1882,648945874116.4503,630283228939.0588,601682988521.7451
7703,2001-11-10 11:50:00,608002920024.0,272434614561.9375,601474655232.9615,607095523365.1865,580347413883.3035,546538232446.7297
7704,2001-11-10 12:00:00,546859349480.0,274127461997.5625,635514751600.0872,643647729556.333,624080202232.7786,609695767459.6196
7705,2001-11-10 12:10:00,573720413008.0,277133610726.875,600200325969.2098,603066368343.9218,581271823026.2527,549865498209.2999
7706,2001-11-10 12:20:00,711677876952.0,286099131889.25,618116118923.6548,625426710718.5564,604005967308.875,582685934170.3599
7707,2001-11-10 12:30:00,799691302928.0,291055632369.125,703904358083.0264,710730117436.4266,708301457278.6583,716634377431.8564
7708,2001-11-10 12:40:00,921857695848.0,292618814474.3125,768053389168.9685,768378897620.5854,784015245144.2107,801254485033.1584
7709,2001-11-10 12:50:00,933833911936.0,294661999274.625,859393394595.6117,858106321923.1647,889563160573.5681,923900880648.3383
7710,2001-11-10 13:00:00,957659473824.0,289598328638.8125,877759262825.177,870616413604.3201,906683128262.3693,928770241300.1604
7711,2001-11-10 13:10:00,1064699583320.0,296809347384.625,913823043757.9668,908531497145.6935,943514403004.9845,964870492569.8137
7712,2001-11-10 13:20:00,964583962312.0,316131343337.0625,1005638401241.4999,1000804857426.5315,1046240113496.4689,1084021579272.4304
7713,2001-11-10 13:30:00,1188964910568.0,334326357142.625,963066707462.4753,951603845019.2511,984224282233.8629,982778976117.5331
7714,2001-11-10 13:40:00,1231499893480.0,353654696987.8125,1111440334942.066,1111924786301.539,1158241489770.0547,1208293250413.1602
7715,2001-11-10 13:50:00,1073666889824.0,370534362485.75,1162564919752.3384,1150289388912.9685,1209460564260.4785,1248379558977.912
7716,2001-11-10 14:00:00,1229129849888.0,387444629203.1875,1081211181403.7937,1068103193457.3234,1100696450711.0063,1090577156541.4604
7717,2001-11-10 14:10:00,1005888333856.0,400273489885.4375,1174758151449.7085,1175036559177.5981,1210785693835.5083,1241958710570.2373
7718,2001-11-10 14:20:00,837736215176.0,405967868391.4375,1040844000383.7188,1027926521984.5677,1043443519276.9895,1011582712361.9854
7719,2001-11-10 14:30:00,888000533664.0,411068167985.5625,920281322560.1724,920959539580.9502,898966473392.2579,842836514770.1226
7720,2001-11-10 14:40:00,799718098200.0,420933806933.4375,936381569453.8544,945280623022.853,923886216838.949,897866172611.8595
7721,2001-11-10 14:50:00,955643864632.0,429427615875.5625,874409985068.9222,876782756896.7681,852158681797.2407,808211907142.1106
7722,2001-11-10 15:00:00,942941684144.0,416490503024.8125,940564707127.2041,950776867135.0582,941658281237.4237,942706751781.2566
7723,2001-11-10 15:10:00,1064729408912.0,407957308421.75,936704461656.6008,936140127322.3352,940133051839.1986,934408489540.943
7724,2001-11-10 15:20:00,990944454568.0,400854877489.125,1014041138323.5671,1016762889462.5203,1035064433788.5383,1057626977979.3792
7725,2001-11-10 15:30:00,1042107601368.0,397834822855.125,980610118629.6156,974367087676.6858,991838031812.6554,987924399933.9756
7726,2001-11-10 15:40:00,1110389708032.0,399501630259.0625,1015859852913.0424,1016012209161.2522,1034167954092.1398,1043774408771.9414
7727,2001-11-10 15:50:00,1097772718824.0,400022758406.6875,1063050587317.4318,1060157250358.3027,1090595430017.1516,1110910836179.604
7728,2001-11-10 16:00:00,1148772463736.0,397429853439.0,1060637849914.4293,1054414378111.0585,1085343845496.368,1095179813856.3063
7729,2001-11-10 16:10:00,1082213621384.0,399287738105.625,1100077552189.549,1096493027388.8477,1130748347581.5242,1150630348402.609
7730,2001-11-10 16:20:00,1044014794664.0,409950238320.8125,1074030235462.7057,1066206108208.57,1094641935575.1028,1092876121599.1819
7731,2001-11-10 16:30:00,867701750320.0,409777765603.5,1042015914559.1089,1038777297817.3124,1054021764786.0183,1043842321946.6567
7732,2001-11-10 16:40:00,968404491608.0,415418520721.75,930507381940.4089,926890910013.5171,919498179412.2489,873342505438.2505
7733,2001-11-10 16:50:00,926026041920.0,428435240540.625,986219066214.406,994022418791.2662,989706651204.1329,981421211426.8926
7734,2001-11-10 17:00:00,820799207136.0,429460803443.9375,951474702847.7877,950453282113.2502,949355926541.3065,927051604823.2931
7735,2001-11-10 17:10:00,977418344248.0,422357780249.0,870424842564.7362,871920683051.5327,855457963006.2019,813696183941.0911
7736,2001-11-10 17:20:00,1014724411440.0,406243563199.0625,945091944286.8434,954231159427.0369,954446466409.4236,961304127198.0809
7737,2001-11-10 17:30:00,941429402856.0,392743477189.0625,973125073124.4188,971701401075.7802,990630214467.5664,1001224325430.0017
7738,2001-11-10 17:40:00,992504762888.0,386078696346.6875,936170252106.7358,932366358519.4283,944775134931.3828,934764622013.5984
7739,2001-11-10 17:50:00,960048424672.0,384195852555.125,969387433060.4106,970626798564.3464,985234519887.0377,990621919096.4238
7740,2001-11-10 18:00:00,837104000824.0,387851651217.5625,957565747930.3593,954245738772.8505,969574923400.7421,963704223334.4268
7741,2001-11-10 18:10:00,741564922472.0,384917971905.625,873766401342.2004,871210458430.2396,868304677604.1619,834170321512.0548
7742,2001-11-10 18:20:00,806144113024.0,378692448637.8125,797633288686.6512,800964765048.1199,780292287877.9412,735339399204.2029
7743,2001-11-10 18:30:00,798558558736.0,378016403423.875,828048221427.3141,836410152804.0858,822471434064.6743,805468067810.0594
7744,2001-11-10 18:40:00,921861240584.0,375509019167.6875,819181083368.1692,821685589782.5491,815234542433.9233,796051174479.8022
7745,2001-11-10 18:50:00,922703090016.0,377739831961.375,898955769176.0015,904041235877.2621,913106418281.6547,924092053377.6744
7746,2001-11-10 19:00:00,959039811104.0,375152143245.4375,905976185189.1243,903302554938.5912,918784437876.4673,920115401300.0421
7747,2001-11-10 19:10:00,972576277680.0,377206165129.4375,937102114040.1128,936558373066.1465,954077689869.9875,961093832987.9733
7748,2001-11-10 19:20:00,868161563304.0,365839062747.875,939157928790.2784,936624180792.7826,956351463368.1305,961209175298.4353
7749,2001-11-10 19:30:00,782563455632.0,351200623715.125,869509910149.3535,865647775749.9268,873181582062.9641,853523124271.2795
7750,2001-11-10 19:40:00,772182819120.0,340800095961.625,808523645898.3763,809511654365.079,802150461870.8352,772162927878.5077
7751,2001-11-10 19:50:00,746074955568.0,326237376754.8125,786100123061.4703,790518755733.7344,779771571446.7148,757620099913.2103
7752,2001-11-10 20:00:00,807675047032.0,318838461511.25,766981106240.7212,770301303441.0139,760218719962.7695,738676040324.4255
7753,2001-11-10 20:10:00,840341260416.0,314704900924.9375,803799899698.2871,808638859754.9207,806477853482.8699,803541486445.7076
7754,2001-11-10 20:20:00,827444114792.0,303449913901.6875,821208112610.6392,822289010672.1365,827674380441.3861,829086273392.7344
7755,2001-11-10 20:30:00,805440287952.0,296433842034.4375,818792493571.8174,818438961404.563,823643179227.3485,820428042924.7786
7756,2001-11-10 20:40:00,737077515224.0,283846728566.4375,799724769396.8949,799844587674.7368,801069159803.0063,792853174483.9904
7757,2001-11-10 20:50:00,732674412416.0,293575388834.875,773883659205.4583,774164860935.7532,767441204714.7192,746806175492.4458
7758,2001-11-10 21:00:00,828926450472.0,307279254743.9375,773791089664.7441,777042806617.7504,765695068149.5187,746378278325.0363
7759,2001-11-10 21:10:00,877390698824.0,318170739682.3125,833736261317.6665,838492046616.214,837234833295.183,839817935410.384
7760,2001-11-10 21:20:00,773352621000.0,323795785043.0,867474914059.4016,867276495358.4088,877175121776.5159,883015744184.6609
7761,2001-11-10 21:30:00,790101572960.0,321056286766.9375,801705893022.86,798726163146.0217,794860839445.7898,770613122723.9663
7762,2001-11-10 21:40:00,747856563600.0,323883596906.25,809149481842.9088,813474757172.7952,805847551679.6786,792928883099.2827
7763,2001-11-10 21:50:00,676362769976.0,326280343083.75,779565020022.9313,780392803248.2524,772760809666.3179,750253309777.5272
7764,2001-11-10 22:00:00,658308717256.0,329412848385.25,730711815576.0754,733477996071.3843,714713626971.4108,679495275277.4995
7765,2001-11-10 22:10:00,656404518168.0,341751842990.5625,717622878258.5127,723409962014.002,702891205348.5308,670647711861.3074
7766,2001-11-10 22:20:00,725902706960.0,344343402772.375,702724425444.4075,708157343883.0967,689344965594.4928,658996077949.8308
7767,2001-11-10 22:30:00,759193369960.0,351792480114.3125,747392006128.52,754163796815.1353,744469379611.0219,733351784301.9374
7768,2001-11-10 22:40:00,740134220272.0,350745030100.625,764679551796.9135,767108110260.5386,766662341362.0002,758145919946.3097
7769,2001-11-10 22:50:00,769957920672.0,347046404515.75,753449720874.9106,754833595018.6394,751935635127.9014,736435594687.1326
7770,2001-11-10 23:00:00,807108473336.0,325244817763.5,752382657882.7572,755439556410.8052,755481961654.9225,748156333919.7798
7771,2001-11-10 23:10:00,748891938056.0,308730027307.5625,776633478085.4742,778502879141.2605,786945429837.7991,790593682880.0457
7772,2001-11-10 23:20:00,730735357336.0,306609480547.75,753764951054.4965,751781781963.6531,758509385824.1904,746771391296.1863
7773,2001-11-10 23:30:00,936785420992.0,296650048999.5,733345370349.9507,734392404306.4758,735175100571.2087,720775925787.7489
7774,2001-11-10 23:40:00,753158693952.0,281763867311.0,854479587912.2766,859299336831.2822,885308262860.766,921899239303.5181
7775,2001-11-10 23:50:00,675936811832.0,271544397207.1875,755362773109.042,744631418340.0056,762355605734.2373,742939223848.2124
7776,2001-11-11 00:00:00,613052670776.0,389784206736.875,825058412678.393,826189507113.6207,822006598933.9802,794176621361.6885
7777,2001-11-11 00:10:00,471986278992.0,331093943112.125,642267654417.1545,642764724166.7247,616547599499.7133,554362407151.2428
7778,2001-11-11 00:20:00,527181371352.0,286836610149.875,524528463983.45856,533871652371.473,491191089137.021,427728946029.7749
7779,2001-11-11 00:30:00,529696256312.0,241494616060.25,522942536248.44916,535730064263.6821,508375071370.3402,481839377262.39075
7780,2001-11-11 00:40:00,369058854416.0,208846451151.1875,519634612158.91394,525643033783.6165,513951016418.7518,497048091402.9234
7781,2001-11-11 00:50:00,470375758456.0,198215414497.6875,428678035945.26886,430380607166.48285,407843010903.0383,358427817762.50446
7782,2001-11-11 01:00:00,503523075200.0,191820331237.375,481052851835.0152,491906818587.16895,477819401463.63135,463980675195.70526
7783,2001-11-11 01:10:00,476813475472.0,181331921232.375,500401761694.8037,503483391164.7405,502767721243.08514,493034665194.98553
7784,2001-11-11 01:20:00,490322780536.0,174086228171.375,486969417567.93726,488561828506.45593,487474166882.3525,469567782410.97144
7785,2001-11-11 01:30:00,512211467736.0,157419920440.5,482853363011.73303,485807823450.86664,487108330251.0109,473656472805.131
7786,2001-11-11 01:40:00,504124919168.0,138220617268.9375,489929672967.42017,492036000451.1691,499525050364.5983,493012164564.4344
7787,2001-11-11 01:50:00,495667598752.0,119402358448.9375,481591168228.5681,481762790175.319,493206724065.4068,485306660347.9923
7788,2001-11-11 02:00:00,473207454680.0,112871776027.1875,483542672790.05066,483561873983.6186,497239143705.164,489137016330.2277
7789,2001-11-11 02:10:00,516530220248.0,100009747574.125,462772921764.5002,462056646581.8927,474232474235.37524,460345426226.93787
7790,2001-11-11 02:20:00,452908270560.0,88282949563.375,487657004698.80963,489121440956.406,505558092992.4697,504803422237.2322
7791,2001-11-11 02:30:00,549413320512.0,71783571301.75,443764949290.673,441000100118.2378,453838917127.12604,436408892298.3731
7792,2001-11-11 02:40:00,446104535136.0,57471820929.3125,500336956038.80884,503279678750.68494,524308200362.00555,535101570139.5551
7793,2001-11-11 02:50:00,430371637120.0,47665173419.0625,443423048946.0484,437762917134.8189,454650781680.4972,436297887625.72034
7794,2001-11-11 03:00:00,458494074240.0,36917898168.375,425814849106.5232,426900233126.16986,435555803033.8557,419624361869.3095
7795,2001-11-11 03:10:00,517327807520.0,23893680435.875,435651031471.6101,436705844971.7634,451035604738.43396,445469856507.5282
7796,2001-11-11 03:20:00,645433684408.0,14688607305.1875,474015026794.2446,473731804839.2705,499865897517.41437,508122734389.33716
7797,2001-11-11 03:30:00,739888281568.0,-856537876.6875,553211789097.7646,551050922864.6423,597033588074.5662,629888539226.1332
7798,2001-11-11 03:40:00,712249117424.0,-10830959660.4375,629998994014.9309,622348205670.1508,685968436345.2499,729913859784.2524
7799,2001-11-11 03:50:00,777568985016.0,-18418711156.25,630439553000.5585,618059285247.5167,679926451055.9127,704661365928.2081
7800,2001-11-11 04:00:00,689390060288.0,-26605689473.875,678784312450.1039,670662841200.3667,733554333414.358,769382006698.3909
7801,2001-11-11 04:10:00,696641920400.0,-38178725721.625,630019242440.8729,617077959170.8718,670015370561.2673,677817024040.2275
7802,2001-11-11 04:20:00,713819376440.0,-51316047308.6875,630033549436.0353,623830349612.8035,669765739272.3022,683504598812.9081
7803,2001-11-11 04:30:00,622247652672.0,-60102342501.375,644559841279.6716,637369109807.7031,686438539547.3229,705033081247.3389
7804,2001-11-11 04:40:00,665982578384.0,-71884304521.375,585944708727.9669,576462795376.7478,614827196659.2572,610465690652.0258
7805,2001-11-11 04:50:00,610479432920.0,-85456326121.875,604539727698.9791,601535518982.4004,639364641058.0856,652410556783.5195
7806,2001-11-11 05:00:00,574774451672.0,-97960034030.25,570550117152.6271,563057683615.3232,597853004957.943,597975725011.6506
7807,2001-11-11 05:10:00,579791615336.0,-110945790229.625,541898107656.8517,537575314306.8219,565001106788.9126,561788695472.6309
7808,2001-11-11 05:20:00,584211868232.0,-114555910293.6875,547038947450.3064,543853541525.42163,572941322041.2161,576181495271.9503
7809,2001-11-11 05:30:00,618235098408.0,-120511489888.9375,547491176829.74194,543277219921.48926,573842147643.407,578256288636.7314
7810,2001-11-11 05:40:00,520035856400.0,-126071467079.625,568617035486.0793,564789709929.8744,600010139246.2098,612675121217.3204
7811,2001-11-11 05:50:00,587221352952.0,-128905006448.0625,511376374696.1133,503965142808.99243,529567317703.8535,517202317031.5593
7812,2001-11-11 06:00:00,587619717680.0,-129479426543.6875,550016138453.594,549845965471.5443,576973631704.3894,586646932856.3632
7813,2001-11-11 06:10:00,586062799280.0,-130212831681.8125,554446712701.8911,549159248323.7114,580670854219.3143,586886312541.8491
7814,2001-11-11 06:20:00,584880175984.0,-135724756766.5625,551555537260.1323,547286842206.13135,575899136794.9349,580550874195.2551
7815,2001-11-11 06:30:00,586778095008.0,-136542466080.75,555407526012.2288,551432509712.3229,579079687599.2303,584062466669.8003
7816,2001-11-11 06:40:00,587457676992.0,-139687393666.4375,555721941714.0251,551710222818.5392,578836093420.0272,583633167422.288
7817,2001-11-11 06:50:00,518212785464.0,-144034883216.625,555763917379.2551,551895574832.3737,578127966533.9302,583110187441.8258
7818,2001-11-11 07:00:00,587383578000.0,-150382907173.3125,510114131060.791,505345927347.6732,522524731448.93896,511864761507.2948
7819,2001-11-11 07:10:00,610727008968.0,-155587802303.5625,547920984909.9176,548279874342.3844,570622736998.4397,582178682869.7354
7820,2001-11-11 07:20:00,546888763160.0,-163776863887.1875,562766921007.2822,558205184989.4401,588807790449.7482,602537947384.3984
7821,2001-11-11 07:30:00,513774002176.0,-172064629529.0625,525222418976.67017,519425992902.38086,541519778105.16003,538600997518.13293
7822,2001-11-11 07:40:00,496708387784.0,-165373747018.3125,512281934177.2544,509617274315.1703,526307628487.219,520464884686.7256
7823,2001-11-11 07:50:00,517901655552.0,-155829156671.1875,503243578316.36,501193335317.6376,514745275901.08167,506252978131.11426
7824,2001-11-11 08:00:00,447238303120.0,-139068604164.8125,523014551654.80347,522178322574.84314,537454791996.7854,534662208058.3469
7825,2001-11-11 08:10:00,495244407528.0,-115976769766.875,490126575456.39453,486936957857.02905,492831478515.0692,470330137517.95703
7826,2001-11-11 08:20:00,512999154400.0,-87516203498.4375,527526850528.88525,530167494108.6128,532940350041.98413,523704973796.4586
7827,2001-11-11 08:30:00,564457957864.0,-54489032505.125,552470407364.9093,552479104197.5455,556640496898.4813,546026325393.328
7828,2001-11-11 08:40:00,488909310864.0,-31649667154.0,584310319591.0543,585228794806.599,591894068596.2395,587297323215.123
7829,2001-11-11 08:50:00,485608588888.0,-1531262324.6875,553453446304.2395,551718946705.1122,546693914158.646,519027715693.3331
7830,2001-11-11 09:00:00,520989242088.0,17154142651.5,542426690111.19464,546286632471.71326,531487991232.5769,504293993864.1637
7831,2001-11-11 09:10:00,507056852744.0,43250993884.125,571595678720.2308,576347104136.0974,564330813526.8315,547086093320.6116
7832,2001-11-11 09:20:00,497058673520.0,75002594497.625,575335697858.6582,577886396303.0225,563604078477.165,538808453357.5016
7833,2001-11-11 09:30:00,548596714320.0,107615018841.4375,575960238051.6626,580198911502.2753,559467672178.0531,529671097863.7899
7834,2001-11-11 09:40:00,488636190200.0,137914123926.25,611118583212.0684,617340067793.0889,598645934646.171,578895819404.8245
7835,2001-11-11 09:50:00,510251116840.0,156318751190.375,569570509371.2517,572557009380.334,546257234087.3638,507040817464.1346
7836,2001-11-11 10:00:00,574336349440.0,176480116440.625,581390092231.862,589632591434.2002,560345628692.0015,530412482090.2469
7837,2001-11-11 10:10:00,577130004800.0,184375277834.9375,611988526585.2322,619323853883.6605,598473336577.7399,582231510834.3062
7838,2001-11-11 10:20:00,698431470008.0,188056951956.125,612229644639.1511,616399311091.3727,599608101431.6453,580811678921.1674
7839,2001-11-11 10:30:00,512339333568.0,200910297887.4375,699215780111.9545,705751609166.9188,702520979960.4196,711284815939.3185
7840,2001-11-11 10:40:00,537294476688.0,209933202766.9375,590535956910.8889,586773725044.532,567412260892.0394,521362238447.52466
7841,2001-11-11 10:50:00,544010777872.0,230432073260.75,607721566667.8506,617429982342.0989,587240241517.4536,557793347181.8213
7842,2001-11-11 11:00:00,594827511088.0,250090388908.75,613992501942.6421,620121952132.9548,592743557641.8918,563669093519.9727
7843,2001-11-11 11:10:00,651898179704.0,268390613056.75,648146319624.2551,655600872941.447,631827566680.636,613127735236.0055
7844,2001-11-11 11:20:00,710338900336.0,278069385959.9375,683032084811.4875,688717514336.0344,672075684288.1074,661576952607.1768
7845,2001-11-11 11:30:00,785039519192.0,278769108017.5,717565194576.6193,721852316202.5988,713275441707.3215,711038622393.5317
7846,2001-11-11 11:40:00,754725923496.0,285889406994.5,776216986680.8424,778836409276.956,782301501874.2899,792159818168.9839
7847,2001-11-11 11:50:00,760052269352.0,282474902187.625,757939067862.383,756236698738.9482,758024708408.9216,751311418689.1338
7848,2001-11-11 12:00:00,971874475608.0,288177207675.1875,769390955092.4618,770902203593.8416,770796636913.5835,765754574839.539
7849,2001-11-11 12:10:00,941634846640.0,305115043528.125,919042518039.4048,922759692217.026,947869596030.6531,988812311460.9204
7850,2001-11-11 12:20:00,1110082870560.0,333629236192.125,937180025931.4124,928276466804.2151,957709437119.9619,970149039303.9944
7851,2001-11-11 12:30:00,1182231215744.0,358050581201.375,1055747032740.9054,1054322386366.242,1093317723752.2074,1134504215569.2373
7852,2001-11-11 12:40:00,873372563416.0,380398729238.0,1125680931244.1262,1116625865292.6343,1166368535867.7886,1204579363780.625
7853,2001-11-11 12:50:00,876035788720.0,403047040643.375,951345647745.2424,936934559383.8242,944111941085.5223,896020874821.3967
7854,2001-11-11 13:00:00,784073668456.0,411491939495.9375,925730096482.096,931938491626.897,915349428912.4164,884480687572.5353
7855,2001-11-11 13:10:00,740123450216.0,425486140485.1875,865197445594.2471,867578149078.1285,842926477983.2638,798067869445.2467
7856,2001-11-11 13:20:00,1065083654352.0,449109582506.6875,837025968182.115,844149471100.6653,809517019651.5134,763746892237.4783
7857,2001-11-11 13:30:00,923199496568.0,470546228530.6875,1036494599778.6442,1049741292736.2665,1052724858774.779,1086520300375.976
7858,2001-11-11 13:40:00,933897927824.0,488162180757.0,968681906991.838,960150018402.4701,964116798574.6475,940815448794.2909
7859,2001-11-11 13:50:00,1024356872232.0,505475566149.3125,975514804795.6936,979952015431.6252,969435267387.1077,951211313216.3024
7860,2001-11-11 14:00:00,1039529270080.0,519013380834.5625,1031834428511.5979,1035662776904.5635,1036675088330.2104,1037894686917.2762
7861,2001-11-11 14:10:00,1109539135576.0,517380128915.125,1035515552766.7831,1034953189497.0148,1041039669151.8693,1037896018160.5883
7862,2001-11-11 14:20:00,1130275785536.0,518980080378.375,1084467839889.0708,1085561564621.9208,1099592883230.954,1111139087039.2256
7863,2001-11-11 14:30:00,1363305764176.0,508629886619.75,1093582021426.1584,1090684201010.0895,1110691204348.4688,1119925591777.3638
7864,2001-11-11 14:40:00,1496341104432.0,502668841821.5625,1247716911844.4194,1248280306694.6829,1296584874099.7568,1357344719377.7827
7865,2001-11-11 14:50:00,1320453905952.0,506104808082.0625,1364341662588.0923,1352808856488.1008,1429223681565.026,1499777070692.4717
7866,2001-11-11 15:00:00,1612671483344.0,492862724558.1875,1263623634676.3193,1244761001407.0576,1298504542870.264,1307211822428.1025
7867,2001-11-11 15:10:00,1759311738064.0,477662522729.75,1441448392563.1294,1440341344978.359,1513676265403.7239,1597471281515.5452
7868,2001-11-11 15:20:00,1855160037096.0,472530557024.125,1568296596432.9504,1550166609620.4172,1658239402594.5676,1754179772358.395
7869,2001-11-11 15:30:00,1706077986488.0,480006974734.375,1670863529774.1938,1649275075202.0283,1767479190962.512,1862636454806.258
7870,2001-11-11 15:40:00,1385005406768.0,477846064532.6875,1596874398993.607,1570096828416.9136,1664529970995.3135,1703917076286.3228
7871,2001-11-11 15:50:00,1620821331208.0,478363926327.0,1398372694189.6025,1379202250064.4224,1416927169487.3599,1385523268562.3433
7872,2001-11-11 16:00:00,1863674860672.0,480732792141.0625,1526698054732.2468,1529385606228.3552,1575974248715.2173,1623190197022.033
7873,2001-11-11 16:10:00,1863452736304.0,476124888718.0,1687368900120.2798,1676549630604.209,1767382738062.7456,1859066957248.9639
7874,2001-11-11 16:20:00,1492151031048.0,493968791150.375,1736213396511.1753,1714257427842.2356,1812072048934.2388,1881296638736.4
7875,2001-11-11 16:30:00,1454570779040.0,503541139208.4375,1514678619398.3604,1490255765470.3948,1532220180489.3738,1501723379106.0815
7876,2001-11-11 16:40:00,1365180612200.0,515004630925.0625,1471397026941.3223,1470496919552.524,1481407658990.9211,1466034270756.6072
7877,2001-11-11 16:50:00,1492477693744.0,525498189432.5,1403976405548.3818,1400439525255.228,1401582303800.8389,1375674170707.454
7878,2001-11-11 17:00:00,1392729977976.0,531069803670.3125,1468129277569.994,1471821153305.8203,1483257318193.5122,1498049307981.7874
7879,2001-11-11 17:10:00,1665448243176.0,527745143298.875,1399813517082.7153,1393256774508.3247,1402059224236.8608,1389405317604.5476
7880,2001-11-11 17:20:00,1630066371392.0,521719454911.75,1559869211965.685,1564627054859.366,1600255813985.3726,1659422554788.851
7881,2001-11-11 17:30:00,1466173803576.0,530716543612.8125,1570671801372.6309,1557125821700.211,1605593225867.9504,1639063460093.0415
7882,2001-11-11 17:40:00,1526922765904.0,539562127808.0625,1476441779333.5493,1465490823790.506,1485766688468.2388,1475019387771.2532
7883,2001-11-11 17:50:00,1569239201328.0,557007369530.1875,1516585404491.816,1516681135033.495,1531598419262.7805,1544368007626.151
7884,2001-11-11 18:00:00,1649084506472.0,584890858433.4375,1561305062511.7278,1557116189665.3506,1578856117577.1526,1597122690231.2354
7885,2001-11-11 18:10:00,1899013738664.0,598824638023.5,1611040429385.5803,1606788308949.4553,1634581727943.062,1663018286062.0923
7886,2001-11-11 18:20:00,1721624760448.0,610480349259.875,1779724336025.814,1776398880444.584,1832865201768.4136,1910669449900.3909
7887,2001-11-11 18:30:00,1750993176704.0,618458574469.625,1691320113102.8054,1671816457327.6272,1716583091639.1396,1729602985657.754
7888,2001-11-11 18:40:00,1755913595040.0,632501004869.3125,1716048226153.409,1711602092413.0283,1740435785572.529,1765035607103.6687
7889,2001-11-11 18:50:00,1707175325368.0,653689533962.6875,1734235567212.1357,1726802481489.8562,1755099366102.2173,1777102124133.3723
7890,2001-11-11 19:00:00,1672476742928.0,677944442703.0625,1716270997014.3425,1709298787161.2964,1725240141747.8042,1731430234108.359
7891,2001-11-11 19:10:00,1790691401968.0,694828431656.25,1691842190003.9028,1688401823838.9956,1691154273693.7944,1689360731881.1626
7892,2001-11-11 19:20:00,1667193285536.0,698695640628.0625,1754022741406.6467,1755017177581.9521,1766212115329.062,1794558610939.8333
7893,2001-11-11 19:30:00,1500141591000.0,701380156588.375,1682501360243.8384,1675070041583.2456,1676166629127.4885,1669877801496.2942
7894,2001-11-11 19:40:00,1719824597440.0,700980692781.3125,1565694861466.6929,1564575822839.8464,1536308619673.532,1499742127192.9092
7895,2001-11-11 19:50:00,1866059525800.0,686267815376.1875,1672251122883.3552,1682836448867.387,1673875767104.4028,1705111720034.851
7896,2001-11-11 20:00:00,1693591904120.0,679978224525.8125,1779741894556.4297,1777640237031.1643,1802230011541.6055,1859769934949.6172
7897,2001-11-11 20:10:00,1807811284160.0,672487925642.3125,1684624885284.8347,1672712567981.012,1682975600447.7266,1686101605236.5015
7898,2001-11-11 20:20:00,1713953412040.0,661459285162.0,1746092698570.5117,1747918919352.3687,1758571631669.4045,1796782643679.6772
7899,2001-11-11 20:30:00,1781700921176.0,650304903930.375,1691154500437.238,1683036594394.5857,1691633813957.7341,1702799030808.3774
7900,2001-11-11 20:40:00,1809757099592.0,627483333453.3125,1713464875527.8147,1712801943743.5813,1726029862218.2512,1758879350698.9104
7901,2001-11-11 20:50:00,1502474091720.0,606851674952.0625,1732149843089.37,1726783371015.2666,1750104101590.093,1789125441090.7285
7902,2001-11-11 21:00:00,1449278107864.0,596299448535.625,1547777879483.9683,1536471551119.5654,1525155932822.3613,1491921865303.579
7903,2001-11-11 21:10:00,1463863402568.0,589846667788.125,1494109715010.6772,1500029937688.2856,1465302474493.9255,1442825327116.4697
7904,2001-11-11 21:20:00,1520967504360.0,584636101141.5,1491503255021.824,1497481805183.3955,1465134332437.6157,1458652835921.3752
7905,2001-11-11 21:30:00,1599654053936.0,576054710566.4375,1516164610042.9214,1520874907333.6738,1500977232042.702,1512386113784.9475
7906,2001-11-11 21:40:00,1673399565520.0,580868966227.0,1578978833650.814,1581020175661.8633,1575662406989.3293,1604468309596.5676
7907,2001-11-11 21:50:00,1490066068768.0,582617193563.625,1633852270734.9233,1632365859971.8574,1637979286342.5627,1675147792856.6328
7908,2001-11-11 22:00:00,1511227545120.0,587770348982.1875,1532250563718.1172,1525065061918.192,1508933428312.0366,1495219224186.5466
7909,2001-11-11 22:10:00,1583696923328.0,600956937556.0,1545716587643.2625,1551066149582.5955,1522852008343.6528,1524414133693.7913
7910,2001-11-11 22:20:00,1608813652456.0,617859788371.5625,1597933958282.2256,1601188125394.291,1582647272971.2356,1600599774143.5444
7911,2001-11-11 22:30:00,1631171762568.0,632156258009.4375,1623053998100.7156,1623372620179.2236,1606541691402.7747,1623110122093.8647
7912,2001-11-11 22:40:00,1559504110920.0,645132833795.0625,1644166892081.956,1644963834369.9282,1627343011070.3289,1644148338353.6206
7913,2001-11-11 22:50:00,1586350367752.0,644349854947.1875,1590563975260.4443,1589428091990.8418,1562692790516.9023,1558721132072.1553
7914,2001-11-11 23:00:00,1578897571232.0,618615645335.3125,1578207267237.336,1583034219348.4512,1551837381646.6553,1560616158140.1533
7915,2001-11-11 23:10:00,1478305025120.0,577545570945.0,1548607140940.0642,1551068900355.5552,1524636227343.9368,1537827496841.6912
7916,2001-11-11 23:20:00,1382312175632.0,542740949041.8125,1476388536171.1553,1477135883754.538,1445051309641.1406,1443500403216.784
7917,2001-11-11 23:30:00,1369847967848.0,503982750988.0625,1391299372580.4521,1394607919754.6382,1354572255367.0193,1343553977578.2578
7918,2001-11-11 23:40:00,1335306386480.0,466141184304.25,1359658759795.563,1365650781495.3076,1330138551064.291,1332006401164.1892
7919,2001-11-11 23:50:00,1018724712904.0,430725612076.5,1325933384298.0452,1329645384939.9353,1296318237200.823,1299890814252.281
7920,2001-11-12 00:00:00,1095615349624.0,439570642159.6875,1155254289897.5654,1154796383040.0125,1087890184951.012,1027569742987.1743
7921,2001-11-12 00:10:00,1169925571568.0,399973952746.3125,1130461187682.893,1147448769166.2996,1077081185334.1146,1056018660210.6508
7922,2001-11-12 00:20:00,1175831902584.0,374213874076.375,1165465549570.894,1175584829722.0117,1135034865491.6904,1144165492898.0771
7923,2001-11-12 00:30:00,1154612735456.0,345790576432.9375,1160880080079.2798,1164799881940.3662,1137173328298.7568,1147408604940.5857
7924,2001-11-12 00:40:00,1113791702488.0,317413727557.0,1140018249786.4019,1142690518361.1763,1118400795393.5344,1126235886580.0508
7925,2001-11-12 00:50:00,1169205668208.0,312049791095.4375,1129446184511.5828,1131925645098.082,1105397290979.9043,1108427766026.4182
7926,2001-11-12 01:00:00,1154124084992.0,303076381648.75,1158161959087.236,1162086889347.4717,1143017134830.4165,1160232258761.3193
7927,2001-11-12 01:10:00,1027993382816.0,282286227311.4375,1140368962319.9893,1140750627612.0527,1122391996957.1963,1133333930654.6912
7928,2001-11-12 01:20:00,958064954888.0,254894389862.375,1046965138619.0201,1046884299066.7766,1015268376673.6086,1000601545366.9178
7929,2001-11-12 01:30:00,1090168127192.0,220276528252.75,975443227827.9861,980708598985.9976,940069526421.0422,923447093278.3918
7930,2001-11-12 01:40:00,1124371947936.0,192254155056.1875,1045786846671.0691,1054798596897.0013,1034011152750.7305,1062145753995.4521
7931,2001-11-12 01:50:00,939953035816.0,172281771082.375,1076008813346.7644,1075306429126.0016,1072655222269.5259,1104399563962.2153
7932,2001-11-12 02:00:00,847599743504.0,151061465127.5,960752641617.9812,955679549846.5614,933540878875.3868,918732729861.1416
7933,2001-11-12 02:10:00,924707191112.0,126085058091.3125,881981253514.2892,886791899714.929,844095131286.0194,822623336467.7831
7934,2001-11-12 02:20:00,853210942424.0,100856127881.8125,908907917747.182,917261362600.7059,888477317636.1765,899478260902.5265
7935,2001-11-12 02:30:00,687648671616.0,73222773540.625,854967210708.4875,855531779620.936,829674349856.5366,825577588082.7979
7936,2001-11-12 02:40:00,708165034104.0,54800497216.875,744923784416.4882,747076737579.5292,702369352640.2546,669226395292.2233
7937,2001-11-12 02:50:00,692310370160.0,39562777532.8125,739068466973.6608,749099489767.7855,704744392117.6396,692927314419.9064
7938,2001-11-12 03:00:00,656193218640.0,29520710203.3125,723770862942.5673,729379462024.0321,692269430301.4021,682268302830.484
7939,2001-11-12 03:10:00,787138326000.0,19922395580.125,694463454936.8876,699880522147.6448,660889910454.9634,646594904016.8253
7940,2001-11-12 03:20:00,684915715088.0,18602668153.0625,776152121991.2997,784610562527.719,764502796967.5538,785818598572.9656
7941,2001-11-12 03:30:00,779535654952.0,7493986220.25,709429633211.751,707146557834.5536,685444789300.5166,673807033155.1973
7942,2001-11-12 03:40:00,729359821520.0,1448849414.0,767219485107.1913,774223287907.1787,755961243797.091,773490518145.7397
7943,2001-11-12 03:50:00,757174152856.0,615740155.3125,745887999651.6608,744876355499.2294,728120970137.4963,728526712261.2828
7944,2001-11-12 04:00:00,740791284136.0,-5684766798.5,755311239006.5062,758314508184.6971,742875408389.4191,750873645902.2147
7945,2001-11-12 04:10:00,611592127184.0,-9405782083.0625,747874241021.699,748607740213.1814,733584849767.0884,737070268851.4521
7946,2001-11-12 04:20:00,763322139272.0,-13961738540.4375,662671203210.4795,662374352235.7794,632483343304.8076,607036170726.6176
7947,2001-11-12 04:30:00,737533248712.0,-24605478177.0,740149341202.4236,749438937106.4633,732119524652.5321,752678399635.4281
7948,2001-11-12 04:40:00,742473203520.0,-28762166367.0625,734096859152.0453,732321402665.1104,725138617860.2562,733376560521.9652
7949,2001-11-12 04:50:00,743852759112.0,-36854823954.1875,731377246804.4747,731987279505.006,725831141875.6141,734380545932.8768
7950,2001-11-12 05:00:00,769136139944.0,-45145180112.8125,730965581983.3779,730903181848.6968,726533908866.3483,735562402953.375
7951,2001-11-12 05:10:00,729807956824.0,-52273578145.1875,747568084341.3922,747728226751.8615,746897875852.5535,762007741911.6245
7952,2001-11-12 05:20:00,758796979952.0,-52979882382.375,731162746130.9949,729107343963.2264,724960074190.4489,729101652586.7906
7953,2001-11-12 05:30:00,606386725168.0,-54862176383.5625,747997126049.6755,748848029361.3777,744914835203.6582,756914685950.7864
7954,2001-11-12 05:40:00,725891280624.0,-56857538850.9375,652914705270.0938,649621442719.5543,629293459105.4912,604391362700.6122
7955,2001-11-12 05:50:00,761861482136.0,-49272562954.4375,723981057356.914,731588634105.8058,719202920238.0542,733476256520.472
7956,2001-11-12 06:00:00,729179729800.0,-47470127444.25,748986298154.6123,747874615606.3359,748526838247.2904,763663917646.1703
7957,2001-11-12 06:10:00,765588325168.0,-39928060844.25,739336105005.2816,737445226328.9749,733536896011.818,736721796400.0023
7958,2001-11-12 06:20:00,802494691248.0,-35632857689.0625,760882732067.4763,761688943375.0299,758950260395.391,769883528323.1697
7959,2001-11-12 06:30:00,732341696856.0,-32551801141.875,786755977218.4799,786023046706.3184,789333391881.1959,805575747795.1774
7960,2001-11-12 06:40:00,642602586032.0,-27955315202.375,748168652390.2712,744690534126.7693,741130177452.5802,736938182795.487
7961,2001-11-12 06:50:00,743126138024.0,-28295568678.1875,683551626356.0529,683514151287.7628,663726863170.052,642262332556.1843
7962,2001-11-12 07:00:00,774554566056.0,-28395377424.875,736929999515.8651,743155837973.1643,732146787098.8975,743026329277.3438
7963,2001-11-12 07:10:00,768576949912.0,-26046156214.5625,762262730171.7394,761607652921.3446,763303208923.4258,776903787266.2848
7964,2001-11-12 07:20:00,762129813944.0,-25722467822.5625,760755006682.123,759006474322.2444,761051866458.1713,768900638303.9773
7965,2001-11-12 07:30:00,752467297408.0,-22010618307.0625,761374908133.3168,760302221436.6942,760401854781.2812,765841663459.5043
7966,2001-11-12 07:40:00,722470492448.0,3347647934.3125,778018361501.3306,777266214343.2185,775453068381.0544,777825563649.3523
7967,2001-11-12 07:50:00,659226498080.0,37958909070.0625,774731908534.9519,773610823629.6105,766507713509.7648,757081753583.7457
7968,2001-11-12 08:00:00,762430484520.0,75752894919.6875,746067902154.8079,746789999826.5411,724068147103.9252,697020483929.6345
7969,2001-11-12 08:10:00,808188725840.0,128467670287.1875,829867231064.5865,836800896602.0182,817194552694.2748,815145259887.5295
7970,2001-11-12 08:20:00,864841940056.0,182971906866.625,879865827958.2822,881418904086.6482,867448720018.5104,862692962419.4257
7971,2001-11-12 08:30:00,947895029632.0,240798935615.9375,937345402620.3901,939823431291.1802,926099485177.3165,922668968805.2855
7972,2001-11-12 08:40:00,758529406832.0,293473271899.125,1004775099470.4395,1007078384042.6788,997771021694.6147,1000569365915.2073
7973,2001-11-12 08:50:00,1184541640568.0,349741810768.375,908711455075.7662,905903746366.3656,869253855915.8453,814797945701.2805
7974,2001-11-12 09:00:00,1088518251488.0,404333750583.0,1176331980272.3704,1193509754992.1616,1189330189798.5347,1239133580382.6326
7975,2001-11-12 09:10:00,1015889261704.0,462690199356.125,1160372999264.5405,1150022653705.6875,1154245676985.7256,1146874700261.096
7976,2001-11-12 09:20:00,1005326248192.0,522455066023.625,1133047695367.129,1133926750812.5215,1108607947062.3374,1075654128371.4741
7977,2001-11-12 09:30:00,1305498367488.0,576558895510.25,1130427353031.0684,1136311134404.7607,1096731646266.9176,1059430077678.656
7978,2001-11-12 09:40:00,1333120474256.0,616035259548.0625,1312994982046.357,1325203127177.4048,1315300399716.1777,1344974731525.7954
7979,2001-11-12 09:50:00,1176986525960.0,634164199621.625,1336639782498.0,1332499883066.501,1339636251003.3608,1351249414329.536
7980,2001-11-12 10:00:00,1079784181088.0,654956750833.8125,1251265306796.2004,1247773614338.336,1230401948187.4534,1197779077172.1956
7981,2001-11-12 10:10:00,1312103504320.0,663636958882.125,1172551098281.7158,1177657995707.7954,1135981786621.8826,1088464389136.3016
7982,2001-11-12 10:20:00,1457936488192.0,670997477919.0625,1304423047610.849,1317761050877.4033,1301453965796.5852,1319464023356.9224
7983,2001-11-12 10:30:00,1362258559640.0,685829021021.3125,1417194432688.629,1417281319427.261,1435082767606.4102,1472768031294.227
7984,2001-11-12 10:40:00,1225882594456.0,700077092860.25,1378282938708.219,1370888808943.9448,1379281174128.189,1376506631478.956
7985,2001-11-12 10:50:00,1213290984216.0,722189597685.375,1303194430688.3628,1301902608781.1716,1282483042819.3152,1247995099281.1528
7986,2001-11-12 11:00:00,1157497792128.0,744432158728.25,1289942325250.1536,1296030539236.6394,1265376143652.7195,1235533545258.8564
7987,2001-11-12 11:10:00,1193234238496.0,764936339353.4375,1252042719764.6309,1257539151923.3208,1218084030256.7192,1178001972753.1643
7988,2001-11-12 11:20:00,1356873847440.0,766187828838.5625,1249482804656.489,1258870875010.058,1221028740748.7607,1194485727981.1409
7989,2001-11-12 11:30:00,1321293440744.0,760921362833.4375,1341975017619.358,1351473948102.719,1337358535057.4783,1351607381434.8643
7990,2001-11-12 11:40:00,1379173607544.0,762409139477.375,1333919357369.0115,1332854670430.209,1326464235847.2769,1322781217387.9329
7991,2001-11-12 11:50:00,1498161826672.0,744346801361.5,1353037788365.1555,1356229034943.0337,1353011420239.1514,1361111269428.1309
7992,2001-11-12 12:00:00,1573445279856.0,743256702558.0,1444473855571.327,1445939562969.587,1462794279665.2922,1497071727868.5024
7993,2001-11-12 12:10:00,1596087614168.0,742487664354.4375,1506766207809.9902,1501814103803.35,1534287600960.3906,1572676241652.4155
7994,2001-11-12 12:20:00,1567540556720.0,746917130931.875,1542173949217.5867,1535169229597.0596,1568630334091.7317,1600517080745.4133
7995,2001-11-12 12:30:00,1221279030520.0,748584464783.5,1533396941665.202,1525943524588.4788,1552457339564.9492,1569207890571.631
7996,2001-11-12 12:40:00,1201210947096.0,742253632767.8125,1309807314819.9858,1300193294903.6504,1279543932899.7637,1214948198504.3267
7997,2001-11-12 12:50:00,1185409238032.0,731052252312.3125,1261775375412.5652,1272807595562.2715,1230847340355.4387,1190009566640.5215
7998,2001-11-12 13:00:00,1663099521064.0,712606498872.6875,1225896480350.3005,1233569080724.6743,1197653171390.2693,1166963484592.3591
7999,2001-11-12 13:10:00,1397020643288.0,700394630108.25,1519596912162.6338,1534062521437.8467,1561618864093.7751,1650887652299.5496
8000,2001-11-12 13:20:00,1321304248680.0,708213312048.4375,1404863178101.7964,1385384047809.093,1411015214141.5386,1404839325228.206
8001,2001-11-12 13:30:00,1412664808000.0,722160638028.4375,1360314226136.435,1360413243542.6538,1353751761501.3135,1335251574660.0166
8002,2001-11-12 13:40:00,1425062515152.0,742001282753.4375,1422304023264.3064,1425955384786.1821,1425292321453.0896,1432505452724.9976
8003,2001-11-12 13:50:00,1332882886864.0,761286782105.375,1440258308943.5596,1438647351481.8398,1442336731813.7632,1444348014503.954
8004,2001-11-12 14:00:00,1488978789224.0,775828626209.4375,1384367058754.2075,1382323839716.5706,1371550828480.6875,1347424730968.0688
8005,2001-11-12 14:10:00,1462726336600.0,790326865352.1875,1479353833538.5835,1485889628895.0605,1486289124694.5464,1503477028366.7683
8006,2001-11-12 14:20:00,1532580065480.0,806135741976.5,1477202053948.8274,1473363375616.8384,1478889236086.711,1478535213224.3176
8007,2001-11-12 14:30:00,1395981373392.0,821007803810.9375,1525493013252.064,1526445808130.8896,1534875829435.1099,1547452127314.4604
8008,2001-11-12 14:40:00,1287951928264.0,836476384848.75,1449205007646.3774,1444055276548.5757,1438172839750.7258,1411449954429.806
8009,2001-11-12 14:50:00,1492899239808.0,852424331891.4375,1376401390379.5684,1379381615645.4045,1348441573440.8765,1303899875306.6782
8010,2001-11-12 15:00:00,1429373486200.0,862114226000.75,1489800924303.5088,1501027280794.3916,1489711374681.6016,1502589133917.3303
8011,2001-11-12 15:10:00,1603447212584.0,856494796413.5625,1445471111394.6528,1442548531413.959,1437140368473.7996,1423754056612.8071
8012,2001-11-12 15:20:00,1644392672496.0,861478420594.5625,1560552556908.457,1566449220583.376,1577304137364.0806,1608430836764.9897
8013,2001-11-12 15:30:00,1557540440808.0,863204846282.375,1598892234926.8857,1593466533765.2476,1620221851631.7974,1646119098183.7847
8014,2001-11-12 15:40:00,1520922427112.0,857359153384.625,1546172629160.4058,1539576675762.3462,1554249975566.5278,1551694747910.2358
8015,2001-11-12 15:50:00,1694954119184.0,861087476031.0,1527514443787.648,1526279310775.606,1530913146129.224,1524650749758.3525
8016,2001-11-12 16:00:00,1701342008648.0,871012350769.4375,1643254920650.9414,1645759117896.7612,1668895740734.542,1704878993922.4556
8017,2001-11-12 16:10:00,1572494069368.0,867802142129.5625,1651929774951.4307,1644036211205.1187,1675846586625.0076,1698131800008.102
8018,2001-11-12 16:20:00,1404639578408.0,868407639745.8125,1579601294701.2412,1572253632517.3047,1584472656751.3706,1573099566984.2324
8019,2001-11-12 16:30:00,1550623958272.0,879037515904.125,1476282018378.6472,1474403048729.228,1457724186248.1448,1415269454566.311
8020,2001-11-12 16:40:00,1441296470760.0,891512857174.75,1555761886108.5981,1564225362534.462,1558324196025.0967,1563099299542.6074
8021,2001-11-12 16:50:00,1486015264600.0,899290332648.0,1491952949005.7285,1488968158440.9834,1476788159986.8716,1449073946233.2268
8022,2001-11-12 17:00:00,1581652633600.0,908881922026.125,1513123915715.192,1519034172402.512,1505799847441.3335,1495606853978.1504
8023,2001-11-12 17:10:00,1591566737904.0,906060687393.75,1561964084521.009,1565007853607.5767,1568567996037.9517,1578831398967.6226
8024,2001-11-12 17:20:00,1683900895040.0,903977825530.5625,1573935756238.6348,1572135337931.0654,1582447479323.8237,1589483876040.7932
8025,2001-11-12 17:30:00,1409582860072.0,915989429794.75,1651416384786.601,1651405577244.084,1670289635937.9277,1695912499304.189
8026,2001-11-12 17:40:00,1345743985560.0,929576008659.25,1492919403210.516,1483310538259.6963,1472455187862.6711,1423169438936.5261
8027,2001-11-12 17:50:00,1291779538520.0,933802496259.125,1426251426213.1938,1433750418322.4194,1397473139242.9019,1349970473159.8638
8028,2001-11-12 18:00:00,1388046800088.0,949970141701.9375,1388586613417.3586,1396199169281.7969,1355303497945.5012,1307947183962.794
8029,2001-11-12 18:10:00,1423348202576.0,959293277879.875,1436090618205.4104,1447274246437.2236,1415290920043.8853,1397369936265.959
8030,2001-11-12 18:20:00,1706072842648.0,951151892667.8125,1443233011360.683,1448668833523.9937,1428170094380.858,1415206817363.9097
8031,2001-11-12 18:30:00,1617406270688.0,933494602587.625,1608809336570.0845,1617108247952.3457,1635908748915.0078,1688415552567.8286
8032,2001-11-12 18:40:00,1595397472016.0,918402570806.875,1572503764420.5156,1562144970047.9092,1589895905473.015,1602314238907.23
8033,2001-11-12 18:50:00,1573604321616.0,914756923821.4375,1570105836116.2644,1567500350157.8599,1584259447686.0767,1591751825030.5312
8034,2001-11-12 19:00:00,1612058957696.0,912440096922.5625,1559622626448.9333,1556682294035.7593,1569871064181.8228,1571287494717.1216
8035,2001-11-12 19:10:00,1558411493560.0,909799990867.625,1584671637882.6396,1583890775207.1687,1598554995652.028,1609418851641.0903
8036,2001-11-12 19:20:00,1584063757680.0,892680652006.8125,1541469841978.4531,1537831978512.4868,1545865285540.255,1541292154699.2092
8037,2001-11-12 19:30:00,1834433324224.0,868463997935.0,1542744460794.5986,1543459398903.796,1552152917987.9678,1559847103608.1562
8038,2001-11-12 19:40:00,1855940631544.0,840681833124.6875,1693771323639.5168,1695557543021.2888,1738767883228.8022,1806651159413.7026
8039,2001-11-12 19:50:00,1692859470808.0,804204359439.875,1716449672038.1187,1703451976811.496,1763936860104.4795,1819463157859.184
8040,2001-11-12 20:00:00,1930596302328.0,771351039738.8125,1621783964425.2412,1607763874076.4424,1647263155444.71,1660006151106.9272
8041,2001-11-12 20:10:00,1815641830664.0,748580806709.6875,1770443597215.253,1769254888442.9526,1829532858815.4722,1907826069298.869
8042,2001-11-12 20:20:00,1571048052624.0,737695715226.375,1726533654935.7788,1707332022705.1655,1769998219082.9038,1804756739180.657
8043,2001-11-12 20:30:00,1687370707616.0,733050343715.8125,1577376530469.9353,1563920741497.8188,1587375462036.8623,1566402681113.466
8044,2001-11-12 20:40:00,1559088904336.0,717503031012.125,1624123600117.103,1626179433816.4253,1648409083670.7415,1671823394912.3245
8045,2001-11-12 20:50:00,1687952584520.0,708809035142.5625,1549865719553.094,1540746541539.8765,1557216651695.0693,1550394908466.4404
8046,2001-11-12 21:00:00,1567649164696.0,703167537481.875,1627615645631.5771,1629595596638.4062,1649661148204.7148,1682311086859.2983
8047,2001-11-12 21:10:00,1826905965488.0,687098738816.375,1545724656280.2192,1536111957384.7227,1553739161590.8438,1551580366030.4736
8048,2001-11-12 21:20:00,1960390897448.0,673119032225.5,1700782468504.332,1703738721271.5266,1745572105485.8179,1812926258897.0996
8049,2001-11-12 21:30:00,1978144046216.0,660117402185.0,1805084947368.4219,1792657143134.166,1866637726793.1055,1947389267407.4858
8050,2001-11-12 21:40:00,1716779853224.0,655641643503.625,1845276337564.6726,1828356600846.952,1905971320007.0115,1973668287534.6348
8051,2001-11-12 21:50:00,1827463389152.0,657730517994.75,1700963195980.6646,1680796763329.7202,1721919484192.5803,1718868727715.129
8052,2001-11-12 22:00:00,1737765865168.0,670763438453.5,1772420515320.708,1770909698058.9072,1803975018966.0225,1840496309610.7485
8053,2001-11-12 22:10:00,1674858255088.0,679800599718.75,1722302961927.711,1710487356022.7354,1738569852835.4346,1746803026433.2532
8054,2001-11-12 22:20:00,1660393648216.0,672802879234.5625,1664613698258.101,1659763200582.634,1669671440464.379,1667860534603.8306
8055,2001-11-12 22:30:00,1449267605144.0,662664870245.0,1640717978649.7178,1638849352148.893,1645825453659.7852,1650255639226.4404
8056,2001-11-12 22:40:00,1543546725728.0,652841908675.5625,1498739887166.039,1493457653983.066,1477372605684.0781,1439444643574.5903
8057,2001-11-12 22:50:00,1494816081072.0,643900012968.4375,1537479771834.9092,1545828684015.8794,1530226165353.102,1534604830020.8706
8058,2001-11-12 23:00:00,1350494784256.0,615976880495.8125,1483183543608.371,1481861428345.0933,1472534411137.0369,1466892948599.3887
8059,2001-11-12 23:10:00,1252542964864.0,583993075520.0,1373362088529.9487,1373776108493.047,1346748178840.4238,1318510979280.1646
8060,2001-11-12 23:20:00,1337559820128.0,563762697040.625,1297395355528.226,1302889387814.6843,1264018555260.6265,1232312586384.646
8061,2001-11-12 23:30:00,1542902346392.0,548830914912.25,1334989346694.452,1344078366112.6855,1319580790120.7231,1322628037999.6445
8062,2001-11-12 23:40:00,1465865567680.0,523792340857.25,1451310276985.4216,1455885151347.476,1467638478450.3276,1517863772337.0044
8063,2001-11-12 23:50:00,1229880557952.0,487007614288.8125,1401637228719.6465,1393260939792.8445,1409041372932.3613,1429080841111.5327
8064,2001-11-13 00:00:00,1841554866728.0,454221776728.6875,1245944319363.3975,1240249076008.4536,1225416757125.9001,1197094720391.865
8065,2001-11-13 00:10:00,1406675001048.0,415448292695.0625,1600471731659.9258,1615598119524.044,1668568216032.9287,1802781382694.3481
8066,2001-11-13 00:20:00,1307856446064.0,376558110242.75,1360060782829.7664,1328597431041.488,1372003503048.5107,1367784818595.6785
8067,2001-11-13 00:30:00,1242136388264.0,334011098687.6875,1270184872995.6545,1269897844804.4414,1269080831386.1067,1265309434508.9614
8068,2001-11-13 00:40:00,1193789158656.0,305380682298.75,1218527592475.8596,1217149753776.5159,1214523857796.4795,1213505971875.0862
8069,2001-11-13 00:50:00,1150127980928.0,294738248068.4375,1190851797656.09,1190561923927.9844,1183867841867.2075,1183146724425.6606
8070,2001-11-13 01:00:00,1017218559408.0,278089498629.0,1149665592180.1226,1149751638605.116,1138036727974.8176,1133479231488.572
8071,2001-11-13 01:10:00,1020253153240.0,244389515942.1875,1036787415765.7637,1036677373029.4519,1010289936645.5162,983518576721.1771
8072,2001-11-13 01:20:00,980967717000.0,215386750989.5625,1017829688117.0244,1024780947122.3359,997937735114.9458,991250388287.3607
8073,2001-11-13 01:30:00,1038593439248.0,189252180970.4375,979086181634.055,981635452610.692,961892919386.9635,954833146980.8628
8074,2001-11-13 01:40:00,875411380272.0,168052023659.625,1007203589899.9878,1011668669253.9915,1002690579796.2941,1017393281937.1904
8075,2001-11-13 01:50:00,1079149245120.0,143346220681.9375,897628335806.7747,894544732526.1353,873911082677.5247,850705577294.328
8076,2001-11-13 02:00:00,1087326792880.0,126480309876.3125,1016527110252.1791,1026338935291.9055,1022998220756.2556,1062283334314.4001
8077,2001-11-13 02:10:00,1042507701168.0,107868109850.6875,1030050529822.367,1024769309238.4342,1038404162185.5895,1068714592854.3744
8078,2001-11-13 02:20:00,1081839273584.0,90773844346.5,1007841819557.7103,1003918695578.1263,1008356462221.8428,1025413435663.8154
8079,2001-11-13 02:30:00,1038951932632.0,67263142599.6875,1022571737041.4166,1021413133989.8995,1029590785714.0496,1058328571837.1873
8080,2001-11-13 02:40:00,1084143785872.0,50119200268.8125,1000646236045.1426,996004588675.4144,1003251870947.8842,1021807990301.1279
8081,2001-11-13 02:50:00,1071535511440.0,38287538808.375,1031266521545.1965,1029722972934.0847,1040486251491.6272,1072312124411.5503
8082,2001-11-13 03:00:00,865145886560.0,32698106590.0,1033636736459.2079,1028591968870.9359,1040336699045.5498,1065946079221.619
8083,2001-11-13 03:10:00,1004221419648.0,27819267104.125,905882801965.3281,899078178286.5829,883467186957.9675,860267047074.1337
8084,2001-11-13 03:20:00,970346131536.0,24621614477.3125,980374521200.7117,987969953620.0033,976317111670.8307,1001023767021.2144
8085,2001-11-13 03:30:00,1064720627008.0,17683556604.875,962333381207.1249,958983058486.4899,952037583107.0413,963408073663.547
8086,2001-11-13 03:40:00,953422331440.0,15249346755.9375,1024229444118.7877,1026016059966.1099,1027051153404.5717,1062286417159.0737
8087,2001-11-13 03:50:00,1050084663504.0,13350705623.1875,961647203843.0896,955058827040.7097,949516361946.8059,951523690307.2605
8088,2001-11-13 04:00:00,955260328160.0,11548630169.4375,1019075941637.6292,1022164876757.8396,1017975153015.6317,1048282588050.28
8089,2001-11-13 04:10:00,745679201528.0,13995096345.75,968059129136.8773,962661244238.6315,955119968557.008,957706794336.3027
8090,2001-11-13 04:20:00,828763298312.0,13734354696.1875,826608172312.3867,824637617942.5747,786398615618.2091,745418459878.4512
8091,2001-11-13 04:30:00,830442742736.0,8241693243.875,854011962184.4279,865031194664.3661,826031343225.8575,823270636859.6921
8092,2001-11-13 04:40:00,864652293520.0,6399352784.625,853003937870.6255,856242696241.6913,828850003273.929,828600402276.7507
8093,2001-11-13 04:50:00,828535110392.0,3593530667.3125,872007754067.4487,876180929108.4678,852899994581.2063,861846471402.7063
8094,2001-11-13 05:00:00,876328935424.0,-1886407483.75,846260914300.0697,847191299400.2451,823795465518.8322,823055172240.9462
8095,2001-11-13 05:10:00,839208850352.0,-7255656913.8125,873856391598.7921,878080831745.0935,857110778317.3245,870959685993.9575
8096,2001-11-13 05:20:00,753568984688.0,-9598265085.6875,854638887235.0427,854707879862.3372,833608442706.5988,836866242180.1274
8097,2001-11-13 05:30:00,861427379280.0,-3455879359.625,805023664112.6873,806327397177.6389,774065635381.9977,759711370414.0826
8098,2001-11-13 05:40:00,830196519904.0,1827407777.125,863857631855.3894,870619425972.3519,850356600575.4763,866710666416.7585
8099,2001-11-13 05:50:00,827874911376.0,10767553106.125,854310108021.417,853435795048.2546,836440901224.7318,839136665233.0009
8100,2001-11-13 06:00:00,733018433992.0,11698550149.1875,844955877698.1353,846940655486.3514,827335427048.5659,828805908419.0791
8101,2001-11-13 06:10:00,756774625320.0,11649043514.375,781057641199.6472,781553276895.0682,752098242284.8928,732968927357.2104
8102,2001-11-13 06:20:00,770028058744.0,16730652196.4375,790827882799.5057,797224215793.2922,767019083804.8877,761856234002.0464
8103,2001-11-13 06:30:00,644850589232.0,26373393795.25,801041005278.041,804437078458.2449,781404434118.2878,779670800342.8384
8104,2001-11-13 06:40:00,729064592272.0,36261845591.5625,724301065284.6847,725381431493.236,686883488692.1565,654739041028.3257
8105,2001-11-13 06:50:00,752354548944.0,41389640701.4375,762524678433.5149,772481556710.4056,737627382978.4728,734192387381.8552
8106,2001-11-13 07:00:00,801296305936.0,45239575571.75,776491313108.5796,780253303949.0703,756671766206.0759,756204483814.324
8107,2001-11-13 07:10:00,827868886928.0,53663557507.8125,813796025214.7091,817630965026.1716,800945889756.6515,809720287872.0455
8108,2001-11-13 07:20:00,787050932040.0,53374007665.1875,829846749857.1313,831252400157.8529,818370586692.2732,827579337085.3691
8109,2001-11-13 07:30:00,750178791504.0,58252042291.4375,813400700830.8302,813867338912.8499,794783173319.625,791928966666.2283
8110,2001-11-13 07:40:00,732505126992.0,84247883152.1875,809856834024.6665,812389246313.5463,786479683345.2316,776174632364.7203
8111,2001-11-13 07:50:00,835467223544.0,116945105893.3125,808963395083.7667,812274257524.052,781425160261.2312,765202349733.1384
8112,2001-11-13 08:00:00,934111141184.0,160472446844.9375,894194840513.6034,901445079304.9496,873666425012.1172,878994564495.6106
8113,2001-11-13 08:10:00,767669646440.0,206989376715.1875,974211118567.7588,976668587609.6284,966044696132.0706,980628071054.2262
8114,2001-11-13 08:20:00,934462572536.0,253077127860.5625,889604638396.7772,886161227966.7418,853482069480.9299,813757397585.3898
8115,2001-11-13 08:30:00,1256303691152.0,293949057592.6875,989999527959.7466,1001496981432.1388,971984589364.8165,975334502268.1238
8116,2001-11-13 08:40:00,1142968721352.0,335260226171.9375,1212003671810.2678,1217677507715.9934,1233737223437.6685,1297614859731.2197
8117,2001-11-13 08:50:00,1271859260024.0,376164518568.0625,1179755463935.3735,1167695546423.4373,1179322122301.6426,1183873013748.1387
8118,2001-11-13 09:00:00,1196815847256.0,406741427437.5625,1264219129138.8003,1265905640770.8591,1274352099529.06,1302436168893.474
8119,2001-11-13 09:10:00,1084192426344.0,434057537363.6875,1233566254603.1763,1227130994488.2312,1227431086743.9204,1224131957182.119
8120,2001-11-13 09:20:00,1097518942944.0,473643422512.0,1179773941038.4285,1179098920724.1777,1153769130363.026,1123778311492.3096
8121,2001-11-13 09:30:00,1197585816424.0,507077388785.0625,1183026790163.2346,1189392425802.7534,1153961372896.0005,1130952909217.0776
8122,2001-11-13 09:40:00,1378373216752.0,542003574365.125,1250276359529.8613,1257211480189.6206,1232921187242.7139,1232512002004.0337
8123,2001-11-13 09:50:00,1455843090240.0,563141428838.3125,1366391145744.583,1371105678265.0603,1368227687559.5117,1399511071225.204
8124,2001-11-13 10:00:00,1157533805920.0,584736502051.6875,1436195554043.1252,1433486556294.6445,1445166834719.5742,1477438163453.3953
8125,2001-11-13 10:10:00,1203279959368.0,597482567335.5625,1256205503268.303,1247055547438.7124,1220612249035.4648,1170279871203.8552
8126,2001-11-13 10:20:00,1433580885704.0,611190206096.3125,1268170000599.3928,1279512565022.1255,1237685107271.6636,1216987598128.773
8127,2001-11-13 10:30:00,1312646327720.0,640113042022.625,1426532532878.2495,1435211696909.768,1428105504889.2612,1462503721630.2856
8128,2001-11-13 10:40:00,1566271317640.0,675034500040.4375,1380752390458.7207,1374462809457.8599,1362265442130.596,1347567785737.7827
8129,2001-11-13 10:50:00,1707667163032.0,718768783549.75,1555718158461.9146,1563841571480.4219,1567341159632.546,1610005601149.3035
8130,2001-11-13 11:00:00,1540768450320.0,772288204466.5,1686317718297.565,1680676010327.0776,1711675226587.0312,1761186583948.7378
8131,2001-11-13 11:10:00,1649097258936.0,812093671505.9375,1603871844690.6763,1592281126731.0957,1595624142218.3057,1580573917359.461
8132,2001-11-13 11:20:00,1627704896848.0,831956846897.875,1656393348151.2207,1660311874337.0,1656571330694.4253,1668960434327.915
8133,2001-11-13 11:30:00,1661132557544.0,843715423189.75,1644506289843.543,1641685966887.8965,1638651445577.8394,1639463473139.8477
8134,2001-11-13 11:40:00,1625385394864.0,853336736017.5,1664245108840.496,1664962708110.6838,1662351450412.903,1670753870371.74
8135,2001-11-13 11:50:00,1704321859080.0,843850833486.0,1627031029883.8828,1625317401481.3384,1618796278025.684,1615899492332.535
8136,2001-11-13 12:00:00,1634058812656.0,839412343738.75,1673880688569.8223,1676382027813.1128,1679088310000.4238,1699883369332.808
8137,2001-11-13 12:10:00,1640604708568.0,846647766696.75,1644061095930.2373,1639441307698.5308,1641606473229.3574,1641294235613.962
8138,2001-11-13 12:20:00,1606282984880.0,845352397190.0,1640221637087.1904,1640751436712.5513,1636600138495.4336,1639309339061.265
8139,2001-11-13 12:30:00,1813495195720.0,833466805653.875,1606259856471.6843,1605573482313.3135,1598248075272.9836,1594397393343.8955
8140,2001-11-13 12:40:00,1615142716784.0,819804212980.25,1728459144032.435,1733043713842.0942,1750193736587.9695,1799832603046.3242
8141,2001-11-13 12:50:00,1632807406304.0,800849284765.125,1609765416521.0522,1598056095378.7786,1605605469692.494,1596187788568.8765
8142,2001-11-13 13:00:00,2111467506528.0,768934688976.375,1593556697264.351,1596197289265.3318,1593189980822.679,1600892810515.2021
8143,2001-11-13 13:10:00,1984436266296.0,749081088833.5,1898189030654.6875,1904060404053.6013,1967043292451.872,2091613906385.1206
8144,2001-11-13 13:20:00,1916953460504.0,726989622538.75,1853860005301.7073,1828309126307.2324,1904280450492.2136,1962344800001.209
8145,2001-11-13 13:30:00,1798899672504.0,715795287478.875,1828580520767.3381,1815557226831.171,1866037287523.7014,1905759125444.15
8146,2001-11-13 13:40:00,1775033770656.0,715938923459.375,1766540586503.3965,1754363819285.6516,1785782723958.7446,1799043308484.5527
8147,2001-11-13 13:50:00,1770734621472.0,711009103064.75,1742072983518.9016,1736617494707.419,1756011907626.6826,1770103950261.3594
8148,2001-11-13 14:00:00,1867698469880.0,705737215014.125,1734208473525.4163,1729378982402.9714,1747787836976.3115,1765462733421.3506
8149,2001-11-13 14:10:00,2253751124024.0,705373046422.125,1798932556186.2854,1795624549618.3494,1825146670414.9949,1867334301287.9421
8150,2001-11-13 14:20:00,2348699321904.0,714682901067.875,2063684734176.707,2060205836501.8745,2140172388264.4277,2263060978669.7114
8151,2001-11-13 14:30:00,2340361214496.0,721658137761.125,2164968997391.0117,2141124450212.6807,2248085252126.29,2355674558597.2314
8152,2001-11-13 14:40:00,2348692377640.0,727241832837.25,2191321993887.566,2167808954546.0752,2263385851074.058,2345944909572.1646
8153,2001-11-13 14:50:00,2562197581072.0,730323379496.625,2213645530464.838,2193597278734.6118,2278267999910.806,2351773924299.3706
8154,2001-11-13 15:00:00,2420467440920.0,726022377721.25,2356358162040.258,2340824700575.3525,2442576925508.274,2557896579296.6304
8155,2001-11-13 15:10:00,2117562835816.0,730972104230.125,2303024118327.316,2274467408302.9155,2363403547874.954,2425417167428.8354
8156,2001-11-13 15:20:00,2144445848720.0,734600959532.5,2116025247808.9976,2095023126745.6387,2128836292151.516,2121191691118.436
8157,2001-11-13 15:30:00,1770574816232.0,733710185617.125,2108522031599.3208,2105801522055.9858,2122467385086.2915,2143555074804.678
8158,2001-11-13 15:40:00,1509346508824.0,737068622295.375,1868900102984.189,1856407390960.4597,1832343138303.8472,1773933252910.213
8159,2001-11-13 15:50:00,1569265556304.0,733165576666.75,1661394288554.8071,1667670170285.5352,1591110130053.8218,1505443463195.4014
8160,2001-11-13 16:00:00,1511632050032.0,727198788267.5,1654357589103.008,1672435004788.9624,1598923672837.0083,1563298767904.6938
8161,2001-11-13 16:10:00,1524252775472.0,704573638239.625,1580440969980.9883,1589440639829.7617,1525667453357.2148,1489006900004.0854
8162,2001-11-13 16:20:00,1633118546448.0,681333233187.625,1564341526929.2437,1576233053429.938,1518064928602.6501,1501012370420.037
8163,2001-11-13 16:30:00,1695210686032.0,663086645210.0,1623807428717.6284,1633944422680.2922,1597773254956.6099,1614871958470.3218
8164,2001-11-13 16:40:00,1669738895088.0,657465455390.75,1673166482304.681,1675746187273.4092,1661554629397.5698,1689589496212.7346
8165,2001-11-13 16:50:00,1664355390280.0,655411920544.125,1666835959659.841,1665376049310.3506,1652486149730.9614,1667685360241.4082
8166,2001-11-13 17:00:00,1758881047304.0,641977764312.0,1651686234199.1226,1651990520952.978,1637811091968.413,1650921234047.9043
8167,2001-11-13 17:10:00,1747995496864.0,633988483110.625,1711872319210.4883,1713620806831.9954,1713375888761.1287,1750891766102.67
8168,2001-11-13 17:20:00,1749430512848.0,634429527189.5,1720725286808.389,1716053825904.3281,1720586053653.0344,1748436540942.831
8169,2001-11-13 17:30:00,1647991509096.0,652188123911.875,1744842660843.5989,1741862282331.0818,1742398835402.855,1767189109570.3848
8170,2001-11-13 17:40:00,1774717774808.0,669453302693.75,1690523460914.2234,1686070705922.8713,1669671926539.702,1665256687877.874
8171,2001-11-13 17:50:00,1590018496680.0,679241665181.875,1761166883192.3052,1765899059440.0327,1755114091411.9175,1784506137296.109
8172,2001-11-13 18:00:00,1536997152360.0,704991006316.25,1667240176258.0967,1660893079051.8496,1636893954685.4282,1615767837814.3765
8173,2001-11-13 18:10:00,1457367565824.0,736053647850.375,1634543679887.6577,1639984948393.025,1593292442169.0186,1568059793894.1064
8174,2001-11-13 18:20:00,1539149435936.0,764371807212.0,1580008259805.5757,1586411670496.497,1524474353140.054,1485685725185.565
8175,2001-11-13 18:30:00,1470758691424.0,784413275391.75,1615291562301.517,1627521354926.216,1571194136243.0596,1559190904115.7012
8176,2001-11-13 18:40:00,1641578726088.0,803267381203.0,1574049369422.975,1579961978441.5552,1519447017154.6348,1489612797235.2043
8177,2001-11-13 18:50:00,1589844207552.0,833120757187.875,1687983952029.1597,1701469876664.3003,1656748385972.1323,1671432102072.9124
8178,2001-11-13 19:00:00,1655155621512.0,852351857587.625,1659561475555.2505,1660682116265.2017,1620909151410.3086,1609075307951.7131
8179,2001-11-13 19:10:00,1555576568424.0,868775698195.25,1699842519599.4126,1707989572192.8357,1668120658704.1826,1671579462119.622
8180,2001-11-13 19:20:00,1539378852464.0,861358669941.375,1618998737475.894,1621290693875.32,1573065367287.687,1548159540170.13
8181,2001-11-13 19:30:00,1760476086400.0,853543575786.625,1594773251210.1328,1604280807066.7915,1549167058062.101,1531563758309.2708
8182,2001-11-13 19:40:00,1751963659032.0,849361545027.125,1729032670458.3362,1740580938151.4814,1716663172900.7788,1756294055640.5369
8183,2001-11-13 19:50:00,1723518381008.0,837448422545.25,1731152686221.127,1728710952191.5361,1717552989967.6443,1740050536550.1614
8184,2001-11-13 20:00:00,2037586745024.0,826563642504.5,1716135157327.1335,1716178094733.7832,1699331984479.0698,1712633600967.2173
8185,2001-11-13 20:10:00,2098160853832.0,813892395692.75,1912639376370.1394,1918594940409.9214,1938280397757.6504,2024915498212.31
8186,2001-11-13 20:20:00,1791072361704.0,808847696217.625,1985567668740.075,1973339385127.352,2017247771792.2,2093116154356.8457
8187,2001-11-13 20:30:00,1636569415416.0,803936930092.75,1813205489689.7905,1797083994773.8755,1796888958267.4268,1786161595579.1055
8188,2001-11-13 20:40:00,1688213441616.0,794486045164.375,1694230960667.2227,1695531763349.7795,1656091677726.4585,1627118530487.6797
8189,2001-11-13 20:50:00,1652230940576.0,785561955756.5,1707519119911.6675,1715736902811.0183,1677348594154.014,1679289352208.1091
8190,2001-11-13 21:00:00,1623942225472.0,774294067176.25,1679366898380.4888,1682575315906.4849,1643453011984.068,1640963051995.7341
8191,2001-11-13 21:10:00,1874255868848.0,765927600339.875,1653803205196.067,1658481470530.9797,1618270079230.3032,1615575758635.6763
8192,2001-11-13 21:20:00,1735862835896.0,748040030049.625,1795030626457.7332,1803755431511.5916,1796356483515.1265,1856368298557.805
8193,2001-11-13 21:30:00,1731421922512.0,732696718632.125,1722792731970.6265,1713811133485.4668,1707656806186.2852,1720519524478.4546
8194,2001-11-13 21:40:00,1513067126216.0,722146779717.5,1718288972668.017,1719804209338.622,1702975739133.3647,1720871983597.372
8195,2001-11-13 21:50:00,1666454681720.0,708469920089.75,1574562950718.8804,1571224624357.7263,1530010136251.3894,1499390266588.2583
8196,2001-11-13 22:00:00,1638969599144.0,698317374177.75,1654306930302.2124,1666235053097.6404,1632053488998.8267,1656302135808.039
8197,2001-11-13 22:10:00,1659775681904.0,692431140551.375,1646248845371.4575,1645733207492.449,1620058716647.8733,1633083365517.6016
8198,2001-11-13 22:20:00,1748228227720.0,677897587253.625,1648837676681.8525,1651512226233.0137,1626718533215.6985,1645242128606.232
8199,2001-11-13 22:30:00,1849264357456.0,660760775744.75,1698479442296.7178,1700476703847.3928,1691406625065.9958,1731091416211.185
8200,2001-11-13 22:40:00,1813036047584.0,651596131711.875,1773844243940.34,1771543847384.8296,1782719616807.9143,1840099713423.1484
8201,2001-11-13 22:50:00,1648502443728.0,638750485231.75,1759538379508.1194,1751237077655.8396,1762586966447.581,1800190401103.8784
8202,2001-11-13 23:00:00,1565327083856.0,606724707480.125,1634267117646.2249,1626846980677.3345,1617560268102.021,1616476665976.4133
8203,2001-11-13 23:10:00,1527164674888.0,579230981148.125,1561396038764.235,1561800003416.291,1540908981791.2522,1537833357524.0122
8204,2001-11-13 23:20:00,1521404588664.0,565886627675.75,1531778706479.8394,1533590077229.7344,1512036938213.2705,1513820321415.5974
8205,2001-11-13 23:30:00,1496788238768.0,546712501857.375,1508759249356.3213,1510212044417.4368,1494870346028.6323,1502230462845.687
8206,2001-11-13 23:40:00,1436831151896.0,521371593717.75,1476091474193.809,1476291923001.0452,1464062592712.5486,1471447330628.3467
8207,2001-11-13 23:50:00,1253927623472.0,491052453889.625,1422720359950.9463,1422803616862.8174,1405735116778.6768,1406512012067.9062
8208,2001-11-14 00:00:00,1207350372344.0,563304733509.25,1393733162338.1348,1393420683043.5857,1356851685855.9653,1326179903091.5732
8209,2001-11-14 00:10:00,1184873453280.0,515047084393.625,1254532609545.6362,1261045168857.2827,1202916427283.912,1159092723228.335
8210,2001-11-14 00:20:00,1230604130816.0,477474023280.875,1215143958576.8179,1227076725593.3494,1169495655893.916,1147300392167.2393
8211,2001-11-14 00:30:00,1256611017928.0,428183543509.25,1210416282932.6748,1220046363895.203,1179233048917.5308,1181313651044.419
8212,2001-11-14 00:40:00,1190073577272.0,393899184110.625,1224772116917.2004,1229997063306.1865,1206325893405.0527,1222326658529.4336
8213,2001-11-14 00:50:00,1144642135256.0,376361557284.375,1192380197065.1147,1192938315353.0461,1170419974548.385,1172535950445.7935
8214,2001-11-14 01:00:00,1091966163488.0,356447698215.875,1154269042204.4536,1157051014698.6064,1128531692915.9536,1124728276187.4673
8215,2001-11-14 01:10:00,1071399277560.0,329651497101.875,1102789721786.8157,1106166830150.9163,1074089351241.6403,1065169962373.9667
8216,2001-11-14 01:20:00,1055654093552.0,298123322178.875,1069540855569.7611,1074495940089.8773,1043629043953.0675,1039871102637.0106
8217,2001-11-14 01:30:00,1029057772592.0,266978011417.25,1044617000382.5795,1048510145750.6437,1023450590425.5659,1024508782790.3661
8218,2001-11-14 01:40:00,1057545537088.0,245399303124.0,1025481037246.9272,1028460133988.8401,1005806620285.2566,1007479064298.7301
8219,2001-11-14 01:50:00,1085336119144.0,226239970188.0,1035734086012.2931,1038839644408.9342,1025511386393.4995,1038386204151.9939
8220,2001-11-14 02:00:00,938196673712.0,206246179393.625,1048737169732.8024,1049405421082.1218,1045746013554.3373,1065342328349.6211
8221,2001-11-14 02:10:00,975786805672.0,185689880211.375,952695376402.9736,949117646067.4618,932618989668.3066,917640374529.7928
8222,2001-11-14 02:20:00,888216890312.0,170600429057.125,966720227923.1373,972358146226.7856,954176515729.9364,960697354517.7753
8223,2001-11-14 02:30:00,700480423128.0,144412570586.375,895519854824.5414,894992846267.1024,874036425254.5029,862029031841.3119
8224,2001-11-14 02:40:00,704694561168.0,127758162021.125,771107664000.1364,773446563759.3054,727403089849.5734,683826014562.754
8225,2001-11-14 02:50:00,762073448840.0,113857076918.5,752016276620.0675,763056558083.9374,714124901884.8466,690793476065.3867
8226,2001-11-14 03:00:00,664463704640.0,109346552346.875,785443122184.2493,794127819033.1738,759703750580.501,757562924268.4331
8227,2001-11-14 03:10:00,568925441368.0,101910609075.5,719376898673.4785,722065551038.2537,683407411882.1189,657027761368.6566
8228,2001-11-14 03:20:00,572347328432.0,92987371225.375,645968616653.2944,653198076393.223,599296888068.6862,560002203517.835
8229,2001-11-14 03:30:00,708959366968.0,83277993190.75,632698897950.8004,644171941231.2994,588618068867.3818,562637950397.405
8230,2001-11-14 03:40:00,559742745272.0,72730132606.0,708342193429.2948,719716964744.3378,686963472724.6821,698411506383.2122
8231,2001-11-14 03:50:00,473157865536.0,65847662135.75,621673627041.9285,621682003443.814,582730053539.4215,552860274801.7073
8232,2001-11-14 04:00:00,403431917688.0,59684778939.375,556948749877.675,565640956131.3597,506760377120.9644,466994982339.6858
8233,2001-11-14 04:10:00,502311074544.0,56140171615.5,499520320907.09705,510083495535.21594,444465079307.97516,399887310364.16907
8234,2001-11-14 04:20:00,542279344984.0,55283036769.75,547408747376.04126,561463211251.8003,512895457295.6405,501453939698.1994
8235,2001-11-14 04:30:00,611217899472.0,53978532422.5,571906688796.7382,578765854824.9984,546710259882.78644,540974840636.73846
8236,2001-11-14 04:40:00,554047843648.0,54896013399.75,620368496466.0985,626546511197.974,605464085630.1143,612135380449.3065
8237,2001-11-14 04:50:00,588917217328.0,46199150890.75,581149368284.5906,582405829114.9104,558878128644.6724,545350981139.0181
8238,2001-11-14 05:00:00,623205647848.0,42101776089.625,602365952270.0364,608337315871.5055,586220147055.8689,584819842526.8313
8239,2001-11-14 05:10:00,538179509032.0,38052429626.25,626737731368.6024,630291379226.8151,614681998142.2836,619156301384.5835
8240,2001-11-14 05:20:00,605245254288.0,39086773863.25,579226356949.1824,579555234981.4723,557623675529.4507,539213853268.9724
8241,2001-11-14 05:30:00,568060085288.0,41996349278.125,618414385572.3324,625039338476.1376,606574937281.8126,608154829702.8887
8242,2001-11-14 05:40:00,590209351688.0,41488293967.125,594350870510.6329,595123799226.065,578966355516.6208,567552029977.0413
8243,2001-11-14 05:50:00,645681181104.0,44010284447.125,610194524980.2338,614682758781.3168,596952171527.5518,592731342168.0261
8244,2001-11-14 06:00:00,615893984496.0,41631173461.125,642006909194.5299,645293236979.5591,636567963524.0416,643302070117.9999
8245,2001-11-14 06:10:00,608108838232.0,40721467267.625,628698134890.0435,628652700039.5963,619285511485.3452,614984278302.5576
8246,2001-11-14 06:20:00,531482046840.0,34470042698.375,618350425990.8036,620472313189.5719,607395797108.5747,601857413662.7438
8247,2001-11-14 06:30:00,587935963056.0,26692153095.625,565283089084.5891,566528224128.8846,544976443265.853,523704157237.24677
8248,2001-11-14 06:40:00,615052368896.0,23401532726.625,594814215720.6003,601008361405.8403,585348171462.8475,584645342687.0436
8249,2001-11-14 06:50:00,657378348032.0,17809117525.5,608936135081.4464,610503227113.8588,606181401338.2134,609459953694.9094
8250,2001-11-14 07:00:00,640218901304.0,18184893456.125,642292126522.4286,643266277902.6573,646841970269.4094,657754123962.5641
8251,2001-11-14 07:10:00,683061445696.0,11435635274.875,629784981832.9558,627866350637.692,631883652392.3287,633469643122.7068
8252,2001-11-14 07:20:00,747997930112.0,2960086025.5,653870162306.0608,654349952801.1511,662476183747.2358,674585896446.5925
8253,2001-11-14 07:30:00,663382675824.0,-1880258673.125,700642014726.8607,699099993290.6854,718988272481.9618,743157585413.4203
8254,2001-11-14 07:40:00,597898833768.0,14914259250.25,675530528725.5928,669184665370.3748,682510905588.4625,680177193747.3784
8255,2001-11-14 07:50:00,631512435840.0,36961673214.5,642035611033.6069,640199629337.8097,638349677082.9211,619946247732.2291
8256,2001-11-14 08:00:00,746055226608.0,65700810685.25,669970210654.4766,672382241038.7283,668842055693.91,660251573310.8044
8257,2001-11-14 08:10:00,547042109864.0,105961730031.75,762904469055.2412,765045198005.4061,773483924154.4558,786316145954.5483
8258,2001-11-14 08:20:00,565013371976.0,151267806475.375,663155249046.0526,656796532578.4554,640551708687.0232,592348186307.6024
8259,2001-11-14 08:30:00,826449813792.0,192501880376.75,668672520838.1061,677182904600.3712,643372568859.6663,606247445877.4314
8260,2001-11-14 08:40:00,1005193870032.0,236616978903.25,840513658281.9982,850743032239.1764,848247787831.2927,870564912318.5105
8261,2001-11-14 08:50:00,853203425768.0,281517418963.375,983446828654.8021,981794545173.5116,1010483837106.25,1050094310092.1599
8262,2001-11-14 09:00:00,1317789558736.0,325705857356.625,919624366126.2554,909288680935.1642,918560375537.7097,897391864161.2927
8263,2001-11-14 09:10:00,1258203837632.0,371477802773.625,1223857988164.1948,1233144692796.899,1278554213485.3608,1363561504153.0095
8264,2001-11-14 09:20:00,1436455114568.0,431372511671.0,1251470844461.5608,1232209543564.9634,1288876642255.4766,1318098546529.4087
8265,2001-11-14 09:30:00,1304597184424.0,483955980323.25,1387299912848.5906,1381644479610.1191,1436475180020.563,1489038583220.296
8266,2001-11-14 09:40:00,1186346373640.0,520230353576.625,1323529997071.446,1307517281545.814,1343725321229.5352,1340871557677.381
8267,2001-11-14 09:50:00,1130942860520.0,540040141255.0,1238571500445.8792,1233776498874.6045,1235701622246.3806,1206156161318.3716
8268,2001-11-14 10:00:00,1122591288904.0,559245011939.25,1193523462902.1323,1194895422500.7437,1182230163191.696,1150147731204.31
8269,2001-11-14 10:10:00,1805962449568.0,564343923531.5,1167337728949.8423,1171160954512.0125,1154330613693.5068,1127690200496.2397
8270,2001-11-14 10:20:00,1922476877648.0,572606777411.5,1595843062836.9873,1609912798605.8267,1677555896461.1309,1814225303448.0134
8271,2001-11-14 10:30:00,1938327033696.0,581300917917.75,1727622491890.9595,1701922850172.3408,1821354577162.2996,1931171018154.2068
8272,2001-11-14 10:40:00,1782706691152.0,583963384818.125,1772319848367.0151,1748769006563.402,1858171306916.8362,1940989500596.3708
8273,2001-11-14 10:50:00,1867600265280.0,584321412334.75,1695239709444.8154,1671649704678.5415,1751192193499.505,1783064718668.651
8274,2001-11-14 11:00:00,1790267051320.0,593239912368.75,1758412370970.0696,1747448618598.0781,1820940324897.2112,1876518765313.9463
8275,2001-11-14 11:10:00,1753135564056.0,593846591545.0,1715816905748.9905,1698009483981.1914,1762656774624.6345,1790873730496.254
8276,2001-11-14 11:20:00,1658306025416.0,578379606146.125,1677493232259.1216,1666303086759.7207,1715138515965.6191,1737668578657.141
8277,2001-11-14 11:30:00,1677897406576.0,572000965910.0,1620945829529.664,1610758778655.6729,1644539953770.686,1651927385179.862
8278,2001-11-14 11:40:00,1812152745360.0,567609162868.25,1626113714489.2175,1621012220260.668,1653063398214.4717,1673505603534.244
8279,2001-11-14 11:50:00,1670500064960.0,549950060281.0,1696898555782.041,1691594355733.274,1741817073743.9556,1794493642772.71
8280,2001-11-14 12:00:00,1736982736552.0,543954276919.25,1625769565448.8594,1610868506465.559,1651402158649.6543,1664504281598.2378
8281,2001-11-14 12:10:00,1663946970864.0,555988813170.375,1681559888815.1914,1677267307020.4563,1713554768547.2566,1749017272803.1355
8282,2001-11-14 12:20:00,1398088255376.0,566428369324.125,1644803112734.5798,1633915774293.3047,1662865583408.5881,1674386527017.7285
8283,2001-11-14 12:30:00,1345429137728.0,578797897620.125,1478416050760.9976,1469974560415.6128,1457263896538.168,1410457783672.0305
8284,2001-11-14 12:40:00,1176734159552.0,593932700528.125,1426120262151.0757,1432247470089.9272,1398032739324.5361,1360563940636.0503
8285,2001-11-14 12:50:00,1226180787304.0,594967694812.75,1292250627693.7727,1296153768811.3135,1242408574391.6714,1177769153836.6301
8286,2001-11-14 13:00:00,1315529472832.0,590116352137.375,1291158105262.9507,1305380907747.1733,1252429592849.6511,1221329444628.6838
8287,2001-11-14 13:10:00,1446139609240.0,601907218326.5,1351272914398.7866,1360596297847.1348,1330356236025.2905,1327320339021.1196
8288,2001-11-14 13:20:00,1199875965928.0,614045741991.75,1439914529934.69,1445058877307.5195,1437115783296.3608,1458278132905.2224
8289,2001-11-14 13:30:00,1295375664664.0,632139088896.0,1302593811294.4678,1297147336228.7288,1265700149050.0295,1217969312832.2139
8290,2001-11-14 13:40:00,1151219505952.0,657906889218.875,1358050136720.6787,1370231211953.3586,1333064096721.52,1321143464986.8882
8291,2001-11-14 13:50:00,1240507488712.0,680283832140.875,1269567368110.7532,1271339568963.3323,1223777572928.601,1173596448873.9807
8292,2001-11-14 14:00:00,1224739793080.0,692607193148.5,1305702747515.7954,1319053291336.9768,1272288926685.771,1252830849719.63
8293,2001-11-14 14:10:00,1222930206384.0,703812208221.0,1294631756270.4624,1300857528829.3022,1260568065903.6719,1235944808152.4648
8294,2001-11-14 14:20:00,1633003541176.0,716694360812.875,1292393171519.8862,1300214610005.7905,1259306607763.6575,1235812358975.9355
8295,2001-11-14 14:30:00,1232145727208.0,729549233809.5,1552612466083.7583,1566149028111.4673,1574592170345.4849,1645858414172.6807
8296,2001-11-14 14:40:00,1286113726176.0,749260670805.5,1341430799358.6682,1324719137553.63,1305984892194.739,1251857164203.9727
8297,2001-11-14 14:50:00,1286798994152.0,763456582526.75,1355332307174.6943,1368549966594.5112,1324085430082.2896,1300309637897.28
8298,2001-11-14 15:00:00,1224913457072.0,766061510147.875,1342191888944.474,1348178680566.7002,1311451210020.482,1289403921773.151
8299,2001-11-14 15:10:00,1241747058256.0,780048435823.75,1309692043837.3354,1315901820079.9973,1271917391858.4124,1238900382747.8203
8300,2001-11-14 15:20:00,1220455014144.0,805361414470.75,1327207240455.3684,1336610989425.7087,1291947911799.4873,1267060036903.0496
8301,2001-11-14 15:30:00,1403408757968.0,819408893316.5,1305020020760.5503,1312239946126.134,1266774510997.0244,1234502492989.77
8302,2001-11-14 15:40:00,1255472382992.0,832917658766.875,1416943577985.4517,1428850565437.7378,1404464772103.482,1416917523418.4287
8303,2001-11-14 15:50:00,1373608056288.0,846177450744.625,1337705867614.344,1336099605961.2507,1304175643556.9282,1268732174969.7905
8304,2001-11-14 16:00:00,1342519771736.0,863851135125.625,1411670062165.3462,1423157892329.9087,1392957844849.4048,1391281740669.0344
8305,2001-11-14 16:10:00,1341895505432.0,876666102817.625,1395912487778.4385,1398025683293.2236,1373160324370.5269,1355334739428.018
8306,2001-11-14 16:20:00,1500767439648.0,897332975647.25,1405435244812.666,1411397935287.3044,1380850443898.7847,1362562378261.638
8307,2001-11-14 16:30:00,1468319855576.0,913178425736.0,1508100408015.0989,1516337933731.2686,1500919847654.3433,1516612889736.6904
8308,2001-11-14 16:40:00,1535010012704.0,933661586827.5,1509170532911.9214,1508515457612.109,1494368919095.5488,1488803016667.5107
8309,2001-11-14 16:50:00,1507315039632.0,949425439929.625,1553726391846.8074,1557782986456.9106,1545549399399.0752,1550773865806.1045
8310,2001-11-14 17:00:00,1439923544888.0,944285427107.625,1528453012167.8867,1529194826911.4053,1510963595559.6733,1502175026810.0442
8311,2001-11-14 17:10:00,1595028444832.0,929063434491.375,1470806168198.758,1473647726854.3882,1445994932628.1372,1424701552271.7036
8312,2001-11-14 17:20:00,1435182490232.0,920854053230.875,1564768251187.2861,1573465473603.4126,1563431435212.0195,1586819063571.4756
8313,2001-11-14 17:30:00,1472270521760.0,917561565636.125,1475397859535.3027,1470736329358.3691,1455123544532.2957,1431890002637.2903
8314,2001-11-14 17:40:00,1345720232328.0,907258024118.0,1481874155133.8706,1488744221840.9958,1467904379775.7205,1461966980241.8591
8315,2001-11-14 17:50:00,1315228054200.0,884565566039.25,1385713700392.0662,1386758704854.4102,1356309113728.8872,1323027774249.2183
8316,2001-11-14 18:00:00,1259936853128.0,870229222117.875,1357020691888.311,1365202208878.309,1326442838078.944,1300891710278.5735
8317,2001-11-14 18:10:00,1288673622944.0,861598604462.125,1321034329402.699,1328247578256.4316,1281656084510.1836,1251306235472.2786
8318,2001-11-14 18:20:00,1291160402736.0,854278772010.875,1329226219037.871,1338947203678.9197,1297356636163.1387,1281353790492.7905
8319,2001-11-14 18:30:00,1128680224664.0,842414395939.25,1320627209566.6982,1327187677302.7314,1293261722536.5303,1279296026664.4102
8320,2001-11-14 18:40:00,1381452920552.0,837610212264.875,1216843932673.4087,1220243380742.7988,1172712727351.7896,1123876040989.6465
8321,2001-11-14 18:50:00,1597690868592.0,858768044176.125,1386283638905.3213,1402186721405.7454,1379688303298.0208,1402610752463.2886
8322,2001-11-14 19:00:00,1711142403264.0,871745254148.375,1536581888019.4653,1537579797717.1558,1558813677512.3848,1610668078564.2144
8323,2001-11-14 19:10:00,1627522940000.0,899216420986.75,1650602924448.3662,1644210559295.266,1685089229109.268,1738613570102.3247
8324,2001-11-14 19:20:00,1621608107256.0,925924884949.0,1626848378206.5679,1615189605145.812,1643443638752.6785,1654231403962.288
8325,2001-11-14 19:30:00,1474554656560.0,945781498183.75,1627854821739.3281,1624214408297.3438,1637296032071.1772,1641464720490.795
8326,2001-11-14 19:40:00,1568262452248.0,973151369320.0,1549224263871.351,1544648997292.9512,1534687463037.0015,1501924527696.2065
8327,2001-11-14 19:50:00,1463408437296.0,992263130671.125,1594613973915.5107,1600686540586.3455,1591479786974.3909,1587374213599.1
8328,2001-11-14 20:00:00,1358890556856.0,1009045009063.25,1531406131420.0806,1529669321206.3345,1513254465096.83,1480190315688.085
8329,2001-11-14 20:10:00,1313558520752.0,1019242674696.125,1450468253761.4385,1454799260735.0198,1419600335918.1934,1369088222488.936
8330,2001-11-14 20:20:00,1309519007216.0,1039670534028.375,1415481573546.5815,1423897328749.6338,1383098479582.004,1333986380084.1934
8331,2001-11-14 20:30:00,1338864038624.0,1044550288085.5,1389220250732.2456,1398609307648.3325,1358303350222.359,1314398761273.1753
8332,2001-11-14 20:40:00,1258436289128.0,1036076291147.125,1383820547926.3523,1393349512059.058,1361268969082.897,1330390041685.6477
8333,2001-11-14 20:50:00,1438088407504.0,1044440706130.25,1341807268822.9106,1347776096943.664,1312060922285.5132,1266800704111.182
8334,2001-11-14 21:00:00,1377162361160.0,1032221853115.25,1428180990023.804,1440540747646.2297,1423961504581.1616,1425869554489.005
8335,2001-11-14 21:10:00,1383826475616.0,1003818382365.25,1377543244719.7146,1377705578787.9104,1368212939890.4568,1348758890409.9897
8336,2001-11-14 21:20:00,1430819924800.0,984839244861.125,1377045359222.294,1381830569273.5803,1375445363145.8923,1364847338111.816
8337,2001-11-14 21:30:00,1512980235360.0,968567341222.375,1404973542437.2446,1407970818674.9321,1412575777008.0098,1414548021161.294
8338,2001-11-14 21:40:00,1400702241816.0,959450699889.125,1463693672796.1406,1464349573650.6904,1485606534778.6328,1503863594026.7583
8339,2001-11-14 21:50:00,1369895932408.0,949811530482.875,1401037838459.2568,1395230446327.2852,1407086070910.5327,1391063072409.7266
8340,2001-11-14 22:00:00,1423515801304.0,954473121830.0,1389082484095.5571,1390525532822.8618,1391543908325.27,1374557523755.1577
8341,2001-11-14 22:10:00,1506841446992.0,945511459066.5,1408746103071.5247,1410930841616.018,1417738773971.504,1414554138540.5088
8342,2001-11-14 22:20:00,1398983891768.0,935849638702.0,1462899018571.8901,1464015139833.48,1482213892248.8838,1497179626627.5396
8343,2001-11-14 22:30:00,1388187326592.0,913592896906.625,1384501633485.733,1378617342113.0298,1393117435850.6152,1376727149972.5671
8344,2001-11-14 22:40:00,1228771922296.0,889374839446.0,1364061174483.8508,1365477542665.192,1373330773301.2065,1363969269131.3647
8345,2001-11-14 22:50:00,1149841599560.0,867054034720.5,1255418678999.3357,1253179162237.127,1246652392091.1318,1206451117570.4512
8346,2001-11-14 23:00:00,1227691491136.0,834520498463.875,1174254634948.752,1179392689821.934,1159399932868.662,1117308063303.4143
8347,2001-11-14 23:10:00,1264121229728.0,796237894565.5,1194999507694.9878,1203380750533.7988,1197121208978.9573,1189408887237.6704
8348,2001-11-14 23:20:00,1163044899248.0,761322148259.375,1211041410041.9412,1212804208180.3489,1224600269350.7146,1229205483421.8716
8349,2001-11-14 23:30:00,986815116944.0,725783181792.875,1142040101186.8796,1139644606037.538,1145322889420.247,1127505932781.4744
8350,2001-11-14 23:40:00,1007685986664.0,678127297125.25,1001328269648.2759,1001324467188.7806,986666025681.3638,939159232276.36
8351,2001-11-14 23:50:00,851157411784.0,619833897447.0,973612940513.5109,982410367659.6619,968869278196.418,949392586985.6917
8352,2001-11-15 00:00:00,953350260232.0,638314548770.75,928356007097.8555,929766094453.8286,912363231371.6301,869638063107.739
8353,2001-11-15 00:10:00,945741796536.0,601028564538.125,934029475903.1035,942932796959.2158,931045548917.639,916064275999.3655
8354,2001-11-15 00:20:00,993929957280.0,575776147518.375,930223173451.365,933164549461.1223,931776527833.5538,920489379516.2532
8355,2001-11-15 00:30:00,863782060416.0,551358578781.875,954424478945.6986,957278368332.7567,966923751469.9081,969512388543.5217
8356,2001-11-15 00:40:00,945015186952.0,532079568154.75,875405694696.7988,872519094751.8767,873208096272.0782,844503049788.8179
8357,2001-11-15 00:50:00,1033529271016.0,532548820980.25,933174973880.2561,938932025188.6887,945260492232.7654,945484439777.5063
8358,2001-11-15 01:00:00,987918923392.0,497035263218.75,959479489699.7786,959111556067.451,983843382098.4595,998015713254.4424
8359,2001-11-15 01:10:00,1203417292416.0,456141852875.125,923838678451.8755,919612948095.3676,944658887328.2781,947025513048.3811
8360,2001-11-15 01:20:00,1147952770888.0,419463319229.25,1053521380959.2344,1054567184325.4259,1108736409419.2944,1166738758770.1292
8361,2001-11-15 01:30:00,945134077360.0,377311757745.0,1025863396770.2472,1011712559881.5133,1075060299119.09,1105801209403.7168
8362,2001-11-15 01:40:00,867733920408.0,351627964351.625,909586137190.1802,897760337807.3953,933746324292.3188,919450283966.6829
8363,2001-11-15 01:50:00,602719945952.0,326877160474.5,845917311583.9014,843489567976.7751,860846902423.1278,842983116530.8785
8364,2001-11-15 02:00:00,748939055968.0,300892431226.875,661269610489.3875,657161844122.4869,643527241648.6161,576735216704.3406
8365,2001-11-15 02:10:00,725639142464.0,267717684176.0,714026697744.0731,726402442915.3932,721060253994.0886,715764308917.1562
8366,2001-11-15 02:20:00,736006599152.0,239334013082.875,695635843394.0527,694868984680.511,705529765552.8978,697255471370.8987
8367,2001-11-15 02:30:00,700196792192.0,205142464671.625,687078281065.5884,687766063676.38,702861339738.2654,701815050740.7256
8368,2001-11-15 02:40:00,697150599248.0,182461030664.875,669634333581.826,668107723093.1154,682482986637.3868,677515358185.3049
8369,2001-11-15 02:50:00,739837507808.0,162594208372.0,665076071561.122,664596678352.1293,678949714144.7054,677283776955.1619
8370,2001-11-15 03:00:00,745461164168.0,149140988027.625,693960176764.5457,693323953710.2976,715926724513.5732,726384287463.6724
8371,2001-11-15 03:10:00,869532617600.0,129257904517.125,691698354097.3887,687693701224.8441,716916169737.4229,725578080657.4517
8372,2001-11-15 03:20:00,759916403776.0,113009866735.75,771559862059.6082,769395891735.7838,815781321349.9781,853284579818.6401
8373,2001-11-15 03:30:00,590780330480.0,98052874762.0,712145259917.0583,700235397866.9453,742865723634.2871,744959411802.2739
8374,2001-11-15 03:40:00,655721083256.0,87570467912.125,604351105074.1774,598018046874.6912,612004313441.2546,580297923630.1818
8375,2001-11-15 03:50:00,579650199464.0,83505943129.75,634783576684.3689,637915061831.7911,653873640099.4948,651656558473.68
8376,2001-11-15 04:00:00,588689960880.0,86531104724.0,592648997963.6531,588518032632.7666,603243722836.6831,582675361058.2432
8377,2001-11-15 04:10:00,634601961520.0,87984013069.125,591853083416.8191,592945747104.4246,603761281872.5303,590142869225.165
8378,2001-11-15 04:20:00,575490536968.0,86516915381.375,616557598591.1733,616940366244.7336,634810368375.0756,633134863832.281
8379,2001-11-15 04:30:00,518037408576.0,85259895797.375,581844058699.2499,578889706645.2664,591792484068.1857,574233517383.9377
8380,2001-11-15 04:40:00,570093172072.0,88397660116.625,545311575294.249,545307309436.7931,547759404330.05975,521175172895.2042
8381,2001-11-15 04:50:00,549622375992.0,83519268168.375,566077115647.2462,569699356704.5261,574426937416.1362,565214780123.7808
8382,2001-11-15 05:00:00,548120956880.0,86756014315.625,559947119340.2268,559597597438.0577,567016883414.5675,552859122139.2424
8383,2001-11-15 05:10:00,524027921024.0,86977439981.125,556125370817.6669,557099563592.1146,562389341366.803,548342382545.521
8384,2001-11-15 05:20:00,512608085312.0,86002990614.25,538872816862.13983,539477387524.63574,541663629612.1739,523053471657.1417
8385,2001-11-15 05:30:00,514616636280.0,88150060076.875,531672176200.94653,533579682093.82306,533187665796.40436,514755154774.579
8386,2001-11-15 05:40:00,514663941536.0,88379748356.75,528106234734.8322,530067511019.7894,531290048283.5803,514846324559.859
8387,2001-11-15 05:50:00,517020602104.0,83778430808.875,521541539765.6753,523198077571.5996,525481391829.14764,510062623988.07605
8388,2001-11-15 06:00:00,518563283656.0,76716614233.625,517985841913.9469,519594148707.6815,523073332458.43335,509958785528.7073
8389,2001-11-15 06:10:00,590172642592.0,71109089391.75,517790442034.89636,519090889422.931,524163419802.3993,512955758814.0924
8390,2001-11-15 06:20:00,565616279816.0,62548994196.0,557582341204.4619,559285979683.4792,575668179040.3068,581612547396.2324
8391,2001-11-15 06:30:00,529313600968.0,51419763547.625,543008104971.28754,539968175974.4254,558664786671.1146,554487049167.5913
8392,2001-11-15 06:40:00,496832467424.0,47396978115.125,523965510120.0266,522350699376.8239,536489682004.8102,525290815535.46893
8393,2001-11-15 06:50:00,559873239104.0,33634014989.5,491205514592.5225,490538655642.8934,499568549085.9029,483069504298.3556
8394,2001-11-15 07:00:00,521261486064.0,27848276577.875,532547507996.10846,534667774864.07666,550310268675.6775,554087500692.3403
8395,2001-11-15 07:10:00,626825896920.0,21267888620.25,511111564891.54443,507952065440.98364,523716849659.54846,514681098106.4358
8396,2001-11-15 07:20:00,596566405376.0,11984500853.0,572214201247.7302,573576719202.6183,600125586174.0848,617542509152.7694
8397,2001-11-15 07:30:00,527616263008.0,3605855549.125,560118700253.3917,553995260099.2151,584771388308.9856,588187760072.0751
8398,2001-11-15 07:40:00,537292040176.0,16805603666.875,539177005827.59814,535201008461.8292,553311394465.808,540816011125.7386
8399,2001-11-15 07:50:00,562018548320.0,34927103166.25,551984322904.2324,551473526781.6423,565153086341.1115,555413539675.4071
8400,2001-11-15 08:00:00,549682277384.0,65837164701.625,587101786450.7622,586607573667.4745,599822455006.2739,592928609855.3597
8401,2001-11-15 08:10:00,720502534272.0,104830001062.125,599447069812.4174,598010954285.9204,605533601214.8293,588675113744.5579
8402,2001-11-15 08:20:00,735731687752.0,145406082166.625,720843184246.6644,724189615307.4706,744092263550.2201,761078615376.4921
8403,2001-11-15 08:30:00,710887134496.0,183855649636.75,753031956238.8271,747520538684.1216,772425439024.2686,774181255222.1385
8404,2001-11-15 08:40:00,775787503400.0,233879822399.375,766808057552.0823,763708869207.418,775154810610.173,760911307258.6218
8405,2001-11-15 08:50:00,820244479680.0,275737894656.25,815268037244.9736,816189357187.5687,824328193183.9548,817645575656.8662
8406,2001-11-15 09:00:00,871380920888.0,313365940841.0,854674941807.691,854060803368.1068,863830202138.604,857872525864.7378
8407,2001-11-15 09:10:00,844423322288.0,351004225549.25,902616766923.2521,902527498048.5685,911925976759.1255,909019205596.248
8408,2001-11-15 09:20:00,889867282056.0,402830859812.625,913760000527.4081,911868598293.8442,915136161260.438,896249956551.3231
8409,2001-11-15 09:30:00,971701472904.0,445403571529.125,945483406275.0535,947251886055.9252,947999804988.5396,932439993772.4653
8410,2001-11-15 09:40:00,1009751534656.0,471351058985.875,992698643149.96,994664484994.7297,1001844291395.7515,997648960360.8124
8411,2001-11-15 09:50:00,1117868809264.0,479306487344.375,1008867809074.3445,1008173962889.1294,1021202985107.7512,1017706963014.463
8412,2001-11-15 10:00:00,1046366547616.0,490002160112.625,1086702484923.7668,1087419392930.3229,1110594907316.0212,1128564482032.2368
8413,2001-11-15 10:10:00,1016321049040.0,495978901608.0,1050678823067.8782,1044406506945.0833,1062080679056.0848,1052343289111.3601
8414,2001-11-15 10:20:00,968171157040.0,506261072620.25,1036236661399.1976,1035774452361.2031,1041469521571.7653,1026603220052.2916
8415,2001-11-15 10:30:00,984691358320.0,513441667073.25,1002683913465.0526,1002713777402.4285,999980933955.1943,975351751492.9911
8416,2001-11-15 10:40:00,930432351496.0,527592277290.375,1016089895975.3146,1019416585243.8383,1015152289902.2747,998841968537.0973
8417,2001-11-15 10:50:00,990315809168.0,547368269519.25,990035596794.581,991041475769.8157,980383137645.0575,950208343724.8359
8418,2001-11-15 11:00:00,911030436744.0,562388033653.625,1022513334849.2977,1028000265585.1213,1019549938705.0966,1005335573302.4011
8419,2001-11-15 11:10:00,944298987824.0,581733115071.875,981489064187.871,982238939135.2925,966533961943.6226,930375518162.2362
8420,2001-11-15 11:20:00,855974462848.0,602656311002.375,1000153669413.2218,1006806203280.6575,990046512342.656,965222183754.5504
8421,2001-11-15 11:30:00,883043586456.0,630752105236.0,953342606599.8065,955812581083.2285,931639245993.7285,884070257081.6538
8422,2001-11-15 11:40:00,1168071363360.0,662138950953.375,971516074207.9497,980413106787.4916,951688245871.2944,914430432173.3931
8423,2001-11-15 11:50:00,1098074134976.0,673670043155.125,1136135935561.4644,1146887162438.3833,1153846750515.9973,1179602455561.79
8424,2001-11-15 12:00:00,1062615588688.0,678982062388.25,1107448371069.344,1101386335463.0107,1114332061239.2273,1103386154209.1865
8425,2001-11-15 12:10:00,1075775827008.0,690780571756.0,1093922722815.4425,1094953404845.4917,1094441780841.3325,1074414098055.7937
8426,2001-11-15 12:20:00,1216550662808.0,710111375143.0,1110472837541.6963,1112945960991.3887,1111979862928.9575,1095106630394.9581
8427,2001-11-15 12:30:00,1175428635376.0,725208296916.25,1201060215359.209,1204806675175.7002,1219780484588.8787,1231647584581.2117
8428,2001-11-15 12:40:00,1050723058384.0,740456364642.625,1191016190141.724,1186729714222.3735,1201218828573.4875,1190676703102.396
8429,2001-11-15 12:50:00,1106094185008.0,764187952215.125,1125443926204.948,1123918546701.9905,1116222534346.482,1074454645956.5165
8430,2001-11-15 13:00:00,1154728268472.0,769717520685.5,1138744006863.7803,1145446821113.192,1134780233831.5835,1111623753478.3745
8431,2001-11-15 13:10:00,1247559183096.0,760222979541.125,1153273336665.188,1157018952999.088,1156720137521.0967,1145233727327.6494
8432,2001-11-15 13:20:00,1226760195224.0,763398528614.625,1223055387244.6545,1225872940561.0476,1240970409001.9849,1250734732169.4824
8433,2001-11-15 13:30:00,1275454309600.0,789525015084.75,1243555873570.8997,1240226183244.0918,1257545479514.3662,1252886681694.116
8434,2001-11-15 13:40:00,1327198881720.0,811708302187.0,1282681579267.508,1282389881762.6777,1298630897551.769,1297637596702.269
8435,2001-11-15 13:50:00,1264881243824.0,846726285151.25,1340442169699.459,1339163168003.2856,1359319063076.2744,1362216864684.2764
8436,2001-11-15 14:00:00,1338526781576.0,881849239089.875,1318856582271.2532,1314898016262.9365,1323313311655.6716,1300004197762.5981
8437,2001-11-15 14:10:00,1428042040040.0,908560101256.625,1364699806941.8926,1367748901505.981,1373557068930.9177,1365237643742.7188
8438,2001-11-15 14:20:00,1215191553952.0,951262111425.875,1448102014559.7944,1448704133055.77,1465739402220.9258,1470744050209.1917
8439,2001-11-15 14:30:00,1258797738952.0,989578284919.0,1329878307004.0337,1323494428188.295,1312641754221.2742,1253507727445.1418
8440,2001-11-15 14:40:00,1371544700680.0,1022517474482.125,1346169263873.8262,1355771186098.7883,1330923534534.591,1291736928515.18
8441,2001-11-15 14:50:00,1257560941536.0,1039766877755.375,1405454801312.6108,1412850906735.2805,1402942689322.8645,1388794103953.3118
8442,2001-11-15 15:00:00,1306857800808.0,1071108836810.375,1354598464785.7139,1354924749352.0806,1336146990040.5288,1288902900591.0264
8443,2001-11-15 15:10:00,1679592761624.0,1095763240748.125,1379018160429.1333,1387981950552.974,1364242064488.1685,1331512204745.7314
8444,2001-11-15 15:20:00,1661212464616.0,1098977824256.75,1597816446901.5972,1608797822618.1885,1632675410192.443,1682807345132.6265
8445,2001-11-15 15:30:00,1826876600264.0,1110715995647.125,1622918204543.7769,1612637114333.979,1654349525273.2744,1672950636006.4143
8446,2001-11-15 15:40:00,1686059664912.0,1131196741656.75,1752354126414.878,1749723389378.183,1801623476288.5952,1847357346273.6724
8447,2001-11-15 15:50:00,1807254500032.0,1148766592008.5,1688210541480.967,1674286660997.6694,1712019716444.8665,1703629515263.7583
8448,2001-11-15 16:00:00,1740391472440.0,1156309820750.125,1758637915241.1836,1758431391213.1582,1793947089834.4785,1814797728773.6714
8449,2001-11-15 16:10:00,1618645043064.0,1146397188486.375,1712118678893.9404,1703500451692.0889,1734492168186.607,1730478840176.3064
8450,2001-11-15 16:20:00,1641508253728.0,1140669375458.625,1633921026208.8198,1629865811908.3235,1640077846332.807,1612917230036.2007
8451,2001-11-15 16:30:00,1748394000592.0,1142151515292.625,1643601352748.3657,1645898906519.7542,1654197241047.6133,1642990393561.9834
8452,2001-11-15 16:40:00,2410093616632.0,1152517584438.0,1719444986102.0713,1720427287863.207,1744652367214.5981,1758760069737.4155
8453,2001-11-15 16:50:00,2281704439936.0,1148232721473.875,2137689633861.031,2142202030620.0815,2249966184860.499,2405808753667.9062
8454,2001-11-15 17:00:00,2163242760088.0,1126890275435.125,2100671520096.835,2065987579933.5234,2189362783152.6702,2260361993897.2314
8455,2001-11-15 17:10:00,2155406806032.0,1100534765767.75,2033773094797.3806,2013774238591.5225,2100902693006.7837,2136887250420.5627
8456,2001-11-15 17:20:00,2037524269272.0,1080726128113.625,2032566092325.1338,2018742875131.756,2095947380382.3054,2135598168377.878
8457,2001-11-15 17:30:00,1659052787016.0,1056036352133.375,1954717289302.9043,1939030738512.224,1999875349870.9644,2012834493291.7915
8458,2001-11-15 17:40:00,1543868937896.0,1026108900570.625,1698248882302.7563,1684431999917.4863,1692465171733.1426,1629125335453.2446
8459,2001-11-15 17:50:00,1371135290912.0,1002759746876.625,1590462046707.1958,1596062463406.0454,1573646574276.2046,1520519784201.9675
8460,2001-11-15 18:00:00,1500269445016.0,986328125168.75,1456159402999.2678,1460331094681.394,1423802385452.36,1354703669204.1274
8461,2001-11-15 18:10:00,1644679782592.0,964094097319.75,1500328837765.0107,1513867848414.7493,1492861302654.1895,1478035417167.039
8462,2001-11-15 18:20:00,1509679144648.0,941568197800.875,1581770688180.0903,1586125510835.4158,1600803025010.7192,1622153883073.086
8463,2001-11-15 18:30:00,1669154236448.0,917120558240.125,1497886373413.8433,1491606618671.0752,1502290865505.5857,1485231505087.298
8464,2001-11-15 18:40:00,1465783017072.0,901283890704.125,1593312462704.4214,1597847686361.376,1623106435748.7231,1653317568912.0503
8465,2001-11-15 18:50:00,1364180099328.0,909849517041.375,1497052812047.319,1486612900756.4893,1500484494343.396,1474348643409.2085
8466,2001-11-15 19:00:00,1387349571504.0,922260477305.625,1428743419197.5244,1430101694472.3867,1417689783024.2812,1376591059592.2974
8467,2001-11-15 19:10:00,1351132025240.0,922825258347.0,1422015461500.959,1427936284481.8418,1413992524354.2124,1387914352545.4084
8468,2001-11-15 19:20:00,1396114672472.0,922837783259.0,1391628418266.454,1394866236374.2905,1381213435666.4114,1351144550151.9805
8469,2001-11-15 19:30:00,1474133876024.0,917720333057.625,1408097922045.8682,1413778188115.6323,1405053524468.99,1390997222270.5852
8470,2001-11-15 19:40:00,1629717598808.0,917405089002.375,1461771511980.455,1465445876313.8792,1469463147315.3877,1473818631968.7456
8471,2001-11-15 19:50:00,1733014548768.0,913343426720.375,1562206516771.6147,1563303390702.119,1591879719526.067,1625655936526.0518
8472,2001-11-15 20:00:00,1744351712072.0,917083700166.625,1650638812170.1768,1644846619292.918,1693261515449.122,1736754822214.2212
8473,2001-11-15 20:10:00,1755175983936.0,906060960199.375,1662916765662.3125,1652909223299.1816,1702946133069.687,1733328972104.8052
8474,2001-11-15 20:20:00,1841834803744.0,914615192545.375,1697141812677.04,1689041476616.2676,1735706910906.7888,1763730216282.0127
8475,2001-11-15 20:30:00,1749015870736.0,915523543139.5,1756312470875.8647,1748907223726.1333,1802759264294.3123,1842743154338.1438
8476,2001-11-15 20:40:00,1627584329768.0,901054321450.875,1694878924598.1226,1682319437569.1584,1725927812730.2583,1734546649047.3403
8477,2001-11-15 20:50:00,1591802693848.0,881731341239.375,1608138300050.4849,1601335239012.8652,1621357061819.7778,1608261349556.4653
8478,2001-11-15 21:00:00,1801831504944.0,879480176250.25,1588192912439.272,1587040043666.5317,1597624828986.4553,1589551528858.8965
8479,2001-11-15 21:10:00,1952705012112.0,874020811528.75,1714040999372.3735,1716195488122.6282,1751272460730.0254,1796372140222.4873
8480,2001-11-15 21:20:00,1822099095800.0,868076054596.625,1824492495176.8794,1816105503924.5454,1881211843040.0417,1946760255179.9067
8481,2001-11-15 21:30:00,1854073152328.0,862261330522.875,1762572436269.8545,1745793079699.9688,1798084896590.6619,1816284371726.2925
8482,2001-11-15 21:40:00,1960540605128.0,862541049241.875,1788667972489.954,1782423884672.2957,1825547939242.7803,1854352871047.043
8483,2001-11-15 21:50:00,1890784297640.0,860745629776.375,1860265898027.8147,1852533919412.2827,1909392468914.2495,1958745185662.4639
8484,2001-11-15 22:00:00,1849450659096.0,861042355286.125,1832103659070.7454,1818237578111.1177,1868219643105.9448,1891081023149.81
8485,2001-11-15 22:10:00,1846050851600.0,850154771225.25,1797517801146.942,1789140486788.6038,1824695288200.174,1838563075035.1375
8486,2001-11-15 22:20:00,1681326886752.0,840266909141.375,1790235231880.3188,1783982723846.0361,1818039570863.4507,1836162989516.1116
8487,2001-11-15 22:30:00,1576365662064.0,827234165260.625,1681306332850.9995,1672429327365.9084,1685894018382.3389,1668294142871.3083
8488,2001-11-15 22:40:00,1688797750320.0,821451501223.25,1606025590832.5854,1605661831752.6726,1596916847780.44,1570582998026.6375
8489,2001-11-15 22:50:00,1601571063144.0,808114857838.75,1654072531666.267,1659106112949.7236,1662434909463.7793,1675461106935.4583
8490,2001-11-15 23:00:00,1629953797752.0,764337825668.25,1568385178331.669,1564036692480.142,1566013586369.1252,1557794030973.5493
8491,2001-11-15 23:10:00,1363742249744.0,753350211558.5,1600764351494.501,1603559148333.6895,1605313585701.2544,1618966183642.275
8492,2001-11-15 23:20:00,1301086514072.0,742833245796.5,1431709943884.355,1425276925779.5146,1401862482068.556,1353225283981.98
8493,2001-11-15 23:30:00,1041325271408.0,723999194099.625,1359114225075.089,1368206430763.1074,1322988471227.3684,1282252462375.1167
8494,2001-11-15 23:40:00,1034352918280.0,702836099700.125,1168069795982.9033,1173076612158.4604,1104087354990.3235,1020162177008.4509
8495,2001-11-15 23:50:00,858693420648.0,674412887940.875,1118360298169.5396,1136888699735.983,1060817434781.7119,1005929706520.7411
8496,2001-11-16 00:00:00,632143661544.0,459428936253.0,793074865146.0613,804591873810.8257,722053992673.5042,643709468960.183
8497,2001-11-16 00:10:00,939836052184.0,452169314307.875,753742967800.042,772752978010.0913,687534554636.529,624884039598.8508
8498,2001-11-16 00:20:00,965371259968.0,450100823635.125,936878138971.8438,958214728542.4961,918054622897.3722,937767561511.2479
8499,2001-11-16 00:30:00,1447744835856.0,441581496380.0,964877810746.3959,966421916126.877,950495700588.297,956851932712.8752
8500,2001-11-16 00:40:00,1115795923560.0,445435040731.0,1293110805174.4685,1303930145300.099,1340728245121.1384,1451598380206.9958
8501,2001-11-16 00:50:00,1134891144936.0,453676902846.875,1133401610521.4507,1109872975133.8638,1133928535883.2378,1124037785675.89
8502,2001-11-16 01:00:00,915609975904.0,429045072976.625,1107610178157.3735,1110481656223.0312,1107831707717.8076,1110259315065.7976
8503,2001-11-16 01:10:00,1021898367984.0,390343571385.0,944553517689.2152,940500828662.1504,918702469981.9973,876908474312.3425
8504,2001-11-16 01:20:00,1076602014992.0,352899726474.625,980546665904.8909,990871115656.533,977387041677.1271,984454523073.6821
8505,2001-11-16 01:30:00,1175383864464.0,306743171904.625,994944520515.0491,994998259788.6732,1008267942077.2339,1030445460421.941
8506,2001-11-16 01:40:00,1134277282976.0,269385856218.625,1059378620084.671,1057705623764.1085,1091818877147.9342,1138026548777.947
8507,2001-11-16 01:50:00,1301990860760.0,233976857542.375,1039530726511.4707,1030118538213.0186,1069162285017.164,1098868284299.7024
8508,2001-11-16 02:00:00,1006618504528.0,205515330779.0,1151599428436.7466,1147802805318.2764,1203599202614.2188,1273529333996.6836
8509,2001-11-16 02:10:00,1046467554848.0,172748153152.375,975224290902.395,956360386136.0797,985571420121.761,973851326901.3514
8510,2001-11-16 02:20:00,922379822952.0,145743361463.875,983575029166.8259,984724321291.8201,1001720551966.4502,1019462763159.4526
8511,2001-11-16 02:30:00,728550040832.0,113647687334.375,894639137076.8939,887790894376.382,897374998914.5833,890284148822.5399
8512,2001-11-16 02:40:00,741843536800.0,94448519086.75,764919810604.5583,762633703967.557,746851447362.4877,709350872584.3972
8513,2001-11-16 02:50:00,762244497888.0,79066070813.0,752817791584.0403,759403563059.4484,740946212217.7897,726461088526.262
8514,2001-11-16 03:00:00,788095721672.0,66205976999.25,757819683480.5109,761071286512.0273,751977065095.5686,749384404074.2676
8515,2001-11-16 03:10:00,815022174280.0,49797489023.5,766076604887.716,767832846550.8541,765968247249.4242,771687233696.2131
8516,2001-11-16 03:20:00,677064920080.0,34884813816.125,782525253026.6914,782843535701.6316,787229355513.194,800109499072.5669
8517,2001-11-16 03:30:00,635714545304.0,19051648920.25,694795738440.1746,691237888806.7413,680989924290.483,661231755184.0979
8518,2001-11-16 03:40:00,589402277128.0,9796302280.5,662229607387.5634,666381272656.8055,643716566288.0028,626459198664.2927
8519,2001-11-16 03:50:00,669081510224.0,360833667.625,623548054027.5217,627314607411.2698,600526612289.2834,579966808515.139
8520,2001-11-16 04:00:00,748943768112.0,-6303847172.25,666335237227.0007,673118271705.8593,657003332466.1772,662416829384.1776
8521,2001-11-16 04:10:00,757533800072.0,-11832191920.5,719600460532.8296,721501162101.3177,722741892366.7596,743415423363.7339
8522,2001-11-16 04:20:00,676767601392.0,-12942991235.625,736552751484.1342,734434435421.6595,740849747150.7515,756423000756.8494
8523,2001-11-16 04:30:00,661780487072.0,-23498921982.5,679956769784.5734,676740974397.758,673395073801.8752,666211670645.1176
8524,2001-11-16 04:40:00,597760796184.0,-32819075248.875,663223419802.6868,664973750633.9076,656336227367.6838,652460333805.5834
8525,2001-11-16 04:50:00,569685006016.0,-39990827068.25,619775568002.5135,620157130101.5195,605355726406.6063,590589044364.6674
8526,2001-11-16 05:00:00,556791008560.0,-44440548915.0,597777469764.1398,601267961845.7947,579570402094.6954,565235284169.2015
8527,2001-11-16 05:10:00,540446735688.0,-49919628619.625,582386301433.2085,586366529261.6813,563681447050.9203,551311928855.3499
8528,2001-11-16 05:20:00,481819915712.0,-49934218181.25,570204723062.6287,573803789548.1531,552735609863.4088,540432146126.3391
8529,2001-11-16 05:30:00,478496902440.0,-50197206740.875,529035888115.01135,531960481323.437,505009011641.22876,481556927152.4358
8530,2001-11-16 05:40:00,469609231856.0,-53775031564.125,515781376470.16345,521793674022.6467,492984533706.5844,474919077616.7114
8531,2001-11-16 05:50:00,474897861848.0,-50565170757.625,509414470577.3302,514311175964.59814,489112386532.2762,472819092662.5582
8532,2001-11-16 06:00:00,532474811504.0,-53143263887.125,503251613812.1604,507911931820.688,485965005827.37274,472319768718.457
8533,2001-11-16 06:10:00,481645338880.0,-56822696997.375,534353528789.6184,539288398070.7693,527455914872.12195,528795378393.69727
8534,2001-11-16 06:20:00,479457486552.0,-54132991469.625,508635004085.5736,508787777560.6937,497911279661.73987,484335044407.7058
8535,2001-11-16 06:30:00,513345615056.0,-51740315897.25,503832386504.5381,507019378733.39136,494001931285.6178,481850162124.3421
8536,2001-11-16 06:40:00,481605053840.0,-49336590208.875,524336147023.4121,527701613030.7433,519262383726.01807,515749340744.42993
8537,2001-11-16 06:50:00,471636954968.0,-50741566733.625,501347874029.8042,501909982064.71765,493411399717.8822,480200077315.1926
8538,2001-11-16 07:00:00,528935461952.0,-48368827441.875,494987292239.3567,497781355224.5255,486925060274.8059,474009694259.79956
8539,2001-11-16 07:10:00,548289442520.0,-47305210116.625,526056804461.3269,529221186833.64307,528727068795.2571,529999079277.2677
8540,2001-11-16 07:20:00,500214489472.0,-46778598032.125,540917638702.9723,540897517785.43555,547043277043.0416,548816054604.52576
8541,2001-11-16 07:30:00,512304507528.0,-38283020119.5,520111562165.72266,518582006907.6814,520914676874.47,508710067384.59143
8542,2001-11-16 07:40:00,480421241664.0,-24624868211.625,533923726255.1802,535770261777.60034,534564611350.1881,525962659435.9219
8543,2001-11-16 07:50:00,679366312144.0,-8080270275.25,520544194186.0447,520978219264.8289,515417229163.889,496965839600.37177
8544,2001-11-16 08:00:00,630914789376.0,11831555201.625,653197901492.269,659084925236.117,671751939993.5443,699278137620.8428
8545,2001-11-16 08:10:00,648360581272.0,35865118617.625,651076351558.2212,645054842096.0012,656301384704.2495,654948352792.0415
8546,2001-11-16 08:20:00,819703309736.0,64616194538.0,677152181265.6093,677191101189.8628,679347670019.2839,677111657192.4323
8547,2001-11-16 08:30:00,984844683552.0,94823336343.0,801284700441.4812,803876638971.6765,819149933265.3425,849910451540.94
8548,2001-11-16 08:40:00,950040732040.0,129918545312.5,932500093963.5834,928209595270.791,970076592954.5695,1019939892521.5369
8549,2001-11-16 08:50:00,1140842187800.0,170453224517.125,947775913136.0134,936510313394.5712,972655003907.7831,990575411244.68
8550,2001-11-16 09:00:00,1048948159904.0,205940708097.375,1082322277579.5442,1079319773927.5405,1125288005516.734,1176329671380.2163
8551,2001-11-16 09:10:00,1078652245168.0,236093778058.0,1050787921681.3129,1037090864836.2291,1071442676856.3114,1079101229864.6545
8552,2001-11-16 09:20:00,1094387010160.0,278006905582.75,1092072034283.5935,1088588123787.4895,1108939733447.5034,1120565372692.7214
8553,2001-11-16 09:30:00,1160539396280.0,322793763423.875,1122291345969.001,1117669353993.8716,1133160722342.8865,1139173868001.106
8554,2001-11-16 09:40:00,1184682581448.0,354093264529.625,1166056342282.6433,1163585914358.1763,1179084242708.795,1191838897385.7327
8555,2001-11-16 09:50:00,1219334886544.0,382503188652.25,1192716106141.252,1189022669556.6978,1203299375257.0933,1213092505570.5867
8556,2001-11-16 10:00:00,1188601982296.0,408122567159.75,1220705275959.9653,1217475373746.6677,1233867671715.432,1244954265051.4783
8557,2001-11-16 10:10:00,1408624530744.0,424425594553.0,1202797080486.7815,1198497394654.7036,1207533806597.6362,1204905009689.249
8558,2001-11-16 10:20:00,1288143604392.0,446274165347.25,1349088933846.6714,1351260073702.6467,1382195505994.5913,1430473101538.3113
8559,2001-11-16 10:30:00,1253517040024.0,463118429036.875,1291258524224.2212,1278432009227.3462,1304651759955.7993,1304987868081.5776
8560,2001-11-16 10:40:00,1254365297600.0,474800573427.75,1266555101191.43,1264197314335.8176,1270983439397.9443,1265199184414.8416
8561,2001-11-16 10:50:00,1365547789280.0,493155240698.75,1272878200777.1807,1272014077291.529,1275380514294.5667,1272719964870.973
8562,2001-11-16 11:00:00,1153540718632.0,515730926978.75,1351326983240.2046,1352076404870.235,1366441481883.0737,1388123475559.9526
8563,2001-11-16 11:10:00,1154370739992.0,523688519701.5,1216852819979.1055,1208500989807.061,1199895854947.2725,1161498311354.7168
8564,2001-11-16 11:20:00,1255692703872.0,526733352123.25,1196428782208.6921,1202860124712.866,1180507889373.0295,1157415572413.704
8565,2001-11-16 11:30:00,1386857178664.0,538734828393.625,1261511280969.856,1266862922565.5093,1261150944256.3052,1267694180142.4207
8566,2001-11-16 11:40:00,1150283399352.0,542742249068.75,1344579360808.8623,1345403123984.6753,1361335411884.1162,1390864599339.1855
8567,2001-11-16 11:50:00,1205436164832.0,538721059695.125,1199983953608.0596,1191065124005.448,1182697134620.1895,1146262209978.3936
8568,2001-11-16 12:00:00,1208258992088.0,548021501105.125,1231192276972.9512,1238918340901.8706,1221981759315.3125,1214736606242.048
8569,2001-11-16 12:10:00,1262764079720.0,561522409574.75,1237926223189.6003,1239126364779.2292,1229624577094.788,1221759900557.6367
8570,2001-11-16 12:20:00,1278803043384.0,578289997077.5,1277307728610.8994,1279901360009.8464,1276407921358.2068,1279531667222.7822
8571,2001-11-16 12:30:00,1283895685936.0,590940190293.875,1291114327938.6033,1290820967850.4521,1290853810155.2612,1291453236600.3608
8572,2001-11-16 12:40:00,1201955084520.0,601868263248.375,1297150341635.7407,1297082071588.3643,1296542408500.6033,1294823758890.4956
8573,2001-11-16 12:50:00,1248685425584.0,609660780443.375,1245130411036.6394,1244045625532.111,1232364558648.1943,1209747601715.0422
8574,2001-11-16 13:00:00,1562059240856.0,612784715517.0,1264135988338.8706,1269019143322.669,1257676157982.5576,1251809360657.6436
8575,2001-11-16 13:10:00,1603389807456.0,618608756093.5,1465997659024.632,1471870582896.4292,1502500978554.3984,1567883281432.475
8576,2001-11-16 13:20:00,1590102672184.0,626329647261.25,1522889699634.617,1511069393948.017,1562492971506.7373,1611110698623.8013
8577,2001-11-16 13:30:00,1678884964072.0,640976611063.875,1540953231926.9207,1530632783019.1484,1573537707931.5327,1604749635986.6003
8578,2001-11-16 13:40:00,1589012153128.0,661014607442.0,1616419151053.229,1609540562558.8184,1655261330415.9316,1698922960450.1643
8579,2001-11-16 13:50:00,1524837051904.0,677978535212.375,1576469742999.4365,1564222505477.9429,1596757595491.4287,1605976080898.4004
8580,2001-11-16 14:00:00,1948088465816.0,686344953987.125,1531837895348.0093,1526695444212.9453,1538212125988.1736,1533203470678.7747
8581,2001-11-16 14:10:00,2119176299352.0,702085711651.125,1804487799708.2056,1809446003294.0493,1866219142803.5518,1963829223479.955
8582,2001-11-16 14:20:00,1858802358368.0,721714827277.5,1958190040652.4663,1940135442092.7395,2036922884192.5366,2138805414978.3977
8583,2001-11-16 14:30:00,1730347091952.0,734299744901.625,1825461054888.9744,1799669697810.707,1858913078853.1968,1871387275992.1565
8584,2001-11-16 14:40:00,1745599955728.0,748333232567.75,1743583174107.923,1735332605813.3994,1753222061916.1309,1744380579618.1084
8585,2001-11-16 14:50:00,1707997524304.0,755786837450.75,1739711380087.8835,1737791319649.8384,1748022444604.7915,1753053560611.0088
8586,2001-11-16 15:00:00,1494543536752.0,761401588927.125,1712769630101.8943,1709131592590.9802,1714224143378.8953,1713612275780.3545
8587,2001-11-16 15:10:00,1465394713968.0,761795515042.375,1568160232453.916,1564067173332.5955,1540026267136.389,1494937462867.2026
8588,2001-11-16 15:20:00,1612070284792.0,766454705322.625,1531276784726.1074,1539067547883.5513,1501418116519.419,1470053904248.1904
8589,2001-11-16 15:30:00,1360161982288.0,764502094658.625,1605708739220.217,1614455549981.1165,1597885378705.5605,1610117674127.964
8590,2001-11-16 15:40:00,1451172906000.0,760374071205.875,1447237200252.46,1442829812225.4077,1407150752256.0735,1356033958835.3062
8591,2001-11-16 15:50:00,1364868296760.0,757413784438.375,1484453988109.1206,1497721030820.4734,1458086197558.2935,1448212619232.5012
8592,2001-11-16 16:00:00,1440982789912.0,746643621608.375,1417443319358.171,1420244844684.5586,1382897328216.6511,1354098133930.049
8593,2001-11-16 16:10:00,1392348320640.0,733632854989.25,1449371244653.787,1459053724483.643,1428528761599.0415,1427972023292.8347
8594,2001-11-16 16:20:00,1441166368384.0,729080584355.875,1424821768018.4727,1427287447233.62,1399605502787.3618,1387796050006.6255
8595,2001-11-16 16:30:00,1375338880560.0,725155472742.125,1451664441559.351,1457874250497.1572,1434149414470.6506,1437241256770.308
8596,2001-11-16 16:40:00,1317247497456.0,719696590195.25,1408278885032.878,1409391246687.3796,1383980000678.0396,1369879998013.1658
8597,2001-11-16 16:50:00,1304920114296.0,698005032670.75,1348429839107.9077,1353103362467.3784,1317399583031.8413,1295555939931.475
8598,2001-11-16 17:00:00,1224771030640.0,670697158537.5,1317867511957.8726,1324601605685.775,1291174753012.7856,1277612240162.7734
8599,2001-11-16 17:10:00,1254722349928.0,638720975061.5,1248237609819.715,1252718971617.5342,1216428372615.164,1192794847163.9744
8600,2001-11-16 17:20:00,1091147753968.0,615711071645.75,1256565259794.6143,1264758385336.9478,1235379757098.3867,1231712446512.1968
8601,2001-11-16 17:30:00,1143280980864.0,594336258394.0,1146682475758.84,1148097643322.0254,1108047930402.446,1069772940716.2168
8602,2001-11-16 17:40:00,928809078520.0,573398142808.75,1158907057700.3965,1170121022162.9263,1132522991162.8647,1122342865278.7896
8603,2001-11-16 17:50:00,930484533968.0,557649771870.5,1019235202382.5717,1021161429924.9695,969018550711.6995,913060707581.8123
8604,2001-11-16 18:00:00,945074839568.0,544181964881.375,997222110596.9692,1011202242982.3984,952814649622.7207,917016726978.8461
8605,2001-11-16 18:10:00,1117532832120.0,531378469858.0,994144441610.7769,1004809717705.0813,956198516211.0316,932271344544.5627
8606,2001-11-16 18:20:00,1013438770008.0,516112175603.875,1091111459426.7007,1102145774473.5732,1082598983133.5684,1102266537865.9023
8607,2001-11-16 18:30:00,891478189192.0,505072430154.5,1036087517387.1602,1034342095031.2286,1016931503752.6373,1002399024558.5948
8608,2001-11-16 18:40:00,870646967056.0,502492417641.875,960121810172.2698,963860100601.0156,926494450676.1619,888898176679.4285
8609,2001-11-16 18:50:00,870475206064.0,515466777617.0,950229329937.2854,959310473817.6455,915728907876.3572,883621327031.1316
8610,2001-11-16 19:00:00,931754213032.0,528316872385.0,945016889517.1855,953208974606.6963,913068719573.6327,883325300832.0432
8611,2001-11-16 19:10:00,1091146095784.0,537069054327.875,978536188589.3068,987551673856.2043,955244097893.0171,940506394974.894
8612,2001-11-16 19:20:00,1039419177104.0,548239190827.75,1086300670907.9075,1094024574245.1007,1084190623767.6096,1102316232283.8877
8613,2001-11-16 19:30:00,1027774809640.0,553902792126.625,1064877991806.4885,1063147286441.0576,1053814673541.5714,1045082778402.8911
8614,2001-11-16 19:40:00,1056559247448.0,551223503464.125,1049348880382.3975,1052447308396.4073,1037369352333.1758,1025095520977.4872
8615,2001-11-16 19:50:00,813766065608.0,543338853357.0,1060771117056.4042,1064796260489.3644,1052612554514.0442,1048674597340.8862
8616,2001-11-16 20:00:00,815371233368.0,534372312181.375,904739913260.5135,903339514174.4631,864976857648.5227,804799524432.3995
8617,2001-11-16 20:10:00,915855288112.0,528804987674.75,885917632989.27,899041365794.6235,849201698919.9379,809803908861.3948
8618,2001-11-16 20:20:00,922965769832.0,540874196895.0,955958950518.5991,966910208851.1202,936631819014.2273,927924497332.2539
8619,2001-11-16 20:30:00,1090601361648.0,546785808440.5,962084535697.6042,966351712831.3209,943858585665.596,928877381377.5327
8620,2001-11-16 20:40:00,1051713598864.0,547734466202.125,1065496053942.2166,1073105807473.1781,1070169314454.3628,1091550019409.6411
8621,2001-11-16 20:50:00,1109519944272.0,545426399869.0,1052889257741.7012,1049987317829.9204,1050532835171.021,1049405532530.9266
8622,2001-11-16 21:00:00,843902057080.0,544031514060.25,1095039902461.9648,1097792986002.143,1097321339290.769,1108125058463.2676
8623,2001-11-16 21:10:00,838859343136.0,539231607248.125,929531719994.7773,924531479037.4524,895326520894.2314,839102150267.9336
8624,2001-11-16 21:20:00,920917647416.0,532607195430.375,902348380306.5078,913940267239.7571,869775119525.6155,832234931318.3
8625,2001-11-16 21:30:00,778442756152.0,534052634944.75,950494119276.7382,960206635714.8749,932583427269.4305,922363086930.416
8626,2001-11-16 21:40:00,769821609256.0,537805299753.5,863601306922.4985,865459480201.0022,829174911489.135,782195420960.7261
8627,2001-11-16 21:50:00,902670798200.0,538822945659.375,843221761694.3594,853702735180.38,809593701023.9368,770839255161.9009
8628,2001-11-16 22:00:00,966553692288.0,538927072346.5,921088173558.0719,932414347667.1652,905576499943.1201,902774924887.1049
8629,2001-11-16 22:10:00,822572922664.0,532072597118.0,960299468728.257,964172571594.2477,955605696284.9553,959699217059.4468
8630,2001-11-16 22:20:00,813854473176.0,519272184639.75,864269481929.9014,862948317171.1746,844807739540.9272,809772510185.7496
8631,2001-11-16 22:30:00,886578060304.0,502839040761.5,839452002810.6824,846652885160.0104,823367748000.7299,797421329297.6895
8632,2001-11-16 22:40:00,758080273880.0,494935684974.5,883170523564.704,889618768292.6437,881596081966.4703,878674704517.0078
8633,2001-11-16 22:50:00,796254909664.0,478665560461.5,794141494033.1833,793298266901.7188,778389383150.7998,741810149366.939
8634,2001-11-16 23:00:00,848917252688.0,447349203275.0,786384491245.3362,794013529881.7351,781224380023.8907,764938552477.5076
8635,2001-11-16 23:10:00,905546186200.0,447039358662.0,839362950692.2175,843191591722.3751,847114837505.1288,848607408074.9501
8636,2001-11-16 23:20:00,747080672632.0,452117030137.0,888026588209.1466,888441615312.6196,903096557421.1438,910623857675.007
8637,2001-11-16 23:30:00,709294278984.0,457833427948.5,795999684620.2747,791091928680.8745,790231216108.7063,752797070443.4468
8638,2001-11-16 23:40:00,789254228624.0,466374353145.75,766978907328.4546,772140259506.919,755103146077.4669,717835204181.2462
8639,2001-11-16 23:50:00,550491605080.0,469051074113.125,805586049084.4532,812308430301.8707,805750177618.1565,791930949591.4207
8640,2001-11-17 00:00:00,549873015792.0,265384868207.625,450352902114.48065,448702412649.61414,418799410056.8816,346825399174.48474
8641,2001-11-17 00:10:00,618822402976.0,239203931420.625,530757952353.1205,546827663421.06586,529799021172.5009,523692079005.0449
8642,2001-11-17 00:20:00,497619675144.0,221007204646.125,579760018584.3904,581817413737.8246,593735425783.7322,600625676201.5425
8643,2001-11-17 00:30:00,368591881992.0,204298280343.75,507023639279.00385,503857430458.1134,507810442549.81116,480910750841.6657
8644,2001-11-17 00:40:00,393985101144.0,193651366715.25,419779857685.6686,421871898453.70807,406172614689.75806,357944968363.553
8645,2001-11-17 00:50:00,406665522952.0,202097267801.75,438679356106.01697,446825177609.9384,431863162403.2186,402431002230.5609
8646,2001-11-17 01:00:00,320251095352.0,192251773447.125,427639172980.84845,432051079002.6754,423961529399.9808,396820028597.4094
8647,2001-11-17 01:10:00,404765318464.0,179078247251.625,363522417813.9753,366719319783.9835,350963866535.1949,307077569156.5476
8648,2001-11-17 01:20:00,334114014424.0,170705388961.75,407111369448.57733,415690961517.1126,410860012590.6664,396392460174.1704
8649,2001-11-17 01:30:00,320957840896.0,154204640420.75,354883881782.0063,355658353012.9282,351304393224.8525,317613265883.00903
8650,2001-11-17 01:40:00,375763016992.0,136154658792.875,332783730295.58374,337953221173.1006,332132834244.01074,302907859268.11523
8651,2001-11-17 01:50:00,318941720432.0,114518180675.375,355374720663.8652,360472950140.1644,365362413968.48047,354126538874.54065
8652,2001-11-17 02:00:00,356013019296.0,102037495554.125,325691223528.30133,325778218842.5757,330941614236.8925,306461035310.7543
8653,2001-11-17 02:10:00,306804630664.0,85913586465.25,340719148748.1143,344574643121.75336,351884523118.18823,339889110207.14594
8654,2001-11-17 02:20:00,295171326464.0,74261559063.375,310577059497.70746,310386122034.93976,318531234907.5162,295152603262.1035
8655,2001-11-17 02:30:00,318116012456.0,55638649484.125,289679314227.15326,291922137140.89606,298693070453.8187,276548416884.7955
8656,2001-11-17 02:40:00,343664102304.0,43878801362.0,303660495094.2405,306094997666.4352,318641273264.76416,306356164333.82764
8657,2001-11-17 02:50:00,334668432000.0,24702370252.5,311612861744.51227,312120019188.4455,331477066911.5399,324487671194.47534
8658,2001-11-17 03:00:00,369907505760.0,11713605057.375,310541602237.8278,309465692714.5069,330654877298.5507,321679666804.8919
8659,2001-11-17 03:10:00,469033416000.0,-3836901243.0,329948145305.8252,329691786914.05054,354962809383.8428,354356999459.6664
8660,2001-11-17 03:20:00,403872682280.0,-20024461350.375,392231424846.23975,390949192934.64526,432483178305.2494,452845855892.62195
8661,2001-11-17 03:30:00,409286530800.0,-24061337307.125,370631463761.81714,362523444345.32166,402570190784.70886,399835806323.28314
8662,2001-11-17 03:40:00,523264004464.0,-30930738207.375,372783811104.3904,369585863559.2276,404167926597.8607,402417129899.7577
8663,2001-11-17 03:50:00,330257856368.0,-38843325727.5,443755305498.3738,441336578789.32,491569596893.1405,515351416943.82544
8664,2001-11-17 04:00:00,372362922832.0,-43088758450.125,336094884798.22845,324356116024.5195,356067930310.5652,326012423645.41626
8665,2001-11-17 04:10:00,326303571264.0,-49635130062.75,351011610466.5675,353014003927.3411,375025627234.3171,365816551219.39923
8666,2001-11-17 04:20:00,336612004816.0,-56784883190.875,319827962701.7488,316505668260.68134,338126594798.93036,319153818135.8335
8667,2001-11-17 04:30:00,256045566536.0,-69684693563.875,316030762405.77625,316271134239.27594,335612483364.3711,323712194442.95776
8668,2001-11-17 04:40:00,260597658072.0,-77427491412.75,264894311903.3692,262398330468.17596,276074079410.4984,248302768687.14258
8669,2001-11-17 04:50:00,299077893736.0,-88682713938.0,255247480863.213,257309558415.40466,268793289260.00977,249342435546.71033
8670,2001-11-17 05:00:00,299464728920.0,-96044860216.125,275563134489.4,276361184697.92773,298627455968.38763,291715747457.8738
8671,2001-11-17 05:10:00,276865870512.0,-97296388921.625,282751277992.0539,280726583894.0952,306672684228.1798,298213200214.4525
8672,2001-11-17 05:20:00,287413930784.0,-102709064753.125,266501322314.12982,264405395132.53162,286584062054.2284,271453194680.47754
8673,2001-11-17 05:30:00,286757122768.0,-107438150029.875,270305789920.8772,269701272090.35724,293240271798.7712,282684845507.23663
8674,2001-11-17 05:40:00,283493755080.0,-112668135390.75,269344576788.36945,267661184999.85022,292230747309.5893,281527137407.1185
8675,2001-11-17 05:50:00,275916724056.0,-122607924449.0,262907196440.01312,261410743115.5359,284571318289.1,273553966021.70923
8676,2001-11-17 06:00:00,288792486080.0,-130453138274.875,257653615080.17572,256293586023.11987,279099974161.4545,268071510230.08282
8677,2001-11-17 06:10:00,306479723200.0,-132621781480.375,268460647533.206,267182519064.33472,293429372875.45935,286623842874.47034
8678,2001-11-17 06:20:00,293679094032.0,-132773930668.0,283633022917.35944,281486472072.1507,310564232821.4922,306327574012.3231
8679,2001-11-17 06:30:00,272181711416.0,-136470957352.0,275692364913.7901,272696566519.698,299619101968.89905,289982067348.03296
8680,2001-11-17 06:40:00,313536037144.0,-139208069362.75,261654190781.00476,259349567582.47412,283323561855.3286,269444599405.25476
8681,2001-11-17 06:50:00,291518587872.0,-144700929104.875,283962863332.03394,283411053368.2881,310621590970.67883,308043177401.8154
8682,2001-11-17 07:00:00,270105779056.0,-143915864460.875,278602883890.46985,275122884256.1651,301953463421.35815,292303652516.0412
8683,2001-11-17 07:10:00,330656169984.0,-143428740089.75,265491700843.18402,263378847433.7826,285318937668.81836,270592903427.1828
8684,2001-11-17 07:20:00,304712957928.0,-142073293190.125,302247275233.0553,302019529618.09985,331372161225.901,332011616883.59985
8685,2001-11-17 07:30:00,320463015928.0,-136495422951.875,295276996020.70123,290807860513.4055,320336622263.44464,310290828166.2452
8686,2001-11-17 07:40:00,294095472104.0,-115010170858.875,323828286160.5208,322180814373.2831,349161183735.5592,341948268021.01965
8687,2001-11-17 07:50:00,317495736976.0,-104848122387.625,303750375372.11127,300230688118.0025,323411697583.3471,304257520575.2814
8688,2001-11-17 08:00:00,280887487728.0,-89707847492.125,325866625311.16595,325914088602.03284,345276562087.522,332636011871.4878
8689,2001-11-17 08:10:00,267093281200.0,-68317886077.875,314599302378.77954,312699127716.1128,326639872444.8591,302277449142.2855
8690,2001-11-17 08:20:00,292507673976.0,-52782930466.75,301977955829.83453,302699651694.6302,310679815111.01953,282628236811.08276
8691,2001-11-17 08:30:00,322890555640.0,-35442652361.375,319381154486.6065,321492380680.0458,330970646383.8174,309847952081.3613
8692,2001-11-17 08:40:00,294423344584.0,-14516348222.5,346923292477.7666,348149601108.88995,360617300458.24146,343816859778.93164
8693,2001-11-17 08:50:00,316945291520.0,-72784231.375,329779009250.49603,329503105042.27924,337162852032.29016,308866908575.1859
8694,2001-11-17 09:00:00,306851002648.0,15888382126.625,345699461930.8992,348371446410.8322,355099288456.1713,332906457878.034
8695,2001-11-17 09:10:00,298785298936.0,26140830076.25,338324190674.34973,339596188345.00415,344084997429.9727,317103450597.6487
8696,2001-11-17 09:20:00,329315716288.0,49952732856.875,346478095540.1132,348932649990.74097,350846361726.12317,322597201716.61334
8697,2001-11-17 09:30:00,292419794144.0,63704057067.25,360963512844.43445,364107621548.81824,366840868102.9166,343067040498.43054
8698,2001-11-17 09:40:00,318538116248.0,83270183999.125,347223556794.0344,348960513661.28784,346439242859.8719,311985921075.8637
8699,2001-11-17 09:50:00,294367786720.0,92635714641.0,354682529754.1152,359352099167.76276,355975247048.9945,327903646889.9296
8700,2001-11-17 10:00:00,305103494128.0,102646281689.625,340995349292.97125,344048060080.2514,338474916028.4147,304378353768.68335
8701,2001-11-17 10:10:00,293127658416.0,115892131271.0,349493932495.9353,354377183208.0164,348420522862.1649,318349343709.3177
8702,2001-11-17 10:20:00,315870066336.0,134234475606.625,348983718494.8483,352789227874.0234,345502038517.5514,311470002751.65265
8703,2001-11-17 10:30:00,314210597504.0,147343168272.25,360899681818.9877,366088727767.97095,358754092828.9249,328978759001.65936
8704,2001-11-17 10:40:00,277627899824.0,162098210525.125,364159043308.3283,368350475718.60944,360829075770.8333,328965639756.8373
8705,2001-11-17 10:50:00,297443780160.0,175419322689.375,341754202621.39233,345882378464.05676,332455817447.2602,290949011988.2313
8706,2001-11-17 11:00:00,398704094776.0,201564914766.25,365542867177.04626,372385006305.00073,358204993223.35736,323589372236.93445
8707,2001-11-17 11:10:00,395513196368.0,213130094843.75,421857624490.0632,428643523181.2807,425656614300.57025,410269274853.47925
8708,2001-11-17 11:20:00,466669618728.0,217354390198.125,420157018133.7604,421913179062.4752,423363506305.4095,399737491722.4215
8709,2001-11-17 11:30:00,567282588624.0,224219597760.125,469423653179.594,473599693497.42236,482084569239.9422,473534826289.98145
8710,2001-11-17 11:40:00,434926477920.0,236900501658.125,547764971027.44507,549233918374.5525,572580860190.801,579963492522.0332
8711,2001-11-17 11:50:00,478501934048.0,232657183465.875,460830213727.28516,455131208117.5897,466522660696.8174,430683159727.7062
8712,2001-11-17 12:00:00,557553752840.0,239064458773.625,490520259987.78754,495507036963.2756,502085119714.5969,484909209355.78613
8713,2001-11-17 12:10:00,681247546960.0,260654994863.25,559170426700.9672,560717944179.1213,581170374689.7815,579144288929.6747
8714,2001-11-17 12:20:00,608875581528.0,280795218981.375,651256405746.4929,650681295644.4784,686381478551.147,701387771078.0692
8715,2001-11-17 12:30:00,676360293320.0,298969551394.25,622992508342.6633,615801837732.8816,644279652477.9084,627049913940.8259
8716,2001-11-17 12:40:00,742988336024.0,320785847378.75,674995801909.6382,675574108202.9673,701272907602.1877,698176589304.4526
8717,2001-11-17 12:50:00,713403862112.0,337205372503.5,725055317798.0779,722656154660.5509,755952163815.3696,759407861148.7975
8718,2001-11-17 13:00:00,692225600304.0,349347842958.75,714849157628.2878,710032188036.9702,738071221008.4214,725546332567.2148
8719,2001-11-17 13:10:00,641202639248.0,379437145004.25,723527842530.4286,721695261118.7112,741281274554.1775,722314902349.439
8720,2001-11-17 13:20:00,770546335424.0,413515553515.75,703890069996.5452,702591088726.2039,710208086896.4518,675281047759.4817
8721,2001-11-17 13:30:00,613700373976.0,439162834990.25,782033349353.9636,786712806756.1931,801764464924.2488,796193616898.5607
8722,2001-11-17 13:40:00,740396319368.0,473946505390.375,705453621632.5898,700760780054.2551,700812689196.1104,648484044376.1382
8723,2001-11-17 13:50:00,730275365240.0,508846662178.375,784250692633.9504,792810028953.675,793112682295.879,775296476156.0438
8724,2001-11-17 14:00:00,754454620392.0,527695112008.5,775626356233.0881,775653013295.329,779597301804.6708,749123815070.0974
8725,2001-11-17 14:10:00,761879564368.0,547647080145.25,794557010322.2134,798264264401.7983,800169282028.9688,774406588528.751
8726,2001-11-17 14:20:00,680375855800.0,570736828121.25,807316899486.3887,809645849550.6195,812466775032.9075,784969312343.9536
8727,2001-11-17 14:30:00,805535747872.0,589159071137.0,756322662339.7227,757708797645.2065,748513525739.3931,698798098815.794
8728,2001-11-17 14:40:00,1069872023832.0,605879903537.875,829742672031.0947,838579363209.7793,837913642755.5122,822256580272.9199
8729,2001-11-17 14:50:00,789364060448.0,613046919314.625,997409936090.5765,1001944367694.4481,1040509210805.1848,1077039039608.7053
8730,2001-11-17 15:00:00,695567316824.0,613004551192.125,837374165376.8226,823909752112.9519,840316343795.3323,789321692325.5039
8731,2001-11-17 15:10:00,809554142528.0,615579204753.0,765959608385.8594,771324718369.8492,755554776275.8843,698141970384.9203
8732,2001-11-17 15:20:00,734173239648.0,613515436185.0,819491717216.0199,828698363523.9008,826762522413.7986,807490373960.0332
8733,2001-11-17 15:30:00,724670604128.0,610848989031.375,772082216609.5442,772369755831.9224,771367853376.2437,731506792494.4333
8734,2001-11-17 15:40:00,765265349168.0,613987552020.5,763545387575.6572,768851295942.3813,763876526415.5798,727809167117.0674
8735,2001-11-17 15:50:00,784153146192.0,621488464993.375,790138248971.3186,795160574738.0842,797335798849.1512,772766262140.8372
8736,2001-11-17 16:00:00,1089614744960.0,623257156470.125,798842160459.231,801385370052.7136,809343489251.9856,785921837668.7299
8737,2001-11-17 16:10:00,1072101202440.0,619541010786.5,988251375902.5911,994667037489.325,1040658107745.9104,1085898599276.4192
8738,2001-11-17 16:20:00,1047867694744.0,626494853434.0,1013673959049.3704,1001808792543.6304,1062124802453.7722,1079055045087.5381
8739,2001-11-17 16:30:00,1116224008864.0,623969286830.25,1003598299088.5898,996036336803.1077,1044394872639.7972,1045342128140.2639
8740,2001-11-17 16:40:00,1053857930616.0,622014509782.0,1051248772252.7812,1046923784514.2091,1099398248254.3569,1114269231815.7993
8741,2001-11-17 16:50:00,1139385735936.0,609619557238.875,1010883517819.1372,1001863221844.0364,1048349632294.4943,1041462978072.883
8742,2001-11-17 17:00:00,1109075192360.0,589126906496.625,1053358583323.5417,1050748452700.4873,1102221337444.2615,1118893085193.6948
8743,2001-11-17 17:10:00,1216786033136.0,573906042846.375,1042456274374.4948,1033579832393.1877,1087933578123.9797,1093854328709.7905
8744,2001-11-17 17:20:00,1057805797896.0,564379556803.125,1116502605539.2737,1111714714196.631,1176131238639.4878,1207259547092.7407
8745,2001-11-17 17:30:00,1060464350512.0,545821709951.25,1017791007183.2372,1003772400994.2498,1054541491099.6782,1039247951044.137
8746,2001-11-17 17:40:00,1307908894976.0,513236545587.25,994159953736.1447,991478482694.3895,1031514454814.3562,1027879186147.979
8747,2001-11-17 17:50:00,1429746570832.0,500009973086.625,1160080037315.1353,1158899405722.7305,1234135520725.316,1294682322475.4048
8748,2001-11-17 18:00:00,1514447363352.0,488720483233.375,1261529311381.7021,1246373391624.9062,1350092638997.7634,1418457080978.7068
8749,2001-11-17 18:10:00,1315113850504.0,466263659910.125,1326666982129.6348,1308751553069.6853,1422119754906.1199,1491990540028.7622
8750,2001-11-17 18:20:00,1338106203816.0,451624764629.375,1224371631661.35,1200847625759.949,1288819200960.9478,1300474955223.1936
8751,2001-11-17 18:30:00,1289409750632.0,450960438891.625,1247305486383.607,1237492085740.0205,1311655612541.7988,1337441878078.2246
8752,2001-11-17 18:40:00,1188518923664.0,455461905430.625,1227874569490.2854,1214209896456.1638,1282159113134.537,1293911217170.9993
8753,2001-11-17 18:50:00,1232227454528.0,465418026931.5,1172459910423.1782,1161511488890.8706,1209055183738.1118,1198475045164.8384
8754,2001-11-17 19:00:00,1233786927664.0,470865567679.125,1193159265293.109,1189101361192.6538,1231927780084.312,1237674995275.6519
8755,2001-11-17 19:10:00,1193355953552.0,480991643224.5,1201895390330.684,1194898970198.1016,1238872382326.3264,1243913003209.373
8756,2001-11-17 19:20:00,1178414171208.0,491145278983.375,1181366482595.5452,1174521240263.4927,1209558132280.1494,1203509589310.8704
8757,2001-11-17 19:30:00,1097589825312.0,503267410816.25,1174590236375.1755,1170661450370.2205,1198054972016.893,1190536303040.872
8758,2001-11-17 19:40:00,1208193102680.0,505087388664.25,1113030899328.583,1108584539294.4778,1124620395210.391,1099409803159.9376
8759,2001-11-17 19:50:00,1205023946424.0,503656558464.375,1171648802137.312,1174148854258.4863,1197750997454.1318,1206762272480.1235
8760,2001-11-17 20:00:00,1171633279864.0,503506530689.625,1176105964523.3765,1170932403622.4038,1201253143188.2173,1204873918649.2944
8761,2001-11-17 20:10:00,1168999786120.0,504034730290.75,1158056537528.227,1153881599540.8818,1177400915088.7915,1172161479465.1309
8762,2001-11-17 20:20:00,1274622707192.0,510556545519.125,1160089602980.7224,1157658796691.7712,1179291774207.6162,1175521601348.3535
8763,2001-11-17 20:30:00,1109389051360.0,516051022004.875,1228078211010.377,1227037402897.6123,1260040003458.0498,1280117183677.7617
8764,2001-11-17 20:40:00,1004607461624.0,517749749744.25,1130015198178.3472,1120630351171.6309,1137813597930.271,1111087779099.413
8765,2001-11-17 20:50:00,1030282367296.0,526401158533.75,1059484953529.5576,1059903990002.3556,1053399278960.5237,1013258870413.5544
8766,2001-11-17 21:00:00,950737391736.0,528058610547.875,1057056610805.585,1062029632447.2694,1055454911858.3354,1031939819310.1686
8767,2001-11-17 21:10:00,916245251888.0,528756992172.25,999498094725.7324,1000638954788.7493,989491389010.5425,951435773360.3735
8768,2001-11-17 21:20:00,947932717672.0,528382860095.0,965871615848.5327,971266747348.1399,952781804975.4587,915871119810.7908
8769,2001-11-17 21:30:00,884498647576.0,523112072753.125,970000908915.6564,976188259161.3588,964998096757.4478,942661930330.1018
8770,2001-11-17 21:40:00,1007007198216.0,523321324067.0,930855463897.2039,933521479663.1094,919219531380.3892,884707898889.8511
8771,2001-11-17 21:50:00,995179680976.0,525867054532.625,1002817419149.1931,1010560736361.3724,1009832499813.3881,1009552928681.6752
8772,2001-11-17 22:00:00,836567529696.0,524619675854.375,998690915230.6973,997835517788.9282,1004492672973.8171,993932302297.6895
8773,2001-11-17 22:10:00,953803040192.0,519986365138.625,894840070542.4094,893819711697.3813,879514669913.8137,831934218980.279
8774,2001-11-17 22:20:00,946133013736.0,506111534132.625,944126817330.1154,953830510251.1812,946957771620.5026,939928209186.0288
8775,2001-11-17 22:30:00,987053116064.0,487387697703.875,934342191074.6831,934890990802.4211,937905501121.4093,927409177307.1884
8776,2001-11-17 22:40:00,1018693430576.0,469103306216.125,956740268590.8219,959423408082.7455,967177014855.8772,968768724576.3033
8777,2001-11-17 22:50:00,888899555248.0,447454934057.625,970356393194.2245,969754522783.7582,989430744266.2709,997045058417.4753
8778,2001-11-17 23:00:00,687832703024.0,401727485679.75,863117643950.6259,858658831045.641,866602528461.1958,843172106870.1079
8779,2001-11-17 23:10:00,686897281984.0,380422146965.375,738546861409.9805,739268627074.4916,719468040046.6301,666527364309.5984
8780,2001-11-17 23:20:00,645867801568.0,361114944494.25,715720961291.3396,724806237422.6045,701120394134.0742,667590079512.9199
8781,2001-11-17 23:30:00,741134414208.0,336518179691.25,671371453192.5051,676978871918.187,655415914480.0726,621271036765.0052
8782,2001-11-17 23:40:00,785805151872.0,313531202543.625,719224300791.447,727866077368.1313,720299989036.0087,718147437060.4028
8783,2001-11-17 23:50:00,640042166784.0,289857170348.875,746232186648.152,747961265782.2917,756070172494.2351,762131119677.2765
8784,2001-11-18 00:00:00,696241994864.0,339415863547.125,729231138734.889,726794293461.9788,719338153389.6147,689600859982.2242
8785,2001-11-18 00:10:00,969055317856.0,276571386234.5,663574601717.5149,669295719709.7699,654757135444.437,633397517551.332
8786,2001-11-18 00:20:00,965374338232.0,237358111459.125,835066840583.5779,843856664944.2483,872301549693.9147,929842043080.6353
8787,2001-11-18 00:30:00,765483814648.0,201507429594.25,851093913414.2925,840645405861.9626,890315231134.8375,929523656367.0922
8788,2001-11-18 00:40:00,770795050600.0,168541919091.375,731144432058.8679,720317171460.306,744225724244.114,732518304145.0848
8789,2001-11-18 00:50:00,842689122696.0,163265072123.5,746790949123.3765,747543422666.4894,761647965056.7334,765518203632.1611
8790,2001-11-18 01:00:00,796425526560.0,159353343322.75,795176328691.6129,793518886468.7433,819008710624.9404,838777393895.21
8791,2001-11-18 01:10:00,697096712912.0,154822963644.5,773816841996.9073,768061939943.6252,789205756079.7938,791895146881.7078
8792,2001-11-18 01:20:00,783046986016.0,152446736228.875,711917825239.6962,708351770759.9866,713656735170.9784,694720485496.4194
8793,2001-11-18 01:30:00,708917274592.0,139332987879.875,749073205534.1079,752268951645.9742,761404400662.2429,769933237667.0514
8794,2001-11-18 01:40:00,672572196128.0,124057792812.75,702456785952.9753,698898971309.6201,703819348949.7527,693642079524.8704
8795,2001-11-18 01:50:00,557096118608.0,102548948496.375,665141480269.4052,666065000609.3318,662773180290.5818,651063351811.6377
8796,2001-11-18 02:00:00,688651552752.0,98524637448.125,598043927731.3392,598189197929.1735,583575334523.7241,553071807559.7888
8797,2001-11-18 02:10:00,663465573536.0,81606128723.5,655238371724.7471,662350066136.1191,662276862599.5496,671733044027.3258
8798,2001-11-18 02:20:00,716335706232.0,73472046145.375,648487478908.1146,646058380605.1539,655205029831.5482,655331490957.8296
8799,2001-11-18 02:30:00,630739441088.0,63445478913.75,678345596977.6761,678692568493.5455,693903407627.1786,706309139000.347
8800,2001-11-18 02:40:00,679697481152.0,55119454794.125,627581894689.752,622844591993.9827,633241847400.97,622413416968.4194
8801,2001-11-18 02:50:00,653579808256.0,49468173070.5,655024308395.86,656545541083.0676,668015804273.4998,674046199428.3267
8802,2001-11-18 03:00:00,850555158504.0,43562233825.5,639683382554.1305,636665717359.5347,649984023259.8043,647673869011.0059
8803,2001-11-18 03:10:00,651931424648.0,32745785099.375,757358588560.898,759237705085.6876,795222588266.4484,839738709777.8853
8804,2001-11-18 03:20:00,625792298744.0,21895516938.5,645485086922.3491,632364468835.7068,656474428945.5474,641081156487.0653
8805,2001-11-18 03:30:00,682644922088.0,17391436443.25,623427407289.9594,623842300128.9874,631622990840.7936,621288218248.72
8806,2001-11-18 03:40:00,643369244024.0,10328171004.0,652345240635.6305,652723079390.3402,668189791010.6385,675581656648.7937
8807,2001-11-18 03:50:00,672867762752.0,2073861502.375,627175526074.8878,623426786506.8074,638730122826.1898,635114934522.3137
8808,2001-11-18 04:00:00,563363112312.0,-3744299399.0,643891596798.7335,643234320233.6416,660675215283.1115,667049601850.6685
8809,2001-11-18 04:10:00,549284626104.0,-19480378023.0,565227213348.8602,560355330527.2825,567830086447.1552,547627033688.04736
8810,2001-11-18 04:20:00,436113469928.0,-36721512875.375,541512142519.1809,543511055637.2085,544498573326.5941,532043491251.6233
8811,2001-11-18 04:30:00,594023363880.0,-54556483685.125,457531039272.07556,456518058486.56,450212329905.69055,418278499118.23816
8812,2001-11-18 04:40:00,601723902416.0,-75008684864.5,537259932856.7258,544282076244.588,555959700177.5182,573571162700.589
8813,2001-11-18 04:50:00,594499040440.0,-95018760167.875,545392547114.005,540993071133.50244,568097548838.4055,581713827112.5844
8814,2001-11-18 05:00:00,611622046720.0,-110697371774.0,544269530799.7539,540300373583.58154,568094455759.6421,578820428833.8228
8815,2001-11-18 05:10:00,664232858720.0,-125900107949.375,554934332093.5475,551058170347.1433,581812315165.9215,596419310544.6731
8816,2001-11-18 05:20:00,703646756984.0,-138088634337.5,592411043874.7426,588186768743.561,626425837542.1155,652044332331.8262
8817,2001-11-18 05:30:00,706382470584.0,-148105957884.125,625035439556.7316,618165434586.5911,663952326346.8193,693629433437.3882
8818,2001-11-18 05:40:00,624269031800.0,-159078270203.625,633691604140.82,625333500641.6984,670596498993.5798,695410158264.5413
8819,2001-11-18 05:50:00,648635036664.0,-168875352113.0,586098838402.4932,577145349934.7035,610876949139.5322,614471949890.57
8820,2001-11-18 06:00:00,542005146728.0,-174082078004.5,600645671445.0126,596935838637.3003,628963892834.6094,643428310772.4858
8821,2001-11-18 06:10:00,512670815568.0,-173974570569.25,541313540221.9446,533907203961.98865,553258020718.8378,542112654163.2947
8822,2001-11-18 06:20:00,492669757824.0,-173246915554.125,517053781948.9149,515992743922.0614,524190428815.05396,513398470583.0691
8823,2001-11-18 06:30:00,507754878920.0,-172258499019.375,500137055410.14954,499476726981.8828,504308930421.74805,493658174358.8115
8824,2001-11-18 06:40:00,545445355728.0,-175991741850.75,501040216723.495,501544466012.532,507604111092.6156,504021636088.67664
8825,2001-11-18 06:50:00,448182558816.0,-183949244200.0,517337563026.76416,517124347647.9978,530902597053.1465,537487853378.76245
8826,2001-11-18 07:00:00,521089575712.0,-188373083077.75,458354293812.6831,454253758194.83704,460502301486.05664,443758719938.234
8827,2001-11-18 07:10:00,523077340960.0,-192744994276.5,497229294572.2777,500169759078.42615,509301463509.11646,516717664513.2134
8828,2001-11-18 07:20:00,537725382408.0,-201368959482.25,497034848459.7637,494382525044.1998,509424913586.2201,514453375754.2191
8829,2001-11-18 07:30:00,591972923912.0,-202770827598.5,514087807982.96423,512517181060.05786,527627656543.38916,536323514291.70825
8830,2001-11-18 07:40:00,584835400104.0,-192450807596.375,563881743680.3912,562014480922.1366,583442642743.4949,602292943914.1694
8831,2001-11-18 07:50:00,525515060920.0,-188347519342.625,563536082627.1993,558487830519.9391,579829363455.2693,588938688357.7546
8832,2001-11-18 08:00:00,523367745968.0,-175669982598.625,539279022914.5051,535187550646.2029,544688386859.547,538192597664.015
8833,2001-11-18 08:10:00,472742823904.0,-162404102528.125,541887871577.93225,541823517436.9613,542129342613.0128,536633626038.4734
8834,2001-11-18 08:20:00,534636902040.0,-151104996155.875,509547070204.4856,508901607693.0814,501537966547.01294,484041930276.26794
8835,2001-11-18 08:30:00,521576872960.0,-130622602995.75,553750092158.8193,557222449302.8757,554631981615.2314,555119295200.1576
8836,2001-11-18 08:40:00,517899531856.0,-105025546491.375,559265747751.6224,558339477993.403,555819184867.0653,547173929464.34546
8837,2001-11-18 08:50:00,514879648168.0,-82524605757.625,560488601115.5282,561677825301.9922,553148196293.3676,540400472589.74634
8838,2001-11-18 09:00:00,548441395480.0,-65499304646.75,556384694273.6162,558350768821.2885,546964351798.162,531904949278.84875
8839,2001-11-18 09:10:00,522144951480.0,-43845324097.875,583137395813.9526,586215826128.2577,577631527872.6682,570095376028.8972
8840,2001-11-18 09:20:00,531144954200.0,-13122371037.5,582619815984.9166,583634028466.1965,570938354609.4492,552867904540.4026
8841,2001-11-18 09:30:00,566424458464.0,17489873352.75,593363512117.7137,596809822328.0712,580319551999.2499,561757198590.2714
8842,2001-11-18 09:40:00,594163474296.0,45060295496.375,618637356602.8026,622687081972.3075,607670264279.8184,593994880607.5728
8843,2001-11-18 09:50:00,624900097104.0,65061015380.375,635681095939.8325,638808545140.6996,626257109567.0607,614164194179.9529
8844,2001-11-18 10:00:00,617258139568.0,84623671584.5,661240094727.6307,664514212675.2837,653005646732.7516,644462753308.0957
8845,2001-11-18 10:10:00,628835941392.0,103176243404.25,661892248382.1986,663855372643.0458,650707133871.6176,635810711387.7223
8846,2001-11-18 10:20:00,658739158504.0,116900492554.5,668293797460.9021,671844387409.15,656582168324.4381,642560190542.2958
8847,2001-11-18 10:30:00,524830816616.0,127320934272.5,685868523503.43,689453345048.1119,677743528932.6061,669159600222.0433
8848,2001-11-18 10:40:00,600784995360.0,144769789010.75,611721393836.4319,612089940675.8132,584366944803.6494,542279671354.1942
8849,2001-11-18 10:50:00,577492493608.0,168577308361.5,658989278603.1353,668668855739.3694,641294547038.4092,624592514710.7269
8850,2001-11-18 11:00:00,529401049312.0,196116845058.875,655587638583.9657,659371951806.5598,632406771954.3093,605032030305.3181
8851,2001-11-18 11:10:00,578675190744.0,218174076090.375,621449246884.8884,626993312573.6719,591525924363.4648,551458280343.5006
8852,2001-11-18 11:20:00,572266007032.0,231743001383.125,641351807672.9941,650726105923.595,617569408582.4524,592244116036.7019
8853,2001-11-18 11:30:00,592947670376.0,249856297179.0,643091295417.7854,649315114087.644,618586086725.8773,590379302827.863
8854,2001-11-18 11:40:00,566127535560.0,266316101740.375,655681391026.9537,662877216848.1213,633901183390.0913,609407474937.4045
8855,2001-11-18 11:50:00,540089385912.0,268342418174.0,626815231136.7272,632591092349.0759,600994324938.6245,568153851993.6389
8856,2001-11-18 12:00:00,753719849400.0,277989835388.75,611153614127.5256,618598854785.123,584328011037.4722,549736803126.71204
8857,2001-11-18 12:10:00,759368360136.0,310862636083.375,766986542595.3135,778266601512.8175,769721030731.0399,786592650094.6117
8858,2001-11-18 12:20:00,834843113408.0,346200862804.375,798753698249.4556,796618032601.896,798407116360.6365,794706586857.0234
8859,2001-11-18 12:30:00,839743837792.0,379525480848.0,862689937872.1967,865267536756.6096,865476376600.975,868167731451.6027
8860,2001-11-18 12:40:00,682020518648.0,408796684842.625,879705633771.7233,879219096305.1399,877730153296.123,869015041786.6006
8861,2001-11-18 12:50:00,564907645992.0,433458840662.875,786001928510.3899,785200384143.0947,758259130254.8762,706682674468.2212
8862,2001-11-18 13:00:00,628382562928.0,446046755361.75,692263931496.8395,700273053616.7361,646677227862.6514,577495560690.8152
8863,2001-11-18 13:10:00,978902726256.0,466448686394.375,724167309963.8889,738995156036.296,688869455131.3289,648784493960.6683
8864,2001-11-18 13:20:00,1105807402528.0,499724091110.25,959937217486.7513,974281940592.0382,972882889442.7314,1012178130971.846
8865,2001-11-18 13:30:00,1094079360904.0,531727696279.25,1075128746034.4347,1071003283163.0619,1101259933723.5405,1137811007697.0059
8866,2001-11-18 13:40:00,1129126096336.0,567695899726.75,1101558034121.7515,1094671268220.8538,1119983135014.3633,1130047564351.4697
8867,2001-11-18 13:50:00,1166530736808.0,610616013953.75,1150069415937.1301,1147262563793.1987,1166033182373.5671,1172046210562.9731
8868,2001-11-18 14:00:00,1311776697248.0,627632153673.75,1167002287085.3628,1164171262062.733,1181534448928.208,1183546876527.996
8869,2001-11-18 14:10:00,1550733616128.0,636746077566.625,1260048861319.2627,1259885632292.0059,1290867458941.4,1320890621140.919
8870,2001-11-18 14:20:00,1814193054816.0,652370179194.625,1435398612656.1025,1431216783598.946,1495212557590.6519,1566357717756.0469
8871,2001-11-18 14:30:00,1916063310144.0,662412010652.875,1631535761432.4827,1619275291013.8088,1720062053422.9753,1824234886274.2808
8872,2001-11-18 14:40:00,1965355182712.0,669008441175.5,1734876371307.475,1712863157309.118,1828154234174.1191,1922659740666.5771
8873,2001-11-18 14:50:00,1788006939176.0,670315170825.0,1793105748644.3464,1770463664358.6594,1884033936786.4746,1966661912361.539
8874,2001-11-18 15:00:00,1881126773280.0,671999844508.125,1705064811634.6233,1680262957676.44,1762990467242.0806,1789691612859.0789
8875,2001-11-18 15:10:00,1913819182952.0,667440667140.875,1758411234167.3423,1747921191124.467,1822894669080.7278,1876567595912.748
8876,2001-11-18 15:20:00,1704961155728.0,661386989263.5,1788186160278.4028,1772063384985.916,1853044049578.3662,1907765505074.6533
8877,2001-11-18 15:30:00,1472122587432.0,664060158662.625,1673966738160.5288,1654867252462.5796,1706615676334.4949,1707634325127.1313
8878,2001-11-18 15:40:00,1463750248200.0,657256128779.875,1507113453411.2776,1497867250619.524,1505887704194.2964,1465318557549.1987
8879,2001-11-18 15:50:00,1767949739032.0,664048808897.375,1488284115392.6008,1491139917617.3347,1488459302880.5571,1470542928317.5493
8880,2001-11-18 16:00:00,1880616587416.0,675344716694.25,1676986183645.6348,1681540844949.9277,1719635258039.0,1779245646828.9348
8881,2001-11-18 16:10:00,1840295114472.0,675146403992.375,1761245918363.9546,1749055598167.475,1817134616208.9712,1880418274714.0923
8882,2001-11-18 16:20:00,1818341014920.0,693572102415.125,1773389084401.4717,1758063489338.0923,1819852087357.0703,1858720812894.7603
8883,2001-11-18 16:30:00,1876976409800.0,704206635434.375,1765199965035.9897,1753302019822.2007,1802908999638.235,1828975547939.188
8884,2001-11-18 16:40:00,1686125817904.0,717202701244.875,1810414342067.2944,1801944670668.9463,1852210615866.3154,1889972475610.5496
8885,2001-11-18 16:50:00,1683071490688.0,712289245161.5,1682744269584.3643,1668564258149.139,1694788311547.6729,1681212361820.6619
8886,2001-11-18 17:00:00,1867794594152.0,704867903772.75,1662907788580.5093,1661977598838.7039,1674376559475.277,1675650149299.2896
8887,2001-11-18 17:10:00,1665962425984.0,706786871951.625,1781147741887.4229,1780644021209.4258,1819325436856.6948,1869713562330.8562
8888,2001-11-18 17:20:00,1819262998416.0,719937196543.75,1679383388362.322,1664498805792.8354,1688831068625.723,1679112750576.176
8889,2001-11-18 17:30:00,1699546812256.0,731429112121.125,1769091356992.5042,1770723030712.7314,1796493227551.108,1830754913993.3545
8890,2001-11-18 17:40:00,1814446399336.0,731160983360.625,1693678978424.8735,1682737868700.5815,1702564154625.5144,1699278683495.4517
8891,2001-11-18 17:50:00,2150588454664.0,738234398706.5,1766333021806.5974,1766825119140.2534,1790179325598.3845,1821519814681.8396
8892,2001-11-18 18:00:00,1662754940568.0,746101301838.75,1990403482002.167,1987251109225.5413,2058016823646.9656,2158455357796.236
8893,2001-11-18 18:10:00,1836710185232.0,739003288172.625,1701664244452.638,1673241496459.4163,1698305314875.2979,1655656926901.919
8894,2001-11-18 18:20:00,1784817219008.0,743011042088.375,1793635101291.42,1801880318289.8875,1813090108577.058,1840717939147.696
8895,2001-11-18 18:30:00,1828214733512.0,754461452474.0,1773863039003.6895,1764847508969.4404,1786734868106.8901,1796267629393.6611
8896,2001-11-18 18:40:00,1602138087688.0,779361572182.5,1816994297249.831,1814380253402.3623,1832967838426.4333,1853114853220.4924
8897,2001-11-18 18:50:00,1538520613168.0,811099332960.25,1691013725567.7192,1681973123995.3623,1672770803868.8745,1633875848465.6882
8898,2001-11-18 19:00:00,1746419126976.0,840487394239.125,1638197142182.0117,1643160035357.8955,1608581929028.38,1567908674446.9146
8899,2001-11-18 19:10:00,1783850946400.0,858800542080.375,1751460998281.4092,1761595645525.6326,1748609098279.0618,1764732274817.288
8900,2001-11-18 19:20:00,1686367441992.0,877214080917.125,1787669572668.5112,1785845928175.7659,1788945175847.753,1802264485236.792
8901,2001-11-18 19:30:00,1861810031872.0,895242629318.375,1735363408517.9219,1732334400710.0535,1720691275583.8022,1704395990393.2554
8902,2001-11-18 19:40:00,1703735613960.0,906719028025.875,1837765461699.707,1843961010840.131,1844813968099.128,1873286430579.498
8903,2001-11-18 19:50:00,1662774709632.0,906550951590.75,1739898354836.3657,1732756805132.5566,1723419272113.0933,1703567537524.8418
8904,2001-11-18 20:00:00,1493535482800.0,909430060379.375,1707590054208.6694,1712117233118.668,1684082780600.0898,1665653818420.634
8905,2001-11-18 20:10:00,1626657809448.0,904949506637.125,1584609102054.5312,1586809772023.42,1539609494355.3042,1489054929057.7036
8906,2001-11-18 20:20:00,1672354298840.0,904434236792.375,1651137695372.5522,1664965944832.5422,1627446016326.5718,1626142539603.2476
8907,2001-11-18 20:30:00,1416790861952.0,899708803910.5,1676549086514.8809,1680237978311.706,1661835104169.2183,1667628865958.165
8908,2001-11-18 20:40:00,1452953088104.0,881004555701.5,1500428893267.6924,1498691312507.7354,1453702574427.6191,1398086613742.9424
8909,2001-11-18 20:50:00,1516925714904.0,853893796608.625,1486399151903.7883,1500517783772.6912,1449287817450.813,1425842329011.187
8910,2001-11-18 21:00:00,1769220734616.0,829461900811.875,1515316039371.8628,1524272268176.141,1491524732089.1177,1492493819107.3096
8911,2001-11-18 21:10:00,1716442409304.0,810960532180.25,1679274580947.622,1687512922684.896,1690878759527.8088,1750719365984.335
8912,2001-11-18 21:20:00,1660879108856.0,798111097137.375,1670959911992.111,1662992345360.327,1675262046787.583,1703592974261.1462
8913,2001-11-18 21:30:00,1631652278056.0,784943840947.875,1639941750953.3618,1636822457986.799,1635534662243.0889,1647711852666.5405
8914,2001-11-18 21:40:00,1675231896808.0,785189246010.875,1632633622175.7217,1632004459482.1865,1623547953042.567,1631897683119.0396
8915,2001-11-18 21:50:00,1733835969280.0,784476967338.75,1660997062537.4775,1662108117161.7222,1655750559877.6692,1674519618135.8618
8916,2001-11-18 22:00:00,1795987250336.0,784862519635.25,1705883661884.6335,1705582505732.825,1705550112443.2961,1734221521576.5442
8917,2001-11-18 22:10:00,2044912949792.0,779025859143.75,1749749006157.4749,1747801147792.6726,1753783776483.671,1790150589844.4504
8918,2001-11-18 22:20:00,1832550327864.0,774930496897.375,1919440805812.8071,1918778895549.2974,1953879387912.017,2040817587545.6167
8919,2001-11-18 22:30:00,1671900959496.0,760177547193.375,1801266669268.8674,1783537846192.4717,1803284482419.5586,1817797378159.984
8920,2001-11-18 22:40:00,1639956890696.0,745790719839.0,1690415408903.0713,1686747748806.3215,1670007422455.2288,1657514132141.662
8921,2001-11-18 22:50:00,1467910297344.0,722376295338.375,1641607906959.219,1644224946849.2798,1620388433087.7588,1616542466195.3948
8922,2001-11-18 23:00:00,1617725173968.0,669075370129.375,1487097743532.5571,1487257588356.1335,1446636358744.8245,1414609372135.0469
8923,2001-11-18 23:10:00,1241491887112.0,609085671673.75,1538472654825.0654,1550071389436.9155,1528228637941.9575,1557735475512.3633
8924,2001-11-18 23:20:00,1504814927368.0,547990700161.0,1283544535561.1064,1275998858594.2686,1233881383663.4048,1180396915599.2441
8925,2001-11-18 23:30:00,1489670978136.0,486583271645.875,1401885280444.4238,1419800440943.0562,1399608107428.46,1443407498852.9014
8926,2001-11-18 23:40:00,1466162138616.0,433776353464.375,1395998208580.5652,1391007487594.1814,1400046223963.5273,1436864059954.5479
8927,2001-11-18 23:50:00,1278722353840.0,382665044791.375,1376967377728.5789,1373767940900.9165,1380944156108.689,1415050829942.9482
