policy,loss_ratio,dropped_Mb,waste_avoidable_pct,waste_unavoidable_pct,served_Mbps,backlog_mean_Mb,backlog_sd_Mb,backlog_max_Mb,backlog_p95_Mb,backlog_p99_Mb,drop_c0_Mb,drop_c1_Mb,drop_c2_Mb,backlog_mean_c0_Mb,backlog_sd_c0_Mb,backlog_max_c0_Mb,backlog_mean_c1_Mb,backlog_sd_c1_Mb,backlog_max_c1_Mb,backlog_mean_c2_Mb,backlog_sd_c2_Mb,backlog_max_c2_Mb,backlog_max_cell_Mb,backlog_mean_cell_max_Mb,backlog_imbalance_Mb,backlog_p95_c0_Mb,backlog_p99_c0_Mb,backlog_p95_c1_Mb,backlog_p99_c1_Mb,backlog_p95_c2_Mb,backlog_p99_c2_Mb,forecast_mase,forecast_sd_ratio,slot_err,forecast_mase_c0,forecast_sd_ratio_c0,forecast_mase_c1,forecast_sd_ratio_c1,forecast_mase_c2,forecast_sd_ratio_c2,forecast_mase_eq,forecast_mase_worst,forecast_sd_ratio_eq,slot_err_c0,slot_err_c1,slot_err_c2,deficit_Mb_per_period,surplus_Mb_per_period,replicate,sample_dt,n_decisions,train_seconds,rho,offered_Mbps,beam_Mbps,buffer_MiB,test_hours,alpha,alpha_c0,H_nominal_c0,alpha_c1,H_nominal_c1,alpha_c2,H_nominal_c2,H_meas_c0,H_meas_c1,H_meas_c2,n_sources,n_sources_c0,n_sources_c1,n_sources_c2,fixed_weights,adaptive_mean,backlog_aware,_rel_fixed
linearp,0.0,0.0,3.299652177134539,0.0,734.9226434537571,1.0428452925545508,0.3682352413474145,13.08776558495145,1.4473405779585284,1.9174721958504244,0.0,0.0,0.0,0.32439988628651467,0.2553461971148186,4.688408016447306,0.33500317018276177,0.26484434681174596,5.036116959041102,0.3834422360851358,0.2811845441724001,4.920799475535421,5.036116959041102,0.3834422360851358,0.05904234979862109,0.7114835678413731,0.9242479386799998,0.739745439102619,0.9623488320908864,0.8488276535848387,1.064289816838603,0.9377746932693792,0.9184937471940181,0.5341979705882204,0.9374065045707137,0.922128217643824,0.936920538258807,0.9160158844955865,0.9390691975473151,0.9175329793024586,0.9377987467922786,0.9390691975473151,0.9185590271472898,0.5740022507309621,0.44750696261638184,0.5810846984173171,0.15288725198806738,0.27827331385463105,0,0.015,480000,63.0,0.9670036679298495,734.9227876266856,760.0,1.0,2.0,1.04,1.04,0.98,1.04,0.98,1.04,0.98,0.9838885889599275,0.9919770305392819,0.9950496382653822,1500,500,500,500,1|1|1,True,True,-
dlinear,0.0,0.0,3.2996521771347895,0.0,734.922643453775,1.0420552054753205,0.3630608101044767,12.866615182529669,1.4453609638817122,1.8987959607622045,0.0,0.0,0.0,0.32529812653863827,0.25541740615896896,4.691152581023559,0.3343080909423968,0.26386752590529905,5.106526249152755,0.3824489879943331,0.2797537884502481,4.834482297434527,5.106526249152755,0.3824489879943331,0.05715086145569483,0.7117468484683148,0.9261184136785122,0.7375471860684455,0.9617694503926294,0.845911960651996,1.061594906095736,0.9427863626929743,0.8715775471712756,0.5381100931281623,0.9453228374044211,0.8568701265807024,0.9389144783627044,0.8821912847262589,0.9442283934777547,0.8746098699257837,0.9428219030816267,0.9453228374044211,0.8712237604109151,0.5811690384572704,0.4460648240742019,0.5870964168530144,0.15414362294583678,0.2795296848124005,0,0.015,480000,63.0,0.9670036679298495,734.9227876266856,760.0,1.0,2.0,1.04,1.04,0.98,1.04,0.98,1.04,0.98,0.9838885889599275,0.9919770305392819,0.9950496382653822,1500,500,500,500,1|1|1,True,True,-
linearp,0.0,0.0,3.2996465626025175,0.0,734.9226861242056,0.8973352525395517,0.39627110855740505,13.5559524466592,1.2984362264080662,2.013857638884936,0.0,0.0,0.0,0.30411208408432666,0.25884586900951856,4.834316521544767,0.2954044298015531,0.25817054645547105,5.318701094469763,0.29781873865367725,0.25749879121431596,4.857950038383383,5.318701094469763,0.30411208408432666,0.008707654282773496,0.7325259548361455,0.913233031699622,0.7077633410659148,0.9065422600221985,0.7310652752566812,0.9586996348391373,0.9262514642047585,0.886087314426294,0.5826431492963131,0.9262117879985731,0.877180575398915,0.9262437410309121,0.8843825449326917,0.9263013148954119,0.8962406475508399,0.9262522813082991,0.9263013148954119,0.8859345892941488,0.5878671192421789,0.5783814995608486,0.581680829085912,0.01438892103802866,1.2682495397036657,0,0.15,48000,630.0,0.9670036679298495,734.9227876266856,760.0,1.0,2.0,1.04,1.04,0.98,1.04,0.98,1.04,0.98,0.9802446539925836,0.9835564420295365,0.9894200618402751,1500,500,500,500,1|1|1,True,True,-
dlinear,0.0,0.0,3.299646562602854,0.0,734.9226861242112,0.8969986402696997,0.3960789711015646,13.55508653243243,1.2947868541839562,2.02697645281024,0.0,0.0,0.0,0.3047615458732237,0.2601412383895707,5.222029289518232,0.29502790111012955,0.25806626143135997,5.128402314441117,0.2972091932863967,0.25593747686300283,4.808669867713424,5.222029289518232,0.3047615458732237,0.00973364476309414,0.7326286341134784,0.9114879290768789,0.7054787162853947,0.9075391096460261,0.7306557558593585,0.9419249502187632,0.9282146871446803,0.8656570227078109,0.5872577469150223,0.9279243908688748,0.8498806596732055,0.9280994989864827,0.8558095470878488,0.9286414923627513,0.890350025153576,0.9282217940727029,0.9286414923627513,0.8653467439715433,0.5894081586786896,0.5838069281424193,0.5885581539239578,0.014388923973378924,1.2682495426390157,0,0.15,48000,630.0,0.9670036679298495,734.9227876266856,760.0,1.0,2.0,1.04,1.04,0.98,1.04,0.98,1.04,0.98,0.9802446539925836,0.9835564420295365,0.9894200618402751,1500,500,500,500,1|1|1,True,True,-
linearp,7.551180833329185e-07,3.9956651048896332,3.299719582798364,0.0,734.9221311707281,1.0108660264688059,0.7498160195125773,15.981800543148447,1.8689802515682246,4.343758461774635,1.2424078785882369,2.7532572263013964,0.0,0.35915778907928114,0.4551017662724673,8.174833955495863,0.335011922550735,0.42634403674863336,8.18261361180815,0.3166963148388738,0.3447578456170432,6.902124971006096,8.18261361180815,0.35915778907928114,0.042461474240407346,0.753573381448612,2.260676414929897,0.7433307109349115,2.0744845973061503,0.7322789955814738,1.5126821009839873,0.9208189519192197,0.8520831127895419,3.86038893828592,0.9164340122861035,0.8414758787235301,0.9230095697835423,0.8489231646630624,0.923080333139504,0.8648228047658383,0.9208413050697167,0.923080333139504,0.8517406160508103,3.8562814959702596,3.918320596575242,3.8065647223122587,0.020378956724253355,12.558985143380623,0,1.5,4800,6300.0,0.9670036679298495,734.9227876266856,760.0,1.0,2.0,1.04,1.04,0.98,1.04,0.98,1.04,0.98,0.9998934343293712,0.9574547274403035,0.9998945060206702,1500,500,500,500,1|1|1,True,True,-
dlinear,6.998338507616029e-07,3.7031316802352814,3.2997142367928554,0.0,734.9221718003542,1.0112775321217504,0.7473544064077522,14.955977855888229,1.8982165763064174,4.3422354017395834,0.3314298168236967,3.3717018634115847,0.0,0.35243315356697724,0.4377429295284928,8.160745772204912,0.3463342673233096,0.4575540870591776,8.18261361180815,0.3125101112315395,0.3353693740194346,7.3176533302675,8.18261361180815,0.35243315356697724,0.039923042335437725,0.747861117305444,2.1325360353937635,0.7636525866344485,2.3159970075235385,0.7294951589249741,1.4370360755962164,0.9245954816929383,0.839712362252176,3.9026523601042977,0.9179878465840896,0.8343882196060827,0.927038291468509,0.8419663359249345,0.9289064780999314,0.8422809502889597,0.9246442053841767,0.9289064780999314,0.839545168606659,3.8775077430470053,3.9900054918195793,3.8404438454463077,0.020989650067539955,12.55959583672391,0,1.5,4800,6300.0,0.9670036679298495,734.9227876266856,760.0,1.0,2.0,1.04,1.04,0.98,1.04,0.98,1.04,0.98,0.9998934343293712,0.9574547274403035,0.9998945060206702,1500,500,500,500,1|1|1,True,True,-
linearp,4.761613499694036e-05,251.9581152092568,3.304251060322126,0.0,734.8876919415561,1.3351242254987552,1.4963188370521472,16.36984963032306,4.477726264330049,8.371583382046795,162.0565323780914,63.971860128697855,25.92972270246754,0.478834137859366,0.9319765800850085,8.388608,0.46323758263345266,0.9189439324336852,8.388608,0.3930525050059571,0.68398396078024,8.388608,8.388608,0.478834137859366,0.08578163285340892,1.1464859646145564,6.476184507184164,1.2676976856012825,5.898717230307997,0.8446688399656384,3.907137364374541,0.9207558547011627,0.8216227606206543,36.31172110701072,0.9283476390564828,0.8102797274134925,0.9214339901816136,0.8213658647315116,0.9125472061262525,0.8315205036593151,0.9207762784547829,0.9283476390564828,0.8210553652681064,35.486557541562846,38.18337821397789,35.26522756549141,0.026675690159064864,125.41273755672277,0,15.0,480,63000.0,0.9670036679298495,734.9227876266856,760.0,1.0,2.0,1.04,1.04,0.98,1.04,0.98,1.04,0.98,0.9545456754526729,0.9998955484169462,0.9998955484169462,1500,500,500,500,1|1|1,True,True,-
dlinear,5.465793987423607e-05,289.21943187573515,3.3049320054367013,0.0,734.8825167586676,1.3509053201010282,1.540265287721849,16.18736908643955,4.702288789034888,8.382269417733406,128.27409336187162,139.0145147786186,21.9308237352449,0.45177692252304386,0.8703278975838745,8.388608,0.529391834712015,1.0889924265491906,8.388608,0.3697365628660689,0.6130397350927759,8.388608,8.388608,0.529391834712015,0.15965527184594613,0.9768941394228989,5.824484393200714,1.7860050603950075,6.940583523488977,0.7538455110470821,3.259857660275482,0.9308247081042881,0.7993518718789703,36.886159625431134,0.932523439353173,0.826331549175841,0.9362304581960746,0.7870772122015073,0.9232303621873297,0.7873944501057589,0.9306614199121924,0.9362304581960746,0.8002677371610357,35.59209091578253,39.25751547167405,35.80887248883682,0.02393467546752658,125.40999654203122,0,15.0,480,63000.0,0.9670036679298495,734.9227876266856,760.0,1.0,2.0,1.04,1.04,0.98,1.04,0.98,1.04,0.98,0.9545456754526729,0.9998955484169462,0.9998955484169462,1500,500,500,500,1|1|1,True,True,-
linearp,0.00011441050023794625,605.3967631340396,3.3107100999408594,0.0,734.8386032404477,1.5536164359004823,1.8662389400728732,16.864961077080434,6.4483374651811305,8.570455642500317,265.38978794683726,242.88688192486177,97.1200932623406,0.5746582361700532,1.1638061496261154,8.388608,0.5313728059362433,1.134195393176924,8.388608,0.44758539379435575,0.9084304457122101,8.388608,8.388608,0.5746582361700532,0.12707284237569738,2.0729990071569206,7.536220237061025,1.8345104059516923,7.397278907650087,1.0100002062451385,6.156491304888842,0.9375903987201842,0.7651651005769474,145.22171674978281,0.9177898054771322,0.7572046816572209,0.9664035043125059,0.7646513205532078,0.9319598718191584,0.772291629523636,0.9387177272029321,0.9664035043125059,0.7647158772446883,138.63339243060037,158.72218759388022,138.30957022486785,0.0,501.54424746625483,0,60.0,120,252000.0,0.9670036679298495,734.9227876266856,760.0,1.0,2.0,1.04,1.04,0.98,1.04,0.98,1.04,0.98,0.9998955484169462,0.9998955484169462,0.9998955484169462,1500,500,500,500,1|1|1,True,True,-
dlinear,0.00010893899318907275,576.4445896013304,3.3101810032024774,0.0,734.8426243756713,1.541389551990081,1.849772060607288,16.729950065487635,6.416723252053918,8.554100749848345,209.20175385172757,268.1447564088989,99.09807934070388,0.5260188049130898,1.0612333657332818,8.388608,0.5606349760744284,1.1950474457698352,8.388608,0.45473577100249424,0.9339888495000296,8.388608,8.388608,0.5606349760744284,0.10589920507193415,1.5722125357943009,7.051429133239035,2.2149460655042263,7.477951090689929,1.0548404032972443,6.3744782979217876,0.9288460511979515,0.7611952612199406,142.82689573494102,0.9010562341091318,0.7494571094729603,0.9559591167876277,0.7601542625871228,0.9339422861509554,0.7719160495569092,0.9303192123492382,0.9559591167876277,0.7605091405389975,136.2902623639858,155.29535511076205,136.89506973007528,0.0,501.54424746625483,0,60.0,120,252000.0,0.9670036679298495,734.9227876266856,760.0,1.0,2.0,1.04,1.04,0.98,1.04,0.98,1.04,0.98,0.9998955484169462,0.9998955484169462,0.9998955484169462,1500,500,500,500,1|1|1,True,True,-
linearp,5.204568916818301e-05,278.44012324405156,2.2361560170447876,0.0,743.0052142704486,1.7487485053367537,2.880637809662215,23.68724485553374,3.7987183918789316,20.082072106299858,41.823750222944874,84.56818614606881,152.0481868750379,0.5465283867565337,0.969020027003803,8.388608,0.5742502677040531,0.9983885712425512,8.388608,0.6279698508759849,1.0117748065334191,8.388608,8.388608,0.6279698508759849,0.08144146411945112,1.2748653937013785,6.534603470923682,1.345071467605338,6.691564775789829,1.4417836548602097,6.852650878221467,0.9384696730406852,0.9226134332108727,0.5337604910410075,0.9387955640939276,0.9166157061132101,0.9379318229704787,0.9146455031116841,0.9386919606205739,0.934585402666497,0.9384731158949934,0.9387955640939276,0.9219488706304638,0.5507817058741591,0.4890069061633989,0.5614928610854646,0.16840068309126618,0.25318046432568114,1,0.015,480000,63.0,0.9776895312541,743.0440437531161,760.0,1.0,2.0,1.04,1.04,0.98,1.04,0.98,1.04,0.98,0.9779661428946917,0.9873411129268803,0.9910089124579412,1500,500,500,500,1|1|1,True,True,
dlinear,5.2208163631306596e-05,279.30934815507067,2.2361725205355056,0.0,743.005088843921,1.7483470016422171,2.8858496689675395,23.69407117518843,3.81398346742988,20.079580528943662,43.915745634063626,77.09673938721475,158.29686313379227,0.5528758733294538,0.9722463167535481,8.388608,0.5550965983251176,0.9968270488986698,8.388608,0.6403745299877124,1.0152315892968555,8.388608,8.388608,0.6403745299877124,0.08749865665825864,1.2841936564166871,6.546325413657271,1.303765970860592,6.688565003001986,1.4709718659344015,6.864596163257784,1.1277043413092585,0.8783755001908768,0.5272400373957059,0.9386853524063908,0.9078153781615387,1.4864439266836456,0.8528080693937735,0.9493589629232052,0.8734496009425539,1.124829414004414,1.4864439266836456,0.8780243494992886,0.5518024417395565,0.4593913851385368,0.5705262853090242,0.166550981922687,0.25133076315710207,1,0.015,480000,63.0,0.9776895312541,743.0440437531161,760.0,1.0,2.0,1.04,1.04,0.98,1.04,0.98,1.04,0.98,0.9779661428946917,0.9873411129268803,0.9910089124579412,1500,500,500,500,1|1|1,True,True,
linearp,5.3242613752762076e-05,284.8435705644834,2.2362680375346145,0.0,743.0043629147519,1.609974535267811,2.9385335012848377,23.70682666849524,3.9716571449813576,20.129585877978762,76.30436200334692,98.66256726461678,109.8766412965197,0.5279153339577983,0.9982563400341868,8.388608,0.5333887011927916,1.0173568904883663,8.388608,0.5486705001173581,1.022868682640116,8.388608,8.388608,0.5486705001173581,0.02075516615955974,1.4323189422986389,6.667720272261446,1.4757072529338353,6.680191237915854,1.49449077127672,6.819071409020333,0.927268957665356,0.884789554217877,0.6142908091444977,0.9284128348766276,0.8703560430264998,0.9271888958042235,0.8707632015692434,0.9261403127296713,0.9076964373557626,0.9272473478035074,0.9284128348766276,0.8829385606505019,0.6177818112438952,0.6118977691188212,0.6131928470707769,0.05800301608533952,0.9058008284294888,1,0.15,48000,630.0,0.9776895312541,743.0440437531161,760.0,1.0,2.0,1.04,1.04,0.98,1.04,0.98,1.04,0.98,0.9590769965810924,0.9613426909142053,0.9998933185276163,1500,500,500,500,1|1|1,True,True,
dlinear,5.3284562564111885e-05,285.0679932282786,2.236273235748875,0.0,743.0043234083034,1.62148094914241,2.9311937979369027,23.705154128138446,4.052444741802375,20.004000515699516,85.83096784227627,70.30221189680978,128.9348134891926,0.5480621570272648,1.009477230916965,8.388608,0.5011727284799684,0.9849905522115341,8.388608,0.572246063635085,1.038943785320443,8.388608,8.388608,0.572246063635085,0.07107333515511663,1.5220244714190256,6.692466095592699,1.303965056691794,6.461647551385556,1.6439431569471878,6.885809860007989,0.9952618194290912,0.85074923520474,0.6234585222200555,0.9299509916497379,0.8476589031064632,1.1194481429319816,0.8484564186064143,0.933628090818249,0.8551667416978422,0.9943424084666561,1.1194481429319816,0.85042735447024,0.6160397770335141,0.6225971403368807,0.6317386492897715,0.05943450372870807,0.9072323160728574,1,0.15,48000,630.0,0.9776895312541,743.0440437531161,760.0,1.0,2.0,1.04,1.04,0.98,1.04,0.98,1.04,0.98,0.9590769965810924,0.9613426909142053,0.9998933185276163,1500,500,500,500,1|1|1,True,True,
linearp,0.00011327176035729084,605.9945293843022,2.242140215720681,0.0,742.9597343605261,2.074144743085383,3.023519419123677,23.703279225804966,8.238694653689025,16.70355952942176,222.6080306854018,221.08710640680246,162.29939229209782,0.6994123624629696,1.2589634613335159,8.388608,0.7064556191607757,1.2959424387296836,8.388608,0.6682767614612416,1.2090191306610087,8.388608,8.388608,0.7064556191607757,0.03817885769953404,3.2160767217784634,7.3328125285775485,3.4125488713828576,7.395057307228573,3.0285505673990287,6.980556812186607,0.9213210804840052,0.8345767668238117,3.9720362893986247,0.921760883737743,0.8165856261892069,0.924087096447701,0.8128689901216675,0.9179141771971437,0.8633331694196166,0.9212540524608626,0.924087096447701,0.8309292619101636,4.028046713715137,4.019348436150946,3.8687137183297904,0.2038981415851565,8.681876265026652,1,1.5,4800,6300.0,0.9776895312541,743.0440437531161,760.0,1.0,2.0,1.04,1.04,0.98,1.04,0.98,1.04,0.98,0.9410881070655682,0.9292830321555051,0.9998960988201384,1500,500,500,500,1|1|1,True,True,
dlinear,0.00012802005754826196,684.8966969437304,2.243591879339854,0.0,742.9487017170321,2.1904895604318586,3.093932905540809,23.70633174239885,8.67294730155003,16.7401036533397,380.239882092746,90.00620142114406,214.65061342984026,0.9139177849585284,1.5261122345594946,8.388608,0.5191380220652971,0.9824982616339215,8.388608,0.7574337534080866,1.3421938501653365,8.388608,8.388608,0.9139177849585284,0.3947797628932312,4.598981207893984,7.650412941397693,1.8551093418097115,6.107090305936455,3.7064023005147217,7.2989312416430545,1.0195079291942484,0.8073685157647221,4.322641978645277,0.9246661330454826,0.7898178034004731,1.2022641432014958,0.7733357237946686,0.9266404794085245,0.8441147431275948,1.0178569185518342,1.2022641432014958,0.8024227567742456,4.315115297870904,4.666609910568032,3.9862007274968945,0.22433172006387,8.702309843505365,1,1.5,4800,6300.0,0.9776895312541,743.0440437531161,760.0,1.0,2.0,1.04,1.04,0.98,1.04,0.98,1.04,0.98,0.9410881070655682,0.9292830321555051,0.9998960988201384,1500,500,500,500,1|1|1,True,True,
linearp,0.0005211331502391804,2788.019159670665,2.282013385545718,0.0,742.6566982698414,2.909855324421113,3.4180979389572888,23.701384349237962,9.658872907192084,15.687500752773893,819.2147056977509,1011.4797645713081,957.3246894016054,0.9589511022516629,1.752738760313196,8.388608,0.984040914744466,1.8494368338709442,8.388608,0.9668633074247822,1.8126337815686548,8.388608,8.388608,0.984040914744466,0.02508981249280309,5.897030293749255,7.888662612846416,6.584831009755778,7.9067221112824555,6.362918105096039,7.896895920692528,0.8999316057954339,0.7951662348213805,37.377152917460144,0.9128826049624934,0.7941988023133093,0.8794099006791882,0.7503528155361007,0.9078536453017603,0.8214385688470427,0.9000487169811473,0.9128826049624934,0.7886633955654844,37.39976247439873,37.87197028305653,36.85972599492518,1.0892736505539118,85.86905488496886,1,15.0,480,63000.0,0.9776895312541,743.0440437531161,760.0,1.0,2.0,1.04,1.04,0.98,1.04,0.98,1.04,0.98,0.9926431152475378,0.9150197923354518,0.9998955484169462,1500,500,500,500,1|1|1,True,True,
dlinear,0.000553689922881847,2962.1951948415935,2.2851973439656295,0.0,742.6325001858534,3.024577905090578,3.4507998856764535,23.704622777204822,9.82524681913387,15.678013375370632,1401.8617183907338,551.9293579601174,1008.4041184907427,1.2993435333461762,2.123569624391295,8.388608,0.7220921139280894,1.4821696413458882,8.388608,1.00314225781601,1.854552668894448,8.388608,8.388608,1.2993435333461762,0.5772514194180868,7.386725884053477,8.097779177761652,4.0834040021057305,7.822582437096465,6.609268650972945,7.929023538800633,0.9627156977084876,0.7745455611141596,39.6196303649457,0.9245445412904949,0.7680100125561147,1.0463798752467743,0.7325522174242897,0.9156112121096798,0.8027558771464054,0.9621785428823163,1.0463798752467743,0.7677727023756032,39.60612929932541,42.19765708633002,37.055104709181684,1.2081747540352197,85.98795598845017,1,15.0,480,63000.0,0.9776895312541,743.0440437531161,760.0,1.0,2.0,1.04,1.04,0.98,1.04,0.98,1.04,0.98,0.9926431152475378,0.9150197923354518,0.9998955484169462,1500,500,500,500,1|1|1,True,True,
linearp,0.0007870508054732445,4210.6565745942835,2.308031589555141,0.0,742.4589599193997,3.2865361296521383,3.5832625170805334,23.67813708120975,9.819337826567526,15.691458129972993,951.421840034735,1512.8453901539826,1746.3893444055652,1.0302965534441444,1.8731963075356635,8.388608,1.0676672571084533,1.998089821332175,8.388608,1.188572319099757,2.1536380406194233,8.388608,8.388608,1.188572319099757,0.1582757656556127,6.644972371334702,7.957013379410976,7.348721329528295,8.089336974919672,7.591050075014749,8.124616195919295,0.9566893651964468,0.7057029995801444,143.7474464100658,0.9842215349142062,0.6920418731127892,0.9325597920207892,0.6909196448340515,0.9520455684638309,0.7203072629795039,0.9562756317996088,0.9842215349142062,0.701089593642115,137.99078161519665,139.72968803870012,153.5218695763007,2.9934831125784767,342.1126080502382,1,60.0,120,252000.0,0.9776895312541,743.0440437531161,760.0,1.0,2.0,1.04,1.04,0.98,1.04,0.98,1.04,0.98,0.9998955484169462,0.9859039744012915,0.9998955484169462,1500,500,500,500,1|1|1,True,True,
dlinear,0.0008250378929533482,4413.884344053982,2.311758556106468,0.0,742.4306349735889,3.4246680146533417,3.6506361211955753,23.250054839366488,10.130128482420636,15.75584783471963,1502.2687745564522,863.2850460434312,2048.3305234540976,1.3123019360133379,2.1602292005417127,8.388608,0.7846102403349348,1.6297118061807634,8.388608,1.3277558383048074,2.2805409694263385,8.388608,8.388608,1.3277558383048074,0.5431455979698726,7.505638633298051,8.118030142054856,5.182806655307164,7.890952896780052,7.628608,8.13663917875979,1.0443888624648063,0.7133044095460547,157.34597548741957,0.9771673903441092,0.6820774486204547,1.244634365766062,0.6848636305533162,0.931968852637726,0.743533055474006,1.0512568695826323,1.244634365766062,0.7034913782159257,147.10894515259844,168.95429121717208,155.9746900924882,2.898135310409737,342.0172602480695,1,60.0,120,252000.0,0.9776895312541,743.0440437531161,760.0,1.0,2.0,1.04,1.04,0.98,1.04,0.98,1.04,0.98,0.9998955484169462,0.9859039744012915,0.9998955484169462,1500,500,500,500,1|1|1,True,True,
linearp,0.009679571248869407,53412.03468013931,0.13554783252987432,0.0,758.9698364727736,17.765644620313942,8.012948229153162,23.73342406236616,23.433600456713556,23.616397066860994,4256.863155217241,36038.74136250857,13116.43016241351,5.738253624043249,2.6486715977900754,8.388608,6.063641832611662,2.7381847403634176,8.388608,5.963749163656611,2.6767621359624747,8.388608,8.388608,6.063641832611662,0.32538820856841283,7.924590743207942,8.147662073768561,8.164750301474326,8.182127227757485,8.133544458839737,8.159411455924555,0.9384891514791326,0.9213919667301391,0.41926175060476883,0.9389876507792251,0.9038254313746378,0.9380096993906595,0.9364698058457374,0.9384550542240664,0.9201998674480903,0.9384841347979836,0.9389876507792251,0.9201650348894885,0.42635035573294877,0.4248204645421719,0.40661443153918586,0.1775110964415534,0.14555513512390159,2,0.015,480000,63.0,1.008409463504645,766.3911922635301,760.0,1.0,2.0,1.04,1.04,0.98,1.04,0.98,1.04,0.98,0.9795708539196109,0.9931144645454881,0.975903233972799,1500,500,500,500,1|1|1,True,True,
dlinear,0.00967955972297344,53411.971080054216,0.1355477940982246,0.0,758.9698367648542,17.760415493768832,8.0051188672322,23.73342406236616,23.430570602843847,23.615016843867014,4197.069531190267,36300.50124766479,12914.400301199159,5.732938320052674,2.646561137413876,8.388608,6.066470767704112,2.736100906080674,8.388608,5.961006406011868,2.6735039017453057,8.388608,8.388608,6.066470767704112,0.33353244765143747,7.921138085915195,8.146565501616957,8.164493451422397,8.18230357902616,8.132708699196655,8.15904829996087,0.9469404518271498,0.8987440318431053,0.420855751666571,0.9416043784507548,0.8844707551062954,0.9619575424556034,0.9005354000511184,0.9373511534816337,0.911084534813064,0.9469710247959973,0.9619575424556034,0.8986968966568258,0.4285196972762109,0.4263450219708579,0.40770253575264415,0.17812127990755638,0.14616531858990467,2,0.015,480000,63.0,1.008409463504645,766.3911922635301,760.0,1.0,2.0,1.04,1.04,0.98,1.04,0.98,1.04,0.98,0.9795708539196109,0.9931144645454881,0.975903233972799,1500,500,500,500,1|1|1,True,True,
linearp,0.009685524510847962,53444.88487846764,0.13614799345985262,0.0,758.9652752497068,17.908933625821703,8.094003591993747,23.739023287058536,23.647583096021332,23.68329973521349,11620.892461640296,28325.674650567744,13498.3177662596,5.905944909941843,2.716749646842613,8.388608,6.045296732397207,2.7279142550016107,8.388608,5.95769198348285,2.7167916028453805,8.388608,8.388608,6.045296732397207,0.1393518224553643,8.230907837185333,8.388608,8.162021467196533,8.176642125310968,8.244905444041006,8.388608,0.9273367905738802,0.8872827723811895,0.6534310419109782,0.9275263527401353,0.8826477477215388,0.9267757447991206,0.9000446119104493,0.9277064548748711,0.8749535470895601,0.9273361841380424,0.9277064548748711,0.8858819689071827,0.6497240195342641,0.6734362094397028,0.6371328967589679,0.5099674314125179,0.19040781823600061,2,0.15,48000,630.0,1.008409463504645,766.3911922635301,760.0,1.0,2.0,1.04,1.04,0.98,1.04,0.98,1.04,0.98,0.9695938464767785,0.9998963485678051,0.9877764711886442,1500,500,500,500,1|1|1,True,True,
dlinear,0.009688594178703797,53461.82335660441,0.13645172558777074,0.0,758.9629668855331,17.862594186148097,8.072018336882344,23.739023287058536,23.647797839658683,23.683677990571454,10293.909285850685,30172.870602069404,12995.043468684318,5.848566843076768,2.7221588629604097,8.388608,6.072428923393499,2.713431236514483,8.388608,5.941598419677151,2.7076811434658783,8.388608,8.388608,6.072428923393499,0.22386208031673077,8.196005054809365,8.388608,8.164138854683541,8.178232306708503,8.226287158479902,8.388608,0.9513110365995598,0.8549163811861484,0.6742407691000926,0.9316579913714718,0.8475675096338571,0.9900185879984083,0.8667388408732017,0.9326380878331506,0.8466655087108242,0.9514382224010102,0.9900185879984083,0.853657286405961,0.6729457770365083,0.7033475550794663,0.6464289751843026,0.5146150077669824,0.1950553945904651,2,0.15,48000,630.0,1.008409463504645,766.3911922635301,760.0,1.0,2.0,1.04,1.04,0.98,1.04,0.98,1.04,0.98,0.9695938464767785,0.9998963485678051,0.9877764711886442,1500,500,500,500,1|1|1,True,True,
linearp,0.009917097486460908,54722.708398374714,0.1594249489097584,0.0,758.7883703882891,17.528244651193816,7.21990280509148,23.733054507037092,23.60471957728339,23.67332581679001,17276.49515731862,20575.16637592566,16871.046865130436,5.812040680076303,2.7099731507479103,8.388608,5.918387646247131,2.695060683839449,8.388608,5.7978163248723895,2.7108151641726974,8.388608,8.388608,5.918387646247131,0.12057132137474232,8.147705283314535,8.38203594193582,8.125960288126377,8.178673069820885,8.14900743376983,8.388608,0.9175534007519165,0.8617309667574414,3.839290303002509,0.9160543324499271,0.8401631942595529,0.9187813303009392,0.8868313679228585,0.9178638802777087,0.8470243578983456,0.9175665143428583,0.9187813303009392,0.8580063066935857,3.8737164723725472,3.7977772043833427,3.8463772322516365,4.3052198055482815,1.1096236737831089,2,1.5,4800,6300.0,1.008409463504645,766.3911922635301,760.0,1.0,2.0,1.04,1.04,0.98,1.04,0.98,1.04,0.98,0.9619726395803907,0.9998937470174166,0.9998965566323843,1500,500,500,500,1|1|1,True,True,
dlinear,0.009968399488721955,55005.79369765878,0.164571644291089,0.0,758.749255503392,17.328866185544705,7.149166301773602,23.73509268610046,23.609109549259973,23.67457805585678,13728.217446757924,26046.820624517874,15230.755626382985,5.409150125895896,2.8516142081872133,8.388608,6.271398226524933,2.5064056363493323,8.388608,5.64831783312172,2.746886149489641,8.388608,8.388608,6.271398226524933,0.8622481006290363,8.145094686181293,8.37663494639519,8.152882288812185,8.180165414742108,8.14829171441756,8.388608,0.9778324594824379,0.8178579473957078,4.075112502418505,0.9232449163025139,0.8091388684665074,1.0888588522128555,0.8274079599391855,0.9218584687496294,0.8129944080978299,0.9779874124216663,1.0888588522128555,0.8165137455011743,4.072970731942897,4.212655698509043,3.9397110768035715,4.342103991050489,1.1465078592853162,2,1.5,4800,6300.0,1.008409463504645,766.3911922635301,760.0,1.0,2.0,1.04,1.04,0.98,1.04,0.98,1.04,0.98,0.9619726395803907,0.9998937470174166,0.9998965566323843,1500,500,500,500,1|1|1,True,True,
linearp,0.011016497323204089,60789.214930296264,0.27016029270908143,0.0,757.9467817754097,16.68652865678713,6.218463548287018,23.731758345114635,23.552925946914137,23.66645529882154,20050.593200746218,21903.727537165512,18834.89419238454,5.541634687889406,2.9708780935232038,8.388608,5.659804588219192,2.9446898489104836,8.388608,5.485089380681343,3.0077645568993114,8.388608,8.388608,5.659804588219192,0.17471520753784944,8.140924269687988,8.308196013095367,8.153964293654393,8.181719502624441,8.142718098647,8.216147082317477,0.918379758768304,0.827430574048884,34.40497225820116,0.9136830726774736,0.804075599889867,0.9235519769870587,0.8650188988846453,0.9179057890510817,0.7886979636456474,0.9183802795718713,0.9235519769870587,0.8192641541400532,34.99660834640499,34.009516563300295,34.20879186489821,40.49661987519301,8.540658557541304,2,15.0,480,63000.0,1.008409463504645,766.3911922635301,760.0,1.0,2.0,1.04,1.04,0.98,1.04,0.98,1.04,0.98,0.9988728744817189,0.9998955484169462,0.9998955476093853,1500,500,500,500,1|1|1,True,True,
dlinear,0.011144207190299295,61493.9200949059,0.28313640065605294,0.0,757.8481633550177,16.48810010785374,6.184541784713892,23.733404986600025,23.555090648540816,23.667297526136572,15939.627153793725,28016.169797647668,17538.123143464505,4.97613844754788,3.1517682970448644,8.388608,6.182608088307557,2.680461109536623,8.388608,5.329353572000642,3.054904858828067,8.388608,8.388608,6.182608088307557,1.2064696407596767,8.137846802409054,8.18366704216876,8.162490375831265,8.182117360250276,8.143110343679405,8.247957293813165,0.9780778772070429,0.7830803661017488,37.404041667782344,0.9352992253770953,0.76250251520588,1.0784423358072732,0.8150972363630847,0.9194436021230296,0.7509984442079665,0.9777283877691327,1.0784423358072732,0.7761993985923104,37.29326718201158,39.51309627199111,35.40576154934435,41.03016825045456,9.074206932802854,2,15.0,480,63000.0,1.008409463504645,766.3911922635301,760.0,1.0,2.0,1.04,1.04,0.98,1.04,0.98,1.04,0.98,0.9988728744817189,0.9998955484169462,0.9998955476093853,1500,500,500,500,1|1|1,True,True,
linearp,0.011570857975223971,63848.1862018233,0.3261874460720256,0.0,757.5209754098554,16.414631398530677,5.914011009424888,23.739023287058536,23.53720956895111,23.661493503578107,21161.882870014513,24159.37470215824,18526.928629650556,5.487570417009974,3.047438053354185,8.388608,5.672043462043054,2.971298692909767,8.388608,5.25501751947805,3.141675418551447,8.388608,8.388608,5.672043462043054,0.41702594256500436,8.140869278190952,8.285381623313853,8.159162769216419,8.18217472295893,8.141574653712489,8.163634873375985,0.8914981603797942,0.8148904829453444,131.86828090065276,0.8988176652236317,0.7792537773481107,0.9149713788813596,0.8647648215922746,0.8587695095578882,0.7570899074897348,0.8908528512209598,0.9149713788813596,0.8003695021433733,128.01835084365396,141.30978952802263,126.27670233028175,157.4899489516252,29.666103681018363,2,60.0,120,252000.0,1.008409463504645,766.3911922635301,760.0,1.0,2.0,1.04,1.04,0.98,1.04,0.98,1.04,0.98,0.9998955484169462,0.9998955484169462,0.9998955484169462,1500,500,500,500,1|1|1,True,True,
dlinear,0.011653667226932011,64305.129026081435,0.33450962917362254,0.0,757.4577268182823,16.333784304125917,5.907079921253743,23.73509268610046,23.540470309970928,23.664512730362937,18305.260270826715,28321.031147442285,17678.837607812435,5.141684413828604,3.1561576551043187,8.388608,6.0155425378104015,2.818847924982366,8.388608,5.176557352486738,3.1647639682791917,8.388608,8.388608,6.0155425378104015,0.8738581239817972,8.138436533612538,8.16776336863768,8.163687712321128,8.182619998565,8.142459606885899,8.167214617400646,0.950756331871693,0.7941583329110851,140.7418957884779,0.9192661643822809,0.776291658174343,1.0712180486492915,0.8276438692811616,0.8497844014994068,0.7505476325955648,0.9467562048436596,1.0712180486492915,0.7848277200170232,133.92652610657518,157.6180828721898,130.68107838666876,158.98867304863558,31.16482777802873,2,60.0,120,252000.0,1.008409463504645,766.3911922635301,760.0,1.0,2.0,1.04,1.04,0.98,1.04,0.98,1.04,0.98,0.9998955484169462,0.9998955484169462,0.9998955484169462,1500,500,500,500,1|1|1,True,True,
linearp,0.0,0.0,3.2778850104502846,0.0,735.0880739205724,1.095701781806581,0.5141225117736682,16.911724587740597,1.5352243395287695,2.4044955458576753,0.0,0.0,0.0,0.33637541543975974,0.2832874889831618,5.963654525837774,0.3644876505847415,0.28857841991058913,5.918638183444907,0.3948387157820223,0.3095200330985494,6.802685195543315,6.802685195543315,0.3948387157820223,0.05846330034226255,0.7377760966754714,0.998936938928674,0.8249745709444347,1.021394517907492,0.8506194691556556,1.1635247077412183,0.938012909495339,0.9167141556034689,0.5329947260778481,0.9383126189914013,0.9146165444191565,0.9382344244912647,0.9109565037741986,0.9375065366332914,0.9236375924244284,0.9380178600386525,0.9383126189914013,0.9164035468725945,0.5582013598996913,0.5400909730177215,0.5006918453161316,0.15124791766850837,0.2758069310170295,3,0.015,480000,63.0,0.9672213122767048,735.0881973302957,760.0,1.0,2.0,1.04,1.04,0.98,1.04,0.98,1.04,0.98,0.9861413368746194,0.981665222865763,0.9876014023200014,1500,500,500,500,1|1|1,True,True,
dlinear,0.0,0.0,3.2778850104501056,0.0,735.0880739205709,1.0938948885996338,0.5134215193889566,16.710811383717836,1.5255241977082572,2.404968040236769,0.0,0.0,0.0,0.33969075003088156,0.28437521425984524,5.774992957472894,0.3599174925742009,0.2868283201272292,5.814912656352313,0.3942866459945431,0.3097994275083527,6.865491266025362,6.865491266025362,0.3942866459945431,0.054595895963661545,0.7416427577270833,1.002943462250035,0.8122095348487771,1.0074431697839086,0.854622664550841,1.1606802789018238,0.9714454944743454,0.8500903299695557,0.5359789313291373,1.0097604839213183,0.8302116129072675,0.9429667526963558,0.8756557541246185,0.961831237694093,0.844452476025717,0.9715194914372557,1.0097604839213183,0.8501066143525344,0.5686745792922037,0.5448864990093027,0.4943757156859055,0.15222881475100006,0.27678782809952107,3,0.015,480000,63.0,0.9672213122767048,735.0881973302957,760.0,1.0,2.0,1.04,1.04,0.98,1.04,0.98,1.04,0.98,0.9861413368746194,0.981665222865763,0.9876014023200014,1500,500,500,500,1|1|1,True,True,
linearp,0.0,0.0,3.2778818286176583,0.0,735.0880981024934,0.9581337142323904,0.5612659144050097,17.350313959528794,1.4716798910948605,2.7272464861931716,0.0,0.0,0.0,0.3000421794534857,0.2855179414258093,6.303223867421857,0.3378538330006357,0.2972450337695844,6.602074212382754,0.3202377017782826,0.3028382999702192,6.989961624367723,6.989961624367723,0.3378538330006357,0.03781165354715003,0.7292167431844737,1.1090981933637345,0.7486156095880695,1.1906432452385178,0.6685507514489964,1.1113653109765858,0.9257600995586504,0.8815997508916972,0.588628238369789,0.9241361098805662,0.8786945510314818,0.9277796031579219,0.8726875683364957,0.9253717388165656,0.8918201484769371,0.9257624839516846,0.9277796031579219,0.8810674226149716,0.586726677431876,0.5846691003688602,0.5944889373086306,0.017886696091983588,1.2634768295771959,3,0.15,48000,630.0,0.9672213122767048,735.0881973302957,760.0,1.0,2.0,1.04,1.04,0.98,1.04,0.98,1.04,0.98,0.9841464352264727,0.9847654797661203,0.9995511068057525,1500,500,500,500,1|1|1,True,True,
dlinear,0.0,0.0,3.277881862329126,0.0,735.0880978462842,0.9579381499454616,0.5799574907354758,18.10466045149675,1.478458974170929,2.7299296840716174,0.0,0.0,0.0,0.3010377853502183,0.28794955232553693,6.29619824528359,0.33148519051734776,0.29606769067442124,6.585573681354186,0.3254151740779058,0.3136264433494794,7.295573012335111,7.295573012335111,0.33148519051734776,0.030447405167129474,0.7307583286741851,1.0856987711678268,0.7418215523693699,1.1536282255525818,0.6937067774105292,1.1213098914080184,0.9351424594178417,0.8423510529709136,0.601844514478114,0.9306281140044488,0.8711875385402914,0.9367919343060312,0.8166152831542001,0.937944227348608,0.838940605450378,0.9351214252196961,0.937944227348608,0.8422478090482898,0.587264730114596,0.6105617011593831,0.6077071121603628,0.018154438659227046,1.263744572144439,3,0.15,48000,630.0,0.9672213122767048,735.0881973302957,760.0,1.0,2.0,1.04,1.04,0.98,1.04,0.98,1.04,0.98,0.9841464352264727,0.9847654797661203,0.9995511068057525,1500,500,500,500,1|1|1,True,True,
linearp,4.8373249734719465e-06,25.60219556148175,3.278349704998583,0.0,735.0845422420095,1.128610090212777,1.0523992901894481,18.31524839265494,2.423390742265109,6.323150279976759,7.61336446939851,5.723850275361449,12.264980816721796,0.3657731863533019,0.5267093334688062,8.388608,0.3976847055989209,0.5369052399054364,8.388608,0.3651521982606578,0.5433582221573746,8.20137364806249,8.388608,0.3976847055989209,0.03253250733826304,0.7775878225169903,2.7686294566165066,0.9395443856784451,2.782049814976817,0.7721597019119484,2.68014617665401,0.919277165140903,0.8426480843193808,3.946745493637458,0.9195151863774416,0.8337069987819584,0.9180012125142489,0.8414820538452106,0.9202976945497664,0.8511297067302868,0.9192713644804856,0.9202976945497664,0.842106253119152,3.915598904117056,3.927580837997896,3.9970567387974225,0.04113708849272831,12.497038423344852,3,1.5,4800,6300.0,0.9672213122767048,735.0881973302957,760.0,1.0,2.0,1.04,1.04,0.98,1.04,0.98,1.04,0.98,0.9543005472054961,0.9778120175731289,0.9998953274193288,1500,500,500,500,1|1|1,True,True,
dlinear,5.035776745404843e-06,26.652528359549255,3.2783688996768876,0.0,735.084396362471,1.130713973373015,1.0560460562524858,18.750374352567377,2.4440112922403285,6.2464050367657515,8.277007120156021,6.80434540140084,11.571175837992394,0.3857972515040599,0.5717151341537082,8.388608,0.38553255240699147,0.5089707570567193,8.388608,0.35938416946201873,0.5224871972680687,8.20137364806249,8.388608,0.3857972515040599,0.026413082042041236,0.8870951594912979,3.107394868657163,0.9142890920278489,2.536386859211106,0.7537694772436406,2.557706166776455,0.9246424153055306,0.8420270194502513,3.9910890460456017,0.9279157605945783,0.8276036305878448,0.9234063454226277,0.8440832173230064,0.9226525925177287,0.8523400664756742,0.9246582328449783,0.9279157605945783,0.8413423047955084,3.962755760162491,3.9952457815011826,4.015265596473132,0.04196943083137794,12.4978707656835,3,1.5,4800,6300.0,0.9672213122767048,735.0881973302957,760.0,1.0,2.0,1.04,1.04,0.98,1.04,0.98,1.04,0.98,0.9543005472054961,0.9778120175731289,0.9998953274193288,1500,500,500,500,1|1|1,True,True,
linearp,0.00012687341132039862,671.4946599599168,3.2901532953566095,0.0,734.9948349552915,1.55486023415237,1.8870513682180263,16.36242961417134,6.237175369844348,8.994890157101407,178.81134738180552,204.96224486204375,287.72106771606764,0.49326834595966185,0.990567859231692,8.388608,0.5419352914935511,1.0464769051425407,8.388608,0.5196565966991397,1.09238465039887,8.388608,8.388608,0.5419352914935511,0.04866694553388929,1.4266000236916518,6.914978937588866,1.5472999419403046,7.21698067641517,1.6045070714448475,7.403553758415285,0.9211533171910757,0.7718503341419564,39.017751208163496,0.9029832480688007,0.7672795050616378,0.9289046601795501,0.7488323866062351,0.9315942845161123,0.7935404952859444,0.9211607309214876,0.9315942845161123,0.7698841289846058,38.68343144309154,38.468327707351435,39.90149447404749,0.26219389551189776,124.82120724403313,3,15.0,480,63000.0,0.9672213122767048,735.0881973302957,760.0,1.0,2.0,1.04,1.04,0.98,1.04,0.98,1.04,0.98,0.9184378147933527,0.9802750567983718,0.9998941780687829,1500,500,500,500,1|1|1,True,True,
dlinear,0.00012660956428491862,670.0982138998069,3.290127775509038,0.0,734.9950289061278,1.5674701447735424,1.8965563439278217,16.468373323440424,6.3617235649562325,8.960028312930483,204.6737424539135,119.47029274582812,345.95417870006526,0.5246403929402889,1.048884446867768,8.388608,0.46924987627939374,0.8851631147796668,8.388608,0.5735798755536111,1.2057803335100772,8.388608,8.388608,0.5735798755536111,0.10432999927421735,1.7649403958142122,7.102968265854949,0.9934361278792971,6.169669665660533,2.2013951570219796,7.589429946507708,0.9373045902089848,0.7475775613911839,39.826410415352974,0.9207057009229446,0.7554519060088634,0.932984234457208,0.7363603149198569,0.9581425829494111,0.7501953925692405,0.9372775061098545,0.9581425829494111,0.7473358711659869,38.95291014948945,39.8829846902891,40.64333640628037,0.23998565845816663,124.79899900697939,3,15.0,480,63000.0,0.9672213122767048,735.0881973302957,760.0,1.0,2.0,1.04,1.04,0.98,1.04,0.98,1.04,0.98,0.9184378147933527,0.9802750567983718,0.9998941780687829,1500,500,500,500,1|1|1,True,True,
linearp,0.00021206772718794216,1122.3970796917026,3.2983934711556655,0.0,734.9322096192276,1.780946825019023,2.1938694844769078,16.24245369195262,7.896330692742538,9.9294054306274,371.07355593136714,337.37964108983425,413.94388267050124,0.5613771584299178,1.1921938325357913,8.388608,0.6192794614544588,1.2304877929538962,8.388608,0.6002902051345146,1.273005092704936,8.204075479265843,8.388608,0.6192794614544588,0.057902303024541,1.8465375092402905,7.628608,2.479474675811137,7.60909818984096,2.589646955825426,7.6112754665131135,0.9010641571280361,0.7227404822089865,148.97825075476496,0.8914983711315002,0.748467765204593,0.8966262439934101,0.6867918320109213,0.9152866055094995,0.7292062122407149,0.9011370735448033,0.9152866055094995,0.7214886031520763,149.25450431803682,155.4186392761126,142.2616086701454,0.666050751862722,498.90210414594776,3,60.0,120,252000.0,0.9672213122767048,735.0881973302957,760.0,1.0,2.0,1.04,1.04,0.98,1.04,0.98,1.04,0.98,0.8776697938052731,0.839796932644049,0.9994048789852759,1500,500,500,500,1|1|1,True,True,
dlinear,0.00020892328758706098,1105.7547085393576,3.2980893342560536,0.0,734.9345210596612,1.7783021386225937,2.1738727788162824,16.15336794455611,7.87660287838796,9.730990193599684,414.9222425015318,310.6848922288313,380.14757380899454,0.5990452250380595,1.2611631194435862,8.388608,0.5889965039800953,1.1713980946867035,8.388608,0.5902604096043941,1.2478597413993633,8.204075479265843,8.388608,0.5990452250380595,0.01004872105796414,2.3459873488484178,7.628608,2.1129981827296027,7.532951473797199,2.4995063984606785,7.589438221767558,0.9145379460736172,0.7294130650656175,150.66286087614654,0.923002644413137,0.7417238403649262,0.9000711747657414,0.6963723631597395,0.9213272634299361,0.7442405824593595,0.9148003608696049,0.923002644413137,0.7274455953280085,151.35794755229014,155.90757597074918,144.72305910540035,0.6139600460267438,498.8500134401118,3,60.0,120,252000.0,0.9672213122767048,735.0881973302957,760.0,1.0,2.0,1.04,1.04,0.98,1.04,0.98,1.04,0.98,0.8776697938052731,0.839796932644049,0.9994048789852759,1500,500,500,500,1|1|1,True,True,
linearp,7.5656987277351555e-06,40.093955575992,3.1542815065326004,0.0,736.0274605503564,1.202767814984138,1.0192303212579263,23.10880548446268,1.7593918419506238,4.1790797157852255,0.0,3.7927032997072394,36.30125227628476,0.36002689473363175,0.3924482555957795,7.92597367366759,0.3854773247748673,0.41959863142975146,8.30924653944209,0.4572635954756829,0.44353030247778574,8.388608,8.388608,0.4572635954756829,0.09723670074205118,0.7879267452996421,1.2952260567443956,0.8653055557095413,1.4580494613798112,0.9604684394432039,1.612959079813458,0.9375536661285739,0.9170624125028274,0.48796629692036353,0.9376202520362676,0.9154930908749812,0.9377682172682097,0.9278800255398422,0.9372758695213484,0.9064343409470671,0.9375547796086087,0.9377682172682097,0.9166024857872968,0.5044477172169418,0.45767843641708844,0.5017727371270605,0.13287324212733947,0.2527075750117536,4,0.015,480000,63.0,0.9684646492409431,736.0331334231169,760.0,1.0,2.0,1.04,1.04,0.98,1.04,0.98,1.04,0.98,0.9909047398485781,0.9925879091057099,0.983153216208488,1500,500,500,500,1|1|1,True,True,
dlinear,7.660805166098131e-06,40.59796630281848,3.154298652196886,0.0,736.0273302433156,1.2057695422079602,1.0185801981694527,23.161591614212043,1.7748189829499004,4.175363450308245,0.0,4.238169971908134,36.35979633091034,0.35650933670406304,0.39003871924311134,7.859190739459297,0.3982504865601165,0.4225688522934777,8.388608,0.4510097189437558,0.4422454535896926,8.388608,8.388608,0.4510097189437558,0.09450038223969273,0.7869058418315454,1.3043751224417448,0.88389009793267,1.5179548133606395,0.9498349087113721,1.6041863945767352,1.0081311039319187,0.8630750595194978,0.49302604320938953,0.9767123271137513,0.8531478602453789,1.0908337958174006,0.8724127108355544,0.9570826649312835,0.8631184862495707,1.0082095959541453,1.0908337958174006,0.8628930191101679,0.5079789562370994,0.4723712067896235,0.4987279666014457,0.1345858105111771,0.25442014339559116,4,0.015,480000,63.0,0.9684646492409431,736.0331334231169,760.0,1.0,2.0,1.04,1.04,0.98,1.04,0.98,1.04,0.98,0.9909047398485781,0.9925879091057099,0.983153216208488,1500,500,500,500,1|1|1,True,True,
linearp,7.501045649839083e-06,39.75133056192508,3.1542752451107225,0.0,736.0275081371605,1.0864154962234869,1.0613360372660743,23.481163657510677,1.7592041433646866,4.365782511355776,2.23171825976659,9.411532824829367,28.108079477329124,0.3890926735443274,0.41360934895986673,8.388608,0.3291519603986652,0.4236742707906109,8.388608,0.36817086228047424,0.44085496246567407,8.200874265908721,8.388608,0.3890926735443274,0.059940713145662274,0.7675779349680589,1.626035396169053,0.7523620181999582,1.5812031988527198,0.7135935682005936,1.5628148290175192,0.9268965411319644,0.8799574834583012,0.569633060475435,0.9268867162196547,0.887463215129071,0.9285585576777134,0.8852480330149319,0.9252548601409286,0.8653698886378424,0.9269000446794323,0.9285585576777134,0.8793603789272817,0.573360018227104,0.5542523650519792,0.5812867981472218,0.024016449220364906,1.2223597780645072,4,0.15,48000,630.0,0.9684646492409431,736.0331334231169,760.0,1.0,2.0,1.04,1.04,0.98,1.04,0.98,1.04,0.98,0.9916860205592729,0.9938246929440586,0.9998961530307882,1500,500,500,500,1|1|1,True,True,
dlinear,7.590544433130351e-06,40.22562386522975,3.1542839127515774,0.0,736.0274422630991,1.0896084620359585,1.056854926876857,23.487122683085143,1.7775373181608678,4.480149520247507,1.78547428153147,10.826290493097124,27.613859090601153,0.3836673399544007,0.4062920548148657,8.388608,0.34234991043186697,0.43305757294762376,8.388608,0.36359121164963076,0.4365533475196963,8.200874265908721,8.388608,0.3836673399544007,0.04131742952253378,0.7521712027095365,1.583679822711863,0.7896577618242612,1.7139481218189736,0.6901414570713569,1.5382296702329346,0.9467960482888885,0.853182941593611,0.5757659574331885,0.9336972259519208,0.8728750816544473,0.955703744095418,0.8757156777458279,0.9507914649371966,0.8032736385765842,0.9467308116615119,0.955703744095418,0.8506214659922865,0.5882470279981412,0.5757647993797862,0.5632860449216379,0.02475468135899475,1.223098010203137,4,0.15,48000,630.0,0.9684646492409431,736.0331334231169,760.0,1.0,2.0,1.04,1.04,0.98,1.04,0.98,1.04,0.98,0.9916860205592729,0.9938246929440586,0.9998961530307882,1500,500,500,500,1|1|1,True,True,
linearp,1.9278071092842517e-05,102.16295332428953,3.155415808391907,0.0,736.0188398562012,1.3462717575399876,1.5574751539001632,23.50894396041625,3.584823004052227,8.697080315085618,34.94979937590431,23.19183366147215,44.02132028691307,0.4872869090805893,0.7349455529685813,8.388608,0.4265355651761511,0.6918634289530069,8.388608,0.43244928328332294,0.7103794967234117,8.200874265908721,8.388608,0.4872869090805893,0.0607513439044382,1.2256397739504028,4.245716834069284,1.0974715098278665,4.0575936193795705,1.0216187155429632,4.106996013328414,0.9196608026562869,0.8500039813157997,3.8800234365615407,0.9179917950845997,0.8568065178717236,0.9161438012602036,0.8572325727205915,0.9249058899019157,0.8330899358814461,0.919680495415573,0.9249058899019157,0.8490430088245869,3.8470172196084325,3.8808402123909977,3.9122128776851923,0.07061922389075777,12.054052512332182,4,1.5,4800,6300.0,0.9684646492409431,736.0331334231169,760.0,1.0,2.0,1.04,1.04,0.98,1.04,0.98,1.04,0.98,0.999896096117169,0.9998945719303014,0.9477381784424689,1500,500,500,500,1|1|1,True,True,
dlinear,2.209673338675711e-05,117.10028097410014,3.1556887858709723,0.0,736.0167652273949,1.3741837367269634,1.6033848385561669,23.519497580884476,3.8236297421301133,8.91981165815918,23.705651336177354,55.530476789329825,37.864152848592965,0.44663456304267896,0.6437021791033702,8.388608,0.5192615895620079,0.8869426043981294,8.388608,0.4082875841224212,0.652135658857443,8.200874265908721,8.388608,0.5192615895620079,0.11097400543958659,0.9724206136003104,3.606621133677008,1.8083898568533374,5.226002894055956,0.8686529304596117,3.6472035134564007,0.9504946173300546,0.8190894796806945,4.0462826778113525,0.9325165211943239,0.8335773324555049,0.982619457533828,0.8360112905831207,0.9354716934374046,0.7804309969817953,0.9502025573885188,0.982619457533828,0.8166732066734737,3.9890937621776,4.22433120694488,3.925423064311579,0.0760175897003291,12.059450878141753,4,1.5,4800,6300.0,0.9684646492409431,736.0331334231169,760.0,1.0,2.0,1.04,1.04,0.98,1.04,0.98,1.04,0.98,0.999896096117169,0.9998945719303014,0.9477381784424689,1500,500,500,500,1|1|1,True,True,
linearp,0.00015822956391965936,838.5278524700842,3.1688725668006197,0.0,735.9165684923157,1.7963569596242144,2.2504668240711068,23.544128835472673,7.613455562609857,11.405348144195722,336.093376170196,192.91232142550496,309.5221548743832,0.6615680500043184,1.2440579351798025,8.388608,0.582431942865072,1.1494498376226006,8.388608,0.552356966754885,1.1151795640275854,8.198585436006747,8.388608,0.6615680500043184,0.10921108324943332,2.654670515308539,7.5796094593163685,2.262676979045884,7.297717700453582,1.8297415468544638,7.399896151733577,0.9359640491439319,0.7947816105075264,36.49624247286423,0.959703571254774,0.8108507776795321,0.9331178623212519,0.8095000204583097,0.9168400891035777,0.7540182343185226,0.9365538408932013,0.959703571254774,0.7914563441521215,36.12010463413933,36.18875895663135,37.179863827822025,0.23887200583041707,120.07320489024468,4,15.0,480,63000.0,0.9684646492409431,736.0331334231169,760.0,1.0,2.0,1.04,1.04,0.98,1.04,0.98,1.04,0.98,0.985270083700924,0.9998955484169462,0.8982818692616136,1500,500,500,500,1|1|1,True,True,
dlinear,0.00016678138343657537,883.847694581716,3.16970078028923,0.0,735.9102740698052,1.8411250285952645,2.3173751630244617,23.48359006493152,7.857387610168395,11.57355722125375,274.94115844850774,352.30860778750065,256.5979283457077,0.604452944786412,1.1408121975996013,8.388608,0.7234772264973801,1.415247664083264,8.388608,0.5131948573115659,1.0307452123410887,8.205676316409285,8.388608,0.7234772264973801,0.21028236918581417,2.1148384359614254,7.480032102170193,3.855881218691361,7.628608,1.4264017216317948,7.198561174412327,0.9728549339247745,0.7718672084121162,38.07123574553372,1.0285214870489718,0.7638219642451859,0.9485975318293772,0.8063498994786772,0.9455946812428643,0.7342538162582674,0.9742379000404044,1.0285214870489718,0.7681418933273768,37.28880030163408,39.344393255971546,37.58051367899551,0.2605213336807287,120.09485421809498,4,15.0,480,63000.0,0.9684646492409431,736.0331334231169,760.0,1.0,2.0,1.04,1.04,0.98,1.04,0.98,1.04,0.98,0.985270083700924,0.9998955484169462,0.8982818692616136,1500,500,500,500,1|1|1,True,True,
linearp,0.0002613769162141558,1385.1509086481028,3.178862036313752,0.0,735.8406485240039,2.052823235621345,2.507518434814449,21.26249972211891,8.326327068082787,11.44712844990831,583.9664639507779,348.53037800421095,452.6540666931139,0.7878456503690131,1.5089383808635501,8.388608,0.6532429335989345,1.3112793760963568,8.388608,0.6117346516538669,1.2718708832679044,8.202828940922744,8.388608,0.7878456503690131,0.1761109987151462,4.4112297499747495,7.807513262978334,3.1023235591192933,7.628608,2.3824922691037145,7.628608,0.9216887391633884,0.7090055203641848,149.61390915051766,0.9297066648212619,0.7290693330869875,0.9611903608855575,0.7235691396651699,0.8769690325834525,0.6612553826914107,0.9226220194300906,0.9611903608855575,0.704631285147856,155.36551474086122,147.00186770916562,146.4743450015261,0.824326936353747,480.16165847401055,4,60.0,120,252000.0,0.9684646492409431,736.0331334231169,760.0,1.0,2.0,1.04,1.04,0.98,1.04,0.98,1.04,0.98,0.9491260708401426,0.9231121837380899,0.8434473255343002,1500,500,500,500,1|1|1,True,True,
dlinear,0.0002890114535761039,1531.59844154963,3.181538487206505,0.0,735.8203074972114,2.1424900738940913,2.6144478335899453,23.666719696872857,8.406626898675434,11.68104335088646,423.1338355584067,812.5240612597773,295.94054473144604,0.6897855344066524,1.3349742881460307,8.388608,0.9404722283422963,1.7539840792572974,8.388608,0.5122323111453116,1.0580563516481036,8.203176820259356,8.388608,0.9404722283422963,0.4282399171969847,3.1692674018320277,7.692134885746456,6.052870656844005,7.888777826641157,1.3457115909673696,7.364195981833043,0.9737218983063605,0.7144513723238519,164.398258893588,0.9439529329535712,0.7444831370969893,1.034747374023381,0.728721004934561,0.9470478926383001,0.6527040503333413,0.9752493998717507,1.034747374023381,0.7086360641216306,156.67904077220328,174.89438470684826,161.6213512017125,0.7483155297337531,480.0856470673906,4,60.0,120,252000.0,0.9684646492409431,736.0331334231169,760.0,1.0,2.0,1.04,1.04,0.98,1.04,0.98,1.04,0.98,0.9491260708401426,0.9231121837380899,0.8434473255343002,1500,500,500,500,1|1|1,True,True,
linearp,0.008608526289735026,47447.6017920591,0.14204170907093902,0.0,758.9204830110616,17.7107705705719,8.104352272173868,23.72310082441767,23.46740683462775,23.656892347572306,18863.130217235448,18739.719254869226,9844.752319954421,5.889910876283429,2.73544005918921,8.388608,5.948560856229511,2.738377671545751,8.388608,5.872298838055742,2.6777615554109575,8.388608,8.388608,5.948560856229511,0.07626201817376911,8.146610118504194,8.174358248708621,8.147686760165803,8.168606483220875,8.087319169082296,8.15472464876417,0.9383530298517837,0.9115737220359478,0.423667027173255,0.9381047373679017,0.9163243229421005,0.9390320661038563,0.910797085334159,0.9379558780067736,0.907015706298909,0.9383642271595104,0.9390320661038563,0.9113790381917228,0.4296905299297767,0.42658357469068947,0.4147269768992989,0.17885686075363028,0.15128842944093696,5,0.015,480000,63.0,1.0072548503454468,765.5136862625395,760.0,1.0,2.0,1.04,1.04,0.98,1.04,0.98,1.04,0.98,0.9844518029696057,0.9818686705584134,0.9802507687350814,1500,500,500,500,1|1|1,True,True,
dlinear,0.008608234872056501,47445.99558566552,0.1420118101503172,0.0,758.920710242858,17.71087433645685,8.101602165721797,23.725634576308934,23.46851554449974,23.658972123306942,18458.143062454947,18967.62542467225,10020.22709853832,5.88511266615875,2.7348928239911774,8.388608,5.951159401045864,2.7379369052504874,8.388608,5.874602269254154,2.676207735483166,8.388608,8.388608,5.951159401045864,0.07655713179170899,8.146295822846104,8.174128343753921,8.147895194003867,8.168600657117523,8.087132520619791,8.156740315493023,0.9536496225866888,0.8583116677672464,0.4210842435965397,0.9446765474537083,0.8804686532467004,0.9665342599956831,0.836008135781908,0.9503441341424647,0.8534310827434551,0.9538516471972853,0.9665342599956831,0.8566359572573545,0.4257715644209994,0.42482727130555825,0.4126538950630613,0.17795601410919878,0.15038758279650524,5,0.015,480000,63.0,1.0072548503454468,765.5136862625395,760.0,1.0,2.0,1.04,1.04,0.98,1.04,0.98,1.04,0.98,0.9844518029696057,0.9818686705584134,0.9802507687350814,1500,500,500,500,1|1|1,True,True,
linearp,0.008615478120362277,47485.91818678522,0.14274253571577486,0.0,758.9151567285603,17.731074437030685,8.124452404950459,23.725634576308934,23.655113334578374,23.682424788533588,18949.42832896289,17626.92211501903,10909.5677428033,5.942941399143261,2.7453049596723753,8.388608,5.954983240651541,2.7513077224913314,8.388608,5.833149797237174,2.6957194012302033,8.388608,8.388608,5.954983240651541,0.1218334434143668,8.155793190334002,8.17535286358193,8.153424969202263,8.219763653115624,8.247150022600575,8.388608,0.9243558311380925,0.8801796405952808,0.6497155985737997,0.925203852284951,0.8931461298251229,0.9255831987139351,0.8700391722341679,0.9223510417746726,0.8744948048424471,0.9243793642578528,0.9255831987139351,0.8792267023005794,0.6485895170708205,0.6394531918261513,0.6611040868244273,0.4785363478781677,0.20285203475123292,5,0.15,48000,630.0,1.0072548503454468,765.5136862625395,760.0,1.0,2.0,1.04,1.04,0.98,1.04,0.98,1.04,0.98,0.9785057606447012,0.9586837907386144,0.980870556184479,1500,500,500,500,1|1|1,True,True,
dlinear,0.008615155830112341,47484.141820084835,0.14271007287401744,0.0,758.9154034461582,17.71692434019762,8.124187858279944,23.726120583508347,23.654012079196843,23.682206879012714,18030.881469090218,18045.20982720445,11408.05052379017,5.908936509126778,2.7504328673213094,8.388608,5.95927531614867,2.7536782501674453,8.388608,5.848712514922466,2.689082476793136,8.388608,8.388608,5.95927531614867,0.11056280122620334,8.154196273626248,8.17359187669013,8.153570669399503,8.230342832928105,8.26258798307868,8.388608,0.9321058332943001,0.8424085276280107,0.6518832714001587,0.9446687289865703,0.8512943350076098,0.9265545184406806,0.8311076250832391,0.9249819831786561,0.8424346356193211,0.932068410201969,0.9446687289865703,0.8416121985700565,0.6459992365894816,0.643396049844685,0.6662545277663098,0.47911456970704225,0.2034302565801075,5,0.15,48000,630.0,1.0072548503454468,765.5136862625395,760.0,1.0,2.0,1.04,1.04,0.98,1.04,0.98,1.04,0.98,0.9785057606447012,0.9586837907386144,0.980870556184479,1500,500,500,500,1|1|1,True,True,
linearp,0.008870922911986727,48893.85287211049,0.1684520496203089,0.0,758.7197644228829,17.104052291402578,7.236147931766822,23.725416098300617,23.5975316902697,23.67423571142791,17236.42142942385,16669.225477433298,14988.205965253337,5.745049275417134,2.730258223229172,8.388608,5.745577751251497,2.7503573658268254,8.388608,5.613425264732101,2.740856380701811,8.388608,8.388608,5.745577751251497,0.13215248651939632,8.149716033416091,8.170917065734166,8.149788584587714,8.169680827353591,8.150642117918293,8.388608,0.922997308055721,0.8399642122880621,3.8490929794989306,0.9271367293297679,0.8652245520130176,0.9138607158237381,0.8325020023283833,0.9277363690968469,0.8159702739970095,0.9229112714167842,0.9277363690968469,0.8378989427794702,3.8957116981228173,3.8022403060488847,3.84932693432509,3.947764994111661,1.1909218628423126,5,1.5,4800,6300.0,1.0072548503454468,765.5136862625395,760.0,1.0,2.0,1.04,1.04,0.98,1.04,0.98,1.04,0.98,0.999896076437828,0.9612965871710841,0.9700693232374236,1500,500,500,500,1|1|1,True,True,
dlinear,0.008874467320976959,48913.38858597097,0.16880964745886495,0.0,758.7170466793119,17.114782535887688,7.2240100254652235,23.72290960979914,23.586921186869134,23.672534114382838,15830.158513470493,16005.525697731095,17077.704374769382,5.592509292060656,2.786196857105074,8.388608,5.6700040642037965,2.784628123161826,8.388608,5.852269179623396,2.6391190591115,8.388608,8.388608,5.852269179623396,0.25975988756273966,8.146472053416465,8.170190358688645,8.14914433395062,8.169285972848286,8.158229361973364,8.388608,0.932365813939408,0.8170352012694921,3.8679823438277467,0.9427612882678658,0.8476086690129939,0.923432935630021,0.8147506874230771,0.9306017457926907,0.7814597719923654,0.9322653232301925,0.9427612882678658,0.8146063761428121,3.9162685058628894,3.825698106219777,3.8619804194005733,3.9506783801884993,1.1938352489191506,5,1.5,4800,6300.0,1.0072548503454468,765.5136862625395,760.0,1.0,2.0,1.04,1.04,0.98,1.04,0.98,1.04,0.98,0.999896076437828,0.9612965871710841,0.9700693232374236,1500,500,500,500,1|1|1,True,True,
linearp,0.010073047796638101,55519.60284505028,0.2895592475642921,0.0,757.7993497185074,16.25767766087413,6.174781243020495,23.729141123436712,23.524059987568414,23.666267826972504,19255.650405786182,18350.063791875302,17913.888647388794,5.386725002566337,3.0426658736592844,8.388608,5.493193742625592,3.0159557069356713,8.388608,5.377758915681961,3.017748216064718,8.388608,8.388608,5.493193742625592,0.11543482694363129,8.152946175976913,8.171981777030597,8.151037111869073,8.16812315378115,8.137041423056239,8.305642965426198,0.9230564064987862,0.7934605205239944,34.26764549224203,0.938845395883973,0.8099933619318883,0.9093378092652927,0.7999936170748022,0.9201723657662947,0.766194722368684,0.9227851903051868,0.938845395883973,0.7920605671251248,34.42881952406117,33.093093755932294,35.28102319673264,36.53896002816021,8.970528715466747,5,15.0,480,63000.0,1.0072548503454468,765.5136862625395,760.0,1.0,2.0,1.04,1.04,0.98,1.04,0.98,1.04,0.98,0.9998955484169462,0.9858750641049383,0.9998955484169462,1500,500,500,500,1|1|1,True,True,
dlinear,0.010081098301254386,55563.974799598895,0.2903702793267711,0.0,757.7931858771174,16.2580102342027,6.1667792927753045,23.724745933290993,23.521509287904006,23.66618069785857,17864.098801548647,18864.296327735156,18835.57967031508,5.1997538087272055,3.1023350047079354,8.388608,5.557826470020736,2.99220206901071,8.388608,5.500429955454355,2.973625296024208,8.388608,8.388608,5.557826470020736,0.3580726612935299,8.15057291092456,8.1713680177028,8.151314240291866,8.16814289437368,8.136735897661202,8.29870383073071,0.9268472614755247,0.7947953659707726,34.42379397814769,0.942550718288278,0.8156740583032492,0.9065313850284905,0.7990028220810083,0.9299359578331372,0.7638297300503923,0.9263393537166352,0.942550718288278,0.79283553681155,34.54936408111628,33.01986378072619,35.702154072600585,36.597225662222286,9.02879434952882,5,15.0,480,63000.0,1.0072548503454468,765.5136862625395,760.0,1.0,2.0,1.04,1.04,0.98,1.04,0.98,1.04,0.98,0.9998955484169462,0.9858750641049383,0.9998955484169462,1500,500,500,500,1|1|1,True,True,
linearp,0.010587980474418916,58357.75653393387,0.3414260912939142,0.0,757.405161706164,15.936330615070787,5.810336207142702,23.724997227260218,23.504248007894425,23.66515884169468,20099.723201599565,19220.539626533813,19037.49370580049,5.250997860737504,3.135802451636787,8.388608,5.4247404012699345,3.058480878635914,8.388608,5.2605923530631,3.097033143030243,8.388608,8.388608,5.4247404012699345,0.1737425405324297,8.153761358318135,8.172270242666798,8.1517636800996,8.167694865479877,8.135466783162501,8.204270897227882,0.8982443216288437,0.7177927440948724,140.02996686010565,0.886354410308727,0.7316418424607481,0.9158082719726802,0.7198199726803625,0.8945025695457932,0.6966271655871351,0.8988884172757334,0.9158082719726802,0.7160296602427486,144.5946453871047,130.16812879512813,145.3271263980841,140.85830043605074,30.584575185276748,5,60.0,120,252000.0,1.0072548503454468,765.5136862625395,760.0,1.0,2.0,1.04,1.04,0.98,1.04,0.98,1.04,0.98,0.9808553602508249,0.9766888920616869,0.999895069153331,1500,500,500,500,1|1|1,True,True,
dlinear,0.010575487980678665,58288.901674411165,0.3401677788026184,0.0,757.414724881094,15.926763928902592,5.83034032957109,23.7288507792729,23.497461797329866,23.663242468259927,19343.325247015102,19878.536309502244,19067.040117893812,5.169549582347022,3.1558975556574853,8.388608,5.482032708293158,3.0421884720506105,8.388608,5.275181638260327,3.089172021250929,8.388608,8.388608,5.482032708293158,0.31248312594613525,8.152425063695567,8.171966298472377,8.152396093647429,8.168719752131075,8.136436020111983,8.294771950651832,0.9038941972497896,0.7311766358604986,139.28150949848535,0.8838403521404856,0.7291272405703872,0.9195832552257882,0.7203670018850181,0.910215388693414,0.7432540096006566,0.9045463320198959,0.9195832552257882,0.7309160840186874,143.6333871518681,128.45918544652673,145.75195589706126,140.49500123316358,30.22127598238956,5,60.0,120,252000.0,1.0072548503454468,765.5136862625395,760.0,1.0,2.0,1.04,1.04,0.98,1.04,0.98,1.04,0.98,0.9808553602508249,0.9766888920616869,0.999895069153331,1500,500,500,500,1|1|1,True,True,
linearp,0.005677862454132406,31130.660571707114,0.371675543367122,0.0,757.1752658704161,13.761379200474464,9.437986741357996,23.73028235483682,23.36344957685231,23.578150002990828,3637.7090698846764,3000.714064865383,24492.237436957057,4.466852094287435,3.1277058024852717,8.388608,4.525432414387134,3.1293256176829867,8.388608,4.769094691800521,3.2228956076773563,8.388608,8.388608,4.769094691800521,0.3022425975130862,7.892135856017625,8.146508332715484,7.901400892779945,8.143616517875845,8.155948673397997,8.176073301412956,0.93812812846394,0.915132234488114,0.446832893347808,0.9387045971647425,0.918550550756116,0.9382669524041054,0.9048053559358644,0.9374144124271848,0.9214076977299882,0.9381286539986776,0.9387045971647425,0.9149212014739896,0.44878275249873123,0.4383777140507976,0.453338213493895,0.17597539808555443,0.16846606503088193,6,0.015,480000,63.0,1.001976140277543,761.5018666109326,760.0,1.0,2.0,1.04,1.04,0.98,1.04,0.98,1.04,0.98,0.9792178717293515,0.9797876916253982,0.9960173523732089,1500,500,500,500,1|1|1,True,True,
dlinear,0.005678448228954144,31133.872265772316,0.3717305676228253,0.0,757.1748476860661,13.751580038040883,9.420121420765309,23.727326079190927,23.355216513781105,23.574714953938745,3524.586505741228,2909.404130146271,24699.881629884814,4.458359710560182,3.1221007805830348,8.388608,4.517201330459432,3.1240169820658026,8.388608,4.776018997019111,3.216433869754354,8.388608,8.388608,4.776018997019111,0.31765928645892905,7.8901921746819665,8.146004987422018,7.898549572539316,8.144773941065392,8.156220616232389,8.175982488223102,0.976974665206834,0.8554495261799652,0.44780376994836285,0.9398012340554792,0.8867648352160508,0.9466368304896268,0.8364469050546948,1.044843527966123,0.8389290416982937,0.9770938641704096,1.044843527966123,0.854046927323013,0.4505904985159261,0.43864252055792236,0.4541782907712401,0.17633357735775052,0.16882424430307813,6,0.015,480000,63.0,1.001976140277543,761.5018666109326,760.0,1.0,2.0,1.04,1.04,0.98,1.04,0.98,1.04,0.98,0.9792178717293515,0.9797876916253982,0.9960173523732089,1500,500,500,500,1|1|1,True,True,
linearp,0.005678361872203168,31133.398787817467,0.3717264264973942,0.0,757.174879158619,13.960838830369399,9.575155366977235,23.736111815715816,23.598875539622323,23.67465073509533,7553.722738865044,7190.294169168338,16389.381879784083,4.610732329947455,3.2150953653064565,8.388608,4.612647568313527,3.1928576418156447,8.388608,4.737458932106296,3.2252882515937524,8.388608,8.388608,4.737458932106296,0.12672660215884168,8.143007383472515,8.379509976434163,8.153640904359651,8.388608,8.151931880889292,8.172031102186425,0.9276552028750537,0.8689782340420148,0.6503265454148808,0.9286096742681373,0.8888305252354558,0.9251541310281411,0.8570493056378088,0.9292781799104628,0.8579755997584658,0.9276806617355803,0.9292781799104628,0.8679518102105769,0.6481472422647203,0.6496534747634313,0.6531789192164907,0.3711287185413809,0.2960353879946571,6,0.15,48000,630.0,1.001976140277543,761.5018666109326,760.0,1.0,2.0,1.04,1.04,0.98,1.04,0.98,1.04,0.98,0.9593364218047024,0.9808666811947614,0.9866179901455274,1500,500,500,500,1|1|1,True,True,
dlinear,0.0056803692225631305,31144.404715349054,0.37192258114860544,0.0,757.1733883832711,13.926440346423494,9.550715142300001,23.736111815715816,23.595957131366013,23.67443660716411,6837.614832440885,6555.135145435271,17751.654737472898,4.573137595488897,3.208031597520815,8.388608,4.5733590533093595,3.189740759695899,8.388608,4.7799436976234535,3.2127304940966046,8.388608,8.388608,4.7799436976234535,0.20680610213455558,8.137141602055603,8.371152390997683,8.148398651617095,8.387230147848777,8.156296637283138,8.173814577245052,0.954884868357477,0.8465335234316618,0.6642427364024445,0.9294025304993981,0.8815942475568114,0.928909037436176,0.8195277507936953,1.0067653881738168,0.8321710300590354,0.9550256520364636,1.0067653881738168,0.8444310094698474,0.6534113332479622,0.6567451822661488,0.6825716936932225,0.37350714405578994,0.298413813509066,6,0.15,48000,630.0,1.001976140277543,761.5018666109326,760.0,1.0,2.0,1.04,1.04,0.98,1.04,0.98,1.04,0.98,0.9593364218047024,0.9808666811947614,0.9866179901455274,1500,500,500,500,1|1|1,True,True,
linearp,0.005937757933096395,32555.618996661684,0.39758113093641534,0.0,756.9783834048767,13.776090905464942,8.40489536259237,23.73077320514812,23.520963448470205,23.66010502926481,10204.7351676514,10241.638307451627,12109.245521558656,4.57186488313057,3.116480776726446,8.388608,4.582466572764279,3.0915245258951574,8.388608,4.621759449569392,3.1105695020459407,8.388608,8.388608,4.621759449569392,0.04989456643882208,8.139960210908447,8.296582800896722,8.139155699178643,8.380016055325534,8.035492910804894,8.170249874634878,0.9228316827824632,0.8361237708856841,3.8687026054916807,0.9152432070881948,0.8620664100433109,0.9231351762363783,0.8287826368834619,0.9298754472919419,0.8121744734173636,0.9227512768721716,0.9298754472919419,0.8343411734480455,3.7870377430063673,3.9247204414704053,3.8943496319982684,2.8433832659510974,2.09244996048386,6,1.5,4800,6300.0,1.001976140277543,761.5018666109326,760.0,1.0,2.0,1.04,1.04,0.98,1.04,0.98,1.04,0.98,0.9831119802824213,0.958397321057375,0.9998958322193462,1500,500,500,500,1|1|1,True,True,
dlinear,0.005946241526575277,32602.132957003785,0.3984589445391541,0.0,756.971712021507,13.755978208799487,8.378591583349454,23.73077320514812,23.52041581702527,23.66024335673028,9426.495818146785,10074.949654496548,13100.687484360453,4.4367944665559085,3.126316978026047,8.388608,4.533972129247587,3.100479857336134,8.388608,4.78521161299726,3.0826484321305396,8.388608,8.388608,4.78521161299726,0.34841714644135163,8.13695169776792,8.237641946493197,8.138005166159973,8.378183308334469,8.055346018661496,8.171421010808949,0.9330673368841607,0.8257357141357415,3.8938155670468064,0.9225971593278336,0.8521266090712645,0.9235932567314491,0.7997344009613452,0.9526839734457017,0.8185243850592726,0.9329581298349948,0.9526839734457017,0.8234617983639607,3.810321492781788,3.939235838008188,3.931889370350443,2.8473989860109703,2.0964656805437327,6,1.5,4800,6300.0,1.001976140277543,761.5018666109326,760.0,1.0,2.0,1.04,1.04,0.98,1.04,0.98,1.04,0.98,0.9831119802824213,0.958397321057375,0.9998958322193462,1500,500,500,500,1|1|1,True,True,
linearp,0.007195851483959298,39453.51122560461,0.5236082714779795,0.0,756.0205771367647,13.437915239980152,6.915197759658525,23.740489809197847,23.40024605820997,23.624433826374595,12425.357956672411,13337.314782323901,13690.838486608298,4.4694108231575616,3.2728770415508137,8.388608,4.504607982077754,3.2513614718004606,8.388608,4.4638964347443215,3.2393727018282186,8.217330409237368,8.388608,4.504607982077754,0.04071154733343236,8.137016940486616,8.159940844137822,8.133043369067124,8.170984331823783,8.0737711822623,8.17331375404881,0.9075633205076146,0.7965295377452052,35.19792757870711,0.9056297562306378,0.8383742500082444,0.8928439470451055,0.7505866751396212,0.9237284268332137,0.782156009735766,0.9074007100363191,0.9237284268332137,0.7903723116278772,35.050347743177404,36.091046645862484,34.45238834708144,25.181919733572123,17.672586678899744,6,15.0,480,63000.0,1.001976140277543,761.5018666109326,760.0,1.0,2.0,1.04,1.04,0.98,1.04,0.98,1.04,0.98,0.9998955484169462,0.8534206683881372,0.9224246571828685,1500,500,500,500,1|1|1,True,True,
dlinear,0.007255203934599631,39778.92963964852,0.5295475704104337,0.0,755.9754384648766,13.416575877660067,6.877880598129374,23.729055050680117,23.39647873599597,23.62814094494841,10914.970547597413,11633.343998968201,17230.61509308291,4.202727112950328,3.2832699941429118,8.388608,4.21448745695199,3.2683131899495086,8.388608,4.999361307757477,3.1612869856969548,8.388608,8.388608,4.999361307757477,0.7966341948071486,8.130677470297325,8.157487507565348,8.128459347572162,8.160518172549118,8.137823247673756,8.174842242935581,0.9283078998919296,0.7989985508547033,36.526604624619075,0.9025303931366632,0.8485668555329583,0.8966945824891659,0.7556669975958058,0.9823748681135274,0.7718308101561492,0.9271999479131189,0.9823748681135274,0.7920215544283044,36.073462606519676,36.736219061479225,36.77013220585834,25.451526494899426,17.942193440227047,6,15.0,480,63000.0,1.001976140277543,761.5018666109326,760.0,1.0,2.0,1.04,1.04,0.98,1.04,0.98,1.04,0.98,0.9998955484169462,0.8534206683881372,0.9224246571828685,1500,500,500,500,1|1|1,True,True,
linearp,0.0076874363440343025,42148.779303126845,0.5728679202849515,0.0,755.6462038058353,13.379208567425218,6.501145197361128,23.726808907245754,23.3356037618233,23.61257319549384,12913.242235184416,14357.978840769756,14877.558227172673,4.407537649710747,3.301771796316367,8.388608,4.551258138222241,3.276365523554384,8.388608,4.420412779492169,3.2884296293366813,8.22001666366335,8.388608,4.551258138222241,0.14372048851149344,8.136953017927407,8.158169851047283,8.132113916823744,8.158014472792974,8.09562094289342,8.17469345394094,0.8831728049166473,0.7672778016469446,132.56135983504703,0.9086816762403058,0.8286505560720788,0.8705950559081389,0.7162077778953441,0.8740531092983429,0.7153810198846516,0.8844432804822625,0.9086816762403058,0.7534131179506915,127.79268687197798,132.47803065746513,137.413361975698,94.31827297548004,64.28094075679047,6,60.0,120,252000.0,1.001976140277543,761.5018666109326,760.0,1.0,2.0,1.04,1.04,0.98,1.04,0.98,1.04,0.98,0.9998955484169462,0.9640131986278863,0.9444665247725204,1500,500,500,500,1|1|1,True,True,
dlinear,0.007702981938641619,42234.01289816638,0.5744267706595597,0.0,755.6343565429906,13.367617768685681,6.49210657116121,23.73311827196064,23.331170639746365,23.617078556315633,12311.721117779272,13756.590385090023,16165.701395297086,4.270559508843652,3.313364037004248,8.388608,4.478460281483881,3.2762404495241086,8.388608,4.618597978357532,3.265791342468744,8.2228071416628,8.388608,4.618597978357532,0.34803846951388007,8.137733904935311,8.161813603589389,8.131513601262968,8.159003587300552,8.111309943475518,8.175423420745101,0.8874435449349218,0.7527730407358927,134.89150561888866,0.9200011058245358,0.7791793621557982,0.8616686051874388,0.7305884121198878,0.8852158503395917,0.7323553063673072,0.8889618537838554,0.9200011058245358,0.747374360214331,129.95089902153885,132.82658687424666,141.89703096088044,95.0236664557506,64.98633423706102,6,60.0,120,252000.0,1.001976140277543,761.5018666109326,760.0,1.0,2.0,1.04,1.04,0.98,1.04,0.98,1.04,0.98,0.9998955484169462,0.9640131986278863,0.9444665247725204,1500,500,500,500,1|1|1,True,True,
linearp,0.01388179050004384,76976.6032100126,0.07034012090811347,0.0,759.465415081101,19.800983143312962,6.388379912795237,23.7357279666877,23.52162960344336,23.669470078862783,5457.356701945874,12318.80945671124,59200.43705135549,6.398714218433754,2.1348045733543923,8.388608,6.579302450054429,2.158095369770894,8.388608,6.822966474823943,2.1618964465920945,8.388608,8.388608,6.822966474823943,0.42425225639018976,7.98892603718091,8.150232466548067,8.138489035185163,8.16642387182152,8.17455956277971,8.18862545926894,0.9378343313851719,0.9178673862069293,0.4178827991427964,0.9374306503321725,0.9305071406239537,0.938032357569863,0.9232741042241441,0.9380305127209948,0.8949768702118102,0.9378311735410101,0.938032357569863,0.9162527050199692,0.4261387385854438,0.39520471056044437,0.43230494828250104,0.18754580331627937,0.13674756145929975,7,0.015,480000,63.0,1.0133679583834156,770.1596483713959,760.0,1.0,2.0,1.04,1.04,0.98,1.04,0.98,1.04,0.98,0.9825532062833155,0.9998953244263451,0.9674733380876656,1500,500,500,500,1|1|1,True,True,
dlinear,0.013882583168517915,76980.99867518015,0.0704272600210994,0.0,759.4647528238389,19.763854319444615,6.371082374908118,23.73876802084144,23.503078427655332,23.664963567194413,4933.409040794563,12274.426165822273,59773.16346856331,6.365307343020516,2.1308331347831855,8.388608,6.571986212599465,2.1543726757492503,8.388608,6.8265607638240375,2.1537028972674563,8.388608,8.388608,6.8265607638240375,0.4612534208035218,7.963070860976931,8.148932007997901,8.13797935509218,8.167988446797764,8.174238133412366,8.18877089946143,1.1469850288685786,0.879649066749575,0.4225462750342524,0.9540662180507706,0.9066982396706245,1.0937485071151183,0.8583823727012386,1.3942577862100707,0.872424257168247,1.1473575037919865,1.3942577862100707,0.8791682898467034,0.43428840401775587,0.39557474342314325,0.43777567766185826,0.18924165714814747,0.1384434152911677,7,0.015,480000,63.0,1.0133679583834156,770.1596483713959,760.0,1.0,2.0,1.04,1.04,0.98,1.04,0.98,1.04,0.98,0.9825532062833155,0.9998953244263451,0.9674733380876656,1500,500,500,500,1|1|1,True,True,
linearp,0.01388207350733806,76978.17252775967,0.0703765173433449,0.0,759.465138468191,20.158136031450262,6.463550754311755,23.74050683630264,23.67143148832452,23.692541389251566,16790.439950322336,20876.11499130843,39311.61758612891,6.646310697801364,2.193139617938904,8.388608,6.714704293696086,2.1920421502900216,8.388608,6.797121039952945,2.1563468668444408,8.388608,8.388608,6.797121039952945,0.15081034215158132,8.311577434498624,8.388608,8.317854214653888,8.388608,8.167071805356105,8.180350093089984,0.9262876306380111,0.8791733954886952,0.6526770865470616,0.9263450189772748,0.8896343115810438,0.9259318307288789,0.8812891567634721,0.9266005305909041,0.8625542172493167,0.9262924600990193,0.9266005305909041,0.8778258951979442,0.6524174531630167,0.6303795676260476,0.6752342388521206,0.6472453113319206,0.1392628927621235,7,0.15,48000,630.0,1.0133679583834156,770.1596483713959,760.0,1.0,2.0,1.04,1.04,0.98,1.04,0.98,1.04,0.98,0.9996021498205091,0.9998938865901068,0.9691717011573399,1500,500,500,500,1|1|1,True,True,
dlinear,0.0138904897155327,77024.84166015506,0.07122470236956764,0.0,759.4586922619894,19.954671335880178,6.418259398694487,23.74050683630264,23.67097642860614,23.692632090082473,10416.168237590377,18946.465990371362,47662.20743219331,6.4379111747218145,2.2247541766796077,8.388608,6.643784419057907,2.2004344251282695,8.388608,6.872975742101127,2.089179666528223,8.388608,8.388608,6.872975742101127,0.43506456737931165,8.180707088091982,8.388608,8.27963274353014,8.388608,8.172221345281908,8.1846785976626,1.2547866322158265,0.8498606390569482,0.7481111398134913,0.9331244431599398,0.8947937566699483,1.0512479719451138,0.8262840788803816,1.7860161664658327,0.8201748925902459,1.256796193856962,1.7860161664658327,0.8470842427135253,0.7536125755717483,0.6550637707674857,0.8356570731012402,0.6637402877482241,0.155757869178427,7,0.15,48000,630.0,1.0133679583834156,770.1596483713959,760.0,1.0,2.0,1.04,1.04,0.98,1.04,0.98,1.04,0.98,0.9996021498205091,0.9998938865901068,0.9691717011573399,1500,500,500,500,1|1|1,True,True,
linearp,0.014031957549843724,77809.30194636274,0.08555128782029428,0.0,759.3498102125678,19.509538375998552,5.9897095883184726,23.74562721474251,23.65143704149926,23.685080861184527,24016.474494796177,25545.032326452503,28247.79512511407,6.462760939767448,2.3054060176264524,8.388608,6.465228360670796,2.336005738740585,8.388608,6.58154907555999,2.2141471207691383,8.388608,8.388608,6.58154907555999,0.11878813579254224,8.156275020616135,8.388608,8.15941986759852,8.388608,8.1542169915037,8.183015507536366,0.9208190967761763,0.8496952298556388,3.97213551180889,0.9223643705842027,0.8738704884268448,0.9237643931313968,0.8400216994779054,0.9162069175195686,0.8284307952215525,0.9207785604117227,0.9237643931313968,0.8474409943754342,3.9363734873802643,4.026578139875093,3.9534549081713126,5.806341870881349,0.7265176851833776,7,1.5,4800,6300.0,1.0133679583834156,770.1596483713959,760.0,1.0,2.0,1.04,1.04,0.98,1.04,0.98,1.04,0.98,0.9938204776529136,0.9998963477183341,0.9427221250036805,1500,500,500,500,1|1|1,True,True,
dlinear,0.014173317753957094,78593.16540703714,0.09988825431222997,0.0,759.2408492672291,19.124635470748462,5.830802491982284,23.74562721474251,23.653369333125518,23.685670296962616,14337.862557091596,28136.1547742443,36119.148075701254,5.517759161760606,2.7878845212453505,8.388608,6.626430436533676,2.21081834745985,8.388608,6.98044587245109,1.8415195214839097,8.388608,8.388608,6.98044587245109,1.4626867106904835,8.145338233731822,8.374373503266742,8.166025828487516,8.388608,8.164858229073657,8.18481763662822,1.1411647481699736,0.8218023662926265,4.537913492085498,0.9764103246958814,0.845332883395069,1.1070448777752482,0.8049393323502977,1.3391276882379992,0.8116432315210169,1.1408609635697096,1.3391276882379992,0.8206384824221278,4.974021304961991,4.085290282327004,4.554428888967501,5.8850668663791,0.8052426806811283,7,1.5,4800,6300.0,1.0133679583834156,770.1596483713959,760.0,1.0,2.0,1.04,1.04,0.98,1.04,0.98,1.04,0.98,0.9938204776529136,0.9998963477183341,0.9427221250036805,1500,500,500,500,1|1|1,True,True,
linearp,0.014921522432027677,82742.07217980054,0.1756940860804901,0.0,758.6647249457923,18.536469294040902,5.516723012684104,23.74195103219815,23.618676567121973,23.680189256183624,26649.14723362586,27902.91309381949,28190.01185235519,6.144053464614485,2.7052009582153387,8.388608,6.14229190884633,2.7068361869708686,8.388608,6.250123920579724,2.575797745386449,8.239040644710501,8.388608,6.250123920579724,0.10783201173339411,8.14442545272249,8.354689472619366,8.150521069673344,8.32143839738439,8.163526386180399,8.185002500474724,0.9074340249821569,0.8086047729857876,35.389775368787255,0.9135566487652625,0.8264970929144422,0.9186193512752332,0.8113409075541004,0.8898337310462021,0.7745002015481525,0.9073365770288992,0.9186193512752332,0.804112734005565,35.56837541502787,35.13957071556526,35.46137997576862,55.8806718746091,5.082430017629387,7,15.0,480,63000.0,1.0133679583834156,770.1596483713959,760.0,1.0,2.0,1.04,1.04,0.98,1.04,0.98,1.04,0.98,0.9998955484169462,0.9998955484169462,0.937324464685502,1500,500,500,500,1|1|1,True,True,
dlinear,0.015155754114269678,84040.92186803775,0.19943857505910734,0.0,758.4842668295498,18.306978492639956,5.458849051000145,23.745976511077146,23.62825397612392,23.681459087958533,18211.812036640138,29530.737087222773,36298.37274417484,5.21106616523273,3.104021793687464,8.388608,6.275939946707446,2.626386699820519,8.388608,6.819972380699086,2.118631824043289,8.2357614030493,8.388608,6.819972380699086,1.6089062154663558,8.140807191543024,8.258220152383446,8.151049726710832,8.32815085651385,8.168764921586087,8.185884564182906,1.0365677562821556,0.7917999527429612,40.154011753448735,0.9289753501954309,0.8082951978139178,0.9929618036869938,0.7905345427585869,1.1902034380375186,0.7664137546572051,1.0373801973066479,1.1902034380375186,0.7884144984099032,43.569364554764775,35.62186437207822,41.2708063335032,56.7525268485758,5.9542849915960865,7,15.0,480,63000.0,1.0133679583834156,770.1596483713959,760.0,1.0,2.0,1.04,1.04,0.98,1.04,0.98,1.04,0.98,0.9998955484169462,0.9998955484169462,0.937324464685502,1500,500,500,500,1|1|1,True,True,
linearp,0.015299427297775042,84837.61114515779,0.21399002307427029,0.0,758.3736758246362,18.207333861391877,5.3969979449311625,23.739598258790842,23.610358807330012,23.679444891341248,26727.65049450647,29800.975351658435,28308.985298992884,5.961840440798429,2.8559364930541733,8.388608,6.0909902422053985,2.7825778488741983,8.388608,6.15450317838804,2.6583409290688067,8.241285216706926,8.388608,6.15450317838804,0.19266273758961075,8.143370888310372,8.309881354742723,8.149597447354783,8.220669501549141,8.164790191096465,8.186282918271665,0.9691913416113689,0.7598918822441,140.50918173661185,0.9808221227057644,0.7724416603639028,1.018430034945958,0.7626954736611232,0.9070601592721823,0.7313490878637519,0.9687707723079683,1.018430034945958,0.7554954072962593,134.56264157823347,147.86930019578944,139.09560343581262,219.71347430606784,16.520506878148975,7,60.0,120,252000.0,1.0133679583834156,770.1596483713959,760.0,1.0,2.0,1.04,1.04,0.98,1.04,0.98,1.04,0.98,0.9998955484169462,0.9290219345903136,0.9998955484169462,1500,500,500,500,1|1|1,True,True,
dlinear,0.01563044271955226,86673.14113521631,0.24753142935774244,0.0,758.1187611368867,17.95383749915405,5.2767336980534,23.74195103219815,23.62349921782416,23.681263777270136,18546.19898381253,27532.779489854685,40594.1626615491,5.096233770191246,3.185820543647972,8.388608,5.910822358115648,2.885886084621816,8.388608,6.946781370846588,2.007824308160647,8.241285216706926,8.388608,6.946781370846588,1.8505476006553425,8.141250138752882,8.252116279902516,8.149197737458017,8.179392261835634,8.171232298136834,8.18731493625865,1.1942569525752234,0.7661679004885705,163.7958319902533,0.9714425375762169,0.7841259870426754,1.054584583796115,0.7656348790357493,1.5590316676099323,0.7329998367356055,1.1950195963274213,1.5590316676099323,0.7609202342713434,169.7677771111215,145.79059783754283,175.8291210220956,224.47082122166435,21.277853793745475,7,60.0,120,252000.0,1.0133679583834156,770.1596483713959,760.0,1.0,2.0,1.04,1.04,0.98,1.04,0.98,1.04,0.98,0.9998955484169462,0.9290219345903136,0.9998955484169462,1500,500,500,500,1|1|1,True,True,
linearp,0.00011260009996276659,603.2811852568294,2.099267054482871,0.0,744.0455703859207,2.177830011430817,3.5977059206619253,23.70595502371027,8.423357162719782,21.605419956439945,8.353225438168476,28.71568625813162,566.2122735605292,0.6648712096069339,1.1793323580843946,8.388608,0.7088826274233603,1.2051967045876932,8.388608,0.8040761744004032,1.2969652101782938,8.388608,8.388608,0.8040761744004032,0.13920496479346942,2.6575258893524087,6.8795126438779945,2.742637887399704,7.048610192448783,3.089589050600177,7.587408135966343,0.9370939376067112,0.9240330891093577,0.5160514747911157,0.937143774925826,0.9224809233035622,0.9369270279717336,0.9188349972725447,0.937215213324499,0.9302676178846312,0.9370953387406863,0.937215213324499,0.9238611794869126,0.503820533533713,0.5172532908846841,0.5270805999549498,0.1627310046677107,0.24208361911448437,8,0.015,480000,63.0,0.9791177330403233,744.1294771106458,760.0,1.0,2.0,1.04,1.04,0.98,1.04,0.98,1.04,0.98,0.984237051133972,0.9856764657248053,0.9879223585122634,1500,500,500,500,1|1|1,True,True,
dlinear,0.00011248893827568975,602.685610702659,2.0992590515706238,0.0,744.0456312080471,2.1749499418823106,3.5884019529685838,23.699986999930612,8.42586725088731,21.567603312817937,9.304398496616985,27.522298959424823,565.8589132466172,0.6646409724598229,1.1772159199167131,8.388608,0.7039096105347559,1.2008468399810115,8.388608,0.8063993588874623,1.2944211665979126,8.388608,8.388608,0.8063993588874623,0.1417583864276394,2.643907781912626,6.880547170633591,2.7053016137021415,7.032887699797824,3.07375211634465,7.621723232482976,0.9463025495432451,0.8916039392393939,0.5179678487831151,0.94394475823316,0.8603829917498907,0.9413487168573855,0.9142976193720286,0.9537226366252866,0.8973136007114925,0.9463387039052774,0.9537226366252866,0.8906647372778039,0.5047507573739219,0.519639910601666,0.529512878373757,0.16345606326253337,0.24280867770930675,8,0.015,480000,63.0,0.9791177330403233,744.1294771106458,760.0,1.0,2.0,1.04,1.04,0.98,1.04,0.98,1.04,0.98,0.984237051133972,0.9856764657248053,0.9879223585122634,1500,500,500,500,1|1|1,True,True,
linearp,0.00011173532088745333,598.6479305287004,2.099182370654216,0.0,744.0462139830609,2.1026541690977383,3.7234746705822386,23.709865697373665,8.752740409367151,22.12753081000699,92.80912005609387,121.25749778487297,384.5813126877335,0.6728364637756082,1.2421666573065648,8.388608,0.6898583358822246,1.2549681744723213,8.388608,0.7399593694399844,1.3164721638342058,8.310675767452077,8.388608,0.7399593694399844,0.06712290566437622,2.9205620519327082,7.344857026079985,2.9757592295537627,7.417336257520195,2.933249340584144,7.281920179435092,0.9260910380586217,0.8849235609882161,0.5992601193500849,0.9233030734691503,0.8821274464438615,0.9282774979366949,0.8757226517422407,0.9266351057831116,0.8957098189467434,0.9260718923963189,0.9282774979366949,0.8845199723776153,0.5997160752135033,0.602709305261758,0.5953549775749932,0.06771139951565615,0.8612375439833923,8,0.15,48000,630.0,0.9791177330403233,744.1294771106458,760.0,1.0,2.0,1.04,1.04,0.98,1.04,0.98,1.04,0.98,0.9720246374766378,0.9711517826087698,0.9950622519833606,1500,500,500,500,1|1|1,True,True,
dlinear,0.00011348901453853257,608.0437515337464,2.099354147106969,0.0,744.0449084819952,2.115201215190869,3.68948745871137,23.70595502371027,8.787164052936241,21.851863675868866,85.93928940283578,71.01845784699832,451.08600428391236,0.678839131321055,1.2319105469798193,8.388608,0.6366933002864601,1.2082572411035224,8.388608,0.7996687835834543,1.3438925204090293,8.210550916408383,8.388608,0.7996687835834543,0.16297548329699424,2.958309568355965,7.249228923126,2.792629681447137,7.156252404464274,3.1827655559377965,7.387947263561294,1.00560084355515,0.842187591573287,0.6408822935259063,0.9245070751067243,0.8463372358307546,1.086889040552076,0.819770338615236,1.003325522268902,0.858742220495101,1.0049072126425675,1.086889040552076,0.8416165983136971,0.6051113439153603,0.6456777206980987,0.67185781596426,0.07183039123008292,0.865356535697819,8,0.15,48000,630.0,0.9791177330403233,744.1294771106458,760.0,1.0,2.0,1.04,1.04,0.98,1.04,0.98,1.04,0.98,0.9720246374766378,0.9711517826087698,0.9950622519833606,1500,500,500,500,1|1|1,True,True,
linearp,0.0001816487081505931,973.2251391401799,2.106028629706051,0.0,743.9941824142337,2.5747403652631147,3.662663731898276,23.698954377326164,10.949376979176314,19.260701448770288,272.7741174631667,307.7236141605327,392.72740751648047,0.8475931620362779,1.4301350083014288,8.388608,0.8769784330597524,1.4842842497229325,8.388608,0.8501687701672316,1.469671856025771,8.210550916408383,8.388608,0.8769784330597524,0.02938527102347452,4.162756830321773,7.598083084029426,4.514405986672687,7.628608,4.33615000557625,7.493141639343244,0.917767293551307,0.8452402980078129,3.935861814487859,0.9252283355931806,0.83535145609579,0.9111483184206302,0.8391367736478669,0.917377328831729,0.8587575744156087,0.9179179942818466,0.9252283355931806,0.8444152680530884,3.8931085680529356,3.976950768869135,3.9375261065415073,0.27595455167530875,8.21121599635267,8,1.5,4800,6300.0,0.9791177330403233,744.1294771106458,760.0,1.0,2.0,1.04,1.04,0.98,1.04,0.98,1.04,0.98,0.9600405864272473,0.9812337493190199,0.9998944324003436,1500,500,500,500,1|1|1,True,True,
dlinear,0.00019992427567994895,1071.140736408715,2.1078182412317252,0.0,743.9805813666497,2.5959202238237173,3.6253010193369084,23.698954377326164,10.876623344780791,19.01037352477663,210.2093798544135,206.44839624302963,654.4829603112718,0.7704537723437608,1.3218391003909442,8.388608,0.7526935200104277,1.311029300129907,8.388608,1.0727729314694072,1.735144091779426,8.212460738995324,8.388608,1.0727729314694072,0.3200794114589795,3.6147829064442702,7.415649762328561,3.611041911658797,7.439396198152669,5.651164248002316,7.705692376067975,0.9500717685568203,0.8162101946257186,4.104536500777189,0.9281063646657334,0.8077237204589949,0.9243994016606929,0.8273614809240647,0.9987689184719131,0.8133674404094043,0.9504248949327797,0.9987689184719131,0.8161508805974881,3.9414821941013503,4.104786313405192,4.267340994825025,0.2842183264705664,8.219479771147927,8,1.5,4800,6300.0,0.9791177330403233,744.1294771106458,760.0,1.0,2.0,1.04,1.04,0.98,1.04,0.98,1.04,0.98,0.9600405864272473,0.9812337493190199,0.9998944324003436,1500,500,500,500,1|1|1,True,True,
linearp,0.0006276792271664167,3362.937228752551,2.149700337968178,0.0,743.6622774314559,3.485666848596918,3.965562611829462,23.694578815421984,12.268016068849953,16.936048483633357,1122.8575481260198,1236.963347547407,1003.1163330791245,1.1927572448878987,2.02783783904273,8.388608,1.1866109531702582,2.006011830808922,8.388608,1.1062986505386534,1.9232276977400604,8.218274593937872,8.388608,1.1927572448878987,0.08645859434924531,7.175403767943118,8.006308022146984,7.226509353781639,8.018194180822299,6.928526502838312,7.89802097614588,0.9118021854429796,0.8221648030214965,36.7533122318406,0.8908016265241577,0.8151581239150781,0.9173621535178607,0.80309452563088,0.9283640002679964,0.8426719643363442,0.912175926770005,0.9283640002679964,0.820308204627434,35.99541376649709,36.341136031857246,37.9233868971675,1.4355093583776308,80.78812380515124,8,15.0,480,63000.0,0.9791177330403233,744.1294771106458,760.0,1.0,2.0,1.04,1.04,0.98,1.04,0.98,1.04,0.98,0.9998955484169462,0.9998955484169462,0.9998955484169462,1500,500,500,500,1|1|1,True,True,
dlinear,0.0006647587971554058,3561.599636149772,2.1533310827198897,0.0,743.6346837713502,3.5419487066966946,4.0223150874156905,23.709331706122402,12.38362342708189,17.108086353585765,1293.2207135145395,746.3571068456206,1522.0218157896118,1.2799758306039288,2.1197788396949466,8.388608,0.9119366612183767,1.69526001798112,8.388608,1.3500362148743743,2.181390007897151,8.22060785152846,8.388608,1.3500362148743743,0.4380995536559975,7.391415886421044,8.053143458695578,5.705900690218396,7.884846486877361,7.428427991290011,7.946231123459068,0.9352527817104211,0.8047827866096836,37.94818643114676,0.8922035491051151,0.7857026804268586,0.9486147855475653,0.7969846745629242,0.9672104605097781,0.825748701570662,0.9360095983874861,0.9672104605097781,0.8028120188534816,35.70014773787904,38.34369257696155,39.800718978599676,1.6021472443405655,80.95476169111419,8,15.0,480,63000.0,0.9791177330403233,744.1294771106458,760.0,1.0,2.0,1.04,1.04,0.98,1.04,0.98,1.04,0.98,0.9998955484169462,0.9998955484169462,0.9998955484169462,1500,500,500,500,1|1|1,True,True,
linearp,0.0008746936995702602,4686.374630110607,2.1739391260867937,0.0,743.478062641757,3.9131201772820767,4.1418074878275,23.709331706122402,12.743220633734115,16.487125765581723,1705.9861965581965,1706.601258907066,1273.7871746453438,1.3018392890202786,2.2199777189986474,8.388608,1.3653920072944203,2.2242698097731464,8.388608,1.2458888809676518,2.0960708189059365,8.212378384162156,8.388608,1.3653920072944203,0.11950312632676865,7.5888733035726785,8.092077337100282,7.570249295772538,8.086144724548934,7.3558146781925275,7.929623110854768,0.9557501525441566,0.786750374282918,141.06156273869564,0.9493670243597173,0.8070166327783937,0.9626263079764247,0.7597459143458225,0.9549233664738227,0.7916419812368032,0.9556388996033216,0.9626263079764247,0.7861348427870065,132.34839680168122,146.82374365965123,144.01254775475445,3.22609714107124,320.63655492816565,8,60.0,120,252000.0,0.9791177330403233,744.1294771106458,760.0,1.0,2.0,1.04,1.04,0.98,1.04,0.98,1.04,0.98,0.9998955484169462,0.9998955484169462,0.9998955484169462,1500,500,500,500,1|1|1,True,True,
dlinear,0.0008771810457481569,4699.701164908015,2.1741948644417386,0.0,743.47611903025,3.91335658363036,4.151244360625136,23.708630789124367,12.808479505311071,16.57021860128861,1778.3644228368917,1237.0658673937478,1684.2708746773756,1.3329266373360527,2.246202409342919,8.388608,1.1483144621775279,1.9967172331356176,8.388608,1.4321154841165713,2.2857491844516735,8.217561884352923,8.388608,1.4321154841165713,0.28380102193904344,7.600871554030406,8.090918664813666,7.141221889714962,8.037657848320123,7.531639675423624,8.016823970770163,0.9555736185903143,0.7960362911897875,141.78218059752194,0.9495468493226047,0.8203773571275109,0.9615679226443616,0.7521584775066109,0.9552455573108263,0.8098028559569842,0.9554534430925976,0.9615679226443616,0.794112896863702,128.988787780544,149.90783394582274,146.4499200661991,3.228553553400352,320.6390113404948,8,60.0,120,252000.0,0.9791177330403233,744.1294771106458,760.0,1.0,2.0,1.04,1.04,0.98,1.04,0.98,1.04,0.98,0.9998955484169462,0.9998955484169462,0.9998955484169462,1500,500,500,500,1|1|1,True,True,
linearp,0.0006592935143702659,3563.1496466559056,1.2987475525573222,0.0,750.1295186005676,4.278350385085247,6.433277644198457,23.711030847074493,22.126279855630766,23.207751080585275,795.8690650821321,339.6314373992402,2427.6491441745334,1.3799166835944168,2.1525721271757825,8.388608,1.3930774914584143,2.112639141423668,8.388608,1.5053562100323856,2.219398175305257,8.388608,8.388608,1.5053562100323856,0.1254395264379687,7.242995015151158,7.8912022978213905,7.134325588170661,7.848823647403147,7.548632053531158,8.090998910672434,0.9387348699177538,0.9067772550082839,0.5118844472532925,0.9385321082430284,0.9101979348641841,0.9397367221563758,0.8898301687320026,0.93791679273928,0.9200518822194096,0.938728541046228,0.9397367221563758,0.9066933286051988,0.5099871641383429,0.516945386079615,0.5087207915419197,0.17431216110243275,0.2211894275839275,9,0.015,480000,63.0,0.9876638772417093,750.6245467036991,760.0,1.0,2.0,1.04,1.04,0.98,1.04,0.98,1.04,0.98,0.9774983071382543,0.9844510572451731,0.9998965125604005,1500,500,500,500,1|1|1,True,True,
dlinear,0.0006595772204315226,3564.682935138026,1.2987755731800723,0.0,750.1293056438368,4.273295716439525,6.425843505515927,23.711030847074493,22.092452392726877,23.219854890623115,806.1514879602429,322.583572941571,2435.947874236212,1.3841830039363272,2.1514905802013407,8.388608,1.3816477096888133,2.1079462522527646,8.388608,1.5074650028138206,2.218072746971461,8.388608,8.388608,1.5074650028138206,0.12581729312500706,7.262985742892641,7.892854366923748,7.104126611434592,7.82723798059575,7.561950237237569,8.103913605726,0.9821964102425111,0.8572192634575675,0.5146968358444995,0.9389058641133036,0.8811642349182172,1.0554956607067012,0.8440607405006756,0.9510230284665186,0.8471355546954713,0.9818081844288411,1.0554956607067012,0.8574535100381212,0.5127381196261148,0.5196139797644844,0.5117384081428995,0.17532526293288464,0.22220252941437924,9,0.015,480000,63.0,0.9876638772417093,750.6245467036991,760.0,1.0,2.0,1.04,1.04,0.98,1.04,0.98,1.04,0.98,0.9774983071382543,0.9844510572451731,0.9998965125604005,1500,500,500,500,1|1|1,True,True,
linearp,0.0006629991752706289,3583.1768788976283,1.2991178814688606,0.0,750.1267041008331,4.247881212585003,6.52976232811274,23.714493637761876,22.282543122008924,23.47651928470593,1145.3652323420831,787.8714764991558,1649.9401700563894,1.3950525989492355,2.20929724380215,8.388608,1.4087473228331613,2.152113314488354,8.388608,1.444081290802682,2.2368367173369292,8.388608,8.388608,1.444081290802682,0.04902869185344665,7.367540021300499,8.012754251727594,7.34936795900262,8.073749843669033,7.398733831325965,8.058124199586137,0.924421249285206,0.8702242170761628,0.6409583961781746,0.9229198050464867,0.8696021371642557,0.9263630612521385,0.8526163792988399,0.9239632639422437,0.8876648818482148,0.9244153767469564,0.9263630612521385,0.8699611327704369,0.6399541359977992,0.6399382239615107,0.642982828575214,0.14219891996440281,0.61097158477935,9,0.15,48000,630.0,0.9876638772417093,750.6245467036991,760.0,1.0,2.0,1.04,1.04,0.98,1.04,0.98,1.04,0.98,0.9866408337881951,0.9985716189751976,0.9980613184683048,1500,500,500,500,1|1|1,True,True,
dlinear,0.0006640309356197674,3588.753024337157,1.2992105410719361,0.0,750.1259998878443,4.259986094902075,6.516072823426979,23.71461956332367,22.217112929748012,23.46971524060401,1192.8794762428665,642.5478715319073,1753.3256765623833,1.425715523789258,2.2153380948974997,8.388608,1.3580874911521028,2.12403913411287,8.388608,1.476183079960567,2.2476990561847887,8.388608,8.388608,1.476183079960567,0.11809558880846435,7.381597833269035,8.01391020613106,7.222745157376206,8.013242806220468,7.407766905419318,8.085673730913532,0.9570680485038521,0.8482549239608062,0.6587097472228699,0.9273748236211272,0.8625386735818579,1.0185096662806479,0.8243121711457442,0.9245381797645597,0.8578965609199091,0.9568075565554449,1.0185096662806479,0.8482491352158371,0.6508546701996236,0.6619813605614746,0.6632932109075117,0.14539188297730982,0.614164547792257,9,0.15,48000,630.0,0.9876638772417093,750.6245467036991,760.0,1.0,2.0,1.04,1.04,0.98,1.04,0.98,1.04,0.98,0.9866408337881951,0.9985716189751976,0.9980613184683048,1500,500,500,500,1|1|1,True,True,
linearp,0.000872605690933528,4715.994608698002,1.319813029810051,0.0,749.9694209734421,4.97018666008192,5.965375876091847,23.714493637761876,19.929087811989596,23.238610347806592,1587.1202434354689,1475.6002486814853,1653.2741165810478,1.6324398775901392,2.30988027889985,8.388608,1.6968050530212504,2.3049428849020184,8.388608,1.6409417294702178,2.3051241339069786,8.388608,8.388608,1.6968050530212504,0.06436517543111113,7.514080629494318,8.1051916426585,7.56118939406026,8.121917242568697,7.416336967913308,7.961758481779107,0.9221692663161799,0.8357455320031867,4.078144220570994,0.9162746770005483,0.8328144642989499,0.9251744323071897,0.8330430234912974,0.9250049114481186,0.8409289829554255,0.9221513402519522,0.9251744323071897,0.8355954902485575,4.062084930886228,4.1100300589177,4.062317671909056,0.7515683971953531,5.439295045344824,9,1.5,4800,6300.0,0.9876638772417093,750.6245467036991,760.0,1.0,2.0,1.04,1.04,0.98,1.04,0.98,1.04,0.98,0.9874287695314956,0.9696003954232993,0.9676422062309226,1500,500,500,500,1|1|1,True,True,
dlinear,0.0008734665552254491,4720.6471469540575,1.3198957406812593,0.0,749.9687923708228,4.987536853092041,5.97287699968697,23.715673073433965,19.83629426999532,23.248226410848268,1733.7589729149663,1313.6762144702286,1673.2119595688625,1.7424637563828866,2.3739903261062776,8.388608,1.639793467161089,2.2509339477027472,8.388608,1.6052796295477338,2.301982339095278,8.388608,8.388608,1.7424637563828866,0.13718412683515274,7.585618042690564,8.131421744044273,7.490828905717459,8.111157612019124,7.416673965695972,7.976158801503625,0.9348709114308161,0.8209177804709735,4.114305853236309,0.9165893880565124,0.8371011224980075,0.935266579155502,0.8447456523781764,0.9526226716368767,0.7822911366336593,0.9348262129496304,0.9526226716368767,0.8213793038366144,4.126294308062732,4.121594806987711,4.095028444658482,0.7589197429782881,5.446646391127761,9,1.5,4800,6300.0,0.9876638772417093,750.6245467036991,760.0,1.0,2.0,1.04,1.04,0.98,1.04,0.98,1.04,0.98,0.9874287695314956,0.9696003954232993,0.9676422062309226,1500,500,500,500,1|1|1,True,True,
linearp,0.0018946867295370144,10239.828246030624,1.420819421644005,0.0,749.2017723955078,6.117081744583652,5.482708119515287,23.710736538898374,16.422801650088783,22.512806676402146,3354.6866442394867,3769.045925887986,3116.0956759031515,1.9500652725872358,2.683296943285848,8.388608,2.183931155516544,2.7925473870946798,8.388608,1.9830853164801217,2.678139754126589,8.388608,8.388608,2.183931155516544,0.2338658829293081,7.857671899021359,8.148098143716238,7.875037189616804,8.138599061638896,7.78247976393616,8.146129403791196,0.9074675583432616,0.7911974925622847,37.570842165426214,0.8981210135760044,0.7830208988362605,0.9257382795238899,0.7888826347548583,0.8986652814265575,0.8003554023621751,0.9075081915088172,0.9257382795238899,0.790752978651098,36.41426344176133,37.482346802812586,38.815916251704735,5.246289555524385,52.1235560370191,9,15.0,480,63000.0,0.9876638772417093,750.6245467036991,760.0,1.0,2.0,1.04,1.04,0.98,1.04,0.98,1.04,0.98,0.9998955484169462,0.9692818109197606,0.9927575197355363,1500,500,500,500,1|1|1,True,True,
dlinear,0.0018837807880787477,10180.887121013506,1.4197280355750077,0.0,749.2100669296359,6.125253858683645,5.482836843885448,23.710208142887062,16.350969864220556,22.582415776970056,3548.0292321192396,2930.7393495547067,3702.118539339559,2.039932597107505,2.7361733453591084,8.388608,1.897360200952717,2.629679946430688,8.388608,2.1879610606235267,2.791408568119468,8.388608,8.388608,2.1879610606235267,0.29060085967080945,7.882150887265795,8.151016048162552,7.8145289752253255,8.132986512286315,7.8753174760022855,8.151314979669005,0.9264185314797809,0.7776312150553927,38.189589991314335,0.9062557168039941,0.7769442615275101,0.9786080985256846,0.7579524247036625,0.8952342543631774,0.7957941939076124,0.9266993565642854,0.9786080985256846,0.7768969600462617,36.59410660541864,38.439287221365674,39.53537614715871,5.247089242618254,52.12435572411297,9,15.0,480,63000.0,0.9876638772417093,750.6245467036991,760.0,1.0,2.0,1.04,1.04,0.98,1.04,0.98,1.04,0.98,0.9998955484169462,0.9692818109197606,0.9927575197355363,1500,500,500,500,1|1|1,True,True,
linearp,0.0023656419484073383,12785.10418934306,1.4674104640805272,0.0,748.8476804729906,6.498632972080263,5.3511102906951145,23.706802984230837,16.04944137769211,22.09247262552863,3949.472154539473,4979.436871655586,3856.1951631479997,2.036229423075884,2.769076348799268,8.388608,2.4088648837541826,2.955718217160153,8.388608,2.053538665249667,2.771422384757348,8.388608,8.388608,2.4088648837541826,0.3726354606782985,7.885098872788443,8.149449950757388,7.889759181037125,8.140625134701416,7.865441307135865,8.15301849519812,0.9038655947510925,0.7575381218316355,140.74980172300718,0.9367206924586202,0.7401314229055926,0.8735304672026442,0.7555709648599054,0.907136751119649,0.7740057988088799,0.9057959702603045,0.9367206924586202,0.7565693955247926,128.65522969175046,153.8662716771782,139.72790380009292,17.349457587967095,204.85852351394598,9,60.0,120,252000.0,0.9876638772417093,750.6245467036991,760.0,1.0,2.0,1.04,1.04,0.98,1.04,0.98,1.04,0.98,0.9472048721347187,0.9710145386412532,0.9075347416043054,1500,500,500,500,1|1|1,True,True,
dlinear,0.0023458698038988372,12678.245698877872,1.4654576407899538,0.0,748.8625219299965,6.499353644203393,5.356458094224144,23.708992470921523,16.049609289919736,22.032725335880436,3906.7722389174924,4448.040953412622,4323.432506547759,2.0210873686128448,2.758914076836122,8.388608,2.259589881943453,2.8858332714289796,8.388608,2.2186763936471627,2.861100107992768,8.388608,8.388608,2.259589881943453,0.23850251333060815,7.885122216851624,8.150480859016998,7.883684368222666,8.13859936981483,7.888064440858873,8.155306983823618,0.9067288310122357,0.7502130206260329,139.5725863312434,0.9395944349898163,0.7268572302717138,0.8946668311232941,0.7428022228044332,0.8909295241468808,0.7762660983910076,0.9083969300866638,0.9395944349898163,0.7486418504890514,125.45568707544413,154.07167977518623,139.1903921430998,17.182771572445414,204.69183749842426,9,60.0,120,252000.0,0.9876638772417093,750.6245467036991,760.0,1.0,2.0,1.04,1.04,0.98,1.04,0.98,1.04,0.98,0.9472048721347187,0.9710145386412532,0.9075347416043054,1500,500,500,500,1|1|1,True,True,
