device=cpu  cells=3  X=500/cell  alpha=1.04 (H=0.980|0.980|0.980)
TEST  10 replicate(s) x 3 cells, 7200s = 2h measured @1ms (+1440s warm-up) = 8.64e+06 bins/cell
TRAIN 4200 samples per granularity, refit per replicate with its own seeds, generated at bin width = sample_dt
buffer 1 MiB = 8.39 Mbit/cell   beam 760 Mb/s   adaptive_mean=True   backlog_aware=True

##############################################################################
REPLICATE 0   test seeds [101, 102, 103]   train seeds [500101, 500102, 500103]
test traffic generated in 17.9s   offered 734.9 Mb/s   rho = 0.967

==============================================================================
[rep 0] sample_dt = 0.015s   15 slots/period   576000 periods, start=96000 (480000 decisions = 7200s measured)
  train: 4200 samples = 63s (0.02h), generated at 0.015s bins
  H_meas (local Whittle, test window): c0=0.984  c1=0.992  c2=0.995   [nominal 0.98|0.98|0.98]
    cell0: H_est=0.973   m_train=240.7 vs m_test=241.4 Mb/s (-0.3%)
    cell1: H_est=0.998   m_train=249.3 vs m_test=248.6 Mb/s (+0.3%)
    cell2: H_est=1.000   m_train=244.8 vs m_test=244.9 Mb/s (-0.0%)
      linearP cell0: H_fit=0.995 sum(w)=0.997  <-- GRID EDGE
      linearP cell1: H_fit=0.980 sum(w)=0.987
      linearP cell2: H_fit=0.975 sum(w)=0.983
      dlinear cell0: val NMSE=0.2978  scaler mu=3.61 Mb sd=0.08 Mb
      dlinear cell1: val NMSE=0.3870  scaler mu=3.73 Mb sd=0.08 Mb
      dlinear cell2: val NMSE=0.3314  scaler mu=3.67 Mb sd=0.07 Mb
    (train gen + fit: 1.2s)

linearp
  loss ratio      0.000e+00   (0.000 Mb dropped)
  wasted slots      3.30% avoidable (plan error)     0.00% unavoidable (system empty)
  served          734.9 Mb/s
  backlog         mean    1.043 Mb   p95    1.447   p99    1.917   max   13.088
    cell0        mean    0.324 Mb   p95    0.711   p99    0.924   max    4.688
    cell1        mean    0.335 Mb   p95    0.740   p99    0.962   max    5.036
    cell2        mean    0.383 Mb   p95    0.849   p99    1.064   max    4.921
    worst cell    max    5.036 Mb   imbalance 0.059 Mb
  forecast MASE   0.9378   slot err 0.534 slots/cell/period
  mismatch        deficit 0.1529 Mb / surplus 0.2783 Mb per cell-period
  (75s)

dlinear
  loss ratio      0.000e+00   (0.000 Mb dropped)
  wasted slots      3.30% avoidable (plan error)     0.00% unavoidable (system empty)
  served          734.9 Mb/s
  backlog         mean    1.042 Mb   p95    1.445   p99    1.899   max   12.867
    cell0        mean    0.325 Mb   p95    0.712   p99    0.926   max    4.691
    cell1        mean    0.334 Mb   p95    0.738   p99    0.962   max    5.107
    cell2        mean    0.382 Mb   p95    0.846   p99    1.062   max    4.834
    worst cell    max    5.107 Mb   imbalance 0.057 Mb
  forecast MASE   0.9428   slot err 0.538 slots/cell/period
  mismatch        deficit 0.1541 Mb / surplus 0.2795 Mb per cell-period
  (66s)
  saved results_alpha/beam760e6/exp1_gran_a1p04/backlog_0p015s_*.png
  saved results_alpha/beam760e6/exp1_gran_a1p04/summary_0p015s.txt
  saved results_alpha/beam760e6/exp1_gran_a1p04/metrics.csv (2 rows)

==============================================================================
[rep 0] sample_dt = 0.15s   150 slots/period   57600 periods, start=9600 (48000 decisions = 7200s measured)
  train: 4200 samples = 630s (0.17h), generated at 0.15s bins
  H_meas (local Whittle, test window): c0=0.980  c1=0.984  c2=0.989   [nominal 0.98|0.98|0.98]
    cell0: H_est=0.948   m_train=240.6 vs m_test=241.4 Mb/s (-0.3%)
    cell1: H_est=1.000   m_train=247.4 vs m_test=248.6 Mb/s (-0.5%)
    cell2: H_est=0.974   m_train=245.4 vs m_test=244.9 Mb/s (+0.2%)
      linearP cell0: H_fit=0.965 sum(w)=0.976
      linearP cell1: H_fit=0.965 sum(w)=0.976
      linearP cell2: H_fit=0.970 sum(w)=0.980
      dlinear cell0: val NMSE=0.3494  scaler mu=35.97 Mb sd=0.78 Mb
      dlinear cell1: val NMSE=0.2545  scaler mu=37.13 Mb sd=0.75 Mb
      dlinear cell2: val NMSE=0.3899  scaler mu=36.63 Mb sd=0.71 Mb
    (train gen + fit: 2.0s)

linearp
  loss ratio      0.000e+00   (0.000 Mb dropped)
  wasted slots      3.30% avoidable (plan error)     0.00% unavoidable (system empty)
  served          734.9 Mb/s
  backlog         mean    0.897 Mb   p95    1.298   p99    2.014   max   13.556
    cell0        mean    0.304 Mb   p95    0.733   p99    0.913   max    4.834
    cell1        mean    0.295 Mb   p95    0.708   p99    0.907   max    5.319
    cell2        mean    0.298 Mb   p95    0.731   p99    0.959   max    4.858
    worst cell    max    5.319 Mb   imbalance 0.009 Mb
  forecast MASE   0.9263   slot err 0.583 slots/cell/period
  mismatch        deficit 0.0144 Mb / surplus 1.2682 Mb per cell-period
  (41s)

dlinear
  loss ratio      0.000e+00   (0.000 Mb dropped)
  wasted slots      3.30% avoidable (plan error)     0.00% unavoidable (system empty)
  served          734.9 Mb/s
  backlog         mean    0.897 Mb   p95    1.295   p99    2.027   max   13.555
    cell0        mean    0.305 Mb   p95    0.733   p99    0.911   max    5.222
    cell1        mean    0.295 Mb   p95    0.705   p99    0.908   max    5.128
    cell2        mean    0.297 Mb   p95    0.731   p99    0.942   max    4.809
    worst cell    max    5.222 Mb   imbalance 0.010 Mb
  forecast MASE   0.9282   slot err 0.587 slots/cell/period
  mismatch        deficit 0.0144 Mb / surplus 1.2682 Mb per cell-period
  (39s)
  saved results_alpha/beam760e6/exp1_gran_a1p04/backlog_0p15s_*.png
  saved results_alpha/beam760e6/exp1_gran_a1p04/summary_0p15s.txt
  saved results_alpha/beam760e6/exp1_gran_a1p04/metrics.csv (4 rows)

==============================================================================
[rep 0] sample_dt = 1.5s   1500 slots/period   5760 periods, start=960 (4800 decisions = 7200s measured)
  train: 4200 samples = 6300s (1.75h), generated at 1.5s bins
  H_meas (local Whittle, test window): c0=1.000  c1=0.957  c2=1.000   [nominal 0.98|0.98|0.98]
    cell0: H_est=1.000   m_train=244.3 vs m_test=241.4 Mb/s (+1.2%)
    cell1: H_est=1.000   m_train=244.6 vs m_test=248.6 Mb/s (-1.6%)
    cell2: H_est=1.000   m_train=248.9 vs m_test=244.9 Mb/s (+1.6%)
      linearP cell0: H_fit=0.950 sum(w)=0.964
      linearP cell1: H_fit=0.955 sum(w)=0.968
      linearP cell2: H_fit=0.955 sum(w)=0.968
      dlinear cell0: val NMSE=0.3581  scaler mu=366.08 Mb sd=8.11 Mb
      dlinear cell1: val NMSE=0.3318  scaler mu=367.81 Mb sd=7.86 Mb
      dlinear cell2: val NMSE=0.3930  scaler mu=374.24 Mb sd=8.55 Mb
    (train gen + fit: 9.6s)

linearp
  loss ratio      7.551e-07   (3.996 Mb dropped)
  wasted slots      3.30% avoidable (plan error)     0.00% unavoidable (system empty)
  served          734.9 Mb/s
  backlog         mean    1.011 Mb   p95    1.869   p99    4.344   max   15.982
    cell0        mean    0.359 Mb   p95    0.754   p99    2.261   max    8.175
    cell1        mean    0.335 Mb   p95    0.743   p99    2.074   max    8.183
    cell2        mean    0.317 Mb   p95    0.732   p99    1.513   max    6.902
    worst cell    max    8.183 Mb   imbalance 0.042 Mb
  forecast MASE   0.9208   slot err 3.860 slots/cell/period
  mismatch        deficit 0.0204 Mb / surplus 12.5590 Mb per cell-period
  (37s)

dlinear
  loss ratio      6.998e-07   (3.703 Mb dropped)
  wasted slots      3.30% avoidable (plan error)     0.00% unavoidable (system empty)
  served          734.9 Mb/s
  backlog         mean    1.011 Mb   p95    1.898   p99    4.342   max   14.956
    cell0        mean    0.352 Mb   p95    0.748   p99    2.133   max    8.161
    cell1        mean    0.346 Mb   p95    0.764   p99    2.316   max    8.183
    cell2        mean    0.313 Mb   p95    0.729   p99    1.437   max    7.318
    worst cell    max    8.183 Mb   imbalance 0.040 Mb
  forecast MASE   0.9246   slot err 3.903 slots/cell/period
  mismatch        deficit 0.0210 Mb / surplus 12.5596 Mb per cell-period
  (37s)
  saved results_alpha/beam760e6/exp1_gran_a1p04/backlog_1p5s_*.png
  saved results_alpha/beam760e6/exp1_gran_a1p04/summary_1p5s.txt
  saved results_alpha/beam760e6/exp1_gran_a1p04/metrics.csv (6 rows)

==============================================================================
[rep 0] sample_dt = 15s   15000 slots/period   576 periods, start=96 (480 decisions = 7200s measured)
  train: 4200 samples = 63000s (17.50h), generated at 15s bins
  H_meas (local Whittle, test window): c0=0.955  c1=1.000  c2=1.000   [nominal 0.98|0.98|0.98]
    cell0: H_est=1.000   m_train=246.7 vs m_test=241.4 Mb/s (+2.2%)
    cell1: H_est=0.960   m_train=243.6 vs m_test=248.6 Mb/s (-2.0%)
    cell2: H_est=0.995   m_train=248.2 vs m_test=244.9 Mb/s (+1.4%)
      linearP cell0: H_fit=0.950 sum(w)=0.964
      linearP cell1: H_fit=0.960 sum(w)=0.972
      linearP cell2: H_fit=0.955 sum(w)=0.968
      dlinear cell0: val NMSE=0.3162  scaler mu=3721.80 Mb sd=73.92 Mb
      dlinear cell1: val NMSE=0.4533  scaler mu=3655.21 Mb sd=72.98 Mb
      dlinear cell2: val NMSE=0.3612  scaler mu=3722.83 Mb sd=71.87 Mb
    (train gen + fit: 93.3s)

linearp
  loss ratio      4.762e-05   (251.958 Mb dropped)
  wasted slots      3.30% avoidable (plan error)     0.00% unavoidable (system empty)
  served          734.9 Mb/s
  backlog         mean    1.335 Mb   p95    4.478   p99    8.372   max   16.370
    cell0        mean    0.479 Mb   p95    1.146   p99    6.476   max    8.389
    cell1        mean    0.463 Mb   p95    1.268   p99    5.899   max    8.389
    cell2        mean    0.393 Mb   p95    0.845   p99    3.907   max    8.389
    worst cell    max    8.389 Mb   imbalance 0.086 Mb
  forecast MASE   0.9208   slot err 36.312 slots/cell/period
  mismatch        deficit 0.0267 Mb / surplus 125.4127 Mb per cell-period
  (37s)

dlinear
  loss ratio      5.466e-05   (289.219 Mb dropped)
  wasted slots      3.30% avoidable (plan error)     0.00% unavoidable (system empty)
  served          734.9 Mb/s
  backlog         mean    1.351 Mb   p95    4.702   p99    8.382   max   16.187
    cell0        mean    0.452 Mb   p95    0.977   p99    5.824   max    8.389
    cell1        mean    0.529 Mb   p95    1.786   p99    6.941   max    8.389
    cell2        mean    0.370 Mb   p95    0.754   p99    3.260   max    8.389
    worst cell    max    8.389 Mb   imbalance 0.160 Mb
  forecast MASE   0.9308   slot err 36.886 slots/cell/period
  mismatch        deficit 0.0239 Mb / surplus 125.4100 Mb per cell-period
  (37s)
  saved results_alpha/beam760e6/exp1_gran_a1p04/backlog_15s_*.png
  saved results_alpha/beam760e6/exp1_gran_a1p04/summary_15s.txt
  saved results_alpha/beam760e6/exp1_gran_a1p04/metrics.csv (8 rows)

==============================================================================
[rep 0] sample_dt = 60s   60000 slots/period   144 periods, start=24 (120 decisions = 7200s measured)
  train: 4200 samples = 252000s (70.00h), generated at 60s bins
  H_meas (local Whittle, test window): c0=1.000  c1=1.000  c2=1.000   [nominal 0.98|0.98|0.98]
    cell0: H_est=0.957   m_train=245.0 vs m_test=241.4 Mb/s (+1.5%)
    cell1: H_est=0.998   m_train=247.7 vs m_test=248.6 Mb/s (-0.4%)
    cell2: H_est=0.952   m_train=248.8 vs m_test=244.9 Mb/s (+1.6%)
      linearP cell0: H_fit=0.945 sum(w)=0.960
      linearP cell1: H_fit=0.960 sum(w)=0.972
      linearP cell2: H_fit=0.950 sum(w)=0.964
      dlinear cell0: val NMSE=0.5061  scaler mu=14687.11 Mb sd=289.53 Mb
      dlinear cell1: val NMSE=0.4283  scaler mu=14872.15 Mb sd=279.54 Mb
      dlinear cell2: val NMSE=0.2552  scaler mu=14899.73 Mb sd=243.51 Mb
    (train gen + fit: 350.4s)

linearp
  loss ratio      1.144e-04   (605.397 Mb dropped)
  wasted slots      3.31% avoidable (plan error)     0.00% unavoidable (system empty)
  served          734.8 Mb/s
  backlog         mean    1.554 Mb   p95    6.448   p99    8.570   max   16.865
    cell0        mean    0.575 Mb   p95    2.073   p99    7.536   max    8.389
    cell1        mean    0.531 Mb   p95    1.835   p99    7.397   max    8.389
    cell2        mean    0.448 Mb   p95    1.010   p99    6.156   max    8.389
    worst cell    max    8.389 Mb   imbalance 0.127 Mb
  forecast MASE   0.9376   slot err 145.222 slots/cell/period
  mismatch        deficit 0.0000 Mb / surplus 501.5442 Mb per cell-period
  (37s)

dlinear
  loss ratio      1.089e-04   (576.445 Mb dropped)
  wasted slots      3.31% avoidable (plan error)     0.00% unavoidable (system empty)
  served          734.8 Mb/s
  backlog         mean    1.541 Mb   p95    6.417   p99    8.554   max   16.730
    cell0        mean    0.526 Mb   p95    1.572   p99    7.051   max    8.389
    cell1        mean    0.561 Mb   p95    2.215   p99    7.478   max    8.389
    cell2        mean    0.455 Mb   p95    1.055   p99    6.374   max    8.389
    worst cell    max    8.389 Mb   imbalance 0.106 Mb
  forecast MASE   0.9288   slot err 142.827 slots/cell/period
  mismatch        deficit 0.0000 Mb / surplus 501.5442 Mb per cell-period
  (37s)
  saved results_alpha/beam760e6/exp1_gran_a1p04/backlog_60s_*.png
  saved results_alpha/beam760e6/exp1_gran_a1p04/summary_60s.txt
  saved results_alpha/beam760e6/exp1_gran_a1p04/metrics.csv (10 rows)

replicate 0 done in 921s

##############################################################################
REPLICATE 1   test seeds [104, 105, 106]   train seeds [500104, 500105, 500106]
test traffic generated in 16.5s   offered 743.0 Mb/s   rho = 0.978

==============================================================================
[rep 1] sample_dt = 0.015s   15 slots/period   576000 periods, start=96000 (480000 decisions = 7200s measured)
  train: 4200 samples = 63s (0.02h), generated at 0.015s bins
  H_meas (local Whittle, test window): c0=0.978  c1=0.987  c2=0.991   [nominal 0.98|0.98|0.98]
    cell0: H_est=1.000   m_train=246.5 vs m_test=245.8 Mb/s (+0.3%)
    cell1: H_est=0.992   m_train=283.1 vs m_test=248.7 Mb/s (+13.9%)
    cell2: H_est=0.998   m_train=250.5 vs m_test=248.6 Mb/s (+0.8%)
      linearP cell0: H_fit=0.995 sum(w)=0.997  <-- GRID EDGE
      linearP cell1: H_fit=0.995 sum(w)=0.997  <-- GRID EDGE
      linearP cell2: H_fit=0.995 sum(w)=0.997  <-- GRID EDGE
      dlinear cell0: val NMSE=0.2474  scaler mu=3.69 Mb sd=0.09 Mb
      dlinear cell1: val NMSE=0.3516  scaler mu=4.25 Mb sd=0.08 Mb
      dlinear cell2: val NMSE=0.2719  scaler mu=3.75 Mb sd=0.08 Mb
    (train gen + fit: 1.3s)

linearp
  loss ratio      5.205e-05   (278.440 Mb dropped)
  wasted slots      2.24% avoidable (plan error)     0.00% unavoidable (system empty)
  served          743.0 Mb/s
  backlog         mean    1.749 Mb   p95    3.799   p99   20.082   max   23.687
    cell0        mean    0.547 Mb   p95    1.275   p99    6.535   max    8.389
    cell1        mean    0.574 Mb   p95    1.345   p99    6.692   max    8.389
    cell2        mean    0.628 Mb   p95    1.442   p99    6.853   max    8.389
    worst cell    max    8.389 Mb   imbalance 0.081 Mb
  forecast MASE   0.9385   slot err 0.534 slots/cell/period
  mismatch        deficit 0.1684 Mb / surplus 0.2532 Mb per cell-period
  (76s)

dlinear
  loss ratio      5.221e-05   (279.309 Mb dropped)
  wasted slots      2.24% avoidable (plan error)     0.00% unavoidable (system empty)
  served          743.0 Mb/s
  backlog         mean    1.748 Mb   p95    3.814   p99   20.080   max   23.694
    cell0        mean    0.553 Mb   p95    1.284   p99    6.546   max    8.389
    cell1        mean    0.555 Mb   p95    1.304   p99    6.689   max    8.389
    cell2        mean    0.640 Mb   p95    1.471   p99    6.865   max    8.389
    worst cell    max    8.389 Mb   imbalance 0.087 Mb
  forecast MASE   1.1277   slot err 0.527 slots/cell/period
  mismatch        deficit 0.1666 Mb / surplus 0.2513 Mb per cell-period
  (68s)
  saved results_alpha/beam760e6/exp1_gran_a1p04/metrics.csv (12 rows)

==============================================================================
[rep 1] sample_dt = 0.15s   150 slots/period   57600 periods, start=9600 (48000 decisions = 7200s measured)
  train: 4200 samples = 630s (0.17h), generated at 0.15s bins
  H_meas (local Whittle, test window): c0=0.959  c1=0.961  c2=1.000   [nominal 0.98|0.98|0.98]
    cell0: H_est=0.990   m_train=248.6 vs m_test=245.8 Mb/s (+1.1%)
    cell1: H_est=0.990   m_train=280.6 vs m_test=248.7 Mb/s (+12.9%)
    cell2: H_est=0.939   m_train=252.0 vs m_test=248.6 Mb/s (+1.4%)
      linearP cell0: H_fit=0.970 sum(w)=0.980
      linearP cell1: H_fit=0.975 sum(w)=0.983
      linearP cell2: H_fit=0.980 sum(w)=0.987
      dlinear cell0: val NMSE=0.3289  scaler mu=37.35 Mb sd=0.75 Mb
      dlinear cell1: val NMSE=0.3513  scaler mu=42.10 Mb sd=0.80 Mb
      dlinear cell2: val NMSE=0.4142  scaler mu=37.80 Mb sd=0.83 Mb
    (train gen + fit: 1.7s)

linearp
  loss ratio      5.324e-05   (284.844 Mb dropped)
  wasted slots      2.24% avoidable (plan error)     0.00% unavoidable (system empty)
  served          743.0 Mb/s
  backlog         mean    1.610 Mb   p95    3.972   p99   20.130   max   23.707
    cell0        mean    0.528 Mb   p95    1.432   p99    6.668   max    8.389
    cell1        mean    0.533 Mb   p95    1.476   p99    6.680   max    8.389
    cell2        mean    0.549 Mb   p95    1.494   p99    6.819   max    8.389
    worst cell    max    8.389 Mb   imbalance 0.021 Mb
  forecast MASE   0.9273   slot err 0.614 slots/cell/period
  mismatch        deficit 0.0580 Mb / surplus 0.9058 Mb per cell-period
  (40s)

dlinear
  loss ratio      5.328e-05   (285.068 Mb dropped)
  wasted slots      2.24% avoidable (plan error)     0.00% unavoidable (system empty)
  served          743.0 Mb/s
  backlog         mean    1.621 Mb   p95    4.052   p99   20.004   max   23.705
    cell0        mean    0.548 Mb   p95    1.522   p99    6.692   max    8.389
    cell1        mean    0.501 Mb   p95    1.304   p99    6.462   max    8.389
    cell2        mean    0.572 Mb   p95    1.644   p99    6.886   max    8.389
    worst cell    max    8.389 Mb   imbalance 0.071 Mb
  forecast MASE   0.9953   slot err 0.623 slots/cell/period
  mismatch        deficit 0.0594 Mb / surplus 0.9072 Mb per cell-period
  (39s)
  saved results_alpha/beam760e6/exp1_gran_a1p04/metrics.csv (14 rows)

==============================================================================
[rep 1] sample_dt = 1.5s   1500 slots/period   5760 periods, start=960 (4800 decisions = 7200s measured)
  train: 4200 samples = 6300s (1.75h), generated at 1.5s bins
  H_meas (local Whittle, test window): c0=0.941  c1=0.929  c2=1.000   [nominal 0.98|0.98|0.98]
    cell0: H_est=1.000   m_train=243.3 vs m_test=245.8 Mb/s (-1.0%)
    cell1: H_est=1.000   m_train=272.6 vs m_test=248.7 Mb/s (+9.6%)
    cell2: H_est=0.941   m_train=253.4 vs m_test=248.6 Mb/s (+1.9%)
      linearP cell0: H_fit=0.945 sum(w)=0.960
      linearP cell1: H_fit=0.955 sum(w)=0.968
      linearP cell2: H_fit=0.945 sum(w)=0.960
      dlinear cell0: val NMSE=0.4497  scaler mu=364.75 Mb sd=7.48 Mb
      dlinear cell1: val NMSE=0.4609  scaler mu=409.60 Mb sd=9.27 Mb
      dlinear cell2: val NMSE=0.4150  scaler mu=380.68 Mb sd=7.52 Mb
    (train gen + fit: 8.0s)

linearp
  loss ratio      1.133e-04   (605.995 Mb dropped)
  wasted slots      2.24% avoidable (plan error)     0.00% unavoidable (system empty)
  served          743.0 Mb/s
  backlog         mean    2.074 Mb   p95    8.239   p99   16.704   max   23.703
    cell0        mean    0.699 Mb   p95    3.216   p99    7.333   max    8.389
    cell1        mean    0.706 Mb   p95    3.413   p99    7.395   max    8.389
    cell2        mean    0.668 Mb   p95    3.029   p99    6.981   max    8.389
    worst cell    max    8.389 Mb   imbalance 0.038 Mb
  forecast MASE   0.9213   slot err 3.972 slots/cell/period
  mismatch        deficit 0.2039 Mb / surplus 8.6819 Mb per cell-period
  (37s)

dlinear
  loss ratio      1.280e-04   (684.897 Mb dropped)
  wasted slots      2.24% avoidable (plan error)     0.00% unavoidable (system empty)
  served          742.9 Mb/s
  backlog         mean    2.190 Mb   p95    8.673   p99   16.740   max   23.706
    cell0        mean    0.914 Mb   p95    4.599   p99    7.650   max    8.389
    cell1        mean    0.519 Mb   p95    1.855   p99    6.107   max    8.389
    cell2        mean    0.757 Mb   p95    3.706   p99    7.299   max    8.389
    worst cell    max    8.389 Mb   imbalance 0.395 Mb
  forecast MASE   1.0195   slot err 4.323 slots/cell/period
  mismatch        deficit 0.2243 Mb / surplus 8.7023 Mb per cell-period
  (36s)
  saved results_alpha/beam760e6/exp1_gran_a1p04/metrics.csv (16 rows)

==============================================================================
[rep 1] sample_dt = 15s   15000 slots/period   576 periods, start=96 (480 decisions = 7200s measured)
  train: 4200 samples = 63000s (17.50h), generated at 15s bins
  H_meas (local Whittle, test window): c0=0.993  c1=0.915  c2=1.000   [nominal 0.98|0.98|0.98]
    cell0: H_est=0.971   m_train=241.5 vs m_test=245.8 Mb/s (-1.7%)
    cell1: H_est=1.000   m_train=267.8 vs m_test=248.7 Mb/s (+7.7%)
    cell2: H_est=0.940   m_train=253.3 vs m_test=248.6 Mb/s (+1.9%)
      linearP cell0: H_fit=0.960 sum(w)=0.972
      linearP cell1: H_fit=0.955 sum(w)=0.968
      linearP cell2: H_fit=0.955 sum(w)=0.968
      dlinear cell0: val NMSE=0.3195  scaler mu=3619.40 Mb sd=76.21 Mb
      dlinear cell1: val NMSE=0.4089  scaler mu=4020.87 Mb sd=86.18 Mb
      dlinear cell2: val NMSE=0.4974  scaler mu=3809.42 Mb sd=72.24 Mb
    (train gen + fit: 74.4s)

linearp
  loss ratio      5.211e-04   (2788.019 Mb dropped)
  wasted slots      2.28% avoidable (plan error)     0.00% unavoidable (system empty)
  served          742.7 Mb/s
  backlog         mean    2.910 Mb   p95    9.659   p99   15.688   max   23.701
    cell0        mean    0.959 Mb   p95    5.897   p99    7.889   max    8.389
    cell1        mean    0.984 Mb   p95    6.585   p99    7.907   max    8.389
    cell2        mean    0.967 Mb   p95    6.363   p99    7.897   max    8.389
    worst cell    max    8.389 Mb   imbalance 0.025 Mb
  forecast MASE   0.8999   slot err 37.377 slots/cell/period
  mismatch        deficit 1.0893 Mb / surplus 85.8691 Mb per cell-period
  (37s)

dlinear
  loss ratio      5.537e-04   (2962.195 Mb dropped)
  wasted slots      2.29% avoidable (plan error)     0.00% unavoidable (system empty)
  served          742.6 Mb/s
  backlog         mean    3.025 Mb   p95    9.825   p99   15.678   max   23.705
    cell0        mean    1.299 Mb   p95    7.387   p99    8.098   max    8.389
    cell1        mean    0.722 Mb   p95    4.083   p99    7.823   max    8.389
    cell2        mean    1.003 Mb   p95    6.609   p99    7.929   max    8.389
    worst cell    max    8.389 Mb   imbalance 0.577 Mb
  forecast MASE   0.9627   slot err 39.620 slots/cell/period
  mismatch        deficit 1.2082 Mb / surplus 85.9880 Mb per cell-period
  (37s)
  saved results_alpha/beam760e6/exp1_gran_a1p04/metrics.csv (18 rows)

==============================================================================
[rep 1] sample_dt = 60s   60000 slots/period   144 periods, start=24 (120 decisions = 7200s measured)
  train: 4200 samples = 252000s (70.00h), generated at 60s bins
  H_meas (local Whittle, test window): c0=1.000  c1=0.986  c2=1.000   [nominal 0.98|0.98|0.98]
    cell0: H_est=0.931   m_train=244.7 vs m_test=245.8 Mb/s (-0.4%)
    cell1: H_est=1.000   m_train=272.1 vs m_test=248.7 Mb/s (+9.4%)
    cell2: H_est=0.987   m_train=250.0 vs m_test=248.6 Mb/s (+0.6%)
      linearP cell0: H_fit=0.945 sum(w)=0.960
      linearP cell1: H_fit=0.945 sum(w)=0.960
      linearP cell2: H_fit=0.960 sum(w)=0.972
      dlinear cell0: val NMSE=0.4255  scaler mu=14683.14 Mb sd=269.63 Mb
      dlinear cell1: val NMSE=0.3243  scaler mu=16328.26 Mb sd=288.71 Mb
      dlinear cell2: val NMSE=0.3684  scaler mu=15041.83 Mb sd=278.06 Mb
    (train gen + fit: 311.9s)

linearp
  loss ratio      7.871e-04   (4210.657 Mb dropped)
  wasted slots      2.31% avoidable (plan error)     0.00% unavoidable (system empty)
  served          742.5 Mb/s
  backlog         mean    3.287 Mb   p95    9.819   p99   15.691   max   23.678
    cell0        mean    1.030 Mb   p95    6.645   p99    7.957   max    8.389
    cell1        mean    1.068 Mb   p95    7.349   p99    8.089   max    8.389
    cell2        mean    1.189 Mb   p95    7.591   p99    8.125   max    8.389
    worst cell    max    8.389 Mb   imbalance 0.158 Mb
  forecast MASE   0.9567   slot err 143.747 slots/cell/period
  mismatch        deficit 2.9935 Mb / surplus 342.1126 Mb per cell-period
  (36s)

dlinear
  loss ratio      8.250e-04   (4413.884 Mb dropped)
  wasted slots      2.31% avoidable (plan error)     0.00% unavoidable (system empty)
  served          742.4 Mb/s
  backlog         mean    3.425 Mb   p95   10.130   p99   15.756   max   23.250
    cell0        mean    1.312 Mb   p95    7.506   p99    8.118   max    8.389
    cell1        mean    0.785 Mb   p95    5.183   p99    7.891   max    8.389
    cell2        mean    1.328 Mb   p95    7.629   p99    8.137   max    8.389
    worst cell    max    8.389 Mb   imbalance 0.543 Mb
  forecast MASE   1.0444   slot err 157.346 slots/cell/period
  mismatch        deficit 2.8981 Mb / surplus 342.0173 Mb per cell-period
  (37s)
  saved results_alpha/beam760e6/exp1_gran_a1p04/metrics.csv (20 rows)

replicate 1 done in 858s

##############################################################################
REPLICATE 2   test seeds [107, 108, 109]   train seeds [500107, 500108, 500109]
test traffic generated in 15.2s   offered 766.4 Mb/s   rho = 1.008

==============================================================================
[rep 2] sample_dt = 0.015s   15 slots/period   576000 periods, start=96000 (480000 decisions = 7200s measured)
  train: 4200 samples = 63s (0.02h), generated at 0.015s bins
  H_meas (local Whittle, test window): c0=0.980  c1=0.993  c2=0.976   [nominal 0.98|0.98|0.98]
    cell0: H_est=1.000   m_train=251.9 vs m_test=249.1 Mb/s (+1.1%)
    cell1: H_est=1.000   m_train=256.1 vs m_test=265.7 Mb/s (-3.6%)
    cell2: H_est=1.000   m_train=252.2 vs m_test=251.6 Mb/s (+0.3%)
      linearP cell0: H_fit=0.970 sum(w)=0.980
      linearP cell1: H_fit=0.990 sum(w)=0.994
      linearP cell2: H_fit=0.990 sum(w)=0.994
      dlinear cell0: val NMSE=0.3122  scaler mu=3.79 Mb sd=0.08 Mb
      dlinear cell1: val NMSE=0.3900  scaler mu=3.83 Mb sd=0.08 Mb
      dlinear cell2: val NMSE=0.4362  scaler mu=3.76 Mb sd=0.08 Mb
    (train gen + fit: 1.5s)

linearp
  loss ratio      9.680e-03   (53412.035 Mb dropped)
  wasted slots      0.14% avoidable (plan error)     0.00% unavoidable (system empty)
  served          759.0 Mb/s
  backlog         mean   17.766 Mb   p95   23.434   p99   23.616   max   23.733
    cell0        mean    5.738 Mb   p95    7.925   p99    8.148   max    8.389
    cell1        mean    6.064 Mb   p95    8.165   p99    8.182   max    8.389
    cell2        mean    5.964 Mb   p95    8.134   p99    8.159   max    8.389
    worst cell    max    8.389 Mb   imbalance 0.325 Mb
  forecast MASE   0.9385   slot err 0.419 slots/cell/period
  mismatch        deficit 0.1775 Mb / surplus 0.1456 Mb per cell-period
  (75s)

dlinear
  loss ratio      9.680e-03   (53411.971 Mb dropped)
  wasted slots      0.14% avoidable (plan error)     0.00% unavoidable (system empty)
  served          759.0 Mb/s
  backlog         mean   17.760 Mb   p95   23.431   p99   23.615   max   23.733
    cell0        mean    5.733 Mb   p95    7.921   p99    8.147   max    8.389
    cell1        mean    6.066 Mb   p95    8.164   p99    8.182   max    8.389
    cell2        mean    5.961 Mb   p95    8.133   p99    8.159   max    8.389
    worst cell    max    8.389 Mb   imbalance 0.334 Mb
  forecast MASE   0.9469   slot err 0.421 slots/cell/period
  mismatch        deficit 0.1781 Mb / surplus 0.1462 Mb per cell-period
  (66s)
  saved results_alpha/beam760e6/exp1_gran_a1p04/metrics.csv (22 rows)

==============================================================================
[rep 2] sample_dt = 0.15s   150 slots/period   57600 periods, start=9600 (48000 decisions = 7200s measured)
  train: 4200 samples = 630s (0.17h), generated at 0.15s bins
  H_meas (local Whittle, test window): c0=0.970  c1=1.000  c2=0.988   [nominal 0.98|0.98|0.98]
    cell0: H_est=0.940   m_train=252.8 vs m_test=249.1 Mb/s (+1.5%)
    cell1: H_est=0.945   m_train=251.9 vs m_test=265.7 Mb/s (-5.2%)
    cell2: H_est=1.000   m_train=249.1 vs m_test=251.6 Mb/s (-1.0%)
      linearP cell0: H_fit=0.975 sum(w)=0.983
      linearP cell1: H_fit=0.955 sum(w)=0.968
      linearP cell2: H_fit=0.960 sum(w)=0.972
      dlinear cell0: val NMSE=0.4683  scaler mu=37.85 Mb sd=0.76 Mb
      dlinear cell1: val NMSE=0.3854  scaler mu=37.75 Mb sd=0.75 Mb
      dlinear cell2: val NMSE=0.3136  scaler mu=37.36 Mb sd=0.78 Mb
    (train gen + fit: 1.8s)

linearp
  loss ratio      9.686e-03   (53444.885 Mb dropped)
  wasted slots      0.14% avoidable (plan error)     0.00% unavoidable (system empty)
  served          759.0 Mb/s
  backlog         mean   17.909 Mb   p95   23.648   p99   23.683   max   23.739
    cell0        mean    5.906 Mb   p95    8.231   p99    8.389   max    8.389
    cell1        mean    6.045 Mb   p95    8.162   p99    8.177   max    8.389
    cell2        mean    5.958 Mb   p95    8.245   p99    8.389   max    8.389
    worst cell    max    8.389 Mb   imbalance 0.139 Mb
  forecast MASE   0.9273   slot err 0.653 slots/cell/period
  mismatch        deficit 0.5100 Mb / surplus 0.1904 Mb per cell-period
  (40s)

dlinear
  loss ratio      9.689e-03   (53461.823 Mb dropped)
  wasted slots      0.14% avoidable (plan error)     0.00% unavoidable (system empty)
  served          759.0 Mb/s
  backlog         mean   17.863 Mb   p95   23.648   p99   23.684   max   23.739
    cell0        mean    5.849 Mb   p95    8.196   p99    8.389   max    8.389
    cell1        mean    6.072 Mb   p95    8.164   p99    8.178   max    8.389
    cell2        mean    5.942 Mb   p95    8.226   p99    8.389   max    8.389
    worst cell    max    8.389 Mb   imbalance 0.224 Mb
  forecast MASE   0.9513   slot err 0.674 slots/cell/period
  mismatch        deficit 0.5146 Mb / surplus 0.1951 Mb per cell-period
  (39s)
  saved results_alpha/beam760e6/exp1_gran_a1p04/metrics.csv (24 rows)

==============================================================================
[rep 2] sample_dt = 1.5s   1500 slots/period   5760 periods, start=960 (4800 decisions = 7200s measured)
  train: 4200 samples = 6300s (1.75h), generated at 1.5s bins
  H_meas (local Whittle, test window): c0=0.962  c1=1.000  c2=1.000   [nominal 0.98|0.98|0.98]
    cell0: H_est=0.984   m_train=253.7 vs m_test=249.1 Mb/s (+1.8%)
    cell1: H_est=0.974   m_train=250.4 vs m_test=265.7 Mb/s (-5.7%)
    cell2: H_est=0.965   m_train=251.0 vs m_test=251.6 Mb/s (-0.2%)
      linearP cell0: H_fit=0.955 sum(w)=0.968
      linearP cell1: H_fit=0.955 sum(w)=0.968
      linearP cell2: H_fit=0.955 sum(w)=0.968
      dlinear cell0: val NMSE=0.4072  scaler mu=380.47 Mb sd=7.85 Mb
      dlinear cell1: val NMSE=0.4341  scaler mu=374.89 Mb sd=7.30 Mb
      dlinear cell2: val NMSE=0.3800  scaler mu=376.54 Mb sd=7.23 Mb
    (train gen + fit: 7.8s)

linearp
  loss ratio      9.917e-03   (54722.708 Mb dropped)
  wasted slots      0.16% avoidable (plan error)     0.00% unavoidable (system empty)
  served          758.8 Mb/s
  backlog         mean   17.528 Mb   p95   23.605   p99   23.673   max   23.733
    cell0        mean    5.812 Mb   p95    8.148   p99    8.382   max    8.389
    cell1        mean    5.918 Mb   p95    8.126   p99    8.179   max    8.389
    cell2        mean    5.798 Mb   p95    8.149   p99    8.389   max    8.389
    worst cell    max    8.389 Mb   imbalance 0.121 Mb
  forecast MASE   0.9176   slot err 3.839 slots/cell/period
  mismatch        deficit 4.3052 Mb / surplus 1.1096 Mb per cell-period
  (37s)

dlinear
  loss ratio      9.968e-03   (55005.794 Mb dropped)
  wasted slots      0.16% avoidable (plan error)     0.00% unavoidable (system empty)
  served          758.7 Mb/s
  backlog         mean   17.329 Mb   p95   23.609   p99   23.675   max   23.735
    cell0        mean    5.409 Mb   p95    8.145   p99    8.377   max    8.389
    cell1        mean    6.271 Mb   p95    8.153   p99    8.180   max    8.389
    cell2        mean    5.648 Mb   p95    8.148   p99    8.389   max    8.389
    worst cell    max    8.389 Mb   imbalance 0.862 Mb
  forecast MASE   0.9778   slot err 4.075 slots/cell/period
  mismatch        deficit 4.3421 Mb / surplus 1.1465 Mb per cell-period
  (37s)
  saved results_alpha/beam760e6/exp1_gran_a1p04/metrics.csv (26 rows)

==============================================================================
[rep 2] sample_dt = 15s   15000 slots/period   576 periods, start=96 (480 decisions = 7200s measured)
  train: 4200 samples = 63000s (17.50h), generated at 15s bins
  H_meas (local Whittle, test window): c0=0.999  c1=1.000  c2=1.000   [nominal 0.98|0.98|0.98]
    cell0: H_est=0.921   m_train=253.7 vs m_test=249.1 Mb/s (+1.8%)
    cell1: H_est=0.966   m_train=251.3 vs m_test=265.7 Mb/s (-5.4%)
    cell2: H_est=0.931   m_train=252.3 vs m_test=251.6 Mb/s (+0.3%)
      linearP cell0: H_fit=0.945 sum(w)=0.960
      linearP cell1: H_fit=0.960 sum(w)=0.972
      linearP cell2: H_fit=0.940 sum(w)=0.956
      dlinear cell0: val NMSE=0.5383  scaler mu=3812.34 Mb sd=66.41 Mb
      dlinear cell1: val NMSE=0.4041  scaler mu=3772.88 Mb sd=70.42 Mb
      dlinear cell2: val NMSE=0.3993  scaler mu=3782.66 Mb sd=65.32 Mb
    (train gen + fit: 71.9s)

linearp
  loss ratio      1.102e-02   (60789.215 Mb dropped)
  wasted slots      0.27% avoidable (plan error)     0.00% unavoidable (system empty)
  served          757.9 Mb/s
  backlog         mean   16.687 Mb   p95   23.553   p99   23.666   max   23.732
    cell0        mean    5.542 Mb   p95    8.141   p99    8.308   max    8.389
    cell1        mean    5.660 Mb   p95    8.154   p99    8.182   max    8.389
    cell2        mean    5.485 Mb   p95    8.143   p99    8.216   max    8.389
    worst cell    max    8.389 Mb   imbalance 0.175 Mb
  forecast MASE   0.9184   slot err 34.405 slots/cell/period
  mismatch        deficit 40.4966 Mb / surplus 8.5407 Mb per cell-period
  (36s)

dlinear
  loss ratio      1.114e-02   (61493.920 Mb dropped)
  wasted slots      0.28% avoidable (plan error)     0.00% unavoidable (system empty)
  served          757.8 Mb/s
  backlog         mean   16.488 Mb   p95   23.555   p99   23.667   max   23.733
    cell0        mean    4.976 Mb   p95    8.138   p99    8.184   max    8.389
    cell1        mean    6.183 Mb   p95    8.162   p99    8.182   max    8.389
    cell2        mean    5.329 Mb   p95    8.143   p99    8.248   max    8.389
    worst cell    max    8.389 Mb   imbalance 1.206 Mb
  forecast MASE   0.9781   slot err 37.404 slots/cell/period
  mismatch        deficit 41.0302 Mb / surplus 9.0742 Mb per cell-period
  (36s)
  saved results_alpha/beam760e6/exp1_gran_a1p04/metrics.csv (28 rows)

==============================================================================
[rep 2] sample_dt = 60s   60000 slots/period   144 periods, start=24 (120 decisions = 7200s measured)
  train: 4200 samples = 252000s (70.00h), generated at 60s bins
  H_meas (local Whittle, test window): c0=1.000  c1=1.000  c2=1.000   [nominal 0.98|0.98|0.98]
    cell0: H_est=0.961   m_train=253.3 vs m_test=249.1 Mb/s (+1.7%)
    cell1: H_est=0.962   m_train=249.7 vs m_test=265.7 Mb/s (-6.0%)
    cell2: H_est=0.946   m_train=251.4 vs m_test=251.6 Mb/s (-0.1%)
      linearP cell0: H_fit=0.955 sum(w)=0.968
      linearP cell1: H_fit=0.950 sum(w)=0.964
      linearP cell2: H_fit=0.950 sum(w)=0.964
      dlinear cell0: val NMSE=0.4679  scaler mu=15234.43 Mb sd=295.22 Mb
      dlinear cell1: val NMSE=0.3470  scaler mu=14946.53 Mb sd=245.23 Mb
      dlinear cell2: val NMSE=0.3961  scaler mu=15088.27 Mb sd=261.44 Mb
    (train gen + fit: 304.6s)

linearp
  loss ratio      1.157e-02   (63848.186 Mb dropped)
  wasted slots      0.33% avoidable (plan error)     0.00% unavoidable (system empty)
  served          757.5 Mb/s
  backlog         mean   16.415 Mb   p95   23.537   p99   23.661   max   23.739
    cell0        mean    5.488 Mb   p95    8.141   p99    8.285   max    8.389
    cell1        mean    5.672 Mb   p95    8.159   p99    8.182   max    8.389
    cell2        mean    5.255 Mb   p95    8.142   p99    8.164   max    8.389
    worst cell    max    8.389 Mb   imbalance 0.417 Mb
  forecast MASE   0.8915   slot err 131.868 slots/cell/period
  mismatch        deficit 157.4899 Mb / surplus 29.6661 Mb per cell-period
  (36s)

dlinear
  loss ratio      1.165e-02   (64305.129 Mb dropped)
  wasted slots      0.33% avoidable (plan error)     0.00% unavoidable (system empty)
  served          757.5 Mb/s
  backlog         mean   16.334 Mb   p95   23.540   p99   23.665   max   23.735
    cell0        mean    5.142 Mb   p95    8.138   p99    8.168   max    8.389
    cell1        mean    6.016 Mb   p95    8.164   p99    8.183   max    8.389
    cell2        mean    5.177 Mb   p95    8.142   p99    8.167   max    8.389
    worst cell    max    8.389 Mb   imbalance 0.874 Mb
  forecast MASE   0.9508   slot err 140.742 slots/cell/period
  mismatch        deficit 158.9887 Mb / surplus 31.1648 Mb per cell-period
  (36s)
  saved results_alpha/beam760e6/exp1_gran_a1p04/metrics.csv (30 rows)

replicate 2 done in 841s

##############################################################################
REPLICATE 3   test seeds [110, 111, 112]   train seeds [500110, 500111, 500112]
test traffic generated in 16.7s   offered 735.1 Mb/s   rho = 0.967

==============================================================================
[rep 3] sample_dt = 0.015s   15 slots/period   576000 periods, start=96000 (480000 decisions = 7200s measured)
  train: 4200 samples = 63s (0.02h), generated at 0.015s bins
  H_meas (local Whittle, test window): c0=0.986  c1=0.982  c2=0.988   [nominal 0.98|0.98|0.98]
    cell0: H_est=1.000   m_train=237.2 vs m_test=245.1 Mb/s (-3.2%)
    cell1: H_est=1.000   m_train=242.0 vs m_test=238.3 Mb/s (+1.5%)
    cell2: H_est=0.908   m_train=247.1 vs m_test=251.7 Mb/s (-1.8%)
      linearP cell0: H_fit=0.990 sum(w)=0.994
      linearP cell1: H_fit=0.985 sum(w)=0.990
      linearP cell2: H_fit=0.995 sum(w)=0.997  <-- GRID EDGE
      dlinear cell0: val NMSE=0.4043  scaler mu=3.56 Mb sd=0.08 Mb
      dlinear cell1: val NMSE=0.4254  scaler mu=3.64 Mb sd=0.09 Mb
      dlinear cell2: val NMSE=0.5368  scaler mu=3.71 Mb sd=0.07 Mb
    (train gen + fit: 1.3s)

linearp
  loss ratio      0.000e+00   (0.000 Mb dropped)
  wasted slots      3.28% avoidable (plan error)     0.00% unavoidable (system empty)
  served          735.1 Mb/s
  backlog         mean    1.096 Mb   p95    1.535   p99    2.404   max   16.912
    cell0        mean    0.336 Mb   p95    0.738   p99    0.999   max    5.964
    cell1        mean    0.364 Mb   p95    0.825   p99    1.021   max    5.919
    cell2        mean    0.395 Mb   p95    0.851   p99    1.164   max    6.803
    worst cell    max    6.803 Mb   imbalance 0.058 Mb
  forecast MASE   0.9380   slot err 0.533 slots/cell/period
  mismatch        deficit 0.1512 Mb / surplus 0.2758 Mb per cell-period
  (75s)

dlinear
  loss ratio      0.000e+00   (0.000 Mb dropped)
  wasted slots      3.28% avoidable (plan error)     0.00% unavoidable (system empty)
  served          735.1 Mb/s
  backlog         mean    1.094 Mb   p95    1.526   p99    2.405   max   16.711
    cell0        mean    0.340 Mb   p95    0.742   p99    1.003   max    5.775
    cell1        mean    0.360 Mb   p95    0.812   p99    1.007   max    5.815
    cell2        mean    0.394 Mb   p95    0.855   p99    1.161   max    6.865
    worst cell    max    6.865 Mb   imbalance 0.055 Mb
  forecast MASE   0.9714   slot err 0.536 slots/cell/period
  mismatch        deficit 0.1522 Mb / surplus 0.2768 Mb per cell-period
  (66s)
  saved results_alpha/beam760e6/exp1_gran_a1p04/metrics.csv (32 rows)

==============================================================================
[rep 3] sample_dt = 0.15s   150 slots/period   57600 periods, start=9600 (48000 decisions = 7200s measured)
  train: 4200 samples = 630s (0.17h), generated at 0.15s bins
  H_meas (local Whittle, test window): c0=0.984  c1=0.985  c2=1.000   [nominal 0.98|0.98|0.98]
    cell0: H_est=1.000   m_train=237.7 vs m_test=245.1 Mb/s (-3.0%)
    cell1: H_est=0.868   m_train=240.7 vs m_test=238.3 Mb/s (+1.0%)
    cell2: H_est=0.997   m_train=248.0 vs m_test=251.7 Mb/s (-1.5%)
      linearP cell0: H_fit=0.975 sum(w)=0.983
      linearP cell1: H_fit=0.970 sum(w)=0.980
      linearP cell2: H_fit=0.980 sum(w)=0.987
      dlinear cell0: val NMSE=0.2605  scaler mu=35.62 Mb sd=0.73 Mb
      dlinear cell1: val NMSE=0.4840  scaler mu=36.14 Mb sd=0.71 Mb
      dlinear cell2: val NMSE=0.4147  scaler mu=37.18 Mb sd=0.80 Mb
    (train gen + fit: 2.1s)

linearp
  loss ratio      0.000e+00   (0.000 Mb dropped)
  wasted slots      3.28% avoidable (plan error)     0.00% unavoidable (system empty)
  served          735.1 Mb/s
  backlog         mean    0.958 Mb   p95    1.472   p99    2.727   max   17.350
    cell0        mean    0.300 Mb   p95    0.729   p99    1.109   max    6.303
    cell1        mean    0.338 Mb   p95    0.749   p99    1.191   max    6.602
    cell2        mean    0.320 Mb   p95    0.669   p99    1.111   max    6.990
    worst cell    max    6.990 Mb   imbalance 0.038 Mb
  forecast MASE   0.9258   slot err 0.589 slots/cell/period
  mismatch        deficit 0.0179 Mb / surplus 1.2635 Mb per cell-period
  (39s)

dlinear
  loss ratio      0.000e+00   (0.000 Mb dropped)
  wasted slots      3.28% avoidable (plan error)     0.00% unavoidable (system empty)
  served          735.1 Mb/s
  backlog         mean    0.958 Mb   p95    1.478   p99    2.730   max   18.105
    cell0        mean    0.301 Mb   p95    0.731   p99    1.086   max    6.296
    cell1        mean    0.331 Mb   p95    0.742   p99    1.154   max    6.586
    cell2        mean    0.325 Mb   p95    0.694   p99    1.121   max    7.296
    worst cell    max    7.296 Mb   imbalance 0.030 Mb
  forecast MASE   0.9351   slot err 0.602 slots/cell/period
  mismatch        deficit 0.0182 Mb / surplus 1.2637 Mb per cell-period
  (39s)
  saved results_alpha/beam760e6/exp1_gran_a1p04/metrics.csv (34 rows)

==============================================================================
[rep 3] sample_dt = 1.5s   1500 slots/period   5760 periods, start=960 (4800 decisions = 7200s measured)
  train: 4200 samples = 6300s (1.75h), generated at 1.5s bins
  H_meas (local Whittle, test window): c0=0.954  c1=0.978  c2=1.000   [nominal 0.98|0.98|0.98]
    cell0: H_est=1.000   m_train=238.0 vs m_test=245.1 Mb/s (-2.9%)
    cell1: H_est=0.987   m_train=242.9 vs m_test=238.3 Mb/s (+1.9%)
    cell2: H_est=1.000   m_train=251.8 vs m_test=251.7 Mb/s (+0.0%)
      linearP cell0: H_fit=0.960 sum(w)=0.972
      linearP cell1: H_fit=0.970 sum(w)=0.980
      linearP cell2: H_fit=0.960 sum(w)=0.972
      dlinear cell0: val NMSE=0.3886  scaler mu=357.79 Mb sd=8.60 Mb
      dlinear cell1: val NMSE=0.3907  scaler mu=365.45 Mb sd=7.78 Mb
      dlinear cell2: val NMSE=0.2828  scaler mu=379.50 Mb sd=7.12 Mb
    (train gen + fit: 8.4s)

linearp
  loss ratio      4.837e-06   (25.602 Mb dropped)
  wasted slots      3.28% avoidable (plan error)     0.00% unavoidable (system empty)
  served          735.1 Mb/s
  backlog         mean    1.129 Mb   p95    2.423   p99    6.323   max   18.315
    cell0        mean    0.366 Mb   p95    0.778   p99    2.769   max    8.389
    cell1        mean    0.398 Mb   p95    0.940   p99    2.782   max    8.389
    cell2        mean    0.365 Mb   p95    0.772   p99    2.680   max    8.201
    worst cell    max    8.389 Mb   imbalance 0.033 Mb
  forecast MASE   0.9193   slot err 3.947 slots/cell/period
  mismatch        deficit 0.0411 Mb / surplus 12.4970 Mb per cell-period
  (37s)

dlinear
  loss ratio      5.036e-06   (26.653 Mb dropped)
  wasted slots      3.28% avoidable (plan error)     0.00% unavoidable (system empty)
  served          735.1 Mb/s
  backlog         mean    1.131 Mb   p95    2.444   p99    6.246   max   18.750
    cell0        mean    0.386 Mb   p95    0.887   p99    3.107   max    8.389
    cell1        mean    0.386 Mb   p95    0.914   p99    2.536   max    8.389
    cell2        mean    0.359 Mb   p95    0.754   p99    2.558   max    8.201
    worst cell    max    8.389 Mb   imbalance 0.026 Mb
  forecast MASE   0.9246   slot err 3.991 slots/cell/period
  mismatch        deficit 0.0420 Mb / surplus 12.4979 Mb per cell-period
  (37s)
  saved results_alpha/beam760e6/exp1_gran_a1p04/metrics.csv (36 rows)

==============================================================================
[rep 3] sample_dt = 15s   15000 slots/period   576 periods, start=96 (480 decisions = 7200s measured)
  train: 4200 samples = 63000s (17.50h), generated at 15s bins
  H_meas (local Whittle, test window): c0=0.918  c1=0.980  c2=1.000   [nominal 0.98|0.98|0.98]
    cell0: H_est=0.940   m_train=239.4 vs m_test=245.1 Mb/s (-2.3%)
    cell1: H_est=0.930   m_train=242.9 vs m_test=238.3 Mb/s (+1.9%)
    cell2: H_est=0.954   m_train=248.1 vs m_test=251.7 Mb/s (-1.4%)
      linearP cell0: H_fit=0.940 sum(w)=0.956
      linearP cell1: H_fit=0.950 sum(w)=0.964
      linearP cell2: H_fit=0.955 sum(w)=0.968
      dlinear cell0: val NMSE=0.4310  scaler mu=3585.37 Mb sd=69.97 Mb
      dlinear cell1: val NMSE=0.4660  scaler mu=3649.25 Mb sd=70.90 Mb
      dlinear cell2: val NMSE=0.4598  scaler mu=3716.75 Mb sd=74.47 Mb
    (train gen + fit: 75.5s)

linearp
  loss ratio      1.269e-04   (671.495 Mb dropped)
  wasted slots      3.29% avoidable (plan error)     0.00% unavoidable (system empty)
  served          735.0 Mb/s
  backlog         mean    1.555 Mb   p95    6.237   p99    8.995   max   16.362
    cell0        mean    0.493 Mb   p95    1.427   p99    6.915   max    8.389
    cell1        mean    0.542 Mb   p95    1.547   p99    7.217   max    8.389
    cell2        mean    0.520 Mb   p95    1.605   p99    7.404   max    8.389
    worst cell    max    8.389 Mb   imbalance 0.049 Mb
  forecast MASE   0.9212   slot err 39.018 slots/cell/period
  mismatch        deficit 0.2622 Mb / surplus 124.8212 Mb per cell-period
  (36s)

dlinear
  loss ratio      1.266e-04   (670.098 Mb dropped)
  wasted slots      3.29% avoidable (plan error)     0.00% unavoidable (system empty)
  served          735.0 Mb/s
  backlog         mean    1.567 Mb   p95    6.362   p99    8.960   max   16.468
    cell0        mean    0.525 Mb   p95    1.765   p99    7.103   max    8.389
    cell1        mean    0.469 Mb   p95    0.993   p99    6.170   max    8.389
    cell2        mean    0.574 Mb   p95    2.201   p99    7.589   max    8.389
    worst cell    max    8.389 Mb   imbalance 0.104 Mb
  forecast MASE   0.9373   slot err 39.826 slots/cell/period
  mismatch        deficit 0.2400 Mb / surplus 124.7990 Mb per cell-period
  (36s)
  saved results_alpha/beam760e6/exp1_gran_a1p04/metrics.csv (38 rows)

==============================================================================
[rep 3] sample_dt = 60s   60000 slots/period   144 periods, start=24 (120 decisions = 7200s measured)
  train: 4200 samples = 252000s (70.00h), generated at 60s bins
  H_meas (local Whittle, test window): c0=0.878  c1=0.840  c2=0.999   [nominal 0.98|0.98|0.98]
    cell0: H_est=0.909   m_train=240.0 vs m_test=245.1 Mb/s (-2.1%)
    cell1: H_est=1.000   m_train=242.7 vs m_test=238.3 Mb/s (+1.8%)
    cell2: H_est=1.000   m_train=252.0 vs m_test=251.7 Mb/s (+0.1%)
      linearP cell0: H_fit=0.950 sum(w)=0.964
      linearP cell1: H_fit=0.950 sum(w)=0.964
      linearP cell2: H_fit=0.960 sum(w)=0.972
      dlinear cell0: val NMSE=0.3584  scaler mu=14439.30 Mb sd=271.44 Mb
      dlinear cell1: val NMSE=0.4133  scaler mu=14507.78 Mb sd=298.77 Mb
      dlinear cell2: val NMSE=0.2606  scaler mu=15111.66 Mb sd=326.36 Mb
    (train gen + fit: 310.6s)

linearp
  loss ratio      2.121e-04   (1122.397 Mb dropped)
  wasted slots      3.30% avoidable (plan error)     0.00% unavoidable (system empty)
  served          734.9 Mb/s
  backlog         mean    1.781 Mb   p95    7.896   p99    9.929   max   16.242
    cell0        mean    0.561 Mb   p95    1.847   p99    7.629   max    8.389
    cell1        mean    0.619 Mb   p95    2.479   p99    7.609   max    8.389
    cell2        mean    0.600 Mb   p95    2.590   p99    7.611   max    8.204
    worst cell    max    8.389 Mb   imbalance 0.058 Mb
  forecast MASE   0.9011   slot err 148.978 slots/cell/period
  mismatch        deficit 0.6661 Mb / surplus 498.9021 Mb per cell-period
  (36s)

dlinear
  loss ratio      2.089e-04   (1105.755 Mb dropped)
  wasted slots      3.30% avoidable (plan error)     0.00% unavoidable (system empty)
  served          734.9 Mb/s
  backlog         mean    1.778 Mb   p95    7.877   p99    9.731   max   16.153
    cell0        mean    0.599 Mb   p95    2.346   p99    7.629   max    8.389
    cell1        mean    0.589 Mb   p95    2.113   p99    7.533   max    8.389
    cell2        mean    0.590 Mb   p95    2.500   p99    7.589   max    8.204
    worst cell    max    8.389 Mb   imbalance 0.010 Mb
  forecast MASE   0.9145   slot err 150.663 slots/cell/period
  mismatch        deficit 0.6140 Mb / surplus 498.8500 Mb per cell-period
  (37s)
  saved results_alpha/beam760e6/exp1_gran_a1p04/metrics.csv (40 rows)

replicate 3 done in 852s

##############################################################################
REPLICATE 4   test seeds [113, 114, 115]   train seeds [500113, 500114, 500115]
test traffic generated in 16.0s   offered 736.0 Mb/s   rho = 0.968

==============================================================================
[rep 4] sample_dt = 0.015s   15 slots/period   576000 periods, start=96000 (480000 decisions = 7200s measured)
  train: 4200 samples = 63s (0.02h), generated at 0.015s bins
  H_meas (local Whittle, test window): c0=0.991  c1=0.993  c2=0.983   [nominal 0.98|0.98|0.98]
    cell0: H_est=0.944   m_train=240.2 vs m_test=233.2 Mb/s (+3.0%)
    cell1: H_est=1.000   m_train=229.3 vs m_test=247.1 Mb/s (-7.2%)
    cell2: H_est=1.000   m_train=261.9 vs m_test=255.7 Mb/s (+2.4%)
      linearP cell0: H_fit=0.980 sum(w)=0.987
      linearP cell1: H_fit=0.995 sum(w)=0.997  <-- GRID EDGE
      linearP cell2: H_fit=0.980 sum(w)=0.987
      dlinear cell0: val NMSE=0.4094  scaler mu=3.60 Mb sd=0.08 Mb
      dlinear cell1: val NMSE=0.3180  scaler mu=3.44 Mb sd=0.08 Mb
      dlinear cell2: val NMSE=0.3547  scaler mu=3.93 Mb sd=0.09 Mb
    (train gen + fit: 1.3s)

linearp
  loss ratio      7.566e-06   (40.094 Mb dropped)
  wasted slots      3.15% avoidable (plan error)     0.00% unavoidable (system empty)
  served          736.0 Mb/s
  backlog         mean    1.203 Mb   p95    1.759   p99    4.179   max   23.109
    cell0        mean    0.360 Mb   p95    0.788   p99    1.295   max    7.926
    cell1        mean    0.385 Mb   p95    0.865   p99    1.458   max    8.309
    cell2        mean    0.457 Mb   p95    0.960   p99    1.613   max    8.389
    worst cell    max    8.389 Mb   imbalance 0.097 Mb
  forecast MASE   0.9376   slot err 0.488 slots/cell/period
  mismatch        deficit 0.1329 Mb / surplus 0.2527 Mb per cell-period
  (73s)

dlinear
  loss ratio      7.661e-06   (40.598 Mb dropped)
  wasted slots      3.15% avoidable (plan error)     0.00% unavoidable (system empty)
  served          736.0 Mb/s
  backlog         mean    1.206 Mb   p95    1.775   p99    4.175   max   23.162
    cell0        mean    0.357 Mb   p95    0.787   p99    1.304   max    7.859
    cell1        mean    0.398 Mb   p95    0.884   p99    1.518   max    8.389
    cell2        mean    0.451 Mb   p95    0.950   p99    1.604   max    8.389
    worst cell    max    8.389 Mb   imbalance 0.095 Mb
  forecast MASE   1.0081   slot err 0.493 slots/cell/period
  mismatch        deficit 0.1346 Mb / surplus 0.2544 Mb per cell-period
  (68s)
  saved results_alpha/beam760e6/exp1_gran_a1p04/metrics.csv (42 rows)

==============================================================================
[rep 4] sample_dt = 0.15s   150 slots/period   57600 periods, start=9600 (48000 decisions = 7200s measured)
  train: 4200 samples = 630s (0.17h), generated at 0.15s bins
  H_meas (local Whittle, test window): c0=0.992  c1=0.994  c2=1.000   [nominal 0.98|0.98|0.98]
    cell0: H_est=0.997   m_train=242.1 vs m_test=233.2 Mb/s (+3.8%)
    cell1: H_est=0.945   m_train=229.0 vs m_test=247.1 Mb/s (-7.3%)
    cell2: H_est=0.977   m_train=260.1 vs m_test=255.7 Mb/s (+1.7%)
      linearP cell0: H_fit=0.970 sum(w)=0.980
      linearP cell1: H_fit=0.965 sum(w)=0.976
      linearP cell2: H_fit=0.960 sum(w)=0.972
      dlinear cell0: val NMSE=0.2812  scaler mu=36.18 Mb sd=0.85 Mb
      dlinear cell1: val NMSE=0.3655  scaler mu=34.47 Mb sd=0.69 Mb
      dlinear cell2: val NMSE=0.4492  scaler mu=39.02 Mb sd=0.82 Mb
    (train gen + fit: 2.1s)

linearp
  loss ratio      7.501e-06   (39.751 Mb dropped)
  wasted slots      3.15% avoidable (plan error)     0.00% unavoidable (system empty)
  served          736.0 Mb/s
  backlog         mean    1.086 Mb   p95    1.759   p99    4.366   max   23.481
    cell0        mean    0.389 Mb   p95    0.768   p99    1.626   max    8.389
    cell1        mean    0.329 Mb   p95    0.752   p99    1.581   max    8.389
    cell2        mean    0.368 Mb   p95    0.714   p99    1.563   max    8.201
    worst cell    max    8.389 Mb   imbalance 0.060 Mb
  forecast MASE   0.9269   slot err 0.570 slots/cell/period
  mismatch        deficit 0.0240 Mb / surplus 1.2224 Mb per cell-period
  (40s)

dlinear
  loss ratio      7.591e-06   (40.226 Mb dropped)
  wasted slots      3.15% avoidable (plan error)     0.00% unavoidable (system empty)
  served          736.0 Mb/s
  backlog         mean    1.090 Mb   p95    1.778   p99    4.480   max   23.487
    cell0        mean    0.384 Mb   p95    0.752   p99    1.584   max    8.389
    cell1        mean    0.342 Mb   p95    0.790   p99    1.714   max    8.389
    cell2        mean    0.364 Mb   p95    0.690   p99    1.538   max    8.201
    worst cell    max    8.389 Mb   imbalance 0.041 Mb
  forecast MASE   0.9468   slot err 0.576 slots/cell/period
  mismatch        deficit 0.0248 Mb / surplus 1.2231 Mb per cell-period
  (40s)
  saved results_alpha/beam760e6/exp1_gran_a1p04/metrics.csv (44 rows)

==============================================================================
[rep 4] sample_dt = 1.5s   1500 slots/period   5760 periods, start=960 (4800 decisions = 7200s measured)
  train: 4200 samples = 6300s (1.75h), generated at 1.5s bins
  H_meas (local Whittle, test window): c0=1.000  c1=1.000  c2=0.948   [nominal 0.98|0.98|0.98]
    cell0: H_est=0.996   m_train=241.1 vs m_test=233.2 Mb/s (+3.4%)
    cell1: H_est=0.942   m_train=231.5 vs m_test=247.1 Mb/s (-6.3%)
    cell2: H_est=0.928   m_train=259.3 vs m_test=255.7 Mb/s (+1.4%)
      linearP cell0: H_fit=0.960 sum(w)=0.972
      linearP cell1: H_fit=0.960 sum(w)=0.972
      linearP cell2: H_fit=0.960 sum(w)=0.972
      dlinear cell0: val NMSE=0.4300  scaler mu=360.25 Mb sd=7.88 Mb
      dlinear cell1: val NMSE=0.4458  scaler mu=348.39 Mb sd=6.66 Mb
      dlinear cell2: val NMSE=0.4685  scaler mu=388.82 Mb sd=7.46 Mb
    (train gen + fit: 7.9s)

linearp
  loss ratio      1.928e-05   (102.163 Mb dropped)
  wasted slots      3.16% avoidable (plan error)     0.00% unavoidable (system empty)
  served          736.0 Mb/s
  backlog         mean    1.346 Mb   p95    3.585   p99    8.697   max   23.509
    cell0        mean    0.487 Mb   p95    1.226   p99    4.246   max    8.389
    cell1        mean    0.427 Mb   p95    1.097   p99    4.058   max    8.389
    cell2        mean    0.432 Mb   p95    1.022   p99    4.107   max    8.201
    worst cell    max    8.389 Mb   imbalance 0.061 Mb
  forecast MASE   0.9197   slot err 3.880 slots/cell/period
  mismatch        deficit 0.0706 Mb / surplus 12.0541 Mb per cell-period
  (37s)

dlinear
  loss ratio      2.210e-05   (117.100 Mb dropped)
  wasted slots      3.16% avoidable (plan error)     0.00% unavoidable (system empty)
  served          736.0 Mb/s
  backlog         mean    1.374 Mb   p95    3.824   p99    8.920   max   23.519
    cell0        mean    0.447 Mb   p95    0.972   p99    3.607   max    8.389
    cell1        mean    0.519 Mb   p95    1.808   p99    5.226   max    8.389
    cell2        mean    0.408 Mb   p95    0.869   p99    3.647   max    8.201
    worst cell    max    8.389 Mb   imbalance 0.111 Mb
  forecast MASE   0.9505   slot err 4.046 slots/cell/period
  mismatch        deficit 0.0760 Mb / surplus 12.0595 Mb per cell-period
  (37s)
  saved results_alpha/beam760e6/exp1_gran_a1p04/metrics.csv (46 rows)

==============================================================================
[rep 4] sample_dt = 15s   15000 slots/period   576 periods, start=96 (480 decisions = 7200s measured)
  train: 4200 samples = 63000s (17.50h), generated at 15s bins
  H_meas (local Whittle, test window): c0=0.985  c1=1.000  c2=0.898   [nominal 0.98|0.98|0.98]
    cell0: H_est=1.000   m_train=245.2 vs m_test=233.2 Mb/s (+5.2%)
    cell1: H_est=1.000   m_train=233.6 vs m_test=247.1 Mb/s (-5.5%)
    cell2: H_est=0.965   m_train=260.6 vs m_test=255.7 Mb/s (+1.9%)
      linearP cell0: H_fit=0.975 sum(w)=0.983
      linearP cell1: H_fit=0.975 sum(w)=0.983
      linearP cell2: H_fit=0.955 sum(w)=0.968
      dlinear cell0: val NMSE=0.4390  scaler mu=3660.89 Mb sd=75.86 Mb
      dlinear cell1: val NMSE=0.4024  scaler mu=3479.41 Mb sd=81.20 Mb
      dlinear cell2: val NMSE=0.4281  scaler mu=3906.26 Mb sd=68.57 Mb
    (train gen + fit: 74.9s)

linearp
  loss ratio      1.582e-04   (838.528 Mb dropped)
  wasted slots      3.17% avoidable (plan error)     0.00% unavoidable (system empty)
  served          735.9 Mb/s
  backlog         mean    1.796 Mb   p95    7.613   p99   11.405   max   23.544
    cell0        mean    0.662 Mb   p95    2.655   p99    7.580   max    8.389
    cell1        mean    0.582 Mb   p95    2.263   p99    7.298   max    8.389
    cell2        mean    0.552 Mb   p95    1.830   p99    7.400   max    8.199
    worst cell    max    8.389 Mb   imbalance 0.109 Mb
  forecast MASE   0.9360   slot err 36.496 slots/cell/period
  mismatch        deficit 0.2389 Mb / surplus 120.0732 Mb per cell-period
  (37s)

dlinear
  loss ratio      1.668e-04   (883.848 Mb dropped)
  wasted slots      3.17% avoidable (plan error)     0.00% unavoidable (system empty)
  served          735.9 Mb/s
  backlog         mean    1.841 Mb   p95    7.857   p99   11.574   max   23.484
    cell0        mean    0.604 Mb   p95    2.115   p99    7.480   max    8.389
    cell1        mean    0.723 Mb   p95    3.856   p99    7.629   max    8.389
    cell2        mean    0.513 Mb   p95    1.426   p99    7.199   max    8.206
    worst cell    max    8.389 Mb   imbalance 0.210 Mb
  forecast MASE   0.9729   slot err 38.071 slots/cell/period
  mismatch        deficit 0.2605 Mb / surplus 120.0949 Mb per cell-period
  (36s)
  saved results_alpha/beam760e6/exp1_gran_a1p04/metrics.csv (48 rows)

==============================================================================
[rep 4] sample_dt = 60s   60000 slots/period   144 periods, start=24 (120 decisions = 7200s measured)
  train: 4200 samples = 252000s (70.00h), generated at 60s bins
  H_meas (local Whittle, test window): c0=0.949  c1=0.923  c2=0.843   [nominal 0.98|0.98|0.98]
    cell0: H_est=0.939   m_train=242.3 vs m_test=233.2 Mb/s (+3.9%)
    cell1: H_est=1.000   m_train=232.7 vs m_test=247.1 Mb/s (-5.8%)
    cell2: H_est=1.000   m_train=262.5 vs m_test=255.7 Mb/s (+2.6%)
      linearP cell0: H_fit=0.955 sum(w)=0.968
      linearP cell1: H_fit=0.945 sum(w)=0.960
      linearP cell2: H_fit=0.930 sum(w)=0.948
      dlinear cell0: val NMSE=0.4055  scaler mu=14584.84 Mb sd=275.66 Mb
      dlinear cell1: val NMSE=0.5070  scaler mu=13986.83 Mb sd=284.37 Mb
      dlinear cell2: val NMSE=0.4503  scaler mu=15752.63 Mb sd=283.23 Mb
    (train gen + fit: 311.6s)

linearp
  loss ratio      2.614e-04   (1385.151 Mb dropped)
  wasted slots      3.18% avoidable (plan error)     0.00% unavoidable (system empty)
  served          735.8 Mb/s
  backlog         mean    2.053 Mb   p95    8.326   p99   11.447   max   21.262
    cell0        mean    0.788 Mb   p95    4.411   p99    7.808   max    8.389
    cell1        mean    0.653 Mb   p95    3.102   p99    7.629   max    8.389
    cell2        mean    0.612 Mb   p95    2.382   p99    7.629   max    8.203
    worst cell    max    8.389 Mb   imbalance 0.176 Mb
  forecast MASE   0.9217   slot err 149.614 slots/cell/period
  mismatch        deficit 0.8243 Mb / surplus 480.1617 Mb per cell-period
  (36s)

dlinear
  loss ratio      2.890e-04   (1531.598 Mb dropped)
  wasted slots      3.18% avoidable (plan error)     0.00% unavoidable (system empty)
  served          735.8 Mb/s
  backlog         mean    2.142 Mb   p95    8.407   p99   11.681   max   23.667
    cell0        mean    0.690 Mb   p95    3.169   p99    7.692   max    8.389
    cell1        mean    0.940 Mb   p95    6.053   p99    7.889   max    8.389
    cell2        mean    0.512 Mb   p95    1.346   p99    7.364   max    8.203
    worst cell    max    8.389 Mb   imbalance 0.428 Mb
  forecast MASE   0.9737   slot err 164.398 slots/cell/period
  mismatch        deficit 0.7483 Mb / surplus 480.0856 Mb per cell-period
  (36s)
  saved results_alpha/beam760e6/exp1_gran_a1p04/metrics.csv (50 rows)

replicate 4 done in 854s

##############################################################################
REPLICATE 5   test seeds [116, 117, 118]   train seeds [500116, 500117, 500118]
test traffic generated in 15.8s   offered 765.5 Mb/s   rho = 1.007

==============================================================================
[rep 5] sample_dt = 0.015s   15 slots/period   576000 periods, start=96000 (480000 decisions = 7200s measured)
  train: 4200 samples = 63s (0.02h), generated at 0.015s bins
  H_meas (local Whittle, test window): c0=0.984  c1=0.982  c2=0.980   [nominal 0.98|0.98|0.98]
    cell0: H_est=0.991   m_train=262.5 vs m_test=260.0 Mb/s (+0.9%)
    cell1: H_est=1.000   m_train=253.5 vs m_test=257.8 Mb/s (-1.7%)
    cell2: H_est=1.000   m_train=244.2 vs m_test=247.7 Mb/s (-1.4%)
      linearP cell0: H_fit=0.980 sum(w)=0.987
      linearP cell1: H_fit=0.985 sum(w)=0.990
      linearP cell2: H_fit=0.980 sum(w)=0.987
      dlinear cell0: val NMSE=0.2583  scaler mu=3.94 Mb sd=0.07 Mb
      dlinear cell1: val NMSE=0.4351  scaler mu=3.81 Mb sd=0.08 Mb
      dlinear cell2: val NMSE=0.4422  scaler mu=3.66 Mb sd=0.09 Mb
    (train gen + fit: 1.1s)

linearp
  loss ratio      8.609e-03   (47447.602 Mb dropped)
  wasted slots      0.14% avoidable (plan error)     0.00% unavoidable (system empty)
  served          758.9 Mb/s
  backlog         mean   17.711 Mb   p95   23.467   p99   23.657   max   23.723
    cell0        mean    5.890 Mb   p95    8.147   p99    8.174   max    8.389
    cell1        mean    5.949 Mb   p95    8.148   p99    8.169   max    8.389
    cell2        mean    5.872 Mb   p95    8.087   p99    8.155   max    8.389
    worst cell    max    8.389 Mb   imbalance 0.076 Mb
  forecast MASE   0.9384   slot err 0.424 slots/cell/period
  mismatch        deficit 0.1789 Mb / surplus 0.1513 Mb per cell-period
  (73s)

dlinear
  loss ratio      8.608e-03   (47445.996 Mb dropped)
  wasted slots      0.14% avoidable (plan error)     0.00% unavoidable (system empty)
  served          758.9 Mb/s
  backlog         mean   17.711 Mb   p95   23.469   p99   23.659   max   23.726
    cell0        mean    5.885 Mb   p95    8.146   p99    8.174   max    8.389
    cell1        mean    5.951 Mb   p95    8.148   p99    8.169   max    8.389
    cell2        mean    5.875 Mb   p95    8.087   p99    8.157   max    8.389
    worst cell    max    8.389 Mb   imbalance 0.077 Mb
  forecast MASE   0.9536   slot err 0.421 slots/cell/period
  mismatch        deficit 0.1780 Mb / surplus 0.1504 Mb per cell-period
  (66s)
  saved results_alpha/beam760e6/exp1_gran_a1p04/metrics.csv (52 rows)

==============================================================================
[rep 5] sample_dt = 0.15s   150 slots/period   57600 periods, start=9600 (48000 decisions = 7200s measured)
  train: 4200 samples = 630s (0.17h), generated at 0.15s bins
  H_meas (local Whittle, test window): c0=0.979  c1=0.959  c2=0.981   [nominal 0.98|0.98|0.98]
    cell0: H_est=1.000   m_train=270.2 vs m_test=260.0 Mb/s (+3.9%)
    cell1: H_est=1.000   m_train=257.0 vs m_test=257.8 Mb/s (-0.3%)
    cell2: H_est=0.987   m_train=245.1 vs m_test=247.7 Mb/s (-1.0%)
      linearP cell0: H_fit=0.975 sum(w)=0.983
      linearP cell1: H_fit=0.965 sum(w)=0.976
      linearP cell2: H_fit=0.970 sum(w)=0.980
      dlinear cell0: val NMSE=0.4421  scaler mu=40.33 Mb sd=0.87 Mb
      dlinear cell1: val NMSE=0.4151  scaler mu=38.48 Mb sd=0.93 Mb
      dlinear cell2: val NMSE=0.2835  scaler mu=36.85 Mb sd=0.79 Mb
    (train gen + fit: 1.9s)

linearp
  loss ratio      8.615e-03   (47485.918 Mb dropped)
  wasted slots      0.14% avoidable (plan error)     0.00% unavoidable (system empty)
  served          758.9 Mb/s
  backlog         mean   17.731 Mb   p95   23.655   p99   23.682   max   23.726
    cell0        mean    5.943 Mb   p95    8.156   p99    8.175   max    8.389
    cell1        mean    5.955 Mb   p95    8.153   p99    8.220   max    8.389
    cell2        mean    5.833 Mb   p95    8.247   p99    8.389   max    8.389
    worst cell    max    8.389 Mb   imbalance 0.122 Mb
  forecast MASE   0.9244   slot err 0.650 slots/cell/period
  mismatch        deficit 0.4785 Mb / surplus 0.2029 Mb per cell-period
  (40s)

dlinear
  loss ratio      8.615e-03   (47484.142 Mb dropped)
  wasted slots      0.14% avoidable (plan error)     0.00% unavoidable (system empty)
  served          758.9 Mb/s
  backlog         mean   17.717 Mb   p95   23.654   p99   23.682   max   23.726
    cell0        mean    5.909 Mb   p95    8.154   p99    8.174   max    8.389
    cell1        mean    5.959 Mb   p95    8.154   p99    8.230   max    8.389
    cell2        mean    5.849 Mb   p95    8.263   p99    8.389   max    8.389
    worst cell    max    8.389 Mb   imbalance 0.111 Mb
  forecast MASE   0.9321   slot err 0.652 slots/cell/period
  mismatch        deficit 0.4791 Mb / surplus 0.2034 Mb per cell-period
  (39s)
  saved results_alpha/beam760e6/exp1_gran_a1p04/metrics.csv (54 rows)

==============================================================================
[rep 5] sample_dt = 1.5s   1500 slots/period   5760 periods, start=960 (4800 decisions = 7200s measured)
  train: 4200 samples = 6300s (1.75h), generated at 1.5s bins
  H_meas (local Whittle, test window): c0=1.000  c1=0.961  c2=0.970   [nominal 0.98|0.98|0.98]
    cell0: H_est=1.000   m_train=268.9 vs m_test=260.0 Mb/s (+3.4%)
    cell1: H_est=1.000   m_train=264.4 vs m_test=257.8 Mb/s (+2.5%)
    cell2: H_est=0.956   m_train=245.4 vs m_test=247.7 Mb/s (-0.9%)
      linearP cell0: H_fit=0.965 sum(w)=0.976
      linearP cell1: H_fit=0.955 sum(w)=0.968
      linearP cell2: H_fit=0.935 sum(w)=0.952
      dlinear cell0: val NMSE=0.2927  scaler mu=402.70 Mb sd=7.41 Mb
      dlinear cell1: val NMSE=0.3950  scaler mu=395.77 Mb sd=9.11 Mb
      dlinear cell2: val NMSE=0.3549  scaler mu=367.72 Mb sd=6.89 Mb
    (train gen + fit: 8.8s)

linearp
  loss ratio      8.871e-03   (48893.853 Mb dropped)
  wasted slots      0.17% avoidable (plan error)     0.00% unavoidable (system empty)
  served          758.7 Mb/s
  backlog         mean   17.104 Mb   p95   23.598   p99   23.674   max   23.725
    cell0        mean    5.745 Mb   p95    8.150   p99    8.171   max    8.389
    cell1        mean    5.746 Mb   p95    8.150   p99    8.170   max    8.389
    cell2        mean    5.613 Mb   p95    8.151   p99    8.389   max    8.389
    worst cell    max    8.389 Mb   imbalance 0.132 Mb
  forecast MASE   0.9230   slot err 3.849 slots/cell/period
  mismatch        deficit 3.9478 Mb / surplus 1.1909 Mb per cell-period
  (37s)

dlinear
  loss ratio      8.874e-03   (48913.389 Mb dropped)
  wasted slots      0.17% avoidable (plan error)     0.00% unavoidable (system empty)
  served          758.7 Mb/s
  backlog         mean   17.115 Mb   p95   23.587   p99   23.673   max   23.723
    cell0        mean    5.593 Mb   p95    8.146   p99    8.170   max    8.389
    cell1        mean    5.670 Mb   p95    8.149   p99    8.169   max    8.389
    cell2        mean    5.852 Mb   p95    8.158   p99    8.389   max    8.389
    worst cell    max    8.389 Mb   imbalance 0.260 Mb
  forecast MASE   0.9324   slot err 3.868 slots/cell/period
  mismatch        deficit 3.9507 Mb / surplus 1.1938 Mb per cell-period
  (36s)
  saved results_alpha/beam760e6/exp1_gran_a1p04/metrics.csv (56 rows)

==============================================================================
[rep 5] sample_dt = 15s   15000 slots/period   576 periods, start=96 (480 decisions = 7200s measured)
  train: 4200 samples = 63000s (17.50h), generated at 15s bins
  H_meas (local Whittle, test window): c0=1.000  c1=0.986  c2=1.000   [nominal 0.98|0.98|0.98]
    cell0: H_est=0.998   m_train=265.1 vs m_test=260.0 Mb/s (+2.0%)
    cell1: H_est=1.000   m_train=255.8 vs m_test=257.8 Mb/s (-0.8%)
    cell2: H_est=1.000   m_train=244.9 vs m_test=247.7 Mb/s (-1.1%)
      linearP cell0: H_fit=0.955 sum(w)=0.968
      linearP cell1: H_fit=0.975 sum(w)=0.983
      linearP cell2: H_fit=0.945 sum(w)=0.960
      dlinear cell0: val NMSE=0.3790  scaler mu=3983.55 Mb sd=66.44 Mb
      dlinear cell1: val NMSE=0.3571  scaler mu=3850.03 Mb sd=102.60 Mb
      dlinear cell2: val NMSE=0.3065  scaler mu=3678.54 Mb sd=83.49 Mb
    (train gen + fit: 85.2s)

linearp
  loss ratio      1.007e-02   (55519.603 Mb dropped)
  wasted slots      0.29% avoidable (plan error)     0.00% unavoidable (system empty)
  served          757.8 Mb/s
  backlog         mean   16.258 Mb   p95   23.524   p99   23.666   max   23.729
    cell0        mean    5.387 Mb   p95    8.153   p99    8.172   max    8.389
    cell1        mean    5.493 Mb   p95    8.151   p99    8.168   max    8.389
    cell2        mean    5.378 Mb   p95    8.137   p99    8.306   max    8.389
    worst cell    max    8.389 Mb   imbalance 0.115 Mb
  forecast MASE   0.9231   slot err 34.268 slots/cell/period
  mismatch        deficit 36.5390 Mb / surplus 8.9705 Mb per cell-period
  (37s)

dlinear
  loss ratio      1.008e-02   (55563.975 Mb dropped)
  wasted slots      0.29% avoidable (plan error)     0.00% unavoidable (system empty)
  served          757.8 Mb/s
  backlog         mean   16.258 Mb   p95   23.522   p99   23.666   max   23.725
    cell0        mean    5.200 Mb   p95    8.151   p99    8.171   max    8.389
    cell1        mean    5.558 Mb   p95    8.151   p99    8.168   max    8.389
    cell2        mean    5.500 Mb   p95    8.137   p99    8.299   max    8.389
    worst cell    max    8.389 Mb   imbalance 0.358 Mb
  forecast MASE   0.9268   slot err 34.424 slots/cell/period
  mismatch        deficit 36.5972 Mb / surplus 9.0288 Mb per cell-period
  (36s)
  saved results_alpha/beam760e6/exp1_gran_a1p04/metrics.csv (58 rows)

==============================================================================
[rep 5] sample_dt = 60s   60000 slots/period   144 periods, start=24 (120 decisions = 7200s measured)
  train: 4200 samples = 252000s (70.00h), generated at 60s bins
  H_meas (local Whittle, test window): c0=0.981  c1=0.977  c2=1.000   [nominal 0.98|0.98|0.98]
    cell0: H_est=0.940   m_train=261.9 vs m_test=260.0 Mb/s (+0.7%)
    cell1: H_est=0.956   m_train=256.2 vs m_test=257.8 Mb/s (-0.7%)
    cell2: H_est=1.000   m_train=245.8 vs m_test=247.7 Mb/s (-0.7%)
      linearP cell0: H_fit=0.940 sum(w)=0.956
      linearP cell1: H_fit=0.945 sum(w)=0.960
      linearP cell2: H_fit=0.960 sum(w)=0.972
      dlinear cell0: val NMSE=0.4788  scaler mu=15691.28 Mb sd=268.93 Mb
      dlinear cell1: val NMSE=0.5551  scaler mu=15349.33 Mb sd=301.79 Mb
      dlinear cell2: val NMSE=0.3771  scaler mu=14778.10 Mb sd=290.30 Mb
    (train gen + fit: 333.2s)

linearp
  loss ratio      1.059e-02   (58357.757 Mb dropped)
  wasted slots      0.34% avoidable (plan error)     0.00% unavoidable (system empty)
  served          757.4 Mb/s
  backlog         mean   15.936 Mb   p95   23.504   p99   23.665   max   23.725
    cell0        mean    5.251 Mb   p95    8.154   p99    8.172   max    8.389
    cell1        mean    5.425 Mb   p95    8.152   p99    8.168   max    8.389
    cell2        mean    5.261 Mb   p95    8.135   p99    8.204   max    8.389
    worst cell    max    8.389 Mb   imbalance 0.174 Mb
  forecast MASE   0.8982   slot err 140.030 slots/cell/period
  mismatch        deficit 140.8583 Mb / surplus 30.5846 Mb per cell-period
  (37s)

dlinear
  loss ratio      1.058e-02   (58288.902 Mb dropped)
  wasted slots      0.34% avoidable (plan error)     0.00% unavoidable (system empty)
  served          757.4 Mb/s
  backlog         mean   15.927 Mb   p95   23.497   p99   23.663   max   23.729
    cell0        mean    5.170 Mb   p95    8.152   p99    8.172   max    8.389
    cell1        mean    5.482 Mb   p95    8.152   p99    8.169   max    8.389
    cell2        mean    5.275 Mb   p95    8.136   p99    8.295   max    8.389
    worst cell    max    8.389 Mb   imbalance 0.312 Mb
  forecast MASE   0.9039   slot err 139.282 slots/cell/period
  mismatch        deficit 140.4950 Mb / surplus 30.2213 Mb per cell-period
  (36s)
  saved results_alpha/beam760e6/exp1_gran_a1p04/metrics.csv (60 rows)

replicate 5 done in 883s

##############################################################################
REPLICATE 6   test seeds [119, 120, 121]   train seeds [500119, 500120, 500121]
test traffic generated in 15.3s   offered 761.5 Mb/s   rho = 1.002

==============================================================================
[rep 6] sample_dt = 0.015s   15 slots/period   576000 periods, start=96000 (480000 decisions = 7200s measured)
  train: 4200 samples = 63s (0.02h), generated at 0.015s bins
  H_meas (local Whittle, test window): c0=0.979  c1=0.980  c2=0.996   [nominal 0.98|0.98|0.98]
    cell0: H_est=1.000   m_train=251.3 vs m_test=250.2 Mb/s (+0.5%)
    cell1: H_est=1.000   m_train=248.5 vs m_test=248.1 Mb/s (+0.1%)
    cell2: H_est=1.000   m_train=252.4 vs m_test=263.1 Mb/s (-4.1%)
      linearP cell0: H_fit=0.980 sum(w)=0.987
      linearP cell1: H_fit=0.980 sum(w)=0.987
      linearP cell2: H_fit=0.995 sum(w)=0.997  <-- GRID EDGE
      dlinear cell0: val NMSE=0.2904  scaler mu=3.78 Mb sd=0.09 Mb
      dlinear cell1: val NMSE=0.3497  scaler mu=3.73 Mb sd=0.08 Mb
      dlinear cell2: val NMSE=0.4405  scaler mu=3.79 Mb sd=0.08 Mb
    (train gen + fit: 1.2s)

linearp
  loss ratio      5.678e-03   (31130.661 Mb dropped)
  wasted slots      0.37% avoidable (plan error)     0.00% unavoidable (system empty)
  served          757.2 Mb/s
  backlog         mean   13.761 Mb   p95   23.363   p99   23.578   max   23.730
    cell0        mean    4.467 Mb   p95    7.892   p99    8.147   max    8.389
    cell1        mean    4.525 Mb   p95    7.901   p99    8.144   max    8.389
    cell2        mean    4.769 Mb   p95    8.156   p99    8.176   max    8.389
    worst cell    max    8.389 Mb   imbalance 0.302 Mb
  forecast MASE   0.9381   slot err 0.447 slots/cell/period
  mismatch        deficit 0.1760 Mb / surplus 0.1685 Mb per cell-period
  (74s)

dlinear
  loss ratio      5.678e-03   (31133.872 Mb dropped)
  wasted slots      0.37% avoidable (plan error)     0.00% unavoidable (system empty)
  served          757.2 Mb/s
  backlog         mean   13.752 Mb   p95   23.355   p99   23.575   max   23.727
    cell0        mean    4.458 Mb   p95    7.890   p99    8.146   max    8.389
    cell1        mean    4.517 Mb   p95    7.899   p99    8.145   max    8.389
    cell2        mean    4.776 Mb   p95    8.156   p99    8.176   max    8.389
    worst cell    max    8.389 Mb   imbalance 0.318 Mb
  forecast MASE   0.9770   slot err 0.448 slots/cell/period
  mismatch        deficit 0.1763 Mb / surplus 0.1688 Mb per cell-period
  (65s)
  saved results_alpha/beam760e6/exp1_gran_a1p04/metrics.csv (62 rows)

==============================================================================
[rep 6] sample_dt = 0.15s   150 slots/period   57600 periods, start=9600 (48000 decisions = 7200s measured)
  train: 4200 samples = 630s (0.17h), generated at 0.15s bins
  H_meas (local Whittle, test window): c0=0.959  c1=0.981  c2=0.987   [nominal 0.98|0.98|0.98]
    cell0: H_est=0.950   m_train=249.4 vs m_test=250.2 Mb/s (-0.3%)
    cell1: H_est=0.972   m_train=247.8 vs m_test=248.1 Mb/s (-0.1%)
    cell2: H_est=0.952   m_train=249.4 vs m_test=263.1 Mb/s (-5.2%)
      linearP cell0: H_fit=0.965 sum(w)=0.976
      linearP cell1: H_fit=0.955 sum(w)=0.968
      linearP cell2: H_fit=0.945 sum(w)=0.960
      dlinear cell0: val NMSE=0.4678  scaler mu=37.33 Mb sd=0.78 Mb
      dlinear cell1: val NMSE=0.3949  scaler mu=37.12 Mb sd=0.74 Mb
      dlinear cell2: val NMSE=0.3933  scaler mu=37.38 Mb sd=0.70 Mb
    (train gen + fit: 1.9s)

linearp
  loss ratio      5.678e-03   (31133.399 Mb dropped)
  wasted slots      0.37% avoidable (plan error)     0.00% unavoidable (system empty)
  served          757.2 Mb/s
  backlog         mean   13.961 Mb   p95   23.599   p99   23.675   max   23.736
    cell0        mean    4.611 Mb   p95    8.143   p99    8.380   max    8.389
    cell1        mean    4.613 Mb   p95    8.154   p99    8.389   max    8.389
    cell2        mean    4.737 Mb   p95    8.152   p99    8.172   max    8.389
    worst cell    max    8.389 Mb   imbalance 0.127 Mb
  forecast MASE   0.9277   slot err 0.650 slots/cell/period
  mismatch        deficit 0.3711 Mb / surplus 0.2960 Mb per cell-period
  (40s)

dlinear
  loss ratio      5.680e-03   (31144.405 Mb dropped)
  wasted slots      0.37% avoidable (plan error)     0.00% unavoidable (system empty)
  served          757.2 Mb/s
  backlog         mean   13.926 Mb   p95   23.596   p99   23.674   max   23.736
    cell0        mean    4.573 Mb   p95    8.137   p99    8.371   max    8.389
    cell1        mean    4.573 Mb   p95    8.148   p99    8.387   max    8.389
    cell2        mean    4.780 Mb   p95    8.156   p99    8.174   max    8.389
    worst cell    max    8.389 Mb   imbalance 0.207 Mb
  forecast MASE   0.9549   slot err 0.664 slots/cell/period
  mismatch        deficit 0.3735 Mb / surplus 0.2984 Mb per cell-period
  (39s)
  saved results_alpha/beam760e6/exp1_gran_a1p04/metrics.csv (64 rows)

==============================================================================
[rep 6] sample_dt = 1.5s   1500 slots/period   5760 periods, start=960 (4800 decisions = 7200s measured)
  train: 4200 samples = 6300s (1.75h), generated at 1.5s bins
  H_meas (local Whittle, test window): c0=0.983  c1=0.958  c2=1.000   [nominal 0.98|0.98|0.98]
    cell0: H_est=0.983   m_train=249.6 vs m_test=250.2 Mb/s (-0.3%)
    cell1: H_est=0.980   m_train=246.1 vs m_test=248.1 Mb/s (-0.8%)
    cell2: H_est=0.922   m_train=250.7 vs m_test=263.1 Mb/s (-4.7%)
      linearP cell0: H_fit=0.950 sum(w)=0.964
      linearP cell1: H_fit=0.960 sum(w)=0.972
      linearP cell2: H_fit=0.935 sum(w)=0.952
      dlinear cell0: val NMSE=0.5237  scaler mu=376.01 Mb sd=7.84 Mb
      dlinear cell1: val NMSE=0.4237  scaler mu=368.05 Mb sd=7.05 Mb
      dlinear cell2: val NMSE=0.3505  scaler mu=375.34 Mb sd=6.49 Mb
    (train gen + fit: 7.7s)

linearp
  loss ratio      5.938e-03   (32555.619 Mb dropped)
  wasted slots      0.40% avoidable (plan error)     0.00% unavoidable (system empty)
  served          757.0 Mb/s
  backlog         mean   13.776 Mb   p95   23.521   p99   23.660   max   23.731
    cell0        mean    4.572 Mb   p95    8.140   p99    8.297   max    8.389
    cell1        mean    4.582 Mb   p95    8.139   p99    8.380   max    8.389
    cell2        mean    4.622 Mb   p95    8.035   p99    8.170   max    8.389
    worst cell    max    8.389 Mb   imbalance 0.050 Mb
  forecast MASE   0.9228   slot err 3.869 slots/cell/period
  mismatch        deficit 2.8434 Mb / surplus 2.0924 Mb per cell-period
  (37s)

dlinear
  loss ratio      5.946e-03   (32602.133 Mb dropped)
  wasted slots      0.40% avoidable (plan error)     0.00% unavoidable (system empty)
  served          757.0 Mb/s
  backlog         mean   13.756 Mb   p95   23.520   p99   23.660   max   23.731
    cell0        mean    4.437 Mb   p95    8.137   p99    8.238   max    8.389
    cell1        mean    4.534 Mb   p95    8.138   p99    8.378   max    8.389
    cell2        mean    4.785 Mb   p95    8.055   p99    8.171   max    8.389
    worst cell    max    8.389 Mb   imbalance 0.348 Mb
  forecast MASE   0.9331   slot err 3.894 slots/cell/period
  mismatch        deficit 2.8474 Mb / surplus 2.0965 Mb per cell-period
  (37s)
  saved results_alpha/beam760e6/exp1_gran_a1p04/metrics.csv (66 rows)

==============================================================================
[rep 6] sample_dt = 15s   15000 slots/period   576 periods, start=96 (480 decisions = 7200s measured)
  train: 4200 samples = 63000s (17.50h), generated at 15s bins
  H_meas (local Whittle, test window): c0=1.000  c1=0.853  c2=0.922   [nominal 0.98|0.98|0.98]
    cell0: H_est=0.984   m_train=251.6 vs m_test=250.2 Mb/s (+0.6%)
    cell1: H_est=0.972   m_train=249.3 vs m_test=248.1 Mb/s (+0.5%)
    cell2: H_est=0.910   m_train=249.6 vs m_test=263.1 Mb/s (-5.1%)
      linearP cell0: H_fit=0.935 sum(w)=0.952
      linearP cell1: H_fit=0.945 sum(w)=0.960
      linearP cell2: H_fit=0.980 sum(w)=0.987
      dlinear cell0: val NMSE=0.4433  scaler mu=3784.82 Mb sd=68.49 Mb
      dlinear cell1: val NMSE=0.4402  scaler mu=3749.69 Mb sd=72.09 Mb
      dlinear cell2: val NMSE=0.3568  scaler mu=3739.96 Mb sd=69.40 Mb
    (train gen + fit: 71.7s)

linearp
  loss ratio      7.196e-03   (39453.511 Mb dropped)
  wasted slots      0.52% avoidable (plan error)     0.00% unavoidable (system empty)
  served          756.0 Mb/s
  backlog         mean   13.438 Mb   p95   23.400   p99   23.624   max   23.740
    cell0        mean    4.469 Mb   p95    8.137   p99    8.160   max    8.389
    cell1        mean    4.505 Mb   p95    8.133   p99    8.171   max    8.389
    cell2        mean    4.464 Mb   p95    8.074   p99    8.173   max    8.217
    worst cell    max    8.389 Mb   imbalance 0.041 Mb
  forecast MASE   0.9076   slot err 35.198 slots/cell/period
  mismatch        deficit 25.1819 Mb / surplus 17.6726 Mb per cell-period
  (36s)

dlinear
  loss ratio      7.255e-03   (39778.930 Mb dropped)
  wasted slots      0.53% avoidable (plan error)     0.00% unavoidable (system empty)
  served          756.0 Mb/s
  backlog         mean   13.417 Mb   p95   23.396   p99   23.628   max   23.729
    cell0        mean    4.203 Mb   p95    8.131   p99    8.157   max    8.389
    cell1        mean    4.214 Mb   p95    8.128   p99    8.161   max    8.389
    cell2        mean    4.999 Mb   p95    8.138   p99    8.175   max    8.389
    worst cell    max    8.389 Mb   imbalance 0.797 Mb
  forecast MASE   0.9283   slot err 36.527 slots/cell/period
  mismatch        deficit 25.4515 Mb / surplus 17.9422 Mb per cell-period
  (36s)
  saved results_alpha/beam760e6/exp1_gran_a1p04/metrics.csv (68 rows)

==============================================================================
[rep 6] sample_dt = 60s   60000 slots/period   144 periods, start=24 (120 decisions = 7200s measured)
  train: 4200 samples = 252000s (70.00h), generated at 60s bins
  H_meas (local Whittle, test window): c0=1.000  c1=0.964  c2=0.944   [nominal 0.98|0.98|0.98]
    cell0: H_est=0.940   m_train=251.8 vs m_test=250.2 Mb/s (+0.6%)
    cell1: H_est=0.898   m_train=247.6 vs m_test=248.1 Mb/s (-0.2%)
    cell2: H_est=0.967   m_train=249.3 vs m_test=263.1 Mb/s (-5.2%)
      linearP cell0: H_fit=0.940 sum(w)=0.956
      linearP cell1: H_fit=0.950 sum(w)=0.964
      linearP cell2: H_fit=0.955 sum(w)=0.968
      dlinear cell0: val NMSE=0.5113  scaler mu=15085.97 Mb sd=276.93 Mb
      dlinear cell1: val NMSE=0.4561  scaler mu=14868.74 Mb sd=254.01 Mb
      dlinear cell2: val NMSE=0.3079  scaler mu=14977.10 Mb sd=298.60 Mb
    (train gen + fit: 302.8s)

linearp
  loss ratio      7.687e-03   (42148.779 Mb dropped)
  wasted slots      0.57% avoidable (plan error)     0.00% unavoidable (system empty)
  served          755.6 Mb/s
  backlog         mean   13.379 Mb   p95   23.336   p99   23.613   max   23.727
    cell0        mean    4.408 Mb   p95    8.137   p99    8.158   max    8.389
    cell1        mean    4.551 Mb   p95    8.132   p99    8.158   max    8.389
    cell2        mean    4.420 Mb   p95    8.096   p99    8.175   max    8.220
    worst cell    max    8.389 Mb   imbalance 0.144 Mb
  forecast MASE   0.8832   slot err 132.561 slots/cell/period
  mismatch        deficit 94.3183 Mb / surplus 64.2809 Mb per cell-period
  (36s)

dlinear
  loss ratio      7.703e-03   (42234.013 Mb dropped)
  wasted slots      0.57% avoidable (plan error)     0.00% unavoidable (system empty)
  served          755.6 Mb/s
  backlog         mean   13.368 Mb   p95   23.331   p99   23.617   max   23.733
    cell0        mean    4.271 Mb   p95    8.138   p99    8.162   max    8.389
    cell1        mean    4.478 Mb   p95    8.132   p99    8.159   max    8.389
    cell2        mean    4.619 Mb   p95    8.111   p99    8.175   max    8.223
    worst cell    max    8.389 Mb   imbalance 0.348 Mb
  forecast MASE   0.8874   slot err 134.892 slots/cell/period
  mismatch        deficit 95.0237 Mb / surplus 64.9863 Mb per cell-period
  (36s)
  saved results_alpha/beam760e6/exp1_gran_a1p04/metrics.csv (70 rows)

replicate 6 done in 836s

##############################################################################
REPLICATE 7   test seeds [122, 123, 124]   train seeds [500122, 500123, 500124]
test traffic generated in 17.4s   offered 770.2 Mb/s   rho = 1.013

==============================================================================
[rep 7] sample_dt = 0.015s   15 slots/period   576000 periods, start=96000 (480000 decisions = 7200s measured)
  train: 4200 samples = 63s (0.02h), generated at 0.015s bins
  H_meas (local Whittle, test window): c0=0.983  c1=1.000  c2=0.967   [nominal 0.98|0.98|0.98]
    cell0: H_est=1.000   m_train=260.9 vs m_test=249.0 Mb/s (+4.8%)
    cell1: H_est=0.978   m_train=236.3 vs m_test=252.8 Mb/s (-6.5%)
    cell2: H_est=1.000   m_train=223.3 vs m_test=268.4 Mb/s (-16.8%)
      linearP cell0: H_fit=0.995 sum(w)=0.997  <-- GRID EDGE
      linearP cell1: H_fit=0.990 sum(w)=0.994
      linearP cell2: H_fit=0.970 sum(w)=0.980
      dlinear cell0: val NMSE=0.2941  scaler mu=3.91 Mb sd=0.08 Mb
      dlinear cell1: val NMSE=0.4430  scaler mu=3.55 Mb sd=0.09 Mb
      dlinear cell2: val NMSE=0.3558  scaler mu=3.34 Mb sd=0.07 Mb
    (train gen + fit: 1.7s)

linearp
  loss ratio      1.388e-02   (76976.603 Mb dropped)
  wasted slots      0.07% avoidable (plan error)     0.00% unavoidable (system empty)
  served          759.5 Mb/s
  backlog         mean   19.801 Mb   p95   23.522   p99   23.669   max   23.736
    cell0        mean    6.399 Mb   p95    7.989   p99    8.150   max    8.389
    cell1        mean    6.579 Mb   p95    8.138   p99    8.166   max    8.389
    cell2        mean    6.823 Mb   p95    8.175   p99    8.189   max    8.389
    worst cell    max    8.389 Mb   imbalance 0.424 Mb
  forecast MASE   0.9378   slot err 0.418 slots/cell/period
  mismatch        deficit 0.1875 Mb / surplus 0.1367 Mb per cell-period
  (73s)

dlinear
  loss ratio      1.388e-02   (76980.999 Mb dropped)
  wasted slots      0.07% avoidable (plan error)     0.00% unavoidable (system empty)
  served          759.5 Mb/s
  backlog         mean   19.764 Mb   p95   23.503   p99   23.665   max   23.739
    cell0        mean    6.365 Mb   p95    7.963   p99    8.149   max    8.389
    cell1        mean    6.572 Mb   p95    8.138   p99    8.168   max    8.389
    cell2        mean    6.827 Mb   p95    8.174   p99    8.189   max    8.389
    worst cell    max    8.389 Mb   imbalance 0.461 Mb
  forecast MASE   1.1470   slot err 0.423 slots/cell/period
  mismatch        deficit 0.1892 Mb / surplus 0.1384 Mb per cell-period
  (68s)
  saved results_alpha/beam760e6/exp1_gran_a1p04/metrics.csv (72 rows)

==============================================================================
[rep 7] sample_dt = 0.15s   150 slots/period   57600 periods, start=9600 (48000 decisions = 7200s measured)
  train: 4200 samples = 630s (0.17h), generated at 0.15s bins
  H_meas (local Whittle, test window): c0=1.000  c1=1.000  c2=0.969   [nominal 0.98|0.98|0.98]
    cell0: H_est=1.000   m_train=262.0 vs m_test=249.0 Mb/s (+5.2%)
    cell1: H_est=0.948   m_train=235.0 vs m_test=252.8 Mb/s (-7.0%)
    cell2: H_est=0.998   m_train=226.9 vs m_test=268.4 Mb/s (-15.4%)
      linearP cell0: H_fit=0.965 sum(w)=0.976
      linearP cell1: H_fit=0.960 sum(w)=0.972
      linearP cell2: H_fit=0.965 sum(w)=0.976
      dlinear cell0: val NMSE=0.4276  scaler mu=39.20 Mb sd=0.92 Mb
      dlinear cell1: val NMSE=0.4686  scaler mu=35.24 Mb sd=0.86 Mb
      dlinear cell2: val NMSE=0.4600  scaler mu=33.99 Mb sd=0.73 Mb
    (train gen + fit: 2.1s)

linearp
  loss ratio      1.388e-02   (76978.173 Mb dropped)
  wasted slots      0.07% avoidable (plan error)     0.00% unavoidable (system empty)
  served          759.5 Mb/s
  backlog         mean   20.158 Mb   p95   23.671   p99   23.693   max   23.741
    cell0        mean    6.646 Mb   p95    8.312   p99    8.389   max    8.389
    cell1        mean    6.715 Mb   p95    8.318   p99    8.389   max    8.389
    cell2        mean    6.797 Mb   p95    8.167   p99    8.180   max    8.389
    worst cell    max    8.389 Mb   imbalance 0.151 Mb
  forecast MASE   0.9263   slot err 0.653 slots/cell/period
  mismatch        deficit 0.6472 Mb / surplus 0.1393 Mb per cell-period
  (40s)

dlinear
  loss ratio      1.389e-02   (77024.842 Mb dropped)
  wasted slots      0.07% avoidable (plan error)     0.00% unavoidable (system empty)
  served          759.5 Mb/s
  backlog         mean   19.955 Mb   p95   23.671   p99   23.693   max   23.741
    cell0        mean    6.438 Mb   p95    8.181   p99    8.389   max    8.389
    cell1        mean    6.644 Mb   p95    8.280   p99    8.389   max    8.389
    cell2        mean    6.873 Mb   p95    8.172   p99    8.185   max    8.389
    worst cell    max    8.389 Mb   imbalance 0.435 Mb
  forecast MASE   1.2548   slot err 0.748 slots/cell/period
  mismatch        deficit 0.6637 Mb / surplus 0.1558 Mb per cell-period
  (40s)
  saved results_alpha/beam760e6/exp1_gran_a1p04/metrics.csv (74 rows)

==============================================================================
[rep 7] sample_dt = 1.5s   1500 slots/period   5760 periods, start=960 (4800 decisions = 7200s measured)
  train: 4200 samples = 6300s (1.75h), generated at 1.5s bins
  H_meas (local Whittle, test window): c0=0.994  c1=1.000  c2=0.943   [nominal 0.98|0.98|0.98]
    cell0: H_est=0.973   m_train=261.7 vs m_test=249.0 Mb/s (+5.1%)
    cell1: H_est=0.990   m_train=234.0 vs m_test=252.8 Mb/s (-7.5%)
    cell2: H_est=0.979   m_train=232.1 vs m_test=268.4 Mb/s (-13.5%)
      linearP cell0: H_fit=0.970 sum(w)=0.980
      linearP cell1: H_fit=0.940 sum(w)=0.956
      linearP cell2: H_fit=0.965 sum(w)=0.976
      dlinear cell0: val NMSE=0.4348  scaler mu=393.28 Mb sd=8.07 Mb
      dlinear cell1: val NMSE=0.3859  scaler mu=350.98 Mb sd=6.87 Mb
      dlinear cell2: val NMSE=0.4707  scaler mu=348.55 Mb sd=8.56 Mb
    (train gen + fit: 8.0s)

linearp
  loss ratio      1.403e-02   (77809.302 Mb dropped)
  wasted slots      0.09% avoidable (plan error)     0.00% unavoidable (system empty)
  served          759.3 Mb/s
  backlog         mean   19.510 Mb   p95   23.651   p99   23.685   max   23.746
    cell0        mean    6.463 Mb   p95    8.156   p99    8.389   max    8.389
    cell1        mean    6.465 Mb   p95    8.159   p99    8.389   max    8.389
    cell2        mean    6.582 Mb   p95    8.154   p99    8.183   max    8.389
    worst cell    max    8.389 Mb   imbalance 0.119 Mb
  forecast MASE   0.9208   slot err 3.972 slots/cell/period
  mismatch        deficit 5.8063 Mb / surplus 0.7265 Mb per cell-period
  (36s)

dlinear
  loss ratio      1.417e-02   (78593.165 Mb dropped)
  wasted slots      0.10% avoidable (plan error)     0.00% unavoidable (system empty)
  served          759.2 Mb/s
  backlog         mean   19.125 Mb   p95   23.653   p99   23.686   max   23.746
    cell0        mean    5.518 Mb   p95    8.145   p99    8.374   max    8.389
    cell1        mean    6.626 Mb   p95    8.166   p99    8.389   max    8.389
    cell2        mean    6.980 Mb   p95    8.165   p99    8.185   max    8.389
    worst cell    max    8.389 Mb   imbalance 1.463 Mb
  forecast MASE   1.1412   slot err 4.538 slots/cell/period
  mismatch        deficit 5.8851 Mb / surplus 0.8052 Mb per cell-period
  (36s)
  saved results_alpha/beam760e6/exp1_gran_a1p04/metrics.csv (76 rows)

==============================================================================
[rep 7] sample_dt = 15s   15000 slots/period   576 periods, start=96 (480 decisions = 7200s measured)
  train: 4200 samples = 63000s (17.50h), generated at 15s bins
  H_meas (local Whittle, test window): c0=1.000  c1=1.000  c2=0.937   [nominal 0.98|0.98|0.98]
    cell0: H_est=0.967   m_train=258.3 vs m_test=249.0 Mb/s (+3.7%)
    cell1: H_est=0.977   m_train=236.3 vs m_test=252.8 Mb/s (-6.5%)
    cell2: H_est=0.988   m_train=231.1 vs m_test=268.4 Mb/s (-13.9%)
      linearP cell0: H_fit=0.945 sum(w)=0.960
      linearP cell1: H_fit=0.955 sum(w)=0.968
      linearP cell2: H_fit=0.955 sum(w)=0.968
      dlinear cell0: val NMSE=0.4485  scaler mu=3878.87 Mb sd=69.11 Mb
      dlinear cell1: val NMSE=0.3131  scaler mu=3549.06 Mb sd=69.03 Mb
      dlinear cell2: val NMSE=0.4991  scaler mu=3470.22 Mb sd=75.97 Mb
    (train gen + fit: 73.2s)

linearp
  loss ratio      1.492e-02   (82742.072 Mb dropped)
  wasted slots      0.18% avoidable (plan error)     0.00% unavoidable (system empty)
  served          758.7 Mb/s
  backlog         mean   18.536 Mb   p95   23.619   p99   23.680   max   23.742
    cell0        mean    6.144 Mb   p95    8.144   p99    8.355   max    8.389
    cell1        mean    6.142 Mb   p95    8.151   p99    8.321   max    8.389
    cell2        mean    6.250 Mb   p95    8.164   p99    8.185   max    8.239
    worst cell    max    8.389 Mb   imbalance 0.108 Mb
  forecast MASE   0.9074   slot err 35.390 slots/cell/period
  mismatch        deficit 55.8807 Mb / surplus 5.0824 Mb per cell-period
  (36s)

dlinear
  loss ratio      1.516e-02   (84040.922 Mb dropped)
  wasted slots      0.20% avoidable (plan error)     0.00% unavoidable (system empty)
  served          758.5 Mb/s
  backlog         mean   18.307 Mb   p95   23.628   p99   23.681   max   23.746
    cell0        mean    5.211 Mb   p95    8.141   p99    8.258   max    8.389
    cell1        mean    6.276 Mb   p95    8.151   p99    8.328   max    8.389
    cell2        mean    6.820 Mb   p95    8.169   p99    8.186   max    8.236
    worst cell    max    8.389 Mb   imbalance 1.609 Mb
  forecast MASE   1.0366   slot err 40.154 slots/cell/period
  mismatch        deficit 56.7525 Mb / surplus 5.9543 Mb per cell-period
  (36s)
  saved results_alpha/beam760e6/exp1_gran_a1p04/metrics.csv (78 rows)

==============================================================================
[rep 7] sample_dt = 60s   60000 slots/period   144 periods, start=24 (120 decisions = 7200s measured)
  train: 4200 samples = 252000s (70.00h), generated at 60s bins
  H_meas (local Whittle, test window): c0=1.000  c1=0.929  c2=1.000   [nominal 0.98|0.98|0.98]
    cell0: H_est=0.983   m_train=258.6 vs m_test=249.0 Mb/s (+3.9%)
    cell1: H_est=1.000   m_train=233.0 vs m_test=252.8 Mb/s (-7.8%)
    cell2: H_est=0.919   m_train=231.3 vs m_test=268.4 Mb/s (-13.8%)
      linearP cell0: H_fit=0.955 sum(w)=0.968
      linearP cell1: H_fit=0.955 sum(w)=0.968
      linearP cell2: H_fit=0.940 sum(w)=0.956
      dlinear cell0: val NMSE=0.5233  scaler mu=15469.11 Mb sd=292.69 Mb
      dlinear cell1: val NMSE=0.3832  scaler mu=13930.94 Mb sd=293.79 Mb
      dlinear cell2: val NMSE=0.3897  scaler mu=13858.68 Mb sd=243.61 Mb
    (train gen + fit: 286.5s)

linearp
  loss ratio      1.530e-02   (84837.611 Mb dropped)
  wasted slots      0.21% avoidable (plan error)     0.00% unavoidable (system empty)
  served          758.4 Mb/s
  backlog         mean   18.207 Mb   p95   23.610   p99   23.679   max   23.740
    cell0        mean    5.962 Mb   p95    8.143   p99    8.310   max    8.389
    cell1        mean    6.091 Mb   p95    8.150   p99    8.221   max    8.389
    cell2        mean    6.155 Mb   p95    8.165   p99    8.186   max    8.241
    worst cell    max    8.389 Mb   imbalance 0.193 Mb
  forecast MASE   0.9692   slot err 140.509 slots/cell/period
  mismatch        deficit 219.7135 Mb / surplus 16.5205 Mb per cell-period
  (36s)

dlinear
  loss ratio      1.563e-02   (86673.141 Mb dropped)
  wasted slots      0.25% avoidable (plan error)     0.00% unavoidable (system empty)
  served          758.1 Mb/s
  backlog         mean   17.954 Mb   p95   23.623   p99   23.681   max   23.742
    cell0        mean    5.096 Mb   p95    8.141   p99    8.252   max    8.389
    cell1        mean    5.911 Mb   p95    8.149   p99    8.179   max    8.389
    cell2        mean    6.947 Mb   p95    8.171   p99    8.187   max    8.241
    worst cell    max    8.389 Mb   imbalance 1.851 Mb
  forecast MASE   1.1943   slot err 163.796 slots/cell/period
  mismatch        deficit 224.4708 Mb / surplus 21.2779 Mb per cell-period
  (36s)
  saved results_alpha/beam760e6/exp1_gran_a1p04/metrics.csv (80 rows)

replicate 7 done in 827s

##############################################################################
REPLICATE 8   test seeds [125, 126, 127]   train seeds [500125, 500126, 500127]
test traffic generated in 16.5s   offered 744.1 Mb/s   rho = 0.979

==============================================================================
[rep 8] sample_dt = 0.015s   15 slots/period   576000 periods, start=96000 (480000 decisions = 7200s measured)
  train: 4200 samples = 63s (0.02h), generated at 0.015s bins
  H_meas (local Whittle, test window): c0=0.984  c1=0.986  c2=0.988   [nominal 0.98|0.98|0.98]
    cell0: H_est=0.991   m_train=240.5 vs m_test=242.2 Mb/s (-0.7%)
    cell1: H_est=1.000   m_train=256.1 vs m_test=241.9 Mb/s (+5.9%)
    cell2: H_est=1.000   m_train=249.3 vs m_test=259.9 Mb/s (-4.1%)
      linearP cell0: H_fit=0.995 sum(w)=0.997  <-- GRID EDGE
      linearP cell1: H_fit=0.990 sum(w)=0.994
      linearP cell2: H_fit=0.995 sum(w)=0.997  <-- GRID EDGE
      dlinear cell0: val NMSE=0.3186  scaler mu=3.61 Mb sd=0.07 Mb
      dlinear cell1: val NMSE=0.3473  scaler mu=3.82 Mb sd=0.11 Mb
      dlinear cell2: val NMSE=0.3217  scaler mu=3.74 Mb sd=0.10 Mb
    (train gen + fit: 1.3s)

linearp
  loss ratio      1.126e-04   (603.281 Mb dropped)
  wasted slots      2.10% avoidable (plan error)     0.00% unavoidable (system empty)
  served          744.0 Mb/s
  backlog         mean    2.178 Mb   p95    8.423   p99   21.605   max   23.706
    cell0        mean    0.665 Mb   p95    2.658   p99    6.880   max    8.389
    cell1        mean    0.709 Mb   p95    2.743   p99    7.049   max    8.389
    cell2        mean    0.804 Mb   p95    3.090   p99    7.587   max    8.389
    worst cell    max    8.389 Mb   imbalance 0.139 Mb
  forecast MASE   0.9371   slot err 0.516 slots/cell/period
  mismatch        deficit 0.1627 Mb / surplus 0.2421 Mb per cell-period
  (73s)

dlinear
  loss ratio      1.125e-04   (602.686 Mb dropped)
  wasted slots      2.10% avoidable (plan error)     0.00% unavoidable (system empty)
  served          744.0 Mb/s
  backlog         mean    2.175 Mb   p95    8.426   p99   21.568   max   23.700
    cell0        mean    0.665 Mb   p95    2.644   p99    6.881   max    8.389
    cell1        mean    0.704 Mb   p95    2.705   p99    7.033   max    8.389
    cell2        mean    0.806 Mb   p95    3.074   p99    7.622   max    8.389
    worst cell    max    8.389 Mb   imbalance 0.142 Mb
  forecast MASE   0.9463   slot err 0.518 slots/cell/period
  mismatch        deficit 0.1635 Mb / surplus 0.2428 Mb per cell-period
  (66s)
  saved results_alpha/beam760e6/exp1_gran_a1p04/metrics.csv (82 rows)

==============================================================================
[rep 8] sample_dt = 0.15s   150 slots/period   57600 periods, start=9600 (48000 decisions = 7200s measured)
  train: 4200 samples = 630s (0.17h), generated at 0.15s bins
  H_meas (local Whittle, test window): c0=0.972  c1=0.971  c2=0.995   [nominal 0.98|0.98|0.98]
    cell0: H_est=0.995   m_train=243.5 vs m_test=242.2 Mb/s (+0.5%)
    cell1: H_est=1.000   m_train=257.3 vs m_test=241.9 Mb/s (+6.3%)
    cell2: H_est=0.997   m_train=244.0 vs m_test=259.9 Mb/s (-6.1%)
      linearP cell0: H_fit=0.970 sum(w)=0.980
      linearP cell1: H_fit=0.965 sum(w)=0.976
      linearP cell2: H_fit=0.970 sum(w)=0.980
      dlinear cell0: val NMSE=0.3344  scaler mu=36.48 Mb sd=0.88 Mb
      dlinear cell1: val NMSE=0.4668  scaler mu=38.60 Mb sd=0.83 Mb
      dlinear cell2: val NMSE=0.4493  scaler mu=36.67 Mb sd=0.95 Mb
    (train gen + fit: 2.0s)

linearp
  loss ratio      1.117e-04   (598.648 Mb dropped)
  wasted slots      2.10% avoidable (plan error)     0.00% unavoidable (system empty)
  served          744.0 Mb/s
  backlog         mean    2.103 Mb   p95    8.753   p99   22.128   max   23.710
    cell0        mean    0.673 Mb   p95    2.921   p99    7.345   max    8.389
    cell1        mean    0.690 Mb   p95    2.976   p99    7.417   max    8.389
    cell2        mean    0.740 Mb   p95    2.933   p99    7.282   max    8.311
    worst cell    max    8.389 Mb   imbalance 0.067 Mb
  forecast MASE   0.9261   slot err 0.599 slots/cell/period
  mismatch        deficit 0.0677 Mb / surplus 0.8612 Mb per cell-period
  (40s)

dlinear
  loss ratio      1.135e-04   (608.044 Mb dropped)
  wasted slots      2.10% avoidable (plan error)     0.00% unavoidable (system empty)
  served          744.0 Mb/s
  backlog         mean    2.115 Mb   p95    8.787   p99   21.852   max   23.706
    cell0        mean    0.679 Mb   p95    2.958   p99    7.249   max    8.389
    cell1        mean    0.637 Mb   p95    2.793   p99    7.156   max    8.389
    cell2        mean    0.800 Mb   p95    3.183   p99    7.388   max    8.211
    worst cell    max    8.389 Mb   imbalance 0.163 Mb
  forecast MASE   1.0056   slot err 0.641 slots/cell/period
  mismatch        deficit 0.0718 Mb / surplus 0.8654 Mb per cell-period
  (39s)
  saved results_alpha/beam760e6/exp1_gran_a1p04/metrics.csv (84 rows)

==============================================================================
[rep 8] sample_dt = 1.5s   1500 slots/period   5760 periods, start=960 (4800 decisions = 7200s measured)
  train: 4200 samples = 6300s (1.75h), generated at 1.5s bins
  H_meas (local Whittle, test window): c0=0.960  c1=0.981  c2=1.000   [nominal 0.98|0.98|0.98]
    cell0: H_est=0.992   m_train=244.9 vs m_test=242.2 Mb/s (+1.1%)
    cell1: H_est=1.000   m_train=253.9 vs m_test=241.9 Mb/s (+4.9%)
    cell2: H_est=0.940   m_train=248.8 vs m_test=259.9 Mb/s (-4.3%)
      linearP cell0: H_fit=0.945 sum(w)=0.960
      linearP cell1: H_fit=0.955 sum(w)=0.968
      linearP cell2: H_fit=0.940 sum(w)=0.956
      dlinear cell0: val NMSE=0.4213  scaler mu=366.49 Mb sd=7.30 Mb
      dlinear cell1: val NMSE=0.3499  scaler mu=382.36 Mb sd=8.64 Mb
      dlinear cell2: val NMSE=0.3123  scaler mu=372.91 Mb sd=6.74 Mb
    (train gen + fit: 7.9s)

linearp
  loss ratio      1.816e-04   (973.225 Mb dropped)
  wasted slots      2.11% avoidable (plan error)     0.00% unavoidable (system empty)
  served          744.0 Mb/s
  backlog         mean    2.575 Mb   p95   10.949   p99   19.261   max   23.699
    cell0        mean    0.848 Mb   p95    4.163   p99    7.598   max    8.389
    cell1        mean    0.877 Mb   p95    4.514   p99    7.629   max    8.389
    cell2        mean    0.850 Mb   p95    4.336   p99    7.493   max    8.211
    worst cell    max    8.389 Mb   imbalance 0.029 Mb
  forecast MASE   0.9178   slot err 3.936 slots/cell/period
  mismatch        deficit 0.2760 Mb / surplus 8.2112 Mb per cell-period
  (37s)

dlinear
  loss ratio      1.999e-04   (1071.141 Mb dropped)
  wasted slots      2.11% avoidable (plan error)     0.00% unavoidable (system empty)
  served          744.0 Mb/s
  backlog         mean    2.596 Mb   p95   10.877   p99   19.010   max   23.699
    cell0        mean    0.770 Mb   p95    3.615   p99    7.416   max    8.389
    cell1        mean    0.753 Mb   p95    3.611   p99    7.439   max    8.389
    cell2        mean    1.073 Mb   p95    5.651   p99    7.706   max    8.212
    worst cell    max    8.389 Mb   imbalance 0.320 Mb
  forecast MASE   0.9501   slot err 4.105 slots/cell/period
  mismatch        deficit 0.2842 Mb / surplus 8.2195 Mb per cell-period
  (36s)
  saved results_alpha/beam760e6/exp1_gran_a1p04/metrics.csv (86 rows)

==============================================================================
[rep 8] sample_dt = 15s   15000 slots/period   576 periods, start=96 (480 decisions = 7200s measured)
  train: 4200 samples = 63000s (17.50h), generated at 15s bins
  H_meas (local Whittle, test window): c0=1.000  c1=1.000  c2=1.000   [nominal 0.98|0.98|0.98]
    cell0: H_est=0.909   m_train=240.1 vs m_test=242.2 Mb/s (-0.9%)
    cell1: H_est=1.000   m_train=259.5 vs m_test=241.9 Mb/s (+7.2%)
    cell2: H_est=1.000   m_train=248.6 vs m_test=259.9 Mb/s (-4.4%)
      linearP cell0: H_fit=0.955 sum(w)=0.968
      linearP cell1: H_fit=0.955 sum(w)=0.968
      linearP cell2: H_fit=0.955 sum(w)=0.968
      dlinear cell0: val NMSE=0.3912  scaler mu=3598.58 Mb sd=63.84 Mb
      dlinear cell1: val NMSE=0.4524  scaler mu=3881.52 Mb sd=89.71 Mb
      dlinear cell2: val NMSE=0.3358  scaler mu=3720.80 Mb sd=80.02 Mb
    (train gen + fit: 77.9s)

linearp
  loss ratio      6.277e-04   (3362.937 Mb dropped)
  wasted slots      2.15% avoidable (plan error)     0.00% unavoidable (system empty)
  served          743.7 Mb/s
  backlog         mean    3.486 Mb   p95   12.268   p99   16.936   max   23.695
    cell0        mean    1.193 Mb   p95    7.175   p99    8.006   max    8.389
    cell1        mean    1.187 Mb   p95    7.227   p99    8.018   max    8.389
    cell2        mean    1.106 Mb   p95    6.929   p99    7.898   max    8.218
    worst cell    max    8.389 Mb   imbalance 0.086 Mb
  forecast MASE   0.9118   slot err 36.753 slots/cell/period
  mismatch        deficit 1.4355 Mb / surplus 80.7881 Mb per cell-period
  (37s)

dlinear
  loss ratio      6.648e-04   (3561.600 Mb dropped)
  wasted slots      2.15% avoidable (plan error)     0.00% unavoidable (system empty)
  served          743.6 Mb/s
  backlog         mean    3.542 Mb   p95   12.384   p99   17.108   max   23.709
    cell0        mean    1.280 Mb   p95    7.391   p99    8.053   max    8.389
    cell1        mean    0.912 Mb   p95    5.706   p99    7.885   max    8.389
    cell2        mean    1.350 Mb   p95    7.428   p99    7.946   max    8.221
    worst cell    max    8.389 Mb   imbalance 0.438 Mb
  forecast MASE   0.9353   slot err 37.948 slots/cell/period
  mismatch        deficit 1.6021 Mb / surplus 80.9548 Mb per cell-period
  (36s)
  saved results_alpha/beam760e6/exp1_gran_a1p04/metrics.csv (88 rows)

==============================================================================
[rep 8] sample_dt = 60s   60000 slots/period   144 periods, start=24 (120 decisions = 7200s measured)
  train: 4200 samples = 252000s (70.00h), generated at 60s bins
  H_meas (local Whittle, test window): c0=1.000  c1=1.000  c2=1.000   [nominal 0.98|0.98|0.98]
    cell0: H_est=1.000   m_train=246.0 vs m_test=242.2 Mb/s (+1.6%)
    cell1: H_est=0.977   m_train=256.9 vs m_test=241.9 Mb/s (+6.2%)
    cell2: H_est=1.000   m_train=244.6 vs m_test=259.9 Mb/s (-5.9%)
      linearP cell0: H_fit=0.975 sum(w)=0.983
      linearP cell1: H_fit=0.960 sum(w)=0.972
      linearP cell2: H_fit=0.955 sum(w)=0.968
      dlinear cell0: val NMSE=0.3116  scaler mu=14675.61 Mb sd=381.49 Mb
      dlinear cell1: val NMSE=0.3991  scaler mu=15478.74 Mb sd=274.97 Mb
      dlinear cell2: val NMSE=0.3261  scaler mu=14737.77 Mb sd=304.26 Mb
    (train gen + fit: 311.2s)

linearp
  loss ratio      8.747e-04   (4686.375 Mb dropped)
  wasted slots      2.17% avoidable (plan error)     0.00% unavoidable (system empty)
  served          743.5 Mb/s
  backlog         mean    3.913 Mb   p95   12.743   p99   16.487   max   23.709
    cell0        mean    1.302 Mb   p95    7.589   p99    8.092   max    8.389
    cell1        mean    1.365 Mb   p95    7.570   p99    8.086   max    8.389
    cell2        mean    1.246 Mb   p95    7.356   p99    7.930   max    8.212
    worst cell    max    8.389 Mb   imbalance 0.120 Mb
  forecast MASE   0.9558   slot err 141.062 slots/cell/period
  mismatch        deficit 3.2261 Mb / surplus 320.6366 Mb per cell-period
  (37s)

dlinear
  loss ratio      8.772e-04   (4699.701 Mb dropped)
  wasted slots      2.17% avoidable (plan error)     0.00% unavoidable (system empty)
  served          743.5 Mb/s
  backlog         mean    3.913 Mb   p95   12.808   p99   16.570   max   23.709
    cell0        mean    1.333 Mb   p95    7.601   p99    8.091   max    8.389
    cell1        mean    1.148 Mb   p95    7.141   p99    8.038   max    8.389
    cell2        mean    1.432 Mb   p95    7.532   p99    8.017   max    8.218
    worst cell    max    8.389 Mb   imbalance 0.284 Mb
  forecast MASE   0.9556   slot err 141.782 slots/cell/period
  mismatch        deficit 3.2286 Mb / surplus 320.6390 Mb per cell-period
  (36s)
  saved results_alpha/beam760e6/exp1_gran_a1p04/metrics.csv (90 rows)

replicate 8 done in 854s

##############################################################################
REPLICATE 9   test seeds [128, 129, 130]   train seeds [500128, 500129, 500130]
test traffic generated in 17.7s   offered 750.6 Mb/s   rho = 0.988

==============================================================================
[rep 9] sample_dt = 0.015s   15 slots/period   576000 periods, start=96000 (480000 decisions = 7200s measured)
  train: 4200 samples = 63s (0.02h), generated at 0.015s bins
  H_meas (local Whittle, test window): c0=0.977  c1=0.984  c2=1.000   [nominal 0.98|0.98|0.98]
    cell0: H_est=0.980   m_train=250.4 vs m_test=252.2 Mb/s (-0.7%)
    cell1: H_est=0.964   m_train=258.9 vs m_test=243.0 Mb/s (+6.5%)
    cell2: H_est=0.982   m_train=256.9 vs m_test=255.4 Mb/s (+0.6%)
      linearP cell0: H_fit=0.985 sum(w)=0.990
      linearP cell1: H_fit=0.955 sum(w)=0.968
      linearP cell2: H_fit=0.990 sum(w)=0.994
      dlinear cell0: val NMSE=0.4291  scaler mu=3.77 Mb sd=0.07 Mb
      dlinear cell1: val NMSE=0.5310  scaler mu=3.89 Mb sd=0.08 Mb
      dlinear cell2: val NMSE=0.4558  scaler mu=3.86 Mb sd=0.08 Mb
    (train gen + fit: 1.1s)

linearp
  loss ratio      6.593e-04   (3563.150 Mb dropped)
  wasted slots      1.30% avoidable (plan error)     0.00% unavoidable (system empty)
  served          750.1 Mb/s
  backlog         mean    4.278 Mb   p95   22.126   p99   23.208   max   23.711
    cell0        mean    1.380 Mb   p95    7.243   p99    7.891   max    8.389
    cell1        mean    1.393 Mb   p95    7.134   p99    7.849   max    8.389
    cell2        mean    1.505 Mb   p95    7.549   p99    8.091   max    8.389
    worst cell    max    8.389 Mb   imbalance 0.125 Mb
  forecast MASE   0.9387   slot err 0.512 slots/cell/period
  mismatch        deficit 0.1743 Mb / surplus 0.2212 Mb per cell-period
  (73s)

dlinear
  loss ratio      6.596e-04   (3564.683 Mb dropped)
  wasted slots      1.30% avoidable (plan error)     0.00% unavoidable (system empty)
  served          750.1 Mb/s
  backlog         mean    4.273 Mb   p95   22.092   p99   23.220   max   23.711
    cell0        mean    1.384 Mb   p95    7.263   p99    7.893   max    8.389
    cell1        mean    1.382 Mb   p95    7.104   p99    7.827   max    8.389
    cell2        mean    1.507 Mb   p95    7.562   p99    8.104   max    8.389
    worst cell    max    8.389 Mb   imbalance 0.126 Mb
  forecast MASE   0.9822   slot err 0.515 slots/cell/period
  mismatch        deficit 0.1753 Mb / surplus 0.2222 Mb per cell-period
  (66s)
  saved results_alpha/beam760e6/exp1_gran_a1p04/metrics.csv (92 rows)

==============================================================================
[rep 9] sample_dt = 0.15s   150 slots/period   57600 periods, start=9600 (48000 decisions = 7200s measured)
  train: 4200 samples = 630s (0.17h), generated at 0.15s bins
  H_meas (local Whittle, test window): c0=0.987  c1=0.999  c2=0.998   [nominal 0.98|0.98|0.98]
    cell0: H_est=1.000   m_train=254.0 vs m_test=252.2 Mb/s (+0.7%)
    cell1: H_est=0.941   m_train=259.7 vs m_test=243.0 Mb/s (+6.8%)
    cell2: H_est=0.992   m_train=258.6 vs m_test=255.4 Mb/s (+1.3%)
      linearP cell0: H_fit=0.965 sum(w)=0.976
      linearP cell1: H_fit=0.940 sum(w)=0.956
      linearP cell2: H_fit=0.975 sum(w)=0.983
      dlinear cell0: val NMSE=0.3088  scaler mu=38.03 Mb sd=0.89 Mb
      dlinear cell1: val NMSE=0.5415  scaler mu=38.98 Mb sd=0.73 Mb
      dlinear cell2: val NMSE=0.4106  scaler mu=38.63 Mb sd=0.75 Mb
    (train gen + fit: 1.7s)

linearp
  loss ratio      6.630e-04   (3583.177 Mb dropped)
  wasted slots      1.30% avoidable (plan error)     0.00% unavoidable (system empty)
  served          750.1 Mb/s
  backlog         mean    4.248 Mb   p95   22.283   p99   23.477   max   23.714
    cell0        mean    1.395 Mb   p95    7.368   p99    8.013   max    8.389
    cell1        mean    1.409 Mb   p95    7.349   p99    8.074   max    8.389
    cell2        mean    1.444 Mb   p95    7.399   p99    8.058   max    8.389
    worst cell    max    8.389 Mb   imbalance 0.049 Mb
  forecast MASE   0.9244   slot err 0.641 slots/cell/period
  mismatch        deficit 0.1422 Mb / surplus 0.6110 Mb per cell-period
  (40s)

dlinear
  loss ratio      6.640e-04   (3588.753 Mb dropped)
  wasted slots      1.30% avoidable (plan error)     0.00% unavoidable (system empty)
  served          750.1 Mb/s
  backlog         mean    4.260 Mb   p95   22.217   p99   23.470   max   23.715
    cell0        mean    1.426 Mb   p95    7.382   p99    8.014   max    8.389
    cell1        mean    1.358 Mb   p95    7.223   p99    8.013   max    8.389
    cell2        mean    1.476 Mb   p95    7.408   p99    8.086   max    8.389
    worst cell    max    8.389 Mb   imbalance 0.118 Mb
  forecast MASE   0.9571   slot err 0.659 slots/cell/period
  mismatch        deficit 0.1454 Mb / surplus 0.6142 Mb per cell-period
  (39s)
  saved results_alpha/beam760e6/exp1_gran_a1p04/metrics.csv (94 rows)

==============================================================================
[rep 9] sample_dt = 1.5s   1500 slots/period   5760 periods, start=960 (4800 decisions = 7200s measured)
  train: 4200 samples = 6300s (1.75h), generated at 1.5s bins
  H_meas (local Whittle, test window): c0=0.987  c1=0.970  c2=0.968   [nominal 0.98|0.98|0.98]
    cell0: H_est=0.980   m_train=253.4 vs m_test=252.2 Mb/s (+0.5%)
    cell1: H_est=1.000   m_train=257.4 vs m_test=243.0 Mb/s (+5.9%)
    cell2: H_est=0.933   m_train=259.7 vs m_test=255.4 Mb/s (+1.7%)
      linearP cell0: H_fit=0.955 sum(w)=0.968
      linearP cell1: H_fit=0.955 sum(w)=0.968
      linearP cell2: H_fit=0.955 sum(w)=0.968
      dlinear cell0: val NMSE=0.4430  scaler mu=378.71 Mb sd=7.00 Mb
      dlinear cell1: val NMSE=0.4080  scaler mu=388.10 Mb sd=7.25 Mb
      dlinear cell2: val NMSE=0.5269  scaler mu=389.15 Mb sd=7.44 Mb
    (train gen + fit: 8.0s)

linearp
  loss ratio      8.726e-04   (4715.995 Mb dropped)
  wasted slots      1.32% avoidable (plan error)     0.00% unavoidable (system empty)
  served          750.0 Mb/s
  backlog         mean    4.970 Mb   p95   19.929   p99   23.239   max   23.714
    cell0        mean    1.632 Mb   p95    7.514   p99    8.105   max    8.389
    cell1        mean    1.697 Mb   p95    7.561   p99    8.122   max    8.389
    cell2        mean    1.641 Mb   p95    7.416   p99    7.962   max    8.389
    worst cell    max    8.389 Mb   imbalance 0.064 Mb
  forecast MASE   0.9222   slot err 4.078 slots/cell/period
  mismatch        deficit 0.7516 Mb / surplus 5.4393 Mb per cell-period
  (37s)

dlinear
  loss ratio      8.735e-04   (4720.647 Mb dropped)
  wasted slots      1.32% avoidable (plan error)     0.00% unavoidable (system empty)
  served          750.0 Mb/s
  backlog         mean    4.988 Mb   p95   19.836   p99   23.248   max   23.716
    cell0        mean    1.742 Mb   p95    7.586   p99    8.131   max    8.389
    cell1        mean    1.640 Mb   p95    7.491   p99    8.111   max    8.389
    cell2        mean    1.605 Mb   p95    7.417   p99    7.976   max    8.389
    worst cell    max    8.389 Mb   imbalance 0.137 Mb
  forecast MASE   0.9349   slot err 4.114 slots/cell/period
  mismatch        deficit 0.7589 Mb / surplus 5.4466 Mb per cell-period
  (36s)
  saved results_alpha/beam760e6/exp1_gran_a1p04/metrics.csv (96 rows)

==============================================================================
[rep 9] sample_dt = 15s   15000 slots/period   576 periods, start=96 (480 decisions = 7200s measured)
  train: 4200 samples = 63000s (17.50h), generated at 15s bins
  H_meas (local Whittle, test window): c0=1.000  c1=0.969  c2=0.993   [nominal 0.98|0.98|0.98]
    cell0: H_est=1.000   m_train=257.4 vs m_test=252.2 Mb/s (+2.1%)
    cell1: H_est=1.000   m_train=251.8 vs m_test=243.0 Mb/s (+3.6%)
    cell2: H_est=0.960   m_train=259.9 vs m_test=255.4 Mb/s (+1.8%)
      linearP cell0: H_fit=0.950 sum(w)=0.964
      linearP cell1: H_fit=0.955 sum(w)=0.968
      linearP cell2: H_fit=0.955 sum(w)=0.968
      dlinear cell0: val NMSE=0.3245  scaler mu=3864.27 Mb sd=77.56 Mb
      dlinear cell1: val NMSE=0.4950  scaler mu=3783.58 Mb sd=81.44 Mb
      dlinear cell2: val NMSE=0.4445  scaler mu=3885.56 Mb sd=71.42 Mb
    (train gen + fit: 73.1s)

linearp
  loss ratio      1.895e-03   (10239.828 Mb dropped)
  wasted slots      1.42% avoidable (plan error)     0.00% unavoidable (system empty)
  served          749.2 Mb/s
  backlog         mean    6.117 Mb   p95   16.423   p99   22.513   max   23.711
    cell0        mean    1.950 Mb   p95    7.858   p99    8.148   max    8.389
    cell1        mean    2.184 Mb   p95    7.875   p99    8.139   max    8.389
    cell2        mean    1.983 Mb   p95    7.782   p99    8.146   max    8.389
    worst cell    max    8.389 Mb   imbalance 0.234 Mb
  forecast MASE   0.9075   slot err 37.571 slots/cell/period
  mismatch        deficit 5.2463 Mb / surplus 52.1236 Mb per cell-period
  (36s)

dlinear
  loss ratio      1.884e-03   (10180.887 Mb dropped)
  wasted slots      1.42% avoidable (plan error)     0.00% unavoidable (system empty)
  served          749.2 Mb/s
  backlog         mean    6.125 Mb   p95   16.351   p99   22.582   max   23.710
    cell0        mean    2.040 Mb   p95    7.882   p99    8.151   max    8.389
    cell1        mean    1.897 Mb   p95    7.815   p99    8.133   max    8.389
    cell2        mean    2.188 Mb   p95    7.875   p99    8.151   max    8.389
    worst cell    max    8.389 Mb   imbalance 0.291 Mb
  forecast MASE   0.9264   slot err 38.190 slots/cell/period
  mismatch        deficit 5.2471 Mb / surplus 52.1244 Mb per cell-period
  (36s)
  saved results_alpha/beam760e6/exp1_gran_a1p04/metrics.csv (98 rows)

==============================================================================
[rep 9] sample_dt = 60s   60000 slots/period   144 periods, start=24 (120 decisions = 7200s measured)
  train: 4200 samples = 252000s (70.00h), generated at 60s bins
  H_meas (local Whittle, test window): c0=0.947  c1=0.971  c2=0.908   [nominal 0.98|0.98|0.98]
    cell0: H_est=0.908   m_train=254.5 vs m_test=252.2 Mb/s (+0.9%)
    cell1: H_est=0.997   m_train=251.9 vs m_test=243.0 Mb/s (+3.6%)
    cell2: H_est=0.976   m_train=254.7 vs m_test=255.4 Mb/s (-0.2%)
      linearP cell0: H_fit=0.950 sum(w)=0.964
      linearP cell1: H_fit=0.955 sum(w)=0.968
      linearP cell2: H_fit=0.955 sum(w)=0.968
      dlinear cell0: val NMSE=0.4721  scaler mu=15305.66 Mb sd=251.51 Mb
      dlinear cell1: val NMSE=0.3616  scaler mu=15072.65 Mb sd=320.30 Mb
      dlinear cell2: val NMSE=0.3628  scaler mu=15278.41 Mb sd=293.03 Mb
    (train gen + fit: 317.0s)

linearp
  loss ratio      2.366e-03   (12785.104 Mb dropped)
  wasted slots      1.47% avoidable (plan error)     0.00% unavoidable (system empty)
  served          748.8 Mb/s
  backlog         mean    6.499 Mb   p95   16.049   p99   22.092   max   23.707
    cell0        mean    2.036 Mb   p95    7.885   p99    8.149   max    8.389
    cell1        mean    2.409 Mb   p95    7.890   p99    8.141   max    8.389
    cell2        mean    2.054 Mb   p95    7.865   p99    8.153   max    8.389
    worst cell    max    8.389 Mb   imbalance 0.373 Mb
  forecast MASE   0.9039   slot err 140.750 slots/cell/period
  mismatch        deficit 17.3495 Mb / surplus 204.8585 Mb per cell-period
  (36s)

dlinear
  loss ratio      2.346e-03   (12678.246 Mb dropped)
  wasted slots      1.47% avoidable (plan error)     0.00% unavoidable (system empty)
  served          748.9 Mb/s
  backlog         mean    6.499 Mb   p95   16.050   p99   22.033   max   23.709
    cell0        mean    2.021 Mb   p95    7.885   p99    8.150   max    8.389
    cell1        mean    2.260 Mb   p95    7.884   p99    8.139   max    8.389
    cell2        mean    2.219 Mb   p95    7.888   p99    8.155   max    8.389
    worst cell    max    8.389 Mb   imbalance 0.239 Mb
  forecast MASE   0.9067   slot err 139.573 slots/cell/period
  mismatch        deficit 17.1828 Mb / surplus 204.6918 Mb per cell-period
  (37s)
  saved results_alpha/beam760e6/exp1_gran_a1p04/metrics.csv (100 rows)

replicate 9 done in 855s


per-replicate summary -- loss ratio and mean backlog:
  sample_dt=0.015s  dlinear: 3.87e-03 / 8.05Mb   linearp: 3.87e-03 / 8.06Mb
  sample_dt=0.15s  dlinear: 3.87e-03 / 8.04Mb   linearp: 3.87e-03 / 8.07Mb
  sample_dt=1.5s  dlinear: 4.02e-03 / 8.06Mb   linearp: 4.00e-03 / 8.10Mb
  sample_dt=15s  dlinear: 4.71e-03 / 8.19Mb   linearp: 4.66e-03 / 8.21Mb
  sample_dt=60s  dlinear: 5.02e-03 / 8.29Mb   linearp: 4.98e-03 / 8.30Mb
pooled over R = 10 replicates (3 test + 3 train seeds each)
alpha = 1.04   H = 0.980|0.980|0.980
test 2h/replicate   500 sources/cell   fixed split 1|1|1   beam 760 Mb/s   buffer 1 MiB
mean +/- SE of the mean; SE = sd/sqrt(R)

========================================================================
sample_dt = 0.015s   decisions/replicate = 480000
  metric                             linearp           dlinear
  loss_ratio               3.868e-03+/-2e-03 3.868e-03+/-2e-03
  backlog_mean_Mb          8.059e+00+/-3e+00 8.053e+00+/-3e+00
  backlog_sd_Mb            4.676e+00+/-1e+00 4.669e+00+/-1e+00
  backlog_p95_Mb           1.329e+01+/-3e+00 1.328e+01+/-3e+00
  backlog_p99_Mb           1.679e+01+/-3e+00 1.679e+01+/-3e+00
  backlog_max_Mb           2.191e+01+/-1e+00 2.188e+01+/-1e+00
  backlog_max_cell_Mb      7.895e+00+/-4e-01 7.908e+00+/-3e-01
  backlog_mean_cell_max_Mb 2.778e+00+/-9e-01 2.780e+00+/-9e-01
  backlog_imbalance_Mb     1.689e-01+/-4e-02 1.750e-01+/-5e-02
  waste_avoidable_pct      1.609e+00+/-4e-01 1.609e+00+/-4e-01
  served_Mbps              7.478e+02+/-3e+00 7.478e+02+/-3e+00
  forecast_mase            9.380e-01+/-2e-04 1.000e+00+/-2e-02
  forecast_mase_eq         9.380e-01+/-2e-04 1.000e+00+/-2e-02
  forecast_mase_worst      9.386e-01+/-2e-04 1.091e+00+/-6e-02
  forecast_sd_ratio        9.172e-01+/-2e-03 8.704e-01+/-5e-03
  forecast_sd_ratio_eq     9.167e-01+/-2e-03 8.699e-01+/-5e-03
  slot_err                 4.824e-01+/-2e-02 4.839e-01+/-2e-02
  deficit_Mb_per_period    1.662e-01+/-5e-03 1.668e-01+/-5e-03
  surplus_Mb_per_period    2.125e-01+/-2e-02 2.131e-01+/-2e-02
  backlog_max_c0_Mb        7.730e+00+/-4e-01 7.705e+00+/-4e-01
  backlog_max_c1_Mb        7.798e+00+/-4e-01 7.803e+00+/-4e-01
  backlog_max_c2_Mb        7.883e+00+/-4e-01 7.881e+00+/-4e-01
  backlog_mean_c0_Mb       2.611e+00+/-8e-01 2.606e+00+/-8e-01
  backlog_mean_c1_Mb       2.688e+00+/-9e-01 2.684e+00+/-9e-01
  backlog_mean_c2_Mb       2.760e+00+/-9e-01 2.762e+00+/-9e-01
  backlog_p95_c0_Mb        4.536e+00+/-1e+00 4.535e+00+/-1e+00
  backlog_p95_c1_Mb        4.600e+00+/-1e+00 4.590e+00+/-1e+00
  backlog_p95_c2_Mb        4.729e+00+/-1e+00 4.731e+00+/-1e+00
  backlog_p99_c0_Mb        5.714e+00+/-1e+00 5.717e+00+/-1e+00
  backlog_p99_c1_Mb        5.769e+00+/-1e+00 5.770e+00+/-1e+00
  backlog_p99_c2_Mb        5.905e+00+/-1e+00 5.910e+00+/-1e+00
  backlog_sd_c0_Mb         1.588e+00+/-3e-01 1.587e+00+/-3e-01
  backlog_sd_c1_Mb         1.605e+00+/-3e-01 1.603e+00+/-3e-01
  backlog_sd_c2_Mb         1.630e+00+/-3e-01 1.628e+00+/-3e-01
  forecast_mase_c0         9.381e-01+/-2e-04 9.533e-01+/-7e-03
  forecast_mase_c1         9.381e-01+/-3e-04 1.042e+00+/-5e-02
  forecast_mase_c2         9.380e-01+/-2e-04 1.004e+00+/-4e-02
  forecast_sd_ratio_c0     9.171e-01+/-2e-03 8.748e-01+/-8e-03
  forecast_sd_ratio_c1     9.154e-01+/-4e-03 8.673e-01+/-8e-03
  forecast_sd_ratio_c2     9.176e-01+/-4e-03 8.676e-01+/-7e-03
  slot_err_c0              4.932e-01+/-2e-02 4.966e-01+/-2e-02
  slot_err_c1              4.653e-01+/-2e-02 4.647e-01+/-2e-02
  slot_err_c2              4.888e-01+/-2e-02 4.904e-01+/-2e-02

  PAIRED (same seeds; negative = first policy better).  t-interval at 95%
    dmax_cell[linearp-dlinear] = -0.0133 +/- 0.0201 Mb   linearp better in 2/10
    dimbalance[linearp-dlinear] = -0.0061 +/- 0.0088 Mb   linearp better in 7/10
    dmax[linearp-dlinear] = +0.0366 +/- 0.0669 Mb   linearp better in 4/10
    dmean[linearp-dlinear] = +0.0060 +/- 0.0082 Mb   linearp better in 2/10
  * dmase[linearp-dlinear] = -0.0623 +/- 0.0537    linearp better in 10/10
  * dmase_eq[linearp-dlinear] = -0.0620 +/- 0.0533    linearp better in 10/10
  * dmase_worst[linearp-dlinear] = -0.1524 +/- 0.1371    linearp better in 10/10
  * dsd_ratio[linearp-dlinear] = +0.0468 +/- 0.0093    linearp better in 0/10
  * dsd_ratio_eq[linearp-dlinear] = +0.0468 +/- 0.0096    linearp better in 0/10
    loss[linearp]/loss[dlinear] = 0.998 (x/ 1.002)   linearp better in 5/8

========================================================================
sample_dt = 0.15s   decisions/replicate = 48000
  metric                             linearp           dlinear
  loss_ratio               3.870e-03+/-2e-03 3.871e-03+/-2e-03
  backlog_mean_Mb          8.066e+00+/-3e+00 8.040e+00+/-3e+00
  backlog_sd_Mb            4.747e+00+/-1e+00 4.733e+00+/-1e+00
  backlog_p95_Mb           1.341e+01+/-3e+00 1.342e+01+/-3e+00
  backlog_p99_Mb           1.696e+01+/-3e+00 1.693e+01+/-3e+00
  backlog_max_Mb           2.205e+01+/-1e+00 2.212e+01+/-1e+00
  backlog_max_cell_Mb      7.942e+00+/-3e-01 7.963e+00+/-3e-01
  backlog_mean_cell_max_Mb 2.730e+00+/-9e-01 2.755e+00+/-9e-01
  backlog_imbalance_Mb     7.821e-02+/-2e-02 1.410e-01+/-4e-02
  waste_avoidable_pct      1.609e+00+/-4e-01 1.609e+00+/-4e-01
  served_Mbps              7.478e+02+/-3e+00 7.478e+02+/-3e+00
  forecast_mase            9.262e-01+/-4e-04 9.861e-01+/-3e-02
  forecast_mase_eq         9.262e-01+/-4e-04 9.861e-01+/-3e-02
  forecast_mase_worst      9.275e-01+/-4e-04 1.077e+00+/-8e-02
  forecast_sd_ratio        8.803e-01+/-2e-03 8.496e-01+/-2e-03
  forecast_sd_ratio_eq     8.795e-01+/-2e-03 8.485e-01+/-2e-03
  slot_err                 6.202e-01+/-1e-02 6.426e-01+/-2e-02
  deficit_Mb_per_period    2.331e-01+/-8e-02 2.365e-01+/-8e-02
  surplus_Mb_per_period    6.961e-01+/-1e-01 6.995e-01+/-1e-01
  backlog_max_c0_Mb        7.825e+00+/-4e-01 7.863e+00+/-4e-01
  backlog_max_c1_Mb        7.903e+00+/-3e-01 7.882e+00+/-4e-01
  backlog_max_c2_Mb        7.869e+00+/-4e-01 7.885e+00+/-4e-01
  backlog_mean_c0_Mb       2.669e+00+/-9e-01 2.641e+00+/-8e-01
  backlog_mean_c1_Mb       2.692e+00+/-9e-01 2.671e+00+/-9e-01
  backlog_mean_c2_Mb       2.704e+00+/-9e-01 2.728e+00+/-9e-01
  backlog_p95_c0_Mb        4.679e+00+/-1e+00 4.675e+00+/-1e+00
  backlog_p95_c1_Mb        4.680e+00+/-1e+00 4.630e+00+/-1e+00
  backlog_p95_c2_Mb        4.675e+00+/-1e+00 4.717e+00+/-1e+00
  backlog_p99_c0_Mb        5.901e+00+/-1e+00 5.886e+00+/-1e+00
  backlog_p99_c1_Mb        5.902e+00+/-1e+00 5.859e+00+/-1e+00
  backlog_p99_c2_Mb        5.892e+00+/-1e+00 5.910e+00+/-1e+00
  backlog_sd_c0_Mb         1.628e+00+/-4e-01 1.632e+00+/-4e-01
  backlog_sd_c1_Mb         1.627e+00+/-4e-01 1.616e+00+/-4e-01
  backlog_sd_c2_Mb         1.637e+00+/-4e-01 1.634e+00+/-3e-01
  forecast_mase_c0         9.260e-01+/-6e-04 9.313e-01+/-2e-03
  forecast_mase_c1         9.268e-01+/-4e-04 9.942e-01+/-2e-02
  forecast_mase_c2         9.260e-01+/-6e-04 1.033e+00+/-8e-02
  forecast_sd_ratio_c0     8.820e-01+/-3e-03 8.626e-01+/-5e-03
  forecast_sd_ratio_c1     8.750e-01+/-4e-03 8.384e-01+/-7e-03
  forecast_sd_ratio_c2     8.814e-01+/-5e-03 8.446e-01+/-8e-03
  slot_err_c0              6.204e-01+/-1e-02 6.363e-01+/-2e-02
  slot_err_c1              6.165e-01+/-1e-02 6.359e-01+/-1e-02
  slot_err_c2              6.236e-01+/-1e-02 6.557e-01+/-2e-02

  PAIRED (same seeds; negative = first policy better).  t-interval at 95%
    dmax_cell[linearp-dlinear] = -0.0209 +/- 0.0748 Mb   linearp better in 1/10
    dimbalance[linearp-dlinear] = -0.0628 +/- 0.0640 Mb   linearp better in 7/10
    dmax[linearp-dlinear] = -0.0754 +/- 0.1706 Mb   linearp better in 4/10
    dmean[linearp-dlinear] = +0.0260 +/- 0.0469 Mb   linearp better in 4/10
    dmase[linearp-dlinear] = -0.0599 +/- 0.0699    linearp better in 10/10
    dmase_eq[linearp-dlinear] = -0.0599 +/- 0.0703    linearp better in 10/10
    dmase_worst[linearp-dlinear] = -0.1500 +/- 0.1839    linearp better in 10/10
  * dsd_ratio[linearp-dlinear] = +0.0307 +/- 0.0056    linearp better in 0/10
  * dsd_ratio_eq[linearp-dlinear] = +0.0309 +/- 0.0054    linearp better in 0/10
    loss[linearp]/loss[dlinear] = 0.996 (x/ 1.002)   linearp better in 7/8

========================================================================
sample_dt = 1.5s   decisions/replicate = 4800
  metric                             linearp           dlinear
  loss_ratio               3.995e-03+/-2e-03 4.019e-03+/-2e-03
  backlog_mean_Mb          8.102e+00+/-2e+00 8.061e+00+/-2e+00
  backlog_sd_Mb            4.486e+00+/-9e-01 4.468e+00+/-9e-01
  backlog_p95_Mb           1.414e+01+/-3e+00 1.419e+01+/-3e+00
  backlog_p99_Mb           1.733e+01+/-3e+00 1.732e+01+/-2e+00
  backlog_max_Mb           2.239e+01+/-9e-01 2.233e+01+/-1e+00
  backlog_max_cell_Mb      8.368e+00+/-2e-02 8.368e+00+/-2e-02
  backlog_mean_cell_max_Mb 2.739e+00+/-8e-01 2.888e+00+/-9e-01
  backlog_imbalance_Mb     6.891e-02+/-1e-02 3.962e-01+/-1e-01
  waste_avoidable_pct      1.621e+00+/-4e-01 1.624e+00+/-4e-01
  served_Mbps              7.477e+02+/-3e+00 7.477e+02+/-3e+00
  forecast_mase            9.205e-01+/-6e-04 9.689e-01+/-2e-02
  forecast_mase_eq         9.205e-01+/-6e-04 9.687e-01+/-2e-02
  forecast_mase_worst      9.243e-01+/-1e-03 1.032e+00+/-4e-02
  forecast_sd_ratio        8.448e-01+/-3e-03 8.228e-01+/-3e-03
  forecast_sd_ratio_eq     8.432e-01+/-3e-03 8.213e-01+/-4e-03
  slot_err                 3.920e+00+/-2e-02 4.086e+00+/-7e-02
  deficit_Mb_per_period    1.827e+00+/-7e-01 1.843e+00+/-7e-01
  surplus_Mb_per_period    6.456e+00+/-2e+00 6.473e+00+/-2e+00
  backlog_max_c0_Mb        8.367e+00+/-2e-02 8.366e+00+/-2e-02
  backlog_max_c1_Mb        8.368e+00+/-2e-02 8.368e+00+/-2e-02
  backlog_max_c2_Mb        8.185e+00+/-1e-01 8.226e+00+/-1e-01
  backlog_mean_c0_Mb       2.698e+00+/-8e-01 2.557e+00+/-7e-01
  backlog_mean_c1_Mb       2.715e+00+/-8e-01 2.726e+00+/-9e-01
  backlog_mean_c2_Mb       2.689e+00+/-8e-01 2.778e+00+/-9e-01
  backlog_p95_c0_Mb        5.024e+00+/-1e+00 5.098e+00+/-1e+00
  backlog_p95_c1_Mb        5.084e+00+/-1e+00 4.905e+00+/-1e+00
  backlog_p95_c2_Mb        4.980e+00+/-1e+00 5.165e+00+/-1e+00
  backlog_p99_c0_Mb        6.555e+00+/-8e-01 6.520e+00+/-8e-01
  backlog_p99_c1_Mb        6.518e+00+/-8e-01 6.485e+00+/-8e-01
  backlog_p99_c2_Mb        6.387e+00+/-8e-01 6.376e+00+/-9e-01
  backlog_sd_c0_Mb         1.758e+00+/-3e-01 1.843e+00+/-3e-01
  backlog_sd_c1_Mb         1.761e+00+/-3e-01 1.700e+00+/-3e-01
  backlog_sd_c2_Mb         1.736e+00+/-3e-01 1.720e+00+/-3e-01
  forecast_mase_c0         9.198e-01+/-1e-03 9.313e-01+/-6e-03
  forecast_mase_c1         9.197e-01+/-2e-03 9.938e-01+/-3e-02
  forecast_mase_c2         9.220e-01+/-2e-03 9.809e-01+/-4e-02
  forecast_sd_ratio_c0     8.458e-01+/-6e-03 8.284e-01+/-6e-03
  forecast_sd_ratio_c1     8.421e-01+/-6e-03 8.214e-01+/-7e-03
  forecast_sd_ratio_c2     8.416e-01+/-6e-03 8.139e-01+/-8e-03
  slot_err_c0              3.909e+00+/-3e-02 4.099e+00+/-1e-01
  slot_err_c1              3.938e+00+/-3e-02 4.117e+00+/-7e-02
  slot_err_c2              3.913e+00+/-2e-02 4.042e+00+/-7e-02

  PAIRED (same seeds; negative = first policy better).  t-interval at 95%
    dmax_cell[linearp-dlinear] = +0.0000 +/- 0.0000 Mb   linearp better in 0/10
  * dimbalance[linearp-dlinear] = -0.3273 +/- 0.3025 Mb   linearp better in 8/10
    dmax[linearp-dlinear] = +0.0576 +/- 0.2621 Mb   linearp better in 5/10
    dmean[linearp-dlinear] = +0.0408 +/- 0.1031 Mb   linearp better in 7/10
  * dmase[linearp-dlinear] = -0.0483 +/- 0.0482    linearp better in 10/10
  * dmase_eq[linearp-dlinear] = -0.0482 +/- 0.0481    linearp better in 10/10
  * dmase_worst[linearp-dlinear] = -0.1074 +/- 0.0994    linearp better in 10/10
  * dsd_ratio[linearp-dlinear] = +0.0220 +/- 0.0089    linearp better in 0/10
  * dsd_ratio_eq[linearp-dlinear] = +0.0219 +/- 0.0087    linearp better in 0/10
    loss[linearp]/loss[dlinear] = 0.967 (x/ 1.021)   linearp better in 9/10

========================================================================
sample_dt = 15s   decisions/replicate = 480
  metric                             linearp           dlinear
  loss_ratio               4.658e-03+/-2e-03 4.709e-03+/-2e-03
  backlog_mean_Mb          8.212e+00+/-2e+00 8.192e+00+/-2e+00
  backlog_sd_Mb            4.333e+00+/-6e-01 4.340e+00+/-6e-01
  backlog_p95_Mb           1.508e+01+/-3e+00 1.516e+01+/-2e+00
  backlog_p99_Mb           1.785e+01+/-2e+00 1.789e+01+/-2e+00
  backlog_max_Mb           2.223e+01+/-1e+00 2.222e+01+/-1e+00
  backlog_max_cell_Mb      8.389e+00+/-6e-16 8.389e+00+/-6e-16
  backlog_mean_cell_max_Mb 2.795e+00+/-8e-01 3.022e+00+/-8e-01
  backlog_imbalance_Mb     1.028e-01+/-2e-02 5.750e-01+/-2e-01
  waste_avoidable_pct      1.687e+00+/-4e-01 1.693e+00+/-4e-01
  served_Mbps              7.472e+02+/-3e+00 7.471e+02+/-3e+00
  forecast_mase            9.154e-01+/-3e-03 9.535e-01+/-1e-02
  forecast_mase_eq         9.154e-01+/-3e-03 9.536e-01+/-1e-02
  forecast_mase_worst      9.291e-01+/-4e-03 1.011e+00+/-2e-02
  forecast_sd_ratio        8.023e-01+/-5e-03 7.844e-01+/-5e-03
  forecast_sd_ratio_eq     7.988e-01+/-5e-03 7.813e-01+/-5e-03
  slot_err                 3.628e+01+/-5e-01 3.790e+01+/-5e-01
  deficit_Mb_per_period    1.664e+01+/-7e+00 1.684e+01+/-7e+00
  surplus_Mb_per_period    6.294e+01+/-2e+01 6.314e+01+/-2e+01
  backlog_max_c0_Mb        8.389e+00+/-6e-16 8.389e+00+/-6e-16
  backlog_max_c1_Mb        8.389e+00+/-6e-16 8.389e+00+/-6e-16
  backlog_max_c2_Mb        8.320e+00+/-3e-02 8.338e+00+/-3e-02
  backlog_mean_c0_Mb       2.728e+00+/-7e-01 2.579e+00+/-7e-01
  backlog_mean_c1_Mb       2.774e+00+/-8e-01 2.748e+00+/-8e-01
  backlog_mean_c2_Mb       2.710e+00+/-8e-01 2.865e+00+/-8e-01
  backlog_p95_c0_Mb        5.873e+00+/-9e-01 6.008e+00+/-1e+00
  backlog_p95_c1_Mb        5.935e+00+/-9e-01 5.683e+00+/-9e-01
  backlog_p95_c2_Mb        5.787e+00+/-1e+00 5.888e+00+/-1e+00
  backlog_p99_c0_Mb        7.801e+00+/-2e-01 7.748e+00+/-2e-01
  backlog_p99_c1_Mb        7.732e+00+/-2e-01 7.742e+00+/-2e-01
  backlog_p99_c2_Mb        7.553e+00+/-4e-01 7.498e+00+/-5e-01
  backlog_sd_c0_Mb         2.162e+00+/-3e-01 2.268e+00+/-3e-01
  backlog_sd_c1_Mb         2.168e+00+/-3e-01 2.076e+00+/-3e-01
  backlog_sd_c2_Mb         2.115e+00+/-3e-01 2.099e+00+/-3e-01
  forecast_mase_c0         9.165e-01+/-7e-03 9.314e-01+/-1e-02
  forecast_mase_c1         9.150e-01+/-5e-03 9.666e-01+/-2e-02
  forecast_mase_c2         9.148e-01+/-4e-03 9.627e-01+/-3e-02
  forecast_sd_ratio_c0     8.060e-01+/-6e-03 7.911e-01+/-1e-02
  forecast_sd_ratio_c1     7.949e-01+/-1e-02 7.778e-01+/-9e-03
  forecast_sd_ratio_c2     7.955e-01+/-9e-03 7.749e-01+/-9e-03
  slot_err_c0              3.601e+01+/-4e-01 3.752e+01+/-8e-01
  slot_err_c1              3.629e+01+/-6e-01 3.824e+01+/-8e-01
  slot_err_c2              3.653e+01+/-6e-01 3.796e+01+/-7e-01

  PAIRED (same seeds; negative = first policy better).  t-interval at 95%
    dmax_cell[linearp-dlinear] = +0.0000 +/- 0.0000 Mb   linearp better in 0/10
  * dimbalance[linearp-dlinear] = -0.4723 +/- 0.3511 Mb   linearp better in 10/10
    dmax[linearp-dlinear] = +0.0130 +/- 0.0516 Mb   linearp better in 5/10
    dmean[linearp-dlinear] = +0.0197 +/- 0.0782 Mb   linearp better in 7/10
  * dmase[linearp-dlinear] = -0.0382 +/- 0.0269    linearp better in 10/10
  * dmase_eq[linearp-dlinear] = -0.0382 +/- 0.0270    linearp better in 10/10
  * dmase_worst[linearp-dlinear] = -0.0817 +/- 0.0594    linearp better in 10/10
  * dsd_ratio[linearp-dlinear] = +0.0178 +/- 0.0095    linearp better in 2/10
  * dsd_ratio_eq[linearp-dlinear] = +0.0175 +/- 0.0091    linearp better in 2/10
    loss[linearp]/loss[dlinear] = 0.967 (x/ 1.014)   linearp better in 8/10

========================================================================
sample_dt = 60s   decisions/replicate = 120
  metric                             linearp           dlinear
  loss_ratio               4.976e-03+/-2e-03 5.022e-03+/-2e-03
  backlog_mean_Mb          8.302e+00+/-2e+00 8.288e+00+/-2e+00
  backlog_sd_Mb            4.327e+00+/-5e-01 4.330e+00+/-5e-01
  backlog_p95_Mb           1.553e+01+/-2e+00 1.557e+01+/-2e+00
  backlog_p99_Mb           1.788e+01+/-2e+00 1.790e+01+/-2e+00
  backlog_max_Mb           2.204e+01+/-9e-01 2.222e+01+/-1e+00
  backlog_max_cell_Mb      8.389e+00+/-6e-16 8.389e+00+/-6e-16
  backlog_mean_cell_max_Mb 2.875e+00+/-7e-01 3.018e+00+/-8e-01
  backlog_imbalance_Mb     1.939e-01+/-4e-02 4.995e-01+/-2e-01
  waste_avoidable_pct      1.719e+00+/-4e-01 1.724e+00+/-4e-01
  served_Mbps              7.469e+02+/-3e+00 7.469e+02+/-3e+00
  forecast_mase            9.219e-01+/-1e-02 9.660e-01+/-3e-02
  forecast_mase_eq         9.223e-01+/-1e-02 9.671e-01+/-3e-02
  forecast_mase_worst      9.484e-01+/-1e-02 1.053e+00+/-6e-02
  forecast_sd_ratio        7.507e-01+/-1e-02 7.509e-01+/-9e-03
  forecast_sd_ratio_eq     7.460e-01+/-1e-02 7.467e-01+/-9e-03
  slot_err                 1.414e+02+/-2e+00 1.475e+02+/-3e+00
  deficit_Mb_per_period    6.374e+01+/-3e+01 6.436e+01+/-3e+01
  surplus_Mb_per_period    2.489e+02+/-6e+01 2.495e+02+/-6e+01
  backlog_max_c0_Mb        8.389e+00+/-6e-16 8.389e+00+/-6e-16
  backlog_max_c1_Mb        8.389e+00+/-6e-16 8.389e+00+/-6e-16
  backlog_max_c2_Mb        8.302e+00+/-3e-02 8.303e+00+/-3e-02
  backlog_mean_c0_Mb       2.740e+00+/-7e-01 2.616e+00+/-6e-01
  backlog_mean_c1_Mb       2.838e+00+/-7e-01 2.817e+00+/-7e-01
  backlog_mean_c2_Mb       2.724e+00+/-7e-01 2.855e+00+/-8e-01
  backlog_p95_c0_Mb        6.302e+00+/-8e-01 6.265e+00+/-9e-01
  backlog_p95_c1_Mb        6.282e+00+/-8e-01 6.319e+00+/-8e-01
  backlog_p95_c2_Mb        6.133e+00+/-9e-01 6.051e+00+/-1e+00
  backlog_p99_c0_Mb        8.010e+00+/-9e-02 7.949e+00+/-1e-01
  backlog_p99_c1_Mb        7.968e+00+/-1e-01 7.966e+00+/-8e-02
  backlog_p99_c2_Mb        7.833e+00+/-2e-01 7.846e+00+/-2e-01
  backlog_sd_c0_Mb         2.307e+00+/-3e-01 2.363e+00+/-3e-01
  backlog_sd_c1_Mb         2.294e+00+/-3e-01 2.266e+00+/-3e-01
  backlog_sd_c2_Mb         2.266e+00+/-3e-01 2.219e+00+/-3e-01
  forecast_mase_c0         9.284e-01+/-1e-02 9.329e-01+/-9e-03
  forecast_mase_c1         9.313e-01+/-1e-02 9.899e-01+/-4e-02
  forecast_mase_c2         9.073e-01+/-1e-02 9.785e-01+/-7e-02
  forecast_sd_ratio_c0     7.586e-01+/-1e-02 7.534e-01+/-1e-02
  forecast_sd_ratio_c1     7.445e-01+/-2e-02 7.409e-01+/-1e-02
  forecast_sd_ratio_c2     7.349e-01+/-1e-02 7.458e-01+/-1e-02
  slot_err_c0              1.377e+02+/-3e+00 1.423e+02+/-4e+00
  slot_err_c1              1.453e+02+/-3e+00 1.524e+02+/-5e+00
  slot_err_c2              1.412e+02+/-2e+00 1.479e+02+/-4e+00

  PAIRED (same seeds; negative = first policy better).  t-interval at 95%
    dmax_cell[linearp-dlinear] = +0.0000 +/- 0.0000 Mb   linearp better in 0/10
    dimbalance[linearp-dlinear] = -0.3056 +/- 0.3650 Mb   linearp better in 7/10
    dmax[linearp-dlinear] = -0.1762 +/- 0.5682 Mb   linearp better in 5/10
    dmean[linearp-dlinear] = +0.0142 +/- 0.0740 Mb   linearp better in 4/10
    dmase[linearp-dlinear] = -0.0441 +/- 0.0508    linearp better in 8/10
    dmase_eq[linearp-dlinear] = -0.0448 +/- 0.0514    linearp better in 8/10
    dmase_worst[linearp-dlinear] = -0.1045 +/- 0.1264    linearp better in 8/10
    dsd_ratio[linearp-dlinear] = -0.0002 +/- 0.0081    linearp better in 6/10
    dsd_ratio_eq[linearp-dlinear] = -0.0007 +/- 0.0064    linearp better in 6/10
    loss[linearp]/loss[dlinear] = 0.989 (x/ 1.013)   linearp better in 6/10
granularity_study.py:1132: UserWarning: Creating legend with loc="best" can be slow with large amounts of data.
  fig.tight_layout()
granularity_study.py:1133: UserWarning: Creating legend with loc="best" can be slow with large amounts of data.
  fig.savefig(f"{args.out_dir}/backlog_{tag}_{k}.png", dpi=120)

  saved results_alpha/beam760e6/exp1_gran_a1p04/summary_pooled.txt
  saved results_alpha/beam760e6/exp1_gran_a1p04/pooled.csv

total 8581s
